location,cutoff_date,forecast_date,forecast_week,horizon,forecast,predicted,predicted_q05,predicted_q25,predicted_q50,predicted_q75,predicted_q95,reference_date,target_end_date,model_family
01,2025-10-04,2025-10-11,1,1,18.75316888536073,18.75316888536073,7.217708837587287,12.284859212681347,18.75316888536073,25.22147855804011,30.28862893313417,2025-10-04,2025-10-11,mlf_lightgbm
01,2025-10-04,2025-10-18,2,2,17.980299342656785,17.980299342656785,9.221993952595945,11.384841971369983,17.980299342656785,24.575756713943587,26.738604732717626,2025-10-04,2025-10-18,mlf_lightgbm
01,2025-10-04,2025-10-25,3,3,17.692234410183374,17.692234410183374,5.838084090235317,13.160364063804858,17.692234410183374,22.224104756561893,29.546384730131432,2025-10-04,2025-10-25,mlf_lightgbm
01,2025-10-04,2025-11-01,4,4,18.060975693822108,18.060975693822108,8.233290104648837,12.026389745525968,18.060975693822108,24.09556164211825,27.888661282995376,2025-10-04,2025-11-01,mlf_lightgbm
02,2025-10-04,2025-10-11,1,1,2.2671705207867436,2.2671705207867436,0.0,0.0,2.2671705207867436,6.410368295736101,11.104602886701743,2025-10-04,2025-10-11,mlf_lightgbm
02,2025-10-04,2025-10-18,2,2,2.2914773703197606,2.2914773703197606,0.0,0.9721538024226097,2.2914773703197606,3.6108009382169115,5.935338654857548,2025-10-04,2025-10-18,mlf_lightgbm
02,2025-10-04,2025-10-25,3,3,2.0392932637058503,2.0392932637058503,0.0,1.4025897971505878,2.0392932637058503,2.6759967302611125,5.930893909967165,2025-10-04,2025-10-25,mlf_lightgbm
02,2025-10-04,2025-11-01,4,4,2.0392932637058503,2.0392932637058503,0.0,1.4148062009472213,2.0392932637058503,2.6637803264644795,5.743679197142386,2025-10-04,2025-11-01,mlf_lightgbm
04,2025-10-04,2025-10-11,1,1,17.826489990335176,17.826489990335176,6.482578285664369,11.789810929123925,17.826489990335176,23.863169051546425,29.170401695005978,2025-10-04,2025-10-11,mlf_lightgbm
04,2025-10-04,2025-10-18,2,2,18.46788614698921,18.46788614698921,3.449543641405797,12.714894271614495,18.46788614698921,24.22087802236392,33.48622865257262,2025-10-04,2025-10-18,mlf_lightgbm
04,2025-10-04,2025-10-25,3,3,31.4914462125422,31.4914462125422,17.783667719957506,27.16761919524194,31.4914462125422,35.81527322984246,45.199224705126895,2025-10-04,2025-10-25,mlf_lightgbm
04,2025-10-04,2025-11-01,4,4,38.997713759676536,38.997713759676536,32.82808144750242,36.06694494769885,38.997713759676536,41.92848257165422,45.16734607185065,2025-10-04,2025-11-01,mlf_lightgbm
05,2025-10-04,2025-10-11,1,1,4.3419777722068575,4.3419777722068575,0.2772420227236594,2.18369086657584,4.3419777722068575,6.500264677837875,8.406713521690056,2025-10-04,2025-10-11,mlf_lightgbm
05,2025-10-04,2025-10-18,2,2,4.336784412832466,4.336784412832466,0.0,3.3644137610966975,4.336784412832466,5.309155064568234,13.003347977405177,2025-10-04,2025-10-18,mlf_lightgbm
05,2025-10-04,2025-10-25,3,3,4.091300701670779,4.091300701670779,0.0,2.6731659070206684,4.091300701670779,5.509435496320889,9.21744845861043,2025-10-04,2025-10-25,mlf_lightgbm
05,2025-10-04,2025-11-01,4,4,4.005299937792436,4.005299937792436,0.7996104250868304,2.1032413769076324,4.005299937792436,5.9073584986772385,7.21098945049804,2025-10-04,2025-11-01,mlf_lightgbm
06,2025-10-04,2025-10-11,1,1,78.50194514581602,78.50194514581602,61.163074822108776,62.85541552458193,78.50194514581602,94.14847476705012,95.84081546952326,2025-10-04,2025-10-11,mlf_lightgbm
06,2025-10-04,2025-10-18,2,2,75.20393884179911,75.20393884179911,52.59884475721409,57.487190484358706,75.20393884179911,92.92068719923952,97.80903292638413,2025-10-04,2025-10-18,mlf_lightgbm
06,2025-10-04,2025-10-25,3,3,78.78948752648498,78.78948752648498,26.80027356499392,54.80629288414612,78.78948752648498,102.77268216882385,130.77870148797604,2025-10-04,2025-10-25,mlf_lightgbm
06,2025-10-04,2025-11-01,4,4,77.45447752564567,77.45447752564567,23.690396157906175,48.58237980505088,77.45447752564567,106.32657524624047,131.21855889338516,2025-10-04,2025-11-01,mlf_lightgbm
08,2025-10-04,2025-10-11,1,1,8.033971787214975,8.033971787214975,0.0,5.676122164348046,8.033971787214975,10.391821410081905,17.636862252282526,2025-10-04,2025-10-11,mlf_lightgbm
08,2025-10-04,2025-10-18,2,2,7.397887439827719,7.397887439827719,0.0,3.856232779200509,7.397887439827719,10.93954210045493,17.282614953770885,2025-10-04,2025-10-18,mlf_lightgbm
08,2025-10-04,2025-10-25,3,3,8.32766484285065,8.32766484285065,0.0,5.983779437557038,8.32766484285065,10.671550248144262,18.572555608845214,2025-10-04,2025-10-25,mlf_lightgbm
08,2025-10-04,2025-11-01,4,4,9.615897367968575,9.615897367968575,1.5436151882809404,7.3136734576328255,9.615897367968575,11.918121278304325,17.68817954765621,2025-10-04,2025-11-01,mlf_lightgbm
09,2025-10-04,2025-10-11,1,1,7.62497912548473,7.62497912548473,4.233224722225612,7.128334443733618,7.62497912548473,8.121623807235842,11.016733528743845,2025-10-04,2025-10-11,mlf_lightgbm
09,2025-10-04,2025-10-18,2,2,7.296618062275906,7.296618062275906,4.220608089140633,5.384934006934531,7.296618062275906,9.208302117617281,10.372628035411179,2025-10-04,2025-10-18,mlf_lightgbm
09,2025-10-04,2025-10-25,3,3,6.069530688128041,6.069530688128041,3.496139888697648,4.279504578838949,6.069530688128041,7.859556797417133,8.642921487558434,2025-10-04,2025-10-25,mlf_lightgbm
09,2025-10-04,2025-11-01,4,4,5.889573841278038,5.889573841278038,0.0,3.725285790248661,5.889573841278038,8.053861892307415,11.820800913530736,2025-10-04,2025-11-01,mlf_lightgbm
10,2025-10-04,2025-10-11,1,1,1.7095285609670101,1.7095285609670101,0.10343429624653333,0.2897136397371135,1.7095285609670101,3.129343482196907,3.3156228256874867,2025-10-04,2025-10-11,mlf_lightgbm
10,2025-10-04,2025-10-18,2,2,1.9501236298309739,1.9501236298309739,0.0,0.01679599141307031,1.9501236298309739,3.8834512682488773,4.089302325440682,2025-10-04,2025-10-18,mlf_lightgbm
10,2025-10-04,2025-10-25,3,3,1.9501236298309739,1.9501236298309739,0.0,1.1599502382597995,1.9501236298309739,2.740297021402148,3.927730256917813,2025-10-04,2025-10-25,mlf_lightgbm
10,2025-10-04,2025-11-01,4,4,2.0392932637058503,2.0392932637058503,0.0,0.799980091492404,2.0392932637058503,3.2786064359192966,4.279862484565297,2025-10-04,2025-11-01,mlf_lightgbm
11,2025-10-04,2025-10-11,1,1,4.431125030806334,4.431125030806334,2.8646031837086876,3.289542871519001,4.431125030806334,5.572707190093667,5.99764687790398,2025-10-04,2025-10-11,mlf_lightgbm
11,2025-10-04,2025-10-18,2,2,3.8544290036741913,3.8544290036741913,1.8299961960809243,1.8299961960809243,3.8544290036741913,5.878861811267458,5.878861811267458,2025-10-04,2025-10-18,mlf_lightgbm
11,2025-10-04,2025-10-25,3,3,4.801456429099648,4.801456429099648,2.675774459290826,3.5270236215063813,4.801456429099648,6.075889236692915,6.92713839890847,2025-10-04,2025-10-25,mlf_lightgbm
11,2025-10-04,2025-11-01,4,4,4.502359865150511,4.502359865150511,1.0962494665694273,2.4537586761300036,4.502359865150511,6.550961054171017,7.9084702637315925,2025-10-04,2025-11-01,mlf_lightgbm
12,2025-10-04,2025-10-11,1,1,123.97082218715373,123.97082218715373,96.57546307165994,107.86281306602899,123.97082218715373,140.07883130827847,151.3661813026475,2025-10-04,2025-10-11,mlf_lightgbm
12,2025-10-04,2025-10-18,2,2,129.47100309032996,129.47100309032996,98.46303951436593,109.05233358054895,129.47100309032996,149.88967260011097,160.47896666629399,2025-10-04,2025-10-18,mlf_lightgbm
12,2025-10-04,2025-10-25,3,3,124.58595387011172,124.58595387011172,25.722113558210534,85.92469351125106,124.58595387011172,163.24721422897238,223.44979418201288,2025-10-04,2025-10-25,mlf_lightgbm
12,2025-10-04,2025-11-01,4,4,123.14344291661378,123.14344291661378,35.39950966655064,91.13736385067389,123.14344291661378,155.14952198255367,210.8873761666769,2025-10-04,2025-11-01,mlf_lightgbm
13,2025-10-04,2025-10-11,1,1,23.762037077721516,23.762037077721516,15.121364098033016,18.530265056771515,23.762037077721516,28.993809098671516,32.40271005741001,2025-10-04,2025-10-11,mlf_lightgbm
13,2025-10-04,2025-10-18,2,2,21.143934455519965,21.143934455519965,12.418075517500458,16.805993718068756,21.143934455519965,25.481875192971174,29.86979339353947,2025-10-04,2025-10-18,mlf_lightgbm
13,2025-10-04,2025-10-25,3,3,19.111013209448082,19.111013209448082,8.077451699293652,10.028176898529495,19.111013209448082,28.19384952036667,30.14457471960251,2025-10-04,2025-10-25,mlf_lightgbm
13,2025-10-04,2025-11-01,4,4,18.34904062629552,18.34904062629552,4.789296873073589,14.059532142277849,18.34904062629552,22.638549110313186,31.908784379517442,2025-10-04,2025-11-01,mlf_lightgbm
15,2025-10-04,2025-10-11,1,1,1.9617126675809193,1.9617126675809193,0.0,0.6199633287391584,1.9617126675809193,3.3034620064226803,8.525749170088016,2025-10-04,2025-10-11,mlf_lightgbm
15,2025-10-04,2025-10-18,2,2,2.355841562715281,2.355841562715281,0.0,0.0,2.355841562715281,5.437928367847236,7.887576407999079,2025-10-04,2025-10-18,mlf_lightgbm
15,2025-10-04,2025-10-25,3,3,1.9501236298309739,1.9501236298309739,0.0,1.5997148271310835,1.9501236298309739,2.3005324325308645,5.797466746726311,2025-10-04,2025-10-25,mlf_lightgbm
15,2025-10-04,2025-11-01,4,4,2.355841562715281,2.355841562715281,0.0,0.0,2.355841562715281,4.763169952567331,10.23287210162364,2025-10-04,2025-11-01,mlf_lightgbm
16,2025-10-04,2025-10-11,1,1,1.9749290713103291,1.9749290713103291,0.3467563738084295,0.7413020753929344,1.9749290713103291,3.208556067227724,3.6031017688122287,2025-10-04,2025-10-11,mlf_lightgbm
16,2025-10-04,2025-10-18,2,2,2.2671705207867436,2.2671705207867436,0.0,1.0294569941640868,2.2671705207867436,3.5048840474094005,5.803870166052064,2025-10-04,2025-10-18,mlf_lightgbm
16,2025-10-04,2025-10-25,3,3,2.0392932637058503,2.0392932637058503,0.16391996218795166,0.907980743270604,2.0392932637058503,3.1706057841410966,3.9146665652237482,2025-10-04,2025-10-25,mlf_lightgbm
16,2025-10-04,2025-11-01,4,4,2.0392932637058503,2.0392932637058503,0.10940118253342174,1.3478858668739853,2.0392932637058503,2.7307006605377153,3.9691853448782783,2025-10-04,2025-11-01,mlf_lightgbm
17,2025-10-04,2025-10-11,1,1,13.670971505847959,13.670971505847959,0.0,6.977891756442908,13.670971505847959,20.36405125525301,27.71630371630258,2025-10-04,2025-10-11,mlf_lightgbm
17,2025-10-04,2025-10-18,2,2,14.571017045603748,14.571017045603748,0.0,6.597344077910916,14.571017045603748,22.54469001329658,30.673488979347994,2025-10-04,2025-10-18,mlf_lightgbm
17,2025-10-04,2025-10-25,3,3,14.939758329242483,14.939758329242483,0.0,11.447037704557726,14.939758329242483,18.43247895392724,32.651802219652915,2025-10-04,2025-10-25,mlf_lightgbm
17,2025-10-04,2025-11-01,4,4,16.72199603774104,16.72199603774104,4.615435607230775,9.295418072561713,16.72199603774104,24.148574002920366,28.828556468251303,2025-10-04,2025-11-01,mlf_lightgbm
18,2025-10-04,2025-10-11,1,1,16.4379760130421,16.4379760130421,10.82201862828093,14.528443640722132,16.4379760130421,18.347508385362065,22.053933397803267,2025-10-04,2025-10-11,mlf_lightgbm
18,2025-10-04,2025-10-18,2,2,15.332140356156337,15.332140356156337,6.810944726557983,12.90330175222943,15.332140356156337,17.760978960083243,23.853335985754686,2025-10-04,2025-10-18,mlf_lightgbm
18,2025-10-04,2025-10-25,3,3,14.76632317005964,14.76632317005964,8.936397804536712,11.593012970475785,14.76632317005964,17.939633369643495,20.596248535582568,2025-10-04,2025-10-25,mlf_lightgbm
18,2025-10-04,2025-11-01,4,4,15.135064453698375,15.135064453698375,6.830317214463404,7.327697937392805,15.135064453698375,22.942430970003944,23.439811692933343,2025-10-04,2025-11-01,mlf_lightgbm
19,2025-10-04,2025-10-11,1,1,2.196145267146326,2.196145267146326,0.42283395219204734,1.1137811214303308,2.196145267146326,3.278509412862321,3.9694565821006043,2025-10-04,2025-10-11,mlf_lightgbm
19,2025-10-04,2025-10-18,2,2,2.5339887295907557,2.5339887295907557,0.6592761277852299,1.7929252167232195,2.5339887295907557,3.275052242458292,4.408701331396281,2025-10-04,2025-10-18,mlf_lightgbm
19,2025-10-04,2025-10-25,3,3,2.6402194832522046,2.6402194832522046,0.0,2.1879226252377553,2.6402194832522046,3.092516341266654,5.366251791533373,2025-10-04,2025-10-25,mlf_lightgbm
19,2025-10-04,2025-11-01,4,4,2.704583675647725,2.704583675647725,0.8760020243560998,1.680150868054458,2.704583675647725,3.7290164832409918,4.53316532693935,2025-10-04,2025-11-01,mlf_lightgbm
20,2025-10-04,2025-10-11,1,1,10.614829518371883,10.614829518371883,7.615580571984733,8.75834779877309,10.614829518371883,12.471311237970674,13.614078464759032,2025-10-04,2025-10-11,mlf_lightgbm
20,2025-10-04,2025-10-18,2,2,12.64321018311847,12.64321018311847,8.688836678971633,10.77930617167634,12.64321018311847,14.5071141945606,16.597583687265306,2025-10-04,2025-10-18,mlf_lightgbm
20,2025-10-04,2025-10-25,3,3,15.645708810242889,15.645708810242889,11.935986397390652,14.752180510796265,15.645708810242889,16.539237109689513,19.355431223095124,2025-10-04,2025-10-25,mlf_lightgbm
20,2025-10-04,2025-11-01,4,4,20.35883876465442,20.35883876465442,14.740782588081105,19.551133111466353,20.35883876465442,21.166544417842484,25.976894941227727,2025-10-04,2025-11-01,mlf_lightgbm
21,2025-10-04,2025-10-11,1,1,15.858071135374244,15.858071135374244,6.554459868869573,12.443465042209946,15.858071135374244,19.27267722853854,25.16168240187891,2025-10-04,2025-10-11,mlf_lightgbm
21,2025-10-04,2025-10-18,2,2,17.333549983234658,17.333549983234658,7.463634838567786,11.52658096792118,17.333549983234658,23.140518998548135,27.20346512790153,2025-10-04,2025-10-18,mlf_lightgbm
21,2025-10-04,2025-10-25,3,3,19.223648678069345,19.223648678069345,8.717407635771172,14.324243909201346,19.223648678069345,24.123053446937345,29.729889720367513,2025-10-04,2025-10-25,mlf_lightgbm
21,2025-10-04,2025-11-01,4,4,18.607439786102628,18.607439786102628,8.209557788490597,12.187182998254665,18.607439786102628,25.027696573950593,29.005321783714656,2025-10-04,2025-11-01,mlf_lightgbm
22,2025-10-04,2025-10-11,1,1,29.785821414225424,29.785821414225424,22.744691154633895,26.233563591446195,29.785821414225424,33.33807923700465,36.82695167381695,2025-10-04,2025-10-11,mlf_lightgbm
22,2025-10-04,2025-10-18,2,2,27.813226297163403,27.813226297163403,19.19733280147674,24.743983208869658,27.813226297163403,30.88246938545715,36.42911979285007,2025-10-04,2025-10-18,mlf_lightgbm
22,2025-10-04,2025-10-25,3,3,24.700289176976657,24.700289176976657,12.509775875257612,16.473728003624682,24.700289176976657,32.926850350328635,36.890802478695704,2025-10-04,2025-10-25,mlf_lightgbm
22,2025-10-04,2025-11-01,4,4,22.406464163813006,22.406464163813006,11.015950862093959,19.42990299046103,22.406464163813006,25.38302533716498,33.796977465532045,2025-10-04,2025-11-01,mlf_lightgbm
23,2025-10-04,2025-10-11,1,1,1.6451643685714898,1.6451643685714898,0.3890701038510131,1.1982115009317282,1.6451643685714898,2.0921172362112515,2.901258633291966,2025-10-04,2025-10-11,mlf_lightgbm
23,2025-10-04,2025-10-18,2,2,1.9501236298309739,1.9501236298309739,0.0,0.7170021131052573,1.9501236298309739,3.18324514655669,3.91672063020967,2025-10-04,2025-10-18,mlf_lightgbm
23,2025-10-04,2025-10-25,3,3,1.9749290713103291,1.9749290713103291,0.0,0.7356158990968829,1.9749290713103291,3.2142422435237754,3.999361878903596,2025-10-04,2025-10-25,mlf_lightgbm
23,2025-10-04,2025-11-01,4,4,2.0392932637058503,2.0392932637058503,0.39529747344176136,1.0148604561125834,2.0392932637058503,3.0637260712991172,3.683289053969939,2025-10-04,2025-11-01,mlf_lightgbm
24,2025-10-04,2025-10-11,1,1,3.481081964453062,3.481081964453062,0.0,0.7139206101643951,3.481081964453062,6.248243318741729,8.555304446443238,2025-10-04,2025-10-11,mlf_lightgbm
24,2025-10-04,2025-10-18,2,2,2.728890525180742,2.728890525180742,0.0,0.0,2.728890525180742,6.46516869980222,13.647038892096958,2025-10-04,2025-10-18,mlf_lightgbm
24,2025-10-04,2025-10-25,3,3,2.728890525180742,2.728890525180742,0.0,1.0480649014354055,2.728890525180742,4.409716148926078,6.0596387372399345,2025-10-04,2025-10-25,mlf_lightgbm
24,2025-10-04,2025-11-01,4,4,2.4005294619719173,2.4005294619719173,1.3885313222099651,1.658139006490332,2.4005294619719173,3.1429199174535025,3.4125276017338693,2025-10-04,2025-11-01,mlf_lightgbm
25,2025-10-04,2025-10-11,1,1,18.001952062544675,18.001952062544675,9.545962765053423,14.751916701782521,18.001952062544675,21.25198742330683,26.457941360035925,2025-10-04,2025-10-11,mlf_lightgbm
25,2025-10-04,2025-10-18,2,2,17.919369659754288,17.919369659754288,9.45689642246714,13.847094868346723,17.919369659754288,21.991644451161854,26.381842897041434,2025-10-04,2025-10-18,mlf_lightgbm
25,2025-10-04,2025-10-25,3,3,18.099144863350475,18.099144863350475,12.433122600130847,13.987105491877717,18.099144863350475,22.211184234823232,23.765167126570102,2025-10-04,2025-10-25,mlf_lightgbm
25,2025-10-04,2025-11-01,4,4,17.622455018569433,17.622455018569433,8.04646854599412,13.988515544789767,17.622455018569433,21.2563944923491,27.198441491144745,2025-10-04,2025-11-01,mlf_lightgbm
26,2025-10-04,2025-10-11,1,1,15.213294835462635,15.213294835462635,6.7850094029766925,12.933736437749818,15.213294835462635,17.492853233175452,23.641580267948573,2025-10-04,2025-10-11,mlf_lightgbm
26,2025-10-04,2025-10-18,2,2,14.571017045603748,14.571017045603748,3.232878481385542,9.345207077587586,14.571017045603748,19.79682701361991,25.90915560982195,2025-10-04,2025-10-18,mlf_lightgbm
26,2025-10-04,2025-10-25,3,3,14.836102561673579,14.836102561673579,4.451956743607784,12.92421763107058,14.836102561673579,16.74798749227658,25.220248379739367,2025-10-04,2025-10-25,mlf_lightgbm
26,2025-10-04,2025-11-01,4,4,15.79712118678505,15.79712118678505,6.749820000165913,13.250774121955356,15.79712118678505,18.343468251614745,24.844422373404186,2025-10-04,2025-11-01,mlf_lightgbm
27,2025-10-04,2025-10-11,1,1,1.7095285609670101,1.7095285609670101,0.0,0.0,1.7095285609670101,3.8947388587258422,5.089010174862363,2025-10-04,2025-10-11,mlf_lightgbm
27,2025-10-04,2025-10-18,2,2,8.95961592741555,8.95961592741555,6.034201275279317,8.269535473197735,8.95961592741555,9.649696381633365,11.885030579551783,2025-10-04,2025-10-18,mlf_lightgbm
27,2025-10-04,2025-10-25,3,3,7.169486106741296,7.169486106741296,5.680543752578616,6.872703056890254,7.169486106741296,7.466269156592338,8.658428460903975,2025-10-04,2025-10-25,mlf_lightgbm
27,2025-10-04,2025-11-01,4,4,7.250401130681174,7.250401130681174,4.242967774386206,4.834823553637335,7.250401130681174,9.665978707725014,10.257834486976142,2025-10-04,2025-11-01,mlf_lightgbm
28,2025-10-04,2025-10-11,1,1,14.057013488348458,14.057013488348458,9.102953521393388,11.587925499567827,14.057013488348458,16.52610147712909,19.011073455303524,2025-10-04,2025-10-11,mlf_lightgbm
28,2025-10-04,2025-10-18,2,2,14.76632317005964,14.76632317005964,7.560664203788033,9.603241025096754,14.76632317005964,19.929405315022525,21.971982136331246,2025-10-04,2025-10-18,mlf_lightgbm
28,2025-10-04,2025-10-25,3,3,14.45068159423833,14.45068159423833,3.617290406964906,6.153163876053166,14.45068159423833,22.748199312423495,25.284072781511757,2025-10-04,2025-10-25,mlf_lightgbm
28,2025-10-04,2025-11-01,4,4,15.135064453698375,15.135064453698375,7.567318549231623,12.071447779546572,15.135064453698375,18.198681127850175,22.702810358165124,2025-10-04,2025-11-01,mlf_lightgbm
29,2025-10-04,2025-10-11,1,1,18.099144863350475,18.099144863350475,12.161995012882308,15.01956397771173,18.099144863350475,21.178725748989223,24.03629471381864,2025-10-04,2025-10-11,mlf_lightgbm
29,2025-10-04,2025-10-18,2,2,17.622455018569433,17.622455018569433,7.399439304675963,11.755303360382982,17.622455018569433,23.489606676755884,27.8454707324629,2025-10-04,2025-10-18,mlf_lightgbm
29,2025-10-04,2025-10-25,3,3,18.099144863350475,18.099144863350475,2.098620999803164,12.43159614988412,18.099144863350475,23.76669357681683,34.09966872689778,2025-10-04,2025-10-25,mlf_lightgbm
29,2025-10-04,2025-11-01,4,4,18.46788614698921,18.46788614698921,4.799247079068887,12.615158809944266,18.46788614698921,24.32061348403415,32.136525214909526,2025-10-04,2025-11-01,mlf_lightgbm
30,2025-10-04,2025-10-11,1,1,4.723366480282746,4.723366480282746,2.852854987323689,4.1268348093318945,4.723366480282746,5.319898151233598,6.593877973241803,2025-10-04,2025-10-11,mlf_lightgbm
30,2025-10-04,2025-10-18,2,2,5.197303203982758,5.197303203982758,2.438318895015421,3.1728703963894906,5.197303203982758,7.2217360115760245,7.956287512950094,2025-10-04,2025-10-18,mlf_lightgbm
30,2025-10-04,2025-10-25,3,3,5.37151324855446,5.37151324855446,2.973303008624588,4.133729652351093,5.37151324855446,6.609296844757827,7.769723488484331,2025-10-04,2025-10-25,mlf_lightgbm
30,2025-10-04,2025-11-01,4,4,5.452040786304206,5.452040786304206,2.282261463650773,3.9398243825075725,5.452040786304206,6.964257190100839,8.621820108957639,2025-10-04,2025-11-01,mlf_lightgbm
31,2025-10-04,2025-10-11,1,1,1.9544064674409314,1.9544064674409314,0.32706032954984177,1.5074535998011698,1.9544064674409314,2.401359335080693,3.5817526053320203,2025-10-04,2025-10-11,mlf_lightgbm
31,2025-10-04,2025-10-18,2,2,2.331534713182264,2.331534713182264,0.8918588053397054,2.2247854054109313,2.331534713182264,2.4382840209535965,3.7712106210248217,2025-10-04,2025-10-18,mlf_lightgbm
31,2025-10-04,2025-10-25,3,3,2.2671705207867436,2.2671705207867436,0.0,1.2427377131934767,2.2671705207867436,3.2916033283800106,4.5902776958379405,2025-10-04,2025-10-25,mlf_lightgbm
31,2025-10-04,2025-11-01,4,4,2.355841562715281,2.355841562715281,0.5722437087644419,1.1366077656068987,2.355841562715281,3.5750753598236633,4.13943941666612,2025-10-04,2025-11-01,mlf_lightgbm
32,2025-10-04,2025-10-11,1,1,4.681519577562878,4.681519577562878,0.0,1.6312179116898708,4.681519577562878,7.731821243435886,9.572543130497321,2025-10-04,2025-10-11,mlf_lightgbm
32,2025-10-04,2025-10-18,2,2,4.556633912027068,4.556633912027068,0.0,1.79234749378217,4.556633912027068,7.320920330271965,9.607762675312227,2025-10-04,2025-10-18,mlf_lightgbm
32,2025-10-04,2025-10-25,3,3,4.657212728029861,4.657212728029861,0.0,2.5210251040199023,4.657212728029861,6.793400352039819,13.515537442779317,2025-10-04,2025-10-25,mlf_lightgbm
32,2025-10-04,2025-11-01,4,4,5.277009318265205,5.277009318265205,0.0,4.185672100586375,5.277009318265205,6.368346535944035,12.507680870671456,2025-10-04,2025-11-01,mlf_lightgbm
33,2025-10-04,2025-10-11,1,1,3.1620775897411844,3.1620775897411844,0.9982759779780997,1.638119193556633,3.1620775897411844,4.686035985925735,5.325879201504269,2025-10-04,2025-10-11,mlf_lightgbm
33,2025-10-04,2025-10-18,2,2,2.8345947399551066,2.8345947399551066,0.5710119120493898,1.3262368330241852,2.8345947399551066,4.342952646886028,5.098177567860823,2025-10-04,2025-10-18,mlf_lightgbm
33,2025-10-04,2025-10-25,3,3,2.387536784691956,2.387536784691956,0.6585851974441594,1.3608112030210684,2.387536784691956,3.414262366362844,4.116488371939752,2025-10-04,2025-10-25,mlf_lightgbm
33,2025-10-04,2025-11-01,4,4,2.0392932637058503,2.0392932637058503,0.0,0.8137260712991172,2.0392932637058503,3.2648604561125834,4.22460290982946,2025-10-04,2025-11-01,mlf_lightgbm
34,2025-10-04,2025-10-11,1,1,14.855450511375293,14.855450511375293,9.757475824552111,10.43939614670649,14.855450511375293,19.271504876044098,19.953425198198474,2025-10-04,2025-10-11,mlf_lightgbm
34,2025-10-04,2025-10-18,2,2,14.76632317005964,14.76632317005964,6.821222270285092,8.526337928020393,14.76632317005964,21.006308412098885,22.711424069834187,2025-10-04,2025-10-18,mlf_lightgbm
34,2025-10-04,2025-10-25,3,3,14.76632317005964,14.76632317005964,5.987658836794261,11.455602626982333,14.76632317005964,18.077043713136945,23.544987503325014,2025-10-04,2025-10-25,mlf_lightgbm
34,2025-10-04,2025-11-01,4,4,16.72199603774104,16.72199603774104,8.14472143616668,12.50255560281482,16.72199603774104,20.94143647266726,25.2992706393154,2025-10-04,2025-11-01,mlf_lightgbm
35,2025-10-04,2025-10-11,1,1,1.937405818047902,1.937405818047902,0.0,0.8338569940163074,1.937405818047902,3.0409546420794964,4.919259493940146,2025-10-04,2025-10-11,mlf_lightgbm
35,2025-10-04,2025-10-18,2,2,2.0392932637058503,2.0392932637058503,0.4610356590223252,1.2997597410188886,2.0392932637058503,2.7788267863928118,3.6175508683893747,2025-10-04,2025-10-18,mlf_lightgbm
35,2025-10-04,2025-10-25,3,3,2.343670354949066,2.343670354949066,1.1247161612631529,1.592887104407928,2.343670354949066,3.0944536054902043,3.5626245486349792,2025-10-04,2025-10-25,mlf_lightgbm
35,2025-10-04,2025-11-01,4,4,2.331534713182264,2.331534713182264,0.32420487090428385,0.9524923529830667,2.331534713182264,3.710577073381461,4.338864555460244,2025-10-04,2025-11-01,mlf_lightgbm
36,2025-10-04,2025-10-11,1,1,19.896702286306734,19.896702286306734,15.639628971990154,16.990965426740996,19.896702286306734,22.802439145872473,24.153775600623312,2025-10-04,2025-10-11,mlf_lightgbm
36,2025-10-04,2025-10-18,2,2,18.0030658685131,18.0030658685131,7.733703516034234,12.626041351144714,18.0030658685131,23.380090385881488,28.272428220991966,2025-10-04,2025-10-18,mlf_lightgbm
36,2025-10-04,2025-10-25,3,3,17.980299342656785,17.980299342656785,9.146493539705217,12.414580154421262,17.980299342656785,23.546018530892308,26.81410514560835,2025-10-04,2025-10-25,mlf_lightgbm
36,2025-10-04,2025-11-01,4,4,17.991196302208166,17.991196302208166,7.79011397210526,12.292911754552662,17.991196302208166,23.68948084986367,28.19227863231107,2025-10-04,2025-11-01,mlf_lightgbm
37,2025-10-04,2025-10-11,1,1,23.41175073374681,23.41175073374681,18.656262489021803,21.281423493046983,23.41175073374681,25.542077974446638,28.16723897847182,2025-10-04,2025-10-11,mlf_lightgbm
37,2025-10-04,2025-10-18,2,2,25.857890141144047,25.857890141144047,16.55401772137872,20.388620731516916,25.857890141144047,31.327159550771178,35.161762560909374,2025-10-04,2025-10-18,mlf_lightgbm
37,2025-10-04,2025-10-25,3,3,27.823706206702465,27.823706206702465,19.70916645840042,25.759166458400422,27.823706206702465,29.888245955004507,35.938245955004504,2025-10-04,2025-10-25,mlf_lightgbm
37,2025-10-04,2025-11-01,4,4,23.123622961352396,23.123622961352396,13.615367503939705,18.20308331203308,23.123622961352396,28.044162610671712,32.63187841876508,2025-10-04,2025-11-01,mlf_lightgbm
38,2025-10-04,2025-10-11,1,1,2.412342226171311,2.412342226171311,0.8710140178414527,1.5081424751593486,2.412342226171311,3.316541977183274,3.9536704345011695,2025-10-04,2025-10-11,mlf_lightgbm
38,2025-10-04,2025-10-18,2,2,2.2671705207867436,2.2671705207867436,0.0,0.0,2.2671705207867436,4.666425516376457,5.281824406851822,2025-10-04,2025-10-18,mlf_lightgbm
38,2025-10-04,2025-10-25,3,3,2.0144878222264953,2.0144878222264953,0.2417189441018564,1.3653102216755182,2.0144878222264953,2.6636654227774725,3.787256700351134,2025-10-04,2025-10-25,mlf_lightgbm
38,2025-10-04,2025-11-01,4,4,2.0392932637058503,2.0392932637058503,0.0,0.8730140881061781,2.0392932637058503,3.2055724393055227,5.0880442476723875,2025-10-04,2025-11-01,mlf_lightgbm
39,2025-10-04,2025-10-11,1,1,18.043727535612,18.043727535612,9.18005982708215,14.919712265571615,18.043727535612,21.167742805652384,26.907395244141846,2025-10-04,2025-10-11,mlf_lightgbm
39,2025-10-04,2025-10-18,2,2,20.46929577406757,20.46929577406757,10.678136077006831,13.082425250229024,20.46929577406757,27.856166297906118,30.26045547112831,2025-10-04,2025-10-18,mlf_lightgbm
39,2025-10-04,2025-10-25,3,3,33.0473422350703,33.0473422350703,23.955309338038397,25.552001362676464,33.0473422350703,40.54268310746414,42.13937513210221,2025-10-04,2025-10-25,mlf_lightgbm
39,2025-10-04,2025-11-01,4,4,33.729473346236276,33.729473346236276,24.030395345637693,30.577296617150953,33.729473346236276,36.8816500753216,43.42855134683486,2025-10-04,2025-11-01,mlf_lightgbm
40,2025-10-04,2025-10-11,1,1,16.824017995542608,16.824017995542608,14.201789348818163,15.609195824672424,16.824017995542608,18.03884016641279,19.446246642267052,2025-10-04,2025-10-11,mlf_lightgbm
40,2025-10-04,2025-10-18,2,2,17.622455018569433,17.622455018569433,10.428587677770391,12.731898231635675,17.622455018569433,22.51301180550319,24.816322359368474,2025-10-04,2025-10-18,mlf_lightgbm
40,2025-10-04,2025-10-25,3,3,17.919369659754288,17.919369659754288,15.796807801029354,16.600585756692034,17.919369659754288,19.238153562816542,20.04193151847922,2025-10-04,2025-10-25,mlf_lightgbm
40,2025-10-04,2025-11-01,4,4,18.027681949987596,18.027681949987596,9.342909080468319,12.141595442934774,18.027681949987596,23.91376845704042,26.712454819506874,2025-10-04,2025-11-01,mlf_lightgbm
41,2025-10-04,2025-10-11,1,1,2.6645263327852216,2.6645263327852216,0.0,1.2675648450975388,2.6645263327852216,4.061487820472904,7.54049915326018,2025-10-04,2025-10-11,mlf_lightgbm
41,2025-10-04,2025-10-18,2,2,2.704583675647725,2.704583675647725,0.0,0.6587683822421804,2.704583675647725,4.750398969053269,7.531663391372114,2025-10-04,2025-10-18,mlf_lightgbm
41,2025-10-04,2025-10-25,3,3,2.412342226171311,2.412342226171311,0.0,0.9199517706897261,2.412342226171311,3.9047326816528964,6.458568318920879,2025-10-04,2025-10-25,mlf_lightgbm
41,2025-10-04,2025-11-01,4,4,2.259365728700418,2.259365728700418,0.0,1.449736595805581,2.259365728700418,3.068994861595255,9.278549483363985,2025-10-04,2025-11-01,mlf_lightgbm
42,2025-10-04,2025-10-11,1,1,106.47695130001978,106.47695130001978,66.26659441242803,78.42830498579036,106.47695130001978,134.5255976142492,146.6873081876115,2025-10-04,2025-10-11,mlf_lightgbm
42,2025-10-04,2025-10-18,2,2,103.06638582535692,103.06638582535692,56.43561369212882,66.21952169306805,103.06638582535692,139.91324995764577,149.69715795858502,2025-10-04,2025-10-18,mlf_lightgbm
42,2025-10-04,2025-10-25,3,3,91.40803195592761,91.40803195592761,45.47079294729323,67.15715884338198,91.40803195592761,115.65890506847325,137.345270964562,2025-10-04,2025-10-25,mlf_lightgbm
42,2025-10-04,2025-11-01,4,4,84.09093658424533,84.09093658424533,26.58287024951638,41.00068933520564,84.09093658424533,127.18118383328502,141.59900291897426,2025-10-04,2025-11-01,mlf_lightgbm
44,2025-10-04,2025-10-11,1,1,2.9928503391569334,2.9928503391569334,1.3867560744364567,1.3867560744364567,2.9928503391569334,4.59894460387741,4.59894460387741,2025-10-04,2025-10-11,mlf_lightgbm
44,2025-10-04,2025-10-18,2,2,2.412342226171311,2.412342226171311,0.3879094185780443,1.139438994588124,2.412342226171311,3.6852454577544984,4.436775033764578,2025-10-04,2025-10-18,mlf_lightgbm
44,2025-10-04,2025-10-25,3,3,2.331534713182264,2.331534713182264,0.3078157077270341,0.3427313996388442,2.331534713182264,4.3203380267256835,4.355253718637494,2025-10-04,2025-10-25,mlf_lightgbm
44,2025-10-04,2025-11-01,4,4,2.259365728700418,2.259365728700418,0.5399839195850356,1.217734976174699,2.259365728700418,3.300996481226137,3.9787475378158,2025-10-04,2025-11-01,mlf_lightgbm
45,2025-10-04,2025-10-11,1,1,18.568013492438237,18.568013492438237,11.685731019292541,16.257442612383628,18.568013492438237,20.878584372492845,25.450295965583926,2025-10-04,2025-10-11,mlf_lightgbm
45,2025-10-04,2025-10-18,2,2,18.625075642568397,18.625075642568397,12.896310951065733,17.988805358390547,18.625075642568397,19.261345926746248,24.35384033407106,2025-10-04,2025-10-18,mlf_lightgbm
45,2025-10-04,2025-10-25,3,3,20.18968183174449,20.18968183174449,8.581715358072268,16.6864724586192,20.18968183174449,23.69289120486978,31.797648305416704,2025-10-04,2025-10-25,mlf_lightgbm
45,2025-10-04,2025-11-01,4,4,19.302295852507797,19.302295852507797,9.415194984320273,16.136783141666985,19.302295852507797,22.46780856334861,29.189396720695314,2025-10-04,2025-11-01,mlf_lightgbm
46,2025-10-04,2025-10-11,1,1,1.7095285609670101,1.7095285609670101,0.18613665952545944,0.9848282430283054,1.7095285609670101,2.4342288789057145,3.2329204624085603,2025-10-04,2025-10-11,mlf_lightgbm
46,2025-10-04,2025-10-18,2,2,1.9749290713103291,1.9749290713103291,0.013495183361248608,0.8126246012284971,1.9749290713103291,3.137233541392161,3.936362959259409,2025-10-04,2025-10-18,mlf_lightgbm
46,2025-10-04,2025-10-25,3,3,1.9749290713103291,1.9749290713103291,0.0,1.3922908130504803,1.9749290713103291,2.557567329570178,4.386405187535425,2025-10-04,2025-10-25,mlf_lightgbm
46,2025-10-04,2025-11-01,4,4,2.0392932637058503,2.0392932637058503,0.0,1.0148604561125834,2.0392932637058503,3.0637260712991172,5.0154999067049255,2025-10-04,2025-11-01,mlf_lightgbm
47,2025-10-04,2025-10-11,1,1,26.270637175933683,26.270637175933683,17.93723039967053,21.9852171895656,26.270637175933683,30.556057162301766,34.60404395219683,2025-10-04,2025-10-11,mlf_lightgbm
47,2025-10-04,2025-10-18,2,2,23.809049943479142,23.809049943479142,8.76230006760743,19.234556543235865,23.809049943479142,28.383543343722415,38.85579981935085,2025-10-04,2025-10-18,mlf_lightgbm
47,2025-10-04,2025-10-25,3,3,22.336684772199064,22.336684772199064,3.4279530120876824,13.991175866644845,22.336684772199064,30.682193677753283,41.24541653231044,2025-10-04,2025-10-25,mlf_lightgbm
47,2025-10-04,2025-11-01,4,4,22.78352282524684,22.78352282524684,9.74885288248784,13.345253300581138,22.78352282524684,32.22179234991255,35.818192768005844,2025-10-04,2025-11-01,mlf_lightgbm
48,2025-10-04,2025-10-11,1,1,89.41924374104875,89.41924374104875,67.9493980914479,76.89365095129162,89.41924374104875,101.94483653080587,110.88908939064959,2025-10-04,2025-10-11,mlf_lightgbm
48,2025-10-04,2025-10-18,2,2,79.67236394050981,79.67236394050981,46.73581435685707,62.12067632554546,79.67236394050981,97.22405155547416,112.60891352416255,2025-10-04,2025-10-18,mlf_lightgbm
48,2025-10-04,2025-10-25,3,3,73.56393644433965,73.56393644433965,14.057429830277338,31.399917569783362,73.56393644433965,115.72795531889594,133.07044305840196,2025-10-04,2025-10-25,mlf_lightgbm
48,2025-10-04,2025-11-01,4,4,73.10022241975203,73.10022241975203,2.4046520084936773,35.8180505996212,73.10022241975203,110.38239423988286,143.79579283101037,2025-10-04,2025-11-01,mlf_lightgbm
49,2025-10-04,2025-10-11,1,1,1.9749290713103291,1.9749290713103291,0.0,0.0,1.9749290713103291,3.9741327839849476,7.2329960137937555,2025-10-04,2025-10-11,mlf_lightgbm
49,2025-10-04,2025-10-18,2,2,2.0031736499734385,2.0031736499734385,0.0,0.1703929969534369,2.0031736499734385,3.83595430299344,4.32057046128161,2025-10-04,2025-10-18,mlf_lightgbm
49,2025-10-04,2025-10-25,3,3,2.0392932637058503,2.0392932637058503,0.0,1.0478204045383608,2.0392932637058503,3.03076612287334,4.636783078808137,2025-10-04,2025-10-25,mlf_lightgbm
49,2025-10-04,2025-11-01,4,4,2.0392932637058503,2.0392932637058503,0.0,0.0,2.0392932637058503,4.258801712203431,5.811737579995023,2025-10-04,2025-11-01,mlf_lightgbm
50,2025-10-04,2025-10-11,1,1,1.6451643685714898,1.6451643685714898,0.03907010385101306,0.03907010385101306,1.6451643685714898,3.2512586332919664,3.2512586332919664,2025-10-04,2025-10-11,mlf_lightgbm
50,2025-10-04,2025-10-18,2,2,1.9501236298309739,1.9501236298309739,0.0,0.0,1.9501236298309739,3.93943680204442,3.9745564374242406,2025-10-04,2025-10-18,mlf_lightgbm
50,2025-10-04,2025-10-25,3,3,1.9501236298309739,1.9501236298309739,0.0,0.0,1.9501236298309739,3.93943680204442,3.9745564374242406,2025-10-04,2025-10-25,mlf_lightgbm
50,2025-10-04,2025-11-01,4,4,2.0392932637058503,2.0392932637058503,0.03124961928983302,0.06168663661901097,2.0392932637058503,4.01689989079269,4.047336908121867,2025-10-04,2025-11-01,mlf_lightgbm
51,2025-10-04,2025-10-11,1,1,15.270994217021284,15.270994217021284,8.355292355302232,13.259835123590513,15.270994217021284,17.282153310452056,22.186696078740333,2025-10-04,2025-10-11,mlf_lightgbm
51,2025-10-04,2025-10-18,2,2,15.135064453698375,15.135064453698375,10.394474535964136,13.092912465027029,15.135064453698375,17.17721644236972,19.87565437143261,2025-10-04,2025-10-18,mlf_lightgbm
51,2025-10-04,2025-10-25,3,3,15.135064453698375,15.135064453698375,10.385083905716169,12.764998646334847,15.135064453698375,17.5051302610619,19.88504500168058,2025-10-04,2025-10-25,mlf_lightgbm
51,2025-10-04,2025-11-01,4,4,15.135064453698375,15.135064453698375,7.253047876217628,12.320697364445682,15.135064453698375,17.949431542951068,23.017081031179117,2025-10-04,2025-11-01,mlf_lightgbm
53,2025-10-04,2025-10-11,1,1,5.5208325576393,5.5208325576393,0.32520257438765765,2.498177576546814,5.5208325576393,8.543487538731785,10.71646254089094,2025-10-04,2025-10-11,mlf_lightgbm
53,2025-10-04,2025-10-18,2,2,5.164274834277376,5.164274834277376,0.0,0.6469893743083757,5.164274834277376,9.681560294246378,11.431084306241958,2025-10-04,2025-10-18,mlf_lightgbm
53,2025-10-04,2025-10-25,3,3,4.471727512845043,4.471727512845043,0.47432880956485557,2.8088448932930707,4.471727512845043,6.134610132397016,8.469126216125229,2025-10-04,2025-10-25,mlf_lightgbm
53,2025-10-04,2025-11-01,4,4,4.1114627581080665,4.1114627581080665,0.0,0.0,4.1114627581080665,9.455410195251416,13.765536477306593,2025-10-04,2025-11-01,mlf_lightgbm
54,2025-10-04,2025-10-11,1,1,1.6451643685714898,1.6451643685714898,0.0,0.6013560784150539,1.6451643685714898,2.6889726587279257,4.294438334899334,2025-10-04,2025-10-11,mlf_lightgbm
54,2025-10-04,2025-10-18,2,2,2.0144878222264953,2.0144878222264953,0.0,0.025174650013049027,2.0144878222264953,4.003800994439942,4.278070650132212,2025-10-04,2025-10-18,mlf_lightgbm
54,2025-10-04,2025-10-25,3,3,1.9501236298309739,1.9501236298309739,0.27569082223770697,1.0496246948403578,1.9501236298309739,2.85062256482159,3.62455643742424,2025-10-04,2025-10-25,mlf_lightgbm
54,2025-10-04,2025-11-01,4,4,2.0144878222264953,2.0144878222264953,0.0,0.8935301824256925,2.0144878222264953,3.135445462027298,4.038920629819762,2025-10-04,2025-11-01,mlf_lightgbm
55,2025-10-04,2025-10-11,1,1,6.040673624424629,6.040673624424629,1.40233418759626,3.5715238270013434,6.040673624424629,8.509823421847916,10.679013061252999,2025-10-04,2025-10-11,mlf_lightgbm
55,2025-10-04,2025-10-18,2,2,6.109399188584211,6.109399188584211,2.40674964807695,5.290606020098297,6.109399188584211,6.928192357070126,9.81204872909147,2025-10-04,2025-10-18,mlf_lightgbm
55,2025-10-04,2025-10-25,3,3,5.504786754226401,5.504786754226401,3.271576543830201,4.862851987305585,5.504786754226401,6.146721521147216,7.7379969646225994,2025-10-04,2025-10-25,mlf_lightgbm
55,2025-10-04,2025-11-01,4,4,5.752571706610426,5.752571706610426,0.6235309828755042,4.744247318555162,5.752571706610426,6.760896094665689,10.881612430345344,2025-10-04,2025-11-01,mlf_lightgbm
56,2025-10-04,2025-10-11,1,1,1.9501236298309739,1.9501236298309739,0.3440293651104971,1.094029365110497,1.9501236298309739,2.806217894551451,3.556217894551451,2025-10-04,2025-10-11,mlf_lightgbm
56,2025-10-04,2025-10-18,2,2,1.9501236298309739,1.9501236298309739,0.0,0.49782677181652435,1.9501236298309739,3.402420487845423,3.9745564374242406,2025-10-04,2025-10-18,mlf_lightgbm
56,2025-10-04,2025-10-25,3,3,2.0144878222264953,2.0144878222264953,0.7868184923659244,1.025174650013049,2.0144878222264953,3.0038009944399415,3.242157152087066,2025-10-04,2025-10-25,mlf_lightgbm
56,2025-10-04,2025-11-01,4,4,2.0392932637058503,2.0392932637058503,0.3648604561125834,1.0148604561125834,2.0392932637058503,3.0637260712991172,3.7137260712991162,2025-10-04,2025-11-01,mlf_lightgbm
72,2025-10-04,2025-10-11,1,1,58.91836999165483,58.91836999165483,14.367739003223154,41.44618273914324,58.91836999165483,76.39055724416642,103.46900098008649,2025-10-04,2025-10-11,mlf_lightgbm
72,2025-10-04,2025-10-18,2,2,49.62497421333858,49.62497421333858,15.922350755367063,26.21521897979555,49.62497421333858,73.03472944688161,83.3275976713101,2025-10-04,2025-10-18,mlf_lightgbm
72,2025-10-04,2025-10-25,3,3,42.5998370742038,42.5998370742038,0.0,7.278255208265948,42.5998370742038,77.92141894014165,85.94441816891913,2025-10-04,2025-10-25,mlf_lightgbm
72,2025-10-04,2025-11-01,4,4,38.17446025427505,38.17446025427505,0.0,11.949988716034417,38.17446025427505,64.39893179251568,121.78563830098162,2025-10-04,2025-11-01,mlf_lightgbm
01,2025-11-01,2025-11-08,1,1,16.223356940379986,16.223356940379986,4.962291440306447,10.460582134150911,16.223356940379986,21.98613174660906,27.484422440453525,2025-11-01,2025-11-08,mlf_lightgbm
01,2025-11-01,2025-11-15,2,2,17.96039891045048,17.96039891045048,11.496836408732568,12.015423842952936,17.96039891045048,23.905373977948024,24.42396141216839,2025-11-01,2025-11-15,mlf_lightgbm
01,2025-11-01,2025-11-22,3,3,23.542128164451267,23.542128164451267,12.67768136734774,16.165181331246384,23.542128164451267,30.91907499765615,34.406574961554796,2025-11-01,2025-11-22,mlf_lightgbm
01,2025-11-01,2025-11-29,4,4,27.152347664165692,27.152347664165692,18.631130618432945,23.218982234391166,27.152347664165692,31.085713093940218,35.673564709898436,2025-11-01,2025-11-29,mlf_lightgbm
02,2025-11-01,2025-11-08,1,1,1.7151698929465884,1.7151698929465884,0.0,0.0,1.7151698929465884,4.145070261266753,9.003521877263875,2025-11-01,2025-11-08,mlf_lightgbm
02,2025-11-01,2025-11-15,2,2,1.9055453515300995,1.9055453515300995,0.0,0.6561114436876672,1.9055453515300995,3.1549792593725323,3.9808558499825955,2025-11-01,2025-11-15,mlf_lightgbm
02,2025-11-01,2025-11-22,3,3,1.9569273505998663,1.9569273505998663,0.8603509302117613,1.3949021404483857,1.9569273505998663,2.518952560751347,3.0535037709879713,2025-11-01,2025-11-22,mlf_lightgbm
02,2025-11-01,2025-11-29,4,4,2.46446106939615,2.46446106939615,0.7854881432797187,2.106872391547915,2.46446106939615,2.8220497472443853,4.143433995512581,2025-11-01,2025-11-29,mlf_lightgbm
04,2025-11-01,2025-11-08,1,1,20.789690988611607,20.789690988611607,12.330264371899844,14.829647433028466,20.789690988611607,26.74973454419475,29.24911760532337,2025-11-01,2025-11-08,mlf_lightgbm
04,2025-11-01,2025-11-15,2,2,32.302791639710975,32.302791639710975,24.165024994472653,26.989726906738305,32.302791639710975,37.615856372683645,40.4405582849493,2025-11-01,2025-11-15,mlf_lightgbm
04,2025-11-01,2025-11-22,3,3,41.64758973193268,41.64758973193268,24.346009858648703,30.10857003031762,41.64758973193268,53.186609433547744,58.94916960521666,2025-11-01,2025-11-22,mlf_lightgbm
04,2025-11-01,2025-11-29,4,4,48.43498971206788,48.43498971206788,25.76247169042894,43.5158193015036,48.43498971206788,53.354160122632166,71.10750773370681,2025-11-01,2025-11-29,mlf_lightgbm
05,2025-11-01,2025-11-08,1,1,6.967599748205897,6.967599748205897,4.397218927532018,5.64804789744678,6.967599748205897,8.287151598965014,9.537980568879776,2025-11-01,2025-11-08,mlf_lightgbm
05,2025-11-01,2025-11-15,2,2,6.589629259933165,6.589629259933165,4.834575026073078,5.700169151513165,6.589629259933165,7.479089368353165,8.344683493793251,2025-11-01,2025-11-15,mlf_lightgbm
05,2025-11-01,2025-11-22,3,3,6.710591559557541,6.710591559557541,1.5783465484957069,5.2480519626448885,6.710591559557541,8.173131156470193,11.842836570619372,2025-11-01,2025-11-22,mlf_lightgbm
05,2025-11-01,2025-11-29,4,4,7.212605429571468,7.212605429571468,3.4409239904174544,5.499201281059442,7.212605429571468,8.926009578083494,10.98428686872548,2025-11-01,2025-11-29,mlf_lightgbm
06,2025-11-01,2025-11-08,1,1,144.2650104950056,144.2650104950056,123.20702427740777,126.17896847497325,144.2650104950056,162.351052515038,165.32299671260347,2025-11-01,2025-11-08,mlf_lightgbm
06,2025-11-01,2025-11-15,2,2,155.12875907949797,155.12875907949797,125.94129006728838,133.61572342113993,155.12875907949797,176.641794737856,184.31622809170756,2025-11-01,2025-11-15,mlf_lightgbm
06,2025-11-01,2025-11-22,3,3,205.2773908353897,205.2773908353897,152.26480820883262,168.884814452787,205.2773908353897,241.6699672179924,258.2899734619467,2025-11-01,2025-11-22,mlf_lightgbm
06,2025-11-01,2025-11-29,4,4,238.8395186495009,238.8395186495009,175.6640397524944,187.94932175817837,238.8395186495009,289.7297155408234,302.01499754650735,2025-11-01,2025-11-29,mlf_lightgbm
08,2025-11-01,2025-11-08,1,1,18.180276791420948,18.180276791420948,15.675749664306139,16.694141998173293,18.180276791420948,19.6664115846686,20.684803918535756,2025-11-01,2025-11-08,mlf_lightgbm
08,2025-11-01,2025-11-15,2,2,23.077663390189635,23.077663390189635,19.518062238734466,21.21948267232886,23.077663390189635,24.93584410805041,26.637264541644804,2025-11-01,2025-11-15,mlf_lightgbm
08,2025-11-01,2025-11-22,3,3,24.73323587177036,24.73323587177036,19.679565809805805,23.39410969864349,24.73323587177036,26.072362044897233,29.786905933734914,2025-11-01,2025-11-22,mlf_lightgbm
08,2025-11-01,2025-11-29,4,4,32.24901711234595,32.24901711234595,23.56997373067159,29.806511591756582,32.24901711234595,34.691522632935325,40.92806049402031,2025-11-01,2025-11-29,mlf_lightgbm
09,2025-11-01,2025-11-08,1,1,7.130242081852715,7.130242081852715,1.798169996339219,5.433755830326322,7.130242081852715,8.826728333379107,12.46231416736621,2025-11-01,2025-11-08,mlf_lightgbm
09,2025-11-01,2025-11-15,2,2,6.301619317540494,6.301619317540494,2.507597812516745,4.310341456154665,6.301619317540494,8.292897178926323,10.095640822564242,2025-11-01,2025-11-15,mlf_lightgbm
09,2025-11-01,2025-11-22,3,3,5.517609671108019,5.517609671108019,1.6084974942815382,3.3868028848304763,5.517609671108019,7.6484164573855615,9.426721847934498,2025-11-01,2025-11-22,mlf_lightgbm
09,2025-11-01,2025-11-29,4,4,5.901156491118077,5.901156491118077,0.2110243847724511,2.877095815911293,5.901156491118077,8.925217166324861,11.591288597463702,2025-11-01,2025-11-29,mlf_lightgbm
10,2025-11-01,2025-11-08,1,1,2.4003950763106423,2.4003950763106423,0.0,0.747810947101335,2.4003950763106423,4.05297920551995,6.417079293670875,2025-11-01,2025-11-08,mlf_lightgbm
10,2025-11-01,2025-11-15,2,2,2.36735522302,2.36735522302,0.14923617169426562,0.996394969257689,2.36735522302,3.7383154767823115,4.585474274345734,2025-11-01,2025-11-15,mlf_lightgbm
10,2025-11-01,2025-11-22,3,3,3.376066064063703,3.376066064063703,1.2114176036174822,1.3300071373033302,3.376066064063703,5.422124990824075,5.540714524509924,2025-11-01,2025-11-22,mlf_lightgbm
10,2025-11-01,2025-11-29,4,4,2.489868653097241,2.489868653097241,0.16166022653962236,1.1562374813558685,2.489868653097241,3.823499824838614,4.818077079654859,2025-11-01,2025-11-29,mlf_lightgbm
11,2025-11-01,2025-11-08,1,1,2.0671510870368657,2.0671510870368657,0.5207955852136175,0.9594852973402247,2.0671510870368657,3.1748168767335065,3.6135065888601137,2025-11-01,2025-11-08,mlf_lightgbm
11,2025-11-01,2025-11-15,2,2,2.3580274007335063,2.3580274007335063,0.2671373821699009,0.3308309362210311,2.3580274007335063,4.385223865245981,4.4489174192971115,2025-11-01,2025-11-15,mlf_lightgbm
11,2025-11-01,2025-11-22,3,3,1.9925729386604867,1.9925729386604867,0.24418115121059653,0.8452564035889182,1.9925729386604867,3.139889473732055,3.7409647261103762,2025-11-01,2025-11-22,mlf_lightgbm
11,2025-11-01,2025-11-29,4,4,1.3966430888775259,1.3966430888775259,0.0,0.0,1.3966430888775259,3.9322216754426065,5.299409222370744,2025-11-01,2025-11-29,mlf_lightgbm
12,2025-11-01,2025-11-08,1,1,289.96355940162067,289.96355940162067,248.4469607194762,270.88111385931984,289.96355940162067,309.0460049439215,331.4801580837651,2025-11-01,2025-11-08,mlf_lightgbm
12,2025-11-01,2025-11-15,2,2,370.4084289881944,370.4084289881944,310.22998164210577,340.66716926418064,370.4084289881944,400.1496887122081,430.586876334283,2025-11-01,2025-11-15,mlf_lightgbm
12,2025-11-01,2025-11-22,3,3,384.12140341403676,384.12140341403676,279.8888502883786,302.65529859822766,384.12140341403676,465.58750822984587,488.35395653969493,2025-11-01,2025-11-22,mlf_lightgbm
12,2025-11-01,2025-11-29,4,4,382.9701864056054,382.9701864056054,265.71253962898214,317.69392863445114,382.9701864056054,448.2464441767596,500.2278331822286,2025-11-01,2025-11-29,mlf_lightgbm
13,2025-11-01,2025-11-08,1,1,30.978060795153823,30.978060795153823,22.383426519378812,25.402490601716188,30.978060795153823,36.55363098859146,39.57269507092884,2025-11-01,2025-11-08,mlf_lightgbm
13,2025-11-01,2025-11-15,2,2,31.967356440892058,31.967356440892058,23.101068392709696,26.097823350599814,31.967356440892058,37.836889531184305,40.833644489074416,2025-11-01,2025-11-15,mlf_lightgbm
13,2025-11-01,2025-11-22,3,3,34.296072246455715,34.296072246455715,20.83450951058275,24.171934957434324,34.296072246455715,44.420209535477106,47.75763498232868,2025-11-01,2025-11-22,mlf_lightgbm
13,2025-11-01,2025-11-29,4,4,36.33998777562957,36.33998777562957,20.84611382294637,30.405908312194228,36.33998777562957,42.274067239064905,51.83386172831276,2025-11-01,2025-11-29,mlf_lightgbm
15,2025-11-01,2025-11-08,1,1,7.069151140249767,7.069151140249767,4.87670634271736,5.983015084110048,7.069151140249767,8.155287196389487,9.261595937782173,2025-11-01,2025-11-08,mlf_lightgbm
15,2025-11-01,2025-11-15,2,2,6.975433818862209,6.975433818862209,3.287720721893207,4.1951143343064405,6.975433818862209,9.755753303417977,10.66314691583121,2025-11-01,2025-11-15,mlf_lightgbm
15,2025-11-01,2025-11-22,3,3,6.63963617359664,6.63963617359664,1.214354879774791,6.1283037484626135,6.63963617359664,7.150968598730666,12.064917467418486,2025-11-01,2025-11-22,mlf_lightgbm
15,2025-11-01,2025-11-29,4,4,7.147234450169998,7.147234450169998,2.943721463967985,4.5012444977926735,7.147234450169998,9.793224402547322,11.35074743637201,2025-11-01,2025-11-29,mlf_lightgbm
16,2025-11-01,2025-11-08,1,1,6.9077697243296745,6.9077697243296745,5.476290161695723,5.68918297368674,6.9077697243296745,8.126356474972608,8.339249286963625,2025-11-01,2025-11-08,mlf_lightgbm
16,2025-11-01,2025-11-15,2,2,7.125905336812589,7.125905336812589,5.70263251327321,6.029328916424484,7.125905336812589,8.222481757200693,8.549178160351968,2025-11-01,2025-11-15,mlf_lightgbm
16,2025-11-01,2025-11-22,3,3,9.262944949898026,9.262944949898026,7.279068995100754,8.109521370286132,9.262944949898026,10.41636852950992,11.246820904695298,2025-11-01,2025-11-22,mlf_lightgbm
16,2025-11-01,2025-11-29,4,4,17.291324199874595,17.291324199874595,12.720297125991026,16.414534831413395,17.291324199874595,18.168113568335794,21.86235127375816,2025-11-01,2025-11-29,mlf_lightgbm
17,2025-11-01,2025-11-08,1,1,34.44211062959572,34.44211062959572,19.677766337401184,27.790736149087127,34.44211062959572,41.093485110104304,49.20645492179024,2025-11-01,2025-11-08,mlf_lightgbm
17,2025-11-01,2025-11-15,2,2,38.02864873112921,38.02864873112921,19.808877526518444,30.246643624107023,38.02864873112921,45.810653838151396,56.248419935739975,2025-11-01,2025-11-15,mlf_lightgbm
17,2025-11-01,2025-11-22,3,3,45.02309578117145,45.02309578117145,35.06884047368994,40.013944769530305,45.02309578117145,50.03224679281259,54.97735108865296,2025-11-01,2025-11-22,mlf_lightgbm
17,2025-11-01,2025-11-29,4,4,51.51362587793144,51.51362587793144,30.884131440013416,42.31893274316284,51.51362587793144,60.70831901270004,72.14312031584946,2025-11-01,2025-11-29,mlf_lightgbm
18,2025-11-01,2025-11-08,1,1,18.990425603613602,18.990425603613602,14.796421019281045,17.132019613173213,18.990425603613602,20.84883159405399,23.18443018794616,2025-11-01,2025-11-08,mlf_lightgbm
18,2025-11-01,2025-11-15,2,2,18.569249870308212,18.569249870308212,15.786457329564776,17.55430059315026,18.569249870308212,19.584199147466165,21.35204241105165,2025-11-01,2025-11-15,mlf_lightgbm
18,2025-11-01,2025-11-22,3,3,18.990425603613602,18.990425603613602,14.840912242288683,15.952237798114641,18.990425603613602,22.028613409112562,23.13993896493852,2025-11-01,2025-11-22,mlf_lightgbm
18,2025-11-01,2025-11-29,4,4,20.068196161253013,20.068196161253013,10.912034621050275,12.423326379909726,20.068196161253013,27.7130659425963,29.22435770145575,2025-11-01,2025-11-29,mlf_lightgbm
19,2025-11-01,2025-11-08,1,1,2.4820256630076756,2.4820256630076756,0.5474043023026803,1.1124205300325385,2.4820256630076756,3.851630795982813,4.41664702371267,2025-11-01,2025-11-08,mlf_lightgbm
19,2025-11-01,2025-11-15,2,2,2.252716969692537,2.252716969692537,0.23744032150748617,1.1821553691714364,2.252716969692537,3.3232785702136374,4.267993617877587,2025-11-01,2025-11-15,mlf_lightgbm
19,2025-11-01,2025-11-22,3,3,2.052727112724534,2.052727112724534,0.0,0.9321263321876941,2.052727112724534,3.173327893261374,4.777355256822911,2025-11-01,2025-11-22,mlf_lightgbm
19,2025-11-01,2025-11-29,4,4,1.9950189283166988,1.9950189283166988,0.6761902719893169,1.3235200865838457,1.9950189283166988,2.666517770049552,3.3138475846440807,2025-11-01,2025-11-29,mlf_lightgbm
20,2025-11-01,2025-11-08,1,1,14.936853025104087,14.936853025104087,12.216926761627667,12.990567024872913,14.936853025104087,16.88313902533526,17.656779288580505,2025-11-01,2025-11-08,mlf_lightgbm
20,2025-11-01,2025-11-15,2,2,16.745445028759978,16.745445028759978,13.03511989417098,15.057995934013212,16.745445028759978,18.432894123506745,20.455770163348976,2025-11-01,2025-11-15,mlf_lightgbm
20,2025-11-01,2025-11-22,3,3,19.978005477559474,19.978005477559474,15.22212607704475,17.88503388001364,19.978005477559474,22.070977075105308,24.733884878074196,2025-11-01,2025-11-22,mlf_lightgbm
20,2025-11-01,2025-11-29,4,4,19.68539112115889,19.68539112115889,12.999106350910488,17.619081412682252,19.68539112115889,21.751700829635528,26.37167589140729,2025-11-01,2025-11-29,mlf_lightgbm
21,2025-11-01,2025-11-08,1,1,14.178788981309264,14.178788981309264,3.9161815800813056,10.078931477259747,14.178788981309264,18.27864648535878,24.44139638253722,2025-11-01,2025-11-08,mlf_lightgbm
21,2025-11-01,2025-11-15,2,2,15.197539573705235,15.197539573705235,4.991888379220203,11.372974851204452,15.197539573705235,19.02210429620602,25.403190768190267,2025-11-01,2025-11-15,mlf_lightgbm
21,2025-11-01,2025-11-22,3,3,15.605600635874353,15.605600635874353,5.232005376588475,10.528299297299382,15.605600635874353,20.682901974449322,25.979195895160228,2025-11-01,2025-11-22,mlf_lightgbm
21,2025-11-01,2025-11-29,4,4,16.03936362683531,16.03936362683531,6.623380745337612,11.112752925460526,16.03936362683531,20.965974328210095,25.455346508333005,2025-11-01,2025-11-29,mlf_lightgbm
22,2025-11-01,2025-11-08,1,1,50.62161042756302,50.62161042756302,45.59051972759102,47.256411437167166,50.62161042756302,53.986809417958874,55.65270112753502,2025-11-01,2025-11-08,mlf_lightgbm
22,2025-11-01,2025-11-15,2,2,58.80820974614762,58.80820974614762,45.73409588499758,51.05138984749129,58.80820974614762,66.56502964480394,71.88232360729765,2025-11-01,2025-11-15,mlf_lightgbm
22,2025-11-01,2025-11-22,3,3,68.00569532722487,68.00569532722487,45.25088534956632,57.45533536126573,68.00569532722487,78.55605529318402,90.76050530488341,2025-11-01,2025-11-22,mlf_lightgbm
22,2025-11-01,2025-11-29,4,4,86.0233759430861,86.0233759430861,66.21128620748318,79.47301597712695,86.0233759430861,92.57373590904524,105.83546567868899,2025-11-01,2025-11-29,mlf_lightgbm
23,2025-11-01,2025-11-08,1,1,1.9950189283166988,1.9950189283166988,0.6924347991073916,1.3424347991073915,1.9950189283166988,2.6476030575260063,3.297603057526006,2025-11-01,2025-11-08,mlf_lightgbm
23,2025-11-01,2025-11-15,2,2,1.9950189283166988,1.9950189283166988,0.283525934699769,0.9433249430153274,1.9950189283166988,3.04671291361807,3.706511921933628,2025-11-01,2025-11-15,mlf_lightgbm
23,2025-11-01,2025-11-22,3,3,2.2908085474093687,2.2908085474093687,0.26361208289689353,1.0178383768026424,2.2908085474093687,3.563778718016095,4.318005011921844,2025-11-01,2025-11-22,mlf_lightgbm
23,2025-11-01,2025-11-29,4,4,2.4094093998032733,2.4094093998032733,0.6684680379561669,1.3229606987914013,2.4094093998032733,3.4958581008151453,4.150350761650379,2025-11-01,2025-11-29,mlf_lightgbm
24,2025-11-01,2025-11-08,1,1,15.637909185972315,15.637909185972315,11.143754400095586,12.816788882434032,15.637909185972315,18.4590294895106,20.132063971849043,2025-11-01,2025-11-08,mlf_lightgbm
24,2025-11-01,2025-11-15,2,2,16.186647468498922,16.186647468498922,4.673097665663759,12.695041648014733,16.186647468498922,19.67825328898311,27.70019727133408,2025-11-01,2025-11-15,mlf_lightgbm
24,2025-11-01,2025-11-22,3,3,17.621578658815398,17.621578658815398,7.1407022973323855,13.924091820566318,17.621578658815398,21.31906549706448,28.102455020298407,2025-11-01,2025-11-22,mlf_lightgbm
24,2025-11-01,2025-11-29,4,4,18.79527874445377,18.79527874445377,11.080016708706939,17.970922455047454,18.79527874445377,19.61963503386009,26.5105407802006,2025-11-01,2025-11-29,mlf_lightgbm
25,2025-11-01,2025-11-08,1,1,19.77506837175219,19.77506837175219,10.251058680706176,16.36410098761218,19.77506837175219,23.186035755892203,29.299078062798202,2025-11-01,2025-11-08,mlf_lightgbm
25,2025-11-01,2025-11-15,2,2,20.23282177163053,20.23282177163053,10.423280081423659,15.936935173035094,20.23282177163053,24.528708370225964,30.0423634618374,2025-11-01,2025-11-15,mlf_lightgbm
25,2025-11-01,2025-11-22,3,3,24.718640209166022,24.718640209166022,19.382833899912175,20.362716094993154,24.718640209166022,29.07456432333889,30.05444651841987,2025-11-01,2025-11-22,mlf_lightgbm
25,2025-11-01,2025-11-29,4,4,26.79508890088072,26.79508890088072,17.340846855178512,22.034218023867105,26.79508890088072,31.555959777894337,36.24933094658293,2025-11-01,2025-11-29,mlf_lightgbm
26,2025-11-01,2025-11-08,1,1,16.676938530036793,16.676938530036793,8.27926587421631,14.614792430048077,16.676938530036793,18.73908463002551,25.074611185857272,2025-11-01,2025-11-08,mlf_lightgbm
26,2025-11-01,2025-11-15,2,2,21.707294186379585,21.707294186379585,12.075770326204388,18.34627280476596,21.707294186379585,25.06831556799321,31.338818046554778,2025-11-01,2025-11-15,mlf_lightgbm
26,2025-11-01,2025-11-22,3,3,26.171345179035434,26.171345179035434,15.630943829176918,22.709998032260664,26.171345179035434,29.632692325810204,36.71174652889395,2025-11-01,2025-11-22,mlf_lightgbm
26,2025-11-01,2025-11-29,4,4,31.761329160437842,31.761329160437842,22.696355023509614,28.40410627180966,31.761329160437842,35.118552049066025,40.82630329736607,2025-11-01,2025-11-29,mlf_lightgbm
27,2025-11-01,2025-11-08,1,1,4.618651238543093,4.618651238543093,0.0,1.9404891000092563,4.618651238543093,7.296813377076929,9.415572836102047,2025-11-01,2025-11-08,mlf_lightgbm
27,2025-11-01,2025-11-15,2,2,5.038656400584576,5.038656400584576,0.0,4.423219494138608,5.038656400584576,5.654093307030544,10.778714450724284,2025-11-01,2025-11-15,mlf_lightgbm
27,2025-11-01,2025-11-22,3,3,4.917921622492716,4.917921622492716,2.785244772823551,4.458071112934437,4.917921622492716,5.377772132050994,7.050598472161879,2025-11-01,2025-11-22,mlf_lightgbm
27,2025-11-01,2025-11-29,4,4,5.890372605419442,5.890372605419442,2.782680108789877,3.5180178434783613,5.890372605419442,8.262727367360522,8.998065102049006,2025-11-01,2025-11-29,mlf_lightgbm
28,2025-11-01,2025-11-08,1,1,16.03936362683531,16.03936362683531,11.016531819769344,13.627854153424385,16.03936362683531,18.450873100246234,21.062195433901277,2025-11-01,2025-11-08,mlf_lightgbm
28,2025-11-01,2025-11-15,2,2,16.03936362683531,16.03936362683531,8.765326992134067,11.768575783068792,16.03936362683531,20.310151470601827,23.31340026153655,2025-11-01,2025-11-15,mlf_lightgbm
28,2025-11-01,2025-11-22,3,3,16.976789527074082,16.976789527074082,6.067099171744352,8.621452154666981,16.976789527074082,25.33212689948118,27.886479882403812,2025-11-01,2025-11-22,mlf_lightgbm
28,2025-11-01,2025-11-29,4,4,18.990425603613602,18.990425603613602,11.198707897986301,15.701543879792935,18.990425603613602,22.279307327434267,26.7821433092409,2025-11-01,2025-11-29,mlf_lightgbm
29,2025-11-01,2025-11-08,1,1,22.772505783468358,22.772505783468358,15.885805071381148,19.122281377216424,22.772505783468358,26.42273018972029,29.65920649555557,2025-11-01,2025-11-08,mlf_lightgbm
29,2025-11-01,2025-11-15,2,2,21.21463095022979,21.21463095022979,10.982630994289035,14.538810737987799,21.21463095022979,27.89045116247178,31.44663090617054,2025-11-01,2025-11-15,mlf_lightgbm
29,2025-11-01,2025-11-22,3,3,23.171017012931934,23.171017012931934,11.685917623612346,19.326428858618748,23.171017012931934,27.01560516724512,34.65611640225152,2025-11-01,2025-11-22,mlf_lightgbm
29,2025-11-01,2025-11-29,4,4,22.2924015078692,22.2924015078692,10.017191675352482,17.671524073203557,22.2924015078692,26.913278942534845,34.567611340385916,2025-11-01,2025-11-29,mlf_lightgbm
30,2025-11-01,2025-11-08,1,1,3.6215587818028867,3.6215587818028867,0.9142623087951065,2.182231091156745,3.6215587818028867,5.060886472449028,6.328855254810667,2025-11-01,2025-11-08,mlf_lightgbm
30,2025-11-01,2025-11-15,2,2,3.8260356872556005,3.8260356872556005,0.5603406645143006,1.7599030312323163,3.8260356872556005,5.892168343278884,7.0917307099969,2025-11-01,2025-11-15,mlf_lightgbm
30,2025-11-01,2025-11-22,3,3,4.234525284108687,4.234525284108687,0.7194340576093055,2.758662441033813,4.234525284108687,5.7103881271835615,7.749616510608068,2025-11-01,2025-11-22,mlf_lightgbm
30,2025-11-01,2025-11-29,4,4,3.352371271771265,3.352371271771265,0.0,1.4078900387817606,3.352371271771265,5.2968525047607695,6.753967479052632,2025-11-01,2025-11-29,mlf_lightgbm
31,2025-11-01,2025-11-08,1,1,1.7151698929465884,1.7151698929465884,0.0,1.2741169685823346,1.7151698929465884,2.1562228173108418,3.855729445757756,2025-11-01,2025-11-08,mlf_lightgbm
31,2025-11-01,2025-11-15,2,2,2.1993912885589646,2.1993912885589646,0.5024074759893449,2.108340836534474,2.1993912885589646,2.2904417405834554,3.896375101128583,2025-11-01,2025-11-15,mlf_lightgbm
31,2025-11-01,2025-11-22,3,3,1.9569273505998663,1.9569273505998663,0.0,1.2877243921260524,1.9569273505998663,2.6261303090736803,4.188737645246642,2025-11-01,2025-11-22,mlf_lightgbm
31,2025-11-01,2025-11-29,4,4,2.668833429638416,2.668833429638416,0.7914909668162005,1.2767456396123198,2.668833429638416,4.060921219664513,4.5461758924606315,2025-11-01,2025-11-29,mlf_lightgbm
32,2025-11-01,2025-11-08,1,1,6.739350639331223,6.739350639331223,1.762019561497697,3.630825888558083,6.739350639331223,9.847875390104361,11.716681717164747,2025-11-01,2025-11-08,mlf_lightgbm
32,2025-11-01,2025-11-15,2,2,9.712854509082513,9.712854509082513,3.754333119436152,6.623272415279976,9.712854509082513,12.80243660288505,15.671375898728872,2025-11-01,2025-11-15,mlf_lightgbm
32,2025-11-01,2025-11-22,3,3,15.425853687794593,15.425853687794593,6.971337717606529,13.83090528645166,15.425853687794593,17.020802089137526,23.880369657982655,2025-11-01,2025-11-22,mlf_lightgbm
32,2025-11-01,2025-11-29,4,4,20.31689056722043,20.31689056722043,18.980532133468312,19.5167484508565,20.31689056722043,21.11703268358436,21.653249000972547,2025-11-01,2025-11-29,mlf_lightgbm
33,2025-11-01,2025-11-08,1,1,2.2394265483396016,2.2394265483396016,0.11569061897931197,0.8063305295193602,2.2394265483396016,3.672522567159843,4.363162477699891,2025-11-01,2025-11-08,mlf_lightgbm
33,2025-11-01,2025-11-15,2,2,2.36735522302,2.36735522302,0.2602040968163218,1.2702041502829653,2.36735522302,3.464506295757035,4.474506349223678,2025-11-01,2025-11-15,mlf_lightgbm
33,2025-11-01,2025-11-22,3,3,2.7825220684127303,2.7825220684127303,0.48408275725128225,1.5981552675756903,2.7825220684127303,3.9668888692497704,5.080961379574179,2025-11-01,2025-11-22,mlf_lightgbm
33,2025-11-01,2025-11-29,4,4,3.0558952099280345,3.0558952099280345,0.7916274895904399,1.9024716303161395,3.0558952099280345,4.20931878953993,5.320162930265629,2025-11-01,2025-11-29,mlf_lightgbm
34,2025-11-01,2025-11-08,1,1,36.2870265001079,36.2870265001079,30.98184623957465,31.90715854102278,36.2870265001079,40.66689445919302,41.59220676064115,2025-11-01,2025-11-08,mlf_lightgbm
34,2025-11-01,2025-11-15,2,2,32.318542172390984,32.318542172390984,19.39737884656721,26.508419341652946,32.318542172390984,38.12866500312902,45.239705498214754,2025-11-01,2025-11-15,mlf_lightgbm
34,2025-11-01,2025-11-22,3,3,34.987457845238254,34.987457845238254,22.378646521450836,28.936864647805837,34.987457845238254,41.03805104267067,47.59626916902567,2025-11-01,2025-11-22,mlf_lightgbm
34,2025-11-01,2025-11-29,4,4,39.20187890146222,39.20187890146222,24.00571819750861,30.726321107239542,39.20187890146222,47.677436695684904,54.39803960541583,2025-11-01,2025-11-29,mlf_lightgbm
35,2025-11-01,2025-11-08,1,1,5.607199689054359,5.607199689054359,2.2489829860098385,4.4526778656622445,5.607199689054359,6.761721512446473,8.965416392098879,2025-11-01,2025-11-08,mlf_lightgbm
35,2025-11-01,2025-11-15,2,2,7.110166745854361,7.110166745854361,5.484562094631821,6.334355343149979,7.110166745854361,7.885978148558743,8.735771397076899,2025-11-01,2025-11-15,mlf_lightgbm
35,2025-11-01,2025-11-22,3,3,8.570629342745194,8.570629342745194,6.618778924099949,7.386295322967263,8.570629342745194,9.754963362523124,10.522479761390438,2025-11-01,2025-11-22,mlf_lightgbm
35,2025-11-01,2025-11-29,4,4,14.330260689612361,14.330260689612361,11.531893500773604,12.378548899806415,14.330260689612361,16.281972479418307,17.128627878451116,2025-11-01,2025-11-29,mlf_lightgbm
36,2025-11-01,2025-11-08,1,1,62.32758435771865,62.32758435771865,58.093620689927015,59.34933980995013,62.32758435771865,65.30582890548718,66.56154802551028,2025-11-01,2025-11-08,mlf_lightgbm
36,2025-11-01,2025-11-15,2,2,69.5417311674386,69.5417311674386,57.67557098134614,60.31348661967008,69.5417311674386,78.76997571520712,81.40789135353104,2025-11-01,2025-11-15,mlf_lightgbm
36,2025-11-01,2025-11-22,3,3,81.0258223182882,81.0258223182882,68.99245688851369,72.89940485709312,81.0258223182882,89.1522397794833,93.05918774806273,2025-11-01,2025-11-22,mlf_lightgbm
36,2025-11-01,2025-11-29,4,4,104.11726138763673,104.11726138763673,73.3833852705745,97.05230158052981,104.11726138763673,111.18222119474365,134.85113750469895,2025-11-01,2025-11-29,mlf_lightgbm
37,2025-11-01,2025-11-08,1,1,28.413902516408026,28.413902516408026,26.13974265352795,26.784158594004243,28.413902516408026,30.04364643881181,30.6880623792881,2025-11-01,2025-11-08,mlf_lightgbm
37,2025-11-01,2025-11-15,2,2,26.291987105365862,26.291987105365862,18.655526435929854,23.0226015133717,26.291987105365862,29.561372697360024,33.92844777480187,2025-11-01,2025-11-15,mlf_lightgbm
37,2025-11-01,2025-11-22,3,3,26.19782593110284,26.19782593110284,17.604199465580084,22.255016130490787,26.19782593110284,30.140635731714895,34.791452396625594,2025-11-01,2025-11-22,mlf_lightgbm
37,2025-11-01,2025-11-29,4,4,27.27559648874225,27.27559648874225,17.62666384976147,22.196954985901765,27.27559648874225,32.354237991582735,36.92452912772303,2025-11-01,2025-11-29,mlf_lightgbm
38,2025-11-01,2025-11-08,1,1,2.161299710842133,2.161299710842133,0.6980392505823426,1.522298005288413,2.161299710842133,2.8003014163958526,3.6245601711019226,2025-11-01,2025-11-08,mlf_lightgbm
38,2025-11-01,2025-11-15,2,2,2.1993912885589646,2.1993912885589646,0.0,0.31367092393671103,2.1993912885589646,4.085111653181218,5.001819374358707,2025-11-01,2025-11-15,mlf_lightgbm
38,2025-11-01,2025-11-22,3,3,1.9950189283166988,1.9950189283166988,0.06466861549294056,1.299117012016708,1.9950189283166988,2.6909208446166897,3.9253692411404564,2025-11-01,2025-11-22,mlf_lightgbm
38,2025-11-01,2025-11-29,4,4,1.9769189310359232,1.9769189310359232,0.47082024451186105,1.6757244025948763,1.9769189310359232,2.27811345947697,3.4830176175599847,2025-11-01,2025-11-29,mlf_lightgbm
39,2025-11-01,2025-11-08,1,1,19.688016760213497,19.688016760213497,10.176333142085126,14.36863682448767,19.688016760213497,25.007396695939324,29.199700378341866,2025-11-01,2025-11-08,mlf_lightgbm
39,2025-11-01,2025-11-15,2,2,21.57999448269842,21.57999448269842,11.826511681084625,13.20273278619242,21.57999448269842,29.95725617920442,31.333477284312217,2025-11-01,2025-11-15,mlf_lightgbm
39,2025-11-01,2025-11-22,3,3,21.86331366514395,21.86331366514395,6.594603196160926,12.667057889957132,21.86331366514395,31.059569440330765,37.132024134126965,2025-11-01,2025-11-22,mlf_lightgbm
39,2025-11-01,2025-11-29,4,4,27.473656581355897,27.473656581355897,13.968962432689208,21.424053770946703,27.473656581355897,33.52325939176509,40.97835073002258,2025-11-01,2025-11-29,mlf_lightgbm
40,2025-11-01,2025-11-08,1,1,14.579890972250361,14.579890972250361,7.217523061958825,12.577667724802122,14.579890972250361,16.5821142196986,21.942258882541896,2025-11-01,2025-11-08,mlf_lightgbm
40,2025-11-01,2025-11-15,2,2,16.219308468518793,16.219308468518793,6.368278372654351,9.038889716446848,16.219308468518793,23.39972722059074,26.070338564383235,2025-11-01,2025-11-15,mlf_lightgbm
40,2025-11-01,2025-11-22,3,3,15.382672996724668,15.382672996724668,10.222625137936038,14.269625869322375,15.382672996724668,16.49572012412696,20.542720855513295,2025-11-01,2025-11-22,mlf_lightgbm
40,2025-11-01,2025-11-29,4,4,17.531311067725227,17.531311067725227,9.460086690498182,12.488925138512233,17.531311067725227,22.57369699693822,25.60253544495227,2025-11-01,2025-11-29,mlf_lightgbm
41,2025-11-01,2025-11-08,1,1,6.564949052270573,6.564949052270573,4.403998413066084,5.103439808611983,6.564949052270573,8.026458295929162,8.72589969147506,2025-11-01,2025-11-08,mlf_lightgbm
41,2025-11-01,2025-11-15,2,2,9.555320383437186,9.555320383437186,5.866690586773719,7.873247994204366,9.555320383437186,11.237392772670006,13.243950180100653,2025-11-01,2025-11-15,mlf_lightgbm
41,2025-11-01,2025-11-22,3,3,15.780844129836332,15.780844129836332,12.232283862298173,14.276045766944529,15.780844129836332,17.285642492728137,19.329404397374493,2025-11-01,2025-11-22,mlf_lightgbm
41,2025-11-01,2025-11-29,4,4,22.00919127442279,22.00919127442279,20.694956128422593,21.37374194200862,22.00919127442279,22.64464060683696,23.323426420422987,2025-11-01,2025-11-29,mlf_lightgbm
42,2025-11-01,2025-11-08,1,1,126.91506799693944,126.91506799693944,86.06587978244637,106.7690189908449,126.91506799693944,147.06111700303398,167.76425621143252,2025-11-01,2025-11-08,mlf_lightgbm
42,2025-11-01,2025-11-15,2,2,122.45748227656216,122.45748227656216,77.74520220810447,95.24857636709137,122.45748227656216,149.66638818603295,167.16976234501982,2025-11-01,2025-11-15,mlf_lightgbm
42,2025-11-01,2025-11-22,3,3,128.87650532920654,128.87650532920654,71.6389799235572,91.35238888313374,128.87650532920654,166.40062177527932,186.11403073485587,2025-11-01,2025-11-22,mlf_lightgbm
42,2025-11-01,2025-11-29,4,4,125.47843315954829,125.47843315954829,72.1164390005755,84.71722443185023,125.47843315954829,166.23964188724636,178.84042731852108,2025-11-01,2025-11-29,mlf_lightgbm
44,2025-11-01,2025-11-08,1,1,10.07316261045558,10.07316261045558,7.0158597260902065,8.420578481246272,10.07316261045558,11.725746739664887,13.130465494820951,2025-11-01,2025-11-08,mlf_lightgbm
44,2025-11-01,2025-11-15,2,2,10.660259605041928,10.660259605041928,7.643324179096293,9.387289434435202,10.660259605041928,11.933229775648654,13.677195030987562,2025-11-01,2025-11-15,mlf_lightgbm
44,2025-11-01,2025-11-22,3,3,11.484427322757778,11.484427322757778,9.37672480303823,10.219420325866292,11.484427322757778,12.749434319649264,13.592129842477325,2025-11-01,2025-11-22,mlf_lightgbm
44,2025-11-01,2025-11-29,4,4,12.424595018331487,12.424595018331487,6.764500964990306,11.267474398244595,12.424595018331487,13.58171563841838,18.084689071672667,2025-11-01,2025-11-29,mlf_lightgbm
45,2025-11-01,2025-11-08,1,1,10.372774957761607,10.372774957761607,3.430043048154483,8.64201664264065,10.372774957761607,12.103533272882565,17.315506867368725,2025-11-01,2025-11-08,mlf_lightgbm
45,2025-11-01,2025-11-15,2,2,10.609966642443368,10.609966642443368,1.1426477267585904,9.508215957124051,10.609966642443368,11.711717327762685,20.07728555812814,2025-11-01,2025-11-15,mlf_lightgbm
45,2025-11-01,2025-11-22,3,3,9.920929581630663,9.920929581630663,0.0,1.8612542750838323,9.920929581630663,17.980604888177492,24.03175629317373,2025-11-01,2025-11-22,mlf_lightgbm
45,2025-11-01,2025-11-29,4,4,10.409242342417583,10.409242342417583,0.0,6.521798035133452,10.409242342417583,14.296686649701714,20.854183992760596,2025-11-01,2025-11-29,mlf_lightgbm
46,2025-11-01,2025-11-08,1,1,1.75326147066342,1.75326147066342,0.32990364694485785,1.3642435132058885,1.75326147066342,2.1422794281209514,3.1766192943819815,2025-11-01,2025-11-08,mlf_lightgbm
46,2025-11-01,2025-11-15,2,2,1.9436369292469322,1.9436369292469322,0.5202758247810209,1.658293967699612,1.9436369292469322,2.2289798907942524,3.3669980337128433,2025-11-01,2025-11-15,mlf_lightgbm
46,2025-11-01,2025-11-22,3,3,1.9569273505998663,1.9569273505998663,0.8424200679388016,1.8363265700630262,1.9569273505998663,2.0775281311367064,3.0714346332609304,2025-11-01,2025-11-22,mlf_lightgbm
46,2025-11-01,2025-11-29,4,4,1.9950189283166988,1.9950189283166988,0.21414597882413916,0.8739449871396976,1.9950189283166988,3.1160928694937,3.775891877809258,2025-11-01,2025-11-29,mlf_lightgbm
47,2025-11-01,2025-11-08,1,1,37.36417991423381,37.36417991423381,27.527431894450864,33.16359065934457,37.36417991423381,41.564769169123046,47.200927934016754,2025-11-01,2025-11-08,mlf_lightgbm
47,2025-11-01,2025-11-15,2,2,37.82868122611138,37.82868122611138,18.95209113350806,32.514773960666616,37.82868122611138,43.14258849155614,56.70527131871469,2025-11-01,2025-11-15,mlf_lightgbm
47,2025-11-01,2025-11-22,3,3,37.751729475765785,37.751729475765785,20.98736707794194,34.58254080265952,37.751729475765785,40.92091814887205,54.51609187358962,2025-11-01,2025-11-22,mlf_lightgbm
47,2025-11-01,2025-11-29,4,4,37.751729475765785,37.751729475765785,24.305399425202566,27.040403886837503,37.751729475765785,48.46305506469407,51.198059526329004,2025-11-01,2025-11-29,mlf_lightgbm
48,2025-11-01,2025-11-08,1,1,178.1407825842649,178.1407825842649,140.49296933966176,160.69541969776245,178.1407825842649,195.58614547076738,215.78859582886807,2025-11-01,2025-11-08,mlf_lightgbm
48,2025-11-01,2025-11-15,2,2,217.3141720390691,217.3141720390691,162.72191991662467,181.32907581975124,217.3141720390691,253.29926825838695,271.9064241615135,2025-11-01,2025-11-15,mlf_lightgbm
48,2025-11-01,2025-11-22,3,3,297.336964038103,297.336964038103,228.57078524193605,235.239548161818,297.336964038103,359.43437991438805,366.10314283427,2025-11-01,2025-11-22,mlf_lightgbm
48,2025-11-01,2025-11-29,4,4,412.69219170113604,412.69219170113604,315.08028862213723,357.9728632546862,412.69219170113604,467.41152014758586,510.30409478013485,2025-11-01,2025-11-29,mlf_lightgbm
49,2025-11-01,2025-11-08,1,1,1.75326147066342,1.75326147066342,0.0,0.6915548159682904,1.75326147066342,2.8149681253585497,4.632238047046388,2025-11-01,2025-11-08,mlf_lightgbm
49,2025-11-01,2025-11-15,2,2,2.4263694916793184,2.4263694916793184,0.42153865514526945,1.6541263664906898,2.4263694916793184,3.198612616867947,4.431200328213367,2025-11-01,2025-11-15,mlf_lightgbm
49,2025-11-01,2025-11-22,3,3,3.0064996582787793,3.0064996582787793,0.8488429567344147,1.8732709988806633,3.0064996582787793,4.139728317676895,5.164156359823143,2025-11-01,2025-11-22,mlf_lightgbm
49,2025-11-01,2025-11-29,4,4,3.569689548403421,3.569689548403421,0.0,2.126243183947947,3.569689548403421,5.013135912858894,7.2665673974390605,2025-11-01,2025-11-29,mlf_lightgbm
50,2025-11-01,2025-11-08,1,1,1.7151698929465884,1.7151698929465884,0.06258576373728109,0.06258576373728109,1.7151698929465884,3.3677540221558955,3.3677540221558955,2025-11-01,2025-11-08,mlf_lightgbm
50,2025-11-01,2025-11-15,2,2,1.9592909368714937,1.9592909368714937,0.0,0.0,1.9592909368714937,4.078842425998555,4.078842425998555,2025-11-01,2025-11-15,mlf_lightgbm
50,2025-11-01,2025-11-22,3,3,1.9388273533190916,1.9388273533190916,0.0,0.5923646203456767,1.9388273533190916,3.2852900862925063,4.026054583831048,2025-11-01,2025-11-22,mlf_lightgbm
50,2025-11-01,2025-11-29,4,4,2.0346271154437603,2.0346271154437603,0.0,0.0,2.0346271154437603,4.211933287458473,4.215596075510123,2025-11-01,2025-11-29,mlf_lightgbm
51,2025-11-01,2025-11-08,1,1,16.0276896285447,16.0276896285447,11.661515974562628,14.567902880587713,16.0276896285447,17.48747637650169,20.39386328252677,2025-11-01,2025-11-08,mlf_lightgbm
51,2025-11-01,2025-11-15,2,2,16.46145261950567,16.46145261950567,14.461505062973838,14.754120054046673,16.46145261950567,18.16878518496467,18.461400176037504,2025-11-01,2025-11-15,mlf_lightgbm
51,2025-11-01,2025-11-22,3,3,16.88262835281106,16.88262835281106,12.658922027038912,14.925072870157347,16.88262835281106,18.840183835464774,21.10633467858321,2025-11-01,2025-11-22,mlf_lightgbm
51,2025-11-01,2025-11-29,4,4,22.14105717734055,22.14105717734055,17.766095720643385,20.979848979841464,22.14105717734055,23.302265374839635,26.51601863403771,2025-11-01,2025-11-29,mlf_lightgbm
53,2025-11-01,2025-11-08,1,1,16.186647468498922,16.186647468498922,12.134325987641843,13.803787446672967,16.186647468498922,18.569507490324874,20.238968949356,2025-11-01,2025-11-08,mlf_lightgbm
53,2025-11-01,2025-11-15,2,2,17.687235454412832,17.687235454412832,11.248140436960824,13.146821544772699,17.687235454412832,22.227649364052965,24.12633047186484,2025-11-01,2025-11-15,mlf_lightgbm
53,2025-11-01,2025-11-22,3,3,18.913865140102416,18.913865140102416,12.588559626203384,17.903379865165448,18.913865140102416,19.924350415039385,25.239170654001445,2025-11-01,2025-11-22,mlf_lightgbm
53,2025-11-01,2025-11-29,4,4,22.89178578834827,22.89178578834827,11.766800250861106,17.061425237503187,22.89178578834827,28.72214633919335,34.016771325835435,2025-11-01,2025-11-29,mlf_lightgbm
54,2025-11-01,2025-11-08,1,1,1.7151698929465884,1.7151698929465884,0.0,0.10942092627104139,1.7151698929465884,3.320918859622135,4.1052979175069355,2025-11-01,2025-11-08,mlf_lightgbm
54,2025-11-01,2025-11-15,2,2,2.3934353545424147,2.3934353545424147,0.3662388900299396,0.3704651839356885,2.3934353545424147,4.416405525149141,4.42063181905489,2025-11-01,2025-11-15,mlf_lightgbm
54,2025-11-01,2025-11-22,3,3,1.9388273533190916,1.9388273533190916,0.12855737887985647,0.8985121937434579,1.9388273533190916,2.9791425128947253,3.749097327758326,2025-11-01,2025-11-22,mlf_lightgbm
54,2025-11-01,2025-11-29,4,4,2.052727112724534,2.052727112724534,0.0,0.6456033786164729,2.052727112724534,3.4598508468325955,4.205440659721583,2025-11-01,2025-11-29,mlf_lightgbm
55,2025-11-01,2025-11-08,1,1,6.159220472731761,6.159220472731761,1.7982352479490982,3.6328178268209355,6.159220472731761,8.685623118642587,10.520205697514422,2025-11-01,2025-11-08,mlf_lightgbm
55,2025-11-01,2025-11-15,2,2,5.517609671108019,5.517609671108019,1.349779107784443,4.2634289902089355,5.517609671108019,6.771790352007103,9.685440234431594,2025-11-01,2025-11-15,mlf_lightgbm
55,2025-11-01,2025-11-22,3,3,6.155145764404984,6.155145764404984,3.4019761075712633,3.739076955109016,6.155145764404984,8.571214573700951,8.908315421238704,2025-11-01,2025-11-22,mlf_lightgbm
55,2025-11-01,2025-11-29,4,4,6.159220472731761,6.159220472731761,1.1525952379996114,5.237324364430533,6.159220472731761,7.081116581032989,11.165845707463907,2025-11-01,2025-11-29,mlf_lightgbm
56,2025-11-01,2025-11-08,1,1,4.845259755376477,4.845259755376477,2.88914684222063,3.19267562616717,4.845259755376477,6.497843884585785,6.801372668532324,2025-11-01,2025-11-08,mlf_lightgbm
56,2025-11-01,2025-11-15,2,2,4.486635616907174,4.486635616907174,2.4143421810755394,2.463665446300448,4.486635616907174,6.5096057875139,6.558929052738809,2025-11-01,2025-11-15,mlf_lightgbm
56,2025-11-01,2025-11-22,3,3,4.733447908185031,4.733447908185031,3.1891781574152285,3.710477737578305,4.733447908185031,5.756418078791757,6.277717658954833,2025-11-01,2025-11-22,mlf_lightgbm
56,2025-11-01,2025-11-29,4,4,5.447628642601624,5.447628642601624,2.8827386953270002,4.10105222221352,5.447628642601624,6.794205062989729,8.012518589876247,2025-11-01,2025-11-29,mlf_lightgbm
72,2025-11-01,2025-11-08,1,1,64.42844941588541,64.42844941588541,37.7609388255544,56.89612035675706,64.42844941588541,71.96077847501377,91.09596000621642,2025-11-01,2025-11-08,mlf_lightgbm
72,2025-11-01,2025-11-15,2,2,66.37771755492375,66.37771755492375,25.1092444730904,37.917023388684854,66.37771755492375,94.83841172116264,107.6461906367571,2025-11-01,2025-11-15,mlf_lightgbm
72,2025-11-01,2025-11-22,3,3,77.58602130309716,77.58602130309716,38.59059674225614,48.115004185004146,77.58602130309716,107.05703842119016,116.58144586393817,2025-11-01,2025-11-22,mlf_lightgbm
72,2025-11-01,2025-11-29,4,4,100.77783965004798,100.77783965004798,24.07638880651792,66.76089718507264,100.77783965004798,134.79478211502334,177.47929049357802,2025-11-01,2025-11-29,mlf_lightgbm
01,2025-11-29,2025-12-06,1,1,54.96652385549967,54.96652385549967,43.599572269381376,49.222986724629294,54.96652385549967,60.71006098637005,66.33347544161798,2025-11-29,2025-12-06,mlf_lightgbm
01,2025-11-29,2025-12-13,2,2,72.39824979392625,72.39824979392625,61.512108319311196,66.49391073484095,72.39824979392625,78.30258885301156,83.28439126854131,2025-11-29,2025-12-13,mlf_lightgbm
01,2025-11-29,2025-12-20,3,3,101.61924350458324,101.61924350458324,88.95243217301196,94.03840956988282,101.61924350458324,109.20007743928366,114.28605483615452,2025-11-29,2025-12-20,mlf_lightgbm
01,2025-11-29,2025-12-27,4,4,143.2471574479467,143.2471574479467,128.4398538864767,138.90882531734752,143.2471574479467,147.5854895785459,158.0544610094167,2025-11-29,2025-12-27,mlf_lightgbm
02,2025-11-29,2025-12-06,1,1,7.450608009700354,7.450608009700354,0.362633345671453,5.45952239063798,7.450608009700354,9.441693628762728,14.53858267372925,2025-11-29,2025-12-06,mlf_lightgbm
02,2025-11-29,2025-12-13,2,2,9.955636544790986,9.955636544790986,7.853273083045605,8.602557115651422,9.955636544790986,11.30871597393055,12.058000006536368,2025-11-29,2025-12-13,mlf_lightgbm
02,2025-11-29,2025-12-20,3,3,12.49620308917342,12.49620308917342,11.427910665400303,11.470308148590622,12.49620308917342,13.522098029756219,13.564495512946538,2025-11-29,2025-12-20,mlf_lightgbm
02,2025-11-29,2025-12-27,4,4,14.094160781296262,14.094160781296262,9.872779067488873,12.840719618793909,14.094160781296262,15.347601943798615,18.31554249510365,2025-11-29,2025-12-27,mlf_lightgbm
04,2025-11-29,2025-12-06,1,1,75.45845118751902,75.45845118751902,67.29099647435974,70.37241896887873,75.45845118751902,80.5444834061593,83.62590590067829,2025-11-29,2025-12-06,mlf_lightgbm
04,2025-11-29,2025-12-13,2,2,108.45888987345569,108.45888987345569,97.03910736055965,103.46395166333573,108.45888987345569,113.45382808357564,119.87867238635172,2025-11-29,2025-12-13,mlf_lightgbm
04,2025-11-29,2025-12-20,3,3,257.4968742584382,257.4968742584382,240.78289058015835,246.88610521602928,257.4968742584382,268.10764330084714,274.210857936718,2025-11-29,2025-12-20,mlf_lightgbm
04,2025-11-29,2025-12-27,4,4,169.32958428470124,169.32958428470124,149.78170688243273,165.7663710172433,169.32958428470124,172.89279755215918,188.87746168696972,2025-11-29,2025-12-27,mlf_lightgbm
05,2025-11-29,2025-12-06,1,1,70.20058876923794,70.20058876923794,68.52373722137402,69.09692856375186,70.20058876923794,71.30424897472402,71.87744031710186,2025-11-29,2025-12-06,mlf_lightgbm
05,2025-11-29,2025-12-13,2,2,82.14675100213974,82.14675100213974,69.02689160288311,80.92639361923024,82.14675100213974,83.36710838504924,95.26661040139635,2025-11-29,2025-12-13,mlf_lightgbm
05,2025-11-29,2025-12-20,3,3,110.52906108916522,110.52906108916522,101.28387367733242,107.7601077918498,110.52906108916522,113.29801438648065,119.77424850099803,2025-11-29,2025-12-20,mlf_lightgbm
05,2025-11-29,2025-12-27,4,4,165.23710017602463,165.23710017602463,117.1306653565986,162.44398970382508,165.23710017602463,168.03021064822417,213.34353499545063,2025-11-29,2025-12-27,mlf_lightgbm
06,2025-11-29,2025-12-06,1,1,275.2361652745164,275.2361652745164,255.41890065327902,259.39892200143044,275.2361652745164,291.07340854760236,295.05342989575377,2025-11-29,2025-12-06,mlf_lightgbm
06,2025-11-29,2025-12-13,2,2,423.0837229786013,423.0837229786013,394.36575426641724,402.23837187385055,423.0837229786013,443.9290740833521,451.8016916907854,2025-11-29,2025-12-13,mlf_lightgbm
06,2025-11-29,2025-12-20,3,3,382.375590928219,382.375590928219,331.3134767057657,344.16246284033787,382.375590928219,420.5887190161002,433.43770515067234,2025-11-29,2025-12-20,mlf_lightgbm
06,2025-11-29,2025-12-27,4,4,0.0,0.0,0.0,0.0,0.0,0.0,0.0,2025-11-29,2025-12-27,mlf_lightgbm
08,2025-11-29,2025-12-06,1,1,193.76154821675567,193.76154821675567,188.06204172522703,192.4722297803516,193.76154821675567,195.05086665315974,199.4610547082843,2025-11-29,2025-12-06,mlf_lightgbm
08,2025-11-29,2025-12-13,2,2,210.163611260102,210.163611260102,194.20050798569713,208.0161253534846,210.163611260102,212.31109716671938,226.12671453450685,2025-11-29,2025-12-13,mlf_lightgbm
08,2025-11-29,2025-12-20,3,3,263.3948860998356,263.3948860998356,216.35642444479936,259.59728008894984,263.3948860998356,267.1924921107214,310.4333477548718,2025-11-29,2025-12-20,mlf_lightgbm
08,2025-11-29,2025-12-27,4,4,408.1933040962489,408.1933040962489,332.87585239839495,401.18857289644825,408.1933040962489,415.1980352960495,483.5107557941028,2025-11-29,2025-12-27,mlf_lightgbm
09,2025-11-29,2025-12-06,1,1,72.42021481812168,72.42021481812168,64.6375240121279,67.47035172735914,72.42021481812168,77.37007790888421,80.20290562411546,2025-11-29,2025-12-06,mlf_lightgbm
09,2025-11-29,2025-12-13,2,2,84.127981096385,84.127981096385,79.51591399162423,81.37610303551746,84.127981096385,86.87985915725254,88.74004820114577,2025-11-29,2025-12-13,mlf_lightgbm
09,2025-11-29,2025-12-20,3,3,108.71701732318382,108.71701732318382,90.71698292877423,105.66134988747432,108.71701732318382,111.77268475889333,126.7170517175934,2025-11-29,2025-12-20,mlf_lightgbm
09,2025-11-29,2025-12-27,4,4,170.28055330458037,170.28055330458037,124.06468032301444,167.01247334836268,170.28055330458037,173.54863326079806,216.49642628614626,2025-11-29,2025-12-27,mlf_lightgbm
10,2025-11-29,2025-12-06,1,1,15.72963537256989,15.72963537256989,11.71857150658355,14.068400439349274,15.72963537256989,17.390870305790507,19.74069923855623,2025-11-29,2025-12-06,mlf_lightgbm
10,2025-11-29,2025-12-13,2,2,19.077955160450873,19.077955160450873,15.314124474683869,17.851993048168904,19.077955160450873,20.303917272732843,22.841785846217878,2025-11-29,2025-12-13,mlf_lightgbm
10,2025-11-29,2025-12-20,3,3,26.81167756494034,26.81167756494034,19.068036216482437,24.839807266502373,26.81167756494034,28.783547863378306,34.55531891339823,2025-11-29,2025-12-20,mlf_lightgbm
10,2025-11-29,2025-12-27,4,4,39.25140247218436,39.25140247218436,31.483381956477185,37.960760596929106,39.25140247218436,40.542044347439614,47.01942298789153,2025-11-29,2025-12-27,mlf_lightgbm
11,2025-11-29,2025-12-06,1,1,16.782024049024873,16.782024049024873,15.001633326679874,15.230985676043789,16.782024049024873,18.33306242200596,18.56241477136987,2025-11-29,2025-12-06,mlf_lightgbm
11,2025-11-29,2025-12-13,2,2,18.90688690489443,18.90688690489443,14.983973125281318,16.76961203577907,18.90688690489443,21.044161774009794,22.829800684507543,2025-11-29,2025-12-13,mlf_lightgbm
11,2025-11-29,2025-12-20,3,3,21.24640945780035,21.24640945780035,12.796334272786403,19.99391094068578,21.24640945780035,22.49890797491492,29.696484642814294,2025-11-29,2025-12-20,mlf_lightgbm
11,2025-11-29,2025-12-27,4,4,26.67555157731037,26.67555157731037,17.351934420831757,22.41131577387779,26.67555157731037,30.93978738074295,35.99916873378898,2025-11-29,2025-12-27,mlf_lightgbm
12,2025-11-29,2025-12-06,1,1,762.2720195296313,762.2720195296313,722.5612523625264,740.3360892394703,762.2720195296313,784.2079498197922,801.9827866967362,2025-11-29,2025-12-06,mlf_lightgbm
12,2025-11-29,2025-12-13,2,2,922.1216727746075,922.1216727746075,867.0887495643319,898.135853490081,922.1216727746075,946.1074920591341,977.1545959848831,2025-11-29,2025-12-13,mlf_lightgbm
12,2025-11-29,2025-12-20,3,3,1145.970670447045,1145.970670447045,963.4790811918631,1049.6912251844717,1145.970670447045,1242.2501157096183,1328.462259702227,2025-11-29,2025-12-20,mlf_lightgbm
12,2025-11-29,2025-12-27,4,4,1194.5697522089295,1194.5697522089295,955.8013760117548,1085.5909565674642,1194.5697522089295,1303.5485478503947,1433.338128406104,2025-11-29,2025-12-27,mlf_lightgbm
13,2025-11-29,2025-12-06,1,1,212.60146226657892,212.60146226657892,198.92171430084173,204.0058324579755,212.60146226657892,221.19709207518235,226.2812102323161,2025-11-29,2025-12-06,mlf_lightgbm
13,2025-11-29,2025-12-13,2,2,273.08934978358815,273.08934978358815,250.61494071501633,264.8826574251928,273.08934978358815,281.2960421419835,295.56375885215994,2025-11-29,2025-12-13,mlf_lightgbm
13,2025-11-29,2025-12-20,3,3,410.2844786765913,410.2844786765913,360.6357779165925,397.5466294946872,410.2844786765913,423.0223278584954,459.93317943659,2025-11-29,2025-12-20,mlf_lightgbm
13,2025-11-29,2025-12-27,4,4,585.0044955432624,585.0044955432624,495.8936369508148,571.0671120742728,585.0044955432624,598.9418790122519,674.1153541357098,2025-11-29,2025-12-27,mlf_lightgbm
15,2025-11-29,2025-12-06,1,1,37.94912987584173,37.94912987584173,35.62072875725355,36.64884335693031,37.94912987584173,39.24941639475315,40.2775309944299,2025-11-29,2025-12-06,mlf_lightgbm
15,2025-11-29,2025-12-13,2,2,44.52244511231962,44.52244511231962,36.640185757210034,41.348802361341335,44.52244511231962,47.69608786329791,52.40470446742921,2025-11-29,2025-12-13,mlf_lightgbm
15,2025-11-29,2025-12-20,3,3,56.6758182918154,56.6758182918154,29.919685023879453,54.33754782030838,56.6758182918154,59.01408876332243,83.43195155975134,2025-11-29,2025-12-20,mlf_lightgbm
15,2025-11-29,2025-12-27,4,4,74.42556650612825,74.42556650612825,57.60381493393115,71.52063814825956,74.42556650612825,77.33049486399693,91.24731807832535,2025-11-29,2025-12-27,mlf_lightgbm
16,2025-11-29,2025-12-06,1,1,42.69231117801823,42.69231117801823,33.91801770726414,41.48382025709802,42.69231117801823,43.90080209893844,51.46660464877232,2025-11-29,2025-12-06,mlf_lightgbm
16,2025-11-29,2025-12-13,2,2,64.17837748196595,64.17837748196595,60.77943007769303,62.90750339899429,64.17837748196595,65.44925156493761,67.57732488623887,2025-11-29,2025-12-13,mlf_lightgbm
16,2025-11-29,2025-12-20,3,3,95.40702434488914,95.40702434488914,83.21093068678687,93.47371339906178,95.40702434488914,97.3403352907165,107.6031180029914,2025-11-29,2025-12-20,mlf_lightgbm
16,2025-11-29,2025-12-27,4,4,147.76742992580583,147.76742992580583,137.28803583778313,144.77087108830818,147.76742992580583,150.76398876330347,158.24682401382853,2025-11-29,2025-12-27,mlf_lightgbm
17,2025-11-29,2025-12-06,1,1,170.68700652419557,170.68700652419557,163.46142365645417,164.38656615920755,170.68700652419557,176.9874468891836,177.91258939193696,2025-11-29,2025-12-06,mlf_lightgbm
17,2025-11-29,2025-12-13,2,2,229.23801138667554,229.23801138667554,217.97043065530184,223.08984813725368,229.23801138667554,235.3861746360974,240.50559211804924,2025-11-29,2025-12-13,mlf_lightgbm
17,2025-11-29,2025-12-20,3,3,327.50857436912446,327.50857436912446,297.98318978169755,323.6280525037689,327.50857436912446,331.38909623448,357.0339589565514,2025-11-29,2025-12-20,mlf_lightgbm
17,2025-11-29,2025-12-27,4,4,556.4113702268659,556.4113702268659,497.84253415669076,543.2703450977606,556.4113702268659,569.5523953559712,614.9802062970409,2025-11-29,2025-12-27,mlf_lightgbm
18,2025-11-29,2025-12-06,1,1,104.3072904212787,104.3072904212787,100.68236723424461,102.79891025811186,104.3072904212787,105.81567058444553,107.93221360831278,2025-11-29,2025-12-06,mlf_lightgbm
18,2025-11-29,2025-12-13,2,2,140.71448375375695,140.71448375375695,125.22044160277554,138.61630626128152,140.71448375375695,142.81266124623238,156.20852590473834,2025-11-29,2025-12-13,mlf_lightgbm
18,2025-11-29,2025-12-20,3,3,202.43101571596537,202.43101571596537,174.80467393907574,199.26101811830347,202.43101571596537,205.60101331362728,230.05735749285498,2025-11-29,2025-12-20,mlf_lightgbm
18,2025-11-29,2025-12-27,4,4,284.4762685640998,284.4762685640998,238.96794970703306,276.88932822674417,284.4762685640998,292.0632089014555,329.98458742116657,2025-11-29,2025-12-27,mlf_lightgbm
19,2025-11-29,2025-12-06,1,1,18.067167320011773,18.067167320011773,12.956884388509545,16.56759120561312,18.067167320011773,19.566743434410427,23.177450251514,2025-11-29,2025-12-06,mlf_lightgbm
19,2025-11-29,2025-12-13,2,2,22.002825898526194,22.002825898526194,17.597495035980916,20.860443534085178,22.002825898526194,23.14520826296721,26.40815676107147,2025-11-29,2025-12-13,mlf_lightgbm
19,2025-11-29,2025-12-20,3,3,28.006838925225,28.006838925225,24.517692391614528,26.24092404956659,28.006838925225,29.77275380088341,31.495985458835474,2025-11-29,2025-12-20,mlf_lightgbm
19,2025-11-29,2025-12-27,4,4,40.508678151827844,40.508678151827844,29.185083702422038,39.64363056365829,40.508678151827844,41.3737257399974,51.83227260123364,2025-11-29,2025-12-27,mlf_lightgbm
20,2025-11-29,2025-12-06,1,1,14.127001196652694,14.127001196652694,7.292440394041116,12.04367915426852,14.127001196652694,16.210323239036867,20.96156199926427,2025-11-29,2025-12-06,mlf_lightgbm
20,2025-11-29,2025-12-13,2,2,21.25362919836346,21.25362919836346,15.18358639766262,17.484538472783534,21.25362919836346,25.022719923943384,27.3236719990643,2025-11-29,2025-12-13,mlf_lightgbm
20,2025-11-29,2025-12-20,3,3,27.21191480068019,27.21191480068019,17.714899562079268,25.106126001342133,27.21191480068019,29.31770360001825,36.708930039281114,2025-11-29,2025-12-20,mlf_lightgbm
20,2025-11-29,2025-12-27,4,4,36.659078355455115,36.659078355455115,28.244349997330193,30.11625617361433,36.659078355455115,43.2019005372959,45.07380671358003,2025-11-29,2025-12-27,mlf_lightgbm
21,2025-11-29,2025-12-06,1,1,51.92277957216721,51.92277957216721,40.94885829673843,43.67264711123954,51.92277957216721,60.172912033094875,62.89670084759599,2025-11-29,2025-12-06,mlf_lightgbm
21,2025-11-29,2025-12-13,2,2,67.1778262179121,67.1778262179121,57.92347975587156,63.98221419712803,67.1778262179121,70.37343823869617,76.43217267995263,2025-11-29,2025-12-13,mlf_lightgbm
21,2025-11-29,2025-12-20,3,3,96.98920149391837,96.98920149391837,84.69803826001767,89.9952423559044,96.98920149391837,103.98316063193235,109.28036472781908,2025-11-29,2025-12-20,mlf_lightgbm
21,2025-11-29,2025-12-27,4,4,139.78771859298098,139.78771859298098,114.58737529873478,132.7346486506344,139.78771859298098,146.84078853532756,164.98806188722716,2025-11-29,2025-12-27,mlf_lightgbm
22,2025-11-29,2025-12-06,1,1,158.76025187965539,158.76025187965539,135.66337704819384,154.85825764971847,158.76025187965539,162.6622461095923,181.85712671111693,2025-11-29,2025-12-06,mlf_lightgbm
22,2025-11-29,2025-12-13,2,2,221.37989914989663,221.37989914989663,184.4683865572195,210.45467576540267,221.37989914989663,232.3051225343906,258.29141174257376,2025-11-29,2025-12-13,mlf_lightgbm
22,2025-11-29,2025-12-20,3,3,336.1841630984275,336.1841630984275,294.89287454355843,318.89198198784266,336.1841630984275,353.4763442090124,377.4754516532966,2025-11-29,2025-12-20,mlf_lightgbm
22,2025-11-29,2025-12-27,4,4,596.0446733204506,596.0446733204506,568.712413105088,578.6893500068625,596.0446733204506,613.3999966340386,623.3769335358131,2025-11-29,2025-12-27,mlf_lightgbm
23,2025-11-29,2025-12-06,1,1,12.522012673178446,12.522012673178446,11.140427358893719,11.82121539919251,12.522012673178446,13.222809947164382,13.903597987463174,2025-11-29,2025-12-06,mlf_lightgbm
23,2025-11-29,2025-12-13,2,2,15.493205455844887,15.493205455844887,13.524753394186394,14.239181285616642,15.493205455844887,16.747229626073132,17.46165751750338,2025-11-29,2025-12-13,mlf_lightgbm
23,2025-11-29,2025-12-20,3,3,18.39409847514218,18.39409847514218,13.881904875957545,17.138217252049166,18.39409847514218,19.649979698235192,22.906292074326814,2025-11-29,2025-12-20,mlf_lightgbm
23,2025-11-29,2025-12-27,4,4,24.216644977307958,24.216644977307958,16.925692359652878,23.161576655796697,24.216644977307958,25.27171329881922,31.507597594963034,2025-11-29,2025-12-27,mlf_lightgbm
24,2025-11-29,2025-12-06,1,1,112.89989201080076,112.89989201080076,107.62702377337072,109.58776279287054,112.89989201080076,116.21202122873098,118.17276024823079,2025-11-29,2025-12-06,mlf_lightgbm
24,2025-11-29,2025-12-13,2,2,132.9688774770026,132.9688774770026,119.61157526807281,129.07904731992838,132.9688774770026,136.8587076340768,146.32617968593237,2025-11-29,2025-12-13,mlf_lightgbm
24,2025-11-29,2025-12-20,3,3,157.2913471822985,157.2913471822985,121.73641690910084,150.6528817217196,157.2913471822985,163.92981264287738,192.84627745549614,2025-11-29,2025-12-20,mlf_lightgbm
24,2025-11-29,2025-12-27,4,4,211.29016791121217,211.29016791121217,154.2992200948288,207.69962569389097,211.29016791121217,214.88071012853337,268.2811157275955,2025-11-29,2025-12-27,mlf_lightgbm
25,2025-11-29,2025-12-06,1,1,97.9888964922412,97.9888964922412,88.02710353206878,94.37152266838886,97.9888964922412,101.60627031609353,107.95068945241361,2025-11-29,2025-12-06,mlf_lightgbm
25,2025-11-29,2025-12-13,2,2,135.58996017461718,135.58996017461718,120.63454374147446,130.10583191715855,135.58996017461718,141.0740884320758,150.5453766077599,2025-11-29,2025-12-13,mlf_lightgbm
25,2025-11-29,2025-12-20,3,3,180.95394561322112,180.95394561322112,161.85612301437823,176.77953220189812,180.95394561322112,185.12835902454412,200.05176821206402,2025-11-29,2025-12-20,mlf_lightgbm
25,2025-11-29,2025-12-27,4,4,281.27415156810616,281.27415156810616,244.36590181617186,276.5922399608844,281.27415156810616,285.9560631753279,318.18240132004047,2025-11-29,2025-12-27,mlf_lightgbm
26,2025-11-29,2025-12-06,1,1,93.78194189229366,93.78194189229366,83.40821568145182,88.0157999997468,93.78194189229366,99.54808378484051,104.1556681031355,2025-11-29,2025-12-06,mlf_lightgbm
26,2025-11-29,2025-12-13,2,2,119.73085711676862,119.73085711676862,100.66578300122674,114.60867307576197,119.73085711676862,124.85304115777527,138.7959312323105,2025-11-29,2025-12-13,mlf_lightgbm
26,2025-11-29,2025-12-20,3,3,171.13731459313772,171.13731459313772,148.20536640055585,165.3169975760606,171.13731459313772,176.95763161021483,194.0692627857196,2025-11-29,2025-12-20,mlf_lightgbm
26,2025-11-29,2025-12-27,4,4,238.43618359157412,238.43618359157412,202.51094111625653,232.51268123459343,238.43618359157412,244.3596859485548,274.3614260668917,2025-11-29,2025-12-27,mlf_lightgbm
27,2025-11-29,2025-12-06,1,1,82.60878294561638,82.60878294561638,77.77266784730091,78.69972415461854,82.60878294561638,86.51784173661423,87.44489804393186,2025-11-29,2025-12-06,mlf_lightgbm
27,2025-11-29,2025-12-13,2,2,113.83405362482209,113.83405362482209,103.11765422076203,110.39715310369998,113.83405362482209,117.2709541459442,124.55045302888215,2025-11-29,2025-12-13,mlf_lightgbm
27,2025-11-29,2025-12-20,3,3,193.81718495932472,193.81718495932472,173.8988231089117,192.28279041574785,193.81718495932472,195.3515795029016,213.73554680973774,2025-11-29,2025-12-20,mlf_lightgbm
27,2025-11-29,2025-12-27,4,4,340.049106080962,340.049106080962,294.4580753320737,337.4305706560383,340.049106080962,342.66764150588574,385.6401368298503,2025-11-29,2025-12-27,mlf_lightgbm
28,2025-11-29,2025-12-06,1,1,25.082883673261968,25.082883673261968,20.194327080940454,22.869542401642097,25.082883673261968,27.29622494488184,29.97144026558348,2025-11-29,2025-12-06,mlf_lightgbm
28,2025-11-29,2025-12-13,2,2,27.95826673987932,27.95826673987932,20.821175739535768,23.167704202359054,27.95826673987932,32.748829277399594,35.09535774022287,2025-11-29,2025-12-13,mlf_lightgbm
28,2025-11-29,2025-12-20,3,3,33.04563047074974,33.04563047074974,22.020936013692435,24.92861703194545,33.04563047074974,41.162643909554035,44.07032492780705,2025-11-29,2025-12-20,mlf_lightgbm
28,2025-11-29,2025-12-27,4,4,42.84402121763054,42.84402121763054,34.64558764957445,39.27828466883696,42.84402121763054,46.40975776642412,51.04245478568663,2025-11-29,2025-12-27,mlf_lightgbm
29,2025-11-29,2025-12-06,1,1,66.12594702312398,66.12594702312398,59.429407825027155,60.190785508202524,66.12594702312398,72.06110853804545,72.82248622122081,2025-11-29,2025-12-06,mlf_lightgbm
29,2025-11-29,2025-12-13,2,2,85.95275485470736,85.95275485470736,71.68557576685899,78.0547135529416,85.95275485470736,93.85079615647312,100.21993394255574,2025-11-29,2025-12-13,mlf_lightgbm
29,2025-11-29,2025-12-20,3,3,121.46390446833632,121.46390446833632,105.60761918253392,113.11369572585772,121.46390446833632,129.81411321081492,137.32018975413874,2025-11-29,2025-12-20,mlf_lightgbm
29,2025-11-29,2025-12-27,4,4,178.92244603918874,178.92244603918874,150.82625795961215,169.84982001216122,178.92244603918874,187.99507206621627,207.01863411876533,2025-11-29,2025-12-27,mlf_lightgbm
30,2025-11-29,2025-12-06,1,1,12.44499454086606,12.44499454086606,9.713931904552519,10.417918623646585,12.44499454086606,14.472070458085536,15.176057177179601,2025-11-29,2025-12-06,mlf_lightgbm
30,2025-11-29,2025-12-13,2,2,11.334412074091217,11.334412074091217,7.008503817406406,8.826687027181666,11.334412074091217,13.842137121000768,15.660320330776027,2025-11-29,2025-12-13,mlf_lightgbm
30,2025-11-29,2025-12-20,3,3,14.708329747594828,14.708329747594828,11.178085143692721,13.365424826860718,14.708329747594828,16.051234668328938,18.238574351496933,2025-11-29,2025-12-20,mlf_lightgbm
30,2025-11-29,2025-12-27,4,4,23.350705041989055,23.350705041989055,14.967465248893793,20.1531890379501,23.350705041989055,26.54822104602801,31.733944835084316,2025-11-29,2025-12-27,mlf_lightgbm
31,2025-11-29,2025-12-06,1,1,11.698043380648281,11.698043380648281,9.359146178799843,11.239943249777973,11.698043380648281,12.15614351151859,14.036940582496717,2025-11-29,2025-12-06,mlf_lightgbm
31,2025-11-29,2025-12-13,2,2,12.41590001465167,12.41590001465167,10.453137159726404,11.766222651708196,12.41590001465167,13.065577377595146,14.378662869576935,2025-11-29,2025-12-13,mlf_lightgbm
31,2025-11-29,2025-12-20,3,3,21.00065448985746,21.00065448985746,18.724853512643584,20.27322265884279,21.00065448985746,21.72808632087213,23.276455467071337,2025-11-29,2025-12-20,mlf_lightgbm
31,2025-11-29,2025-12-27,4,4,30.26932603240421,30.26932603240421,23.291132206706923,29.057281489443433,30.26932603240421,31.481370575364984,37.24751985810149,2025-11-29,2025-12-27,mlf_lightgbm
32,2025-11-29,2025-12-06,1,1,20.62473087578425,20.62473087578425,14.915252054172292,17.67749311485028,20.62473087578425,23.571968636718218,26.334209697396204,2025-11-29,2025-12-06,mlf_lightgbm
32,2025-11-29,2025-12-13,2,2,28.49175310329809,28.49175310329809,20.399779849704956,22.806587961113635,28.49175310329809,34.17691824548255,36.583726356891226,2025-11-29,2025-12-13,mlf_lightgbm
32,2025-11-29,2025-12-20,3,3,39.224412088432196,39.224412088432196,34.908503594498214,38.544943211913946,39.224412088432196,39.903880964950446,43.54032058236618,2025-11-29,2025-12-20,mlf_lightgbm
32,2025-11-29,2025-12-27,4,4,60.550392535159475,60.550392535159475,56.04232848099465,59.131901802660934,60.550392535159475,61.968883267658015,65.0584565893243,2025-11-29,2025-12-27,mlf_lightgbm
33,2025-11-29,2025-12-06,1,1,13.525629677751299,13.525629677751299,11.13352010863856,11.680345106697256,13.525629677751299,15.370914248805342,15.917739246864036,2025-11-29,2025-12-06,mlf_lightgbm
33,2025-11-29,2025-12-13,2,2,17.311447585074514,17.311447585074514,14.81959769482181,15.893297622087358,17.311447585074514,18.72959754806167,19.803297475327216,2025-11-29,2025-12-13,mlf_lightgbm
33,2025-11-29,2025-12-20,3,3,20.8386321991035,20.8386321991035,14.213365367491328,18.770804869544637,20.8386321991035,22.906459528662364,27.46389903071567,2025-11-29,2025-12-20,mlf_lightgbm
33,2025-11-29,2025-12-27,4,4,32.5696921443747,32.5696921443747,26.619349462715192,30.527734415420642,32.5696921443747,34.61164987332876,38.520034826034205,2025-11-29,2025-12-27,mlf_lightgbm
34,2025-11-29,2025-12-06,1,1,199.95031508042132,199.95031508042132,191.59624337484937,195.39162805356585,199.95031508042132,204.50900210727679,208.30438678599327,2025-11-29,2025-12-06,mlf_lightgbm
34,2025-11-29,2025-12-13,2,2,280.82297815012464,280.82297815012464,261.3928799305778,272.9326960760821,280.82297815012464,288.7132602241672,300.2530763696715,2025-11-29,2025-12-13,mlf_lightgbm
34,2025-11-29,2025-12-20,3,3,390.5056320989818,390.5056320989818,363.1752779896583,384.22938241453875,390.5056320989818,396.7818817834248,417.83598620830526,2025-11-29,2025-12-20,mlf_lightgbm
34,2025-11-29,2025-12-27,4,4,550.7814879854162,550.7814879854162,470.6970416231149,540.3499294439537,550.7814879854162,561.2130465268788,630.8659343477175,2025-11-29,2025-12-27,mlf_lightgbm
35,2025-11-29,2025-12-06,1,1,50.36215371850399,50.36215371850399,46.89528710924962,49.08636890893192,50.36215371850399,51.63793852807606,53.82902032775836,2025-11-29,2025-12-06,mlf_lightgbm
35,2025-11-29,2025-12-13,2,2,67.22819860714306,67.22819860714306,62.222832015539986,66.07760338877021,67.22819860714306,68.3787938255159,72.23356519874612,2025-11-29,2025-12-13,mlf_lightgbm
35,2025-11-29,2025-12-20,3,3,105.4474526519731,105.4474526519731,99.11957632727751,104.10509616340423,105.4474526519731,106.78980914054196,111.77532897666867,2025-11-29,2025-12-20,mlf_lightgbm
35,2025-11-29,2025-12-27,4,4,154.8513323934856,154.8513323934856,138.1103409953574,152.4141399001028,154.8513323934856,157.28852488686837,171.59232379161378,2025-11-29,2025-12-27,mlf_lightgbm
36,2025-11-29,2025-12-06,1,1,707.3455372390894,707.3455372390894,693.7607289671332,703.1361918068518,707.3455372390894,711.5548826713269,720.9303455110455,2025-11-29,2025-12-06,mlf_lightgbm
36,2025-11-29,2025-12-13,2,2,577.3769312118698,577.3769312118698,496.87150844416374,565.8592565151387,577.3769312118698,588.8946059086009,657.8823539795758,2025-11-29,2025-12-13,mlf_lightgbm
36,2025-11-29,2025-12-20,3,3,639.595847043987,639.595847043987,457.6310382833884,628.7575149133878,639.595847043987,650.4341791745861,821.5606558045854,2025-11-29,2025-12-20,mlf_lightgbm
36,2025-11-29,2025-12-27,4,4,1106.3756034539529,1106.3756034539529,704.3894009423709,1087.0384875422544,1106.3756034539529,1125.7127193656513,1508.3618059655346,2025-11-29,2025-12-27,mlf_lightgbm
37,2025-11-29,2025-12-06,1,1,172.9012406398791,172.9012406398791,163.51616839750557,171.35613060380547,172.9012406398791,174.44635067595271,182.28631288225262,2025-11-29,2025-12-06,mlf_lightgbm
37,2025-11-29,2025-12-13,2,2,269.0633773607546,269.0633773607546,169.514215843389,264.52790728996257,269.0633773607546,273.59884743154663,368.6125388781202,2025-11-29,2025-12-13,mlf_lightgbm
37,2025-11-29,2025-12-20,3,3,445.7922083196576,445.7922083196576,385.12006344011417,440.74851732128985,445.7922083196576,450.8358993180254,506.464353199201,2025-11-29,2025-12-20,mlf_lightgbm
37,2025-11-29,2025-12-27,4,4,743.7574116132895,743.7574116132895,652.9834741613219,733.897074201079,743.7574116132895,753.6177490255,834.531349065257,2025-11-29,2025-12-27,mlf_lightgbm
38,2025-11-29,2025-12-06,1,1,8.712947377542273,8.712947377542273,6.158889384653346,7.780332994168746,8.712947377542273,9.6455617609158,11.2670053704312,2025-11-29,2025-12-06,mlf_lightgbm
38,2025-11-29,2025-12-13,2,2,8.261203094028339,8.261203094028339,5.949094874144263,7.109199703536922,8.261203094028339,9.413206484519757,10.573311313912413,2025-11-29,2025-12-13,mlf_lightgbm
38,2025-11-29,2025-12-20,3,3,8.345986557491232,8.345986557491232,6.54376784849033,7.999140346016886,8.345986557491232,8.692832768965577,10.148205266492132,2025-11-29,2025-12-20,mlf_lightgbm
38,2025-11-29,2025-12-27,4,4,9.532358305268378,9.532358305268378,4.038683888025302,9.24726343265197,9.532358305268378,9.817453177884786,15.026032722511452,2025-11-29,2025-12-27,mlf_lightgbm
39,2025-11-29,2025-12-06,1,1,155.42654014648718,155.42654014648718,137.24521722890765,150.06714958539635,155.42654014648718,160.78593070757802,173.60786306406672,2025-11-29,2025-12-06,mlf_lightgbm
39,2025-11-29,2025-12-13,2,2,204.575471120941,204.575471120941,183.26468231833934,197.1251324246686,204.575471120941,212.02580981721337,225.88625992354264,2025-11-29,2025-12-13,mlf_lightgbm
39,2025-11-29,2025-12-20,3,3,294.63129661306857,294.63129661306857,243.91641298661153,283.3183768549316,294.63129661306857,305.9442163712055,345.3461802395256,2025-11-29,2025-12-20,mlf_lightgbm
39,2025-11-29,2025-12-27,4,4,520.9511023914973,520.9511023914973,451.61400962892895,507.9919794448297,520.9511023914973,533.910225338165,590.2881951540656,2025-11-29,2025-12-27,mlf_lightgbm
40,2025-11-29,2025-12-06,1,1,23.762790781610438,23.762790781610438,16.82174230907113,20.10967674884189,23.762790781610438,27.415904814378987,30.703839254149745,2025-11-29,2025-12-06,mlf_lightgbm
40,2025-11-29,2025-12-13,2,2,29.355789355628826,29.355789355628826,20.132306068663688,23.145216685647924,29.355789355628826,35.56636202560973,38.57927264259396,2025-11-29,2025-12-13,mlf_lightgbm
40,2025-11-29,2025-12-20,3,3,33.075757530104696,33.075757530104696,27.844282802916357,32.86162462367267,33.075757530104696,33.28989043653672,38.30723225729303,2025-11-29,2025-12-20,mlf_lightgbm
40,2025-11-29,2025-12-27,4,4,47.178963424849364,47.178963424849364,39.52945976838082,43.17794143027611,47.178963424849364,51.17998541942262,54.82846708131791,2025-11-29,2025-12-27,mlf_lightgbm
41,2025-11-29,2025-12-06,1,1,41.795906713818226,41.795906713818226,39.055003396545196,39.78570334195363,41.795906713818226,43.806110085682825,44.53681003109126,2025-11-29,2025-12-06,mlf_lightgbm
41,2025-11-29,2025-12-13,2,2,62.62075527050734,62.62075527050734,59.45361932738357,60.82754036740596,62.62075527050734,64.41397017360872,65.78789121363111,2025-11-29,2025-12-13,mlf_lightgbm
41,2025-11-29,2025-12-20,3,3,97.95192954856343,97.95192954856343,93.03297003214047,94.28694883760116,97.95192954856343,101.6169102595257,102.87088906498639,2025-11-29,2025-12-20,mlf_lightgbm
41,2025-11-29,2025-12-27,4,4,148.22113941225248,148.22113941225248,144.77279209329512,147.01695964209733,148.22113941225248,149.42531918240763,151.66948673120984,2025-11-29,2025-12-27,mlf_lightgbm
42,2025-11-29,2025-12-06,1,1,416.86709893676397,416.86709893676397,378.54079789604754,398.36766268128406,416.86709893676397,435.3665351922439,455.1933999774804,2025-11-29,2025-12-06,mlf_lightgbm
42,2025-11-29,2025-12-13,2,2,445.2213659278245,445.2213659278245,400.127680554168,410.9945221622384,445.2213659278245,479.44820969341055,490.31505130148093,2025-11-29,2025-12-13,mlf_lightgbm
42,2025-11-29,2025-12-20,3,3,528.8457641117676,528.8457641117676,447.7129969981631,473.51809788146323,528.8457641117676,584.1734303420719,609.9785312253722,2025-11-29,2025-12-20,mlf_lightgbm
42,2025-11-29,2025-12-27,4,4,609.1347303409864,609.1347303409864,442.71063975705493,562.1224293039388,609.1347303409864,656.147031378034,775.5588209249178,2025-11-29,2025-12-27,mlf_lightgbm
44,2025-11-29,2025-12-06,1,1,19.679382664796744,19.679382664796744,16.70839752300176,18.146139077301083,19.679382664796744,21.212626252292406,22.650367806591724,2025-11-29,2025-12-06,mlf_lightgbm
44,2025-11-29,2025-12-13,2,2,23.481601401186957,23.481601401186957,20.17465719220836,22.055596445094864,23.481601401186957,24.90760635727905,26.788545610165553,2025-11-29,2025-12-13,mlf_lightgbm
44,2025-11-29,2025-12-20,3,3,25.038175880469904,25.038175880469904,20.597064998863754,22.984049935067233,25.038175880469904,27.092301825872575,29.479286762076054,2025-11-29,2025-12-20,mlf_lightgbm
44,2025-11-29,2025-12-27,4,4,31.90692474498397,31.90692474498397,26.044374152710624,29.880232666724112,31.90692474498397,33.93361682324383,37.76947533725732,2025-11-29,2025-12-27,mlf_lightgbm
45,2025-11-29,2025-12-06,1,1,62.04214174759476,62.04214174759476,54.520874000990304,58.48389234129264,62.04214174759476,65.60039115389688,69.56340949419922,2025-11-29,2025-12-06,mlf_lightgbm
45,2025-11-29,2025-12-13,2,2,78.07215125704862,78.07215125704862,66.85877822915019,73.87580498754471,78.07215125704862,82.26849752655252,89.28552428494704,2025-11-29,2025-12-13,mlf_lightgbm
45,2025-11-29,2025-12-20,3,3,112.15850615449106,112.15850615449106,86.84699354674973,98.21462911271735,112.15850615449106,126.10238319626478,137.4700187622324,2025-11-29,2025-12-20,mlf_lightgbm
45,2025-11-29,2025-12-27,4,4,168.3012131944512,168.3012131944512,136.45937543776617,159.59524666483645,168.3012131944512,177.00717972406596,200.14305095113622,2025-11-29,2025-12-27,mlf_lightgbm
46,2025-11-29,2025-12-06,1,1,1.742170560920771,1.742170560920771,0.38828851772267686,1.344111582519818,1.742170560920771,2.140229539321724,3.0960526041188645,2025-11-29,2025-12-06,mlf_lightgbm
46,2025-11-29,2025-12-13,2,2,2.0347005519281707,2.0347005519281707,0.9966720500814101,1.7531466389668626,2.0347005519281707,2.3162544648894787,3.072729053774931,2025-11-29,2025-12-13,mlf_lightgbm
46,2025-11-29,2025-12-20,3,3,2.7632140613048635,2.7632140613048635,1.5388233237982236,2.4192377451838376,2.7632140613048635,3.1071903774258893,3.987604798811503,2025-11-29,2025-12-20,mlf_lightgbm
46,2025-11-29,2025-12-27,4,4,5.1208754391862366,5.1208754391862366,3.373188562406713,4.031586977551401,5.1208754391862366,6.2101639008210725,6.868562315965759,2025-11-29,2025-12-27,mlf_lightgbm
47,2025-11-29,2025-12-06,1,1,68.1080886918113,68.1080886918113,51.67353184784085,62.292029236387414,68.1080886918113,73.9241481472352,84.54264553578176,2025-11-29,2025-12-06,mlf_lightgbm
47,2025-11-29,2025-12-13,2,2,77.03306458440015,77.03306458440015,61.22992465733327,71.0806864143427,77.03306458440015,82.98544275445761,92.83620451146703,2025-11-29,2025-12-13,mlf_lightgbm
47,2025-11-29,2025-12-20,3,3,102.8977498349936,102.8977498349936,82.39683389549273,94.49235190858965,102.8977498349936,111.30314776139755,123.39866577449448,2025-11-29,2025-12-20,mlf_lightgbm
47,2025-11-29,2025-12-27,4,4,143.64251644931505,143.64251644931505,123.79073899215847,133.4813727291514,143.64251644931505,153.80366016947872,163.49429390647165,2025-11-29,2025-12-27,mlf_lightgbm
48,2025-11-29,2025-12-06,1,1,648.568875326753,648.568875326753,592.713759386524,619.3481011839277,648.568875326753,677.7896494695782,704.423991266982,2025-11-29,2025-12-06,mlf_lightgbm
48,2025-11-29,2025-12-13,2,2,640.2938442690254,640.2938442690254,543.2866377684096,600.4140870051939,640.2938442690254,680.1736015328569,737.3010507696412,2025-11-29,2025-12-13,mlf_lightgbm
48,2025-11-29,2025-12-20,3,3,784.2168570458384,784.2168570458384,625.075291794752,721.9728021757853,784.2168570458384,846.4609119158915,943.3584222969248,2025-11-29,2025-12-20,mlf_lightgbm
48,2025-11-29,2025-12-27,4,4,552.5285445189455,552.5285445189455,329.84159309729233,463.1873805405931,552.5285445189455,641.869708497298,775.2154959405985,2025-11-29,2025-12-27,mlf_lightgbm
49,2025-11-29,2025-12-06,1,1,42.93381201741708,42.93381201741708,40.172534835931785,41.91743373728763,42.93381201741708,43.950190297546534,45.69508919890238,2025-11-29,2025-12-06,mlf_lightgbm
49,2025-11-29,2025-12-13,2,2,61.960956611398366,61.960956611398366,55.45015049654224,60.12068880270118,61.960956611398366,63.80122442009555,68.4717627262545,2025-11-29,2025-12-13,mlf_lightgbm
49,2025-11-29,2025-12-20,3,3,86.95229076897826,86.95229076897826,79.24848977947202,85.89243284054874,86.95229076897826,88.01214869740778,94.65609175848448,2025-11-29,2025-12-20,mlf_lightgbm
49,2025-11-29,2025-12-27,4,4,143.3859800735493,143.3859800735493,124.63337962392531,142.01149838865845,143.3859800735493,144.76046175844013,162.13858052317326,2025-11-29,2025-12-27,mlf_lightgbm
50,2025-11-29,2025-12-06,1,1,1.742170560920771,1.742170560920771,0.0,0.11834338768181873,1.742170560920771,3.3659977341597234,3.8550224089490848,2025-11-29,2025-12-06,mlf_lightgbm
50,2025-11-29,2025-12-13,2,2,2.73314749931509,2.73314749931509,0.7612772008771216,0.7612772008771216,2.73314749931509,4.705017797753058,4.705017797753058,2025-11-29,2025-12-13,mlf_lightgbm
50,2025-11-29,2025-12-20,3,3,3.0999903909299644,3.0999903909299644,1.128120092491996,1.8781200924919963,3.0999903909299644,4.3218606893679326,5.0718606893679326,2025-11-29,2025-12-20,mlf_lightgbm
50,2025-11-29,2025-12-27,4,4,3.4003377786079394,3.4003377786079394,1.2575843856889475,1.2682231016833523,3.4003377786079394,5.5324524555325265,5.543091171526931,2025-11-29,2025-12-27,mlf_lightgbm
51,2025-11-29,2025-12-06,1,1,115.90377497390922,115.90377497390922,105.69433652742485,113.99054490832839,115.90377497390922,117.81700503949006,126.11321342039358,2025-11-29,2025-12-06,mlf_lightgbm
51,2025-11-29,2025-12-13,2,2,152.01277465728526,152.01277465728526,139.48192424421592,150.12205531333868,152.01277465728526,153.90349400123185,164.54362507035458,2025-11-29,2025-12-13,mlf_lightgbm
51,2025-11-29,2025-12-20,3,3,217.38721653111946,217.38721653111946,186.0589161908786,213.49852789533716,217.38721653111946,221.27590516690177,248.7155168713603,2025-11-29,2025-12-20,mlf_lightgbm
51,2025-11-29,2025-12-27,4,4,343.7289087802419,343.7289087802419,290.80237737279197,339.941714077734,343.7289087802419,347.5161034827498,396.6554401876918,2025-11-29,2025-12-27,mlf_lightgbm
53,2025-11-29,2025-12-06,1,1,47.22259598121394,47.22259598121394,43.373904813568664,44.62347553626667,47.22259598121394,49.82171642616122,51.07128714885922,2025-11-29,2025-12-06,mlf_lightgbm
53,2025-11-29,2025-12-13,2,2,62.12709114058303,62.12709114058303,55.95450734926428,57.913423057229195,62.12709114058303,66.34075922393686,68.29967493190179,2025-11-29,2025-12-13,mlf_lightgbm
53,2025-11-29,2025-12-20,3,3,83.13300590078335,83.13300590078335,69.02395920970656,79.50848064185291,83.13300590078335,86.75753115971378,97.24205259186013,2025-11-29,2025-12-20,mlf_lightgbm
53,2025-11-29,2025-12-27,4,4,115.37042320602806,115.37042320602806,102.79844191419642,105.44480310005827,115.37042320602806,125.29604331199786,127.94240449785971,2025-11-29,2025-12-27,mlf_lightgbm
54,2025-11-29,2025-12-06,1,1,9.517148281934283,9.517148281934283,7.172685972066757,8.705234695314807,9.517148281934283,10.329061868553758,11.861610591801806,2025-11-29,2025-12-06,mlf_lightgbm
54,2025-11-29,2025-12-13,2,2,11.446128207078871,11.446128207078871,9.200037811685144,9.429083182299369,11.446128207078871,13.463173231858374,13.692218602472598,2025-11-29,2025-12-13,mlf_lightgbm
54,2025-11-29,2025-12-20,3,3,12.879131055511605,12.879131055511605,11.17257240163571,12.615066204730589,12.879131055511605,13.143195906292622,14.585689709387498,2025-11-29,2025-12-20,mlf_lightgbm
54,2025-11-29,2025-12-27,4,4,21.29379816870771,21.29379816870771,15.38375304995742,19.205458367802724,21.29379816870771,23.382137969612696,27.203843287457996,2025-11-29,2025-12-27,mlf_lightgbm
55,2025-11-29,2025-12-06,1,1,55.256823702410365,55.256823702410365,51.82259320624666,53.09832090347959,55.256823702410365,57.41532650134114,58.69105419857407,2025-11-29,2025-12-06,mlf_lightgbm
55,2025-11-29,2025-12-13,2,2,69.52281981916849,69.52281981916849,65.13238028770535,67.64842579709475,69.52281981916849,71.39721384124223,73.91325935063163,2025-11-29,2025-12-13,mlf_lightgbm
55,2025-11-29,2025-12-20,3,3,98.50510384705103,98.50510384705103,88.1516484997408,94.84761044656388,98.50510384705103,102.16259724753819,108.85855919436126,2025-11-29,2025-12-20,mlf_lightgbm
55,2025-11-29,2025-12-27,4,4,150.11616705569105,150.11616705569105,117.81318521389494,146.037729417799,150.11616705569105,154.1946046935831,182.41914889748713,2025-11-29,2025-12-27,mlf_lightgbm
56,2025-11-29,2025-12-06,1,1,9.596003948496039,9.596003948496039,7.225997914280059,7.885165993957332,9.596003948496039,11.306841903034744,11.966009982712018,2025-11-29,2025-12-06,mlf_lightgbm
56,2025-11-29,2025-12-13,2,2,13.456416013960188,13.456416013960188,11.421871334054373,11.920023642085447,13.456416013960188,14.99280838583493,15.490960693866004,2025-11-29,2025-12-13,mlf_lightgbm
56,2025-11-29,2025-12-20,3,3,16.885583572686222,16.885583572686222,14.398794365999361,15.677434076556887,16.885583572686222,18.093733068815556,19.372372779373084,2025-11-29,2025-12-20,mlf_lightgbm
56,2025-11-29,2025-12-27,4,4,34.86410687709207,34.86410687709207,30.58564809765991,33.35000804233738,34.86410687709207,36.37820571184676,39.142565656524226,2025-11-29,2025-12-27,mlf_lightgbm
72,2025-11-29,2025-12-06,1,1,230.98978247543437,230.98978247543437,196.16678814834407,221.16296173942513,230.98978247543437,240.8166032114436,265.81277680252464,2025-11-29,2025-12-06,mlf_lightgbm
72,2025-11-29,2025-12-13,2,2,357.67542758563854,357.67542758563854,313.55691597070273,331.9517063185587,357.67542758563854,383.3991488527184,401.79393920057436,2025-11-29,2025-12-13,mlf_lightgbm
72,2025-11-29,2025-12-20,3,3,565.66445472871,565.66445472871,506.06805373092806,539.7737137110387,565.66445472871,591.5551957463813,625.2608557264919,2025-11-29,2025-12-20,mlf_lightgbm
72,2025-11-29,2025-12-27,4,4,640.2095886413595,640.2095886413595,554.8841892785797,599.4418017885886,640.2095886413595,680.9773754941303,725.5349880041392,2025-11-29,2025-12-27,mlf_lightgbm
01,2025-12-27,2026-01-03,1,1,899.5397941672785,899.5397941672785,884.9452564620708,893.0585864938741,899.5397941672785,906.0210018406829,914.1343318724862,2025-12-27,2026-01-03,mlf_lightgbm
01,2025-12-27,2026-01-10,2,2,1005.2114338546818,1005.2114338546818,977.9535092418593,997.4240935526367,1005.2114338546818,1012.9987741567269,1032.4693584675044,2025-12-27,2026-01-10,mlf_lightgbm
01,2025-12-27,2026-01-17,3,3,975.305814305156,975.305814305156,854.1270231080538,967.038610468986,975.305814305156,983.573018141326,1096.484605502258,2025-12-27,2026-01-17,mlf_lightgbm
01,2025-12-27,2026-01-24,4,4,1286.911121154287,1286.911121154287,1050.7081779521181,1279.5240390599993,1286.911121154287,1294.2982032485747,1523.1140643564556,2025-12-27,2026-01-24,mlf_lightgbm
02,2025-12-27,2026-01-03,1,1,127.31734309826575,127.31734309826575,119.15675122141474,124.35906729636405,127.31734309826575,130.27561890016744,135.47793497511677,2025-12-27,2026-01-03,mlf_lightgbm
02,2025-12-27,2026-01-10,2,2,166.7406328365801,166.7406328365801,164.58053999750956,164.9139655028589,166.7406328365801,168.56730017030128,168.90072567565062,2025-12-27,2026-01-10,mlf_lightgbm
02,2025-12-27,2026-01-17,3,3,219.71931503214498,219.71931503214498,198.249886610974,218.54319032601865,219.71931503214498,220.8954397382713,241.18874345331596,2025-12-27,2026-01-17,mlf_lightgbm
02,2025-12-27,2026-01-24,4,4,216.52994761198096,216.52994761198096,170.59151832323784,213.55794670214792,216.52994761198096,219.501948521814,262.4683769007241,2025-12-27,2026-01-24,mlf_lightgbm
04,2025-12-27,2026-01-03,1,1,1081.5648882833216,1081.5648882833216,1053.242824117934,1074.5459312645003,1081.5648882833216,1088.583845302143,1109.886952448709,2025-12-27,2026-01-03,mlf_lightgbm
04,2025-12-27,2026-01-10,2,2,1717.5656468134239,1717.5656468134239,1686.7531556982674,1709.9261506236353,1717.5656468134239,1725.2051430032125,1748.3781379285804,2025-12-27,2026-01-10,mlf_lightgbm
04,2025-12-27,2026-01-17,3,3,2269.2775838514403,2269.2775838514403,2208.969117149805,2260.3080907196213,2269.2775838514403,2278.2470769832594,2329.586050553076,2025-12-27,2026-01-17,mlf_lightgbm
04,2025-12-27,2026-01-24,4,4,2470.750391039519,2470.750391039519,2327.039509982509,2457.7287924593356,2470.750391039519,2483.7719896197023,2614.461272096529,2025-12-27,2026-01-24,mlf_lightgbm
05,2025-12-27,2026-01-03,1,1,464.626924065452,464.626924065452,454.1575090285649,463.41711269920654,464.626924065452,465.83673543169743,475.0963391023391,2025-12-27,2026-01-03,mlf_lightgbm
05,2025-12-27,2026-01-10,2,2,434.92805024890237,434.92805024890237,418.3411414789331,430.2604041774379,434.92805024890237,439.5956963203668,451.51495901887165,2025-12-27,2026-01-10,mlf_lightgbm
05,2025-12-27,2026-01-17,3,3,490.14539628996647,490.14539628996647,450.55642662286806,482.5628836172409,490.14539628996647,497.727908962692,529.7343659570648,2025-12-27,2026-01-17,mlf_lightgbm
05,2025-12-27,2026-01-24,4,4,611.5169792983604,611.5169792983604,477.8048186854644,590.1261744387309,611.5169792983604,632.9077841579899,745.2291399112563,2025-12-27,2026-01-24,mlf_lightgbm
06,2025-12-27,2026-01-03,1,1,862.1375420460731,862.1375420460731,845.6326515093492,849.0529815076168,862.1375420460731,875.2221025845295,878.642432582797,2025-12-27,2026-01-03,mlf_lightgbm
06,2025-12-27,2026-01-10,2,2,525.2408332715752,525.2408332715752,464.2006169504672,503.6571351340456,525.2408332715752,546.8245314091048,586.2810495926831,2025-12-27,2026-01-10,mlf_lightgbm
06,2025-12-27,2026-01-17,3,3,126.94179885074173,126.94179885074173,0.0,80.02027271004592,126.94179885074173,173.86332499143754,543.3349371347161,2025-12-27,2026-01-17,mlf_lightgbm
06,2025-12-27,2026-01-24,4,4,0.0,0.0,0.0,0.0,0.0,0.0,0.0,2025-12-27,2026-01-24,mlf_lightgbm
08,2025-12-27,2026-01-03,1,1,1121.0928638950693,1121.0928638950693,1099.0492829410252,1117.905956632193,1121.0928638950693,1124.2797711579456,1143.1364448491133,2025-12-27,2026-01-03,mlf_lightgbm
08,2025-12-27,2026-01-10,2,2,955.5142835372508,955.5142835372508,896.4697727038894,949.3364422792876,955.5142835372508,961.692124795214,1014.5587943706122,2025-12-27,2026-01-10,mlf_lightgbm
08,2025-12-27,2026-01-17,3,3,802.0852906925111,802.0852906925111,622.1168741274503,781.0343330330314,802.0852906925111,823.1362483519907,982.0537072575719,2025-12-27,2026-01-17,mlf_lightgbm
08,2025-12-27,2026-01-24,4,4,835.3120578135787,835.3120578135787,528.6031180025934,801.7145436018648,835.3120578135787,868.9095720252926,1142.0209976245637,2025-12-27,2026-01-24,mlf_lightgbm
09,2025-12-27,2026-01-03,1,1,717.5468157021502,717.5468157021502,681.0907242049605,711.1692516133969,717.5468157021502,723.9243797909035,754.0029071993399,2025-12-27,2026-01-03,mlf_lightgbm
09,2025-12-27,2026-01-10,2,2,668.2481691358408,668.2481691358408,583.8131405827353,663.5074338811078,668.2481691358408,672.9889043905739,752.6831976889464,2025-12-27,2026-01-10,mlf_lightgbm
09,2025-12-27,2026-01-17,3,3,747.8712861360184,747.8712861360184,507.88207854958165,739.9112657125725,747.8712861360184,755.8313065594643,987.860493722455,2025-12-27,2026-01-17,mlf_lightgbm
09,2025-12-27,2026-01-24,4,4,965.9643431683235,965.9643431683235,602.7603528970524,946.2013522408563,965.9643431683235,985.7273340957906,1329.1683334395943,2025-12-27,2026-01-24,mlf_lightgbm
10,2025-12-27,2026-01-03,1,1,340.8448959682277,340.8448959682277,336.837515791694,339.26066272054777,340.8448959682277,342.42912921590766,344.85227614476145,2025-12-27,2026-01-03,mlf_lightgbm
10,2025-12-27,2026-01-10,2,2,339.1326863999092,339.1326863999092,325.9432041110917,337.13522894159,339.1326863999092,341.13014385822834,352.32216868872666,2025-12-27,2026-01-10,mlf_lightgbm
10,2025-12-27,2026-01-17,3,3,269.8839924822429,269.8839924822429,219.34880482674743,265.66018383320755,269.8839924822429,274.1078011312782,320.4191801377383,2025-12-27,2026-01-17,mlf_lightgbm
10,2025-12-27,2026-01-24,4,4,331.1406947299689,331.1406947299689,219.1416774538271,327.5994804602968,331.1406947299689,334.68190899964105,443.13971200611064,2025-12-27,2026-01-24,mlf_lightgbm
11,2025-12-27,2026-01-03,1,1,153.87106681086755,153.87106681086755,147.11981020644163,152.16594395475283,153.87106681086755,155.57618966698226,160.62232341529347,2025-12-27,2026-01-03,mlf_lightgbm
11,2025-12-27,2026-01-10,2,2,180.9736815430283,180.9736815430283,169.90066364672475,178.20063486064038,180.9736815430283,183.74672822541623,192.04669943933186,2025-12-27,2026-01-10,mlf_lightgbm
11,2025-12-27,2026-01-17,3,3,190.91236260583113,190.91236260583113,169.16250987887676,186.76913032568405,190.91236260583113,195.05559488597822,212.6622153327855,2025-12-27,2026-01-17,mlf_lightgbm
11,2025-12-27,2026-01-24,4,4,291.5009293090374,291.5009293090374,240.16659254003045,285.2821792134504,291.5009293090374,297.71967940462446,342.83526607804436,2025-12-27,2026-01-24,mlf_lightgbm
12,2025-12-27,2026-01-03,1,1,3331.526570664146,3331.526570664146,3229.6295339751205,3303.1615410858503,3331.526570664146,3359.891600242442,3433.423607353172,2025-12-27,2026-01-03,mlf_lightgbm
12,2025-12-27,2026-01-10,2,2,4147.503573636347,4147.503573636347,4078.449186092891,4125.266521920059,4147.503573636347,4169.740625352635,4216.557961179803,2025-12-27,2026-01-10,mlf_lightgbm
12,2025-12-27,2026-01-17,3,3,4768.089872749416,4768.089872749416,4485.3231500183665,4630.392408862845,4768.089872749416,4905.787336635987,5050.856595480465,2025-12-27,2026-01-17,mlf_lightgbm
12,2025-12-27,2026-01-24,4,4,3726.968775561676,3726.968775561676,3350.926355886332,3562.100300879032,3726.968775561676,3891.83725024432,4103.01119523702,2025-12-27,2026-01-24,mlf_lightgbm
13,2025-12-27,2026-01-03,1,1,2167.012668658907,2167.012668658907,2143.452946822756,2156.3668987237797,2167.012668658907,2177.658438594034,2190.572390495058,2025-12-27,2026-01-03,mlf_lightgbm
13,2025-12-27,2026-01-10,2,2,2764.170512284924,2764.170512284924,2702.1005114259488,2751.080328596297,2764.170512284924,2777.260695973551,2826.240513143899,2025-12-27,2026-01-10,mlf_lightgbm
13,2025-12-27,2026-01-17,3,3,2595.0940038116437,2595.0940038116437,2391.8029424180872,2567.855855956363,2595.0940038116437,2622.3321516669243,2798.3850652051997,2025-12-27,2026-01-17,mlf_lightgbm
13,2025-12-27,2026-01-24,4,4,3282.7185366299223,3282.7185366299223,2692.302154968729,3237.885824023288,3282.7185366299223,3327.5512492365565,3873.134918291115,2025-12-27,2026-01-24,mlf_lightgbm
15,2025-12-27,2026-01-03,1,1,127.18952539050444,127.18952539050444,123.18300955660459,124.9687263542619,127.18952539050444,129.41032442674697,131.1960412244043,2025-12-27,2026-01-03,mlf_lightgbm
15,2025-12-27,2026-01-10,2,2,183.74192900234019,183.74192900234019,161.10551232323022,179.0794318686005,183.74192900234019,188.40442613607988,206.37834568145016,2025-12-27,2026-01-10,mlf_lightgbm
15,2025-12-27,2026-01-17,3,3,203.7312822968966,203.7312822968966,169.6399951236877,190.4269348648276,203.7312822968966,217.03562972896563,237.82256947010552,2025-12-27,2026-01-17,mlf_lightgbm
15,2025-12-27,2026-01-24,4,4,199.7202177124104,199.7202177124104,177.64512703337383,191.45204208207392,199.7202177124104,207.9883933427469,221.79530839144698,2025-12-27,2026-01-24,mlf_lightgbm
16,2025-12-27,2026-01-03,1,1,203.4948239140616,203.4948239140616,194.48760919187805,201.88825053384494,203.4948239140616,205.10139729427829,212.50203863624517,2025-12-27,2026-01-03,mlf_lightgbm
16,2025-12-27,2026-01-10,2,2,228.48066369774494,228.48066369774494,206.21819034827223,225.76451924525344,228.48066369774494,231.19680815023645,250.74313704721766,2025-12-27,2026-01-10,mlf_lightgbm
16,2025-12-27,2026-01-17,3,3,225.74689856989943,225.74689856989943,209.5786427276673,221.1980828132689,225.74689856989943,230.29571432652995,241.91515441213156,2025-12-27,2026-01-17,mlf_lightgbm
16,2025-12-27,2026-01-24,4,4,270.9319610533725,270.9319610533725,236.76493141116632,263.38217747285654,270.9319610533725,278.48174463388847,305.09899069557866,2025-12-27,2026-01-24,mlf_lightgbm
17,2025-12-27,2026-01-03,1,1,2190.876748200215,2190.876748200215,2163.619941141778,2184.6480177582953,2190.876748200215,2197.1054786421346,2218.133555258652,2025-12-27,2026-01-03,mlf_lightgbm
17,2025-12-27,2026-01-10,2,2,2781.0602893788378,2781.0602893788378,2749.940736329601,2771.9551603651694,2781.0602893788378,2790.165418392506,2812.1798424280746,2025-12-27,2026-01-10,mlf_lightgbm
17,2025-12-27,2026-01-17,3,3,2718.2702782308197,2718.2702782308197,2529.199571615002,2703.1780137084465,2718.2702782308197,2733.362542753193,2907.340984846637,2025-12-27,2026-01-17,mlf_lightgbm
17,2025-12-27,2026-01-24,4,4,3721.060134436231,3721.060134436231,3080.400489898701,3684.8522928319567,3721.060134436231,3757.267976040505,4361.71977897376,2025-12-27,2026-01-24,mlf_lightgbm
18,2025-12-27,2026-01-03,1,1,1395.1392043109656,1395.1392043109656,1377.2957662089498,1392.0665575360142,1395.1392043109656,1398.211851085917,1412.9826424129815,2025-12-27,2026-01-03,mlf_lightgbm
18,2025-12-27,2026-01-10,2,2,1787.860778223429,1787.860778223429,1749.884952922685,1780.7671957342025,1787.860778223429,1794.9543607126554,1825.8366035241727,2025-12-27,2026-01-10,mlf_lightgbm
18,2025-12-27,2026-01-17,3,3,2182.3812668371756,2182.3812668371756,2055.879498340598,2170.0694179791394,2182.3812668371756,2194.693115695212,2308.8830353337535,2025-12-27,2026-01-17,mlf_lightgbm
18,2025-12-27,2026-01-24,4,4,2653.6075868773096,2653.6075868773096,2368.730735575756,2631.7053207928248,2653.6075868773096,2675.5098529617944,2938.4844381788625,2025-12-27,2026-01-24,mlf_lightgbm
19,2025-12-27,2026-01-03,1,1,453.22459763398217,453.22459763398217,447.8042031624724,450.91001391561736,453.22459763398217,455.539181352347,458.64499210549195,2025-12-27,2026-01-03,mlf_lightgbm
19,2025-12-27,2026-01-10,2,2,517.3493166792281,517.3493166792281,510.2009556324823,514.6237124174563,517.3493166792281,520.0749209409998,524.4976777259739,2025-12-27,2026-01-10,mlf_lightgbm
19,2025-12-27,2026-01-17,3,3,446.8236921635318,446.8236921635318,405.0551907717681,443.7388076427925,446.8236921635318,449.9085766842711,488.5921935552955,2025-12-27,2026-01-17,mlf_lightgbm
19,2025-12-27,2026-01-24,4,4,630.0909104761267,630.0909104761267,479.2790959928874,625.0056463530728,630.0909104761267,635.1761745991806,780.902724959366,2025-12-27,2026-01-24,mlf_lightgbm
20,2025-12-27,2026-01-03,1,1,531.6854521300511,531.6854521300511,524.0856403477522,528.2560467173703,531.6854521300511,535.1148575427319,539.2852639123499,2025-12-27,2026-01-03,mlf_lightgbm
20,2025-12-27,2026-01-10,2,2,717.4824809069579,717.4824809069579,708.9788505406591,713.7573444824977,717.4824809069579,721.2076173314181,725.9861112732567,2025-12-27,2026-01-10,mlf_lightgbm
20,2025-12-27,2026-01-17,3,3,831.284017774482,831.284017774482,779.70948132658,827.0894027539066,831.284017774482,835.4786327950574,882.858554222384,2025-12-27,2026-01-17,mlf_lightgbm
20,2025-12-27,2026-01-24,4,4,843.6636008655145,843.6636008655145,687.5860433243222,835.68139860363,843.6636008655145,851.645803127399,999.7411584067066,2025-12-27,2026-01-24,mlf_lightgbm
21,2025-12-27,2026-01-03,1,1,1096.94588548237,1096.94588548237,1079.2249628279665,1086.911097469643,1096.94588548237,1106.9806734950969,1114.6668081367734,2025-12-27,2026-01-03,mlf_lightgbm
21,2025-12-27,2026-01-10,2,2,1376.7832391687482,1376.7832391687482,1339.2114446150445,1367.4368439490436,1376.7832391687482,1386.1296343884528,1414.355033722452,2025-12-27,2026-01-10,mlf_lightgbm
21,2025-12-27,2026-01-17,3,3,1350.0339341492936,1350.0339341492936,1241.1669025664953,1337.4390516073627,1350.0339341492936,1362.6288166912245,1458.9009657320917,2025-12-27,2026-01-17,mlf_lightgbm
21,2025-12-27,2026-01-24,4,4,1473.279608334994,1473.279608334994,1174.4487373128366,1456.5049327952765,1473.279608334994,1490.0542838747115,1772.1104793571512,2025-12-27,2026-01-24,mlf_lightgbm
22,2025-12-27,2026-01-03,1,1,879.3899009214067,879.3899009214067,852.8945465339367,869.9662508580853,879.3899009214067,888.8135509847281,905.8852553088767,2025-12-27,2026-01-03,mlf_lightgbm
22,2025-12-27,2026-01-10,2,2,659.8993451859551,659.8993451859551,625.0741114816782,645.1151645887992,659.8993451859551,674.683525783111,694.724578890232,2025-12-27,2026-01-10,mlf_lightgbm
22,2025-12-27,2026-01-17,3,3,705.2086885859351,705.2086885859351,640.3368703233307,671.7695956934552,705.2086885859351,738.6477814784149,770.0805068485395,2025-12-27,2026-01-17,mlf_lightgbm
22,2025-12-27,2026-01-24,4,4,702.0055231517076,702.0055231517076,641.6866383200629,678.6626048385044,702.0055231517076,725.3484414649108,762.3244079833523,2025-12-27,2026-01-24,mlf_lightgbm
23,2025-12-27,2026-01-03,1,1,216.6657864079329,216.6657864079329,211.08497814006734,215.9536138065772,216.6657864079329,217.3779590092886,222.24659467579843,2025-12-27,2026-01-03,mlf_lightgbm
23,2025-12-27,2026-01-10,2,2,263.8257004042579,263.8257004042579,251.91476402829858,261.9384825609437,263.8257004042579,265.712918247572,275.73663678021717,2025-12-27,2026-01-10,mlf_lightgbm
23,2025-12-27,2026-01-17,3,3,239.38439349328814,239.38439349328814,195.8800546062686,236.36227955423664,239.38439349328814,242.40650743233965,282.88873238030766,2025-12-27,2026-01-17,mlf_lightgbm
23,2025-12-27,2026-01-24,4,4,291.0641281152388,291.0641281152388,207.09715703468743,287.53299680205555,291.0641281152388,294.5952594284221,375.03109919579015,2025-12-27,2026-01-24,mlf_lightgbm
24,2025-12-27,2026-01-03,1,1,754.5423447643263,754.5423447643263,730.6576515871182,751.0593259913418,754.5423447643263,758.0253635373109,778.4270379415345,2025-12-27,2026-01-03,mlf_lightgbm
24,2025-12-27,2026-01-10,2,2,749.2993724000027,749.2993724000027,674.886845530987,743.1094536836963,749.2993724000027,755.489291116309,823.7118992690183,2025-12-27,2026-01-10,mlf_lightgbm
24,2025-12-27,2026-01-17,3,3,1057.0994578968216,1057.0994578968216,883.5715505727085,1035.1417317330693,1057.0994578968216,1079.057184060574,1230.6273652209345,2025-12-27,2026-01-17,mlf_lightgbm
24,2025-12-27,2026-01-24,4,4,1252.1458517773829,1252.1458517773829,950.6548914875347,1224.3220557742936,1252.1458517773829,1279.969647780472,1553.6368120672307,2025-12-27,2026-01-24,mlf_lightgbm
25,2025-12-27,2026-01-03,1,1,1174.2615801537963,1174.2615801537963,1138.338894617848,1167.965056159584,1174.2615801537963,1180.5581041480086,1210.1842656897447,2025-12-27,2026-01-03,mlf_lightgbm
25,2025-12-27,2026-01-10,2,2,1244.7182164966073,1244.7182164966073,1164.0114617406994,1232.8504626271083,1244.7182164966073,1256.5859703661063,1325.4249712525152,2025-12-27,2026-01-10,mlf_lightgbm
25,2025-12-27,2026-01-17,3,3,1630.4507876441892,1630.4507876441892,1415.2609944383012,1620.4179095512113,1630.4507876441892,1640.483665737167,1845.640580850077,2025-12-27,2026-01-17,mlf_lightgbm
25,2025-12-27,2026-01-24,4,4,2347.2676160493334,2347.2676160493334,1895.3288496299833,2333.2135697908916,2347.2676160493334,2361.321662307775,2799.206382468683,2025-12-27,2026-01-24,mlf_lightgbm
26,2025-12-27,2026-01-03,1,1,1198.5923373265566,1198.5923373265566,1189.3568899836187,1193.364110762544,1198.5923373265566,1203.8205638905692,1207.8277846694946,2025-12-27,2026-01-03,mlf_lightgbm
26,2025-12-27,2026-01-10,2,2,1674.7850939592793,1674.7850939592793,1604.5008465180279,1666.6842363038722,1674.7850939592793,1682.8859516146863,1745.0693414005307,2025-12-27,2026-01-10,mlf_lightgbm
26,2025-12-27,2026-01-17,3,3,2159.8567722341504,2159.8567722341504,1960.8549744441693,2150.584673443511,2159.8567722341504,2169.12887102479,2358.8585700241315,2025-12-27,2026-01-17,mlf_lightgbm
26,2025-12-27,2026-01-24,4,4,2576.209966766717,2576.209966766717,2145.765675421628,2561.5703051327127,2576.209966766717,2590.8496284007215,3006.6542581118056,2025-12-27,2026-01-24,mlf_lightgbm
27,2025-12-27,2026-01-03,1,1,1203.140529755551,1203.140529755551,1187.6364066535516,1198.7688984689112,1203.140529755551,1207.5121610421907,1218.6446528575502,2025-12-27,2026-01-03,mlf_lightgbm
27,2025-12-27,2026-01-10,2,2,1555.9208332039452,1555.9208332039452,1460.555635709976,1546.8603182963316,1555.9208332039452,1564.9813481115589,1651.2860306979144,2025-12-27,2026-01-10,mlf_lightgbm
27,2025-12-27,2026-01-17,3,3,2160.884606995154,2160.884606995154,1934.1549772534545,2150.6513392584216,2160.884606995154,2171.117874731887,2387.614236736854,2025-12-27,2026-01-17,mlf_lightgbm
27,2025-12-27,2026-01-24,4,4,2615.447731623925,2615.447731623925,2217.3057621168473,2595.1085547860316,2615.447731623925,2635.7869084618183,3013.589701131002,2025-12-27,2026-01-24,mlf_lightgbm
28,2025-12-27,2026-01-03,1,1,523.7347557896167,523.7347557896167,510.2616806800442,521.5745565375368,523.7347557896167,525.8949550416966,537.2078308991892,2025-12-27,2026-01-03,mlf_lightgbm
28,2025-12-27,2026-01-10,2,2,720.9541116975387,720.9541116975387,687.4571936073912,715.9182102018372,720.9541116975387,725.9900131932402,754.4510297876861,2025-12-27,2026-01-10,mlf_lightgbm
28,2025-12-27,2026-01-17,3,3,755.9920164782076,755.9920164782076,674.4077762756035,747.5206373032556,755.9920164782076,764.4633956531595,837.5762566808116,2025-12-27,2026-01-17,mlf_lightgbm
28,2025-12-27,2026-01-24,4,4,738.210105183145,738.210105183145,594.5980663563683,734.8013011922209,738.210105183145,741.618909174069,881.8221440099214,2025-12-27,2026-01-24,mlf_lightgbm
29,2025-12-27,2026-01-03,1,1,1337.3393213174672,1337.3393213174672,1318.5975940177225,1330.8833500193316,1337.3393213174672,1343.7952926156029,1356.081048617212,2025-12-27,2026-01-03,mlf_lightgbm
29,2025-12-27,2026-01-10,2,2,1606.192855332414,1606.192855332414,1568.2980059197591,1594.0009507472175,1606.192855332414,1618.3847599176104,1644.0877047450688,2025-12-27,2026-01-10,mlf_lightgbm
29,2025-12-27,2026-01-17,3,3,1887.7849799269366,1887.7849799269366,1773.8837545172162,1873.6639208000888,1887.7849799269366,1901.9060390537843,2001.6862053366572,2025-12-27,2026-01-17,mlf_lightgbm
29,2025-12-27,2026-01-24,4,4,2542.0490549613255,2542.0490549613255,2094.148830903811,2522.512715455234,2542.0490549613255,2561.5853944674172,2989.9492790188397,2025-12-27,2026-01-24,mlf_lightgbm
30,2025-12-27,2026-01-03,1,1,184.92319307403102,184.92319307403102,182.37253084038613,182.8255393034744,184.92319307403102,187.02084684458765,187.4738553076759,2025-12-27,2026-01-03,mlf_lightgbm
30,2025-12-27,2026-01-10,2,2,212.50594444259573,212.50594444259573,205.15846082542248,208.5809963731062,212.50594444259573,216.43089251208528,219.85342805976896,2025-12-27,2026-01-10,mlf_lightgbm
30,2025-12-27,2026-01-17,3,3,204.97749568919335,204.97749568919335,189.98072631759882,202.5905783080505,204.97749568919335,207.36441307033618,219.97426506078787,2025-12-27,2026-01-17,mlf_lightgbm
30,2025-12-27,2026-01-24,4,4,183.39939192230398,183.39939192230398,117.86179989533778,178.15861690002612,183.39939192230398,188.64016694458184,248.93698394927011,2025-12-27,2026-01-24,mlf_lightgbm
31,2025-12-27,2026-01-03,1,1,303.17941570342134,303.17941570342134,299.4178224857798,302.1345385595361,303.17941570342134,304.2242928473066,306.94100892106286,2025-12-27,2026-01-03,mlf_lightgbm
31,2025-12-27,2026-01-10,2,2,431.3914773736713,431.3914773736713,420.5040410126461,429.9110296915433,431.3914773736713,432.8719250557993,442.2789137346965,2025-12-27,2026-01-10,mlf_lightgbm
31,2025-12-27,2026-01-17,3,3,451.61895748066,451.61895748066,417.2883622211221,450.9311612152753,451.61895748066,452.3067537460447,485.94955274019793,2025-12-27,2026-01-17,mlf_lightgbm
31,2025-12-27,2026-01-24,4,4,520.0371438456896,520.0371438456896,427.1599680974132,516.4833637724969,520.0371438456896,523.5909239188823,612.9143195939658,2025-12-27,2026-01-24,mlf_lightgbm
32,2025-12-27,2026-01-03,1,1,489.1272516893775,489.1272516893775,479.0515790222576,484.42654474260945,489.1272516893775,493.8279586361455,499.20292435649736,2025-12-27,2026-01-03,mlf_lightgbm
32,2025-12-27,2026-01-10,2,2,579.0736490359837,579.0736490359837,560.4702561398267,572.7954348918206,579.0736490359837,585.3518631801469,597.6770419321408,2025-12-27,2026-01-10,mlf_lightgbm
32,2025-12-27,2026-01-17,3,3,639.9094180870311,639.9094180870311,584.5449174664575,635.3539204871785,639.9094180870311,644.4649156868837,695.2739187076047,2025-12-27,2026-01-17,mlf_lightgbm
32,2025-12-27,2026-01-24,4,4,721.1323288799013,721.1323288799013,583.6770905711683,718.1553912149584,721.1323288799013,724.1092665448441,858.5875671886341,2025-12-27,2026-01-24,mlf_lightgbm
33,2025-12-27,2026-01-03,1,1,273.73191099116997,273.73191099116997,265.12741702300747,271.8984452441039,273.73191099116997,275.565376738236,282.33640495933247,2025-12-27,2026-01-03,mlf_lightgbm
33,2025-12-27,2026-01-10,2,2,291.2468057375342,291.2468057375342,269.69364476978143,289.59272004234725,291.2468057375342,292.90089143272115,312.799966705287,2025-12-27,2026-01-10,mlf_lightgbm
33,2025-12-27,2026-01-17,3,3,268.82689200031086,268.82689200031086,215.67688165349628,264.9782279831169,268.82689200031086,272.67555601750485,321.97690234712536,2025-12-27,2026-01-17,mlf_lightgbm
33,2025-12-27,2026-01-24,4,4,337.0377100349338,337.0377100349338,229.32805900045634,333.69376785995195,337.0377100349338,340.38165220991567,444.7473610694112,2025-12-27,2026-01-24,mlf_lightgbm
34,2025-12-27,2026-01-03,1,1,1887.2856913866046,1887.2856913866046,1823.6825020900212,1880.8680564055096,1887.2856913866046,1893.7033263676997,1950.888880683188,2025-12-27,2026-01-03,mlf_lightgbm
34,2025-12-27,2026-01-10,2,2,2509.390535278304,2509.390535278304,2282.313882743786,2491.836699966694,2509.390535278304,2526.944370589914,2736.467187812822,2025-12-27,2026-01-10,mlf_lightgbm
34,2025-12-27,2026-01-17,3,3,2886.112583124595,2886.112583124595,2398.0290810338174,2866.662658918993,2886.112583124595,2905.5625073301967,3374.196085215372,2025-12-27,2026-01-17,mlf_lightgbm
34,2025-12-27,2026-01-24,4,4,3636.1355604741166,3636.1355604741166,2950.4005263454183,3593.71256969612,3636.1355604741166,3678.558551252113,4321.870594602815,2025-12-27,2026-01-24,mlf_lightgbm
35,2025-12-27,2026-01-03,1,1,669.7499478456214,669.7499478456214,659.7554450599735,667.0469854235057,669.7499478456214,672.452910267737,679.7444506312693,2025-12-27,2026-01-03,mlf_lightgbm
35,2025-12-27,2026-01-10,2,2,628.1290426254234,628.1290426254234,622.0869941750237,625.9956361988477,628.1290426254234,630.262449051999,634.171091075823,2025-12-27,2026-01-10,mlf_lightgbm
35,2025-12-27,2026-01-17,3,3,482.380716959701,482.380716959701,450.5751174976082,478.2228659878525,482.380716959701,486.53856793154944,514.1863164217938,2025-12-27,2026-01-17,mlf_lightgbm
35,2025-12-27,2026-01-24,4,4,471.7783611486155,471.7783611486155,334.80354690181247,463.1943675172608,471.7783611486155,480.3623547799702,608.7531753954185,2025-12-27,2026-01-24,mlf_lightgbm
36,2025-12-27,2026-01-03,1,1,4555.066140657309,4555.066140657309,4250.837106070385,4547.854247265534,4555.066140657309,4562.278034049084,4859.295175244233,2025-12-27,2026-01-03,mlf_lightgbm
36,2025-12-27,2026-01-10,2,2,5549.428888998327,5549.428888998327,4625.317957414594,5510.168693223216,5549.428888998327,5588.6890847734385,6473.53982058206,2025-12-27,2026-01-10,mlf_lightgbm
36,2025-12-27,2026-01-17,3,3,4557.043895194534,4557.043895194534,2812.7167497868363,4478.308073941813,4557.043895194534,4635.779716447256,6301.371040602231,2025-12-27,2026-01-17,mlf_lightgbm
36,2025-12-27,2026-01-24,4,4,4667.251321517323,4667.251321517323,2625.7027076025324,4487.154887597686,4667.251321517323,4847.34775543696,6708.799935432113,2025-12-27,2026-01-24,mlf_lightgbm
37,2025-12-27,2026-01-03,1,1,2914.7672814977955,2914.7672814977955,2820.593112874488,2909.2721458135347,2914.7672814977955,2920.262417182056,3008.941450121103,2025-12-27,2026-01-03,mlf_lightgbm
37,2025-12-27,2026-01-10,2,2,2907.7039266747656,2907.7039266747656,2656.9074097046987,2862.964801125054,2907.7039266747656,2952.4430522244775,3158.500443644832,2025-12-27,2026-01-10,mlf_lightgbm
37,2025-12-27,2026-01-17,3,3,3093.0134393828293,3093.0134393828293,2510.3438826814054,3062.4245675961083,3093.0134393828293,3123.6023111695504,3675.6829960842533,2025-12-27,2026-01-17,mlf_lightgbm
37,2025-12-27,2026-01-24,4,4,3945.5722465313765,3945.5722465313765,2664.8342071837988,3902.981740248291,3945.5722465313765,3988.1627528144622,5226.310285878953,2025-12-27,2026-01-24,mlf_lightgbm
38,2025-12-27,2026-01-03,1,1,129.81191743747593,129.81191743747593,127.27527269808472,128.73234895495327,129.81191743747593,130.8914859199986,132.34856217686715,2025-12-27,2026-01-03,mlf_lightgbm
38,2025-12-27,2026-01-10,2,2,140.69430670355558,140.69430670355558,131.52337679527014,139.38449981059756,140.69430670355558,142.0041135965136,149.865236611841,2025-12-27,2026-01-10,mlf_lightgbm
38,2025-12-27,2026-01-17,3,3,187.2802279142986,187.2802279142986,156.38706842192386,186.62612813486317,187.2802279142986,187.93432769373402,218.1733874066733,2025-12-27,2026-01-17,mlf_lightgbm
38,2025-12-27,2026-01-24,4,4,216.71780545472114,216.71780545472114,153.56841315932303,214.11910700414734,216.71780545472114,219.31650390529495,279.8671977501192,2025-12-27,2026-01-24,mlf_lightgbm
39,2025-12-27,2026-01-03,1,1,2358.3693956353673,2358.3693956353673,2335.402522951163,2344.74618695918,2358.3693956353673,2371.9926043115547,2381.3362683195714,2025-12-27,2026-01-03,mlf_lightgbm
39,2025-12-27,2026-01-10,2,2,2481.9077932061723,2481.9077932061723,2388.8586002714724,2468.4406017776155,2481.9077932061723,2495.374984634729,2574.9569861408722,2025-12-27,2026-01-10,mlf_lightgbm
39,2025-12-27,2026-01-17,3,3,2537.6001506308985,2537.6001506308985,2226.15084758295,2506.2586828925505,2537.6001506308985,2568.9416183692465,2849.049453678847,2025-12-27,2026-01-17,mlf_lightgbm
39,2025-12-27,2026-01-24,4,4,3638.640938015405,3638.640938015405,2894.671246739065,3604.0496894939856,3638.640938015405,3673.2321865368244,4382.610629291745,2025-12-27,2026-01-24,mlf_lightgbm
40,2025-12-27,2026-01-03,1,1,398.6865559109737,398.6865559109737,390.76920655812455,394.63137808488847,398.6865559109737,402.74173373705895,406.60390526382287,2025-12-27,2026-01-03,mlf_lightgbm
40,2025-12-27,2026-01-10,2,2,718.8773826892783,718.8773826892783,698.3978626348513,709.8124227024766,718.8773826892783,727.94234267608,739.3569027437053,2025-12-27,2026-01-10,mlf_lightgbm
40,2025-12-27,2026-01-17,3,3,1028.7838985140047,1028.7838985140047,989.8306316964395,1024.9622241062204,1028.7838985140047,1032.6055729217887,1067.73716533157,2025-12-27,2026-01-17,mlf_lightgbm
40,2025-12-27,2026-01-24,4,4,1224.5950683723595,1224.5950683723595,1100.275779076769,1220.5916572958454,1224.5950683723595,1228.5984794488736,1348.91435766795,2025-12-27,2026-01-24,mlf_lightgbm
41,2025-12-27,2026-01-03,1,1,200.5143383039041,200.5143383039041,197.82049553834966,199.646072679493,200.5143383039041,201.38260392831523,203.20818106945856,2025-12-27,2026-01-03,mlf_lightgbm
41,2025-12-27,2026-01-10,2,2,319.5258445846807,319.5258445846807,304.8265347741697,316.566079791744,319.5258445846807,322.48560937761744,334.2251543951917,2025-12-27,2026-01-10,mlf_lightgbm
41,2025-12-27,2026-01-17,3,3,563.0771517325301,563.0771517325301,534.383050479028,558.8087562197402,563.0771517325301,567.34554724532,591.771252986032,2025-12-27,2026-01-17,mlf_lightgbm
41,2025-12-27,2026-01-24,4,4,752.582291868416,752.582291868416,739.7567632678171,749.8903804386927,752.582291868416,755.2742032981392,765.4078204690148,2025-12-27,2026-01-24,mlf_lightgbm
42,2025-12-27,2026-01-03,1,1,3308.0360448871847,3308.0360448871847,3202.9333922898804,3286.3210568227532,3308.0360448871847,3329.7510329516163,3413.1386974844886,2025-12-27,2026-01-03,mlf_lightgbm
42,2025-12-27,2026-01-10,2,2,4399.949273432972,4399.949273432972,4154.532599028573,4359.722381687273,4399.949273432972,4440.176165178672,4645.365947837371,2025-12-27,2026-01-10,mlf_lightgbm
42,2025-12-27,2026-01-17,3,3,5631.217423729944,5631.217423729944,5025.330707071804,5566.169858892519,5631.217423729944,5696.264988567369,6237.104140388084,2025-12-27,2026-01-17,mlf_lightgbm
42,2025-12-27,2026-01-24,4,4,4286.379917994354,4286.379917994354,2889.7569606595735,4193.006075154091,4286.379917994354,4379.753760834617,5683.002875329134,2025-12-27,2026-01-24,mlf_lightgbm
44,2025-12-27,2026-01-03,1,1,264.0724744397531,264.0724744397531,250.95803227384073,261.7039363333172,264.0724744397531,266.441012546189,277.18691660566543,2025-12-27,2026-01-03,mlf_lightgbm
44,2025-12-27,2026-01-10,2,2,253.60313383354696,253.60313383354696,213.2652986646026,250.74503767821403,253.60313383354696,256.4612299888799,293.94096900249133,2025-12-27,2026-01-10,mlf_lightgbm
44,2025-12-27,2026-01-17,3,3,293.5332262358227,293.5332262358227,216.42247984515942,290.32183107174444,293.5332262358227,296.744621399901,370.64397262648595,2025-12-27,2026-01-17,mlf_lightgbm
44,2025-12-27,2026-01-24,4,4,352.3902054276559,352.3902054276559,246.0143955820481,348.4525182361936,352.3902054276559,356.32789261911824,458.76601527326363,2025-12-27,2026-01-24,mlf_lightgbm
45,2025-12-27,2026-01-03,1,1,1139.1755457540187,1139.1755457540187,1117.5176377132914,1132.6643608459956,1139.1755457540187,1145.6867306620418,1160.833453794746,2025-12-27,2026-01-03,mlf_lightgbm
45,2025-12-27,2026-01-10,2,2,979.0323544231884,979.0323544231884,941.7480483322229,968.1805946856625,979.0323544231884,989.8841141607143,1016.3166605141539,2025-12-27,2026-01-10,mlf_lightgbm
45,2025-12-27,2026-01-17,3,3,1272.1504029602065,1272.1504029602065,1069.6912638325393,1253.1873086853898,1272.1504029602065,1291.1134972350233,1474.6095420878735,2025-12-27,2026-01-17,mlf_lightgbm
45,2025-12-27,2026-01-24,4,4,1707.8212767567968,1707.8212767567968,1224.8353621136919,1687.6658148766044,1707.8212767567968,1727.9767386369892,2190.8071913999015,2025-12-27,2026-01-24,mlf_lightgbm
46,2025-12-27,2026-01-03,1,1,80.0265734836028,80.0265734836028,77.24444726968596,79.38843453252989,80.0265734836028,80.66471243467572,82.80869969751964,2025-12-27,2026-01-03,mlf_lightgbm
46,2025-12-27,2026-01-10,2,2,101.89312694708259,101.89312694708259,96.39596435892048,101.53587525103819,101.89312694708259,102.250378643127,107.39028953524469,2025-12-27,2026-01-10,mlf_lightgbm
46,2025-12-27,2026-01-17,3,3,125.63720710302651,125.63720710302651,109.96753039275825,124.64396548444627,125.63720710302651,126.63044872160675,141.30688381329475,2025-12-27,2026-01-17,mlf_lightgbm
46,2025-12-27,2026-01-24,4,4,186.46311827690423,186.46311827690423,149.55293128313548,185.0369935707779,186.46311827690423,187.88924298303056,223.37330527067294,2025-12-27,2026-01-24,mlf_lightgbm
47,2025-12-27,2026-01-03,1,1,1222.2159490465917,1222.2159490465917,1187.8458623103857,1209.6561052817142,1222.2159490465917,1234.7757928114693,1256.5860357827978,2025-12-27,2026-01-03,mlf_lightgbm
47,2025-12-27,2026-01-10,2,2,1655.674455524907,1655.674455524907,1582.224853562599,1638.7703752144564,1655.674455524907,1672.5785358353576,1729.1240574872147,2025-12-27,2026-01-10,mlf_lightgbm
47,2025-12-27,2026-01-17,3,3,1909.3976887081615,1909.3976887081615,1734.5474258183292,1889.830446711103,1909.3976887081615,1928.96493070522,2084.2479515979935,2025-12-27,2026-01-17,mlf_lightgbm
47,2025-12-27,2026-01-24,4,4,2333.6612296912886,2333.6612296912886,1850.823390269481,2318.8673219680454,2333.6612296912886,2348.4551374145317,2816.4990691130956,2025-12-27,2026-01-24,mlf_lightgbm
48,2025-12-27,2026-01-03,1,1,3399.8743505811776,3399.8743505811776,3342.1136103775284,3376.995664217839,3399.8743505811776,3422.753036944516,3457.635090784827,2025-12-27,2026-01-03,mlf_lightgbm
48,2025-12-27,2026-01-10,2,2,4160.504687984827,4160.504687984827,4034.4196144710854,4088.9064617309887,4160.504687984827,4232.102914238665,4286.589761498568,2025-12-27,2026-01-10,mlf_lightgbm
48,2025-12-27,2026-01-17,3,3,4223.629554536063,4223.629554536063,3822.0236917263705,4123.142300377107,4223.629554536063,4324.116808695018,4625.235417345754,2025-12-27,2026-01-17,mlf_lightgbm
48,2025-12-27,2026-01-24,4,4,2427.500120298554,2427.500120298554,1709.2884705263307,2285.9522255436514,2427.500120298554,2569.0480150534568,3145.7117700707768,2025-12-27,2026-01-24,mlf_lightgbm
49,2025-12-27,2026-01-03,1,1,393.4919438366506,393.4919438366506,388.8960471972897,392.38701710734307,393.4919438366506,394.5968705659581,398.0878404760115,2025-12-27,2026-01-03,mlf_lightgbm
49,2025-12-27,2026-01-10,2,2,503.11306417387846,503.11306417387846,492.28662294429506,499.8961675050201,503.11306417387846,506.3299608427368,513.9395054034618,2025-12-27,2026-01-10,mlf_lightgbm
49,2025-12-27,2026-01-17,3,3,466.2016519092391,466.2016519092391,427.74992490709985,462.39963848860987,466.2016519092391,470.00366532986834,504.6533789113783,2025-12-27,2026-01-17,mlf_lightgbm
49,2025-12-27,2026-01-24,4,4,443.34181373393454,443.34181373393454,362.16316928323795,435.31452011692795,443.34181373393454,451.36910735094114,524.5204581846311,2025-12-27,2026-01-24,mlf_lightgbm
50,2025-12-27,2026-01-03,1,1,51.69854153815551,51.69854153815551,48.763618220983226,49.86107235289734,51.69854153815551,53.53601072341368,54.633464855327794,2025-12-27,2026-01-03,mlf_lightgbm
50,2025-12-27,2026-01-10,2,2,68.57541292879095,68.57541292879095,63.3680919792529,66.55287015248364,68.57541292879095,70.59795570509827,73.78273387832901,2025-12-27,2026-01-10,mlf_lightgbm
50,2025-12-27,2026-01-17,3,3,91.94674104641118,91.94674104641118,84.13942009687312,89.92419827010386,91.94674104641118,93.9692838227185,99.75406199594923,2025-12-27,2026-01-17,mlf_lightgbm
50,2025-12-27,2026-01-24,4,4,123.0339778431529,123.0339778431529,96.3355337871723,120.9276588904449,123.0339778431529,125.14029679586089,149.7324218991335,2025-12-27,2026-01-24,mlf_lightgbm
51,2025-12-27,2026-01-03,1,1,1338.6469762998074,1338.6469762998074,1292.6722277472106,1333.157301870928,1338.6469762998074,1344.1366507286868,1384.6217248524042,2025-12-27,2026-01-03,mlf_lightgbm
51,2025-12-27,2026-01-10,2,2,1208.0033799525154,1208.0033799525154,1165.0754198700934,1201.9558981448304,1208.0033799525154,1214.0508617602004,1250.9313400349374,2025-12-27,2026-01-10,mlf_lightgbm
51,2025-12-27,2026-01-17,3,3,1258.4571162560924,1258.4571162560924,1132.8318230490597,1243.0945677334316,1258.4571162560924,1273.8196647787531,1384.082409463125,2025-12-27,2026-01-17,mlf_lightgbm
51,2025-12-27,2026-01-24,4,4,1666.097707584886,1666.097707584886,1296.1253656093677,1642.5432372084044,1666.097707584886,1689.6521779613674,2036.070049560404,2025-12-27,2026-01-24,mlf_lightgbm
53,2025-12-27,2026-01-03,1,1,256.4454914590521,256.4454914590521,243.35944809177678,253.8439779853095,256.4454914590521,259.0470049327947,269.5315348263274,2025-12-27,2026-01-03,mlf_lightgbm
53,2025-12-27,2026-01-10,2,2,470.487092939872,470.487092939872,464.95850548189827,467.5330920307557,470.487092939872,473.4410938489883,476.01568039784576,2025-12-27,2026-01-10,mlf_lightgbm
53,2025-12-27,2026-01-17,3,3,719.9736705819813,719.9736705819813,691.1478626139444,709.3757810887696,719.9736705819813,730.571560075193,748.7994785500182,2025-12-27,2026-01-17,mlf_lightgbm
53,2025-12-27,2026-01-24,4,4,868.6428571426184,868.6428571426184,832.668002821729,857.2962252940362,868.6428571426184,879.9894889912006,904.6177114635077,2025-12-27,2026-01-24,mlf_lightgbm
54,2025-12-27,2026-01-03,1,1,316.10259152437703,316.10259152437703,309.1118181667264,315.2651223391189,316.10259152437703,316.9400607096352,323.0933648820277,2025-12-27,2026-01-03,mlf_lightgbm
54,2025-12-27,2026-01-10,2,2,386.4429231227143,386.4429231227143,374.57438367280326,384.3928907377404,386.4429231227143,388.49295550768824,398.3114625726254,2025-12-27,2026-01-10,mlf_lightgbm
54,2025-12-27,2026-01-17,3,3,335.61686692248264,335.61686692248264,300.05713551220015,335.3443241461753,335.61686692248264,335.88940969878996,371.17659833276514,2025-12-27,2026-01-17,mlf_lightgbm
54,2025-12-27,2026-01-24,4,4,369.5131361455332,369.5131361455332,253.6053591470088,365.92693927914286,369.5131361455332,373.0993330119236,485.4209131440575,2025-12-27,2026-01-24,mlf_lightgbm
55,2025-12-27,2026-01-03,1,1,1014.9354623671587,1014.9354623671587,991.5066302966616,1012.3692105147015,1014.9354623671587,1017.5017142196159,1038.3642944376559,2025-12-27,2026-01-03,mlf_lightgbm
55,2025-12-27,2026-01-10,2,2,894.4946817485488,894.4946817485488,826.1598937267607,891.5676820797985,894.4946817485488,897.4216814172992,962.8294697703369,2025-12-27,2026-01-10,mlf_lightgbm
55,2025-12-27,2026-01-17,3,3,1038.2654554239582,1038.2654554239582,874.1478272647676,1032.481406578575,1038.2654554239582,1044.0495042693415,1202.3830835831486,2025-12-27,2026-01-17,mlf_lightgbm
55,2025-12-27,2026-01-24,4,4,1478.6472016367363,1478.6472016367363,1043.572506560075,1466.3884223400228,1478.6472016367363,1490.9059809334499,1913.7218967133972,2025-12-27,2026-01-24,mlf_lightgbm
56,2025-12-27,2026-01-03,1,1,86.01507872321105,86.01507872321105,83.6509215814509,84.33802457058982,86.01507872321105,87.69213287583227,88.37923586497119,2025-12-27,2026-01-03,mlf_lightgbm
56,2025-12-27,2026-01-10,2,2,121.3164846936955,121.3164846936955,116.34556538551641,119.5893096882446,121.3164846936955,123.0436596991464,126.28740400187459,2025-12-27,2026-01-10,mlf_lightgbm
56,2025-12-27,2026-01-17,3,3,178.49717527412125,178.49717527412125,173.76755757463076,176.47642200866807,178.49717527412125,180.51792853957443,183.22679297361174,2025-12-27,2026-01-17,mlf_lightgbm
56,2025-12-27,2026-01-24,4,4,245.4226120762181,245.4226120762181,229.87286260659397,241.89969509060407,245.4226120762181,248.9455290618321,260.9723615458422,2025-12-27,2026-01-24,mlf_lightgbm
72,2025-12-27,2026-01-03,1,1,451.658549140041,451.658549140041,429.8982264850753,445.1945369183635,451.658549140041,458.12256136171845,473.4188717950066,2025-12-27,2026-01-03,mlf_lightgbm
72,2025-12-27,2026-01-10,2,2,641.2016216904489,641.2016216904489,519.3610408844312,597.1861925864345,641.2016216904489,685.2170507944633,763.0422024964664,2025-12-27,2026-01-10,mlf_lightgbm
72,2025-12-27,2026-01-17,3,3,769.4175366203922,769.4175366203922,521.1376582909788,715.3458714473205,769.4175366203922,823.4892017934638,1017.6974149498054,2025-12-27,2026-01-17,mlf_lightgbm
72,2025-12-27,2026-01-24,4,4,801.4058355728986,801.4058355728986,571.0278675242946,761.8758494606309,801.4058355728986,840.9358216851663,1031.7838036215023,2025-12-27,2026-01-24,mlf_lightgbm
01,2026-01-24,2026-01-31,1,1,359.633089276466,359.633089276466,164.43910102264584,352.0596078552927,359.633089276466,367.20657069763934,554.8270775302861,2026-01-24,2026-01-31,mlf_lightgbm
01,2026-01-24,2026-02-07,2,2,444.824513341893,444.824513341893,38.039312606045144,426.899828674696,444.824513341893,462.74919800909004,851.6097140777406,2026-01-24,2026-02-07,mlf_lightgbm
01,2026-01-24,2026-02-14,3,3,521.764586262679,521.764586262679,63.45493224095097,467.71210772563177,521.764586262679,575.8170647997263,980.0742402844069,2026-01-24,2026-02-14,mlf_lightgbm
01,2026-01-24,2026-02-21,4,4,558.3738800410297,558.3738800410297,0.0,457.29668990689686,558.3738800410297,659.4510701751625,1159.6632960128854,2026-01-24,2026-02-21,mlf_lightgbm
02,2026-01-24,2026-01-31,1,1,33.891886284440695,33.891886284440695,13.090631461147375,30.732140844867374,33.891886284440695,37.051631724014015,54.693141107734,2026-01-24,2026-01-31,mlf_lightgbm
02,2026-01-24,2026-02-07,2,2,37.10253410032999,37.10253410032999,0.0,34.79371584763069,37.10253410032999,39.41135235302929,82.3941942905677,2026-01-24,2026-02-07,mlf_lightgbm
02,2026-01-24,2026-02-14,3,3,39.3886402418506,39.3886402418506,0.0,30.656070143612837,39.3886402418506,48.12121034008837,115.73820019322535,2026-01-24,2026-02-14,mlf_lightgbm
02,2026-01-24,2026-02-21,4,4,42.48366136551033,42.48366136551033,0.0,21.526585911086766,42.48366136551033,63.44073681993389,138.06825407043345,2026-01-24,2026-02-21,mlf_lightgbm
04,2026-01-24,2026-01-31,1,1,283.7256525496929,283.7256525496929,0.0,265.9729904806776,283.7256525496929,301.47831461870817,1110.13545584239,2026-01-24,2026-01-31,mlf_lightgbm
04,2026-01-24,2026-02-07,2,2,437.2851428093438,437.2851428093438,0.0,417.77452143941093,437.2851428093438,456.7957641792767,1743.8597614211474,2026-01-24,2026-02-07,mlf_lightgbm
04,2026-01-24,2026-02-14,3,3,631.7052174081801,631.7052174081801,0.0,603.2508116424119,631.7052174081801,660.1596231739484,2168.528492270808,2026-01-24,2026-02-14,mlf_lightgbm
04,2026-01-24,2026-02-21,4,4,737.5091607078443,737.5091607078443,0.0,639.3591226294881,737.5091607078443,835.6591987862006,2138.9795537394793,2026-01-24,2026-02-21,mlf_lightgbm
05,2026-01-24,2026-01-31,1,1,224.23685793530987,224.23685793530987,182.90289400988956,219.20637761790596,224.23685793530987,229.26733825271378,265.5708218607302,2026-01-24,2026-01-31,mlf_lightgbm
05,2026-01-24,2026-02-07,2,2,333.8309633722656,333.8309633722656,260.1965469560272,321.8547941917803,333.8309633722656,345.80713255275094,407.465379788504,2026-01-24,2026-02-07,mlf_lightgbm
05,2026-01-24,2026-02-14,3,3,484.61459377188817,484.61459377188817,380.58993625014267,463.8926633324662,484.61459377188817,505.3365242113101,588.6392512936336,2026-01-24,2026-02-14,mlf_lightgbm
05,2026-01-24,2026-02-21,4,4,644.5439955510244,644.5439955510244,459.01524532214296,549.1720864807202,644.5439955510244,739.9159046213287,830.0727457799059,2026-01-24,2026-02-21,mlf_lightgbm
06,2026-01-24,2026-01-31,1,1,1301.3755900351134,1301.3755900351134,990.9263111212196,1282.6160657947664,1301.3755900351134,1320.1351142754604,1611.8248689490072,2026-01-24,2026-01-31,mlf_lightgbm
06,2026-01-24,2026-02-07,2,2,1355.6600803380152,1355.6600803380152,398.5635303846245,1304.3789436619054,1355.6600803380152,1406.941217014125,2312.756630291405,2026-01-24,2026-02-07,mlf_lightgbm
06,2026-01-24,2026-02-14,3,3,1153.1336672497546,1153.1336672497546,474.1298134135746,1006.8081938348698,1153.1336672497546,1299.4591406646393,1832.1375210859344,2026-01-24,2026-02-14,mlf_lightgbm
06,2026-01-24,2026-02-21,4,4,952.6426222817963,952.6426222817963,0.0,632.3698156832639,952.6426222817963,1272.9154288803286,2046.499107038632,2026-01-24,2026-02-21,mlf_lightgbm
08,2026-01-24,2026-01-31,1,1,218.75024370668814,218.75024370668814,84.97434886141065,207.29139935952836,218.75024370668814,230.20908805384792,352.5261385519656,2026-01-24,2026-01-31,mlf_lightgbm
08,2026-01-24,2026-02-07,2,2,260.9156742718818,260.9156742718818,0.0,226.20478618961405,260.9156742718818,295.6265623541496,726.9613121129356,2026-01-24,2026-02-07,mlf_lightgbm
08,2026-01-24,2026-02-14,3,3,405.65304477865203,405.65304477865203,0.0,290.78026061927085,405.65304477865203,520.5258289380332,1217.813841550574,2026-01-24,2026-02-14,mlf_lightgbm
08,2026-01-24,2026-02-21,4,4,497.1862006001583,497.1862006001583,0.0,321.24345237050363,497.1862006001583,673.128948829813,1595.818841881982,2026-01-24,2026-02-21,mlf_lightgbm
09,2026-01-24,2026-01-31,1,1,162.22051222113524,162.22051222113524,67.53860149898722,143.24673562177153,162.22051222113524,181.19428882049894,256.9024229432832,2026-01-24,2026-01-31,mlf_lightgbm
09,2026-01-24,2026-02-07,2,2,178.84420061383506,178.84420061383506,87.95936507150023,167.74890377661677,178.84420061383506,189.93949745105334,269.72903615616985,2026-01-24,2026-02-07,mlf_lightgbm
09,2026-01-24,2026-02-14,3,3,227.22794666531402,227.22794666531402,0.0,137.07722454856645,227.22794666531402,317.3786687820616,556.0736298702477,2026-01-24,2026-02-14,mlf_lightgbm
09,2026-01-24,2026-02-21,4,4,286.90301759704806,286.90301759704806,0.0,104.64889050888655,286.90301759704806,469.1571446852096,836.8045912979271,2026-01-24,2026-02-21,mlf_lightgbm
10,2026-01-24,2026-01-31,1,1,142.29753514697546,142.29753514697546,102.18019910725707,139.71729673143955,142.29753514697546,144.87777356251138,182.41487118669383,2026-01-24,2026-01-31,mlf_lightgbm
10,2026-01-24,2026-02-07,2,2,175.76691927543214,175.76691927543214,71.07971138755214,167.77409156630813,175.76691927543214,183.75974698455616,280.4541271633121,2026-01-24,2026-02-07,mlf_lightgbm
10,2026-01-24,2026-02-14,3,3,236.34220601014428,236.34220601014428,91.37281880733673,210.16631149008305,236.34220601014428,262.5181005302055,381.3115932129517,2026-01-24,2026-02-14,mlf_lightgbm
10,2026-01-24,2026-02-21,4,4,279.6922812141624,279.6922812141624,67.18875162052174,229.1322029052345,279.6922812141624,330.25235952309026,492.195810807803,2026-01-24,2026-02-21,mlf_lightgbm
11,2026-01-24,2026-01-31,1,1,52.68623801572736,52.68623801572736,31.34890852389509,48.892867366854034,52.68623801572736,56.47960866460069,74.02356750755962,2026-01-24,2026-01-31,mlf_lightgbm
11,2026-01-24,2026-02-07,2,2,65.10442675671379,65.10442675671379,24.323107149235437,57.96979164342419,65.10442675671379,72.2390618700034,105.88574636419213,2026-01-24,2026-02-07,mlf_lightgbm
11,2026-01-24,2026-02-14,3,3,79.63237294462918,79.63237294462918,0.0,64.1621889579244,79.63237294462918,95.10255693133396,163.1657891537763,2026-01-24,2026-02-14,mlf_lightgbm
11,2026-01-24,2026-02-21,4,4,89.69428749881207,89.69428749881207,0.0,63.04495246003866,89.69428749881207,116.34362253758549,267.98150874432747,2026-01-24,2026-02-21,mlf_lightgbm
12,2026-01-24,2026-01-31,1,1,663.3310885398527,663.3310885398527,4.908788712144315,593.2448433842586,663.3310885398527,733.4173336954467,1321.7533883675605,2026-01-24,2026-01-31,mlf_lightgbm
12,2026-01-24,2026-02-07,2,2,832.0368800245091,832.0368800245091,57.4980241549037,762.3420778182797,832.0368800245091,901.7316822307384,1606.575735894114,2026-01-24,2026-02-07,mlf_lightgbm
12,2026-01-24,2026-02-14,3,3,644.4167052474834,644.4167052474834,0.0,519.8585160268108,644.4167052474834,768.974894468156,2158.2692293891414,2026-01-24,2026-02-14,mlf_lightgbm
12,2026-01-24,2026-02-21,4,4,433.9405300381896,433.9405300381896,0.0,137.06345436146745,433.9405300381896,730.8176057149117,1182.9017613172614,2026-01-24,2026-02-21,mlf_lightgbm
13,2026-01-24,2026-01-31,1,1,302.5878946399581,302.5878946399581,0.0,286.73724970277425,302.5878946399581,318.43853957714197,695.6840374463769,2026-01-24,2026-01-31,mlf_lightgbm
13,2026-01-24,2026-02-07,2,2,252.6419451068032,252.6419451068032,0.0,211.10386137757092,252.6419451068032,294.1800288360355,1261.0426260983822,2026-01-24,2026-02-07,mlf_lightgbm
13,2026-01-24,2026-02-14,3,3,218.613721116046,218.613721116046,0.0,96.37430500324355,218.613721116046,340.8531372288485,1757.7244585530261,2026-01-24,2026-02-14,mlf_lightgbm
13,2026-01-24,2026-02-21,4,4,203.79547044363488,203.79547044363488,0.0,0.0,203.79547044363488,513.1107142782788,1962.225830159454,2026-01-24,2026-02-21,mlf_lightgbm
15,2026-01-24,2026-01-31,1,1,53.05744179932984,53.05744179932984,47.153210086763885,50.618375190413346,53.05744179932984,55.49650840824633,58.96167351189578,2026-01-24,2026-01-31,mlf_lightgbm
15,2026-01-24,2026-02-07,2,2,57.46340470820737,57.46340470820737,0.0,42.48400344683352,57.46340470820737,72.44280596958123,118.38547588513093,2026-01-24,2026-02-07,mlf_lightgbm
15,2026-01-24,2026-02-14,3,3,64.18259666336903,64.18259666336903,0.0,27.03538409424015,64.18259666336903,101.3298092324979,180.4417180052899,2026-01-24,2026-02-14,mlf_lightgbm
15,2026-01-24,2026-02-21,4,4,65.24221901046332,65.24221901046332,0.0,39.734008805802475,65.24221901046332,90.75042921512416,183.92408916810476,2026-01-24,2026-02-21,mlf_lightgbm
16,2026-01-24,2026-01-31,1,1,133.96675164279796,133.96675164279796,119.99819113816487,128.31391429720603,133.96675164279796,139.6195889883899,147.93531214743103,2026-01-24,2026-01-31,mlf_lightgbm
16,2026-01-24,2026-02-07,2,2,162.91266526904442,162.91266526904442,98.43696552708276,153.76827001453682,162.91266526904442,172.05706052355202,227.38836501100604,2026-01-24,2026-02-07,mlf_lightgbm
16,2026-01-24,2026-02-14,3,3,192.84720944377543,192.84720944377543,63.58747953113978,187.39349493799688,192.84720944377543,198.30092394955398,322.106939356411,2026-01-24,2026-02-14,mlf_lightgbm
16,2026-01-24,2026-02-21,4,4,238.29689651709256,238.29689651709256,69.18160849577826,231.5694770484824,238.29689651709256,245.0243159857027,407.4121845384068,2026-01-24,2026-02-21,mlf_lightgbm
17,2026-01-24,2026-01-31,1,1,494.3520438686398,494.3520438686398,319.65924964887023,482.43069926429143,494.3520438686398,506.27338847298813,669.0448380884093,2026-01-24,2026-01-31,mlf_lightgbm
17,2026-01-24,2026-02-07,2,2,289.66025811193697,289.66025811193697,0.0,270.0023983535558,289.66025811193697,309.31811787031813,1048.67050270344,2026-01-24,2026-02-07,mlf_lightgbm
17,2026-01-24,2026-02-14,3,3,75.03882545521284,75.03882545521284,0.0,0.0,75.03882545521284,178.7696323053879,1413.4337086065734,2026-01-24,2026-02-14,mlf_lightgbm
17,2026-01-24,2026-02-21,4,4,0.0,0.0,0.0,0.0,0.0,267.2353699498619,1653.5058159482323,2026-01-24,2026-02-21,mlf_lightgbm
18,2026-01-24,2026-01-31,1,1,358.4501275511426,358.4501275511426,257.9341071032953,348.25288640626906,358.4501275511426,368.64736869601614,458.96614799898987,2026-01-24,2026-01-31,mlf_lightgbm
18,2026-01-24,2026-02-07,2,2,350.4446984904058,350.4446984904058,76.66521936650372,321.5709424320024,350.4446984904058,379.3184545488092,624.2241776143078,2026-01-24,2026-02-07,mlf_lightgbm
18,2026-01-24,2026-02-14,3,3,362.83838351440033,362.83838351440033,0.0,289.9593246222074,362.83838351440033,435.71744240659325,906.02727493704,2026-01-24,2026-02-14,mlf_lightgbm
18,2026-01-24,2026-02-21,4,4,344.1736425000912,344.1736425000912,0.0,192.17713333864447,344.1736425000912,496.17015166153794,1246.1963860805356,2026-01-24,2026-02-21,mlf_lightgbm
19,2026-01-24,2026-01-31,1,1,235.06938697031086,235.06938697031086,194.26010833114898,230.05242215816793,235.06938697031086,240.0863517824538,275.8786656094727,2026-01-24,2026-01-31,mlf_lightgbm
19,2026-01-24,2026-02-07,2,2,275.32897879566605,275.32897879566605,184.69745204986324,268.9833842561585,275.32897879566605,281.6745733351736,365.96050554146876,2026-01-24,2026-02-07,mlf_lightgbm
19,2026-01-24,2026-02-14,3,3,320.59239815090524,320.59239815090524,134.568690246389,302.5506502797059,320.59239815090524,338.6341460221046,506.61610605542137,2026-01-24,2026-02-14,mlf_lightgbm
19,2026-01-24,2026-02-21,4,4,362.61255833722356,362.61255833722356,0.0,293.61467523620775,362.61255833722356,431.6104414382394,758.6342014745638,2026-01-24,2026-02-21,mlf_lightgbm
20,2026-01-24,2026-01-31,1,1,264.4599572240139,264.4599572240139,255.518004282243,256.16904407275706,264.4599572240139,272.7508703752708,273.40191016578484,2026-01-24,2026-01-31,mlf_lightgbm
20,2026-01-24,2026-02-07,2,2,371.93851293666296,371.93851293666296,331.42852875921216,365.45110407974056,371.93851293666296,378.42592179358536,412.44849711411376,2026-01-24,2026-02-07,mlf_lightgbm
20,2026-01-24,2026-02-14,3,3,445.5483470183028,445.5483470183028,337.4328314109619,420.58391664783295,445.5483470183028,470.5127773887727,553.6638626256438,2026-01-24,2026-02-14,mlf_lightgbm
20,2026-01-24,2026-02-21,4,4,536.0838575426093,536.0838575426093,323.4782602904171,486.9457818224466,536.0838575426093,585.2219332627719,748.6894547948013,2026-01-24,2026-02-21,mlf_lightgbm
21,2026-01-24,2026-01-31,1,1,359.8315990905277,359.8315990905277,184.03618433979707,348.4980755967885,359.8315990905277,371.16512258426684,535.6270138412582,2026-01-24,2026-01-31,mlf_lightgbm
21,2026-01-24,2026-02-07,2,2,425.87838719329665,425.87838719329665,187.7949127098354,404.9638629820776,425.87838719329665,446.7929114045157,663.9618616767577,2026-01-24,2026-02-07,mlf_lightgbm
21,2026-01-24,2026-02-14,3,3,583.6673771008063,583.6673771008063,235.09980978305538,534.1049734770337,583.6673771008063,633.229780724579,932.234944418557,2026-01-24,2026-02-14,mlf_lightgbm
21,2026-01-24,2026-02-21,4,4,657.4105612891067,657.4105612891067,41.59017846924303,520.4075520524389,657.4105612891067,794.4135705257745,1273.23094410897,2026-01-24,2026-02-21,mlf_lightgbm
22,2026-01-24,2026-01-31,1,1,364.71808137771126,364.71808137771126,279.1671369076659,340.5344144841726,364.71808137771126,388.9017482712499,450.2690258477566,2026-01-24,2026-01-31,mlf_lightgbm
22,2026-01-24,2026-02-07,2,2,331.7253470848943,331.7253470848943,228.7930591471216,293.73114918555143,331.7253470848943,369.71954498423713,434.6576350226669,2026-01-24,2026-02-07,mlf_lightgbm
22,2026-01-24,2026-02-14,3,3,290.02898464130413,290.02898464130413,70.79419965730222,230.82018291603356,290.02898464130413,349.2377863665747,509.263769625306,2026-01-24,2026-02-14,mlf_lightgbm
22,2026-01-24,2026-02-21,4,4,278.3630421249674,278.3630421249674,27.340483909887666,223.1684792388216,278.3630421249674,333.55760501111325,529.3856003400471,2026-01-24,2026-02-21,mlf_lightgbm
23,2026-01-24,2026-01-31,1,1,86.16651027375127,86.16651027375127,63.00536612326478,83.69857152629137,86.16651027375127,88.63444902121117,109.32765442423775,2026-01-24,2026-01-31,mlf_lightgbm
23,2026-01-24,2026-02-07,2,2,116.80418457667737,116.80418457667737,77.78031858045907,111.52822534792945,116.80418457667737,122.0801438054253,155.82805057289565,2026-01-24,2026-02-07,mlf_lightgbm
23,2026-01-24,2026-02-14,3,3,161.50369001670506,161.50369001670506,77.33457243121643,141.3622353655206,161.50369001670506,181.64514466788953,245.67280760219367,2026-01-24,2026-02-14,mlf_lightgbm
23,2026-01-24,2026-02-21,4,4,229.47149055117129,229.47149055117129,67.76178867024616,190.6846371002193,229.47149055117129,268.2583440021233,391.1811924320964,2026-01-24,2026-02-21,mlf_lightgbm
24,2026-01-24,2026-01-31,1,1,210.28527200204223,210.28527200204223,99.88809421897183,198.47697806217099,210.28527200204223,222.09356594191348,320.68244978511257,2026-01-24,2026-01-31,mlf_lightgbm
24,2026-01-24,2026-02-07,2,2,222.28204468636014,222.28204468636014,127.59627912044913,187.55192675435455,222.28204468636014,257.0121626183657,316.96781025227114,2026-01-24,2026-02-07,mlf_lightgbm
24,2026-01-24,2026-02-14,3,3,270.03914824150866,270.03914824150866,0.0,176.11953937144986,270.03914824150866,363.9587571115674,547.9633690115744,2026-01-24,2026-02-14,mlf_lightgbm
24,2026-01-24,2026-02-21,4,4,349.75318473994236,349.75318473994236,0.0,186.47288170900845,349.75318473994236,513.0334877708763,917.6659553986833,2026-01-24,2026-02-21,mlf_lightgbm
25,2026-01-24,2026-01-31,1,1,205.76330987417217,205.76330987417217,0.0,183.59127507987154,205.76330987417217,227.9353446684728,412.2096849710071,2026-01-24,2026-01-31,mlf_lightgbm
25,2026-01-24,2026-02-07,2,2,185.19071470778692,185.19071470778692,85.06425754664477,156.76389928744885,185.19071470778692,213.617530128125,285.31717186892905,2026-01-24,2026-02-07,mlf_lightgbm
25,2026-01-24,2026-02-14,3,3,218.96660671018216,218.96660671018216,0.0,119.49796563797985,218.96660671018216,318.4352477823845,854.7007981441232,2026-01-24,2026-02-14,mlf_lightgbm
25,2026-01-24,2026-02-21,4,4,161.94909969081317,161.94909969081317,0.0,0.0,161.94909969081317,374.792268859617,1411.5520470520373,2026-01-24,2026-02-21,mlf_lightgbm
26,2026-01-24,2026-01-31,1,1,393.3817272038957,393.3817272038957,257.98984723209776,385.6621485357414,393.3817272038957,401.10130587205003,528.7736071756935,2026-01-24,2026-01-31,mlf_lightgbm
26,2026-01-24,2026-02-07,2,2,362.5792432415979,362.5792432415979,204.9026540525812,323.08754650355473,362.5792432415979,402.0709399796411,520.2558324306145,2026-01-24,2026-02-07,mlf_lightgbm
26,2026-01-24,2026-02-14,3,3,358.861196843086,358.861196843086,0.0,265.86836905279426,358.861196843086,451.8540246333778,883.7127579423136,2026-01-24,2026-02-14,mlf_lightgbm
26,2026-01-24,2026-02-21,4,4,263.88010633811643,263.88010633811643,0.0,67.94295322550511,263.88010633811643,459.81725945072776,1369.2571130888823,2026-01-24,2026-02-21,mlf_lightgbm
27,2026-01-24,2026-01-31,1,1,359.53363412562504,359.53363412562504,281.52760205972834,351.2757169183919,359.53363412562504,367.7915513328582,437.5396661915217,2026-01-24,2026-01-31,mlf_lightgbm
27,2026-01-24,2026-02-07,2,2,329.9676886772641,329.9676886772641,0.0,284.9237204112252,329.9676886772641,375.011656943303,910.0239994276542,2026-01-24,2026-02-07,mlf_lightgbm
27,2026-01-24,2026-02-14,3,3,289.04277294971376,289.04277294971376,0.0,183.01469184323673,289.04277294971376,395.0708540561908,1467.7245209370835,2026-01-24,2026-02-14,mlf_lightgbm
27,2026-01-24,2026-02-21,4,4,250.99227439265775,250.99227439265775,0.0,51.631234392399904,250.99227439265775,450.35331439291554,2002.8077939467942,2026-01-24,2026-02-21,mlf_lightgbm
28,2026-01-24,2026-01-31,1,1,171.0140124888114,171.0140124888114,85.98460994702467,164.8963792222036,171.0140124888114,177.1316457554192,256.04341503059806,2026-01-24,2026-01-31,mlf_lightgbm
28,2026-01-24,2026-02-07,2,2,225.3453843120267,225.3453843120267,82.8989553145114,209.2540936369623,225.3453843120267,241.43667498709112,367.79181330954196,2026-01-24,2026-02-07,mlf_lightgbm
28,2026-01-24,2026-02-14,3,3,320.9678076528753,320.9678076528753,91.02122653388498,283.32635221161087,320.9678076528753,358.60926309413975,550.9143887718656,2026-01-24,2026-02-14,mlf_lightgbm
28,2026-01-24,2026-02-21,4,4,401.9374813452112,401.9374813452112,3.7492749345565244,344.2243072797419,401.9374813452112,459.65065541068054,800.1256877558658,2026-01-24,2026-02-21,mlf_lightgbm
29,2026-01-24,2026-01-31,1,1,443.8924206878089,443.8924206878089,283.1898288620491,433.14353334457917,443.8924206878089,454.64130803103865,604.5950125135686,2026-01-24,2026-01-31,mlf_lightgbm
29,2026-01-24,2026-02-07,2,2,580.8616074806635,580.8616074806635,0.0,557.5088947958961,580.8616074806635,604.2143201654308,1189.63473338132,2026-01-24,2026-02-07,mlf_lightgbm
29,2026-01-24,2026-02-14,3,3,687.1113647459176,687.1113647459176,0.0,632.793223787367,687.1113647459176,741.4295057044683,1381.408023605682,2026-01-24,2026-02-14,mlf_lightgbm
29,2026-01-24,2026-02-21,4,4,1046.6898157138774,1046.6898157138774,0.0,851.8414367505135,1046.6898157138774,1241.538194677241,2415.375041197788,2026-01-24,2026-02-21,mlf_lightgbm
30,2026-01-24,2026-01-31,1,1,76.11436687562501,76.11436687562501,70.32753148265114,73.41461840561831,76.11436687562501,78.8141153456317,81.90120226859888,2026-01-24,2026-01-31,mlf_lightgbm
30,2026-01-24,2026-02-07,2,2,106.11624260936955,106.11624260936955,89.08394610256899,101.38687621150078,106.11624260936955,110.84560900723832,123.1485391161701,2026-01-24,2026-02-07,mlf_lightgbm
30,2026-01-24,2026-02-14,3,3,150.15252998340094,150.15252998340094,86.37079333088924,144.41349252120898,150.15252998340094,155.8915674455929,213.9342666359126,2026-01-24,2026-02-14,mlf_lightgbm
30,2026-01-24,2026-02-21,4,4,201.68594141315882,201.68594141315882,85.3277182618823,171.43483995383275,201.68594141315882,231.93704287248488,318.04416456443533,2026-01-24,2026-02-21,mlf_lightgbm
31,2026-01-24,2026-01-31,1,1,185.15956768120296,185.15956768120296,158.5665730715232,181.87596118281405,185.15956768120296,188.44317417959186,211.75256229088268,2026-01-24,2026-01-31,mlf_lightgbm
31,2026-01-24,2026-02-07,2,2,259.22505379734935,259.22505379734935,121.87820766501122,253.54275441157085,259.22505379734935,264.90735318312784,396.5718999296874,2026-01-24,2026-02-07,mlf_lightgbm
31,2026-01-24,2026-02-14,3,3,360.5123044617339,360.5123044617339,205.18559338599397,346.62876775046834,360.5123044617339,374.39584117299944,515.8390155374738,2026-01-24,2026-02-14,mlf_lightgbm
31,2026-01-24,2026-02-21,4,4,451.3580018364286,451.3580018364286,227.3457292771046,409.03845759791335,451.3580018364286,493.6775460749439,675.3702743957526,2026-01-24,2026-02-21,mlf_lightgbm
32,2026-01-24,2026-01-31,1,1,117.12527830628765,117.12527830628765,16.234162762318633,109.57240712493135,117.12527830628765,124.67814948764396,218.01639385025663,2026-01-24,2026-01-31,mlf_lightgbm
32,2026-01-24,2026-02-07,2,2,154.31248755840713,154.31248755840713,14.490149384383429,141.20199039454556,154.31248755840713,167.4229847222687,294.1348257324307,2026-01-24,2026-02-07,mlf_lightgbm
32,2026-01-24,2026-02-14,3,3,172.01912836782216,172.01912836782216,0.0,146.46128234740164,172.01912836782216,197.5769743882427,383.41186391336646,2026-01-24,2026-02-14,mlf_lightgbm
32,2026-01-24,2026-02-21,4,4,200.82347095549088,200.82347095549088,0.0,142.34209757839204,200.82347095549088,259.3048443325897,548.1767836643783,2026-01-24,2026-02-21,mlf_lightgbm
33,2026-01-24,2026-01-31,1,1,143.66275334658167,143.66275334658167,99.06230779151836,139.12920075321793,143.66275334658167,148.1963059399454,188.26319890164496,2026-01-24,2026-01-31,mlf_lightgbm
33,2026-01-24,2026-02-07,2,2,184.05848882973376,184.05848882973376,160.35239395148304,178.95394501096933,184.05848882973376,189.1630326484982,207.76458370798446,2026-01-24,2026-02-07,mlf_lightgbm
33,2026-01-24,2026-02-14,3,3,236.2384213564913,236.2384213564913,130.22005716879903,209.78246679477903,236.2384213564913,262.6943759182036,342.2567855441835,2026-01-24,2026-02-14,mlf_lightgbm
33,2026-01-24,2026-02-21,4,4,285.2321332788378,285.2321332788378,71.40207809339348,238.49768219286085,285.2321332788378,331.96658436481476,499.06218846428203,2026-01-24,2026-02-21,mlf_lightgbm
34,2026-01-24,2026-01-31,1,1,332.0528266917269,332.0528266917269,122.50426216797393,300.14835376763784,332.0528266917269,363.957299615816,541.6013912154799,2026-01-24,2026-01-31,mlf_lightgbm
34,2026-01-24,2026-02-07,2,2,186.93279516639058,186.93279516639058,0.0,84.2187232382816,186.93279516639058,289.64686709449956,1096.0036683024603,2026-01-24,2026-02-07,mlf_lightgbm
34,2026-01-24,2026-02-14,3,3,0.0,0.0,0.0,0.0,0.0,205.67534693223504,1564.636363078232,2026-01-24,2026-02-14,mlf_lightgbm
34,2026-01-24,2026-02-21,4,4,3.7520860659349955,3.7520860659349955,0.0,0.0,3.7520860659349955,341.2419246936078,1775.4549956791702,2026-01-24,2026-02-21,mlf_lightgbm
35,2026-01-24,2026-01-31,1,1,177.87325664631197,177.87325664631197,142.23455948666412,171.65427120197546,177.87325664631197,184.09224209064848,213.5119538059598,2026-01-24,2026-01-31,mlf_lightgbm
35,2026-01-24,2026-02-07,2,2,242.2335067363262,242.2335067363262,90.7636891189637,236.21401341363975,242.2335067363262,248.25300005901266,393.7033243536886,2026-01-24,2026-02-07,mlf_lightgbm
35,2026-01-24,2026-02-14,3,3,323.1214464887639,323.1214464887639,37.301948856584104,302.92439857185485,323.1214464887639,343.318494405673,608.9409441209435,2026-01-24,2026-02-14,mlf_lightgbm
35,2026-01-24,2026-02-21,4,4,400.0987833551013,400.0987833551013,0.0,330.5004412486807,400.0987833551013,469.6971254615219,880.0942898663158,2026-01-24,2026-02-21,mlf_lightgbm
36,2026-01-24,2026-01-31,1,1,934.7245026304604,934.7245026304604,546.7842066059352,854.141231181812,934.7245026304604,1015.3077740791088,1322.6647986549856,2026-01-24,2026-01-31,mlf_lightgbm
36,2026-01-24,2026-02-07,2,2,383.4687265250628,383.4687265250628,0.0,0.0,383.4687265250628,820.7070296503226,1822.5272105985207,2026-01-24,2026-02-07,mlf_lightgbm
36,2026-01-24,2026-02-14,3,3,0.0,0.0,0.0,0.0,0.0,790.8556238783265,2544.4755943768128,2026-01-24,2026-02-14,mlf_lightgbm
36,2026-01-24,2026-02-21,4,4,0.0,0.0,0.0,0.0,0.0,809.3400048822965,2623.733819704696,2026-01-24,2026-02-21,mlf_lightgbm
37,2026-01-24,2026-01-31,1,1,374.6795012769608,374.6795012769608,252.88896357887796,345.2807455877637,374.6795012769608,404.07825696615794,496.4700389750436,2026-01-24,2026-01-31,mlf_lightgbm
37,2026-01-24,2026-02-07,2,2,46.739138214246836,46.739138214246836,0.0,0.0,46.739138214246836,238.29518283358078,832.6039289583981,2026-01-24,2026-02-07,mlf_lightgbm
37,2026-01-24,2026-02-14,3,3,0.0,0.0,0.0,0.0,0.0,118.3256612214384,1344.2806766880778,2026-01-24,2026-02-14,mlf_lightgbm
37,2026-01-24,2026-02-21,4,4,0.0,0.0,0.0,0.0,0.0,494.32758598267674,2451.4184868677503,2026-01-24,2026-02-21,mlf_lightgbm
38,2026-01-24,2026-01-31,1,1,104.15870663649936,104.15870663649936,75.89356048814014,103.03475593632453,104.15870663649936,105.28265733667419,132.42385278485855,2026-01-24,2026-01-31,mlf_lightgbm
38,2026-01-24,2026-02-07,2,2,140.87263936224414,140.87263936224414,131.04938490608214,138.87835460937868,140.87263936224414,142.8669241151096,150.69589381840615,2026-01-24,2026-02-07,mlf_lightgbm
38,2026-01-24,2026-02-14,3,3,157.22949196508745,157.22949196508745,117.22311308258168,149.97412480555843,157.22949196508745,164.48485912461646,197.23587084759322,2026-01-24,2026-02-14,mlf_lightgbm
38,2026-01-24,2026-02-21,4,4,158.00059189684123,158.00059189684123,74.21653461181754,135.39890977003557,158.00059189684123,180.60227402364688,241.7846491818649,2026-01-24,2026-02-21,mlf_lightgbm
39,2026-01-24,2026-01-31,1,1,671.3226622909818,671.3226622909818,467.8357770871064,647.9631026810885,671.3226622909818,694.6822219008752,874.8095474948572,2026-01-24,2026-01-31,mlf_lightgbm
39,2026-01-24,2026-02-07,2,2,857.6878982922425,857.6878982922425,81.2928594971412,803.7655263819689,857.6878982922425,911.6102702025161,1634.0829370873435,2026-01-24,2026-02-07,mlf_lightgbm
39,2026-01-24,2026-02-14,3,3,1253.7231134526446,1253.7231134526446,159.55074339410476,1093.637020111035,1253.7231134526446,1413.8092067942541,2347.895483511184,2026-01-24,2026-02-14,mlf_lightgbm
39,2026-01-24,2026-02-21,4,4,1961.4686700406821,1961.4686700406821,28.593733597306937,1616.8711238001247,1961.4686700406821,2306.0662162812396,3894.3436064840566,2026-01-24,2026-02-21,mlf_lightgbm
40,2026-01-24,2026-01-31,1,1,169.26324921193603,169.26324921193603,124.6929392882139,164.5383367940885,169.26324921193603,173.98816162978355,213.83355913565813,2026-01-24,2026-01-31,mlf_lightgbm
40,2026-01-24,2026-02-07,2,2,173.16805473621696,173.16805473621696,21.608331274726922,158.81606737912603,173.16805473621696,187.5200420933079,324.7277781977069,2026-01-24,2026-02-07,mlf_lightgbm
40,2026-01-24,2026-02-14,3,3,262.7928605845372,262.7928605845372,0.0,248.90831844059488,262.7928605845372,276.67740272847954,554.4333871671513,2026-01-24,2026-02-14,mlf_lightgbm
40,2026-01-24,2026-02-21,4,4,420.00783707508856,420.00783707508856,0.0,368.1971311913858,420.00783707508856,471.81854295879134,865.2790594743844,2026-01-24,2026-02-21,mlf_lightgbm
41,2026-01-24,2026-01-31,1,1,344.16181251350633,344.16181251350633,341.2099631151466,342.16136875519317,344.16181251350633,346.1622562718195,347.1136619118661,2026-01-24,2026-01-31,mlf_lightgbm
41,2026-01-24,2026-02-07,2,2,500.3487334804037,500.3487334804037,398.9899499692935,494.7480311171016,500.3487334804037,505.9494358437058,601.7075169915139,2026-01-24,2026-02-07,mlf_lightgbm
41,2026-01-24,2026-02-14,3,3,569.0777846662926,569.0777846662926,399.7768735510195,560.4996235320658,569.0777846662926,577.6559458005194,738.3786957815656,2026-01-24,2026-02-14,mlf_lightgbm
41,2026-01-24,2026-02-21,4,4,548.7086273553705,548.7086273553705,341.43954503407394,538.0062197413415,548.7086273553705,559.4110349693995,755.9777096766668,2026-01-24,2026-02-21,mlf_lightgbm
42,2026-01-24,2026-01-31,1,1,388.3521370368909,388.3521370368909,266.5976900680215,357.05413248044647,388.3521370368909,419.6501415933353,510.1065840057603,2026-01-24,2026-01-31,mlf_lightgbm
42,2026-01-24,2026-02-07,2,2,0.0,0.0,0.0,0.0,0.0,0.0,638.2017140495035,2026-01-24,2026-02-07,mlf_lightgbm
42,2026-01-24,2026-02-14,3,3,0.0,0.0,0.0,0.0,0.0,0.0,959.5946518966732,2026-01-24,2026-02-14,mlf_lightgbm
42,2026-01-24,2026-02-21,4,4,267.5034386068957,267.5034386068957,0.0,0.0,267.5034386068957,931.0789226100906,2582.562360829907,2026-01-24,2026-02-21,mlf_lightgbm
44,2026-01-24,2026-01-31,1,1,74.75706459219096,74.75706459219096,21.582623859501176,66.8844899704731,74.75706459219096,82.62963921390882,127.9315053248807,2026-01-24,2026-01-31,mlf_lightgbm
44,2026-01-24,2026-02-07,2,2,102.05185741437232,102.05185741437232,60.78608582221274,97.91322828680747,102.05185741437232,106.19048654193718,143.3176290065319,2026-01-24,2026-02-07,mlf_lightgbm
44,2026-01-24,2026-02-14,3,3,132.5245011807069,132.5245011807069,0.0,98.93240896906461,132.5245011807069,166.11659339234916,266.306275749024,2026-01-24,2026-02-14,mlf_lightgbm
44,2026-01-24,2026-02-21,4,4,163.74984362654897,163.74984362654897,0.0,116.38372509077742,163.74984362654897,211.1159621623205,354.2617983012764,2026-01-24,2026-02-21,mlf_lightgbm
45,2026-01-24,2026-01-31,1,1,327.20954887994606,327.20954887994606,183.11036752109695,315.56063499825035,327.20954887994606,338.85846276164176,471.3087302387951,2026-01-24,2026-01-31,mlf_lightgbm
45,2026-01-24,2026-02-07,2,2,383.93463296067637,383.93463296067637,106.5516879137268,362.2701314907208,383.93463296067637,405.5991344306319,661.3175780076258,2026-01-24,2026-02-07,mlf_lightgbm
45,2026-01-24,2026-02-14,3,3,344.7167208876263,344.7167208876263,0.0,247.46410635188653,344.7167208876263,441.96933542336615,913.2010141803048,2026-01-24,2026-02-14,mlf_lightgbm
45,2026-01-24,2026-02-21,4,4,307.2264334349456,307.2264334349456,0.0,94.67420659905659,307.2264334349456,519.7786602708346,1410.4992707482613,2026-01-24,2026-02-21,mlf_lightgbm
46,2026-01-24,2026-01-31,1,1,105.91355236921132,105.91355236921132,79.86148955911047,103.79269704062892,105.91355236921132,108.03440769779371,131.96561517931215,2026-01-24,2026-01-31,mlf_lightgbm
46,2026-01-24,2026-02-07,2,2,168.3584814489403,168.3584814489403,151.5998065575049,165.5888348170874,168.3584814489403,171.1281280807932,185.1171563403757,2026-01-24,2026-02-07,mlf_lightgbm
46,2026-01-24,2026-02-14,3,3,230.1416447100419,230.1416447100419,206.92410538841216,223.77218076184846,230.1416447100419,236.51110865823534,253.35918403167165,2026-01-24,2026-02-14,mlf_lightgbm
46,2026-01-24,2026-02-21,4,4,213.76065136182507,213.76065136182507,141.03445665469536,198.36896308563064,213.76065136182507,229.15233963801953,286.4868460689547,2026-01-24,2026-02-21,mlf_lightgbm
47,2026-01-24,2026-01-31,1,1,327.57414844144427,327.57414844144427,100.93856705267054,302.49217406796123,327.57414844144427,352.6561228149273,554.2097298302178,2026-01-24,2026-01-31,mlf_lightgbm
47,2026-01-24,2026-02-07,2,2,265.38254828341206,265.38254828341206,0.0,226.76340740480168,265.38254828341206,304.00168916202244,901.5211587280627,2026-01-24,2026-02-07,mlf_lightgbm
47,2026-01-24,2026-02-14,3,3,243.75090077939817,243.75090077939817,0.0,165.1236600231951,243.75090077939817,322.37814153560123,1098.4660245571467,2026-01-24,2026-02-14,mlf_lightgbm
47,2026-01-24,2026-02-21,4,4,229.02328402674803,229.02328402674803,0.0,23.040042901542733,229.02328402674803,435.0065251519533,1400.6729410406135,2026-01-24,2026-02-21,mlf_lightgbm
48,2026-01-24,2026-01-31,1,1,827.8234605773283,827.8234605773283,597.0708176933172,780.2364861146593,827.8234605773283,875.4104350399973,1058.5761034613392,2026-01-24,2026-01-31,mlf_lightgbm
48,2026-01-24,2026-02-07,2,2,201.17384803983794,201.17384803983794,0.0,44.546395255143736,201.17384803983794,357.8013008245321,720.3070006668113,2026-01-24,2026-02-07,mlf_lightgbm
48,2026-01-24,2026-02-14,3,3,0.0,0.0,0.0,0.0,0.0,292.56544177362446,1796.3501320550254,2026-01-24,2026-02-14,mlf_lightgbm
48,2026-01-24,2026-02-21,4,4,0.0,0.0,0.0,0.0,0.0,353.14635020032176,1420.294449587677,2026-01-24,2026-02-21,mlf_lightgbm
49,2026-01-24,2026-01-31,1,1,90.36615104278061,90.36615104278061,30.477330002020782,87.97879317636128,90.36615104278061,92.75350890919995,150.2549720835404,2026-01-24,2026-01-31,mlf_lightgbm
49,2026-01-24,2026-02-07,2,2,118.85663205681094,118.85663205681094,0.0,109.16619519873498,118.85663205681094,128.5470689148869,300.4027148774761,2026-01-24,2026-02-07,mlf_lightgbm
49,2026-01-24,2026-02-14,3,3,151.14108021147553,151.14108021147553,0.0,128.07148773527732,151.14108021147553,174.21067268767374,462.7875899435698,2026-01-24,2026-02-14,mlf_lightgbm
49,2026-01-24,2026-02-21,4,4,190.8135185615324,190.8135185615324,0.0,141.00541191163126,190.8135185615324,240.62162521143352,635.1387887962073,2026-01-24,2026-02-21,mlf_lightgbm
50,2026-01-24,2026-01-31,1,1,42.38065414309928,42.38065414309928,33.75405390651357,39.79190955976965,42.38065414309928,44.969398726428906,51.00725437968499,2026-01-24,2026-01-31,mlf_lightgbm
50,2026-01-24,2026-02-07,2,2,61.48730294054526,61.48730294054526,55.52425102481855,58.924850993654246,61.48730294054526,64.04975488743628,67.45035485627199,2026-01-24,2026-02-07,mlf_lightgbm
50,2026-01-24,2026-02-14,3,3,76.97349174700864,76.97349174700864,53.73909707452386,72.80964940871164,76.97349174700864,81.13733408530564,100.2078864194934,2026-01-24,2026-02-14,mlf_lightgbm
50,2026-01-24,2026-02-21,4,4,87.91142138778442,87.91142138778442,41.64211449295813,76.34556576039111,87.91142138778442,99.47727701517772,134.18072828261072,2026-01-24,2026-02-21,mlf_lightgbm
51,2026-01-24,2026-01-31,1,1,495.53696770653903,495.53696770653903,436.4564328731733,470.5082757215828,495.53696770653903,520.5656596914953,554.6175025399048,2026-01-24,2026-01-31,mlf_lightgbm
51,2026-01-24,2026-02-07,2,2,501.5953165274042,501.5953165274042,376.59442078181814,478.3162817251241,501.5953165274042,524.8743513296843,626.5962122729901,2026-01-24,2026-02-07,mlf_lightgbm
51,2026-01-24,2026-02-14,3,3,407.1066744192659,407.1066744192659,0.0,335.5880017371491,407.1066744192659,478.62534710138266,872.5012412797332,2026-01-24,2026-02-14,mlf_lightgbm
51,2026-01-24,2026-02-21,4,4,306.02133805209627,306.02133805209627,0.0,121.64145408553273,306.02133805209627,490.40122201865984,1123.9495939886588,2026-01-24,2026-02-21,mlf_lightgbm
53,2026-01-24,2026-01-31,1,1,309.1624921295985,309.1624921295985,290.935813662012,303.0108914790919,309.1624921295985,315.31409278010506,327.389170597185,2026-01-24,2026-01-31,mlf_lightgbm
53,2026-01-24,2026-02-07,2,2,435.76703807533755,435.76703807533755,381.879092985994,432.35156101259525,435.76703807533755,439.18251513807985,489.654983164681,2026-01-24,2026-02-07,mlf_lightgbm
53,2026-01-24,2026-02-14,3,3,550.6630541156328,550.6630541156328,378.4050999464555,528.7478605843489,550.6630541156328,572.5782476469167,722.92100828481,2026-01-24,2026-02-14,mlf_lightgbm
53,2026-01-24,2026-02-21,4,4,575.435096762525,575.435096762525,334.2666960215563,556.0863969669833,575.435096762525,594.7837965580666,816.6034975034934,2026-01-24,2026-02-21,mlf_lightgbm
54,2026-01-24,2026-01-31,1,1,258.94090005982616,258.94090005982616,224.70213280781658,255.38285480792095,258.94090005982616,262.4989453117314,293.1796673118357,2026-01-24,2026-01-31,mlf_lightgbm
54,2026-01-24,2026-02-07,2,2,409.96787813426107,409.96787813426107,333.472838845016,404.05936633789815,409.96787813426107,415.876389930624,486.46291742350616,2026-01-24,2026-02-07,mlf_lightgbm
54,2026-01-24,2026-02-14,3,3,600.4573230123223,600.4573230123223,504.3832625970516,586.2104244752784,600.4573230123223,614.7042215493661,696.5313834275928,2026-01-24,2026-02-14,mlf_lightgbm
54,2026-01-24,2026-02-21,4,4,731.2218959976124,731.2218959976124,561.3414757604789,685.2931583128167,731.2218959976124,777.150633682408,901.1023162347458,2026-01-24,2026-02-21,mlf_lightgbm
55,2026-01-24,2026-01-31,1,1,354.12411056175716,354.12411056175716,225.73152426446973,344.0835498433948,354.12411056175716,364.16467128011953,482.5166968590446,2026-01-24,2026-01-31,mlf_lightgbm
55,2026-01-24,2026-02-07,2,2,384.14386707560527,384.14386707560527,301.0528125252104,367.8481033074197,384.14386707560527,400.43963084379084,467.23492162600013,2026-01-24,2026-02-07,mlf_lightgbm
55,2026-01-24,2026-02-14,3,3,363.61848429330934,363.61848429330934,5.1739281633319365,297.0693515280766,363.61848429330934,430.1676170585421,722.0630404232866,2026-01-24,2026-02-14,mlf_lightgbm
55,2026-01-24,2026-02-21,4,4,286.88957485504284,286.88957485504284,0.0,100.3498780683235,286.88957485504284,473.42927164176217,1086.7156374382387,2026-01-24,2026-02-21,mlf_lightgbm
56,2026-01-24,2026-01-31,1,1,27.235279445369457,27.235279445369457,11.344936530499853,25.166565267213976,27.235279445369457,29.30399362352494,43.12562236023905,2026-01-24,2026-01-31,mlf_lightgbm
56,2026-01-24,2026-02-07,2,2,35.64388557039795,35.64388557039795,8.452211055149563,32.50279359287097,35.64388557039795,38.784977547924925,62.83556008564632,2026-01-24,2026-02-07,mlf_lightgbm
56,2026-01-24,2026-02-14,3,3,42.84736781317916,42.84736781317916,0.0,39.366738696727474,42.84736781317916,46.32799692963085,102.45963785012462,2026-01-24,2026-02-14,mlf_lightgbm
56,2026-01-24,2026-02-21,4,4,53.06216229912272,53.06216229912272,0.0,44.51126996113245,53.06216229912272,61.61305463711299,151.055451789131,2026-01-24,2026-02-21,mlf_lightgbm
72,2026-01-24,2026-01-31,1,1,219.92913815768722,219.92913815768722,150.2074985572152,207.95184868270434,219.92913815768722,231.9064276326701,289.6507777581592,2026-01-24,2026-01-31,mlf_lightgbm
72,2026-01-24,2026-02-07,2,2,262.7103488508823,262.7103488508823,35.44591904608275,172.22342737550963,262.7103488508823,353.197270326255,489.9747786556819,2026-01-24,2026-02-07,mlf_lightgbm
72,2026-01-24,2026-02-14,3,3,347.1030679128092,347.1030679128092,0.0,185.3644615570067,347.1030679128092,508.8416742686117,715.8901428630927,2026-01-24,2026-02-14,mlf_lightgbm
72,2026-01-24,2026-02-21,4,4,355.0095803978038,355.0095803978038,2.237005659336493,205.27646969837252,355.0095803978038,504.7426910972351,707.7821551362711,2026-01-24,2026-02-21,mlf_lightgbm
01,2026-02-21,2026-02-28,1,1,294.40622572346973,294.40622572346973,66.6347243898082,258.93809771025883,294.40622572346973,329.87435373668063,522.1777270571312,2026-02-21,2026-02-28,mlf_lightgbm
01,2026-02-21,2026-03-07,2,2,274.57912011808156,274.57912011808156,0.0,226.7472588546814,274.57912011808156,322.41098138148175,712.5547237735335,2026-02-21,2026-03-07,mlf_lightgbm
01,2026-02-21,2026-03-14,3,3,267.0593583967343,267.0593583967343,0.0,167.05330889136783,267.0593583967343,367.0654079021008,740.2025947694727,2026-02-21,2026-03-14,mlf_lightgbm
01,2026-02-21,2026-03-21,4,4,241.34040272803523,241.34040272803523,0.0,36.93105318869442,241.34040272803523,445.74975226737604,931.3473937371862,2026-02-21,2026-03-21,mlf_lightgbm
02,2026-02-21,2026-02-28,1,1,14.334167354840936,14.334167354840936,0.0,8.02200892806395,14.334167354840936,20.646325781617925,36.41932620358877,2026-02-21,2026-02-28,mlf_lightgbm
02,2026-02-21,2026-03-07,2,2,20.193601354354016,20.193601354354016,0.0,11.770052864787543,20.193601354354016,28.617149843920487,76.7768274099954,2026-02-21,2026-03-07,mlf_lightgbm
02,2026-02-21,2026-03-14,3,3,18.909331055796116,18.909331055796116,0.0,0.0,18.909331055796116,46.13116104588004,95.41217413663438,2026-02-21,2026-03-14,mlf_lightgbm
02,2026-02-21,2026-03-21,4,4,20.513536673445195,20.513536673445195,0.0,0.0,20.513536673445195,64.7821856665895,120.02500076956272,2026-02-21,2026-03-21,mlf_lightgbm
04,2026-02-21,2026-02-28,1,1,297.35470737955325,297.35470737955325,0.0,271.58315302836456,297.35470737955325,323.12626173074193,870.270496809354,2026-02-21,2026-02-28,mlf_lightgbm
04,2026-02-21,2026-03-07,2,2,276.15652337205006,276.15652337205006,0.0,227.1094213438169,276.15652337205006,325.2036254002832,1320.280345238386,2026-02-21,2026-03-07,mlf_lightgbm
04,2026-02-21,2026-03-14,3,3,272.90236242293446,272.90236242293446,0.0,239.4444210381335,272.90236242293446,306.3603038077354,1553.3145417316168,2026-02-21,2026-03-14,mlf_lightgbm
04,2026-02-21,2026-03-21,4,4,265.38247491160314,265.38247491160314,0.0,136.25669548316068,265.38247491160314,394.5082543400456,1823.2502744362712,2026-02-21,2026-03-21,mlf_lightgbm
05,2026-02-21,2026-02-28,1,1,203.98274845153,203.98274845153,180.35633456067364,197.7014027345778,203.98274845153,210.2640941684822,227.60916234238636,2026-02-21,2026-02-28,mlf_lightgbm
05,2026-02-21,2026-03-07,2,2,224.34215475323813,224.34215475323813,127.3968906563087,197.4746580984594,224.34215475323813,251.2096514080169,321.2874188501675,2026-02-21,2026-03-07,mlf_lightgbm
05,2026-02-21,2026-03-14,3,3,251.31844542673468,251.31844542673468,116.37170564924867,207.01758495214477,251.31844542673468,295.6193059013246,386.26518520422064,2026-02-21,2026-03-14,mlf_lightgbm
05,2026-02-21,2026-03-21,4,4,247.6280969814891,247.6280969814891,5.467935863326705,65.1562663704718,247.6280969814891,430.0999275925064,489.78825809965144,2026-02-21,2026-03-21,mlf_lightgbm
06,2026-02-21,2026-02-28,1,1,1106.0194157463748,1106.0194157463748,0.0,1028.304617138456,1106.0194157463748,1183.7342143542935,2450.063951724259,2026-02-21,2026-02-28,mlf_lightgbm
06,2026-02-21,2026-03-07,2,2,775.8052908020143,775.8052908020143,0.0,490.3818752429024,775.8052908020143,1061.2287063611261,1967.1315907825374,2026-02-21,2026-03-07,mlf_lightgbm
06,2026-02-21,2026-03-14,3,3,400.80336265442105,400.80336265442105,0.0,0.0,400.80336265442105,861.6471642204098,1464.7572870461927,2026-02-21,2026-03-14,mlf_lightgbm
06,2026-02-21,2026-03-21,4,4,0.0,0.0,0.0,0.0,0.0,58.08299502195828,278.95120761463926,2026-02-21,2026-03-21,mlf_lightgbm
08,2026-02-21,2026-02-28,1,1,122.76447232690198,122.76447232690198,0.0,73.38709690089223,122.76447232690198,172.1418477529117,300.38829746607774,2026-02-21,2026-02-28,mlf_lightgbm
08,2026-02-21,2026-03-07,2,2,109.42835587301569,109.42835587301569,0.0,23.844820131992364,109.42835587301569,195.011891614039,616.6515613404773,2026-02-21,2026-03-07,mlf_lightgbm
08,2026-02-21,2026-03-14,3,3,108.99188921089844,108.99188921089844,0.0,0.0,108.99188921089844,275.9838822422041,906.0827218617472,2026-02-21,2026-03-14,mlf_lightgbm
08,2026-02-21,2026-03-21,4,4,104.14565084772495,104.14565084772495,0.0,0.0,104.14565084772495,307.2920915570411,1198.356380286918,2026-02-21,2026-03-21,mlf_lightgbm
09,2026-02-21,2026-02-28,1,1,37.65735662064331,37.65735662064331,0.0,0.0,37.65735662064331,100.0603120999035,154.44438509629725,2026-02-21,2026-02-28,mlf_lightgbm
09,2026-02-21,2026-03-07,2,2,40.18099010020048,40.18099010020048,0.0,0.0,40.18099010020048,85.6829988834445,189.02240074635833,2026-02-21,2026-03-07,mlf_lightgbm
09,2026-02-21,2026-03-14,3,3,43.32918843433121,43.32918843433121,0.0,0.0,43.32918843433121,282.0144334805176,367.9880702564984,2026-02-21,2026-03-14,mlf_lightgbm
09,2026-02-21,2026-03-21,4,4,46.7699757524738,46.7699757524738,0.0,0.0,46.7699757524738,361.73360220645,608.4668497251711,2026-02-21,2026-03-21,mlf_lightgbm
10,2026-02-21,2026-02-28,1,1,49.975113555582546,49.975113555582546,0.0,38.35278448876857,49.975113555582546,61.59744262239652,112.98655772304686,2026-02-21,2026-02-28,mlf_lightgbm
10,2026-02-21,2026-03-07,2,2,48.93052606956686,48.93052606956686,0.0,4.024316574442203,48.93052606956686,93.83673556469151,178.68030495004297,2026-02-21,2026-03-07,mlf_lightgbm
10,2026-02-21,2026-03-14,3,3,44.68133208850557,44.68133208850557,0.0,0.0,44.68133208850557,145.7202372682274,232.21922564564002,2026-02-21,2026-03-14,mlf_lightgbm
10,2026-02-21,2026-03-21,4,4,45.57510855975444,45.57510855975444,0.0,0.0,45.57510855975444,228.5090573824391,264.0603976311806,2026-02-21,2026-03-21,mlf_lightgbm
11,2026-02-21,2026-02-28,1,1,15.528157708901901,15.528157708901901,0.0,3.9273483038463937,15.528157708901901,27.12896711395741,46.7998188455088,2026-02-21,2026-02-28,mlf_lightgbm
11,2026-02-21,2026-03-07,2,2,22.170746333721084,22.170746333721084,0.0,0.0,22.170746333721084,46.417359333267925,79.30407184489113,2026-02-21,2026-03-07,mlf_lightgbm
11,2026-02-21,2026-03-14,3,3,26.328990529199483,26.328990529199483,0.0,0.0,26.328990529199483,64.18938213479385,125.84903548029538,2026-02-21,2026-03-14,mlf_lightgbm
11,2026-02-21,2026-03-21,4,4,33.34467781985741,33.34467781985741,0.0,0.0,33.34467781985741,109.61550959769406,214.7749068900097,2026-02-21,2026-03-21,mlf_lightgbm
12,2026-02-21,2026-02-28,1,1,1434.8449886747692,1434.8449886747692,883.2394914229684,1198.1510300876546,1434.8449886747692,1671.5389472618838,1986.4504859265699,2026-02-21,2026-02-28,mlf_lightgbm
12,2026-02-21,2026-03-07,2,2,904.8188389460179,904.8188389460179,346.1746541042089,823.2358426219945,904.8188389460179,986.4018352700413,1463.4630237878266,2026-02-21,2026-03-07,mlf_lightgbm
12,2026-02-21,2026-03-14,3,3,501.31136270658925,501.31136270658925,0.0,209.52993212781993,501.31136270658925,793.0927932853585,1710.260100547062,2026-02-21,2026-03-14,mlf_lightgbm
12,2026-02-21,2026-03-21,4,4,655.9185807199888,655.9185807199888,0.0,293.1274944882732,655.9185807199888,1018.7096669517043,1731.6581261733368,2026-02-21,2026-03-21,mlf_lightgbm
13,2026-02-21,2026-02-28,1,1,203.53513197046385,203.53513197046385,0.0,175.9734378635256,203.53513197046385,231.0968260774021,578.902926400093,2026-02-21,2026-02-28,mlf_lightgbm
13,2026-02-21,2026-03-07,2,2,233.46788519708585,233.46788519708585,0.0,150.64008568099268,233.46788519708585,316.29568471317907,1126.9226724721925,2026-02-21,2026-03-07,mlf_lightgbm
13,2026-02-21,2026-03-14,3,3,188.86690981048702,188.86690981048702,0.0,67.30903679104857,188.86690981048702,310.42478282992545,1485.37131236349,2026-02-21,2026-03-14,mlf_lightgbm
13,2026-02-21,2026-03-21,4,4,171.5199712132572,171.5199712132572,0.0,0.0,171.5199712132572,480.49941756012436,2058.307272570528,2026-02-21,2026-03-21,mlf_lightgbm
15,2026-02-21,2026-02-28,1,1,25.47384000154613,25.47384000154613,7.753286139959253,20.885048781268026,25.47384000154613,30.062631221824233,43.194393863133,2026-02-21,2026-02-28,mlf_lightgbm
15,2026-02-21,2026-03-07,2,2,28.2170319670327,28.2170319670327,0.0,9.100092353401218,28.2170319670327,47.33397158066418,86.4550659102815,2026-02-21,2026-03-07,mlf_lightgbm
15,2026-02-21,2026-03-14,3,3,31.32710036619471,31.32710036619471,0.0,0.025038352002274777,31.32710036619471,62.62916238038714,132.49331116836424,2026-02-21,2026-03-14,mlf_lightgbm
15,2026-02-21,2026-03-21,4,4,31.96644106560031,31.96644106560031,0.0,8.725539493742488,31.96644106560031,55.20734263745814,143.46556543915455,2026-02-21,2026-03-21,mlf_lightgbm
16,2026-02-21,2026-02-28,1,1,123.78471650021122,123.78471650021122,102.53683188785661,110.38564646249509,123.78471650021122,137.18378653792735,145.0326011125658,2026-02-21,2026-02-28,mlf_lightgbm
16,2026-02-21,2026-03-07,2,2,113.29548905795436,113.29548905795436,42.8879751721084,77.7012777108948,113.29548905795436,148.8897004050139,183.7030029438003,2026-02-21,2026-03-07,mlf_lightgbm
16,2026-02-21,2026-03-14,3,3,110.60522177193045,110.60522177193045,0.0,84.31253337567162,110.60522177193045,136.8979101681893,250.46833794651786,2026-02-21,2026-03-14,mlf_lightgbm
16,2026-02-21,2026-03-21,4,4,108.57528143159331,108.57528143159331,0.0,70.32750212212369,108.57528143159331,146.82306074106293,306.1629360200733,2026-02-21,2026-03-21,mlf_lightgbm
17,2026-02-21,2026-02-28,1,1,416.9838803051639,416.9838803051639,0.0,326.6094690958047,416.9838803051639,507.3582915145231,916.2711027943765,2026-02-21,2026-02-28,mlf_lightgbm
17,2026-02-21,2026-03-07,2,2,195.99520832157998,195.99520832157998,0.0,0.0,195.99520832157998,506.2267554727514,1647.366437299349,2026-02-21,2026-03-07,mlf_lightgbm
17,2026-02-21,2026-03-14,3,3,191.75743823484356,191.75743823484356,0.0,0.0,191.75743823484356,869.7851550382318,2163.290716987547,2026-02-21,2026-03-14,mlf_lightgbm
17,2026-02-21,2026-03-21,4,4,179.63908179405598,179.63908179405598,0.0,0.0,179.63908179405598,1189.4282105670245,1993.2127481617797,2026-02-21,2026-03-21,mlf_lightgbm
18,2026-02-21,2026-02-28,1,1,390.5652574707979,390.5652574707979,275.50593059202725,349.6554971928052,390.5652574707979,431.4750177487906,505.6245843495685,2026-02-21,2026-02-28,mlf_lightgbm
18,2026-02-21,2026-03-07,2,2,400.5427968566527,400.5427968566527,34.79001585105304,314.18895854924466,400.5427968566527,486.89663516406074,766.2955778622523,2026-02-21,2026-03-07,mlf_lightgbm
18,2026-02-21,2026-03-14,3,3,372.12653876262266,372.12653876262266,0.0,124.61004449363008,372.12653876262266,619.6430330316152,1066.5646246635001,2026-02-21,2026-03-14,mlf_lightgbm
18,2026-02-21,2026-03-21,4,4,319.86693572809924,319.86693572809924,0.0,0.0,319.86693572809924,787.1122252782723,1458.0763159936519,2026-02-21,2026-03-21,mlf_lightgbm
19,2026-02-21,2026-02-28,1,1,205.6116882105822,205.6116882105822,79.72091134420657,181.32178812488792,205.6116882105822,229.9015882962765,331.5024650769578,2026-02-21,2026-02-28,mlf_lightgbm
19,2026-02-21,2026-03-07,2,2,240.3284803933608,240.3284803933608,0.0,206.4182330187012,240.3284803933608,274.2387277680204,508.9558860209261,2026-02-21,2026-03-07,mlf_lightgbm
19,2026-02-21,2026-03-14,3,3,252.31324199305294,252.31324199305294,0.0,160.5975292272834,252.31324199305294,344.02895475882247,675.3189476589372,2026-02-21,2026-03-14,mlf_lightgbm
19,2026-02-21,2026-03-21,4,4,218.04914839633165,218.04914839633165,0.0,0.0,218.04914839633165,506.6410524951918,730.2388557309579,2026-02-21,2026-03-21,mlf_lightgbm
20,2026-02-21,2026-02-28,1,1,212.72398863985777,212.72398863985777,133.6861739168192,203.4110652716775,212.72398863985777,222.03691200803803,291.7618033628962,2026-02-21,2026-02-28,mlf_lightgbm
20,2026-02-21,2026-03-07,2,2,230.88597563856462,230.88597563856462,35.59275876155485,209.00507220272328,230.88597563856462,252.76687907440595,426.1791925155743,2026-02-21,2026-03-07,mlf_lightgbm
20,2026-02-21,2026-03-14,3,3,221.25633941831512,221.25633941831512,0.0,130.03579052882242,221.25633941831512,312.4768883078078,597.1696895789286,2026-02-21,2026-03-14,mlf_lightgbm
20,2026-02-21,2026-03-21,4,4,194.1022115784467,194.1022115784467,0.0,11.636615539188377,194.1022115784467,376.56780761770506,629.4207599260956,2026-02-21,2026-03-21,mlf_lightgbm
21,2026-02-21,2026-02-28,1,1,261.5110216595675,261.5110216595675,49.61748920097938,199.31899328961083,261.5110216595675,323.7030500295242,473.40455411815566,2026-02-21,2026-02-28,mlf_lightgbm
21,2026-02-21,2026-03-07,2,2,302.4206590746124,302.4206590746124,0.0,173.50139496720644,302.4206590746124,431.3399231820183,749.8227988463225,2026-02-21,2026-03-07,mlf_lightgbm
21,2026-02-21,2026-03-14,3,3,324.00647971194167,324.00647971194167,0.0,90.15397059821879,324.00647971194167,557.8589888256645,1040.1551329154845,2026-02-21,2026-03-14,mlf_lightgbm
21,2026-02-21,2026-03-21,4,4,306.0519343955608,306.0519343955608,0.0,0.0,306.0519343955608,806.9449083284444,1087.1591974092385,2026-02-21,2026-03-21,mlf_lightgbm
22,2026-02-21,2026-02-28,1,1,307.96876818619666,307.96876818619666,189.067342213427,264.12416636898206,307.96876818619666,351.81337000341125,426.8701941589663,2026-02-21,2026-02-28,mlf_lightgbm
22,2026-02-21,2026-03-07,2,2,271.76503776961323,271.76503776961323,132.4004643565479,205.17712177937392,271.76503776961323,338.35295375985254,411.12961118267856,2026-02-21,2026-03-07,mlf_lightgbm
22,2026-02-21,2026-03-14,3,3,256.28818558463547,256.28818558463547,32.41875859347084,198.68502534849694,256.28818558463547,313.891345820774,480.1576125758,2026-02-21,2026-03-14,mlf_lightgbm
22,2026-02-21,2026-03-21,4,4,224.40132206285497,224.40132206285497,0.0,123.93766092814434,224.40132206285497,324.8649831975656,515.4614012998227,2026-02-21,2026-03-21,mlf_lightgbm
23,2026-02-21,2026-02-28,1,1,60.83944998904832,60.83944998904832,13.275048804997716,46.15378454164603,60.83944998904832,75.5251154364506,108.40385117309891,2026-02-21,2026-02-28,mlf_lightgbm
23,2026-02-21,2026-03-07,2,2,62.677194850994745,62.677194850994745,0.0,40.32306508319625,62.677194850994745,85.03132461879324,129.42288518492595,2026-02-21,2026-03-07,mlf_lightgbm
23,2026-02-21,2026-03-14,3,3,65.98248128085676,65.98248128085676,0.0,0.0,65.98248128085676,133.60065954747313,173.11156827017984,2026-02-21,2026-03-14,mlf_lightgbm
23,2026-02-21,2026-03-21,4,4,72.15297333151335,72.15297333151335,0.0,0.0,72.15297333151335,200.08056806012584,239.009861981095,2026-02-21,2026-03-21,mlf_lightgbm
24,2026-02-21,2026-02-28,1,1,77.30427348593818,77.30427348593818,0.0,24.988162580415928,77.30427348593818,129.62038439146045,207.2129624242715,2026-02-21,2026-02-28,mlf_lightgbm
24,2026-02-21,2026-03-07,2,2,79.128530153179,79.128530153179,0.0,18.836973642290403,79.128530153179,139.42008666406758,239.93446011622075,2026-02-21,2026-03-07,mlf_lightgbm
24,2026-02-21,2026-03-14,3,3,73.04101168237486,73.04101168237486,0.0,0.0,73.04101168237486,322.1948509226955,454.7103788016874,2026-02-21,2026-03-14,mlf_lightgbm
24,2026-02-21,2026-03-21,4,4,87.55897746006136,87.55897746006136,0.0,0.0,87.55897746006136,395.9797296648673,877.7736872077369,2026-02-21,2026-03-21,mlf_lightgbm
25,2026-02-21,2026-02-28,1,1,148.2520673205941,148.2520673205941,0.0,74.3034481050949,148.2520673205941,222.20068653609331,347.7975595992874,2026-02-21,2026-02-28,mlf_lightgbm
25,2026-02-21,2026-03-07,2,2,181.2680943660056,181.2680943660056,0.0,59.870558916480725,181.2680943660056,302.6656298155305,455.62257988295426,2026-02-21,2026-03-07,mlf_lightgbm
25,2026-02-21,2026-03-14,3,3,258.0169783292721,258.0169783292721,0.0,0.0,258.0169783292721,607.0897398767778,931.4371386940738,2026-02-21,2026-03-14,mlf_lightgbm
25,2026-02-21,2026-03-21,4,4,301.3740685255675,301.3740685255675,0.0,0.0,301.3740685255675,845.9717436259064,1569.871220199456,2026-02-21,2026-03-21,mlf_lightgbm
26,2026-02-21,2026-02-28,1,1,418.3930659518788,418.3930659518788,210.36782227744067,362.32648429034975,418.3930659518788,474.4596476134078,626.418309626317,2026-02-21,2026-02-28,mlf_lightgbm
26,2026-02-21,2026-03-07,2,2,484.46137542059216,484.46137542059216,97.46661621282232,363.108625331472,484.46137542059216,605.8141255097123,871.4561346283618,2026-02-21,2026-03-07,mlf_lightgbm
26,2026-02-21,2026-03-14,3,3,526.7845698189329,526.7845698189329,0.0,143.57185525582165,526.7845698189329,909.9972843820442,1264.560236140457,2026-02-21,2026-03-14,mlf_lightgbm
26,2026-02-21,2026-03-21,4,4,409.0389537965485,409.0389537965485,0.0,0.0,409.0389537965485,1171.9729701297929,1685.5010260053034,2026-02-21,2026-03-21,mlf_lightgbm
27,2026-02-21,2026-02-28,1,1,223.68481759246842,223.68481759246842,11.300263518460255,192.42716056989076,223.68481759246842,254.94247461504608,436.0693716664765,2026-02-21,2026-02-28,mlf_lightgbm
27,2026-02-21,2026-03-07,2,2,225.52482526709676,225.52482526709676,0.0,2.018708748185091,225.52482526709676,449.03094178600844,779.4085993088819,2026-02-21,2026-03-07,mlf_lightgbm
27,2026-02-21,2026-03-14,3,3,216.48883805110785,216.48883805110785,0.0,0.0,216.48883805110785,587.6591289237073,1065.4394148881663,2026-02-21,2026-03-14,mlf_lightgbm
27,2026-02-21,2026-03-21,4,4,219.92329620488024,219.92329620488024,0.0,0.0,219.92329620488024,661.2875285577525,1435.0924965633365,2026-02-21,2026-03-21,mlf_lightgbm
28,2026-02-21,2026-02-28,1,1,223.31925493204122,223.31925493204122,134.8606956998805,209.74685593997165,223.31925493204122,236.89165392411078,311.77781416420186,2026-02-21,2026-02-28,mlf_lightgbm
28,2026-02-21,2026-03-07,2,2,236.91890544979591,236.91890544979591,90.81366655331759,210.289243882049,236.91890544979591,263.54856701754284,383.02414434627417,2026-02-21,2026-03-07,mlf_lightgbm
28,2026-02-21,2026-03-14,3,3,272.2067611145159,272.2067611145159,38.924323117055216,233.24509295243064,272.2067611145159,311.1684292766012,505.4891991119766,2026-02-21,2026-03-14,mlf_lightgbm
28,2026-02-21,2026-03-21,4,4,242.19299395285807,242.19299395285807,0.0,151.09171857775306,242.19299395285807,333.2942693279631,641.7900596819659,2026-02-21,2026-03-21,mlf_lightgbm
29,2026-02-21,2026-02-28,1,1,410.47690192803685,410.47690192803685,187.26362135542422,337.22559815656643,410.47690192803685,483.72820569950727,633.6901825006494,2026-02-21,2026-02-28,mlf_lightgbm
29,2026-02-21,2026-03-07,2,2,311.0605220088511,311.0605220088511,0.0,130.06373702869666,311.0605220088511,492.0573069890055,1046.272190172848,2026-02-21,2026-03-07,mlf_lightgbm
29,2026-02-21,2026-03-14,3,3,274.8393326654383,274.8393326654383,0.0,0.0,274.8393326654383,571.848219600165,1133.39005144061,2026-02-21,2026-03-14,mlf_lightgbm
29,2026-02-21,2026-03-21,4,4,247.47265998581943,247.47265998581943,0.0,0.0,247.47265998581943,1047.2742403566497,1579.5235740495639,2026-02-21,2026-03-21,mlf_lightgbm
30,2026-02-21,2026-02-28,1,1,63.554568605387416,63.554568605387416,47.54836633644186,59.74041744712159,63.554568605387416,67.36871976365325,79.56077087433297,2026-02-21,2026-02-28,mlf_lightgbm
30,2026-02-21,2026-03-07,2,2,67.41379125487587,67.41379125487587,22.53723990683624,53.39062784812285,67.41379125487587,81.4369546616289,112.2903426029155,2026-02-21,2026-03-07,mlf_lightgbm
30,2026-02-21,2026-03-14,3,3,73.98716228229651,73.98716228229651,0.0,41.294273296925944,73.98716228229651,106.68005126766707,156.5609092640445,2026-02-21,2026-03-14,mlf_lightgbm
30,2026-02-21,2026-03-21,4,4,73.80754133880696,73.80754133880696,0.0,0.0,73.80754133880696,174.00022325392393,205.21965813845503,2026-02-21,2026-03-21,mlf_lightgbm
31,2026-02-21,2026-02-28,1,1,150.34578936894212,150.34578936894212,65.82278404910976,136.34378758942415,150.34578936894212,164.3477911484601,234.86879468877447,2026-02-21,2026-02-28,mlf_lightgbm
31,2026-02-21,2026-03-07,2,2,153.9983348726006,153.9983348726006,0.0,94.96839559416833,153.9983348726006,213.02827415103286,347.2013546580537,2026-02-21,2026-03-07,mlf_lightgbm
31,2026-02-21,2026-03-14,3,3,136.21502638923394,136.21502638923394,0.0,43.94481824560709,136.21502638923394,228.48523453286077,424.3311314065319,2026-02-21,2026-03-14,mlf_lightgbm
31,2026-02-21,2026-03-21,4,4,116.72819283199695,116.72819283199695,0.0,0.0,116.72819283199695,277.4710179206077,460.75949700118207,2026-02-21,2026-03-21,mlf_lightgbm
32,2026-02-21,2026-02-28,1,1,86.38158112345167,86.38158112345167,0.0,78.7195398796527,86.38158112345167,94.04362236725063,201.71512303790968,2026-02-21,2026-02-28,mlf_lightgbm
32,2026-02-21,2026-03-07,2,2,85.7410873389081,85.7410873389081,0.0,56.3708221335157,85.7410873389081,115.1113525443005,287.6052665725866,2026-02-21,2026-03-07,mlf_lightgbm
32,2026-02-21,2026-03-14,3,3,85.36761098728216,85.36761098728216,0.0,35.693590195916556,85.36761098728216,135.04163177864777,383.4980822277482,2026-02-21,2026-03-14,mlf_lightgbm
32,2026-02-21,2026-03-21,4,4,83.8779110131625,83.8779110131625,0.0,0.0,83.8779110131625,190.5189650217801,512.3247668329082,2026-02-21,2026-03-21,mlf_lightgbm
33,2026-02-21,2026-02-28,1,1,56.678579770257464,56.678579770257464,0.0,31.115837787715165,56.678579770257464,82.24132175279976,143.6393993074932,2026-02-21,2026-02-28,mlf_lightgbm
33,2026-02-21,2026-03-07,2,2,61.231872848796165,61.231872848796165,0.0,51.27702831709429,61.231872848796165,71.18671738049804,150.31357721866613,2026-02-21,2026-03-07,mlf_lightgbm
33,2026-02-21,2026-03-14,3,3,56.1132244357762,56.1132244357762,0.0,0.0,56.1132244357762,141.6046215023245,205.67763974794968,2026-02-21,2026-03-14,mlf_lightgbm
33,2026-02-21,2026-03-21,4,4,54.26617616747034,54.26617616747034,0.0,0.0,54.26617616747034,223.43184287733177,275.4582190973867,2026-02-21,2026-03-21,mlf_lightgbm
34,2026-02-21,2026-02-28,1,1,109.02397724462793,109.02397724462793,0.0,0.0,109.02397724462793,234.51491577098975,325.6134687112082,2026-02-21,2026-02-28,mlf_lightgbm
34,2026-02-21,2026-03-07,2,2,0.0,0.0,0.0,0.0,0.0,350.0468923704212,907.6421623224653,2026-02-21,2026-03-07,mlf_lightgbm
34,2026-02-21,2026-03-14,3,3,5.455573320726187,5.455573320726187,0.0,0.0,5.455573320726187,614.6169690056101,1620.9407861633679,2026-02-21,2026-03-14,mlf_lightgbm
34,2026-02-21,2026-03-21,4,4,0.0,0.0,0.0,0.0,0.0,709.9556673780459,1850.1234133567375,2026-02-21,2026-03-21,mlf_lightgbm
35,2026-02-21,2026-02-28,1,1,94.68742596197859,94.68742596197859,42.50893905580898,76.20084615134698,94.68742596197859,113.1740057726102,146.8659128681482,2026-02-21,2026-02-28,mlf_lightgbm
35,2026-02-21,2026-03-07,2,2,104.80141729576907,104.80141729576907,0.0,93.57329362872773,104.80141729576907,116.02954096281042,271.1672233380552,2026-02-21,2026-03-07,mlf_lightgbm
35,2026-02-21,2026-03-14,3,3,118.96242945288832,118.96242945288832,0.0,37.651077343737946,118.96242945288832,200.2737815620387,460.1862731731919,2026-02-21,2026-03-14,mlf_lightgbm
35,2026-02-21,2026-03-21,4,4,114.83713696753564,114.83713696753564,0.0,0.0,114.83713696753564,325.43053361853566,584.7958572685718,2026-02-21,2026-03-21,mlf_lightgbm
36,2026-02-21,2026-02-28,1,1,0.0,0.0,0.0,0.0,0.0,142.05403079269465,453.87835945859126,2026-02-21,2026-02-28,mlf_lightgbm
36,2026-02-21,2026-03-07,2,2,0.0,0.0,0.0,0.0,0.0,890.0200393071907,1171.2939641081368,2026-02-21,2026-03-07,mlf_lightgbm
36,2026-02-21,2026-03-14,3,3,0.0,0.0,0.0,0.0,0.0,1509.1352222586818,2110.6194950441263,2026-02-21,2026-03-14,mlf_lightgbm
36,2026-02-21,2026-03-21,4,4,0.0,0.0,0.0,0.0,0.0,1656.054482430294,2517.9153999947957,2026-02-21,2026-03-21,mlf_lightgbm
37,2026-02-21,2026-02-28,1,1,32.413752941944225,32.413752941944225,0.0,0.0,32.413752941944225,205.73279283554405,360.38645653133904,2026-02-21,2026-02-28,mlf_lightgbm
37,2026-02-21,2026-03-07,2,2,0.0,0.0,0.0,0.0,0.0,404.4923684549326,1005.1100301214224,2026-02-21,2026-03-07,mlf_lightgbm
37,2026-02-21,2026-03-14,3,3,0.0,0.0,0.0,0.0,0.0,1048.8316092533714,1891.9956043386949,2026-02-21,2026-03-14,mlf_lightgbm
37,2026-02-21,2026-03-21,4,4,0.0,0.0,0.0,0.0,0.0,1253.1600912795473,2443.91286899689,2026-02-21,2026-03-21,mlf_lightgbm
38,2026-02-21,2026-02-28,1,1,24.69695297537652,24.69695297537652,0.0,11.342478420966238,24.69695297537652,38.0514275297868,71.69677060505755,2026-02-21,2026-02-28,mlf_lightgbm
38,2026-02-21,2026-03-07,2,2,23.19522296037024,23.19522296037024,0.0,11.602619794481651,23.19522296037024,34.787826126258835,89.37685184684356,2026-02-21,2026-03-07,mlf_lightgbm
38,2026-02-21,2026-03-14,3,3,21.40143572228114,21.40143572228114,0.0,0.0,21.40143572228114,61.73213758874765,107.08994538690422,2026-02-21,2026-03-14,mlf_lightgbm
38,2026-02-21,2026-03-21,4,4,21.40143572228114,21.40143572228114,0.0,0.0,21.40143572228114,113.16858924270637,121.77014001053173,2026-02-21,2026-03-21,mlf_lightgbm
39,2026-02-21,2026-02-28,1,1,987.3233431183174,987.3233431183174,317.3213910043954,917.8867503565734,987.3233431183174,1056.7599358800614,1657.3252952322391,2026-02-21,2026-02-28,mlf_lightgbm
39,2026-02-21,2026-03-07,2,2,1372.3071352287116,1372.3071352287116,0.0,995.6317549824562,1372.3071352287116,1748.982515474967,2904.1726341769713,2026-02-21,2026-03-07,mlf_lightgbm
39,2026-02-21,2026-03-14,3,3,1643.8406752071694,1643.8406752071694,0.0,910.7696517935881,1643.8406752071694,2376.911698620751,3347.9261628109257,2026-02-21,2026-03-14,mlf_lightgbm
39,2026-02-21,2026-03-21,4,4,1841.1643054505635,1841.1643054505635,0.0,641.9547629961512,1841.1643054505635,3040.3738479049757,3993.6522587352083,2026-02-21,2026-03-21,mlf_lightgbm
40,2026-02-21,2026-02-28,1,1,250.15186458575025,250.15186458575025,198.14284576271902,243.2631954087886,250.15186458575025,257.0405337627119,302.1608834087814,2026-02-21,2026-02-28,mlf_lightgbm
40,2026-02-21,2026-03-07,2,2,235.20502910711653,235.20502910711653,60.161282575136504,199.26267579833402,235.20502910711653,271.1473824158991,410.2487756390965,2026-02-21,2026-03-07,mlf_lightgbm
40,2026-02-21,2026-03-14,3,3,204.43401020389663,204.43401020389663,0.0,122.09260944621235,204.43401020389663,286.77541096158086,533.8218140508196,2026-02-21,2026-03-14,mlf_lightgbm
40,2026-02-21,2026-03-21,4,4,170.99710092517728,170.99710092517728,0.0,0.0,170.99710092517728,406.1737643831637,661.6285050722868,2026-02-21,2026-03-21,mlf_lightgbm
41,2026-02-21,2026-02-28,1,1,282.66293014170003,282.66293014170003,254.57578258350446,278.6929931491911,282.66293014170003,286.63286713420894,310.7500776998956,2026-02-21,2026-02-28,mlf_lightgbm
41,2026-02-21,2026-03-07,2,2,262.07967857330675,262.07967857330675,126.48557925074994,223.20178992209287,262.07967857330675,300.95756722452063,397.67377789586357,2026-02-21,2026-03-07,mlf_lightgbm
41,2026-02-21,2026-03-14,3,3,266.668385868155,266.668385868155,0.0,181.83605338539596,266.668385868155,351.50071835091404,691.0652092258392,2026-02-21,2026-03-14,mlf_lightgbm
41,2026-02-21,2026-03-21,4,4,232.66873897896957,232.66873897896957,0.0,150.52525193262386,232.66873897896957,314.8122260253153,623.0066698892218,2026-02-21,2026-03-21,mlf_lightgbm
42,2026-02-21,2026-02-28,1,1,1370.6660488409568,1370.6660488409568,967.3105184365821,1230.398320882182,1370.6660488409568,1510.9337767997317,1774.0215792453314,2026-02-21,2026-02-28,mlf_lightgbm
42,2026-02-21,2026-03-07,2,2,1749.6330663821382,1749.6330663821382,319.40508721303627,1172.733327896294,1749.6330663821382,2326.5328048679826,3179.86104555124,2026-02-21,2026-03-07,mlf_lightgbm
42,2026-02-21,2026-03-14,3,3,1138.0796161987355,1138.0796161987355,0.0,158.70564389810667,1138.0796161987355,2117.4535884993643,2593.5154560679775,2026-02-21,2026-03-14,mlf_lightgbm
42,2026-02-21,2026-03-21,4,4,276.96263366857426,276.96263366857426,0.0,0.0,276.96263366857426,942.8666891335348,2418.0438926616225,2026-02-21,2026-03-21,mlf_lightgbm
44,2026-02-21,2026-02-28,1,1,27.497428348897106,27.497428348897106,0.0,0.5365261330320683,27.497428348897106,54.45833056476214,94.0655889347299,2026-02-21,2026-02-28,mlf_lightgbm
44,2026-02-21,2026-03-07,2,2,32.4414336751481,32.4414336751481,0.0,0.0,32.4414336751481,65.5547909929676,108.08079249200395,2026-02-21,2026-03-07,mlf_lightgbm
44,2026-02-21,2026-03-14,3,3,35.68169399436385,35.68169399436385,0.0,0.0,35.68169399436385,156.76615685190882,192.9259377063201,2026-02-21,2026-03-14,mlf_lightgbm
44,2026-02-21,2026-03-21,4,4,34.82789925905625,34.82789925905625,0.0,0.0,34.82789925905625,174.10769752693406,254.34667693312372,2026-02-21,2026-03-21,mlf_lightgbm
45,2026-02-21,2026-02-28,1,1,285.5883712584291,285.5883712584291,135.86395143548785,242.95239297748293,285.5883712584291,328.2243495393753,435.31279108137034,2026-02-21,2026-02-28,mlf_lightgbm
45,2026-02-21,2026-03-07,2,2,287.5606023277166,287.5606023277166,0.0,209.46626466757357,287.5606023277166,365.6549399878596,604.458863446138,2026-02-21,2026-03-07,mlf_lightgbm
45,2026-02-21,2026-03-14,3,3,266.04966624023086,266.04966624023086,0.0,14.977516572536302,266.04966624023086,517.1218159079255,782.1803296125966,2026-02-21,2026-03-14,mlf_lightgbm
45,2026-02-21,2026-03-21,4,4,225.78226359459467,225.78226359459467,0.0,0.0,225.78226359459467,584.6736973898254,1154.0634412268323,2026-02-21,2026-03-21,mlf_lightgbm
46,2026-02-21,2026-02-28,1,1,57.80137363515395,57.80137363515395,12.568644651977326,44.80845446109002,57.80137363515395,70.79429280921788,103.03410261833058,2026-02-21,2026-02-28,mlf_lightgbm
46,2026-02-21,2026-03-07,2,2,58.35763625451065,58.35763625451065,0.0,47.83923954931198,58.35763625451065,68.87603295970932,142.56068366604543,2026-02-21,2026-03-07,mlf_lightgbm
46,2026-02-21,2026-03-14,3,3,52.1301626809334,52.1301626809334,0.0,31.33730805526929,52.1301626809334,72.92301730659752,179.5107730956161,2026-02-21,2026-03-14,mlf_lightgbm
46,2026-02-21,2026-03-21,4,4,48.50150917825683,48.50150917825683,0.0,0.0,48.50150917825683,108.58524093903219,195.32425992085928,2026-02-21,2026-03-21,mlf_lightgbm
47,2026-02-21,2026-02-28,1,1,311.9293195237792,311.9293195237792,125.36477978993224,261.9784382824373,311.9293195237792,361.8802007651211,498.4938592576261,2026-02-21,2026-02-28,mlf_lightgbm
47,2026-02-21,2026-03-07,2,2,281.09678376271506,281.09678376271506,0.0,144.81423310018846,281.09678376271506,417.37933442524167,702.4419479840407,2026-02-21,2026-03-07,mlf_lightgbm
47,2026-02-21,2026-03-14,3,3,264.2313760880739,264.2313760880739,0.0,0.0,264.2313760880739,540.6839698899076,902.418934483808,2026-02-21,2026-03-14,mlf_lightgbm
47,2026-02-21,2026-03-21,4,4,252.39028354884687,252.39028354884687,0.0,0.0,252.39028354884687,737.5936255287668,1249.973678622644,2026-02-21,2026-03-21,mlf_lightgbm
48,2026-02-21,2026-02-28,1,1,983.1567908861489,983.1567908861489,0.0,954.1051218886673,983.1567908861489,1012.2084598836304,2375.323684506066,2026-02-21,2026-02-28,mlf_lightgbm
48,2026-02-21,2026-03-07,2,2,878.0615598844465,878.0615598844465,0.0,498.4519063209665,878.0615598844465,1257.6712134479264,1777.5413221159902,2026-02-21,2026-03-07,mlf_lightgbm
48,2026-02-21,2026-03-14,3,3,706.2207861424885,706.2207861424885,0.0,392.5173549373137,706.2207861424885,1019.9242173476632,1865.0871787204371,2026-02-21,2026-03-14,mlf_lightgbm
48,2026-02-21,2026-03-21,4,4,1288.837874442343,1288.837874442343,0.0,515.5584219384698,1288.837874442343,2062.1173269462165,2972.1869452772316,2026-02-21,2026-03-21,mlf_lightgbm
49,2026-02-21,2026-02-28,1,1,73.98716228229651,73.98716228229651,3.589566895275002,61.32855190045734,73.98716228229651,86.64577266413568,144.384757669318,2026-02-21,2026-02-28,mlf_lightgbm
49,2026-02-21,2026-03-07,2,2,77.2472410417387,77.2472410417387,0.0,60.38531352751461,77.2472410417387,94.1091685559628,251.12993993143044,2026-02-21,2026-03-07,mlf_lightgbm
49,2026-02-21,2026-03-14,3,3,74.6955123562793,74.6955123562793,0.0,15.53459715171417,74.6955123562793,133.85642756084442,325.6714140091081,2026-02-21,2026-03-14,mlf_lightgbm
49,2026-02-21,2026-03-21,4,4,72.38367752057113,72.38367752057113,0.0,0.0,72.38367752057113,166.91953205472853,434.7179238436803,2026-02-21,2026-03-21,mlf_lightgbm
50,2026-02-21,2026-02-28,1,1,26.76624176044465,26.76624176044465,9.283293099817412,21.26168175135892,26.76624176044465,32.27080176953038,44.24919042107189,2026-02-21,2026-02-28,mlf_lightgbm
50,2026-02-21,2026-03-07,2,2,28.854559572807208,28.854559572807208,0.0,22.29905030775989,28.854559572807208,35.410068837854524,58.63125148440542,2026-02-21,2026-03-07,mlf_lightgbm
50,2026-02-21,2026-03-14,3,3,27.391197106472095,27.391197106472095,0.0,10.972121971014047,27.391197106472095,43.81027224193014,90.17634616451369,2026-02-21,2026-03-14,mlf_lightgbm
50,2026-02-21,2026-03-21,4,4,26.98188597528537,26.98188597528537,0.0,0.0,26.98188597528537,72.0824286060597,106.25541459892565,2026-02-21,2026-03-21,mlf_lightgbm
51,2026-02-21,2026-02-28,1,1,306.31993875323394,306.31993875323394,136.52459151550588,250.95512247213554,306.31993875323394,361.68475503433234,476.1152859909619,2026-02-21,2026-02-28,mlf_lightgbm
51,2026-02-21,2026-03-07,2,2,294.2270219743621,294.2270219743621,0.0,215.6633937146974,294.2270219743621,372.7906502340268,787.1855566285724,2026-02-21,2026-03-07,mlf_lightgbm
51,2026-02-21,2026-03-14,3,3,298.2834447831473,298.2834447831473,0.0,15.618492114660512,298.2834447831473,580.948397451634,1160.2162088530097,2026-02-21,2026-03-14,mlf_lightgbm
51,2026-02-21,2026-03-21,4,4,247.72486366396691,247.72486366396691,0.0,0.0,247.72486366396691,873.7918880376828,1393.456862422233,2026-02-21,2026-03-21,mlf_lightgbm
53,2026-02-21,2026-02-28,1,1,219.94309822778794,219.94309822778794,202.6246127011272,203.91409465563672,219.94309822778794,235.97210179993917,237.26158375444868,2026-02-21,2026-02-28,mlf_lightgbm
53,2026-02-21,2026-03-07,2,2,227.24926774240203,227.24926774240203,75.9231885946282,201.59922334198944,227.24926774240203,252.8993121428146,378.5753468901758,2026-02-21,2026-03-07,mlf_lightgbm
53,2026-02-21,2026-03-14,3,3,233.47741295817738,233.47741295817738,0.0,149.77422100197862,233.47741295817738,317.18060491437615,549.1544715967789,2026-02-21,2026-03-14,mlf_lightgbm
53,2026-02-21,2026-03-21,4,4,219.511321214389,219.511321214389,0.0,103.61277407192414,219.511321214389,335.40986835685385,645.7857064571481,2026-02-21,2026-03-21,mlf_lightgbm
54,2026-02-21,2026-02-28,1,1,157.71465484598903,157.71465484598903,46.83182391655807,142.4139554890964,157.71465484598903,173.01535420288167,268.5974857754199,2026-02-21,2026-02-28,mlf_lightgbm
54,2026-02-21,2026-03-07,2,2,153.94126265075087,153.94126265075087,0.0,123.43094822330269,153.94126265075087,184.45157707819905,498.3934184860541,2026-02-21,2026-03-07,mlf_lightgbm
54,2026-02-21,2026-03-14,3,3,151.10998232479847,151.10998232479847,0.0,84.038523126815,151.10998232479847,218.18144152278194,749.2629913395378,2026-02-21,2026-03-14,mlf_lightgbm
54,2026-02-21,2026-03-21,4,4,151.7969625286719,151.7969625286719,0.0,0.0,151.7969625286719,328.5442896312656,868.504804266569,2026-02-21,2026-03-21,mlf_lightgbm
55,2026-02-21,2026-02-28,1,1,263.82876501602675,263.82876501602675,45.77753032861473,204.89492219521904,263.82876501602675,322.7626078368345,481.8799997034387,2026-02-21,2026-02-28,mlf_lightgbm
55,2026-02-21,2026-03-07,2,2,273.49547416749266,273.49547416749266,0.0,230.48634143558212,273.49547416749266,316.5046068994032,575.4910713513029,2026-02-21,2026-03-07,mlf_lightgbm
55,2026-02-21,2026-03-14,3,3,282.80660746060664,282.80660746060664,0.0,0.0,282.80660746060664,584.0202427565897,873.4993531357005,2026-02-21,2026-03-14,mlf_lightgbm
55,2026-02-21,2026-03-21,4,4,250.96635167168992,250.96635167168992,0.0,0.0,250.96635167168992,904.9016017593917,1087.5566080717763,2026-02-21,2026-03-21,mlf_lightgbm
56,2026-02-21,2026-02-28,1,1,20.901397016062106,20.901397016062106,0.0,13.9300599633606,20.901397016062106,27.872734068763613,42.71605526083506,2026-02-21,2026-02-28,mlf_lightgbm
56,2026-02-21,2026-03-07,2,2,25.0142689930502,25.0142689930502,0.0,14.582047142906527,25.0142689930502,35.44649084319388,53.422294697161476,2026-02-21,2026-03-07,mlf_lightgbm
56,2026-02-21,2026-03-14,3,3,24.89731631861877,24.89731631861877,0.0,16.872706167419572,24.89731631861877,32.92192646981797,84.92662700442385,2026-02-21,2026-03-14,mlf_lightgbm
56,2026-02-21,2026-03-21,4,4,23.19522296037024,23.19522296037024,0.0,0.0,23.19522296037024,48.17574090727134,118.98175349147385,2026-02-21,2026-03-21,mlf_lightgbm
72,2026-02-21,2026-02-28,1,1,212.6748067500975,212.6748067500975,105.03136364567224,171.94983365169068,212.6748067500975,253.39977984850432,320.3182498545227,2026-02-21,2026-02-28,mlf_lightgbm
72,2026-02-21,2026-03-07,2,2,252.2989577025294,252.2989577025294,0.0,105.69583052287616,252.2989577025294,398.90208488218263,519.2745294862427,2026-02-21,2026-03-07,mlf_lightgbm
72,2026-02-21,2026-03-14,3,3,305.36024457495563,305.36024457495563,0.0,114.24184870085898,305.36024457495563,496.4786404490523,688.7848552739977,2026-02-21,2026-03-14,mlf_lightgbm
72,2026-02-21,2026-03-21,4,4,317.56984523024096,317.56984523024096,0.0,185.4084939861827,317.56984523024096,449.73119647429917,735.9739756342215,2026-02-21,2026-03-21,mlf_lightgbm
01,2026-03-21,2026-03-28,1,1,55.98681056131684,55.98681056131684,0.0,0.0,55.98681056131684,168.63343972289854,279.2660156403273,2026-03-21,2026-03-28,mlf_lightgbm
01,2026-03-21,2026-04-04,2,2,54.32817339825415,54.32817339825415,0.0,0.0,54.32817339825415,159.81588136892788,486.86767985542264,2026-03-21,2026-04-04,mlf_lightgbm
01,2026-03-21,2026-04-11,3,3,49.16865076996905,49.16865076996905,0.0,0.0,49.16865076996905,229.2139904730993,503.70499327493275,2026-03-21,2026-04-11,mlf_lightgbm
01,2026-03-21,2026-04-18,4,4,43.19092920601489,43.19092920601489,0.0,0.0,43.19092920601489,288.01627516474116,716.3411971872601,2026-03-21,2026-04-18,mlf_lightgbm
02,2026-03-21,2026-03-28,1,1,11.713999873754087,11.713999873754087,0.0,4.077242896283804,11.713999873754087,19.35075685122437,40.02145661077348,2026-03-21,2026-03-28,mlf_lightgbm
02,2026-03-21,2026-04-04,2,2,10.307794354020018,10.307794354020018,0.0,1.4372889148033678,10.307794354020018,19.17829979323667,75.60518310217861,2026-03-21,2026-04-04,mlf_lightgbm
02,2026-03-21,2026-04-11,3,3,10.791821220133153,10.791821220133153,0.0,0.0,10.791821220133153,40.00761605855377,91.2871170529036,2026-03-21,2026-04-11,mlf_lightgbm
02,2026-03-21,2026-04-18,4,4,10.67102040655759,10.67102040655759,0.0,0.0,10.67102040655759,62.98825978268837,109.49848974320132,2026-03-21,2026-04-18,mlf_lightgbm
04,2026-03-21,2026-03-28,1,1,114.8074495890875,114.8074495890875,0.0,68.8845710994555,114.8074495890875,160.73032807871948,427.4619868473962,2026-03-21,2026-03-28,mlf_lightgbm
04,2026-03-21,2026-04-04,2,2,103.86291233494453,103.86291233494453,0.0,5.0042964153576435,103.86291233494453,202.72152825453142,886.5947545180993,2026-03-21,2026-04-04,mlf_lightgbm
04,2026-03-21,2026-04-11,3,3,98.71273994171159,98.71273994171159,0.0,0.0,98.71273994171159,280.94796363665625,1098.7222916030498,2026-03-21,2026-04-11,mlf_lightgbm
04,2026-03-21,2026-04-18,4,4,86.99936252614351,86.99936252614351,0.0,0.0,86.99936252614351,363.5828438442269,1086.1595783798998,2026-03-21,2026-04-18,mlf_lightgbm
05,2026-03-21,2026-03-28,1,1,47.35139988461581,47.35139988461581,0.0,22.3830630637117,47.35139988461581,72.31973670551992,146.63361621176458,2026-03-21,2026-03-28,mlf_lightgbm
05,2026-03-21,2026-04-04,2,2,46.13579570804243,46.13579570804243,0.0,0.0,46.13579570804243,151.18613111094896,223.2028096305506,2026-03-21,2026-04-04,mlf_lightgbm
05,2026-03-21,2026-04-11,3,3,41.011535674904174,41.011535674904174,0.0,0.0,41.011535674904174,185.70804202988063,262.17370807567374,2026-03-21,2026-04-11,mlf_lightgbm
05,2026-03-21,2026-04-18,4,4,35.54470602928802,35.54470602928802,0.0,0.0,35.54470602928802,263.9900360974366,300.8739478856515,2026-03-21,2026-04-18,mlf_lightgbm
06,2026-03-21,2026-03-28,1,1,551.6077355540741,551.6077355540741,0.0,306.1946161167188,551.6077355540741,797.0208549914294,1649.4506522928937,2026-03-21,2026-03-28,mlf_lightgbm
06,2026-03-21,2026-04-04,2,2,407.8099991675208,407.8099991675208,0.0,0.0,407.8099991675208,868.8897734659718,2382.77683004924,2026-03-21,2026-04-04,mlf_lightgbm
06,2026-03-21,2026-04-11,3,3,173.03900599002503,173.03900599002503,0.0,0.0,173.03900599002503,877.8219719431991,2140.234413297524,2026-03-21,2026-04-11,mlf_lightgbm
06,2026-03-21,2026-04-18,4,4,201.02761462114827,201.02761462114827,0.0,0.0,201.02761462114827,1767.1064569292823,2323.4570440236153,2026-03-21,2026-04-18,mlf_lightgbm
08,2026-03-21,2026-03-28,1,1,93.10473287092769,93.10473287092769,0.0,44.72695908574343,93.10473287092769,141.48250665611195,276.7418736443936,2026-03-21,2026-03-28,mlf_lightgbm
08,2026-03-21,2026-04-04,2,2,81.57959890251777,81.57959890251777,0.0,0.0,81.57959890251777,173.31064297276163,540.6170199802366,2026-03-21,2026-04-04,mlf_lightgbm
08,2026-03-21,2026-04-11,3,3,73.35137201104824,73.35137201104824,0.0,0.0,73.35137201104824,246.1404850910335,713.6805593797401,2026-03-21,2026-04-11,mlf_lightgbm
08,2026-03-21,2026-04-18,4,4,67.95993759648931,67.95993759648931,0.0,0.0,67.95993759648931,297.0679198889783,934.4603464900853,2026-03-21,2026-04-18,mlf_lightgbm
09,2026-03-21,2026-03-28,1,1,35.13504534584118,35.13504534584118,0.0,0.0,35.13504534584118,93.43167510942287,126.15386440870256,2026-03-21,2026-03-28,mlf_lightgbm
09,2026-03-21,2026-04-04,2,2,35.441002702690255,35.441002702690255,0.0,0.0,35.441002702690255,96.82923687785967,190.33659745489655,2026-03-21,2026-04-04,mlf_lightgbm
09,2026-03-21,2026-04-11,3,3,33.948951802567926,33.948951802567926,0.0,0.0,33.948951802567926,284.29475617644357,353.75002223936264,2026-03-21,2026-04-11,mlf_lightgbm
09,2026-03-21,2026-04-18,4,4,32.62906299732277,32.62906299732277,0.0,0.0,32.62906299732277,354.2346472836096,592.3299666087119,2026-03-21,2026-04-18,mlf_lightgbm
10,2026-03-21,2026-03-28,1,1,22.750926765365463,22.750926765365463,0.0,2.159982297205792,22.750926765365463,43.34187123352513,83.13300683554111,2026-03-21,2026-03-28,mlf_lightgbm
10,2026-03-21,2026-04-04,2,2,21.060301968596704,21.060301968596704,0.0,0.0,21.060301968596704,65.81392798166458,140.4498293786723,2026-03-21,2026-04-04,mlf_lightgbm
10,2026-03-21,2026-04-11,3,3,20.01153155525154,20.01153155525154,0.0,0.0,20.01153155525154,107.30537620600273,183.4789047204436,2026-03-21,2026-04-11,mlf_lightgbm
10,2026-03-21,2026-04-18,4,4,18.84565177862827,18.84565177862827,0.0,0.0,18.84565177862827,184.1324500855818,243.19781364016026,2026-03-21,2026-04-18,mlf_lightgbm
11,2026-03-21,2026-03-28,1,1,9.943690364416819,9.943690364416819,0.0,0.0,9.943690364416819,23.68691332676792,45.231650099656136,2026-03-21,2026-03-28,mlf_lightgbm
11,2026-03-21,2026-04-04,2,2,10.383607236457198,10.383607236457198,0.0,0.0,10.383607236457198,35.69485498469263,72.4789911351062,2026-03-21,2026-04-04,mlf_lightgbm
11,2026-03-21,2026-04-11,3,3,9.788862612939647,9.788862612939647,0.0,0.0,9.788862612939647,47.38661124895842,119.0902643011472,2026-03-21,2026-04-11,mlf_lightgbm
11,2026-03-21,2026-04-18,4,4,10.186908083206406,10.186908083206406,0.0,0.0,10.186908083206406,84.25791336703682,213.78979574401,2026-03-21,2026-04-18,mlf_lightgbm
12,2026-03-21,2026-03-28,1,1,244.19949641684613,244.19949641684613,0.0,0.0,244.19949641684613,738.2653701138897,1249.5933184616379,2026-03-21,2026-03-28,mlf_lightgbm
12,2026-03-21,2026-04-04,2,2,188.82252458578935,188.82252458578935,0.0,0.0,188.82252458578935,969.0501158524364,1848.554505263753,2026-03-21,2026-04-04,mlf_lightgbm
12,2026-03-21,2026-04-11,3,3,304.40647868589986,304.40647868589986,0.0,0.0,304.40647868589986,1333.3944870751275,2313.9925728920502,2026-03-21,2026-04-11,mlf_lightgbm
12,2026-03-21,2026-04-18,4,4,109.19181926049525,109.19181926049525,0.0,0.0,109.19181926049525,1122.1109577995112,1626.9846762952802,2026-03-21,2026-04-18,mlf_lightgbm
13,2026-03-21,2026-03-28,1,1,90.40633196165557,90.40633196165557,0.0,26.530549976211205,90.40633196165557,154.2821139470999,459.8995712400023,2026-03-21,2026-03-28,mlf_lightgbm
13,2026-03-21,2026-04-04,2,2,81.8940993711891,81.8940993711891,0.0,19.510856186950747,81.8940993711891,144.27734255542745,950.1079696551863,2026-03-21,2026-04-04,mlf_lightgbm
13,2026-03-21,2026-04-11,3,3,69.33056537554371,69.33056537554371,0.0,0.0,69.33056537554371,181.2583652510915,1182.1928800963797,2026-03-21,2026-04-11,mlf_lightgbm
13,2026-03-21,2026-04-18,4,4,64.57181204851473,64.57181204851473,0.0,0.0,64.57181204851473,338.92820465455884,1439.4490175261117,2026-03-21,2026-04-18,mlf_lightgbm
15,2026-03-21,2026-03-28,1,1,22.483888769570296,22.483888769570296,0.0,11.379443169395559,22.483888769570296,33.588334369745034,45.437798370418804,2026-03-21,2026-03-28,mlf_lightgbm
15,2026-03-21,2026-04-04,2,2,22.895550254073786,22.895550254073786,0.0,0.0,22.895550254073786,47.03047638922747,82.48502429899531,2026-03-21,2026-04-04,mlf_lightgbm
15,2026-03-21,2026-04-11,3,3,22.673143760067777,22.673143760067777,0.0,0.0,22.673143760067777,52.20807221688288,143.25441093135498,2026-03-21,2026-04-11,mlf_lightgbm
15,2026-03-21,2026-04-18,4,4,22.98872830619065,22.98872830619065,0.0,1.9594270887572929,22.98872830619065,44.01802952362401,157.44793168008889,2026-03-21,2026-04-18,mlf_lightgbm
16,2026-03-21,2026-03-28,1,1,45.4996490541773,45.4996490541773,21.54593041528109,30.38247261357057,45.4996490541773,60.616825494784024,69.4533676930735,2026-03-21,2026-03-28,mlf_lightgbm
16,2026-03-21,2026-04-04,2,2,41.8108628434776,41.8108628434776,0.0,0.0,41.8108628434776,90.91247648240187,121.41706366902184,2026-03-21,2026-04-04,mlf_lightgbm
16,2026-03-21,2026-04-11,3,3,39.873412538361784,39.873412538361784,0.0,0.0,39.873412538361784,84.71065406270878,172.37858273621066,2026-03-21,2026-04-11,mlf_lightgbm
16,2026-03-21,2026-04-18,4,4,35.29526278451629,35.29526278451629,0.0,0.0,35.29526278451629,97.86816688538593,240.36535729940968,2026-03-21,2026-04-18,mlf_lightgbm
17,2026-03-21,2026-03-28,1,1,168.39049814291718,168.39049814291718,0.0,103.5849302561794,168.39049814291718,233.19606602965496,423.9243693501676,2026-03-21,2026-03-28,mlf_lightgbm
17,2026-03-21,2026-04-04,2,2,147.43802380392444,147.43802380392444,0.0,84.4279235231827,147.43802380392444,210.44812408466618,844.6841686236155,2026-03-21,2026-04-04,mlf_lightgbm
17,2026-03-21,2026-04-11,3,3,120.02436765263329,120.02436765263329,0.0,0.0,120.02436765263329,473.45515304952596,1584.331376798621,2026-03-21,2026-04-11,mlf_lightgbm
17,2026-03-21,2026-04-18,4,4,105.64541578250518,105.64541578250518,0.0,0.0,105.64541578250518,799.4439152657251,2012.1586912366638,2026-03-21,2026-04-18,mlf_lightgbm
18,2026-03-21,2026-03-28,1,1,157.9662626393624,157.9662626393624,49.55517457715337,123.70267100843824,157.9662626393624,192.22985427028658,266.37735070157146,2026-03-21,2026-03-28,mlf_lightgbm
18,2026-03-21,2026-04-04,2,2,125.12737303145471,125.12737303145471,0.0,25.79973111142847,125.12737303145471,224.45501495148093,504.61325274884035,2026-03-21,2026-04-04,mlf_lightgbm
18,2026-03-21,2026-04-11,3,3,104.48954900141042,104.48954900141042,0.0,0.0,104.48954900141042,334.6961143669829,794.2456811075863,2026-03-21,2026-04-11,mlf_lightgbm
18,2026-03-21,2026-04-18,4,4,96.30698976550974,96.30698976550974,0.0,0.0,96.30698976550974,593.5529696481289,1321.6861328255118,2026-03-21,2026-04-18,mlf_lightgbm
19,2026-03-21,2026-03-28,1,1,63.50853122034194,63.50853122034194,0.0,0.0,63.50853122034194,129.24193858112537,188.4008952812787,2026-03-21,2026-03-28,mlf_lightgbm
19,2026-03-21,2026-04-04,2,2,54.22479613850421,54.22479613850421,0.0,0.0,54.22479613850421,201.94621197735339,299.96677578243015,2026-03-21,2026-04-04,mlf_lightgbm
19,2026-03-21,2026-04-11,3,3,48.22752865821715,48.22752865821715,0.0,0.0,48.22752865821715,227.4610716377568,448.7070446102907,2026-03-21,2026-04-11,mlf_lightgbm
19,2026-03-21,2026-04-18,4,4,39.962765261559014,39.962765261559014,0.0,0.0,39.962765261559014,316.987405037488,542.8267641888723,2026-03-21,2026-04-18,mlf_lightgbm
20,2026-03-21,2026-03-28,1,1,45.8470835677767,45.8470835677767,0.0,11.237471740383846,45.8470835677767,80.45669539516956,173.21068986891686,2026-03-21,2026-03-28,mlf_lightgbm
20,2026-03-21,2026-04-04,2,2,42.41299817990883,42.41299817990883,0.0,0.0,42.41299817990883,178.02097369198972,291.3967608428517,2026-03-21,2026-04-04,mlf_lightgbm
20,2026-03-21,2026-04-11,3,3,39.07408536978836,39.07408536978836,0.0,0.0,39.07408536978836,261.3970509456718,455.694533175246,2026-03-21,2026-04-11,mlf_lightgbm
20,2026-03-21,2026-04-18,4,4,32.71822452560965,32.71822452560965,0.0,0.0,32.71822452560965,282.11627247622965,451.892031193879,2026-03-21,2026-04-18,mlf_lightgbm
21,2026-03-21,2026-03-28,1,1,102.81549250556009,102.81549250556009,0.0,6.519405530696616,102.81549250556009,199.11157948042356,304.6576976985697,2026-03-21,2026-03-28,mlf_lightgbm
21,2026-03-21,2026-04-04,2,2,88.51489169300238,88.51489169300238,0.0,0.0,88.51489169300238,215.69031744045446,521.5238368050454,2026-03-21,2026-04-04,mlf_lightgbm
21,2026-03-21,2026-04-11,3,3,80.89844225648818,80.89844225648818,0.0,0.0,80.89844225648818,298.58874518141283,836.0106585961614,2026-03-21,2026-04-11,mlf_lightgbm
21,2026-03-21,2026-04-18,4,4,68.80342687253278,68.80342687253278,0.0,0.0,68.80342687253278,561.8702486227864,1023.5820248046338,2026-03-21,2026-04-18,mlf_lightgbm
22,2026-03-21,2026-03-28,1,1,87.9363858848386,87.9363858848386,0.0,0.11421187889449413,87.9363858848386,175.75855989078272,237.39863884121712,2026-03-21,2026-03-28,mlf_lightgbm
22,2026-03-21,2026-04-04,2,2,80.50983108385805,80.50983108385805,0.0,0.0,80.50983108385805,182.61363560205717,248.0642398903771,2026-03-21,2026-04-04,mlf_lightgbm
22,2026-03-21,2026-04-11,3,3,69.33056537554371,69.33056537554371,0.0,0.0,69.33056537554371,171.89562148608994,353.31067295878455,2026-03-21,2026-04-11,mlf_lightgbm
22,2026-03-21,2026-04-18,4,4,65.57798666783154,65.57798666783154,0.0,0.0,65.57798666783154,201.66609816300323,348.50874440470847,2026-03-21,2026-04-18,mlf_lightgbm
23,2026-03-21,2026-03-28,1,1,28.59085523092258,28.59085523092258,0.0,0.0,28.59085523092258,60.447351162324985,79.39818622585413,2026-03-21,2026-03-28,mlf_lightgbm
23,2026-03-21,2026-04-04,2,2,29.732836477586876,29.732836477586876,0.0,0.0,29.732836477586876,79.90890608439665,93.57934196622911,2026-03-21,2026-04-04,mlf_lightgbm
23,2026-03-21,2026-04-11,3,3,31.638900587796453,31.638900587796453,0.0,0.0,31.638900587796453,103.95476902220076,140.148307546641,2026-03-21,2026-04-11,mlf_lightgbm
23,2026-03-21,2026-04-18,4,4,29.62505186894237,29.62505186894237,0.0,0.0,29.62505186894237,159.87439541409628,194.76964166309352,2026-03-21,2026-04-18,mlf_lightgbm
24,2026-03-21,2026-03-28,1,1,56.33503744892221,56.33503744892221,0.0,0.0,56.33503744892221,112.67823535113786,197.32143611306776,2026-03-21,2026-03-28,mlf_lightgbm
24,2026-03-21,2026-04-04,2,2,59.1410238636506,59.1410238636506,0.0,5.930757093719691,59.1410238636506,112.35129063358151,249.2601167149159,2026-03-21,2026-04-04,mlf_lightgbm
24,2026-03-21,2026-04-11,3,3,58.928256769499015,58.928256769499015,0.0,0.0,58.928256769499015,328.5174320417942,431.64048988902005,2026-03-21,2026-04-11,mlf_lightgbm
24,2026-03-21,2026-04-18,4,4,57.980241311866095,57.980241311866095,0.0,0.0,57.980241311866095,443.2692694796271,794.8848885540094,2026-03-21,2026-04-18,mlf_lightgbm
25,2026-03-21,2026-03-28,1,1,47.32821669260148,47.32821669260148,0.0,0.0,47.32821669260148,171.36778686583398,345.6696456977919,2026-03-21,2026-03-28,mlf_lightgbm
25,2026-03-21,2026-04-04,2,2,48.15811427963121,48.15811427963121,0.0,0.0,48.15811427963121,166.11636719775328,376.3352189961265,2026-03-21,2026-04-04,mlf_lightgbm
25,2026-03-21,2026-04-11,3,3,47.72637190068296,47.72637190068296,0.0,0.0,47.72637190068296,421.3006195384382,613.7825649976255,2026-03-21,2026-04-11,mlf_lightgbm
25,2026-03-21,2026-04-18,4,4,47.08083536401651,47.08083536401651,0.0,0.0,47.08083536401651,680.2413740794652,1141.6143624976555,2026-03-21,2026-04-18,mlf_lightgbm
26,2026-03-21,2026-03-28,1,1,158.4078596591029,158.4078596591029,0.0,18.486984955282736,158.4078596591029,298.32873436292306,415.7261392753215,2026-03-21,2026-03-28,mlf_lightgbm
26,2026-03-21,2026-04-04,2,2,129.90980033888653,129.90980033888653,0.0,21.809046703179106,129.90980033888653,238.01055397459396,473.85908946683486,2026-03-21,2026-04-04,mlf_lightgbm
26,2026-03-21,2026-04-11,3,3,119.25884823657994,119.25884823657994,0.0,0.0,119.25884823657994,519.743380889659,830.9349939247036,2026-03-21,2026-04-11,mlf_lightgbm
26,2026-03-21,2026-04-18,4,4,107.60246263204013,107.60246263204013,0.0,0.0,107.60246263204013,878.1423730261054,1266.293937714374,2026-03-21,2026-04-18,mlf_lightgbm
27,2026-03-21,2026-03-28,1,1,103.3337101439663,103.3337101439663,0.0,15.726039097969554,103.3337101439663,190.94138118996304,267.1703909549478,2026-03-21,2026-03-28,mlf_lightgbm
27,2026-03-21,2026-04-04,2,2,90.67910307617043,90.67910307617043,0.0,0.0,90.67910307617043,264.17989491982075,625.8428120301378,2026-03-21,2026-04-04,mlf_lightgbm
27,2026-03-21,2026-04-11,3,3,79.26727857474701,79.26727857474701,0.0,0.0,79.26727857474701,381.0096446880075,1025.3794055567325,2026-03-21,2026-04-11,mlf_lightgbm
27,2026-03-21,2026-04-18,4,4,67.68166181243569,67.68166181243569,0.0,0.0,67.68166181243569,485.40851532612766,1452.0199688352786,2026-03-21,2026-04-18,mlf_lightgbm
28,2026-03-21,2026-03-28,1,1,57.7564002269003,57.7564002269003,0.0,7.387697125445548,57.7564002269003,108.12510332835504,209.5611042002968,2026-03-21,2026-03-28,mlf_lightgbm
28,2026-03-21,2026-04-04,2,2,55.72735802810369,55.72735802810369,0.0,0.0,55.72735802810369,116.85904965698431,284.7521666959191,2026-03-21,2026-04-04,mlf_lightgbm
28,2026-03-21,2026-04-11,3,3,54.310844497273486,54.310844497273486,0.0,0.0,54.310844497273486,176.55139399636127,322.28912760818076,2026-03-21,2026-04-11,mlf_lightgbm
28,2026-03-21,2026-04-18,4,4,48.66812734411768,48.66812734411768,0.0,0.0,48.66812734411768,224.42880117048372,445.5439748492372,2026-03-21,2026-04-18,mlf_lightgbm
29,2026-03-21,2026-03-28,1,1,98.86718272472689,98.86718272472689,0.0,0.0,98.86718272472689,244.4255038979278,279.8892147949345,2026-03-21,2026-03-28,mlf_lightgbm
29,2026-03-21,2026-04-04,2,2,82.03686546062247,82.03686546062247,0.0,0.0,82.03686546062247,325.66653225648304,649.9464769935753,2026-03-21,2026-04-04,mlf_lightgbm
29,2026-03-21,2026-04-11,3,3,68.1893105471893,68.1893105471893,0.0,0.0,68.1893105471893,407.359353686058,756.8059530346775,2026-03-21,2026-04-11,mlf_lightgbm
29,2026-03-21,2026-04-18,4,4,62.78133168720986,62.78133168720986,0.0,0.0,62.78133168720986,823.3360922212253,1268.709259083443,2026-03-21,2026-04-18,mlf_lightgbm
30,2026-03-21,2026-03-28,1,1,35.714908397969026,35.714908397969026,18.048175562039084,27.359964818317412,35.714908397969026,44.069851977620644,53.38164123389897,2026-03-21,2026-03-28,mlf_lightgbm
30,2026-03-21,2026-04-04,2,2,32.62906299732277,32.62906299732277,0.0,1.264488581184068,32.62906299732277,63.99363741346147,74.00309020260568,2026-03-21,2026-04-04,mlf_lightgbm
30,2026-03-21,2026-04-11,3,3,32.62906299732277,32.62906299732277,0.0,0.0,32.62906299732277,67.15833641922917,120.79607363037518,2026-03-21,2026-04-11,mlf_lightgbm
30,2026-03-21,2026-04-18,4,4,31.828042613157404,31.828042613157404,0.0,0.0,31.828042613157404,134.90035477623132,167.5722887567897,2026-03-21,2026-04-18,mlf_lightgbm
31,2026-03-21,2026-03-28,1,1,37.45507776547109,37.45507776547109,0.0,0.0,37.45507776547109,90.8104281356685,142.23060080513167,2026-03-21,2026-03-28,mlf_lightgbm
31,2026-03-21,2026-04-04,2,2,32.468781280837916,32.468781280837916,0.0,0.0,32.468781280837916,165.41609565680795,264.0993306874393,2026-03-21,2026-04-04,mlf_lightgbm
31,2026-03-21,2026-04-11,3,3,29.244233116497234,29.244233116497234,0.0,0.0,29.244233116497234,164.7703690890251,342.8081839316614,2026-03-21,2026-04-11,mlf_lightgbm
31,2026-03-21,2026-04-18,4,4,25.581708421479227,25.581708421479227,0.0,0.0,25.581708421479227,200.7201630928139,394.480711389983,2026-03-21,2026-04-18,mlf_lightgbm
32,2026-03-21,2026-03-28,1,1,47.08083536401651,47.08083536401651,0.0,33.38563109931794,47.08083536401651,60.776039628715075,149.0052052799262,2026-03-21,2026-03-28,mlf_lightgbm
32,2026-03-21,2026-04-04,2,2,43.023691178166374,43.023691178166374,0.0,13.604681239736887,43.023691178166374,72.44270111659586,183.19012730998008,2026-03-21,2026-04-04,mlf_lightgbm
32,2026-03-21,2026-04-11,3,3,42.68535224372927,42.68535224372927,0.0,0.0,42.68535224372927,96.23940708318003,271.95898996941486,2026-03-21,2026-04-11,mlf_lightgbm
32,2026-03-21,2026-04-18,4,4,41.086240873050556,41.086240873050556,0.0,0.0,41.086240873050556,155.00247332850523,485.1591442412216,2026-03-21,2026-04-18,mlf_lightgbm
33,2026-03-21,2026-03-28,1,1,25.7789155255551,25.7789155255551,0.0,0.0,25.7789155255551,60.3133256539309,109.24942368315607,2026-03-21,2026-03-28,mlf_lightgbm
33,2026-03-21,2026-04-04,2,2,24.977895141389784,24.977895141389784,0.0,0.0,24.977895141389784,60.34963132015141,116.1619194752821,2026-03-21,2026-04-04,mlf_lightgbm
33,2026-03-21,2026-04-11,3,3,21.792557167070417,21.792557167070417,0.0,0.0,21.792557167070417,116.67259809180675,180.5121886543301,2026-03-21,2026-04-11,mlf_lightgbm
33,2026-03-21,2026-04-18,4,4,20.25928158443139,20.25928158443139,0.0,0.0,20.25928158443139,193.16614164541343,280.09682905626596,2026-03-21,2026-04-18,mlf_lightgbm
34,2026-03-21,2026-03-28,1,1,145.23210146460448,145.23210146460448,0.0,34.49482500502177,145.23210146460448,255.9693779241872,403.265844659773,2026-03-21,2026-03-28,mlf_lightgbm
34,2026-03-21,2026-04-04,2,2,134.4514464559773,134.4514464559773,0.0,0.0,134.4514464559773,509.6496198778937,964.4279859254749,2026-03-21,2026-04-04,mlf_lightgbm
34,2026-03-21,2026-04-11,3,3,117.94460618870549,117.94460618870549,0.0,0.0,117.94460618870549,828.1527791580952,1721.3622547629448,2026-03-21,2026-04-11,mlf_lightgbm
34,2026-03-21,2026-04-18,4,4,108.83663858678707,108.83663858678707,0.0,0.0,108.83663858678707,956.5549223118769,2107.600713895915,2026-03-21,2026-04-18,mlf_lightgbm
35,2026-03-21,2026-03-28,1,1,46.79212322375078,46.79212322375078,0.0,23.5906846644592,46.79212322375078,69.99356178304235,118.25399452042346,2026-03-21,2026-03-28,mlf_lightgbm
35,2026-03-21,2026-04-04,2,2,44.62280254884507,44.62280254884507,0.0,19.44599086720369,44.62280254884507,69.79961423048645,237.83140139164203,2026-03-21,2026-04-04,mlf_lightgbm
35,2026-03-21,2026-04-11,3,3,41.52044490608259,41.52044490608259,0.0,0.0,41.52044490608259,129.18566168433654,335.05479133150766,2026-03-21,2026-04-11,mlf_lightgbm
35,2026-03-21,2026-04-18,4,4,39.60112525082207,39.60112525082207,0.0,0.0,39.60112525082207,255.58114587994618,361.81881196302146,2026-03-21,2026-04-18,mlf_lightgbm
36,2026-03-21,2026-03-28,1,1,190.09832446569553,190.09832446569553,0.0,0.0,190.09832446569553,546.9007467370419,922.2209598370623,2026-03-21,2026-03-28,mlf_lightgbm
36,2026-03-21,2026-04-04,2,2,216.82719018880616,216.82719018880616,0.0,0.0,216.82719018880616,509.3203385981697,1289.3114170385654,2026-03-21,2026-04-04,mlf_lightgbm
36,2026-03-21,2026-04-11,3,3,194.49258546687466,194.49258546687466,0.0,0.0,194.49258546687466,909.334729565721,2178.17980420482,2026-03-21,2026-04-11,mlf_lightgbm
36,2026-03-21,2026-04-18,4,4,167.27769150437211,167.27769150437211,0.0,0.0,167.27769150437211,1078.633953489601,2450.0485768503463,2026-03-21,2026-04-18,mlf_lightgbm
37,2026-03-21,2026-03-28,1,1,103.4171590477619,103.4171590477619,0.0,0.0,103.4171590477619,254.56049172955338,315.01411923038415,2026-03-21,2026-03-28,mlf_lightgbm
37,2026-03-21,2026-04-04,2,2,95.52847717835094,95.52847717835094,0.0,0.0,95.52847717835094,371.3770665102449,1011.6118405045388,2026-03-21,2026-04-04,mlf_lightgbm
37,2026-03-21,2026-04-11,3,3,86.35346401959151,86.35346401959151,0.0,0.0,86.35346401959151,477.30235092099656,1724.458602634781,2026-03-21,2026-04-11,mlf_lightgbm
37,2026-03-21,2026-04-18,4,4,77.86636757269106,77.86636757269106,0.0,0.0,77.86636757269106,828.1977728770452,2451.8458053350623,2026-03-21,2026-04-18,mlf_lightgbm
38,2026-03-21,2026-03-28,1,1,22.59357755123574,22.59357755123574,0.0,7.398241994148851,22.59357755123574,37.78891310832263,69.3421108715465,2026-03-21,2026-03-28,mlf_lightgbm
38,2026-03-21,2026-04-04,2,2,20.526891035483473,20.526891035483473,0.0,7.454447099035706,20.526891035483473,33.59933497193124,88.91316781149158,2026-03-21,2026-04-04,mlf_lightgbm
38,2026-03-21,2026-04-11,3,3,20.11859202580792,20.11859202580792,0.0,0.0,20.11859202580792,55.43677053950901,108.00771874694578,2026-03-21,2026-04-11,mlf_lightgbm
38,2026-03-21,2026-04-18,4,4,19.234709340339013,19.234709340339013,0.0,0.0,19.234709340339013,97.53604169743737,123.90131315697849,2026-03-21,2026-04-18,mlf_lightgbm
39,2026-03-21,2026-03-28,1,1,208.65512162625927,208.65512162625927,0.0,106.42255478910702,208.65512162625927,310.8876884634115,576.4789485009142,2026-03-21,2026-03-28,mlf_lightgbm
39,2026-03-21,2026-04-04,2,2,185.9927235815794,185.9927235815794,0.0,58.72597795337024,185.9927235815794,313.2594692097886,1049.3505831829036,2026-03-21,2026-04-04,mlf_lightgbm
39,2026-03-21,2026-04-11,3,3,148.964482020654,148.964482020654,0.0,0.0,148.964482020654,718.0512815741533,1665.6684911219431,2026-03-21,2026-04-11,mlf_lightgbm
39,2026-03-21,2026-04-18,4,4,124.26298233273032,124.26298233273032,0.0,0.0,124.26298233273032,1175.0426762388997,2044.2098349982582,2026-03-21,2026-04-18,mlf_lightgbm
40,2026-03-21,2026-03-28,1,1,67.41995319062437,67.41995319062437,0.0,43.53218310961961,67.41995319062437,91.30772327162913,167.47284176339804,2026-03-21,2026-03-28,mlf_lightgbm
40,2026-03-21,2026-04-04,2,2,61.512419827680986,61.512419827680986,0.0,0.0,61.512419827680986,194.47518578970642,255.65000026332746,2026-03-21,2026-04-04,mlf_lightgbm
40,2026-03-21,2026-04-11,3,3,53.599129222427756,53.599129222427756,0.0,0.0,53.599129222427756,236.33215388907536,378.24839780634477,2026-03-21,2026-04-11,mlf_lightgbm
40,2026-03-21,2026-04-18,4,4,47.426508274051834,47.426508274051834,0.0,0.0,47.426508274051834,295.6466472923627,559.2660420642327,2026-03-21,2026-04-18,mlf_lightgbm
41,2026-03-21,2026-03-28,1,1,44.16516024117991,44.16516024117991,0.0,38.93437247101095,44.16516024117991,49.39594801134887,130.4233842171393,2026-03-21,2026-03-28,mlf_lightgbm
41,2026-03-21,2026-04-04,2,2,44.55038559699754,44.55038559699754,0.0,0.0,44.55038559699754,192.1061743570839,222.59834551406422,2026-03-21,2026-04-04,mlf_lightgbm
41,2026-03-21,2026-04-11,3,3,40.446509953167755,40.446509953167755,0.0,0.0,40.446509953167755,255.88601447404287,524.7638172748877,2026-03-21,2026-04-11,mlf_lightgbm
41,2026-03-21,2026-04-18,4,4,35.974199918432866,35.974199918432866,0.0,0.0,35.974199918432866,275.96888669083756,566.4812494680973,2026-03-21,2026-04-18,mlf_lightgbm
42,2026-03-21,2026-03-28,1,1,482.85719757386215,482.85719757386215,0.0,27.258985394276863,482.85719757386215,938.4554097534474,1295.3455372723652,2026-03-21,2026-03-28,mlf_lightgbm
42,2026-03-21,2026-04-04,2,2,457.99131857842946,457.99131857842946,0.0,0.0,457.99131857842946,964.4342807726159,1795.378334189226,2026-03-21,2026-04-04,mlf_lightgbm
42,2026-03-21,2026-04-11,3,3,416.66039299039903,416.66039299039903,0.0,0.0,416.66039299039903,1273.3820953345453,1848.9854216874662,2026-03-21,2026-04-11,mlf_lightgbm
42,2026-03-21,2026-04-18,4,4,337.6270937188757,337.6270937188757,0.0,0.0,337.6270937188757,2024.4452534379402,2177.6441765949194,2026-03-21,2026-04-18,mlf_lightgbm
44,2026-03-21,2026-03-28,1,1,11.713999873754087,11.713999873754087,0.0,0.0,11.713999873754087,38.5430293533353,71.65606343023275,2026-03-21,2026-03-28,mlf_lightgbm
44,2026-03-21,2026-04-04,2,2,11.713999873754087,11.713999873754087,0.0,0.0,11.713999873754087,51.87395366459248,85.88889535967553,2026-03-21,2026-04-04,mlf_lightgbm
44,2026-03-21,2026-04-11,3,3,10.912979489588775,10.912979489588775,0.0,0.0,10.912979489588775,130.54063738060958,167.80896595581262,2026-03-21,2026-04-11,mlf_lightgbm
44,2026-03-21,2026-04-18,4,4,10.912979489588775,10.912979489588775,0.0,0.0,10.912979489588775,155.7895358068318,223.00208070051852,2026-03-21,2026-04-18,mlf_lightgbm
45,2026-03-21,2026-03-28,1,1,54.96540561349979,54.96540561349979,0.0,0.0,54.96540561349979,146.99874027488903,194.46187425335086,2026-03-21,2026-03-28,mlf_lightgbm
45,2026-03-21,2026-04-04,2,2,53.063076551089644,53.063076551089644,0.0,0.0,53.063076551089644,268.21608731459685,330.2434945206156,2026-03-21,2026-04-04,mlf_lightgbm
45,2026-03-21,2026-04-11,3,3,49.44035699290592,49.44035699290592,0.0,0.0,49.44035699290592,344.4672440392246,578.5256020841765,2026-03-21,2026-04-11,mlf_lightgbm
45,2026-03-21,2026-04-18,4,4,40.87361180592561,40.87361180592561,0.0,0.0,40.87361180592561,456.3422441035626,925.1375969877782,2026-03-21,2026-04-18,mlf_lightgbm
46,2026-03-21,2026-03-28,1,1,24.730145112209943,24.730145112209943,0.0,3.6506929840800098,24.730145112209943,45.80959724033987,69.19581443745571,2026-03-21,2026-03-28,mlf_lightgbm
46,2026-03-21,2026-04-04,2,2,21.060694814539385,21.060694814539385,0.0,0.0,21.060694814539385,46.808171698678905,108.1100850837291,2026-03-21,2026-04-04,mlf_lightgbm
46,2026-03-21,2026-04-11,3,3,19.527419231900357,19.527419231900357,0.0,0.0,19.527419231900357,52.69111967977206,148.42435924605084,2026-03-21,2026-04-11,mlf_lightgbm
46,2026-03-21,2026-04-18,4,4,18.84565177862827,18.84565177862827,0.0,0.0,18.84565177862827,85.55765351828877,166.15805424322056,2026-03-21,2026-04-18,mlf_lightgbm
47,2026-03-21,2026-03-28,1,1,122.23504434896144,122.23504434896144,0.0,63.85343948771256,122.23504434896144,180.6166492102103,351.4012458984569,2026-03-21,2026-03-28,mlf_lightgbm
47,2026-03-21,2026-04-04,2,2,106.09814326642248,106.09814326642248,0.0,0.0,106.09814326642248,213.8097705614902,642.1076823174408,2026-03-21,2026-04-04,mlf_lightgbm
47,2026-03-21,2026-04-11,3,3,97.51339939983738,97.51339939983738,0.0,0.0,97.51339939983738,276.8582784044085,728.9213398828548,2026-03-21,2026-04-11,mlf_lightgbm
47,2026-03-21,2026-04-18,4,4,85.86093563496766,85.86093563496766,0.0,0.0,85.86093563496766,365.90583148503504,1123.195270942282,2026-03-21,2026-04-18,mlf_lightgbm
48,2026-03-21,2026-03-28,1,1,421.11203190248165,421.11203190248165,0.0,0.0,421.11203190248165,977.7733376071164,1296.939208327653,2026-03-21,2026-03-28,mlf_lightgbm
48,2026-03-21,2026-04-04,2,2,369.00896464910437,369.00896464910437,0.0,0.0,369.00896464910437,1214.9660495222051,2050.1057515838697,2026-03-21,2026-04-04,mlf_lightgbm
48,2026-03-21,2026-04-11,3,3,281.3094745930768,281.3094745930768,0.0,0.0,281.3094745930768,1332.18165920293,2049.8883551352587,2026-03-21,2026-04-11,mlf_lightgbm
48,2026-03-21,2026-04-18,4,4,255.68127141206142,255.68127141206142,0.0,0.0,255.68127141206142,1285.3534119829217,2183.582659162032,2026-03-21,2026-04-18,mlf_lightgbm
49,2026-03-21,2026-03-28,1,1,38.55032163893752,38.55032163893752,0.0,6.606741662768162,38.55032163893752,70.49390161510688,110.13525339220931,2026-03-21,2026-03-28,mlf_lightgbm
49,2026-03-21,2026-04-04,2,2,36.32949139955056,36.32949139955056,0.0,0.0,36.32949139955056,74.24004198855995,243.45602979998404,2026-03-21,2026-04-04,mlf_lightgbm
49,2026-03-21,2026-04-11,3,3,32.97520207655732,32.97520207655732,0.0,0.0,32.97520207655732,91.23656248245638,360.3922797091982,2026-03-21,2026-04-11,mlf_lightgbm
49,2026-03-21,2026-04-18,4,4,33.25231631060807,33.25231631060807,0.0,0.0,33.25231631060807,124.50313189396311,467.75676613115286,2026-03-21,2026-04-18,mlf_lightgbm
50,2026-03-21,2026-03-28,1,1,7.43235310402107,7.43235310402107,0.0,0.0,7.43235310402107,16.358571450775038,24.51926528483618,2026-03-21,2026-03-28,mlf_lightgbm
50,2026-03-21,2026-04-04,2,2,7.6365459232885495,7.6365459232885495,0.0,0.0,7.6365459232885495,22.510963001584187,39.27970901840288,2026-03-21,2026-04-04,mlf_lightgbm
50,2026-03-21,2026-04-11,3,3,7.51537303505702,7.51537303505702,0.0,0.0,7.51537303505702,27.470811022951757,75.44728225476752,2026-03-21,2026-04-11,mlf_lightgbm
50,2026-03-21,2026-04-18,4,4,7.999485358408203,7.999485358408203,0.0,0.0,7.999485358408203,53.19741823759071,103.34642478068574,2026-03-21,2026-04-18,mlf_lightgbm
51,2026-03-21,2026-03-28,1,1,80.79165931772822,80.79165931772822,0.0,0.0,80.79165931772822,177.8039757712631,311.5218792278609,2026-03-21,2026-03-28,mlf_lightgbm
51,2026-03-21,2026-04-04,2,2,72.59315545762678,72.59315545762678,0.0,0.0,72.59315545762678,203.39481387721378,563.5526172573499,2026-03-21,2026-04-04,mlf_lightgbm
51,2026-03-21,2026-04-11,3,3,68.50412608032586,68.50412608032586,0.0,0.0,68.50412608032586,394.33929311930336,890.7548829998377,2026-03-21,2026-04-11,mlf_lightgbm
51,2026-03-21,2026-04-18,4,4,63.50853122034194,63.50853122034194,0.0,0.0,63.50853122034194,695.6415923063157,1110.7577038601091,2026-03-21,2026-04-18,mlf_lightgbm
53,2026-03-21,2026-03-28,1,1,69.91832765081409,69.91832765081409,0.0,55.86557651317889,69.91832765081409,83.97107878844929,149.0603383193476,2026-03-21,2026-03-28,mlf_lightgbm
53,2026-03-21,2026-04-04,2,2,66.29819785869425,66.29819785869425,0.0,0.0,66.29819785869425,167.81056231840284,247.39642095227822,2026-03-21,2026-04-04,mlf_lightgbm
53,2026-03-21,2026-04-11,3,3,66.29819785869425,66.29819785869425,0.0,0.0,66.29819785869425,314.23224042388006,420.7795061720494,2026-03-21,2026-04-11,mlf_lightgbm
53,2026-03-21,2026-04-18,4,4,61.90941984966319,61.90941984966319,0.0,0.0,61.90941984966319,347.32346124270293,469.1662066981809,2026-03-21,2026-04-18,mlf_lightgbm
54,2026-03-21,2026-03-28,1,1,69.25092087985206,69.25092087985206,0.0,19.65329004003845,69.25092087985206,118.84855171966566,184.7893451423987,2026-03-21,2026-03-28,mlf_lightgbm
54,2026-03-21,2026-04-04,2,2,66.73879654459478,66.73879654459478,0.0,0.0,66.73879654459478,180.27186554245682,417.51998981320037,2026-03-21,2026-04-04,mlf_lightgbm
54,2026-03-21,2026-04-11,3,3,64.94863681293266,64.94863681293266,0.0,0.0,64.94863681293266,199.23260663868177,672.9629315268718,2026-03-21,2026-04-11,mlf_lightgbm
54,2026-03-21,2026-04-18,4,4,62.229165526204504,62.229165526204504,0.0,0.0,62.229165526204504,276.50181043482365,714.043386323615,2026-03-21,2026-04-18,mlf_lightgbm
55,2026-03-21,2026-03-28,1,1,116.53237638336661,116.53237638336661,0.0,36.52557725698813,116.53237638336661,196.53917550974512,287.67972866039304,2026-03-21,2026-03-28,mlf_lightgbm
55,2026-03-21,2026-04-04,2,2,103.56315396799425,103.56315396799425,0.0,0.0,103.56315396799425,208.8987437123405,411.74228854412377,2026-03-21,2026-04-04,mlf_lightgbm
55,2026-03-21,2026-04-11,3,3,99.55033864959432,99.55033864959432,0.0,0.0,99.55033864959432,367.1436736511579,586.2871297868087,2026-03-21,2026-04-11,mlf_lightgbm
55,2026-03-21,2026-04-18,4,4,84.26182426428895,84.26182426428895,0.0,0.0,84.26182426428895,724.2231217305931,900.0428780237268,2026-03-21,2026-04-18,mlf_lightgbm
56,2026-03-21,2026-03-28,1,1,14.671607856143357,14.671607856143357,0.0,5.045430945051062,14.671607856143357,24.29778476723565,36.20089085724345,2026-03-21,2026-03-28,mlf_lightgbm
56,2026-03-21,2026-04-04,2,2,15.181910268795706,15.181910268795706,0.0,0.0,15.181910268795706,31.483128249509353,50.63131070676475,2026-03-21,2026-04-04,mlf_lightgbm
56,2026-03-21,2026-04-11,3,3,14.724231156210072,14.724231156210072,0.0,0.25075990710253127,14.724231156210072,29.197702405317614,86.83022910191522,2026-03-21,2026-04-11,mlf_lightgbm
56,2026-03-21,2026-04-18,4,4,14.724231156210072,14.724231156210072,0.0,0.0,14.724231156210072,41.59852103696936,123.55020679883577,2026-03-21,2026-04-18,mlf_lightgbm
72,2026-03-21,2026-03-28,1,1,146.10355803865846,146.10355803865846,49.19792412799682,63.50018981677208,146.10355803865846,228.70692626054483,243.0091919493201,2026-03-21,2026-03-28,mlf_lightgbm
72,2026-03-21,2026-04-04,2,2,133.60946540104115,133.60946540104115,0.0,0.0,133.60946540104115,280.3565242266974,383.39860089650284,2026-03-21,2026-04-04,mlf_lightgbm
72,2026-03-21,2026-04-11,3,3,127.19500426852532,127.19500426852532,0.0,0.0,127.19500426852532,341.4143450102889,461.24038759325475,2026-03-21,2026-04-11,mlf_lightgbm
72,2026-03-21,2026-04-18,4,4,117.76485775859973,117.76485775859973,0.0,0.0,117.76485775859973,313.0709887407678,488.1058580249984,2026-03-21,2026-04-18,mlf_lightgbm
01,2026-04-18,2026-04-25,1,1,24.510585996688356,24.510585996688356,0.0,0.0,24.510585996688356,130.8535390504794,330.7039629027612,2026-04-18,2026-04-25,mlf_lightgbm
01,2026-04-18,2026-05-02,2,2,21.09136093264918,21.09136093264918,0.0,0.0,21.09136093264918,142.74849044461624,527.2214457263016,2026-04-18,2026-05-02,mlf_lightgbm
01,2026-04-18,2026-05-09,3,3,19.689144006014356,19.689144006014356,0.0,0.0,19.689144006014356,139.60694397463183,590.7069448110867,2026-04-18,2026-05-09,mlf_lightgbm
01,2026-04-18,2026-05-16,4,4,19.193038647794282,19.193038647794282,0.0,0.0,19.193038647794282,206.0422365785346,763.939525445016,2026-04-18,2026-05-16,mlf_lightgbm
02,2026-04-18,2026-04-25,1,1,4.232363793885669,4.232363793885669,0.0,0.0,4.232363793885669,10.170941831486378,41.80404171519166,2026-04-18,2026-04-25,mlf_lightgbm
02,2026-04-18,2026-05-02,2,2,3.7584390766447173,3.7584390766447173,0.0,0.0,3.7584390766447173,14.818489957637002,90.66368224058748,2026-04-18,2026-05-02,mlf_lightgbm
02,2026-04-18,2026-05-09,3,3,4.3887992168990735,4.3887992168990735,0.0,0.0,4.3887992168990735,19.50839272455491,135.6085640295091,2026-04-18,2026-05-09,mlf_lightgbm
02,2026-04-18,2026-05-16,4,4,3.9756250173456653,3.9756250173456653,0.0,0.0,3.9756250173456653,26.0809639179613,147.32843826648326,2026-04-18,2026-05-16,mlf_lightgbm
04,2026-04-18,2026-04-25,1,1,52.90264569476381,52.90264569476381,0.0,18.794335712639317,52.90264569476381,87.0109556768883,541.1284061395676,2026-04-18,2026-04-25,mlf_lightgbm
04,2026-04-18,2026-05-02,2,2,49.78400188545838,49.78400188545838,0.0,0.0,49.78400188545838,129.43863258589877,1063.6051257916583,2026-04-18,2026-05-02,mlf_lightgbm
04,2026-04-18,2026-05-09,3,3,43.86970475539516,43.86970475539516,0.0,0.0,43.86970475539516,156.94693627609473,1492.980122432635,2026-04-18,2026-05-09,mlf_lightgbm
04,2026-04-18,2026-05-16,4,4,43.60429741477078,43.60429741477078,0.0,0.0,43.60429741477078,241.6752036725686,1620.9227487366265,2026-04-18,2026-05-16,mlf_lightgbm
05,2026-04-18,2026-04-25,1,1,3.265005802389536,3.265005802389536,0.0,0.0,3.265005802389536,47.97722034577777,166.30687167121306,2026-04-18,2026-04-25,mlf_lightgbm
05,2026-04-18,2026-05-02,2,2,3.284760602537844,3.284760602537844,0.0,0.0,3.284760602537844,132.85934906626503,243.67499779994336,2026-04-18,2026-05-02,mlf_lightgbm
05,2026-04-18,2026-05-09,3,3,2.9951788294502713,2.9951788294502713,0.0,0.0,2.9951788294502713,196.2947757851132,330.9806418849623,2026-04-18,2026-05-09,mlf_lightgbm
05,2026-04-18,2026-05-16,4,4,3.1649926072203813,3.1649926072203813,0.0,0.0,3.1649926072203813,349.12092087662273,428.9475486627752,2026-04-18,2026-05-16,mlf_lightgbm
06,2026-04-18,2026-04-25,1,1,146.8554740560146,146.8554740560146,0.0,0.0,146.8554740560146,547.5573654669939,750.8447504573917,2026-04-18,2026-04-25,mlf_lightgbm
06,2026-04-18,2026-05-02,2,2,125.97966981108587,125.97966981108587,0.0,0.0,125.97966981108587,568.9665842049432,1170.502536739238,2026-04-18,2026-05-02,mlf_lightgbm
06,2026-04-18,2026-05-09,3,3,99.28821817009982,99.28821817009982,0.0,0.0,99.28821817009982,319.8039351398538,1013.4329205229665,2026-04-18,2026-05-09,mlf_lightgbm
06,2026-04-18,2026-05-16,4,4,78.80401088139247,78.80401088139247,0.0,0.0,78.80401088139247,415.0804461324322,1534.3860273634746,2026-04-18,2026-05-16,mlf_lightgbm
08,2026-04-18,2026-04-25,1,1,21.08264100913504,21.08264100913504,0.0,0.0,21.08264100913504,86.97811692914263,236.32449465786317,2026-04-18,2026-04-25,mlf_lightgbm
08,2026-04-18,2026-05-02,2,2,20.953970234023373,20.953970234023373,0.0,0.0,20.953970234023373,98.72922276800753,384.2117929585959,2026-04-18,2026-05-02,mlf_lightgbm
08,2026-04-18,2026-05-09,3,3,20.847594110850764,20.847594110850764,0.0,0.0,20.847594110850764,104.14707849533151,424.64376827733076,2026-04-18,2026-05-09,mlf_lightgbm
08,2026-04-18,2026-05-16,4,4,20.275607702967108,20.275607702967108,0.0,0.0,20.275607702967108,111.87553181944509,519.7278330109283,2026-04-18,2026-05-16,mlf_lightgbm
09,2026-04-18,2026-04-25,1,1,36.11924305392902,36.11924305392902,0.0,15.99051873261168,36.11924305392902,56.247967375246354,105.97652219452912,2026-04-18,2026-04-25,mlf_lightgbm
09,2026-04-18,2026-05-02,2,2,32.64493856214095,32.64493856214095,0.0,2.2062805125550113,32.64493856214095,63.08359661172689,189.8704869513968,2026-04-18,2026-05-02,mlf_lightgbm
09,2026-04-18,2026-05-09,3,3,30.450991732721256,30.450991732721256,0.0,0.0,30.450991732721256,66.6203801796461,402.61270585979685,2026-04-18,2026-05-09,mlf_lightgbm
09,2026-04-18,2026-05-16,4,4,30.373100608312864,30.373100608312864,0.0,0.0,30.373100608312864,70.65770641962737,625.5622496435723,2026-04-18,2026-05-16,mlf_lightgbm
10,2026-04-18,2026-04-25,1,1,2.866565262660699,2.866565262660699,0.0,0.0,2.866565262660699,32.15520693259761,110.4132130027951,2026-04-18,2026-04-25,mlf_lightgbm
10,2026-04-18,2026-05-02,2,2,3.454574380307956,3.454574380307956,0.0,0.0,3.454574380307956,50.989816730520374,150.90974164675538,2026-04-18,2026-05-02,mlf_lightgbm
10,2026-04-18,2026-05-09,3,3,2.418272835973247,2.418272835973247,0.0,0.0,2.418272835973247,49.997448559426175,143.3387582875213,2026-04-18,2026-05-09,mlf_lightgbm
10,2026-04-18,2026-05-16,4,4,2.186160365485704,2.186160365485704,0.0,0.0,2.186160365485704,68.84772518928732,213.1848376307469,2026-04-18,2026-05-16,mlf_lightgbm
11,2026-04-18,2026-04-25,1,1,4.167948585621277,4.167948585621277,0.0,0.0,4.167948585621277,20.012228688719148,48.43891011277463,2026-04-18,2026-04-25,mlf_lightgbm
11,2026-04-18,2026-05-02,2,2,4.165876146839585,4.165876146839585,0.0,0.0,4.165876146839585,27.537276394629373,92.15503361176546,2026-04-18,2026-05-02,mlf_lightgbm
11,2026-04-18,2026-05-09,3,3,4.678380989986647,4.678380989986647,0.0,0.0,4.678380989986647,37.98443071905949,125.27587408341898,2026-04-18,2026-05-09,mlf_lightgbm
11,2026-04-18,2026-05-16,4,4,4.888894838974422,4.888894838974422,0.0,0.0,4.888894838974422,48.45291352705114,207.19898628328963,2026-04-18,2026-05-16,mlf_lightgbm
12,2026-04-18,2026-04-25,1,1,137.5967265225997,137.5967265225997,0.0,0.0,137.5967265225997,299.69863826181506,685.0654965166326,2026-04-18,2026-04-25,mlf_lightgbm
12,2026-04-18,2026-05-02,2,2,107.01977383581401,107.01977383581401,0.0,0.0,107.01977383581401,308.67473071272747,1342.5725346098725,2026-04-18,2026-05-02,mlf_lightgbm
12,2026-04-18,2026-05-09,3,3,96.04433017861719,96.04433017861719,0.0,0.0,96.04433017861719,413.90025554492286,2183.5560182057206,2026-04-18,2026-05-09,mlf_lightgbm
12,2026-04-18,2026-05-16,4,4,80.87521134395014,80.87521134395014,0.0,0.0,80.87521134395014,288.2690537325987,1728.4649428187113,2026-04-18,2026-05-16,mlf_lightgbm
13,2026-04-18,2026-04-25,1,1,33.46213687673868,33.46213687673868,0.0,0.0,33.46213687673868,113.12889239543281,624.7123667586993,2026-04-18,2026-04-25,mlf_lightgbm
13,2026-04-18,2026-05-02,2,2,31.22434026623025,31.22434026623025,0.0,0.0,31.22434026623025,136.90378247996784,1408.78156015457,2026-04-18,2026-05-02,mlf_lightgbm
13,2026-04-18,2026-05-09,3,3,30.389630414185536,30.389630414185536,0.0,0.0,30.389630414185536,89.38601835738783,1538.5021918206808,2026-04-18,2026-05-09,mlf_lightgbm
13,2026-04-18,2026-05-16,4,4,29.444886398684027,29.444886398684027,0.0,0.0,29.444886398684027,127.32252331290132,1989.5139435971948,2026-04-18,2026-05-16,mlf_lightgbm
15,2026-04-18,2026-04-25,1,1,5.376282723693712,5.376282723693712,0.0,0.0,5.376282723693712,23.056582742324323,33.883767384897595,2026-04-18,2026-04-25,mlf_lightgbm
15,2026-04-18,2026-05-02,2,2,6.9342708685632415,6.9342708685632415,0.0,0.0,6.9342708685632415,29.30334980941987,83.4271502761618,2026-04-18,2026-05-02,mlf_lightgbm
15,2026-04-18,2026-05-09,3,3,8.035754588905773,8.035754588905773,0.0,0.0,8.035754588905773,32.57691787249119,124.71864316479859,2026-04-18,2026-05-09,mlf_lightgbm
15,2026-04-18,2026-05-16,4,4,9.674839041909253,9.674839041909253,0.0,0.0,9.674839041909253,36.5330104549016,130.10977626342975,2026-04-18,2026-05-16,mlf_lightgbm
16,2026-04-18,2026-04-25,1,1,7.096574011990124,7.096574011990124,0.0,0.0,7.096574011990124,35.763652367416654,38.08191499915937,2026-04-18,2026-04-25,mlf_lightgbm
16,2026-04-18,2026-05-02,2,2,6.3713521489021,6.3713521489021,0.0,0.0,6.3713521489021,63.13586511904558,72.81019955702372,2026-04-18,2026-05-02,mlf_lightgbm
16,2026-04-18,2026-05-09,3,3,5.586608295998683,5.586608295998683,0.0,0.0,5.586608295998683,58.62591835507891,105.14760871834686,2026-04-18,2026-05-09,mlf_lightgbm
16,2026-04-18,2026-05-16,4,4,5.586608295998683,5.586608295998683,0.0,0.0,5.586608295998683,79.28173166769022,158.031401499776,2026-04-18,2026-05-16,mlf_lightgbm
17,2026-04-18,2026-04-25,1,1,72.9503457870386,72.9503457870386,0.0,0.0,72.9503457870386,407.9008548106698,522.7444333747845,2026-04-18,2026-04-25,mlf_lightgbm
17,2026-04-18,2026-05-02,2,2,65.81939076476218,65.81939076476218,0.0,0.0,65.81939076476218,519.1858860680401,1415.6926527709425,2026-04-18,2026-05-02,mlf_lightgbm
17,2026-04-18,2026-05-09,3,3,60.91866714908457,60.91866714908457,0.0,0.0,60.91866714908457,757.8830145696656,1731.9647467629275,2026-04-18,2026-05-09,mlf_lightgbm
17,2026-04-18,2026-05-16,4,4,51.79484910369474,51.79484910369474,0.0,0.0,51.79484910369474,882.6762025929429,2473.6771570845904,2026-04-18,2026-05-16,mlf_lightgbm
18,2026-04-18,2026-04-25,1,1,31.25932783268804,31.25932783268804,0.0,0.0,31.25932783268804,149.39868530277622,391.7075740872772,2026-04-18,2026-04-25,mlf_lightgbm
18,2026-04-18,2026-05-02,2,2,29.320698313423218,29.320698313423218,0.0,0.0,29.320698313423218,148.00337605843455,820.8728881620118,2026-04-18,2026-05-02,mlf_lightgbm
18,2026-04-18,2026-05-09,3,3,25.55586534977542,25.55586534977542,0.0,0.0,25.55586534977542,186.74937983698055,1271.6014825655661,2026-04-18,2026-05-09,mlf_lightgbm
18,2026-04-18,2026-05-16,4,4,24.510585996688356,24.510585996688356,0.0,0.0,24.510585996688356,168.1230891144428,1641.1767373002128,2026-04-18,2026-05-16,mlf_lightgbm
19,2026-04-18,2026-04-25,1,1,14.51064365379731,14.51064365379731,0.0,0.0,14.51064365379731,98.03812034247912,145.30641070581956,2026-04-18,2026-04-25,mlf_lightgbm
19,2026-04-18,2026-05-02,2,2,14.36126231534483,14.36126231534483,0.0,0.0,14.36126231534483,244.76876494603493,264.3458284768423,2026-04-18,2026-05-02,mlf_lightgbm
19,2026-04-18,2026-05-09,3,3,14.481300310187128,14.481300310187128,0.0,0.0,14.481300310187128,209.98447349715133,382.91248331372503,2026-04-18,2026-05-09,mlf_lightgbm
19,2026-04-18,2026-05-16,4,4,14.411935994023471,14.411935994023471,0.0,0.0,14.411935994023471,280.78665560918165,455.7721680733191,2026-04-18,2026-05-16,mlf_lightgbm
20,2026-04-18,2026-04-25,1,1,6.115735510787567,6.115735510787567,0.0,0.0,6.115735510787567,120.15346306890365,163.8072903275292,2026-04-18,2026-04-25,mlf_lightgbm
20,2026-04-18,2026-05-02,2,2,5.009702302521657,5.009702302521657,0.0,0.0,5.009702302521657,204.8351525115585,375.1174404505857,2026-04-18,2026-05-02,mlf_lightgbm
20,2026-04-18,2026-05-09,3,3,4.692962435082543,4.692962435082543,0.0,0.0,4.692962435082543,282.735611232413,559.9781530457749,2026-04-18,2026-05-09,mlf_lightgbm
20,2026-04-18,2026-05-16,4,4,4.692962435082543,4.692962435082543,0.0,0.0,4.692962435082543,312.6431183073707,580.2375261449778,2026-04-18,2026-05-16,mlf_lightgbm
21,2026-04-18,2026-04-25,1,1,31.23817301407256,31.23817301407256,0.0,0.0,31.23817301407256,132.50815824890233,377.60119978059186,2026-04-18,2026-04-25,mlf_lightgbm
21,2026-04-18,2026-05-02,2,2,29.084288105298064,29.084288105298064,0.0,0.0,29.084288105298064,170.03774627650222,746.2870818503393,2026-04-18,2026-05-02,mlf_lightgbm
21,2026-04-18,2026-05-09,3,3,25.541249733683706,25.541249733683706,0.0,0.0,25.541249733683706,242.9197883448718,880.2912989758917,2026-04-18,2026-05-09,mlf_lightgbm
21,2026-04-18,2026-05-16,4,4,24.607217675242772,24.607217675242772,0.0,0.0,24.607217675242772,310.24983198085124,1004.1244130746725,2026-04-18,2026-05-16,mlf_lightgbm
22,2026-04-18,2026-04-25,1,1,22.00519777214061,22.00519777214061,0.0,0.0,22.00519777214061,110.22103756636423,200.28467616964653,2026-04-18,2026-04-25,mlf_lightgbm
22,2026-04-18,2026-05-02,2,2,20.522640726869735,20.522640726869735,0.0,0.0,20.522640726869735,122.58429191804541,206.8419845381694,2026-04-18,2026-05-02,mlf_lightgbm
22,2026-04-18,2026-05-09,3,3,19.689144006014356,19.689144006014356,0.0,0.0,19.689144006014356,109.67847378884831,333.8264613442869,2026-04-18,2026-05-09,mlf_lightgbm
22,2026-04-18,2026-05-16,4,4,20.9346830466691,20.9346830466691,0.0,0.0,20.9346830466691,184.84559562907347,336.8623222136017,2026-04-18,2026-05-16,mlf_lightgbm
23,2026-04-18,2026-04-25,1,1,3.8453975043953807,3.8453975043953807,0.0,0.0,3.8453975043953807,34.63038840443409,44.06292378119104,2026-04-18,2026-04-25,mlf_lightgbm
23,2026-04-18,2026-05-02,2,2,4.232042137658472,4.232042137658472,0.0,0.0,4.232042137658472,54.372438931668384,90.17044655578742,2026-04-18,2026-05-02,mlf_lightgbm
23,2026-04-18,2026-05-09,3,3,3.6479782477018388,3.6479782477018388,0.0,0.0,3.6479782477018388,67.09858797174562,120.92980385818163,2026-04-18,2026-05-09,mlf_lightgbm
23,2026-04-18,2026-05-16,4,4,3.6479782477018388,3.6479782477018388,0.0,0.0,3.6479782477018388,67.82474239709614,178.42562262889828,2026-04-18,2026-05-16,mlf_lightgbm
24,2026-04-18,2026-04-25,1,1,8.048570387277746,8.048570387277746,0.0,0.0,8.048570387277746,58.23964517388059,103.71440142519832,2026-04-18,2026-04-25,mlf_lightgbm
24,2026-04-18,2026-05-02,2,2,9.518696683077831,9.518696683077831,0.0,0.0,9.518696683077831,78.79996740258066,175.45040132629705,2026-04-18,2026-05-02,mlf_lightgbm
24,2026-04-18,2026-05-09,3,3,9.960443611744033,9.960443611744033,0.0,0.0,9.960443611744033,116.06725013731175,606.7101431572282,2026-04-18,2026-05-09,mlf_lightgbm
24,2026-04-18,2026-05-16,4,4,10.075105795921012,10.075105795921012,0.0,0.0,10.075105795921012,129.37163735856592,830.3662240713371,2026-04-18,2026-05-16,mlf_lightgbm
25,2026-04-18,2026-04-25,1,1,42.855042220306366,42.855042220306366,0.0,11.048931062966439,42.855042220306366,74.66115337764629,124.36795661723133,2026-04-18,2026-04-25,mlf_lightgbm
25,2026-04-18,2026-05-02,2,2,45.183980841567696,45.183980841567696,0.0,1.264382064879051,45.183980841567696,89.10357961825633,279.6330680528464,2026-04-18,2026-05-02,mlf_lightgbm
25,2026-04-18,2026-05-09,3,3,43.65935030200537,43.65935030200537,0.0,0.0,43.65935030200537,142.83620489249788,825.3637879662472,2026-04-18,2026-05-09,mlf_lightgbm
25,2026-04-18,2026-05-16,4,4,41.55620303958047,41.55620303958047,0.0,0.0,41.55620303958047,157.76318738327598,1471.3997361450438,2026-04-18,2026-05-16,mlf_lightgbm
26,2026-04-18,2026-04-25,1,1,45.10269817274211,45.10269817274211,0.0,0.0,45.10269817274211,115.28199254174676,150.51634728590093,2026-04-18,2026-04-25,mlf_lightgbm
26,2026-04-18,2026-05-02,2,2,43.24693758214848,43.24693758214848,0.0,0.0,43.24693758214848,157.53672408954856,575.5970839386157,2026-04-18,2026-05-02,mlf_lightgbm
26,2026-04-18,2026-05-09,3,3,42.33997514962242,42.33997514962242,0.0,0.0,42.33997514962242,176.91636982801742,1148.2960406902648,2026-04-18,2026-05-09,mlf_lightgbm
26,2026-04-18,2026-05-16,4,4,41.78495384394853,41.78495384394853,0.0,0.0,41.78495384394853,210.4964573451451,1510.1412856200898,2026-04-18,2026-05-16,mlf_lightgbm
27,2026-04-18,2026-04-25,1,1,19.566774896474943,19.566774896474943,0.0,0.0,19.566774896474943,132.12448573384603,196.71130337826457,2026-04-18,2026-04-25,mlf_lightgbm
27,2026-04-18,2026-05-02,2,2,19.188167476320768,19.188167476320768,0.0,0.0,19.188167476320768,136.1286623941651,661.9512946181765,2026-04-18,2026-05-02,mlf_lightgbm
27,2026-04-18,2026-05-09,3,3,18.040507173327164,18.040507173327164,0.0,0.0,18.040507173327164,154.9999619669885,1253.1087465175733,2026-04-18,2026-05-09,mlf_lightgbm
27,2026-04-18,2026-05-16,4,4,17.40758516905096,17.40758516905096,0.0,0.0,17.40758516905096,193.04425894599373,1627.0063913716413,2026-04-18,2026-05-16,mlf_lightgbm
28,2026-04-18,2026-04-25,1,1,14.441279337633652,14.441279337633652,0.0,0.0,14.441279337633652,69.94169041929115,241.16995966301468,2026-04-18,2026-04-25,mlf_lightgbm
28,2026-04-18,2026-05-02,2,2,14.563648447173064,14.563648447173064,0.0,0.0,14.563648447173064,88.45534701900046,398.6871331287501,2026-04-18,2026-05-02,mlf_lightgbm
28,2026-04-18,2026-05-09,3,3,14.9888419875005,14.9888419875005,0.0,0.0,14.9888419875005,175.83600360042047,470.61874265931044,2026-04-18,2026-05-09,mlf_lightgbm
28,2026-04-18,2026-05-16,4,4,15.228020081434266,15.228020081434266,0.0,0.0,15.228020081434266,231.2724983326625,519.2266537515876,2026-04-18,2026-05-16,mlf_lightgbm
29,2026-04-18,2026-04-25,1,1,24.03895681662922,24.03895681662922,0.0,0.0,24.03895681662922,107.0311273586618,312.2560551919478,2026-04-18,2026-04-25,mlf_lightgbm
29,2026-04-18,2026-05-02,2,2,23.19748155758424,23.19748155758424,0.0,0.0,23.19748155758424,148.835117698388,785.4923515022515,2026-04-18,2026-05-02,mlf_lightgbm
29,2026-04-18,2026-05-09,3,3,21.812408082331153,21.812408082331153,0.0,0.0,21.812408082331153,203.7946999823212,1027.8658810488964,2026-04-18,2026-05-09,mlf_lightgbm
29,2026-04-18,2026-05-16,4,4,22.018878198704254,22.018878198704254,0.0,0.0,22.018878198704254,393.1873688859182,1664.1467647035581,2026-04-18,2026-05-16,mlf_lightgbm
30,2026-04-18,2026-04-25,1,1,5.439682206329679,5.439682206329679,0.0,0.0,5.439682206329679,24.4471426329254,36.46709903920891,2026-04-18,2026-04-25,mlf_lightgbm
30,2026-04-18,2026-05-02,2,2,4.692962435082543,4.692962435082543,0.0,0.0,4.692962435082543,38.71144890355614,78.77723248094969,2026-04-18,2026-05-02,mlf_lightgbm
30,2026-04-18,2026-05-09,3,3,4.692962435082543,4.692962435082543,0.0,0.0,4.692962435082543,39.585649218428266,107.43608202840285,2026-04-18,2026-05-09,mlf_lightgbm
30,2026-04-18,2026-05-16,4,4,4.692962435082543,4.692962435082543,0.0,0.0,4.692962435082543,64.61411627249433,120.68994094435024,2026-04-18,2026-05-16,mlf_lightgbm
31,2026-04-18,2026-04-25,1,1,7.488299275753671,7.488299275753671,0.0,0.0,7.488299275753671,85.09984187850486,101.88640105030574,2026-04-18,2026-04-25,mlf_lightgbm
31,2026-04-18,2026-05-02,2,2,5.794446155425076,5.794446155425076,0.0,0.0,5.794446155425076,133.17629856522615,223.6639482062305,2026-04-18,2026-05-02,mlf_lightgbm
31,2026-04-18,2026-05-09,3,3,5.7564220737687934,5.7564220737687934,0.0,0.0,5.7564220737687934,146.29342764995224,296.6180322292207,2026-04-18,2026-05-09,mlf_lightgbm
31,2026-04-18,2026-05-16,4,4,5.009702302521657,5.009702302521657,0.0,0.0,5.009702302521657,170.1993128164744,366.69360652654996,2026-04-18,2026-05-16,mlf_lightgbm
32,2026-04-18,2026-04-25,1,1,19.92629521230326,19.92629521230326,0.0,0.0,19.92629521230326,45.54635612724273,186.51657417002116,2026-04-18,2026-04-25,mlf_lightgbm
32,2026-04-18,2026-05-02,2,2,19.178423031702575,19.178423031702575,0.0,0.0,19.178423031702575,56.61003904658185,291.531163645606,2026-04-18,2026-05-02,mlf_lightgbm
32,2026-04-18,2026-05-09,3,3,18.465700713654595,18.465700713654595,0.0,0.0,18.465700713654595,62.742090110483446,379.4152044195871,2026-04-18,2026-05-09,mlf_lightgbm
32,2026-04-18,2026-05-16,4,4,17.98449116252798,17.98449116252798,0.0,0.0,17.98449116252798,73.90920972257587,467.65520522972105,2026-04-18,2026-05-16,mlf_lightgbm
33,2026-04-18,2026-04-25,1,1,7.14394883534098,7.14394883534098,0.0,0.0,7.14394883534098,25.70429929775404,85.8963473888667,2026-04-18,2026-04-25,mlf_lightgbm
33,2026-04-18,2026-05-02,2,2,5.794446155425076,5.794446155425076,0.0,0.0,5.794446155425076,42.835084236468255,113.18869365670392,2026-04-18,2026-05-02,mlf_lightgbm
33,2026-04-18,2026-05-09,3,3,5.0711168328123115,5.0711168328123115,0.0,0.0,5.0711168328123115,63.64895299784588,154.2961310690389,2026-04-18,2026-05-09,mlf_lightgbm
33,2026-04-18,2026-05-16,4,4,4.754376965373197,4.754376965373197,0.0,0.0,4.754376965373197,75.75098306430084,217.7386696729808,2026-04-18,2026-05-16,mlf_lightgbm
34,2026-04-18,2026-04-25,1,1,29.305731314912737,29.305731314912737,0.0,0.0,29.305731314912737,155.6633907687982,229.48615182381585,2026-04-18,2026-04-25,mlf_lightgbm
34,2026-04-18,2026-05-02,2,2,29.2515669648521,29.2515669648521,0.0,0.0,29.2515669648521,218.91195677433737,991.5059719218739,2026-04-18,2026-05-02,mlf_lightgbm
34,2026-04-18,2026-05-09,3,3,26.695661032572644,26.695661032572644,0.0,0.0,26.695661032572644,232.5596326331806,1613.1774406771528,2026-04-18,2026-05-09,mlf_lightgbm
34,2026-04-18,2026-05-16,4,4,25.682924779886946,25.682924779886946,0.0,0.0,25.682924779886946,238.78062562797018,2271.603713634974,2026-04-18,2026-05-16,mlf_lightgbm
35,2026-04-18,2026-04-25,1,1,11.524572941859812,11.524572941859812,0.0,0.0,11.524572941859812,61.704913029507125,214.5944589688794,2026-04-18,2026-04-25,mlf_lightgbm
35,2026-04-18,2026-05-02,2,2,10.91844019966252,10.91844019966252,0.0,0.0,10.91844019966252,58.29947431055001,282.51107252368416,2026-04-18,2026-05-02,mlf_lightgbm
35,2026-04-18,2026-05-09,3,3,11.250498809967326,11.250498809967326,0.0,0.0,11.250498809967326,106.22465576323482,305.5281024971645,2026-04-18,2026-05-09,mlf_lightgbm
35,2026-04-18,2026-05-16,4,4,10.577049096236966,10.577049096236966,0.0,0.0,10.577049096236966,123.17726250894182,315.63717488784056,2026-04-18,2026-05-16,mlf_lightgbm
36,2026-04-18,2026-04-25,1,1,118.59268968687884,118.59268968687884,0.0,0.0,118.59268968687884,373.4888562538827,1330.9634599533686,2026-04-18,2026-04-25,mlf_lightgbm
36,2026-04-18,2026-05-02,2,2,101.02447169171484,101.02447169171484,0.0,0.0,101.02447169171484,573.5214311143247,2615.9042099582703,2026-04-18,2026-05-02,mlf_lightgbm
36,2026-04-18,2026-05-09,3,3,85.0899334388462,85.0899334388462,0.0,0.0,85.0899334388462,539.3173368929605,2557.0766298124063,2026-04-18,2026-05-09,mlf_lightgbm
36,2026-04-18,2026-05-16,4,4,76.60479153648843,76.60479153648843,0.0,0.0,76.60479153648843,613.2016761924821,3084.71391020561,2026-04-18,2026-05-16,mlf_lightgbm
37,2026-04-18,2026-04-25,1,1,17.591618868407103,17.591618868407103,0.0,0.0,17.591618868407103,109.36048918894878,407.2368779387484,2026-04-18,2026-04-25,mlf_lightgbm
37,2026-04-18,2026-05-02,2,2,17.938383373121912,17.938383373121912,0.0,0.0,17.938383373121912,183.0754116352773,1163.4373902706204,2026-04-18,2026-05-02,mlf_lightgbm
37,2026-04-18,2026-05-09,3,3,17.3292585557023,17.3292585557023,0.0,0.0,17.3292585557023,200.14273435719338,1807.3390743564964,2026-04-18,2026-05-09,mlf_lightgbm
37,2026-04-18,2026-05-16,4,4,17.437012049150006,17.437012049150006,0.0,0.0,17.437012049150006,251.45961402343073,2499.7430780763275,2026-04-18,2026-05-16,mlf_lightgbm
38,2026-04-18,2026-04-25,1,1,10.370232850355723,10.370232850355723,0.0,0.0,10.370232850355723,23.756449267232178,56.858822392896776,2026-04-18,2026-04-25,mlf_lightgbm
38,2026-04-18,2026-05-02,2,2,9.389800554964529,9.389800554964529,0.0,0.0,9.389800554964529,25.820071127922574,88.20158731126429,2026-04-18,2026-05-02,mlf_lightgbm
38,2026-04-18,2026-05-09,3,3,7.71157106582638,7.71157106582638,0.0,0.0,7.71157106582638,36.991532478386475,114.54442505862629,2026-04-18,2026-05-09,mlf_lightgbm
38,2026-04-18,2026-05-16,4,4,7.533010135275456,7.533010135275456,0.0,0.0,7.533010135275456,42.42160722374544,142.3567452975031,2026-04-18,2026-05-16,mlf_lightgbm
39,2026-04-18,2026-04-25,1,1,24.211126554890974,24.211126554890974,0.0,0.0,24.211126554890974,465.28793803867205,698.8092093364105,2026-04-18,2026-04-25,mlf_lightgbm
39,2026-04-18,2026-05-02,2,2,20.192762074406982,20.192762074406982,0.0,0.0,20.192762074406982,551.4281288958889,1088.7725950327488,2026-04-18,2026-05-02,mlf_lightgbm
39,2026-04-18,2026-05-09,3,3,18.439005881554337,18.439005881554337,0.0,0.0,18.439005881554337,364.95519758981186,1424.2864792295918,2026-04-18,2026-05-09,mlf_lightgbm
39,2026-04-18,2026-05-16,4,4,17.726283563506357,17.726283563506357,0.0,0.0,17.726283563506357,767.274235620834,2212.803233515816,2026-04-18,2026-05-16,mlf_lightgbm
40,2026-04-18,2026-04-25,1,1,7.062044884305035,7.062044884305035,0.0,0.0,7.062044884305035,66.77177325499889,143.26799733268112,2026-04-18,2026-04-25,mlf_lightgbm
40,2026-04-18,2026-05-02,2,2,5.8349113139285445,5.8349113139285445,0.0,0.0,5.8349113139285445,87.55574214881558,411.83044323749516,2026-04-18,2026-05-02,mlf_lightgbm
40,2026-04-18,2026-05-09,3,3,5.161414755671249,5.161414755671249,0.0,0.0,5.161414755671249,163.77592833541883,636.9996992010683,2026-04-18,2026-05-09,mlf_lightgbm
40,2026-04-18,2026-05-16,4,4,5.439682206329679,5.439682206329679,0.0,0.0,5.439682206329679,253.3680696037415,815.839653884908,2026-04-18,2026-05-16,mlf_lightgbm
41,2026-04-18,2026-04-25,1,1,8.987313937451734,8.987313937451734,0.0,0.0,8.987313937451734,33.98776644239817,117.29177643080529,2026-04-18,2026-04-25,mlf_lightgbm
41,2026-04-18,2026-05-02,2,2,7.383612176975524,7.383612176975524,0.0,0.0,7.383612176975524,69.71349141339925,179.9246669906925,2026-04-18,2026-05-02,mlf_lightgbm
41,2026-04-18,2026-05-09,3,3,5.960774224666371,5.960774224666371,0.0,0.0,5.960774224666371,246.6904451397851,329.43176268528777,2026-04-18,2026-05-09,mlf_lightgbm
41,2026-04-18,2026-05-16,4,4,5.7564220737687934,5.7564220737687934,0.0,0.0,5.7564220737687934,283.76854944070544,437.72336488287715,2026-04-18,2026-05-16,mlf_lightgbm
42,2026-04-18,2026-04-25,1,1,237.17616810928362,237.17616810928362,0.0,51.267337148184794,237.17616810928362,423.0849990703824,568.0233997606027,2026-04-18,2026-04-25,mlf_lightgbm
42,2026-04-18,2026-05-02,2,2,200.1005230988853,200.1005230988853,0.0,0.0,200.1005230988853,657.2661618889667,1781.5270336869132,2026-04-18,2026-05-02,mlf_lightgbm
42,2026-04-18,2026-05-09,3,3,155.6647868620885,155.6647868620885,0.0,0.0,155.6647868620885,629.8163162942537,2787.7287118024847,2026-04-18,2026-05-09,mlf_lightgbm
42,2026-04-18,2026-05-16,4,4,118.34875403779587,118.34875403779587,0.0,0.0,118.34875403779587,720.2433895527276,2357.8276952283427,2026-04-18,2026-05-16,mlf_lightgbm
44,2026-04-18,2026-04-25,1,1,10.601377540472466,10.601377540472466,0.0,2.742176771085904,10.601377540472466,18.460578309859027,50.664349557308,2026-04-18,2026-04-25,mlf_lightgbm
44,2026-04-18,2026-05-02,2,2,10.219390624924308,10.219390624924308,0.0,0.0,10.219390624924308,37.64146185060186,95.46572512427667,2026-04-18,2026-05-02,mlf_lightgbm
44,2026-04-18,2026-05-09,3,3,10.219390624924308,10.219390624924308,0.0,0.0,10.219390624924308,51.432827300433765,182.31464036996528,2026-04-18,2026-05-09,mlf_lightgbm
44,2026-04-18,2026-05-16,4,4,9.717447324608354,9.717447324608354,0.0,0.0,9.717447324608354,56.031140968464584,240.53357320592596,2026-04-18,2026-05-16,mlf_lightgbm
45,2026-04-18,2026-04-25,1,1,4.4893613864213915,4.4893613864213915,0.0,0.0,4.4893613864213915,112.60919627430721,211.66663039263295,2026-04-18,2026-04-25,mlf_lightgbm
45,2026-04-18,2026-05-02,2,2,4.02785794364835,4.02785794364835,0.0,0.0,4.02785794364835,251.12313158292346,384.435272782314,2026-04-18,2026-05-02,mlf_lightgbm
45,2026-04-18,2026-05-09,3,3,4.163469710888211,4.163469710888211,0.0,0.0,4.163469710888211,284.7812971984439,761.8612977035933,2026-04-18,2026-05-09,mlf_lightgbm
45,2026-04-18,2026-05-16,4,4,4.333283488658321,4.333283488658321,0.0,0.0,4.333283488658321,240.8956073471152,1056.7132930114592,2026-04-18,2026-05-16,mlf_lightgbm
46,2026-04-18,2026-04-25,1,1,4.8715233656334656,4.8715233656334656,0.0,0.0,4.8715233656334656,25.16245843737801,46.737662603326044,2026-04-18,2026-04-25,mlf_lightgbm
46,2026-04-18,2026-05-02,2,2,4.692962435082543,4.692962435082543,0.0,0.0,4.692962435082543,41.279900366550365,101.07709559545918,2026-04-18,2026-05-02,mlf_lightgbm
46,2026-04-18,2026-05-09,3,3,4.754376965373197,4.754376965373197,0.0,0.0,4.754376965373197,51.533522673716675,148.51087427724795,2026-04-18,2026-05-09,mlf_lightgbm
46,2026-04-18,2026-05-16,4,4,4.754376965373197,4.754376965373197,0.0,0.0,4.754376965373197,59.95445139549582,170.40591732031066,2026-04-18,2026-05-16,mlf_lightgbm
47,2026-04-18,2026-04-25,1,1,42.965436086305175,42.965436086305175,0.0,0.0,42.965436086305175,96.87422789069467,299.6941269105981,2026-04-18,2026-04-25,mlf_lightgbm
47,2026-04-18,2026-05-02,2,2,41.09619065501559,41.09619065501559,0.0,0.0,41.09619065501559,107.62971444600923,812.916117837716,2026-04-18,2026-05-02,mlf_lightgbm
47,2026-04-18,2026-05-09,3,3,38.201618501980526,38.201618501980526,0.0,0.0,38.201618501980526,104.98071536151892,1107.5295398293604,2026-04-18,2026-05-09,mlf_lightgbm
47,2026-04-18,2026-05-16,4,4,35.5810584832946,35.5810584832946,0.0,0.0,35.5810584832946,106.77673531628602,1392.2020867228607,2026-04-18,2026-05-16,mlf_lightgbm
48,2026-04-18,2026-04-25,1,1,100.08472007148028,100.08472007148028,0.0,0.0,100.08472007148028,238.54995902255976,829.6808491581488,2026-04-18,2026-04-25,mlf_lightgbm
48,2026-04-18,2026-05-02,2,2,81.39726271986589,81.39726271986589,0.0,0.0,81.39726271986589,365.75856969587653,1753.320868988622,2026-04-18,2026-05-02,mlf_lightgbm
48,2026-04-18,2026-05-09,3,3,63.96422034746987,63.96422034746987,0.0,0.0,63.96422034746987,348.3637660760464,2190.846916478552,2026-04-18,2026-05-09,mlf_lightgbm
48,2026-04-18,2026-05-16,4,4,55.48394555681378,55.48394555681378,0.0,0.0,55.48394555681378,298.5142646147655,910.8041639545613,2026-04-18,2026-05-16,mlf_lightgbm
49,2026-04-18,2026-04-25,1,1,5.150100433242105,5.150100433242105,0.0,0.0,5.150100433242105,38.56189111267538,103.98373710593228,2026-04-18,2026-04-25,mlf_lightgbm
49,2026-04-18,2026-05-02,2,2,5.501096736620333,5.501096736620333,0.0,0.0,5.501096736620333,57.46347747498695,249.75595653656862,2026-04-18,2026-05-02,mlf_lightgbm
49,2026-04-18,2026-05-09,3,3,5.669001469463892,5.669001469463892,0.0,0.0,5.669001469463892,70.84476719975386,276.3715212909293,2026-04-18,2026-05-09,mlf_lightgbm
49,2026-04-18,2026-05-16,4,4,5.990134597912849,5.990134597912849,0.0,0.0,5.990134597912849,52.99251699295829,278.1052956097781,2026-04-18,2026-05-16,mlf_lightgbm
50,2026-04-18,2026-04-25,1,1,3.6882869044520143,3.6882869044520143,0.0,0.0,3.6882869044520143,12.311933582025983,22.509004045156402,2026-04-18,2026-04-25,mlf_lightgbm
50,2026-04-18,2026-05-02,2,2,3.351131641037491,3.351131641037491,0.0,0.0,3.351131641037491,24.2154171325989,33.57823077719382,2026-04-18,2026-05-02,mlf_lightgbm
50,2026-04-18,2026-05-09,3,3,3.0457900465123986,3.0457900465123986,0.0,0.0,3.0457900465123986,34.764259183123926,68.77157985722977,2026-04-18,2026-05-09,mlf_lightgbm
50,2026-04-18,2026-05-16,4,4,2.4212966702042253,2.4212966702042253,0.0,0.0,2.4212966702042253,46.32505955522044,102.22249746375492,2026-04-18,2026-05-16,mlf_lightgbm
51,2026-04-18,2026-04-25,1,1,17.574475417025365,17.574475417025365,0.0,0.0,17.574475417025365,113.97084310720005,201.76660109941497,2026-04-18,2026-04-25,mlf_lightgbm
51,2026-04-18,2026-05-02,2,2,17.905840272720567,17.905840272720567,0.0,0.0,17.905840272720567,190.22181757981468,403.1372351378952,2026-04-18,2026-05-02,mlf_lightgbm
51,2026-04-18,2026-05-09,3,3,17.451627665241713,17.451627665241713,0.0,0.0,17.451627665241713,357.4854218965719,806.6923323066442,2026-04-18,2026-05-09,mlf_lightgbm
51,2026-04-18,2026-05-16,4,4,18.032019367247546,18.032019367247546,0.0,0.0,18.032019367247546,401.9894657632527,1121.7369860580086,2026-04-18,2026-05-16,mlf_lightgbm
53,2026-04-18,2026-04-25,1,1,35.61660907445669,35.61660907445669,0.0,23.573266268156438,35.61660907445669,47.65995188075694,107.54745688303451,2026-04-18,2026-04-25,mlf_lightgbm
53,2026-04-18,2026-05-02,2,2,30.94241474366767,30.94241474366767,0.0,0.0,30.94241474366767,142.96942063737916,225.43280740063773,2026-04-18,2026-05-02,mlf_lightgbm
53,2026-04-18,2026-05-09,3,3,29.444886398684027,29.444886398684027,0.0,0.0,29.444886398684027,283.4900064970892,468.8031310751587,2026-04-18,2026-05-09,mlf_lightgbm
53,2026-04-18,2026-05-16,4,4,26.42046393983742,26.42046393983742,0.0,0.0,26.42046393983742,289.40385450531136,573.3970559099548,2026-04-18,2026-05-16,mlf_lightgbm
54,2026-04-18,2026-04-25,1,1,24.901750371252636,24.901750371252636,0.0,0.0,24.901750371252636,83.45319894792532,123.84134515073745,2026-04-18,2026-04-25,mlf_lightgbm
54,2026-04-18,2026-05-02,2,2,21.472795399192897,21.472795399192897,0.0,0.0,21.472795399192897,165.7815573972825,307.91565423685336,2026-04-18,2026-05-02,mlf_lightgbm
54,2026-04-18,2026-05-09,3,3,19.924759716822606,19.924759716822606,0.0,0.0,19.924759716822606,189.09683629160904,443.8801270097557,2026-04-18,2026-05-09,mlf_lightgbm
54,2026-04-18,2026-05-16,4,4,19.00953281322202,19.00953281322202,0.0,0.0,19.00953281322202,232.5267779819731,582.592887589981,2026-04-18,2026-05-16,mlf_lightgbm
55,2026-04-18,2026-04-25,1,1,29.320698313423218,29.320698313423218,0.0,0.0,29.320698313423218,81.27691673158328,178.82873598192245,2026-04-18,2026-04-25,mlf_lightgbm
55,2026-04-18,2026-05-02,2,2,25.668231622884136,25.668231622884136,0.0,0.0,25.668231622884136,177.0658068092111,313.63047051612904,2026-04-18,2026-05-02,mlf_lightgbm
55,2026-04-18,2026-05-09,3,3,24.744202400873892,24.744202400873892,0.0,0.0,24.744202400873892,273.53416854964155,582.2090117188932,2026-04-18,2026-05-09,mlf_lightgbm
55,2026-04-18,2026-05-16,4,4,21.059601865175736,21.059601865175736,0.0,0.0,21.059601865175736,263.32755435259924,964.9273505604689,2026-04-18,2026-05-16,mlf_lightgbm
56,2026-04-18,2026-04-25,1,1,5.398763602456139,5.398763602456139,0.0,0.0,5.398763602456139,18.766417221284286,31.8767548604177,2026-04-18,2026-04-25,mlf_lightgbm
56,2026-04-18,2026-05-02,2,2,5.078999900786046,5.078999900786046,0.0,0.0,5.078999900786046,22.86120108037456,54.85214247087459,2026-04-18,2026-05-02,mlf_lightgbm
56,2026-04-18,2026-05-09,3,3,5.0820237350170245,5.0820237350170245,0.0,0.0,5.0820237350170245,25.549881153349183,113.05795432038076,2026-04-18,2026-05-09,mlf_lightgbm
56,2026-04-18,2026-05-16,4,4,5.0820237350170245,5.0820237350170245,0.0,0.0,5.0820237350170245,31.712139463032397,171.98177077175464,2026-04-18,2026-05-16,mlf_lightgbm
72,2026-04-18,2026-04-25,1,1,84.99882558742219,84.99882558742219,0.0,7.561309645322986,84.99882558742219,162.43634152952137,176.59003227891188,2026-04-18,2026-04-25,mlf_lightgbm
72,2026-04-18,2026-05-02,2,2,85.17524215136713,85.17524215136713,0.0,0.0,85.17524215136713,218.97812431691938,347.978449406916,2026-04-18,2026-05-02,mlf_lightgbm
72,2026-04-18,2026-05-09,3,3,92.74618795487628,92.74618795487628,0.0,0.0,92.74618795487628,254.39178011406554,462.45556269174983,2026-04-18,2026-05-09,mlf_lightgbm
72,2026-04-18,2026-05-16,4,4,89.68269065206135,89.68269065206135,0.0,0.0,89.68269065206135,209.94085734525282,518.4925452646821,2026-04-18,2026-05-16,mlf_lightgbm
01,2026-05-16,2026-05-23,1,1,21.878865224670136,21.878865224670136,0.0,0.0,21.878865224670136,52.34658932544365,137.53041760289707,2026-05-16,2026-05-23,mlf_lightgbm
01,2026-05-16,2026-05-30,2,2,20.412770930787126,20.412770930787126,0.0,0.0,20.412770930787126,56.798437770446725,132.8822726484052,2026-05-16,2026-05-30,mlf_lightgbm
01,2026-05-16,2026-06-06,3,3,20.985273937876823,20.985273937876823,0.0,0.0,20.985273937876823,47.62069482727798,153.83450959508562,2026-05-16,2026-06-06,mlf_lightgbm
01,2026-05-16,2026-06-13,4,4,21.306910477359256,21.306910477359256,0.0,0.0,21.306910477359256,79.17624526292747,234.40916154361148,2026-05-16,2026-06-13,mlf_lightgbm
02,2026-05-16,2026-05-23,1,1,3.665041314307312,3.665041314307312,0.0,0.0,3.665041314307312,7.393261799104308,12.428693290012909,2026-05-16,2026-05-23,mlf_lightgbm
02,2026-05-16,2026-05-30,2,2,3.598478676652305,3.598478676652305,0.0,0.0,3.598478676652305,7.289313692751474,19.43163934259118,2026-05-16,2026-05-30,mlf_lightgbm
02,2026-05-16,2026-06-06,3,3,5.188867290223199,5.188867290223199,0.0,2.6764297748902144,5.188867290223199,7.701304805556185,23.702612733001054,2026-05-16,2026-06-06,mlf_lightgbm
02,2026-05-16,2026-06-13,4,4,5.52413681706679,5.52413681706679,0.0,0.0,5.52413681706679,13.814267833342381,31.97463846939656,2026-05-16,2026-06-13,mlf_lightgbm
04,2026-05-16,2026-05-23,1,1,54.08857906369562,54.08857906369562,12.610390849461158,38.800679942366486,54.08857906369562,69.37647818502475,95.56676727793007,2026-05-16,2026-05-23,mlf_lightgbm
04,2026-05-16,2026-05-30,2,2,51.17216430399208,51.17216430399208,0.0,5.879067121597011,51.17216430399208,96.46526148638715,133.45905116547303,2026-05-16,2026-05-30,mlf_lightgbm
04,2026-05-16,2026-06-06,3,3,46.14322376882132,46.14322376882132,0.0,0.0,46.14322376882132,98.58280101892159,215.48931600056432,2026-05-16,2026-06-06,mlf_lightgbm
04,2026-05-16,2026-06-13,4,4,40.71089339526051,40.71089339526051,0.0,0.0,40.71089339526051,107.0633291489558,340.30874102372803,2026-05-16,2026-06-13,mlf_lightgbm
05,2026-05-16,2026-05-23,1,1,7.718264061241824,7.718264061241824,0.0,0.0,7.718264061241824,23.178187668248114,64.17420097899425,2026-05-16,2026-05-23,mlf_lightgbm
05,2026-05-16,2026-05-30,2,2,7.557195081286872,7.557195081286872,0.0,0.0,7.557195081286872,54.53246407159101,129.70337547261155,2026-05-16,2026-05-30,mlf_lightgbm
05,2026-05-16,2026-06-06,3,3,7.87883162076931,7.87883162076931,0.0,0.0,7.87883162076931,79.61973419191995,212.12188088355555,2026-05-16,2026-06-06,mlf_lightgbm
05,2026-05-16,2026-06-13,4,4,7.878593647504243,7.878593647504243,0.0,0.0,7.878593647504243,84.91482140698606,386.3244579337818,2026-05-16,2026-06-13,mlf_lightgbm
06,2026-05-16,2026-05-23,1,1,158.93126683432575,158.93126683432575,0.0,0.0,158.93126683432575,342.34592449545437,582.6179321758005,2026-05-16,2026-05-23,mlf_lightgbm
06,2026-05-16,2026-05-30,2,2,142.28095726347001,142.28095726347001,0.0,6.8766030003734215,142.28095726347001,277.6853115265666,691.5913890299489,2026-05-16,2026-05-30,mlf_lightgbm
06,2026-05-16,2026-06-06,3,3,117.94101711449983,117.94101711449983,0.0,84.28409257763595,117.94101711449983,151.59794165136373,791.4270371439061,2026-05-16,2026-06-06,mlf_lightgbm
06,2026-05-16,2026-06-13,4,4,101.05182019882879,101.05182019882879,0.0,0.0,101.05182019882879,209.34244121856483,592.5722574670104,2026-05-16,2026-06-13,mlf_lightgbm
08,2026-05-16,2026-05-23,1,1,10.897927939020411,10.897927939020411,0.0,0.0,10.897927939020411,38.71262870647281,77.19334923771817,2026-05-16,2026-05-23,mlf_lightgbm
08,2026-05-16,2026-05-30,2,2,10.370543295146149,10.370543295146149,0.0,0.0,10.370543295146149,56.615127864072846,123.97417945095046,2026-05-16,2026-05-30,mlf_lightgbm
08,2026-05-16,2026-06-06,3,3,10.692179834628588,10.692179834628588,0.0,0.0,10.692179834628588,44.871787074210864,207.2923215723772,2026-05-16,2026-06-06,mlf_lightgbm
08,2026-05-16,2026-06-13,4,4,10.16684502587437,10.16684502587437,0.0,0.0,10.16684502587437,51.09690650730653,271.24846044366274,2026-05-16,2026-06-13,mlf_lightgbm
09,2026-05-16,2026-05-23,1,1,5.709409851223228,5.709409851223228,0.0,0.0,5.709409851223228,14.984211384517344,63.97171467773741,2026-05-16,2026-05-23,mlf_lightgbm
09,2026-05-16,2026-05-30,2,2,6.056800866167289,6.056800866167289,0.0,0.0,6.056800866167289,18.558896752034777,94.99687252129829,2026-05-16,2026-05-30,mlf_lightgbm
09,2026-05-16,2026-06-06,3,3,5.310678088519534,5.310678088519534,0.0,0.0,5.310678088519534,16.618134958804163,140.53306593973244,2026-05-16,2026-06-06,mlf_lightgbm
09,2026-05-16,2026-06-13,4,4,4.963287073575472,4.963287073575472,0.0,0.0,4.963287073575472,19.194982076561903,178.83768455431203,2026-05-16,2026-06-13,mlf_lightgbm
10,2026-05-16,2026-05-23,1,1,4.6523598563324295,4.6523598563324295,0.0,0.0,4.6523598563324295,17.76830073468931,55.139191397781445,2026-05-16,2026-05-23,mlf_lightgbm
10,2026-05-16,2026-05-30,2,2,4.845777382064947,4.845777382064947,0.0,0.0,4.845777382064947,21.035337502993492,94.23056943013293,2026-05-16,2026-05-30,mlf_lightgbm
10,2026-05-16,2026-06-06,3,3,5.3969206684181446,5.3969206684181446,0.0,0.0,5.3969206684181446,19.29512309336633,132.7484343773469,2026-05-16,2026-06-06,mlf_lightgbm
10,2026-05-16,2026-06-13,4,4,5.3969206684181446,5.3969206684181446,0.0,0.0,5.3969206684181446,24.35904265286964,164.62231939072996,2026-05-16,2026-06-13,mlf_lightgbm
11,2026-05-16,2026-05-23,1,1,2.232366058314996,2.232366058314996,0.0,0.0,2.232366058314996,13.000115334830802,30.731797660270807,2026-05-16,2026-05-23,mlf_lightgbm
11,2026-05-16,2026-05-30,2,2,2.387945342786003,2.387945342786003,0.0,0.0,2.387945342786003,12.096916132288671,41.80421660965051,2026-05-16,2026-05-30,mlf_lightgbm
11,2026-05-16,2026-06-06,3,3,2.387945342786003,2.387945342786003,0.0,0.0,2.387945342786003,13.519383461271222,54.644445288321194,2026-05-16,2026-06-06,mlf_lightgbm
11,2026-05-16,2026-06-13,4,4,2.387945342786003,2.387945342786003,0.0,0.0,2.387945342786003,14.500465132518672,67.16568149014095,2026-05-16,2026-06-13,mlf_lightgbm
12,2026-05-16,2026-05-23,1,1,104.67202072178229,104.67202072178229,0.0,0.0,104.67202072178229,257.4137166692014,803.2188964609966,2026-05-16,2026-05-23,mlf_lightgbm
12,2026-05-16,2026-05-30,2,2,101.51397470200916,101.51397470200916,0.0,0.0,101.51397470200916,239.3276753684808,881.7096787972373,2026-05-16,2026-05-30,mlf_lightgbm
12,2026-05-16,2026-06-06,3,3,91.37677680600127,91.37677680600127,0.0,0.0,91.37677680600127,238.79054492648964,1392.5931819433288,2026-05-16,2026-06-06,mlf_lightgbm
12,2026-05-16,2026-06-13,4,4,80.91527103133151,80.91527103133151,0.0,0.0,80.91527103133151,280.0778570000401,1257.9432247902728,2026-05-16,2026-06-13,mlf_lightgbm
13,2026-05-16,2026-05-23,1,1,23.537750268946297,23.537750268946297,0.0,0.0,23.537750268946297,62.956265589582436,92.13137700971993,2026-05-16,2026-05-23,mlf_lightgbm
13,2026-05-16,2026-05-30,2,2,21.630262490063377,21.630262490063377,0.0,0.0,21.630262490063377,53.84823613054216,115.34711761526063,2026-05-16,2026-05-30,mlf_lightgbm
13,2026-05-16,2026-06-06,3,3,22.013887111562706,22.013887111562706,0.0,0.0,22.013887111562706,79.87415693435615,204.54319393153108,2026-05-16,2026-06-06,mlf_lightgbm
13,2026-05-16,2026-06-13,4,4,22.013887111562706,22.013887111562706,0.0,0.0,22.013887111562706,81.58005308962561,180.05863406921569,2026-05-16,2026-06-13,mlf_lightgbm
15,2026-05-16,2026-05-23,1,1,8.537214611924911,8.537214611924911,0.0,0.0,8.537214611924911,25.9173602581622,32.796367691084356,2026-05-16,2026-05-23,mlf_lightgbm
15,2026-05-16,2026-05-30,2,2,9.909048886895185,9.909048886895185,0.0,0.0,9.909048886895185,26.121664691378523,33.557475142556605,2026-05-16,2026-05-30,mlf_lightgbm
15,2026-05-16,2026-06-06,3,3,11.670365148061004,11.670365148061004,0.0,0.0,11.670365148061004,28.071180016210278,44.611877356925476,2026-05-16,2026-06-06,mlf_lightgbm
15,2026-05-16,2026-06-13,4,4,12.390502439738272,12.390502439738272,0.0,0.0,12.390502439738272,24.92096798000808,48.03585133119676,2026-05-16,2026-06-13,mlf_lightgbm
16,2026-05-16,2026-05-23,1,1,7.557195081286872,7.557195081286872,0.0,0.0,7.557195081286872,15.164091688537857,38.59796980624054,2026-05-16,2026-05-23,mlf_lightgbm
16,2026-05-16,2026-05-30,2,2,7.077934827726895,7.077934827726895,0.0,0.0,7.077934827726895,32.11939445696865,63.9439575290896,2026-05-16,2026-05-30,mlf_lightgbm
16,2026-05-16,2026-06-06,3,3,6.007402869748393,6.007402869748393,0.0,0.0,6.007402869748393,33.12088570033296,69.95702540999841,2026-05-16,2026-06-06,mlf_lightgbm
16,2026-05-16,2026-06-13,4,4,5.310678088519534,5.310678088519534,0.0,0.0,5.310678088519534,39.91929017427826,103.81196699279188,2026-05-16,2026-06-13,mlf_lightgbm
17,2026-05-16,2026-05-23,1,1,25.274201894608662,25.274201894608662,0.0,0.0,25.274201894608662,91.75824959274362,195.8199449346939,2026-05-16,2026-05-23,mlf_lightgbm
17,2026-05-16,2026-05-30,2,2,23.867019033970678,23.867019033970678,0.0,0.0,23.867019033970678,155.68399501631256,240.3647436384401,2026-05-16,2026-05-30,mlf_lightgbm
17,2026-05-16,2026-06-06,3,3,21.630262490063377,21.630262490063377,0.0,0.0,21.630262490063377,205.35974025883675,443.79182440071673,2026-05-16,2026-06-06,mlf_lightgbm
17,2026-05-16,2026-06-13,4,4,20.580710093444807,20.580710093444807,0.0,0.0,20.580710093444807,224.79357538870522,552.6792639340753,2026-05-16,2026-06-13,mlf_lightgbm
18,2026-05-16,2026-05-23,1,1,17.398029172703193,17.398029172703193,0.0,0.0,17.398029172703193,58.36708350067619,127.88072585073085,2026-05-16,2026-05-23,mlf_lightgbm
18,2026-05-16,2026-05-30,2,2,17.713724512878148,17.713724512878148,0.0,0.0,17.713724512878148,47.73166103755736,124.4982709262425,2026-05-16,2026-05-30,mlf_lightgbm
18,2026-05-16,2026-06-06,3,3,17.877375963044088,17.877375963044088,0.0,0.0,17.877375963044088,104.93019560697192,118.80542321062141,2026-05-16,2026-06-06,mlf_lightgbm
18,2026-05-16,2026-06-13,4,4,17.64671844409087,17.64671844409087,0.0,0.0,17.64671844409087,48.45303239960843,114.07047780451441,2026-05-16,2026-06-13,mlf_lightgbm
19,2026-05-16,2026-05-23,1,1,4.415292200493578,4.415292200493578,0.0,0.0,4.415292200493578,22.377162374354693,89.99902428095129,2026-05-16,2026-05-23,mlf_lightgbm
19,2026-05-16,2026-05-30,2,2,4.104602956515603,4.104602956515603,0.0,0.0,4.104602956515603,39.80862251926661,152.45375708271158,2026-05-16,2026-05-30,mlf_lightgbm
19,2026-05-16,2026-06-06,3,3,4.159376971910265,4.159376971910265,0.0,0.0,4.159376971910265,51.20205659601141,169.4008265691844,2026-05-16,2026-06-06,mlf_lightgbm
19,2026-05-16,2026-06-13,4,4,4.28503115499687,4.28503115499687,0.0,0.0,4.28503115499687,60.78167106723353,198.92041246302003,2026-05-16,2026-06-13,mlf_lightgbm
20,2026-05-16,2026-05-23,1,1,3.126930190848833,3.126930190848833,0.0,0.0,3.126930190848833,36.33718955573348,95.2129127689129,2026-05-16,2026-05-23,mlf_lightgbm
20,2026-05-16,2026-05-30,2,2,2.6476699372888572,2.6476699372888572,0.0,0.0,2.6476699372888572,61.367446639584365,185.42930817759347,2026-05-16,2026-05-30,mlf_lightgbm
20,2026-05-16,2026-06-06,3,3,2.70244395268352,2.70244395268352,0.0,0.0,2.70244395268352,80.78258674080077,252.0200180059575,2026-05-16,2026-06-06,mlf_lightgbm
20,2026-05-16,2026-06-13,4,4,2.70244395268352,2.70244395268352,0.0,0.0,2.70244395268352,80.09625298592647,308.26654440459544,2026-05-16,2026-06-13,mlf_lightgbm
21,2026-05-16,2026-05-23,1,1,17.877375963044088,17.877375963044088,0.0,0.0,17.877375963044088,86.31017944917237,93.61815469607417,2026-05-16,2026-05-23,mlf_lightgbm
21,2026-05-16,2026-05-30,2,2,18.214832625842636,18.214832625842636,0.0,0.0,18.214832625842636,92.65913594437939,154.2627395813014,2026-05-16,2026-05-30,mlf_lightgbm
21,2026-05-16,2026-06-06,3,3,17.877375963044088,17.877375963044088,0.0,0.0,17.877375963044088,106.11137759525216,294.43253567382703,2026-05-16,2026-06-06,mlf_lightgbm
21,2026-05-16,2026-06-13,4,4,18.125978697650847,18.125978697650847,0.0,0.0,18.125978697650847,111.24642687964915,347.7739800773129,2026-05-16,2026-06-13,mlf_lightgbm
22,2026-05-16,2026-05-23,1,1,19.822069411202726,19.822069411202726,0.0,0.0,19.822069411202726,69.62722712999175,99.54315878659249,2026-05-16,2026-05-23,mlf_lightgbm
22,2026-05-16,2026-05-30,2,2,19.322682171981953,19.322682171981953,0.0,0.0,19.322682171981953,39.59958189569329,101.59377988457202,2026-05-16,2026-05-30,mlf_lightgbm
22,2026-05-16,2026-06-06,3,3,20.254243205980213,20.254243205980213,0.0,0.0,20.254243205980213,93.83057874235963,151.36042314987733,2026-05-16,2026-06-06,mlf_lightgbm
22,2026-05-16,2026-06-13,4,4,20.058639760324127,20.058639760324127,0.0,0.0,20.058639760324127,74.40051861621912,131.498574362171,2026-05-16,2026-06-13,mlf_lightgbm
23,2026-05-16,2026-05-23,1,1,3.9091679206302783,3.9091679206302783,0.0,0.0,3.9091679206302783,21.554300706775333,29.843643700788764,2026-05-16,2026-05-23,mlf_lightgbm
23,2026-05-16,2026-05-30,2,2,4.159376971910265,4.159376971910265,0.0,0.0,4.159376971910265,33.68368102195746,54.57421014399031,2026-05-16,2026-05-30,mlf_lightgbm
23,2026-05-16,2026-06-06,3,3,4.477972734199253,4.477972734199253,0.0,0.0,4.477972734199253,38.97774432109753,99.46890545558925,2026-05-16,2026-06-06,mlf_lightgbm
23,2026-05-16,2026-06-13,4,4,4.477972734199253,4.477972734199253,0.0,0.0,4.477972734199253,38.96386130154652,135.1408049710202,2026-05-16,2026-06-13,mlf_lightgbm
24,2026-05-16,2026-05-23,1,1,17.130845626007872,17.130845626007872,0.0,0.0,17.130845626007872,51.585214102123324,95.40539222724283,2026-05-16,2026-05-23,mlf_lightgbm
24,2026-05-16,2026-05-30,2,2,20.23118899433202,20.23118899433202,0.0,0.0,20.23118899433202,48.52987508990987,121.03617096425461,2026-05-16,2026-05-30,mlf_lightgbm
24,2026-05-16,2026-06-06,3,3,19.72118309752558,19.72118309752558,0.0,0.0,19.72118309752558,55.54652776155566,156.98626915822854,2026-05-16,2026-06-06,mlf_lightgbm
24,2026-05-16,2026-06-13,4,4,23.479008381395712,23.479008381395712,0.0,0.0,23.479008381395712,62.930252355398466,220.08083212451464,2026-05-16,2026-06-13,mlf_lightgbm
25,2026-05-16,2026-05-23,1,1,15.861516815720073,15.861516815720073,0.0,0.0,15.861516815720073,32.55849466783246,41.994490308495585,2026-05-16,2026-05-23,mlf_lightgbm
25,2026-05-16,2026-05-30,2,2,16.183153355202514,16.183153355202514,0.0,0.0,16.183153355202514,36.704020860569415,71.41646090973846,2026-05-16,2026-05-30,mlf_lightgbm
25,2026-05-16,2026-06-06,3,3,14.762016688465717,14.762016688465717,0.0,0.0,14.762016688465717,50.979264724201215,127.38396227897367,2026-05-16,2026-06-06,mlf_lightgbm
25,2026-05-16,2026-06-13,4,4,15.822944738793572,15.822944738793572,0.0,0.0,15.822944738793572,52.445591259675865,102.59418439196769,2026-05-16,2026-06-13,mlf_lightgbm
26,2026-05-16,2026-05-23,1,1,22.33639931208587,22.33639931208587,0.0,0.0,22.33639931208587,77.67709218018987,105.28866140507147,2026-05-16,2026-05-23,mlf_lightgbm
26,2026-05-16,2026-05-30,2,2,22.815746102426765,22.815746102426765,0.0,0.0,22.815746102426765,93.23475179038984,151.6963784767009,2026-05-16,2026-05-30,mlf_lightgbm
26,2026-05-16,2026-06-06,3,3,20.51338915538184,20.51338915538184,0.0,0.0,20.51338915538184,105.99393020699955,187.14633469658182,2026-05-16,2026-06-06,mlf_lightgbm
26,2026-05-16,2026-06-13,4,4,21.44138410447301,21.44138410447301,0.0,0.0,21.44138410447301,111.26873740497247,225.92228496138748,2026-05-16,2026-06-13,mlf_lightgbm
27,2026-05-16,2026-05-23,1,1,17.64671844409087,17.64671844409087,0.0,0.0,17.64671844409087,93.53445369435948,148.34168799403253,2026-05-16,2026-05-23,mlf_lightgbm
27,2026-05-16,2026-05-30,2,2,18.125978697650847,18.125978697650847,0.0,0.0,18.125978697650847,93.69680724321204,145.73348990168338,2026-05-16,2026-05-30,mlf_lightgbm
27,2026-05-16,2026-06-06,3,3,17.70149245948553,17.70149245948553,0.0,0.0,17.70149245948553,86.30387403828747,116.09038457312396,2026-05-16,2026-06-06,mlf_lightgbm
27,2026-05-16,2026-06-13,4,4,18.44761523713328,18.44761523713328,0.0,0.0,18.44761523713328,72.52319810624819,109.26158097416503,2026-05-16,2026-06-13,mlf_lightgbm
28,2026-05-16,2026-05-23,1,1,14.832903642034202,14.832903642034202,0.0,0.0,14.832903642034202,44.58029413196269,83.09496949329478,2026-05-16,2026-05-23,mlf_lightgbm
28,2026-05-16,2026-05-30,2,2,14.832903642034202,14.832903642034202,0.0,0.0,14.832903642034202,43.47952652827948,103.768992604401,2026-05-16,2026-05-30,mlf_lightgbm
28,2026-05-16,2026-06-06,3,3,15.15454018151664,15.15454018151664,0.0,0.0,15.15454018151664,66.11152210144644,136.75006696192904,2026-05-16,2026-06-06,mlf_lightgbm
28,2026-05-16,2026-06-13,4,4,15.15454018151664,15.15454018151664,0.0,0.0,15.15454018151664,77.70774228844373,181.15317804804346,2026-05-16,2026-06-13,mlf_lightgbm
29,2026-05-16,2026-05-23,1,1,9.705179710222819,9.705179710222819,0.0,0.0,9.705179710222819,29.736020225130726,58.586535728585616,2026-05-16,2026-05-23,mlf_lightgbm
29,2026-05-16,2026-05-30,2,2,11.027637425436776,11.027637425436776,0.0,0.0,11.027637425436776,70.86669891912133,82.43559237196847,2026-05-16,2026-05-30,mlf_lightgbm
29,2026-05-16,2026-06-06,3,3,10.270805138868049,10.270805138868049,0.0,0.0,10.270805138868049,66.95579797208177,102.94236337881945,2026-05-16,2026-06-06,mlf_lightgbm
29,2026-05-16,2026-06-13,4,4,12.377390431074678,12.377390431074678,0.0,0.0,12.377390431074678,92.94384781503062,458.98624248475573,2026-05-16,2026-06-13,mlf_lightgbm
30,2026-05-16,2026-05-23,1,1,2.894069622649299,2.894069622649299,0.0,0.0,2.894069622649299,10.620339139311968,27.33694840153816,2026-05-16,2026-05-23,mlf_lightgbm
30,2026-05-16,2026-05-30,2,2,3.0131331966614967,3.0131331966614967,0.0,0.0,3.0131331966614967,23.04464851836632,38.67427198401639,2026-05-16,2026-05-30,mlf_lightgbm
30,2026-05-16,2026-06-06,3,3,2.70244395268352,2.70244395268352,0.0,0.0,2.70244395268352,29.907935043187248,52.22528720427543,2026-05-16,2026-06-06,mlf_lightgbm
30,2026-05-16,2026-06-13,4,4,2.70244395268352,2.70244395268352,0.0,0.0,2.70244395268352,36.81886852038977,118.31882043970435,2026-05-16,2026-06-13,mlf_lightgbm
31,2026-05-16,2026-05-23,1,1,3.2085682325468157,3.2085682325468157,0.0,0.0,3.2085682325468157,33.38183755267181,76.1137102722711,2026-05-16,2026-05-23,mlf_lightgbm
31,2026-05-16,2026-05-30,2,2,3.0131331966614967,3.0131331966614967,0.0,0.0,3.0131331966614967,46.14999402694583,124.48319522488924,2026-05-16,2026-05-30,mlf_lightgbm
31,2026-05-16,2026-06-06,3,3,2.70244395268352,2.70244395268352,0.0,0.0,2.70244395268352,48.80798495282484,177.38944850110835,2026-05-16,2026-06-06,mlf_lightgbm
31,2026-05-16,2026-06-13,4,4,2.70244395268352,2.70244395268352,0.0,0.0,2.70244395268352,45.96059597164928,241.0651523525275,2026-05-16,2026-06-13,mlf_lightgbm
32,2026-05-16,2026-05-23,1,1,33.93088406916846,33.93088406916846,14.50046378299366,29.757803746523678,33.93088406916846,38.103964391813236,53.36130435534325,2026-05-16,2026-05-23,mlf_lightgbm
32,2026-05-16,2026-05-30,2,2,32.0531521802703,32.0531521802703,0.0,7.629037602901774,32.0531521802703,56.47726675763883,73.69908414485968,2026-05-16,2026-05-30,mlf_lightgbm
32,2026-05-16,2026-06-06,3,3,31.41043186188107,31.41043186188107,0.0,3.640992504878242,31.41043186188107,59.179871218883896,75.50681299968115,2026-05-16,2026-06-06,mlf_lightgbm
32,2026-05-16,2026-06-13,4,4,32.07943528114162,32.07943528114162,0.0,10.15570438017924,32.07943528114162,54.003166182104,112.4670857414944,2026-05-16,2026-06-13,mlf_lightgbm
33,2026-05-16,2026-05-23,1,1,2.70244395268352,2.70244395268352,0.0,0.0,2.70244395268352,17.477646594399936,74.33694609809334,2026-05-16,2026-05-23,mlf_lightgbm
33,2026-05-16,2026-05-30,2,2,2.70244395268352,2.70244395268352,0.0,0.0,2.70244395268352,13.250268295412651,92.66924059656922,2026-05-16,2026-05-30,mlf_lightgbm
33,2026-05-16,2026-06-06,3,3,2.70244395268352,2.70244395268352,0.0,0.0,2.70244395268352,23.077211817729744,130.9185114990891,2026-05-16,2026-06-06,mlf_lightgbm
33,2026-05-16,2026-06-13,4,4,2.781996996479454,2.781996996479454,0.0,0.0,2.781996996479454,16.845037004164784,161.86440703957163,2026-05-16,2026-06-13,mlf_lightgbm
34,2026-05-16,2026-05-23,1,1,32.580174351777465,32.580174351777465,0.0,0.0,32.580174351777465,71.2829013531551,130.68809337793834,2026-05-16,2026-05-23,mlf_lightgbm
34,2026-05-16,2026-05-30,2,2,32.19836143952313,32.19836143952313,0.0,0.0,32.19836143952313,75.09867399052081,176.02984372002828,2026-05-16,2026-05-30,mlf_lightgbm
34,2026-05-16,2026-06-06,3,3,30.206242139155115,30.206242139155115,0.0,0.0,30.206242139155115,199.69751874828418,217.28164212106986,2026-05-16,2026-06-06,mlf_lightgbm
34,2026-05-16,2026-06-13,4,4,30.171011950627594,30.171011950627594,0.0,0.0,30.171011950627594,181.8236257111512,241.0333983280816,2026-05-16,2026-06-13,mlf_lightgbm
35,2026-05-16,2026-05-23,1,1,5.115954129727484,5.115954129727484,0.0,0.0,5.115954129727484,17.153022406903975,63.295472641683865,2026-05-16,2026-05-23,mlf_lightgbm
35,2026-05-16,2026-05-30,2,2,4.90851305818081,4.90851305818081,0.0,0.0,4.90851305818081,40.549193247803174,69.52432075134533,2026-05-16,2026-05-30,mlf_lightgbm
35,2026-05-16,2026-06-06,3,3,5.398720607245252,5.398720607245252,0.0,0.0,5.398720607245252,43.21438885462911,184.75499432190742,2026-05-16,2026-06-06,mlf_lightgbm
35,2026-05-16,2026-06-13,4,4,5.088941256662077,5.088941256662077,0.0,0.0,5.088941256662077,40.33356213604746,225.85476568902072,2026-05-16,2026-06-13,mlf_lightgbm
36,2026-05-16,2026-05-23,1,1,41.9019959172087,41.9019959172087,0.0,0.0,41.9019959172087,110.47559967282584,416.4907386881391,2026-05-16,2026-05-23,mlf_lightgbm
36,2026-05-16,2026-05-30,2,2,38.31745657633201,38.31745657633201,0.0,0.0,38.31745657633201,97.78750339312447,125.75763456748628,2026-05-16,2026-05-30,mlf_lightgbm
36,2026-05-16,2026-06-06,3,3,32.34793914786789,32.34793914786789,0.0,0.0,32.34793914786789,165.03160025365995,282.8745471615025,2026-05-16,2026-06-06,mlf_lightgbm
36,2026-05-16,2026-06-13,4,4,29.32752210558977,29.32752210558977,0.0,0.0,29.32752210558977,124.16848557542482,509.1300111701542,2026-05-16,2026-06-13,mlf_lightgbm
37,2026-05-16,2026-05-23,1,1,15.60984028179678,15.60984028179678,0.0,0.0,15.60984028179678,65.10789249137915,88.36569670347663,2026-05-16,2026-05-23,mlf_lightgbm
37,2026-05-16,2026-05-30,2,2,14.584300907427437,14.584300907427437,0.0,0.0,14.584300907427437,112.18784913378195,314.97579518960936,2026-05-16,2026-05-30,mlf_lightgbm
37,2026-05-16,2026-06-06,3,3,15.501308199311135,15.501308199311135,0.0,0.0,15.501308199311135,130.45544239061695,412.4979781815254,2026-05-16,2026-06-06,mlf_lightgbm
37,2026-05-16,2026-06-13,4,4,15.15454018151664,15.15454018151664,0.0,0.0,15.15454018151664,154.62184312726788,421.10150662722316,2026-05-16,2026-06-13,mlf_lightgbm
38,2026-05-16,2026-05-23,1,1,5.501278589885096,5.501278589885096,0.0,0.0,5.501278589885096,12.820188874642445,36.55049966163067,2026-05-16,2026-05-23,mlf_lightgbm
38,2026-05-16,2026-05-30,2,2,5.125643027628163,5.125643027628163,0.0,0.0,5.125643027628163,10.85082106752295,72.97019642777781,2026-05-16,2026-05-30,mlf_lightgbm
38,2026-05-16,2026-06-06,3,3,5.088941256662077,5.088941256662077,0.0,0.0,5.088941256662077,10.513948781499977,90.77203511087706,2026-05-16,2026-06-06,mlf_lightgbm
38,2026-05-16,2026-06-13,4,4,5.088941256662077,5.088941256662077,0.0,1.7062339545250662,5.088941256662077,8.471648558799087,96.47325006651701,2026-05-16,2026-06-13,mlf_lightgbm
39,2026-05-16,2026-05-23,1,1,14.49368723579977,14.49368723579977,0.0,0.0,14.49368723579977,101.96281612564594,194.83605051877268,2026-05-16,2026-05-23,mlf_lightgbm
39,2026-05-16,2026-05-30,2,2,14.369237496204267,14.369237496204267,0.0,0.0,14.369237496204267,241.55362135579202,523.0830880553109,2026-05-16,2026-05-30,mlf_lightgbm
39,2026-05-16,2026-06-06,3,3,14.369237496204267,14.369237496204267,0.0,0.0,14.369237496204267,329.46775740389086,927.6347830438456,2026-05-16,2026-06-06,mlf_lightgbm
39,2026-05-16,2026-06-13,4,4,14.854525485852644,14.854525485852644,0.0,0.0,14.854525485852644,460.9907079801545,1404.559255596153,2026-05-16,2026-06-13,mlf_lightgbm
40,2026-05-16,2026-05-23,1,1,9.448319843980167,9.448319843980167,0.0,0.0,9.448319843980167,60.077144616417314,85.91522335354448,2026-05-16,2026-05-23,mlf_lightgbm
40,2026-05-16,2026-05-30,2,2,7.985740292110002,7.985740292110002,0.0,0.0,7.985740292110002,41.68296650734798,98.60050984976502,2026-05-16,2026-05-30,mlf_lightgbm
40,2026-05-16,2026-06-06,3,3,7.87883162076931,7.87883162076931,0.0,0.0,7.87883162076931,60.79613175406183,107.09352032098008,2026-05-16,2026-06-06,mlf_lightgbm
40,2026-05-16,2026-06-13,4,4,7.884713500937256,7.884713500937256,0.0,0.0,7.884713500937256,65.24139921695357,158.72503627181015,2026-05-16,2026-06-13,mlf_lightgbm
41,2026-05-16,2026-05-23,1,1,10.597913243356416,10.597913243356416,0.0,0.0,10.597913243356416,45.13557795561271,98.68335111018722,2026-05-16,2026-05-23,mlf_lightgbm
41,2026-05-16,2026-05-30,2,2,10.370543295146149,10.370543295146149,0.0,0.0,10.370543295146149,48.35892391766971,107.14794485809581,2026-05-16,2026-05-30,mlf_lightgbm
41,2026-05-16,2026-06-06,3,3,11.708755197132449,11.708755197132449,0.0,0.0,11.708755197132449,72.79660535087865,176.17349101082422,2026-05-16,2026-06-06,mlf_lightgbm
41,2026-05-16,2026-06-13,4,4,12.021565857980239,12.021565857980239,0.0,0.0,12.021565857980239,73.41467544818875,228.51312722692398,2026-05-16,2026-06-13,mlf_lightgbm
42,2026-05-16,2026-05-23,1,1,114.82819084628771,114.82819084628771,0.0,0.0,114.82819084628771,285.3375208752642,634.2023352768294,2026-05-16,2026-05-23,mlf_lightgbm
42,2026-05-16,2026-05-30,2,2,94.60418769281905,94.60418769281905,0.0,36.215368860495985,94.60418769281905,152.9930065251421,850.919494877121,2026-05-16,2026-05-30,mlf_lightgbm
42,2026-05-16,2026-06-06,3,3,80.50377237092707,80.50377237092707,0.0,0.0,80.50377237092707,270.01628669065303,1091.545104621246,2026-05-16,2026-06-06,mlf_lightgbm
42,2026-05-16,2026-06-13,4,4,69.93229082662847,69.93229082662847,0.0,0.0,69.93229082662847,391.59762595956454,569.1975664699647,2026-05-16,2026-06-13,mlf_lightgbm
44,2026-05-16,2026-05-23,1,1,9.386183313040421,9.386183313040421,0.0,4.494193608669809,9.386183313040421,14.278173017411033,40.760966472897564,2026-05-16,2026-05-23,mlf_lightgbm
44,2026-05-16,2026-05-30,2,2,8.012731483216154,8.012731483216154,0.0,0.0,8.012731483216154,16.390576392902183,63.832399796797105,2026-05-16,2026-05-30,mlf_lightgbm
44,2026-05-16,2026-06-06,3,3,7.25836302620816,7.25836302620816,0.0,0.0,7.25836302620816,18.057465514569717,92.164424045749,2026-05-16,2026-06-06,mlf_lightgbm
44,2026-05-16,2026-06-13,4,4,6.18783106822966,6.18783106822966,0.0,0.30104113696166124,6.18783106822966,12.074620999497657,106.9035295300261,2026-05-16,2026-06-13,mlf_lightgbm
45,2026-05-16,2026-05-23,1,1,7.381708114549037,7.381708114549037,0.0,0.0,7.381708114549037,51.865450601778925,78.44403525860213,2026-05-16,2026-05-23,mlf_lightgbm
45,2026-05-16,2026-05-30,2,2,6.48666312330837,6.48666312330837,0.0,0.0,6.48666312330837,67.63095404307751,158.6598303818444,2026-05-16,2026-05-30,mlf_lightgbm
45,2026-05-16,2026-06-06,3,3,6.062176885143056,6.062176885143056,0.0,0.0,6.062176885143056,61.91201637470952,160.5097034742452,2026-05-16,2026-06-06,mlf_lightgbm
45,2026-05-16,2026-06-13,4,4,5.436094298341072,5.436094298341072,0.0,0.0,5.436094298341072,43.87923643549871,135.76354542724226,2026-05-16,2026-06-13,mlf_lightgbm
46,2026-05-16,2026-05-23,1,1,4.470066215888241,4.470066215888241,0.0,0.0,4.470066215888241,15.548764984877755,37.79760195201331,2026-05-16,2026-05-23,mlf_lightgbm
46,2026-05-16,2026-05-30,2,2,4.595720398974845,4.595720398974845,0.0,0.0,4.595720398974845,17.474448347408444,85.09175258067802,2026-05-16,2026-05-30,mlf_lightgbm
46,2026-05-16,2026-06-06,3,3,4.778252012684101,4.778252012684101,0.0,0.0,4.778252012684101,20.202340217879417,135.71816766394616,2026-05-16,2026-06-06,mlf_lightgbm
46,2026-05-16,2026-06-13,4,4,4.778014039419034,4.778014039419034,0.0,0.0,4.778014039419034,19.672547868851595,114.70322994068512,2026-05-16,2026-06-13,mlf_lightgbm
47,2026-05-16,2026-05-23,1,1,32.14515276249349,32.14515276249349,0.0,0.0,32.14515276249349,75.75997605097277,81.38618332788171,2026-05-16,2026-05-23,mlf_lightgbm
47,2026-05-16,2026-05-30,2,2,29.603225617945373,29.603225617945373,0.0,0.0,29.603225617945373,84.04930933085379,90.63415701158854,2026-05-16,2026-05-30,mlf_lightgbm
47,2026-05-16,2026-06-06,3,3,30.206242139155115,30.206242139155115,0.0,0.0,30.206242139155115,92.57062450795513,108.74245205387793,2026-05-16,2026-06-06,mlf_lightgbm
47,2026-05-16,2026-06-13,4,4,32.17573353740666,32.17573353740666,0.0,0.0,32.17573353740666,94.08037533618675,134.55210370376207,2026-05-16,2026-06-13,mlf_lightgbm
48,2026-05-16,2026-05-23,1,1,102.58330246378344,102.58330246378344,0.0,42.934639472597524,102.58330246378344,162.23196545496936,464.0850273719816,2026-05-16,2026-05-23,mlf_lightgbm
48,2026-05-16,2026-05-30,2,2,88.67332488312596,88.67332488312596,0.0,0.0,88.67332488312596,194.09503667521037,921.396123325008,2026-05-16,2026-05-30,mlf_lightgbm
48,2026-05-16,2026-06-06,3,3,85.03694398988378,85.03694398988378,0.0,0.0,85.03694398988378,213.170222965674,1068.3419366433732,2026-05-16,2026-06-06,mlf_lightgbm
48,2026-05-16,2026-06-13,4,4,81.63283999449698,81.63283999449698,0.0,0.0,81.63283999449698,201.07338410537966,938.3683016284529,2026-05-16,2026-06-13,mlf_lightgbm
49,2026-05-16,2026-05-23,1,1,7.680690330305562,7.680690330305562,0.0,0.0,7.680690330305562,33.30226196365379,39.433095363354276,2026-05-16,2026-05-23,mlf_lightgbm
49,2026-05-16,2026-05-30,2,2,7.884475527672189,7.884475527672189,0.0,0.0,7.884475527672189,37.63251250544559,60.0557231684414,2026-05-16,2026-05-30,mlf_lightgbm
49,2026-05-16,2026-06-06,3,3,8.033789440848684,8.033789440848684,0.0,0.0,8.033789440848684,43.44639676589051,78.54591207986017,2026-05-16,2026-06-06,mlf_lightgbm
49,2026-05-16,2026-06-13,4,4,7.566342437964231,7.566342437964231,0.0,0.0,7.566342437964231,31.09913802240268,99.43087275412896,2026-05-16,2026-06-13,mlf_lightgbm
50,2026-05-16,2026-05-23,1,1,2.232366058314996,2.232366058314996,0.0,0.0,2.232366058314996,8.349980770735904,17.237621457632695,2026-05-16,2026-05-23,mlf_lightgbm
50,2026-05-16,2026-05-30,2,2,2.387945342786003,2.387945342786003,0.0,0.0,2.387945342786003,8.023408389037552,27.190191612952336,2026-05-16,2026-05-30,mlf_lightgbm
50,2026-05-16,2026-06-06,3,3,2.387945342786003,2.387945342786003,0.0,0.0,2.387945342786003,10.682949050563108,43.37211643544769,2026-05-16,2026-06-06,mlf_lightgbm
50,2026-05-16,2026-06-13,4,4,2.387945342786003,2.387945342786003,0.0,0.0,2.387945342786003,11.99238780570567,55.03111749163368,2026-05-16,2026-06-13,mlf_lightgbm
51,2026-05-16,2026-05-23,1,1,18.500163389069737,18.500163389069737,0.0,0.0,18.500163389069737,88.40149438684284,149.79267788205624,2026-05-16,2026-05-23,mlf_lightgbm
51,2026-05-16,2026-05-30,2,2,18.624691117995894,18.624691117995894,0.0,0.0,18.624691117995894,120.4451715278379,237.79261269325653,2026-05-16,2026-05-30,mlf_lightgbm
51,2026-05-16,2026-06-06,3,3,18.78507189993183,18.78507189993183,0.0,0.0,18.78507189993183,111.58930972522668,278.7456014766654,2026-05-16,2026-06-06,mlf_lightgbm
51,2026-05-16,2026-06-13,4,4,18.78507189993183,18.78507189993183,0.0,0.0,18.78507189993183,48.64291268985403,241.19761869385496,2026-05-16,2026-06-13,mlf_lightgbm
53,2026-05-16,2026-05-23,1,1,24.738101791177748,24.738101791177748,0.0,11.230640394474715,24.738101791177748,38.24556318788078,68.65750772598128,2026-05-16,2026-05-23,mlf_lightgbm
53,2026-05-16,2026-05-30,2,2,22.55825743915455,22.55825743915455,0.0,0.0,22.55825743915455,57.70703771076798,122.09506361528557,2026-05-16,2026-05-30,mlf_lightgbm
53,2026-05-16,2026-06-06,3,3,21.44138410447301,21.44138410447301,0.0,0.0,21.44138410447301,81.58528046477333,255.908515873463,2026-05-16,2026-06-06,mlf_lightgbm
53,2026-05-16,2026-06-13,4,4,20.412770930787126,20.412770930787126,0.0,0.0,20.412770930787126,75.70657758202542,300.23779779103285,2026-05-16,2026-06-13,mlf_lightgbm
54,2026-05-16,2026-05-23,1,1,4.347614762922849,4.347614762922849,0.0,0.0,4.347614762922849,44.75614732992367,52.1438488117311,2026-05-16,2026-05-23,mlf_lightgbm
54,2026-05-16,2026-05-30,2,2,4.104602956515603,4.104602956515603,0.0,0.0,4.104602956515603,79.16249880882684,215.21590707983427,2026-05-16,2026-05-30,mlf_lightgbm
54,2026-05-16,2026-06-06,3,3,4.470066215888241,4.470066215888241,0.0,0.0,4.470066215888241,92.37276172986064,378.06297161632125,2026-05-16,2026-06-06,mlf_lightgbm
54,2026-05-16,2026-06-13,4,4,4.28503115499687,4.28503115499687,0.0,0.0,4.28503115499687,98.49508803924424,481.7703446343451,2026-05-16,2026-06-13,mlf_lightgbm
55,2026-05-16,2026-05-23,1,1,6.238060388701608,6.238060388701608,0.0,0.0,6.238060388701608,29.81377925304573,78.81952943385465,2026-05-16,2026-05-23,mlf_lightgbm
55,2026-05-16,2026-05-30,2,2,4.945214829146896,4.945214829146896,0.0,0.0,4.945214829146896,57.21734041047559,109.5763775240347,2026-05-16,2026-05-30,mlf_lightgbm
55,2026-05-16,2026-06-06,3,3,4.90851305818081,4.90851305818081,0.0,0.0,4.90851305818081,64.33260486881143,109.31268817932238,2026-05-16,2026-06-06,mlf_lightgbm
55,2026-05-16,2026-06-13,4,4,4.90851305818081,4.90851305818081,0.0,0.0,4.90851305818081,46.49461130493308,88.66679322663929,2026-05-16,2026-06-13,mlf_lightgbm
56,2026-05-16,2026-05-23,1,1,6.9474358089651185,6.9474358089651185,0.0,0.0,6.9474358089651185,14.94388759644671,21.494702343886292,2026-05-16,2026-05-23,mlf_lightgbm
56,2026-05-16,2026-05-30,2,2,6.496048453250795,6.496048453250795,0.0,0.0,6.496048453250795,13.352400870504969,22.058997369136133,2026-05-16,2026-05-30,mlf_lightgbm
56,2026-05-16,2026-06-06,3,3,6.18783106822966,6.18783106822966,0.0,0.0,6.18783106822966,13.22843879148647,22.94163528171426,2026-05-16,2026-06-06,mlf_lightgbm
56,2026-05-16,2026-06-13,4,4,5.436094298341072,5.436094298341072,0.0,0.0,5.436094298341072,15.121332851313657,36.43626624030628,2026-05-16,2026-06-13,mlf_lightgbm
72,2026-05-16,2026-05-23,1,1,72.73975233816428,72.73975233816428,0.0,24.5747787361192,72.73975233816428,120.90472594020936,178.63244809835842,2026-05-16,2026-05-23,mlf_lightgbm
72,2026-05-16,2026-05-30,2,2,84.04202702910247,84.04202702910247,0.0,30.983427793277095,84.04202702910247,137.10062626492785,232.95942980135595,2026-05-16,2026-05-30,mlf_lightgbm
72,2026-05-16,2026-06-06,3,3,88.49837219842887,88.49837219842887,0.0,0.0,88.49837219842887,203.18783868993836,294.93245244292956,2026-05-16,2026-06-06,mlf_lightgbm
72,2026-05-16,2026-06-13,4,4,92.27268319018133,92.27268319018133,0.0,0.0,92.27268319018133,197.40093325964938,270.50198547677644,2026-05-16,2026-06-13,mlf_lightgbm
