location,cutoff_date,forecast_date,forecast_week,horizon,forecast,predicted,predicted_q05,predicted_q25,predicted_q50,predicted_q75,predicted_q95,reference_date,target_end_date,model_family
01,2025-10-04,2025-10-11,1,1,22.159833908081055,22.159833908081055,12.04067325592041,18.920644760131836,22.159833908081055,25.127071380615234,33.25128936767578,2025-10-04,2025-10-11,nf_nhits
01,2025-10-04,2025-10-18,2,2,22.211496353149414,22.211496353149414,10.742511749267578,18.769371032714844,22.211496353149414,26.0073184967041,39.064945220947266,2025-10-04,2025-10-18,nf_nhits
01,2025-10-04,2025-10-25,3,3,24.14560317993164,24.14560317993164,9.935331344604492,19.359027862548828,24.14560317993164,29.259002685546875,46.28330612182617,2025-10-04,2025-10-25,nf_nhits
01,2025-10-04,2025-11-01,4,4,25.319387435913086,25.319387435913086,9.532313346862793,20.26561737060547,25.319387435913086,32.075584411621094,50.774898529052734,2025-10-04,2025-11-01,nf_nhits
02,2025-10-04,2025-10-11,1,1,3.302518844604492,3.302518844604492,0.0,1.6750462055206299,3.302518844604492,4.930557727813721,7.224189281463623,2025-10-04,2025-10-11,nf_nhits
02,2025-10-04,2025-10-18,2,2,4.561785697937012,4.561785697937012,0.0,2.495396614074707,4.561785697937012,6.80177116394043,12.878913879394531,2025-10-04,2025-10-18,nf_nhits
02,2025-10-04,2025-10-25,3,3,7.404718399047852,7.404718399047852,0.0,3.660536766052246,7.404718399047852,10.196773529052734,19.091724395751953,2025-10-04,2025-10-25,nf_nhits
02,2025-10-04,2025-11-01,4,4,9.073678970336914,9.073678970336914,0.0,4.578096866607666,9.073678970336914,12.836655616760254,23.304975509643555,2025-10-04,2025-11-01,nf_nhits
04,2025-10-04,2025-10-11,1,1,20.977739334106445,20.977739334106445,8.320987701416016,16.554563522338867,20.977739334106445,26.204898834228516,37.71799087524414,2025-10-04,2025-10-11,nf_nhits
04,2025-10-04,2025-10-18,2,2,22.693620681762695,22.693620681762695,8.12850570678711,18.288835525512695,22.693620681762695,28.923629760742188,49.69057083129883,2025-10-04,2025-10-18,nf_nhits
04,2025-10-04,2025-10-25,3,3,27.6903018951416,27.6903018951416,7.653367042541504,20.969200134277344,27.6903018951416,35.879112243652344,62.69432067871094,2025-10-04,2025-10-25,nf_nhits
04,2025-10-04,2025-11-01,4,4,31.41138458251953,31.41138458251953,7.779593467712402,23.121437072753906,31.41138458251953,42.44414520263672,71.85204315185547,2025-10-04,2025-11-01,nf_nhits
05,2025-10-04,2025-10-11,1,1,6.819161415100098,6.819161415100098,0.0,4.441722869873047,6.819161415100098,10.424392700195312,15.026298522949219,2025-10-04,2025-10-11,nf_nhits
05,2025-10-04,2025-10-18,2,2,13.353232383728027,13.353232383728027,1.4602264165878296,9.407472610473633,13.353232383728027,17.190475463867188,29.762405395507812,2025-10-04,2025-10-18,nf_nhits
05,2025-10-04,2025-10-25,3,3,23.805078506469727,23.805078506469727,3.490447998046875,16.146657943725586,23.805078506469727,28.304332733154297,50.78347396850586,2025-10-04,2025-10-25,nf_nhits
05,2025-10-04,2025-11-01,4,4,33.20366287231445,33.20366287231445,3.9316821098327637,20.7451229095459,33.20366287231445,39.8837776184082,66.19528198242188,2025-10-04,2025-11-01,nf_nhits
06,2025-10-04,2025-10-11,1,1,101.8978271484375,101.8978271484375,48.56768798828125,87.0921859741211,101.8978271484375,117.65650939941406,166.00794982910156,2025-10-04,2025-10-11,nf_nhits
06,2025-10-04,2025-10-18,2,2,114.50688171386719,114.50688171386719,48.027164459228516,95.98834991455078,114.50688171386719,137.49765014648438,217.60577392578125,2025-10-04,2025-10-18,nf_nhits
06,2025-10-04,2025-10-25,3,3,147.3729705810547,147.3729705810547,47.40648651123047,113.73768615722656,147.3729705810547,181.882568359375,295.40875244140625,2025-10-04,2025-10-25,nf_nhits
06,2025-10-04,2025-11-01,4,4,164.95803833007812,164.95803833007812,49.58251953125,125.2971420288086,164.95803833007812,211.78485107421875,340.9994201660156,2025-10-04,2025-11-01,nf_nhits
08,2025-10-04,2025-10-11,1,1,10.759269714355469,10.759269714355469,2.2112345695495605,7.30996561050415,10.759269714355469,15.960662841796875,22.53367042541504,2025-10-04,2025-10-11,nf_nhits
08,2025-10-04,2025-10-18,2,2,17.767263412475586,17.767263412475586,3.7519068717956543,13.001259803771973,17.767263412475586,23.35862159729004,41.02103805541992,2025-10-04,2025-10-18,nf_nhits
08,2025-10-04,2025-10-25,3,3,29.381799697875977,29.381799697875977,5.705813884735107,20.14649772644043,29.381799697875977,36.054569244384766,65.37517547607422,2025-10-04,2025-10-25,nf_nhits
08,2025-10-04,2025-11-01,4,4,40.160423278808594,40.160423278808594,6.167243480682373,25.262834548950195,40.160423278808594,49.9267692565918,83.64396667480469,2025-10-04,2025-11-01,nf_nhits
09,2025-10-04,2025-10-11,1,1,9.43283462524414,9.43283462524414,2.4890947341918945,6.206658363342285,9.43283462524414,12.997873306274414,18.34592628479004,2025-10-04,2025-10-11,nf_nhits
09,2025-10-04,2025-10-18,2,2,11.6322603225708,11.6322603225708,2.504840135574341,8.080297470092773,11.6322603225708,15.875158309936523,27.438322067260742,2025-10-04,2025-10-18,nf_nhits
09,2025-10-04,2025-10-25,3,3,16.743728637695312,16.743728637695312,2.7084217071533203,10.951600074768066,16.743728637695312,22.4968318939209,39.653236389160156,2025-10-04,2025-10-25,nf_nhits
09,2025-10-04,2025-11-01,4,4,20.110607147216797,20.110607147216797,2.9560368061065674,12.837459564208984,20.110607147216797,27.703218460083008,47.37748336791992,2025-10-04,2025-11-01,nf_nhits
10,2025-10-04,2025-10-11,1,1,2.2880160808563232,2.2880160808563232,0.0,0.5494182109832764,2.2880160808563232,4.48515510559082,6.677986145019531,2025-10-04,2025-10-11,nf_nhits
10,2025-10-04,2025-10-18,2,2,3.8144290447235107,3.8144290447235107,0.0,2.116870641708374,3.8144290447235107,6.476021766662598,13.950326919555664,2025-10-04,2025-10-18,nf_nhits
10,2025-10-04,2025-10-25,3,3,7.294560432434082,7.294560432434082,0.0,3.7920451164245605,7.294560432434082,9.77905559539795,20.839277267456055,2025-10-04,2025-10-25,nf_nhits
10,2025-10-04,2025-11-01,4,4,10.447612762451172,10.447612762451172,0.0,5.327144622802734,10.447612762451172,14.127826690673828,26.691165924072266,2025-10-04,2025-11-01,nf_nhits
11,2025-10-04,2025-10-11,1,1,10.14645767211914,10.14645767211914,4.2977294921875,7.812897682189941,10.14645767211914,13.830202102661133,16.107505798339844,2025-10-04,2025-10-11,nf_nhits
11,2025-10-04,2025-10-18,2,2,16.971817016601562,16.971817016601562,5.623966217041016,13.48729419708252,16.971817016601562,21.458314895629883,30.505970001220703,2025-10-04,2025-10-18,nf_nhits
11,2025-10-04,2025-10-25,3,3,26.87105369567871,26.87105369567871,8.604814529418945,20.441274642944336,26.87105369567871,30.472637176513672,50.96110153198242,2025-10-04,2025-10-25,nf_nhits
11,2025-10-04,2025-11-01,4,4,38.39574432373047,38.39574432373047,8.192283630371094,25.773483276367188,38.39574432373047,43.56488800048828,68.47439575195312,2025-10-04,2025-11-01,nf_nhits
12,2025-10-04,2025-10-11,1,1,148.6015625,148.6015625,78.39217376708984,127.87274932861328,148.6015625,162.56982421875,220.98756408691406,2025-10-04,2025-10-11,nf_nhits
12,2025-10-04,2025-10-18,2,2,148.3284454345703,148.3284454345703,70.57974243164062,127.38693237304688,148.3284454345703,169.9404754638672,253.73968505859375,2025-10-04,2025-10-18,nf_nhits
12,2025-10-04,2025-10-25,3,3,162.3524932861328,162.3524932861328,64.83523559570312,131.18869018554688,162.3524932861328,192.41241455078125,302.60125732421875,2025-10-04,2025-10-25,nf_nhits
12,2025-10-04,2025-11-01,4,4,168.86978149414062,168.86978149414062,62.129966735839844,135.81117248535156,168.86978149414062,210.21559143066406,330.94964599609375,2025-10-04,2025-11-01,nf_nhits
13,2025-10-04,2025-10-11,1,1,28.352251052856445,28.352251052856445,15.798857688903809,24.0657901763916,28.352251052856445,32.858821868896484,43.914405822753906,2025-10-04,2025-10-11,nf_nhits
13,2025-10-04,2025-10-18,2,2,31.035053253173828,31.035053253173828,15.189313888549805,26.419015884399414,31.035053253173828,37.20917510986328,59.02177810668945,2025-10-04,2025-10-18,nf_nhits
13,2025-10-04,2025-10-25,3,3,39.39870071411133,39.39870071411133,15.504171371459961,31.229970932006836,39.39870071411133,47.649742126464844,77.98705291748047,2025-10-04,2025-10-25,nf_nhits
13,2025-10-04,2025-11-01,4,4,44.658390045166016,44.658390045166016,15.926627159118652,34.6839714050293,44.658390045166016,56.46175765991211,89.96727752685547,2025-10-04,2025-11-01,nf_nhits
15,2025-10-04,2025-10-11,1,1,1.1502207517623901,1.1502207517623901,0.0,0.0,1.1502207517623901,2.502387046813965,4.333873748779297,2025-10-04,2025-10-11,nf_nhits
15,2025-10-04,2025-10-18,2,2,1.215545415878296,1.215545415878296,0.0,0.0,1.215545415878296,2.427572250366211,5.457060813903809,2025-10-04,2025-10-18,nf_nhits
15,2025-10-04,2025-10-25,3,3,1.3029439449310303,1.3029439449310303,0.0,0.0,1.3029439449310303,2.7241241931915283,6.019304275512695,2025-10-04,2025-10-25,nf_nhits
15,2025-10-04,2025-11-01,4,4,1.4819027185440063,1.4819027185440063,0.0,0.07753907144069672,1.4819027185440063,3.0922484397888184,6.6982879638671875,2025-10-04,2025-11-01,nf_nhits
16,2025-10-04,2025-10-11,1,1,2.523905038833618,2.523905038833618,0.0,0.9474432468414307,2.523905038833618,4.964859962463379,7.792843341827393,2025-10-04,2025-10-11,nf_nhits
16,2025-10-04,2025-10-18,2,2,3.900590419769287,3.900590419769287,0.0,2.1855721473693848,3.900590419769287,6.424352169036865,13.54458236694336,2025-10-04,2025-10-18,nf_nhits
16,2025-10-04,2025-10-25,3,3,6.670102596282959,6.670102596282959,0.0,3.65008282661438,6.670102596282959,9.512187957763672,19.446054458618164,2025-10-04,2025-10-25,nf_nhits
16,2025-10-04,2025-11-01,4,4,9.259255409240723,9.259255409240723,0.0,4.91035795211792,9.259255409240723,13.166305541992188,24.158641815185547,2025-10-04,2025-11-01,nf_nhits
17,2025-10-04,2025-10-11,1,1,14.330971717834473,14.330971717834473,6.003912925720215,10.951105117797852,14.330971717834473,18.095243453979492,27.453529357910156,2025-10-04,2025-10-11,nf_nhits
17,2025-10-04,2025-10-18,2,2,15.17073917388916,15.17073917388916,5.44304084777832,11.876653671264648,15.17073917388916,19.61225700378418,34.40947341918945,2025-10-04,2025-10-18,nf_nhits
17,2025-10-04,2025-10-25,3,3,17.700721740722656,17.700721740722656,4.7409257888793945,12.833340644836426,17.700721740722656,23.621246337890625,42.06029510498047,2025-10-04,2025-10-25,nf_nhits
17,2025-10-04,2025-11-01,4,4,19.585838317871094,19.585838317871094,4.690539360046387,13.742141723632812,19.585838317871094,27.499589920043945,48.00553894042969,2025-10-04,2025-11-01,nf_nhits
18,2025-10-04,2025-10-11,1,1,23.1779842376709,23.1779842376709,8.5738525390625,17.993560791015625,23.1779842376709,30.40647315979004,41.91255569458008,2025-10-04,2025-10-11,nf_nhits
18,2025-10-04,2025-10-18,2,2,34.22822952270508,34.22822952270508,11.195182800292969,27.127735137939453,34.22822952270508,42.584022521972656,73.64832305908203,2025-10-04,2025-10-18,nf_nhits
18,2025-10-04,2025-10-25,3,3,54.64807891845703,54.64807891845703,14.161834716796875,39.40557861328125,54.64807891845703,64.30307006835938,114.7793960571289,2025-10-04,2025-10-25,nf_nhits
18,2025-10-04,2025-11-01,4,4,71.89738464355469,71.89738464355469,15.600112915039062,48.121517181396484,71.89738464355469,87.5194320678711,144.71295166015625,2025-10-04,2025-11-01,nf_nhits
19,2025-10-04,2025-10-11,1,1,3.335385322570801,3.335385322570801,0.0,1.2881896495819092,3.335385322570801,6.33303689956665,10.054585456848145,2025-10-04,2025-10-11,nf_nhits
19,2025-10-04,2025-10-18,2,2,7.325488090515137,7.325488090515137,0.0,4.508495807647705,7.325488090515137,10.512612342834473,20.08693504333496,2025-10-04,2025-10-18,nf_nhits
19,2025-10-04,2025-10-25,3,3,13.36941909790039,13.36941909790039,0.11234453320503235,8.293394088745117,13.36941909790039,16.610271453857422,32.691856384277344,2025-10-04,2025-10-25,nf_nhits
19,2025-10-04,2025-11-01,4,4,19.64061164855957,19.64061164855957,0.31928136944770813,11.206567764282227,19.64061164855957,24.5627498626709,43.00626754760742,2025-10-04,2025-11-01,nf_nhits
20,2025-10-04,2025-10-11,1,1,16.44641876220703,16.44641876220703,6.40061092376709,12.650004386901855,16.44641876220703,21.911165237426758,26.514307022094727,2025-10-04,2025-10-11,nf_nhits
20,2025-10-04,2025-10-18,2,2,28.92531394958496,28.92531394958496,8.98507022857666,22.484766006469727,28.92531394958496,35.5249137878418,52.86720275878906,2025-10-04,2025-10-18,nf_nhits
20,2025-10-04,2025-10-25,3,3,47.01875305175781,47.01875305175781,13.515425682067871,34.91068649291992,47.01875305175781,53.26645278930664,90.63713073730469,2025-10-04,2025-10-25,nf_nhits
20,2025-10-04,2025-11-01,4,4,66.05716705322266,66.05716705322266,13.252936363220215,43.86373519897461,66.05716705322266,75.60072326660156,120.90052795410156,2025-10-04,2025-11-01,nf_nhits
21,2025-10-04,2025-10-11,1,1,21.830373764038086,21.830373764038086,6.008395195007324,16.295135498046875,21.830373764038086,29.529495239257812,40.53483200073242,2025-10-04,2025-10-11,nf_nhits
21,2025-10-04,2025-10-18,2,2,37.56835174560547,37.56835174560547,9.752965927124023,28.386934280395508,37.56835174560547,46.59709167480469,78.06298065185547,2025-10-04,2025-10-18,nf_nhits
21,2025-10-04,2025-10-25,3,3,63.03982925415039,63.03982925415039,14.111309051513672,44.35918426513672,63.03982925415039,73.6920394897461,130.68264770507812,2025-10-04,2025-10-25,nf_nhits
21,2025-10-04,2025-11-01,4,4,85.7119369506836,85.7119369506836,15.1493558883667,55.647064208984375,85.7119369506836,102.63504028320312,169.08872985839844,2025-10-04,2025-11-01,nf_nhits
22,2025-10-04,2025-10-11,1,1,34.89973449707031,34.89973449707031,20.156230926513672,29.930532455444336,34.89973449707031,39.0602912902832,51.24366760253906,2025-10-04,2025-10-11,nf_nhits
22,2025-10-04,2025-10-18,2,2,36.739906311035156,36.739906311035156,18.991472244262695,31.45235824584961,36.739906311035156,42.893150329589844,64.65776062011719,2025-10-04,2025-10-18,nf_nhits
22,2025-10-04,2025-10-25,3,3,43.949092864990234,43.949092864990234,18.288774490356445,35.29841613769531,43.949092864990234,52.38498306274414,82.6116714477539,2025-10-04,2025-10-25,nf_nhits
22,2025-10-04,2025-11-01,4,4,47.764713287353516,47.764713287353516,18.40161895751953,38.279197692871094,47.764713287353516,59.7118034362793,93.30864715576172,2025-10-04,2025-11-01,nf_nhits
23,2025-10-04,2025-10-11,1,1,1.1596605777740479,1.1596605777740479,0.0,0.0,1.1596605777740479,3.241396427154541,5.948705196380615,2025-10-04,2025-10-11,nf_nhits
23,2025-10-04,2025-10-18,2,2,1.5312135219573975,1.5312135219573975,0.0,0.24230104684829712,1.5312135219573975,3.7052369117736816,9.39700984954834,2025-10-04,2025-10-18,nf_nhits
23,2025-10-04,2025-10-25,3,3,2.470839500427246,2.470839500427246,0.0,0.6361560225486755,2.470839500427246,4.902638912200928,12.313212394714355,2025-10-04,2025-10-25,nf_nhits
23,2025-10-04,2025-11-01,4,4,3.4771950244903564,3.4771950244903564,0.0,1.1670504808425903,3.4771950244903564,6.7406086921691895,14.724868774414062,2025-10-04,2025-11-01,nf_nhits
24,2025-10-04,2025-10-11,1,1,3.2455484867095947,3.2455484867095947,0.0,1.5625581741333008,3.2455484867095947,5.117212772369385,9.540063858032227,2025-10-04,2025-10-11,nf_nhits
24,2025-10-04,2025-10-18,2,2,3.2085297107696533,3.2085297107696533,0.0,1.8960950374603271,3.2085297107696533,5.157834529876709,12.026533126831055,2025-10-04,2025-10-18,nf_nhits
24,2025-10-04,2025-10-25,3,3,3.761809825897217,3.761809825897217,0.0,2.082425594329834,3.761809825897217,5.734262466430664,13.11152458190918,2025-10-04,2025-10-25,nf_nhits
24,2025-10-04,2025-11-01,4,4,4.454215049743652,4.454215049743652,0.0,2.3720879554748535,4.454215049743652,7.199698448181152,14.853006362915039,2025-10-04,2025-11-01,nf_nhits
25,2025-10-04,2025-10-11,1,1,21.088111877441406,21.088111877441406,5.930452346801758,15.173017501831055,21.088111877441406,28.73386573791504,41.367225646972656,2025-10-04,2025-10-11,nf_nhits
25,2025-10-04,2025-10-18,2,2,30.827571868896484,30.827571868896484,7.519646644592285,22.711362838745117,30.827571868896484,40.13437271118164,69.13394165039062,2025-10-04,2025-10-18,nf_nhits
25,2025-10-04,2025-10-25,3,3,49.16785430908203,49.16785430908203,9.811463356018066,33.3586540222168,49.16785430908203,61.67338943481445,108.6718978881836,2025-10-04,2025-10-25,nf_nhits
25,2025-10-04,2025-11-01,4,4,63.26139831542969,63.26139831542969,10.585126876831055,40.272518157958984,63.26139831542969,81.03440856933594,135.0469512939453,2025-10-04,2025-11-01,nf_nhits
26,2025-10-04,2025-10-11,1,1,15.362180709838867,15.362180709838867,3.355037212371826,11.049141883850098,15.362180709838867,19.19438362121582,31.857759475708008,2025-10-04,2025-10-11,nf_nhits
26,2025-10-04,2025-10-18,2,2,15.066819190979004,15.066819190979004,2.356607437133789,11.08910083770752,15.066819190979004,19.578763961791992,35.1378173828125,2025-10-04,2025-10-18,nf_nhits
26,2025-10-04,2025-10-25,3,3,14.98336124420166,14.98336124420166,1.3282978534698486,10.623345375061035,14.98336124420166,20.488216400146484,38.25852966308594,2025-10-04,2025-10-25,nf_nhits
26,2025-10-04,2025-11-01,4,4,15.378806114196777,15.378806114196777,0.8306280374526978,10.774041175842285,15.378806114196777,21.597021102905273,40.968143463134766,2025-10-04,2025-11-01,nf_nhits
27,2025-10-04,2025-10-11,1,1,0.10446226596832275,0.10446226596832275,0.0,0.0,0.10446226596832275,1.2518072128295898,3.3213422298431396,2025-10-04,2025-10-11,nf_nhits
27,2025-10-04,2025-10-18,2,2,0.12649032473564148,0.12649032473564148,0.0,0.0,0.12649032473564148,1.2800124883651733,4.479672908782959,2025-10-04,2025-10-18,nf_nhits
27,2025-10-04,2025-10-25,3,3,0.30578672885894775,0.30578672885894775,0.0,0.0,0.30578672885894775,1.6215665340423584,5.170137405395508,2025-10-04,2025-10-25,nf_nhits
27,2025-10-04,2025-11-01,4,4,0.5388272404670715,0.5388272404670715,0.0,0.0,0.5388272404670715,2.0750670433044434,5.971085548400879,2025-10-04,2025-11-01,nf_nhits
28,2025-10-04,2025-10-11,1,1,15.835195541381836,15.835195541381836,8.118233680725098,13.172882080078125,15.835195541381836,18.267423629760742,24.347455978393555,2025-10-04,2025-10-11,nf_nhits
28,2025-10-04,2025-10-18,2,2,15.971240997314453,15.971240997314453,7.2784833908081055,13.176219940185547,15.971240997314453,18.87289810180664,28.346904754638672,2025-10-04,2025-10-18,nf_nhits
28,2025-10-04,2025-10-25,3,3,17.374526977539062,17.374526977539062,6.69911003112793,13.551931381225586,17.374526977539062,21.212099075317383,33.60971450805664,2025-10-04,2025-10-25,nf_nhits
28,2025-10-04,2025-11-01,4,4,18.127777099609375,18.127777099609375,6.54398775100708,14.126770973205566,18.127777099609375,23.054561614990234,36.77493667602539,2025-10-04,2025-11-01,nf_nhits
29,2025-10-04,2025-10-11,1,1,24.903072357177734,24.903072357177734,9.832843780517578,19.827360153198242,24.903072357177734,31.533832550048828,42.4913330078125,2025-10-04,2025-10-11,nf_nhits
29,2025-10-04,2025-10-18,2,2,38.864501953125,38.864501953125,12.515101432800293,30.301931381225586,38.864501953125,47.01607894897461,75.8702621459961,2025-10-04,2025-10-18,nf_nhits
29,2025-10-04,2025-10-25,3,3,64.00642395019531,64.00642395019531,16.65386962890625,46.191070556640625,64.00642395019531,75.94672393798828,126.9527587890625,2025-10-04,2025-10-25,nf_nhits
29,2025-10-04,2025-11-01,4,4,82.71702575683594,82.71702575683594,17.919267654418945,55.94509506225586,82.71702575683594,99.88765716552734,160.22113037109375,2025-10-04,2025-11-01,nf_nhits
30,2025-10-04,2025-10-11,1,1,10.11250114440918,10.11250114440918,1.9461467266082764,6.648683547973633,10.11250114440918,14.751989364624023,19.96318244934082,2025-10-04,2025-10-11,nf_nhits
30,2025-10-04,2025-10-18,2,2,18.046857833862305,18.046857833862305,3.922050952911377,13.38298511505127,18.046857833862305,23.265230178833008,39.680702209472656,2025-10-04,2025-10-18,nf_nhits
30,2025-10-04,2025-10-25,3,3,29.97499656677246,29.97499656677246,6.2472639083862305,20.875520706176758,29.97499656677246,34.716339111328125,64.50064849853516,2025-10-04,2025-10-25,nf_nhits
30,2025-10-04,2025-11-01,4,4,42.9863395690918,42.9863395690918,6.471210479736328,26.98529624938965,42.9863395690918,50.94881820678711,85.5223388671875,2025-10-04,2025-11-01,nf_nhits
31,2025-10-04,2025-10-11,1,1,1.9579412937164307,1.9579412937164307,0.0,0.5263808369636536,1.9579412937164307,3.8747520446777344,6.330957412719727,2025-10-04,2025-10-11,nf_nhits
31,2025-10-04,2025-10-18,2,2,2.3789901733398438,2.3789901733398438,0.0,0.7687298655509949,2.3789901733398438,4.482203960418701,9.486505508422852,2025-10-04,2025-10-18,nf_nhits
31,2025-10-04,2025-10-25,3,3,3.31410551071167,3.31410551071167,0.0,1.1030261516571045,3.31410551071167,5.860893249511719,12.541255950927734,2025-10-04,2025-10-25,nf_nhits
31,2025-10-04,2025-11-01,4,4,3.9881396293640137,3.9881396293640137,0.0,1.5420280694961548,3.9881396293640137,7.093688011169434,14.68218994140625,2025-10-04,2025-11-01,nf_nhits
32,2025-10-04,2025-10-11,1,1,5.111972808837891,5.111972808837891,0.8445629477500916,3.376060962677002,5.111972808837891,6.974492073059082,10.648486137390137,2025-10-04,2025-10-11,nf_nhits
32,2025-10-04,2025-10-18,2,2,5.178742408752441,5.178742408752441,0.6590673923492432,3.5536816120147705,5.178742408752441,7.270814418792725,13.795282363891602,2025-10-04,2025-10-18,nf_nhits
32,2025-10-04,2025-10-25,3,3,6.06585693359375,6.06585693359375,0.36843758821487427,3.8021059036254883,6.06585693359375,8.479375839233398,16.203136444091797,2025-10-04,2025-10-25,nf_nhits
32,2025-10-04,2025-11-01,4,4,6.700418472290039,6.700418472290039,0.5016377568244934,4.228952884674072,6.700418472290039,10.126229286193848,18.390335083007812,2025-10-04,2025-11-01,nf_nhits
33,2025-10-04,2025-10-11,1,1,4.548174858093262,4.548174858093262,0.9193516373634338,2.6738734245300293,4.548174858093262,7.129544734954834,10.280925750732422,2025-10-04,2025-10-11,nf_nhits
33,2025-10-04,2025-10-18,2,2,4.905753135681152,4.905753135681152,0.8480965495109558,3.6430153846740723,4.905753135681152,7.748152256011963,16.58319664001465,2025-10-04,2025-10-18,nf_nhits
33,2025-10-04,2025-10-25,3,3,6.6224589347839355,6.6224589347839355,0.8060234785079956,4.296349048614502,6.6224589347839355,9.02195930480957,20.20337677001953,2025-10-04,2025-10-25,nf_nhits
33,2025-10-04,2025-11-01,4,4,8.662467956542969,8.662467956542969,1.0507293939590454,5.406800746917725,8.662467956542969,12.495367050170898,24.24557876586914,2025-10-04,2025-11-01,nf_nhits
34,2025-10-04,2025-10-11,1,1,19.130859375,19.130859375,5.2848405838012695,13.666186332702637,19.130859375,26.193157196044922,40.58119201660156,2025-10-04,2025-10-11,nf_nhits
34,2025-10-04,2025-10-18,2,2,24.02709197998047,24.02709197998047,5.035500526428223,17.650846481323242,24.02709197998047,33.080894470214844,60.606422424316406,2025-10-04,2025-10-18,nf_nhits
34,2025-10-04,2025-10-25,3,3,35.39414596557617,35.39414596557617,5.714075088500977,23.973854064941406,35.39414596557617,47.823795318603516,87.70475769042969,2025-10-04,2025-10-25,nf_nhits
34,2025-10-04,2025-11-01,4,4,43.07801055908203,43.07801055908203,6.134879112243652,27.97575569152832,43.07801055908203,59.92603302001953,105.15699768066406,2025-10-04,2025-11-01,nf_nhits
35,2025-10-04,2025-10-11,1,1,0.19026072323322296,0.19026072323322296,0.0,0.0,0.19026072323322296,1.2173224687576294,2.8038556575775146,2025-10-04,2025-10-11,nf_nhits
35,2025-10-04,2025-10-18,2,2,0.16008053719997406,0.16008053719997406,0.0,0.0,0.16008053719997406,1.1408286094665527,3.2428605556488037,2025-10-04,2025-10-18,nf_nhits
35,2025-10-04,2025-10-25,3,3,0.10410459339618683,0.10410459339618683,0.0,0.0,0.10410459339618683,1.222233533859253,3.473206043243408,2025-10-04,2025-10-25,nf_nhits
35,2025-10-04,2025-11-01,4,4,0.15639415383338928,0.15639415383338928,0.0,0.0,0.15639415383338928,1.2870028018951416,3.8006794452667236,2025-10-04,2025-11-01,nf_nhits
36,2025-10-04,2025-10-11,1,1,22.07699966430664,22.07699966430664,10.633996963500977,17.589052200317383,22.07699966430664,26.621103286743164,41.48271560668945,2025-10-04,2025-10-11,nf_nhits
36,2025-10-04,2025-10-18,2,2,21.81729507446289,21.81729507446289,9.086429595947266,18.2824649810791,21.81729507446289,27.310144424438477,47.202579498291016,2025-10-04,2025-10-18,nf_nhits
36,2025-10-04,2025-10-25,3,3,22.213396072387695,22.213396072387695,8.1090087890625,18.032142639160156,22.213396072387695,28.96672821044922,51.8157844543457,2025-10-04,2025-10-25,nf_nhits
36,2025-10-04,2025-11-01,4,4,23.275432586669922,23.275432586669922,7.615171432495117,18.587791442871094,23.275432586669922,31.40126609802246,56.402793884277344,2025-10-04,2025-11-01,nf_nhits
37,2025-10-04,2025-10-11,1,1,22.38176918029785,22.38176918029785,8.727625846862793,17.61606788635254,22.38176918029785,28.671932220458984,40.58944320678711,2025-10-04,2025-10-11,nf_nhits
37,2025-10-04,2025-10-18,2,2,30.397571563720703,30.397571563720703,9.779153823852539,23.896984100341797,30.397571563720703,38.245052337646484,65.57830810546875,2025-10-04,2025-10-18,nf_nhits
37,2025-10-04,2025-10-25,3,3,47.04805374145508,47.04805374145508,11.951640129089355,33.757747650146484,47.04805374145508,57.56641387939453,100.09273529052734,2025-10-04,2025-10-25,nf_nhits
37,2025-10-04,2025-11-01,4,4,59.116886138916016,59.116886138916016,12.831316947937012,40.077152252197266,59.116886138916016,74.74604797363281,122.89066314697266,2025-10-04,2025-11-01,nf_nhits
38,2025-10-04,2025-10-11,1,1,4.219183444976807,4.219183444976807,0.46343183517456055,2.391937017440796,4.219183444976807,6.2894110679626465,8.561396598815918,2025-10-04,2025-10-11,nf_nhits
38,2025-10-04,2025-10-18,2,2,5.626684665679932,5.626684665679932,0.6441304087638855,3.8298721313476562,5.626684665679932,8.159939765930176,16.087181091308594,2025-10-04,2025-10-18,nf_nhits
38,2025-10-04,2025-10-25,3,3,8.979961395263672,8.979961395263672,0.8181914687156677,5.327363967895508,8.979961395263672,11.548592567443848,22.80960464477539,2025-10-04,2025-10-25,nf_nhits
38,2025-10-04,2025-11-01,4,4,11.622920989990234,11.622920989990234,1.2552800178527832,6.850437641143799,11.622920989990234,15.439356803894043,28.277753829956055,2025-10-04,2025-11-01,nf_nhits
39,2025-10-04,2025-10-11,1,1,18.345211029052734,18.345211029052734,5.669902801513672,12.717175483703613,18.345211029052734,25.53746223449707,40.22026062011719,2025-10-04,2025-10-11,nf_nhits
39,2025-10-04,2025-10-18,2,2,20.506113052368164,20.506113052368164,4.641296863555908,15.070887565612793,20.506113052368164,29.269088745117188,56.3970947265625,2025-10-04,2025-10-18,nf_nhits
39,2025-10-04,2025-10-25,3,3,27.206811904907227,27.206811904907227,4.141540050506592,18.27870750427246,27.206811904907227,38.49883270263672,75.00159454345703,2025-10-04,2025-10-25,nf_nhits
39,2025-10-04,2025-11-01,4,4,32.29473876953125,32.29473876953125,4.204785346984863,20.960670471191406,32.29473876953125,47.95344543457031,87.77777099609375,2025-10-04,2025-11-01,nf_nhits
40,2025-10-04,2025-10-11,1,1,22.134855270385742,22.134855270385742,12.323781967163086,18.513376235961914,22.134855270385742,26.167490005493164,33.455562591552734,2025-10-04,2025-10-11,nf_nhits
40,2025-10-04,2025-10-18,2,2,27.633207321166992,27.633207321166992,13.398662567138672,23.838960647583008,27.633207321166992,33.03106689453125,55.54629135131836,2025-10-04,2025-10-18,nf_nhits
40,2025-10-04,2025-10-25,3,3,39.86555099487305,39.86555099487305,14.636968612670898,30.643949508666992,39.86555099487305,45.31999206542969,79.30111694335938,2025-10-04,2025-10-25,nf_nhits
40,2025-10-04,2025-11-01,4,4,49.5286979675293,49.5286979675293,15.705899238586426,36.233253479003906,49.5286979675293,58.95762252807617,97.05242919921875,2025-10-04,2025-11-01,nf_nhits
41,2025-10-04,2025-10-11,1,1,3.041472911834717,3.041472911834717,0.5256370306015015,1.8837814331054688,3.041472911834717,4.22794246673584,6.318381309509277,2025-10-04,2025-10-11,nf_nhits
41,2025-10-04,2025-10-18,2,2,3.0740084648132324,3.0740084648132324,0.30436331033706665,1.9258216619491577,3.0740084648132324,4.279883861541748,7.6010212898254395,2025-10-04,2025-10-18,nf_nhits
41,2025-10-04,2025-10-25,3,3,3.347931385040283,3.347931385040283,0.09640669822692871,1.9741029739379883,3.347931385040283,4.81997537612915,8.644205093383789,2025-10-04,2025-10-25,nf_nhits
41,2025-10-04,2025-11-01,4,4,3.594008445739746,3.594008445739746,0.05851826071739197,2.125270128250122,3.594008445739746,5.364266395568848,9.62805461883545,2025-10-04,2025-11-01,nf_nhits
42,2025-10-04,2025-10-11,1,1,117.0409164428711,117.0409164428711,57.848140716552734,98.44374084472656,117.0409164428711,132.2362060546875,186.6676025390625,2025-10-04,2025-10-11,nf_nhits
42,2025-10-04,2025-10-18,2,2,121.32203674316406,121.32203674316406,53.874629974365234,100.61051940917969,121.32203674316406,144.0841522216797,223.2241973876953,2025-10-04,2025-10-18,nf_nhits
42,2025-10-04,2025-10-25,3,3,138.44606018066406,138.44606018066406,49.142799377441406,106.25594329833984,138.44606018066406,172.21315002441406,278.0306091308594,2025-10-04,2025-10-25,nf_nhits
42,2025-10-04,2025-11-01,4,4,147.5128631591797,147.5128631591797,48.40703582763672,111.44479370117188,147.5128631591797,191.22303771972656,309.66241455078125,2025-10-04,2025-11-01,nf_nhits
44,2025-10-04,2025-10-11,1,1,6.159217357635498,6.159217357635498,0.3625441789627075,3.6654560565948486,6.159217357635498,9.700736999511719,12.686540603637695,2025-10-04,2025-10-11,nf_nhits
44,2025-10-04,2025-10-18,2,2,12.46843433380127,12.46843433380127,1.7810338735580444,8.754667282104492,12.46843433380127,16.34845542907715,26.5972900390625,2025-10-04,2025-10-18,nf_nhits
44,2025-10-04,2025-10-25,3,3,21.264842987060547,21.264842987060547,3.8467869758605957,14.646167755126953,21.264842987060547,24.811275482177734,45.09562683105469,2025-10-04,2025-10-25,nf_nhits
44,2025-10-04,2025-11-01,4,4,31.16814422607422,31.16814422607422,3.7455480098724365,19.17443084716797,31.16814422607422,36.58771514892578,60.805335998535156,2025-10-04,2025-11-01,nf_nhits
45,2025-10-04,2025-10-11,1,1,23.187891006469727,23.187891006469727,10.134544372558594,18.985578536987305,23.187891006469727,28.955970764160156,37.58454895019531,2025-10-04,2025-10-11,nf_nhits
45,2025-10-04,2025-10-18,2,2,35.201622009277344,35.201622009277344,13.203951835632324,28.513797760009766,35.201622009277344,42.094295501708984,68.2548828125,2025-10-04,2025-10-18,nf_nhits
45,2025-10-04,2025-10-25,3,3,55.901580810546875,55.901580810546875,16.57931137084961,41.55906677246094,55.901580810546875,63.64611053466797,109.61097717285156,2025-10-04,2025-10-25,nf_nhits
45,2025-10-04,2025-11-01,4,4,73.55255889892578,73.55255889892578,17.64913558959961,50.67366409301758,73.55255889892578,86.54438018798828,139.69288635253906,2025-10-04,2025-11-01,nf_nhits
46,2025-10-04,2025-10-11,1,1,1.4243130683898926,1.4243130683898926,0.0,0.26790279150009155,1.4243130683898926,2.6870827674865723,3.9920027256011963,2025-10-04,2025-10-11,nf_nhits
46,2025-10-04,2025-10-18,2,2,1.603908896446228,1.603908896446228,0.0,0.4282004237174988,1.603908896446228,3.0255961418151855,6.2291741371154785,2025-10-04,2025-10-18,nf_nhits
46,2025-10-04,2025-10-25,3,3,2.24578595161438,2.24578595161438,0.0,0.6436988115310669,2.24578595161438,3.7914960384368896,7.870156288146973,2025-10-04,2025-10-25,nf_nhits
46,2025-10-04,2025-11-01,4,4,2.6630585193634033,2.6630585193634033,0.0,0.9629166722297668,2.6630585193634033,4.646046161651611,9.264989852905273,2025-10-04,2025-11-01,nf_nhits
47,2025-10-04,2025-10-11,1,1,28.17800521850586,28.17800521850586,12.166634559631348,23.44590187072754,28.17800521850586,32.40598678588867,46.276588439941406,2025-10-04,2025-10-11,nf_nhits
47,2025-10-04,2025-10-18,2,2,29.31468391418457,29.31468391418457,10.719813346862793,24.12934112548828,29.31468391418457,35.23440170288086,56.34036636352539,2025-10-04,2025-10-18,nf_nhits
47,2025-10-04,2025-10-25,3,3,34.354400634765625,34.354400634765625,9.84689998626709,26.30839729309082,34.354400634765625,42.81840515136719,70.95423126220703,2025-10-04,2025-10-25,nf_nhits
47,2025-10-04,2025-11-01,4,4,36.90309524536133,36.90309524536133,9.646102905273438,27.99335289001465,36.90309524536133,48.20949172973633,79.36709594726562,2025-10-04,2025-11-01,nf_nhits
48,2025-10-04,2025-10-11,1,1,111.19434356689453,111.19434356689453,58.35816192626953,96.62406158447266,111.19434356689453,122.47589874267578,167.722900390625,2025-10-04,2025-10-11,nf_nhits
48,2025-10-04,2025-10-18,2,2,118.3808364868164,118.3808364868164,54.2498664855957,101.11204528808594,118.3808364868164,136.2593536376953,206.10122680664062,2025-10-04,2025-10-18,nf_nhits
48,2025-10-04,2025-10-25,3,3,141.7332305908203,141.7332305908203,51.951881408691406,113.5523452758789,141.7332305908203,169.2467041015625,266.6355895996094,2025-10-04,2025-10-25,nf_nhits
48,2025-10-04,2025-11-01,4,4,153.6057891845703,153.6057891845703,51.57019805908203,121.92283630371094,153.6057891845703,190.86538696289062,300.4483337402344,2025-10-04,2025-11-01,nf_nhits
49,2025-10-04,2025-10-11,1,1,2.103538751602173,2.103538751602173,0.0,0.9454315900802612,2.103538751602173,3.4082250595092773,5.480774879455566,2025-10-04,2025-10-11,nf_nhits
49,2025-10-04,2025-10-18,2,2,2.140869140625,2.140869140625,0.0,0.9942024946212769,2.140869140625,3.393390655517578,6.829864025115967,2025-10-04,2025-10-18,nf_nhits
49,2025-10-04,2025-10-25,3,3,2.360111951828003,2.360111951828003,0.0,1.0370557308197021,2.360111951828003,3.7902095317840576,7.617249488830566,2025-10-04,2025-10-25,nf_nhits
49,2025-10-04,2025-11-01,4,4,2.6407876014709473,2.6407876014709473,0.0,1.1473772525787354,2.6407876014709473,4.355892658233643,8.488946914672852,2025-10-04,2025-11-01,nf_nhits
50,2025-10-04,2025-10-11,1,1,0.6924661993980408,0.6924661993980408,0.0,0.0,0.6924661993980408,2.331000328063965,3.8393046855926514,2025-10-04,2025-10-11,nf_nhits
50,2025-10-04,2025-10-18,2,2,1.2388718128204346,1.2388718128204346,0.0,0.0,1.2388718128204346,3.0870437622070312,7.382307052612305,2025-10-04,2025-10-18,nf_nhits
50,2025-10-04,2025-10-25,3,3,2.361914873123169,2.361914873123169,0.0,0.17455437779426575,2.361914873123169,4.500178337097168,10.610357284545898,2025-10-04,2025-10-25,nf_nhits
50,2025-10-04,2025-11-01,4,4,3.208871841430664,3.208871841430664,0.0,0.7222482562065125,3.208871841430664,6.003728866577148,13.123063087463379,2025-10-04,2025-11-01,nf_nhits
51,2025-10-04,2025-10-11,1,1,18.24808692932129,18.24808692932129,5.966667175292969,13.700340270996094,18.24808692932129,24.424514770507812,34.934410095214844,2025-10-04,2025-10-11,nf_nhits
51,2025-10-04,2025-10-18,2,2,26.199445724487305,26.199445724487305,7.348039150238037,20.070207595825195,26.199445724487305,33.55231475830078,58.111839294433594,2025-10-04,2025-10-18,nf_nhits
51,2025-10-04,2025-10-25,3,3,41.37729263305664,41.37729263305664,9.479503631591797,29.001636505126953,41.37729263305664,50.79706954956055,89.55716705322266,2025-10-04,2025-10-25,nf_nhits
51,2025-10-04,2025-11-01,4,4,53.44065475463867,53.44065475463867,10.246392250061035,34.9932861328125,53.44065475463867,67.39285278320312,111.34074401855469,2025-10-04,2025-11-01,nf_nhits
53,2025-10-04,2025-10-11,1,1,7.205043315887451,7.205043315887451,0.0,4.50479793548584,7.205043315887451,10.589862823486328,17.899892807006836,2025-10-04,2025-10-11,nf_nhits
53,2025-10-04,2025-10-18,2,2,8.616240501403809,8.616240501403809,0.0,5.721588134765625,8.616240501403809,12.597648620605469,24.981094360351562,2025-10-04,2025-10-18,nf_nhits
53,2025-10-04,2025-10-25,3,3,12.123370170593262,12.123370170593262,0.0,7.46444034576416,12.123370170593262,17.351579666137695,33.3568115234375,2025-10-04,2025-10-25,nf_nhits
53,2025-10-04,2025-11-01,4,4,14.555994987487793,14.555994987487793,0.0,8.824996948242188,14.555994987487793,21.65277862548828,39.28714370727539,2025-10-04,2025-11-01,nf_nhits
54,2025-10-04,2025-10-11,1,1,0.10946667194366455,0.10946667194366455,0.0,0.0,0.10946667194366455,2.2922866344451904,5.298535346984863,2025-10-04,2025-10-11,nf_nhits
54,2025-10-04,2025-10-18,2,2,0.5324392914772034,0.5324392914772034,0.0,0.0,0.5324392914772034,2.7263259887695312,8.910947799682617,2025-10-04,2025-10-18,nf_nhits
54,2025-10-04,2025-10-25,3,3,1.5425881147384644,1.5425881147384644,0.0,0.0,1.5425881147384644,3.953831672668457,11.683473587036133,2025-10-04,2025-10-25,nf_nhits
54,2025-10-04,2025-11-01,4,4,2.7314772605895996,2.7314772605895996,0.0,0.4183555543422699,2.7314772605895996,6.098575592041016,14.26183795928955,2025-10-04,2025-11-01,nf_nhits
55,2025-10-04,2025-10-11,1,1,7.9870123863220215,7.9870123863220215,1.6904962062835693,5.041197776794434,7.9870123863220215,11.775836944580078,18.011701583862305,2025-10-04,2025-10-11,nf_nhits
55,2025-10-04,2025-10-18,2,2,9.340936660766602,9.340936660766602,1.2089922428131104,6.242717266082764,9.340936660766602,13.81256103515625,25.920867919921875,2025-10-04,2025-10-18,nf_nhits
55,2025-10-04,2025-10-25,3,3,12.710173606872559,12.710173606872559,1.1391319036483765,7.945319175720215,12.710173606872559,18.51972770690918,35.421348571777344,2025-10-04,2025-10-25,nf_nhits
55,2025-10-04,2025-11-01,4,4,15.243781089782715,15.243781089782715,1.1836670637130737,9.277115821838379,15.243781089782715,22.70938491821289,41.611297607421875,2025-10-04,2025-11-01,nf_nhits
56,2025-10-04,2025-10-11,1,1,4.078100681304932,4.078100681304932,0.44515758752822876,2.36820125579834,4.078100681304932,6.053357124328613,7.583688735961914,2025-10-04,2025-10-11,nf_nhits
56,2025-10-04,2025-10-18,2,2,7.352147579193115,7.352147579193115,1.2361068725585938,5.2602033615112305,7.352147579193115,9.65121841430664,15.897529602050781,2025-10-04,2025-10-18,nf_nhits
56,2025-10-04,2025-10-25,3,3,12.634093284606934,12.634093284606934,2.406179904937744,8.575023651123047,12.634093284606934,14.623770713806152,26.461318969726562,2025-10-04,2025-10-25,nf_nhits
56,2025-10-04,2025-11-01,4,4,18.26274871826172,18.26274871826172,2.407562494277954,11.1196928024292,18.26274871826172,21.416091918945312,35.358890533447266,2025-10-04,2025-11-01,nf_nhits
72,2025-10-04,2025-10-11,1,1,68.32980346679688,68.32980346679688,29.726152420043945,56.68270492553711,68.32980346679688,76.31230163574219,106.59265899658203,2025-10-04,2025-10-11,nf_nhits
72,2025-10-04,2025-10-18,2,2,69.74934387207031,69.74934387207031,26.66426658630371,56.73029327392578,69.74934387207031,80.96499633789062,124.1722183227539,2025-10-04,2025-10-18,nf_nhits
72,2025-10-04,2025-10-25,3,3,76.97197723388672,76.97197723388672,24.24126434326172,58.26959991455078,76.97197723388672,93.83467102050781,150.0115203857422,2025-10-04,2025-10-25,nf_nhits
72,2025-10-04,2025-11-01,4,4,80.73822784423828,80.73822784423828,23.758169174194336,61.009178161621094,80.73822784423828,103.20252227783203,165.2957000732422,2025-10-04,2025-11-01,nf_nhits
01,2025-11-01,2025-11-08,1,1,15.28550910949707,15.28550910949707,9.510628700256348,13.314543724060059,15.28550910949707,17.254690170288086,21.078777313232422,2025-11-01,2025-11-08,nf_nhits
01,2025-11-01,2025-11-15,2,2,15.394890785217285,15.394890785217285,9.013940811157227,13.054067611694336,15.394890785217285,17.68207359313965,23.104887008666992,2025-11-01,2025-11-15,nf_nhits
01,2025-11-01,2025-11-22,3,3,15.523345947265625,15.523345947265625,8.641551971435547,12.906562805175781,15.523345947265625,18.27785301208496,25.821117401123047,2025-11-01,2025-11-22,nf_nhits
01,2025-11-01,2025-11-29,4,4,15.899144172668457,15.899144172668457,8.59104061126709,12.983351707458496,15.899144172668457,19.050535202026367,27.333797454833984,2025-11-01,2025-11-29,nf_nhits
02,2025-11-01,2025-11-08,1,1,0.0,0.0,0.0,0.0,0.0,1.1358180046081543,2.6128835678100586,2025-11-01,2025-11-08,nf_nhits
02,2025-11-01,2025-11-15,2,2,0.04777374118566513,0.04777374118566513,0.0,0.0,0.04777374118566513,1.1648725271224976,3.0918753147125244,2025-11-01,2025-11-15,nf_nhits
02,2025-11-01,2025-11-22,3,3,0.09676017612218857,0.09676017612218857,0.0,0.0,0.09676017612218857,1.2468600273132324,3.3023903369903564,2025-11-01,2025-11-22,nf_nhits
02,2025-11-01,2025-11-29,4,4,0.31990116834640503,0.31990116834640503,0.0,0.0,0.31990116834640503,1.3916195631027222,3.5033226013183594,2025-11-01,2025-11-29,nf_nhits
04,2025-11-01,2025-11-08,1,1,11.09920883178711,11.09920883178711,4.697567462921143,8.844914436340332,11.09920883178711,13.14383602142334,18.085182189941406,2025-11-01,2025-11-08,nf_nhits
04,2025-11-01,2025-11-15,2,2,10.909448623657227,10.909448623657227,4.363339900970459,8.704245567321777,10.909448623657227,13.119601249694824,19.012916564941406,2025-11-01,2025-11-15,nf_nhits
04,2025-11-01,2025-11-22,3,3,10.723498344421387,10.723498344421387,4.005593299865723,8.552533149719238,10.723498344421387,13.252508163452148,20.00250816345215,2025-11-01,2025-11-22,nf_nhits
04,2025-11-01,2025-11-29,4,4,10.72253131866455,10.72253131866455,3.844686985015869,8.496119499206543,10.72253131866455,13.47208309173584,20.65452003479004,2025-11-01,2025-11-29,nf_nhits
05,2025-11-01,2025-11-08,1,1,12.82023811340332,12.82023811340332,6.563399314880371,11.356287956237793,12.82023811340332,15.551776885986328,19.909038543701172,2025-11-01,2025-11-08,nf_nhits
05,2025-11-01,2025-11-15,2,2,19.525413513183594,19.525413513183594,8.126359939575195,16.031681060791016,19.525413513183594,23.367191314697266,34.652503967285156,2025-11-01,2025-11-15,nf_nhits
05,2025-11-01,2025-11-22,3,3,30.93308448791504,30.93308448791504,10.773144721984863,23.687700271606445,30.93308448791504,37.385257720947266,61.59575271606445,2025-11-01,2025-11-22,nf_nhits
05,2025-11-01,2025-11-29,4,4,38.61149215698242,38.61149215698242,12.202296257019043,28.392309188842773,38.61149215698242,46.5712890625,75.95834350585938,2025-11-01,2025-11-29,nf_nhits
06,2025-11-01,2025-11-08,1,1,158.27281188964844,158.27281188964844,103.39904022216797,146.24786376953125,158.27281188964844,166.98629760742188,199.55166625976562,2025-11-01,2025-11-08,nf_nhits
06,2025-11-01,2025-11-15,2,2,185.8526153564453,185.8526153564453,107.37555694580078,162.97335815429688,185.8526153564453,202.437744140625,265.87396240234375,2025-11-01,2025-11-15,nf_nhits
06,2025-11-01,2025-11-22,3,3,237.4447021484375,237.4447021484375,119.15824127197266,197.37977600097656,237.4447021484375,270.3014831542969,393.69287109375,2025-11-01,2025-11-22,nf_nhits
06,2025-11-01,2025-11-29,4,4,264.978759765625,264.978759765625,125.17372131347656,215.3668670654297,264.978759765625,307.08489990234375,458.3904113769531,2025-11-01,2025-11-29,nf_nhits
08,2025-11-01,2025-11-08,1,1,25.971153259277344,25.971153259277344,15.328474998474121,23.862442016601562,25.971153259277344,31.033376693725586,39.546775817871094,2025-11-01,2025-11-08,nf_nhits
08,2025-11-01,2025-11-15,2,2,40.714988708496094,40.714988708496094,18.915584564208984,34.082908630371094,40.714988708496094,48.42741394042969,70.79473876953125,2025-11-01,2025-11-15,nf_nhits
08,2025-11-01,2025-11-22,3,3,65.7985610961914,65.7985610961914,24.4393310546875,51.01933288574219,65.7985610961914,78.62849426269531,129.5793914794922,2025-11-01,2025-11-22,nf_nhits
08,2025-11-01,2025-11-29,4,4,82.34423828125,82.34423828125,27.080827713012695,61.45075607299805,82.34423828125,98.9181900024414,160.87518310546875,2025-11-01,2025-11-29,nf_nhits
09,2025-11-01,2025-11-08,1,1,8.883566856384277,8.883566856384277,4.214453220367432,7.18451452255249,8.883566856384277,10.485942840576172,13.367117881774902,2025-11-01,2025-11-08,nf_nhits
09,2025-11-01,2025-11-15,2,2,9.235825538635254,9.235825538635254,3.809384346008301,7.154955863952637,9.235825538635254,11.238260269165039,15.751699447631836,2025-11-01,2025-11-15,nf_nhits
09,2025-11-01,2025-11-22,3,3,9.791008949279785,9.791008949279785,3.6602697372436523,7.337965488433838,9.791008949279785,12.374353408813477,19.20926284790039,2025-11-01,2025-11-22,nf_nhits
09,2025-11-01,2025-11-29,4,4,10.175683975219727,10.175683975219727,3.7734339237213135,7.470294952392578,10.175683975219727,13.082839965820312,20.75641632080078,2025-11-01,2025-11-29,nf_nhits
10,2025-11-01,2025-11-08,1,1,6.545835018157959,6.545835018157959,2.538872241973877,5.528520584106445,6.545835018157959,8.043645858764648,10.728883743286133,2025-11-01,2025-11-08,nf_nhits
10,2025-11-01,2025-11-15,2,2,11.004964828491211,11.004964828491211,3.1431336402893066,8.710591316223145,11.004964828491211,13.890487670898438,21.171619415283203,2025-11-01,2025-11-15,nf_nhits
10,2025-11-01,2025-11-22,3,3,14.716875076293945,14.716875076293945,3.17808198928833,10.200359344482422,14.716875076293945,18.841459274291992,35.710609436035156,2025-11-01,2025-11-22,nf_nhits
10,2025-11-01,2025-11-29,4,4,17.637704849243164,17.637704849243164,3.758836030960083,11.481667518615723,17.637704849243164,23.05257225036621,42.517791748046875,2025-11-01,2025-11-29,nf_nhits
11,2025-11-01,2025-11-08,1,1,1.2074205875396729,1.2074205875396729,0.0,0.0,1.2074205875396729,2.6426544189453125,4.9863786697387695,2025-11-01,2025-11-08,nf_nhits
11,2025-11-01,2025-11-15,2,2,2.3081274032592773,2.3081274032592773,0.0,0.5518217086791992,2.3081274032592773,4.357802391052246,8.350202560424805,2025-11-01,2025-11-15,nf_nhits
11,2025-11-01,2025-11-22,3,3,2.954005002975464,2.954005002975464,0.0,0.5880728960037231,2.954005002975464,5.515995025634766,12.623310089111328,2025-11-01,2025-11-22,nf_nhits
11,2025-11-01,2025-11-29,4,4,3.336094856262207,3.336094856262207,0.0,0.6424967050552368,3.336094856262207,6.160166263580322,14.349740982055664,2025-11-01,2025-11-29,nf_nhits
12,2025-11-01,2025-11-08,1,1,268.7444152832031,268.7444152832031,179.80308532714844,251.1525421142578,268.7444152832031,283.69427490234375,334.3446044921875,2025-11-01,2025-11-08,nf_nhits
12,2025-11-01,2025-11-15,2,2,315.71905517578125,315.71905517578125,183.70741271972656,277.5690612792969,315.71905517578125,342.93548583984375,445.3475646972656,2025-11-01,2025-11-15,nf_nhits
12,2025-11-01,2025-11-22,3,3,399.0962219238281,399.0962219238281,201.08493041992188,332.9792175292969,399.0962219238281,453.9171447753906,660.2666625976562,2025-11-01,2025-11-22,nf_nhits
12,2025-11-01,2025-11-29,4,4,443.63348388671875,443.63348388671875,210.69752502441406,361.9510498046875,443.63348388671875,514.75341796875,767.0009765625,2025-11-01,2025-11-29,nf_nhits
13,2025-11-01,2025-11-08,1,1,36.087825775146484,36.087825775146484,22.515384674072266,32.843505859375,36.087825775146484,39.15847396850586,46.964134216308594,2025-11-01,2025-11-08,nf_nhits
13,2025-11-01,2025-11-15,2,2,43.42767333984375,43.42767333984375,23.48238182067871,37.12626266479492,43.42767333984375,48.41874313354492,64.59507751464844,2025-11-01,2025-11-15,nf_nhits
13,2025-11-01,2025-11-22,3,3,56.779937744140625,56.779937744140625,26.406538009643555,45.934593200683594,56.779937744140625,65.71749114990234,97.81873321533203,2025-11-01,2025-11-22,nf_nhits
13,2025-11-01,2025-11-29,4,4,63.805355072021484,63.805355072021484,28.134363174438477,50.554134368896484,63.805355072021484,75.1950912475586,114.45538330078125,2025-11-01,2025-11-29,nf_nhits
15,2025-11-01,2025-11-08,1,1,8.900022506713867,8.900022506713867,3.505190134048462,7.180077075958252,8.900022506713867,11.549723625183105,16.548337936401367,2025-11-01,2025-11-08,nf_nhits
15,2025-11-01,2025-11-15,2,2,12.488791465759277,12.488791465759277,4.228376388549805,9.632415771484375,12.488791465759277,16.277101516723633,25.311809539794922,2025-11-01,2025-11-15,nf_nhits
15,2025-11-01,2025-11-22,3,3,18.772085189819336,18.772085189819336,5.548251628875732,13.718230247497559,18.772085189819336,24.386390686035156,40.875423431396484,2025-11-01,2025-11-22,nf_nhits
15,2025-11-01,2025-11-29,4,4,22.746877670288086,22.746877670288086,6.3708295822143555,16.11205291748047,22.746877670288086,29.655597686767578,49.27814865112305,2025-11-01,2025-11-29,nf_nhits
16,2025-11-01,2025-11-08,1,1,12.268966674804688,12.268966674804688,6.668410301208496,11.106072425842285,12.268966674804688,15.099618911743164,19.1095027923584,2025-11-01,2025-11-08,nf_nhits
16,2025-11-01,2025-11-15,2,2,20.511526107788086,20.511526107788086,8.802595138549805,16.713544845581055,20.511526107788086,24.608177185058594,36.15220260620117,2025-11-01,2025-11-15,nf_nhits
16,2025-11-01,2025-11-22,3,3,34.2651481628418,34.2651481628418,11.820030212402344,26.160409927368164,34.2651481628418,41.117164611816406,68.30354309082031,2025-11-01,2025-11-22,nf_nhits
16,2025-11-01,2025-11-29,4,4,43.58109664916992,43.58109664916992,13.134147644042969,32.08942794799805,43.58109664916992,52.4445915222168,85.5671615600586,2025-11-01,2025-11-29,nf_nhits
17,2025-11-01,2025-11-08,1,1,55.51963424682617,55.51963424682617,33.44509506225586,51.443233489990234,55.51963424682617,64.33041381835938,80.05340576171875,2025-11-01,2025-11-08,nf_nhits
17,2025-11-01,2025-11-15,2,2,87.18323516845703,87.18323516845703,41.0842399597168,72.9078598022461,87.18323516845703,101.84130096435547,146.73648071289062,2025-11-01,2025-11-15,nf_nhits
17,2025-11-01,2025-11-22,3,3,143.59494018554688,143.59494018554688,53.10679626464844,111.51407623291016,143.59494018554688,170.57179260253906,275.9819641113281,2025-11-01,2025-11-22,nf_nhits
17,2025-11-01,2025-11-29,4,4,178.1876983642578,178.1876983642578,58.75056457519531,134.00491333007812,178.1876983642578,212.54449462890625,343.7895812988281,2025-11-01,2025-11-29,nf_nhits
18,2025-11-01,2025-11-08,1,1,22.51007843017578,22.51007843017578,13.608707427978516,20.32732391357422,22.51007843017578,24.6540470123291,29.951602935791016,2025-11-01,2025-11-08,nf_nhits
18,2025-11-01,2025-11-15,2,2,27.304065704345703,27.304065704345703,14.058494567871094,23.064756393432617,27.304065704345703,30.74627685546875,41.38048553466797,2025-11-01,2025-11-15,nf_nhits
18,2025-11-01,2025-11-22,3,3,34.79244613647461,34.79244613647461,15.693476676940918,27.842039108276367,34.79244613647461,40.701271057128906,61.77412414550781,2025-11-01,2025-11-22,nf_nhits
18,2025-11-01,2025-11-29,4,4,38.87287902832031,38.87287902832031,16.68865203857422,30.399734497070312,38.87287902832031,46.34815216064453,71.80973815917969,2025-11-01,2025-11-29,nf_nhits
19,2025-11-01,2025-11-08,1,1,5.377193927764893,5.377193927764893,1.8434832096099854,4.17814826965332,5.377193927764893,6.646592140197754,8.768145561218262,2025-11-01,2025-11-08,nf_nhits
19,2025-11-01,2025-11-15,2,2,6.9403533935546875,6.9403533935546875,1.3178138732910156,5.001336097717285,6.9403533935546875,9.463150024414062,14.282487869262695,2025-11-01,2025-11-15,nf_nhits
19,2025-11-01,2025-11-22,3,3,7.006303787231445,7.006303787231445,0.4516417980194092,4.132816314697266,7.006303787231445,9.93777847290039,20.175291061401367,2025-11-01,2025-11-22,nf_nhits
19,2025-11-01,2025-11-29,4,4,7.022233009338379,7.022233009338379,0.4942588806152344,3.794154644012451,7.022233009338379,10.183343887329102,21.79216766357422,2025-11-01,2025-11-29,nf_nhits
20,2025-11-01,2025-11-08,1,1,15.131643295288086,15.131643295288086,8.649079322814941,13.420116424560547,15.131643295288086,17.34523582458496,21.183738708496094,2025-11-01,2025-11-08,nf_nhits
20,2025-11-01,2025-11-15,2,2,21.216196060180664,21.216196060180664,9.47778034210205,17.19617462158203,21.216196060180664,24.839277267456055,34.7000732421875,2025-11-01,2025-11-15,nf_nhits
20,2025-11-01,2025-11-22,3,3,31.249860763549805,31.249860763549805,11.413183212280273,23.62190055847168,31.249860763549805,37.423072814941406,59.616451263427734,2025-11-01,2025-11-22,nf_nhits
20,2025-11-01,2025-11-29,4,4,36.40217971801758,36.40217971801758,12.549941062927246,26.884668350219727,36.40217971801758,43.98711013793945,71.67508697509766,2025-11-01,2025-11-29,nf_nhits
21,2025-11-01,2025-11-08,1,1,14.843372344970703,14.843372344970703,8.115815162658691,12.858933448791504,14.843372344970703,16.81203842163086,20.772598266601562,2025-11-01,2025-11-08,nf_nhits
21,2025-11-01,2025-11-15,2,2,16.428327560424805,16.428327560424805,7.50947904586792,13.36050796508789,16.428327560424805,19.061620712280273,26.123781204223633,2025-11-01,2025-11-15,nf_nhits
21,2025-11-01,2025-11-22,3,3,18.91477394104004,18.91477394104004,7.6125288009643555,14.516800880432129,18.91477394104004,22.968246459960938,35.199851989746094,2025-11-01,2025-11-22,nf_nhits
21,2025-11-01,2025-11-29,4,4,20.358938217163086,20.358938217163086,7.975616931915283,15.20290756225586,20.358938217163086,25.020282745361328,39.252960205078125,2025-11-01,2025-11-29,nf_nhits
22,2025-11-01,2025-11-08,1,1,53.58050537109375,53.58050537109375,34.63914108276367,49.84653091430664,53.58050537109375,58.12736129760742,69.42044830322266,2025-11-01,2025-11-08,nf_nhits
22,2025-11-01,2025-11-15,2,2,68.40906524658203,68.40906524658203,36.67463684082031,58.77223587036133,68.40906524658203,75.96919250488281,101.62647247314453,2025-11-01,2025-11-15,nf_nhits
22,2025-11-01,2025-11-22,3,3,94.06863403320312,94.06863403320312,42.3111572265625,75.76599884033203,94.06863403320312,108.55572509765625,163.62771606445312,2025-11-01,2025-11-22,nf_nhits
22,2025-11-01,2025-11-29,4,4,107.48128509521484,107.48128509521484,45.229679107666016,84.46235656738281,107.48128509521484,126.01146697998047,194.5205535888672,2025-11-01,2025-11-29,nf_nhits
23,2025-11-01,2025-11-08,1,1,3.3178672790527344,3.3178672790527344,0.7376224994659424,2.534656286239624,3.3178672790527344,4.618134498596191,6.318256378173828,2025-11-01,2025-11-08,nf_nhits
23,2025-11-01,2025-11-15,2,2,5.9025115966796875,5.9025115966796875,1.2550195455551147,4.217399597167969,5.9025115966796875,7.56861686706543,11.707501411437988,2025-11-01,2025-11-15,nf_nhits
23,2025-11-01,2025-11-22,3,3,9.423006057739258,9.423006057739258,2.078115224838257,6.531978130340576,9.423006057739258,11.947470664978027,20.765451431274414,2025-11-01,2025-11-22,nf_nhits
23,2025-11-01,2025-11-29,4,4,11.938885688781738,11.938885688781738,2.600170373916626,8.001317977905273,11.938885688781738,15.242679595947266,25.685094833374023,2025-11-01,2025-11-29,nf_nhits
24,2025-11-01,2025-11-08,1,1,19.067352294921875,19.067352294921875,10.337709426879883,17.045185089111328,19.067352294921875,22.935688018798828,29.49409294128418,2025-11-01,2025-11-08,nf_nhits
24,2025-11-01,2025-11-15,2,2,28.69282341003418,28.69282341003418,12.567157745361328,23.43426513671875,28.69282341003418,34.47536849975586,50.06494903564453,2025-11-01,2025-11-15,nf_nhits
24,2025-11-01,2025-11-22,3,3,45.8281364440918,45.8281364440918,16.161046981811523,34.994266510009766,45.8281364440918,55.53007507324219,89.68675231933594,2025-11-01,2025-11-22,nf_nhits
24,2025-11-01,2025-11-29,4,4,56.409461975097656,56.409461975097656,17.981304168701172,41.74038314819336,56.409461975097656,68.36518096923828,110.59964752197266,2025-11-01,2025-11-29,nf_nhits
25,2025-11-01,2025-11-08,1,1,23.22802734375,23.22802734375,13.614313125610352,20.714218139648438,23.22802734375,25.752443313598633,31.82691764831543,2025-11-01,2025-11-08,nf_nhits
25,2025-11-01,2025-11-15,2,2,28.36142921447754,28.36142921447754,14.63598346710205,24.042312622070312,28.36142921447754,32.36128234863281,44.51312255859375,2025-11-01,2025-11-15,nf_nhits
25,2025-11-01,2025-11-22,3,3,38.2668571472168,38.2668571472168,17.04543685913086,30.52055549621582,38.2668571472168,45.07712936401367,68.09713745117188,2025-11-01,2025-11-22,nf_nhits
25,2025-11-01,2025-11-29,4,4,43.54890060424805,43.54890060424805,18.404272079467773,33.99433135986328,43.54890060424805,51.88888168334961,80.12641906738281,2025-11-01,2025-11-29,nf_nhits
26,2025-11-01,2025-11-08,1,1,12.102604866027832,12.102604866027832,5.374946594238281,9.783622741699219,12.102604866027832,14.207488059997559,19.251094818115234,2025-11-01,2025-11-08,nf_nhits
26,2025-11-01,2025-11-15,2,2,11.8673677444458,11.8673677444458,5.065788269042969,9.696890830993652,11.8673677444458,14.217578887939453,20.10774803161621,2025-11-01,2025-11-15,nf_nhits
26,2025-11-01,2025-11-22,3,3,11.838261604309082,11.838261604309082,4.668632984161377,9.660478591918945,11.838261604309082,14.40527057647705,21.433319091796875,2025-11-01,2025-11-22,nf_nhits
26,2025-11-01,2025-11-29,4,4,11.845619201660156,11.845619201660156,4.460147380828857,9.612628936767578,11.845619201660156,14.665450096130371,22.310169219970703,2025-11-01,2025-11-29,nf_nhits
27,2025-11-01,2025-11-08,1,1,5.061796188354492,5.061796188354492,1.2054634094238281,3.7603392601013184,5.061796188354492,6.861056804656982,10.033621788024902,2025-11-01,2025-11-08,nf_nhits
27,2025-11-01,2025-11-15,2,2,6.33542537689209,6.33542537689209,1.1749577522277832,4.583608150482178,6.33542537689209,8.861543655395508,14.197790145874023,2025-11-01,2025-11-15,nf_nhits
27,2025-11-01,2025-11-22,3,3,7.0095438957214355,7.0095438957214355,0.8949767351150513,4.503716468811035,7.0095438957214355,10.223348617553711,19.250747680664062,2025-11-01,2025-11-22,nf_nhits
27,2025-11-01,2025-11-29,4,4,7.696255683898926,7.696255683898926,1.1495248079299927,4.703260898590088,7.696255683898926,11.635825157165527,21.762712478637695,2025-11-01,2025-11-29,nf_nhits
28,2025-11-01,2025-11-08,1,1,17.828022003173828,17.828022003173828,10.47756290435791,15.88270378112793,17.828022003173828,19.7989444732666,24.12193489074707,2025-11-01,2025-11-08,nf_nhits
28,2025-11-01,2025-11-15,2,2,20.3372859954834,20.3372859954834,10.360513687133789,16.992568969726562,20.3372859954834,22.959983825683594,30.643312454223633,2025-11-01,2025-11-15,nf_nhits
28,2025-11-01,2025-11-22,3,3,23.97667121887207,23.97667121887207,11.017422676086426,19.18891716003418,23.97667121887207,28.264244079589844,42.184547424316406,2025-11-01,2025-11-22,nf_nhits
28,2025-11-01,2025-11-29,4,4,26.125871658325195,26.125871658325195,11.485172271728516,20.43088150024414,26.125871658325195,31.38567352294922,47.862335205078125,2025-11-01,2025-11-29,nf_nhits
29,2025-11-01,2025-11-08,1,1,31.742053985595703,31.742053985595703,18.730056762695312,28.733854293823242,31.742053985595703,35.512821197509766,44.00411605834961,2025-11-01,2025-11-08,nf_nhits
29,2025-11-01,2025-11-15,2,2,42.429630279541016,42.429630279541016,20.9919490814209,35.90830993652344,42.429630279541016,48.880088806152344,68.50764465332031,2025-11-01,2025-11-15,nf_nhits
29,2025-11-01,2025-11-22,3,3,63.8299674987793,63.8299674987793,25.846906661987305,50.038238525390625,63.8299674987793,75.39671325683594,116.26456451416016,2025-11-01,2025-11-22,nf_nhits
29,2025-11-01,2025-11-29,4,4,74.92379760742188,74.92379760742188,28.300922393798828,57.39462661743164,74.92379760742188,89.22827911376953,140.49961853027344,2025-11-01,2025-11-29,nf_nhits
30,2025-11-01,2025-11-08,1,1,2.1408941745758057,2.1408941745758057,0.0,0.9663483500480652,2.1408941745758057,3.5025384426116943,5.336556911468506,2025-11-01,2025-11-08,nf_nhits
30,2025-11-01,2025-11-15,2,2,4.192608833312988,4.192608833312988,0.0,2.2707109451293945,4.192608833312988,5.951702117919922,10.083600997924805,2025-11-01,2025-11-15,nf_nhits
30,2025-11-01,2025-11-22,3,3,7.944462299346924,7.944462299346924,0.23791801929473877,4.769316673278809,7.944462299346924,10.663323402404785,18.7289981842041,2025-11-01,2025-11-22,nf_nhits
30,2025-11-01,2025-11-29,4,4,10.005709648132324,10.005709648132324,0.7441137433052063,6.052611351013184,10.005709648132324,13.111166000366211,23.148988723754883,2025-11-01,2025-11-29,nf_nhits
31,2025-11-01,2025-11-08,1,1,1.7756824493408203,1.7756824493408203,0.0,0.7553434371948242,1.7756824493408203,2.9367101192474365,4.630985736846924,2025-11-01,2025-11-08,nf_nhits
31,2025-11-01,2025-11-15,2,2,2.3672730922698975,2.3672730922698975,0.0,1.0019782781600952,2.3672730922698975,3.9734997749328613,6.98497200012207,2025-11-01,2025-11-15,nf_nhits
31,2025-11-01,2025-11-22,3,3,2.625274658203125,2.625274658203125,0.0,0.8772112727165222,2.625274658203125,4.50726842880249,9.527965545654297,2025-11-01,2025-11-22,nf_nhits
31,2025-11-01,2025-11-29,4,4,2.780576229095459,2.780576229095459,0.0,0.8607650995254517,2.780576229095459,4.854299068450928,10.592718124389648,2025-11-01,2025-11-29,nf_nhits
32,2025-11-01,2025-11-08,1,1,6.8604936599731445,6.8604936599731445,1.5282292366027832,4.967099666595459,6.8604936599731445,8.786153793334961,12.420464515686035,2025-11-01,2025-11-08,nf_nhits
32,2025-11-01,2025-11-15,2,2,8.082592010498047,8.082592010498047,1.661305546760559,5.66294527053833,8.082592010498047,10.529677391052246,16.259544372558594,2025-11-01,2025-11-15,nf_nhits
32,2025-11-01,2025-11-22,3,3,10.382739067077637,10.382739067077637,2.079266309738159,7.125154972076416,10.382739067077637,14.03567886352539,23.180431365966797,2025-11-01,2025-11-22,nf_nhits
32,2025-11-01,2025-11-29,4,4,11.661258697509766,11.661258697509766,2.3088278770446777,7.874308109283447,11.661258697509766,15.89517879486084,26.77745819091797,2025-11-01,2025-11-29,nf_nhits
33,2025-11-01,2025-11-08,1,1,4.240637302398682,4.240637302398682,0.8917900323867798,3.3171334266662598,4.240637302398682,5.487782001495361,8.065681457519531,2025-11-01,2025-11-08,nf_nhits
33,2025-11-01,2025-11-15,2,2,6.587118148803711,6.587118148803711,0.6783773303031921,4.622381210327148,6.587118148803711,9.041641235351562,13.920318603515625,2025-11-01,2025-11-15,nf_nhits
33,2025-11-01,2025-11-22,3,3,6.532205581665039,6.532205581665039,0.0,3.5908350944519043,6.532205581665039,9.61453628540039,20.403566360473633,2025-11-01,2025-11-22,nf_nhits
33,2025-11-01,2025-11-29,4,4,6.551653861999512,6.551653861999512,0.0,3.2127397060394287,6.551653861999512,10.241004943847656,22.593849182128906,2025-11-01,2025-11-29,nf_nhits
34,2025-11-01,2025-11-08,1,1,46.53169250488281,46.53169250488281,30.306612014770508,43.37137985229492,46.53169250488281,51.591793060302734,61.122928619384766,2025-11-01,2025-11-08,nf_nhits
34,2025-11-01,2025-11-15,2,2,65.86901092529297,65.86901092529297,34.750205993652344,56.44062423706055,65.86901092529297,74.90465545654297,103.11063385009766,2025-11-01,2025-11-15,nf_nhits
34,2025-11-01,2025-11-22,3,3,102.4518051147461,102.4518051147461,42.89214324951172,81.1892318725586,102.4518051147461,119.3497543334961,184.65553283691406,2025-11-01,2025-11-22,nf_nhits
34,2025-11-01,2025-11-29,4,4,123.09818267822266,123.09818267822266,46.989585876464844,94.61103057861328,123.09818267822266,144.21798706054688,226.7190704345703,2025-11-01,2025-11-29,nf_nhits
35,2025-11-01,2025-11-08,1,1,9.11299991607666,9.11299991607666,3.8502910137176514,7.831576347351074,9.11299991607666,12.097406387329102,16.936304092407227,2025-11-01,2025-11-08,nf_nhits
35,2025-11-01,2025-11-15,2,2,15.404224395751953,15.404224395751953,5.290924072265625,12.162887573242188,15.404224395751953,19.669437408447266,30.449169158935547,2025-11-01,2025-11-15,nf_nhits
35,2025-11-01,2025-11-22,3,3,25.375499725341797,25.375499725341797,7.490237712860107,18.81168556213379,25.375499725341797,31.818864822387695,54.84701156616211,2025-11-01,2025-11-22,nf_nhits
35,2025-11-01,2025-11-29,4,4,32.36172866821289,32.36172866821289,8.627212524414062,23.01991081237793,32.36172866821289,40.69218826293945,68.14707946777344,2025-11-01,2025-11-29,nf_nhits
36,2025-11-01,2025-11-08,1,1,81.36565399169922,81.36565399169922,52.42219161987305,76.23094940185547,81.36565399169922,92.77115631103516,113.91604614257812,2025-11-01,2025-11-08,nf_nhits
36,2025-11-01,2025-11-15,2,2,122.0009994506836,122.0009994506836,62.35177230834961,103.97206115722656,122.0009994506836,141.07492065429688,199.27554321289062,2025-11-01,2025-11-15,nf_nhits
36,2025-11-01,2025-11-22,3,3,193.8563690185547,193.8563690185547,78.1022720336914,152.87271118164062,193.8563690185547,227.7803192138672,364.0103759765625,2025-11-01,2025-11-22,nf_nhits
36,2025-11-01,2025-11-29,4,4,238.43280029296875,238.43280029296875,85.46068572998047,181.6170654296875,238.43280029296875,282.0312194824219,450.71405029296875,2025-11-01,2025-11-29,nf_nhits
37,2025-11-01,2025-11-08,1,1,34.6107177734375,34.6107177734375,22.565868377685547,32.455230712890625,34.6107177734375,37.550010681152344,44.589500427246094,2025-11-01,2025-11-08,nf_nhits
37,2025-11-01,2025-11-15,2,2,44.47395324707031,44.47395324707031,23.6871280670166,38.34078598022461,44.47395324707031,49.640052795410156,66.15106964111328,2025-11-01,2025-11-15,nf_nhits
37,2025-11-01,2025-11-22,3,3,59.92559051513672,59.92559051513672,26.685564041137695,48.17754364013672,59.92559051513672,69.34031677246094,105.84912109375,2025-11-01,2025-11-22,nf_nhits
37,2025-11-01,2025-11-29,4,4,68.15528869628906,68.15528869628906,28.594980239868164,53.24290084838867,68.15528869628906,80.15567016601562,125.1993637084961,2025-11-01,2025-11-29,nf_nhits
38,2025-11-01,2025-11-08,1,1,2.890679359436035,2.890679359436035,0.3851466476917267,1.9550366401672363,2.890679359436035,3.989163637161255,5.577132225036621,2025-11-01,2025-11-08,nf_nhits
38,2025-11-01,2025-11-15,2,2,3.657329797744751,3.657329797744751,0.11415714025497437,2.2332119941711426,3.657329797744751,5.224714279174805,8.04852294921875,2025-11-01,2025-11-15,nf_nhits
38,2025-11-01,2025-11-22,3,3,3.546379566192627,3.546379566192627,0.0,1.8609780073165894,3.546379566192627,5.375480651855469,10.554133415222168,2025-11-01,2025-11-22,nf_nhits
38,2025-11-01,2025-11-29,4,4,3.5810844898223877,3.5810844898223877,0.0,1.6776059865951538,3.5810844898223877,5.687352657318115,11.504746437072754,2025-11-01,2025-11-29,nf_nhits
39,2025-11-01,2025-11-08,1,1,26.17075538635254,26.17075538635254,15.869240760803223,23.76828384399414,26.17075538635254,28.757259368896484,34.91261291503906,2025-11-01,2025-11-08,nf_nhits
39,2025-11-01,2025-11-15,2,2,32.60334396362305,32.60334396362305,16.8491153717041,27.828784942626953,32.60334396362305,36.85401916503906,50.09836959838867,2025-11-01,2025-11-15,nf_nhits
39,2025-11-01,2025-11-22,3,3,43.61521530151367,43.61521530151367,19.291244506835938,34.851463317871094,43.61521530151367,51.02252197265625,77.68958282470703,2025-11-01,2025-11-22,nf_nhits
39,2025-11-01,2025-11-29,4,4,49.603973388671875,49.603973388671875,20.774391174316406,38.59178161621094,49.603973388671875,58.963504791259766,91.61882019042969,2025-11-01,2025-11-29,nf_nhits
40,2025-11-01,2025-11-08,1,1,15.313982963562012,15.313982963562012,7.837165355682373,13.08108139038086,15.313982963562012,17.431324005126953,22.1627197265625,2025-11-01,2025-11-08,nf_nhits
40,2025-11-01,2025-11-15,2,2,18.104310989379883,18.104310989379883,7.715945243835449,14.496578216552734,18.104310989379883,21.078968048095703,29.538652420043945,2025-11-01,2025-11-15,nf_nhits
40,2025-11-01,2025-11-22,3,3,22.839994430541992,22.839994430541992,8.662839889526367,17.48438835144043,22.839994430541992,27.444583892822266,42.931304931640625,2025-11-01,2025-11-22,nf_nhits
40,2025-11-01,2025-11-29,4,4,25.27150535583496,25.27150535583496,9.188974380493164,18.98640251159668,25.27150535583496,30.999561309814453,49.25599670410156,2025-11-01,2025-11-29,nf_nhits
41,2025-11-01,2025-11-08,1,1,5.076435565948486,5.076435565948486,0.7978219985961914,3.523585796356201,5.076435565948486,7.362506866455078,11.333748817443848,2025-11-01,2025-11-08,nf_nhits
41,2025-11-01,2025-11-15,2,2,7.0897393226623535,7.0897393226623535,1.0800234079360962,4.870962619781494,7.0897393226623535,10.14090633392334,16.93153190612793,2025-11-01,2025-11-15,nf_nhits
41,2025-11-01,2025-11-22,3,3,10.560762405395508,10.560762405395508,1.7269108295440674,7.017288684844971,10.560762405395508,15.028604507446289,26.491086959838867,2025-11-01,2025-11-22,nf_nhits
41,2025-11-01,2025-11-29,4,4,12.856743812561035,12.856743812561035,2.15266489982605,8.326647758483887,12.856743812561035,18.214712142944336,31.721778869628906,2025-11-01,2025-11-29,nf_nhits
42,2025-11-01,2025-11-08,1,1,124.43167114257812,124.43167114257812,74.5420150756836,110.61510467529297,124.43167114257812,134.30508422851562,167.05380249023438,2025-11-01,2025-11-08,nf_nhits
42,2025-11-01,2025-11-15,2,2,130.21107482910156,130.21107482910156,71.99394226074219,112.41670989990234,130.21107482910156,144.40298461914062,192.56581115722656,2025-11-01,2025-11-15,nf_nhits
42,2025-11-01,2025-11-22,3,3,142.85887145996094,142.85887145996094,71.3114013671875,119.95609283447266,142.85887145996094,164.92044067382812,240.3277587890625,2025-11-01,2025-11-22,nf_nhits
42,2025-11-01,2025-11-29,4,4,150.9872589111328,150.9872589111328,71.6217269897461,124.23059844970703,150.9872589111328,177.80311584472656,263.7761535644531,2025-11-01,2025-11-29,nf_nhits
44,2025-11-01,2025-11-08,1,1,17.32718849182129,17.32718849182129,10.660259246826172,15.83862590789795,17.32718849182129,19.38528060913086,23.571348190307617,2025-11-01,2025-11-08,nf_nhits
44,2025-11-01,2025-11-15,2,2,25.662139892578125,25.662139892578125,11.370658874511719,21.63143539428711,25.662139892578125,30.87422752380371,44.138832092285156,2025-11-01,2025-11-15,nf_nhits
44,2025-11-01,2025-11-22,3,3,33.27358627319336,33.27358627319336,11.151178359985352,24.779380798339844,33.27358627319336,41.041664123535156,73.48272705078125,2025-11-01,2025-11-22,nf_nhits
44,2025-11-01,2025-11-29,4,4,38.19419860839844,38.19419860839844,12.208537101745605,27.022428512573242,38.19419860839844,48.018821716308594,86.17010498046875,2025-11-01,2025-11-29,nf_nhits
45,2025-11-01,2025-11-08,1,1,15.08131217956543,15.08131217956543,8.423501968383789,13.175561904907227,15.08131217956543,17.228973388671875,21.545429229736328,2025-11-01,2025-11-08,nf_nhits
45,2025-11-01,2025-11-15,2,2,17.46116065979004,17.46116065979004,7.346837520599365,14.052862167358398,17.46116065979004,20.803085327148438,28.82732582092285,2025-11-01,2025-11-15,nf_nhits
45,2025-11-01,2025-11-22,3,3,18.395645141601562,18.395645141601562,6.3891472816467285,13.52072811126709,18.395645141601562,22.841567993164062,38.758460998535156,2025-11-01,2025-11-22,nf_nhits
45,2025-11-01,2025-11-29,4,4,18.881589889526367,18.881589889526367,6.338136672973633,13.326522827148438,18.881589889526367,23.808258056640625,41.935401916503906,2025-11-01,2025-11-29,nf_nhits
46,2025-11-01,2025-11-08,1,1,0.2654855251312256,0.2654855251312256,0.0,0.0,0.2654855251312256,1.5098806619644165,2.91365647315979,2025-11-01,2025-11-08,nf_nhits
46,2025-11-01,2025-11-15,2,2,0.8209173679351807,0.8209173679351807,0.0,0.0,0.8209173679351807,2.1580562591552734,4.510257244110107,2025-11-01,2025-11-15,nf_nhits
46,2025-11-01,2025-11-22,3,3,1.5928356647491455,1.5928356647491455,0.0,0.04367533326148987,1.5928356647491455,3.3779468536376953,6.992467880249023,2025-11-01,2025-11-22,nf_nhits
46,2025-11-01,2025-11-29,4,4,2.177464246749878,2.177464246749878,0.0,0.31396549940109253,2.177464246749878,4.106525421142578,8.355853080749512,2025-11-01,2025-11-29,nf_nhits
47,2025-11-01,2025-11-08,1,1,36.326629638671875,36.326629638671875,22.637798309326172,32.59360122680664,36.326629638671875,39.72452926635742,48.14995574951172,2025-11-01,2025-11-08,nf_nhits
47,2025-11-01,2025-11-15,2,2,38.969364166259766,38.969364166259766,21.746767044067383,33.450096130371094,38.969364166259766,43.790260314941406,57.72252655029297,2025-11-01,2025-11-15,nf_nhits
47,2025-11-01,2025-11-22,3,3,44.177833557128906,44.177833557128906,21.92940902709961,36.16558074951172,44.177833557128906,51.5205192565918,74.86726379394531,2025-11-01,2025-11-22,nf_nhits
47,2025-11-01,2025-11-29,4,4,47.30289077758789,47.30289077758789,22.56601333618164,37.69944381713867,47.30289077758789,55.86018753051758,83.15697479248047,2025-11-01,2025-11-29,nf_nhits
48,2025-11-01,2025-11-08,1,1,193.46092224121094,193.46092224121094,130.57073974609375,180.9075927734375,193.46092224121094,204.2078094482422,240.5162353515625,2025-11-01,2025-11-08,nf_nhits
48,2025-11-01,2025-11-15,2,2,225.01756286621094,225.01756286621094,132.22592163085938,198.3146514892578,225.01756286621094,244.49063110351562,317.1827087402344,2025-11-01,2025-11-15,nf_nhits
48,2025-11-01,2025-11-22,3,3,278.3063049316406,278.3063049316406,142.42672729492188,232.59022521972656,278.3063049316406,316.35968017578125,461.23883056640625,2025-11-01,2025-11-22,nf_nhits
48,2025-11-01,2025-11-29,4,4,306.3694152832031,306.3694152832031,148.63063049316406,250.79458618164062,306.3694152832031,355.7808837890625,531.7560424804688,2025-11-01,2025-11-29,nf_nhits
49,2025-11-01,2025-11-08,1,1,1.053972601890564,1.053972601890564,0.0,0.20358365774154663,1.053972601890564,2.018777370452881,3.1467928886413574,2025-11-01,2025-11-08,nf_nhits
49,2025-11-01,2025-11-15,2,2,1.1101839542388916,1.1101839542388916,0.0,0.1906892955303192,1.1101839542388916,2.091974973678589,3.761234998703003,2025-11-01,2025-11-15,nf_nhits
49,2025-11-01,2025-11-22,3,3,1.0858821868896484,1.0858821868896484,0.0,0.18703675270080566,1.0858821868896484,2.18282413482666,4.131765365600586,2025-11-01,2025-11-22,nf_nhits
49,2025-11-01,2025-11-29,4,4,1.2551724910736084,1.2551724910736084,0.0,0.22284765541553497,1.2551724910736084,2.3305249214172363,4.477656364440918,2025-11-01,2025-11-29,nf_nhits
50,2025-11-01,2025-11-08,1,1,0.9638110399246216,0.9638110399246216,0.0,0.04268033802509308,0.9638110399246216,2.212296962738037,3.6941938400268555,2025-11-01,2025-11-08,nf_nhits
50,2025-11-01,2025-11-15,2,2,2.232543468475342,2.232543468475342,0.0,0.9780869483947754,2.232543468475342,3.868046522140503,7.339591979980469,2025-11-01,2025-11-15,nf_nhits
50,2025-11-01,2025-11-22,3,3,3.716586112976074,3.716586112976074,0.0,1.8795766830444336,3.716586112976074,5.749842166900635,12.144184112548828,2025-11-01,2025-11-22,nf_nhits
50,2025-11-01,2025-11-29,4,4,5.215285301208496,5.215285301208496,0.0,2.5575075149536133,5.215285301208496,7.66661262512207,14.784344673156738,2025-11-01,2025-11-29,nf_nhits
51,2025-11-01,2025-11-08,1,1,16.976110458374023,16.976110458374023,8.890351295471191,14.67651653289795,16.976110458374023,19.15196418762207,24.352384567260742,2025-11-01,2025-11-08,nf_nhits
51,2025-11-01,2025-11-15,2,2,18.75864028930664,18.75864028930664,8.460147857666016,15.346870422363281,18.75864028930664,21.555564880371094,29.83116912841797,2025-11-01,2025-11-15,nf_nhits
51,2025-11-01,2025-11-22,3,3,20.578712463378906,20.578712463378906,8.485553741455078,16.2209415435791,20.578712463378906,25.004457473754883,38.91133117675781,2025-11-01,2025-11-22,nf_nhits
51,2025-11-01,2025-11-29,4,4,21.882902145385742,21.882902145385742,8.706555366516113,16.855100631713867,21.882902145385742,27.208553314208984,43.25018310546875,2025-11-01,2025-11-29,nf_nhits
53,2025-11-01,2025-11-08,1,1,18.131153106689453,18.131153106689453,10.97337532043457,16.253158569335938,18.131153106689453,20.156091690063477,24.789587020874023,2025-11-01,2025-11-08,nf_nhits
53,2025-11-01,2025-11-15,2,2,21.570816040039062,21.570816040039062,11.538110733032227,18.383159637451172,21.570816040039062,24.574562072753906,33.3225212097168,2025-11-01,2025-11-15,nf_nhits
53,2025-11-01,2025-11-22,3,3,27.70088768005371,27.70088768005371,13.086962699890137,22.36387062072754,27.70088768005371,32.656497955322266,48.75141143798828,2025-11-01,2025-11-22,nf_nhits
53,2025-11-01,2025-11-29,4,4,31.31736183166504,31.31736183166504,13.883062362670898,24.582677841186523,31.31736183166504,37.396568298339844,56.83820343017578,2025-11-01,2025-11-29,nf_nhits
54,2025-11-01,2025-11-08,1,1,3.0318942070007324,3.0318942070007324,0.24437953531742096,2.1451947689056396,3.0318942070007324,4.408300399780273,6.390824794769287,2025-11-01,2025-11-08,nf_nhits
54,2025-11-01,2025-11-15,2,2,5.491413593292236,5.491413593292236,0.3986682891845703,3.7254226207733154,5.491413593292236,7.868769645690918,12.722870826721191,2025-11-01,2025-11-15,nf_nhits
54,2025-11-01,2025-11-22,3,3,7.585968494415283,7.585968494415283,0.3523731231689453,4.5742106437683105,7.585968494415283,10.722411155700684,21.302629470825195,2025-11-01,2025-11-22,nf_nhits
54,2025-11-01,2025-11-29,4,4,9.08994197845459,9.08994197845459,0.7319934368133545,5.236896991729736,9.08994197845459,12.916887283325195,25.170997619628906,2025-11-01,2025-11-29,nf_nhits
55,2025-11-01,2025-11-08,1,1,7.079578876495361,7.079578876495361,2.572195529937744,5.483891487121582,7.079578876495361,8.658182144165039,11.62004566192627,2025-11-01,2025-11-08,nf_nhits
55,2025-11-01,2025-11-15,2,2,7.499740123748779,7.499740123748779,2.0816383361816406,5.38791036605835,7.499740123748779,9.677240371704102,14.495992660522461,2025-11-01,2025-11-15,nf_nhits
55,2025-11-01,2025-11-22,3,3,7.631981372833252,7.631981372833252,1.6998820304870605,5.215438365936279,7.631981372833252,10.38475227355957,17.996437072753906,2025-11-01,2025-11-22,nf_nhits
55,2025-11-01,2025-11-29,4,4,7.6838154792785645,7.6838154792785645,1.7757562398910522,5.1952338218688965,7.6838154792785645,10.899744987487793,19.39849853515625,2025-11-01,2025-11-29,nf_nhits
56,2025-11-01,2025-11-08,1,1,7.6488800048828125,7.6488800048828125,3.8382067680358887,6.580705165863037,7.6488800048828125,9.824995040893555,12.617273330688477,2025-11-01,2025-11-08,nf_nhits
56,2025-11-01,2025-11-15,2,2,12.595916748046875,12.595916748046875,5.1128315925598145,10.040619850158691,12.595916748046875,15.473939895629883,23.20224380493164,2025-11-01,2025-11-15,nf_nhits
56,2025-11-01,2025-11-22,3,3,20.552814483642578,20.552814483642578,6.928012371063232,15.518744468688965,20.552814483642578,25.06659698486328,42.38418197631836,2025-11-01,2025-11-22,nf_nhits
56,2025-11-01,2025-11-29,4,4,26.383291244506836,26.383291244506836,7.720749855041504,19.123477935791016,26.383291244506836,32.2324333190918,52.836666107177734,2025-11-01,2025-11-29,nf_nhits
72,2025-11-01,2025-11-08,1,1,61.68997573852539,61.68997573852539,37.07572555541992,53.96607971191406,61.68997573852539,67.09524536132812,84.7488021850586,2025-11-01,2025-11-08,nf_nhits
72,2025-11-01,2025-11-15,2,2,61.70568084716797,61.70568084716797,35.998619079589844,53.78529357910156,61.70568084716797,68.25556945800781,89.93675231933594,2025-11-01,2025-11-15,nf_nhits
72,2025-11-01,2025-11-22,3,3,62.47404479980469,62.47404479980469,34.5234375,54.06621551513672,62.47404479980469,71.15245819091797,99.16155242919922,2025-11-01,2025-11-22,nf_nhits
72,2025-11-01,2025-11-29,4,4,62.922828674316406,62.922828674316406,33.560462951660156,54.20244216918945,62.922828674316406,72.99098205566406,104.2775650024414,2025-11-01,2025-11-29,nf_nhits
01,2025-11-29,2025-12-06,1,1,63.204978942871094,63.204978942871094,41.16096878051758,53.842201232910156,63.204978942871094,70.02462005615234,81.88079071044922,2025-11-29,2025-12-06,nf_nhits
01,2025-11-29,2025-12-13,2,2,90.6197280883789,90.6197280883789,51.5550422668457,76.92440032958984,90.6197280883789,104.11470794677734,129.0360565185547,2025-11-29,2025-12-13,nf_nhits
01,2025-11-29,2025-12-20,3,3,126.15398406982422,126.15398406982422,57.72681427001953,108.77976989746094,126.15398406982422,143.93995666503906,207.37924194335938,2025-11-29,2025-12-20,nf_nhits
01,2025-11-29,2025-12-27,4,4,158.38113403320312,158.38113403320312,61.91241455078125,120.0338134765625,158.38113403320312,193.49176025390625,297.36346435546875,2025-11-29,2025-12-27,nf_nhits
02,2025-11-29,2025-12-06,1,1,13.138605117797852,13.138605117797852,5.805876731872559,10.058772087097168,13.138605117797852,16.364852905273438,20.649154663085938,2025-11-29,2025-12-06,nf_nhits
02,2025-11-29,2025-12-13,2,2,20.38092041015625,20.38092041015625,8.549239158630371,15.820425033569336,20.38092041015625,25.336645126342773,34.004581451416016,2025-11-29,2025-12-13,nf_nhits
02,2025-11-29,2025-12-20,3,3,30.46521759033203,30.46521759033203,10.230998992919922,24.969802856445312,30.46521759033203,36.772491455078125,56.57066345214844,2025-11-29,2025-12-20,nf_nhits
02,2025-11-29,2025-12-27,4,4,40.0080680847168,40.0080680847168,11.318548202514648,28.269254684448242,40.0080680847168,50.508705139160156,81.15022277832031,2025-11-29,2025-12-27,nf_nhits
04,2025-11-29,2025-12-06,1,1,69.11575317382812,69.11575317382812,44.49455261230469,57.69197463989258,69.11575317382812,76.65202331542969,86.93721008300781,2025-11-29,2025-12-06,nf_nhits
04,2025-11-29,2025-12-13,2,2,103.29640197753906,103.29640197753906,57.57849884033203,88.43321228027344,103.29640197753906,120.39655303955078,143.55377197265625,2025-11-29,2025-12-13,nf_nhits
04,2025-11-29,2025-12-20,3,3,143.67752075195312,143.67752075195312,65.9638671875,126.41610717773438,143.67752075195312,161.77438354492188,230.4867706298828,2025-11-29,2025-12-20,nf_nhits
04,2025-11-29,2025-12-27,4,4,180.31564331054688,180.31564331054688,71.47428894042969,138.0263214111328,180.31564331054688,222.094482421875,343.7564392089844,2025-11-29,2025-12-27,nf_nhits
05,2025-11-29,2025-12-06,1,1,120.17901611328125,120.17901611328125,74.24397277832031,95.29317474365234,120.17901611328125,137.2161407470703,158.12547302246094,2025-11-29,2025-12-06,nf_nhits
05,2025-11-29,2025-12-13,2,2,143.68246459960938,143.68246459960938,76.38578796386719,117.17950439453125,143.68246459960938,181.52633666992188,240.35220336914062,2025-11-29,2025-12-13,nf_nhits
05,2025-11-29,2025-12-20,3,3,169.61154174804688,169.61154174804688,78.62092590332031,144.50881958007812,169.61154174804688,219.51556396484375,344.5940856933594,2025-11-29,2025-12-20,nf_nhits
05,2025-11-29,2025-12-27,4,4,197.49839782714844,197.49839782714844,79.47364044189453,147.5059356689453,197.49839782714844,268.39306640625,459.61212158203125,2025-11-29,2025-12-27,nf_nhits
06,2025-11-29,2025-12-06,1,1,276.7184143066406,276.7184143066406,190.5727996826172,243.9781036376953,276.7184143066406,293.62347412109375,341.7416687011719,2025-11-29,2025-12-06,nf_nhits
06,2025-11-29,2025-12-13,2,2,363.1722106933594,363.1722106933594,220.05728149414062,318.0315246582031,363.1722106933594,408.02679443359375,498.7789611816406,2025-11-29,2025-12-13,nf_nhits
06,2025-11-29,2025-12-20,3,3,473.20428466796875,473.20428466796875,239.2328643798828,409.657958984375,473.20428466796875,535.867919921875,755.0542602539062,2025-11-29,2025-12-20,nf_nhits
06,2025-11-29,2025-12-27,4,4,567.0947875976562,567.0947875976562,250.1168212890625,440.12530517578125,567.0947875976562,690.589599609375,1043.742431640625,2025-11-29,2025-12-27,nf_nhits
08,2025-11-29,2025-12-06,1,1,176.706298828125,176.706298828125,111.6684799194336,130.673583984375,176.706298828125,221.31336975097656,279.8054504394531,2025-11-29,2025-12-06,nf_nhits
08,2025-11-29,2025-12-13,2,2,161.96841430664062,161.96841430664062,84.29296875,114.82235717773438,161.96841430664062,227.3936004638672,418.54046630859375,2025-11-29,2025-12-13,nf_nhits
08,2025-11-29,2025-12-20,3,3,158.01266479492188,158.01266479492188,78.1059341430664,130.24990844726562,158.01266479492188,250.54254150390625,496.253662109375,2025-11-29,2025-12-20,nf_nhits
08,2025-11-29,2025-12-27,4,4,170.11416625976562,170.11416625976562,63.26670455932617,125.30829620361328,170.11416625976562,269.92596435546875,563.8815307617188,2025-11-29,2025-12-27,nf_nhits
09,2025-11-29,2025-12-06,1,1,112.09373474121094,112.09373474121094,68.32710266113281,88.35365295410156,112.09373474121094,128.7317352294922,147.79006958007812,2025-11-29,2025-12-06,nf_nhits
09,2025-11-29,2025-12-13,2,2,120.85404205322266,120.85404205322266,61.82527542114258,96.18721008300781,120.85404205322266,159.2062530517578,225.50253295898438,2025-11-29,2025-12-13,nf_nhits
09,2025-11-29,2025-12-20,3,3,129.3461151123047,129.3461151123047,61.39259338378906,112.03565979003906,129.3461151123047,183.00421142578125,305.22686767578125,2025-11-29,2025-12-20,nf_nhits
09,2025-11-29,2025-12-27,4,4,144.5356903076172,144.5356903076172,61.0621223449707,110.2037353515625,144.5356903076172,210.3427276611328,387.75592041015625,2025-11-29,2025-12-27,nf_nhits
10,2025-11-29,2025-12-06,1,1,18.65689468383789,18.65689468383789,12.335281372070312,15.182072639465332,18.65689468383789,20.471538543701172,22.279558181762695,2025-11-29,2025-12-06,nf_nhits
10,2025-11-29,2025-12-13,2,2,26.64482879638672,26.64482879638672,15.025712013244629,22.609970092773438,26.64482879638672,32.18362045288086,37.37026596069336,2025-11-29,2025-12-13,nf_nhits
10,2025-11-29,2025-12-20,3,3,35.3061408996582,35.3061408996582,16.790767669677734,30.87415313720703,35.3061408996582,41.08021545410156,58.077362060546875,2025-11-29,2025-12-20,nf_nhits
10,2025-11-29,2025-12-27,4,4,42.56977844238281,42.56977844238281,18.070133209228516,32.56847381591797,42.56977844238281,54.35057830810547,85.41405487060547,2025-11-29,2025-12-27,nf_nhits
11,2025-11-29,2025-12-06,1,1,20.661569595336914,20.661569595336914,13.546049118041992,16.606395721435547,20.661569595336914,22.837810516357422,24.56934928894043,2025-11-29,2025-12-06,nf_nhits
11,2025-11-29,2025-12-13,2,2,30.305522918701172,30.305522918701172,16.80030632019043,25.731945037841797,30.305522918701172,36.92509460449219,42.43305587768555,2025-11-29,2025-12-13,nf_nhits
11,2025-11-29,2025-12-20,3,3,39.97684097290039,39.97684097290039,19.032909393310547,35.49486541748047,39.97684097290039,46.54805374145508,65.83415985107422,2025-11-29,2025-12-20,nf_nhits
11,2025-11-29,2025-12-27,4,4,48.38453674316406,48.38453674316406,20.58640480041504,37.39790344238281,48.38453674316406,62.145484924316406,98.61898040771484,2025-11-29,2025-12-27,nf_nhits
12,2025-11-29,2025-12-06,1,1,989.4229125976562,989.4229125976562,718.4271850585938,852.723876953125,989.4229125976562,1063.96533203125,1170.602294921875,2025-11-29,2025-12-06,nf_nhits
12,2025-11-29,2025-12-13,2,2,1393.3778076171875,1393.3778076171875,865.8547973632812,1221.024658203125,1393.3778076171875,1601.280029296875,1860.3734130859375,2025-11-29,2025-12-13,nf_nhits
12,2025-11-29,2025-12-20,3,3,1859.7525634765625,1859.7525634765625,957.439208984375,1652.291015625,1859.7525634765625,2086.185791015625,2906.528076171875,2025-11-29,2025-12-20,nf_nhits
12,2025-11-29,2025-12-27,4,4,2273.53369140625,2273.53369140625,1019.6381225585938,1777.8878173828125,2273.53369140625,2792.6767578125,4260.23193359375,2025-11-29,2025-12-27,nf_nhits
13,2025-11-29,2025-12-06,1,1,233.84693908691406,233.84693908691406,165.49520874023438,196.40740966796875,233.84693908691406,256.033935546875,279.9219665527344,2025-11-29,2025-12-06,nf_nhits
13,2025-11-29,2025-12-13,2,2,324.67095947265625,324.67095947265625,197.2707977294922,280.8102722167969,324.67095947265625,384.6258850097656,448.73394775390625,2025-11-29,2025-12-13,nf_nhits
13,2025-11-29,2025-12-20,3,3,424.92108154296875,424.92108154296875,216.7194366455078,377.6350402832031,424.92108154296875,486.98162841796875,689.432861328125,2025-11-29,2025-12-20,nf_nhits
13,2025-11-29,2025-12-27,4,4,514.3927612304688,514.3927612304688,230.15853881835938,400.61212158203125,514.3927612304688,646.0419311523438,1006.426025390625,2025-11-29,2025-12-27,nf_nhits
15,2025-11-29,2025-12-06,1,1,44.31878662109375,44.31878662109375,28.205265045166016,35.758323669433594,44.31878662109375,51.06470489501953,57.25617218017578,2025-11-29,2025-12-06,nf_nhits
15,2025-11-29,2025-12-13,2,2,69.64253234863281,69.64253234863281,37.664085388183594,58.574405670166016,69.64253234863281,83.43782806396484,98.70752716064453,2025-11-29,2025-12-13,nf_nhits
15,2025-11-29,2025-12-20,3,3,97.71588897705078,97.71588897705078,43.64035415649414,86.06038665771484,97.71588897705078,111.75727081298828,160.4810028076172,2025-11-29,2025-12-20,nf_nhits
15,2025-11-29,2025-12-27,4,4,124.32604217529297,124.32604217529297,47.49225997924805,93.9549331665039,124.32604217529297,155.5522003173828,244.11756896972656,2025-11-29,2025-12-27,nf_nhits
16,2025-11-29,2025-12-06,1,1,42.95639419555664,42.95639419555664,28.81165885925293,35.047576904296875,42.95639419555664,47.73786926269531,52.03277587890625,2025-11-29,2025-12-06,nf_nhits
16,2025-11-29,2025-12-13,2,2,62.69057083129883,62.69057083129883,35.74290084838867,53.22813034057617,62.69057083129883,75.13594055175781,87.5701675415039,2025-11-29,2025-12-13,nf_nhits
16,2025-11-29,2025-12-20,3,3,84.38409423828125,84.38409423828125,40.14692687988281,74.15545654296875,84.38409423828125,97.47090911865234,138.74708557128906,2025-11-29,2025-12-20,nf_nhits
16,2025-11-29,2025-12-27,4,4,103.8171157836914,103.8171157836914,43.071685791015625,79.24388885498047,103.8171157836914,131.44161987304688,205.98468017578125,2025-11-29,2025-12-27,nf_nhits
17,2025-11-29,2025-12-06,1,1,184.2135009765625,184.2135009765625,133.20330810546875,155.8389892578125,184.2135009765625,203.8004608154297,221.18324279785156,2025-11-29,2025-12-06,nf_nhits
17,2025-11-29,2025-12-13,2,2,266.444091796875,266.444091796875,163.72520446777344,230.8631591796875,266.444091796875,311.66790771484375,360.06964111328125,2025-11-29,2025-12-13,nf_nhits
17,2025-11-29,2025-12-20,3,3,358.9763488769531,358.9763488769531,183.4990692138672,322.0942687988281,358.9763488769531,403.40997314453125,564.62109375,2025-11-29,2025-12-20,nf_nhits
17,2025-11-29,2025-12-27,4,4,446.14813232421875,446.14813232421875,195.94302368164062,347.4793701171875,446.14813232421875,548.3681030273438,842.19482421875,2025-11-29,2025-12-27,nf_nhits
18,2025-11-29,2025-12-06,1,1,119.5596694946289,119.5596694946289,85.68558502197266,101.10127258300781,119.5596694946289,130.76792907714844,142.1450653076172,2025-11-29,2025-12-06,nf_nhits
18,2025-11-29,2025-12-13,2,2,170.420166015625,170.420166015625,104.16162109375,147.66326904296875,170.420166015625,199.4383087158203,230.90383911132812,2025-11-29,2025-12-13,nf_nhits
18,2025-11-29,2025-12-20,3,3,227.70620727539062,227.70620727539062,115.8944320678711,202.62359619140625,227.70620727539062,257.435791015625,360.9836120605469,2025-11-29,2025-12-20,nf_nhits
18,2025-11-29,2025-12-27,4,4,279.565185546875,279.565185546875,123.5792236328125,217.33966064453125,279.565185546875,346.4250183105469,533.0942993164062,2025-11-29,2025-12-27,nf_nhits
19,2025-11-29,2025-12-06,1,1,27.529972076416016,27.529972076416016,18.447546005249023,22.799835205078125,27.529972076416016,31.50763702392578,35.31951904296875,2025-11-29,2025-12-06,nf_nhits
19,2025-11-29,2025-12-13,2,2,40.41497039794922,40.41497039794922,23.06222915649414,34.08308410644531,40.41497039794922,48.12549591064453,58.3175163269043,2025-11-29,2025-12-13,nf_nhits
19,2025-11-29,2025-12-20,3,3,55.71275329589844,55.71275329589844,26.194683074951172,48.9483528137207,55.71275329589844,64.08018493652344,92.25509643554688,2025-11-29,2025-12-20,nf_nhits
19,2025-11-29,2025-12-27,4,4,70.34666442871094,70.34666442871094,28.130569458007812,53.15424728393555,70.34666442871094,87.0483627319336,136.0933837890625,2025-11-29,2025-12-27,nf_nhits
20,2025-11-29,2025-12-06,1,1,13.517959594726562,13.517959594726562,8.9168701171875,12.077093124389648,13.517959594726562,14.63296127319336,16.319847106933594,2025-11-29,2025-12-06,nf_nhits
20,2025-11-29,2025-12-13,2,2,12.995644569396973,12.995644569396973,7.674777984619141,10.818703651428223,12.995644569396973,15.026298522949219,18.4652156829834,2025-11-29,2025-12-13,nf_nhits
20,2025-11-29,2025-12-20,3,3,11.446030616760254,11.446030616760254,6.15491247177124,9.338578224182129,11.446030616760254,14.105179786682129,19.096569061279297,2025-11-29,2025-12-20,nf_nhits
20,2025-11-29,2025-12-27,4,4,10.428498268127441,10.428498268127441,5.528061866760254,8.179560661315918,10.428498268127441,13.232446670532227,20.16799545288086,2025-11-29,2025-12-27,nf_nhits
21,2025-11-29,2025-12-06,1,1,64.68966674804688,64.68966674804688,46.17215347290039,55.774959564208984,64.68966674804688,69.7445068359375,77.85237121582031,2025-11-29,2025-12-06,nf_nhits
21,2025-11-29,2025-12-13,2,2,88.42086791992188,88.42086791992188,54.715057373046875,77.16309356689453,88.42086791992188,101.31791687011719,119.41205596923828,2025-11-29,2025-12-13,nf_nhits
21,2025-11-29,2025-12-20,3,3,116.94477081298828,116.94477081298828,60.33580017089844,102.98140716552734,116.94477081298828,131.5402069091797,183.26791381835938,2025-11-29,2025-12-20,nf_nhits
21,2025-11-29,2025-12-27,4,4,142.2333984375,142.2333984375,63.84642791748047,110.64122009277344,142.2333984375,173.60128784179688,263.50225830078125,2025-11-29,2025-12-27,nf_nhits
22,2025-11-29,2025-12-06,1,1,153.0063018798828,153.0063018798828,106.70365142822266,132.57882690429688,153.0063018798828,160.61285400390625,179.81985473632812,2025-11-29,2025-12-06,nf_nhits
22,2025-11-29,2025-12-13,2,2,200.34925842285156,200.34925842285156,120.22822570800781,174.8938446044922,200.34925842285156,232.91671752929688,276.5502014160156,2025-11-29,2025-12-13,nf_nhits
22,2025-11-29,2025-12-20,3,3,253.73768615722656,253.73768615722656,128.58827209472656,217.9442901611328,253.73768615722656,296.83746337890625,418.1071472167969,2025-11-29,2025-12-20,nf_nhits
22,2025-11-29,2025-12-27,4,4,292.482666015625,292.482666015625,134.70684814453125,228.28631591796875,292.482666015625,372.53155517578125,578.4962768554688,2025-11-29,2025-12-27,nf_nhits
23,2025-11-29,2025-12-06,1,1,19.058820724487305,19.058820724487305,12.14808177947998,15.281893730163574,19.058820724487305,21.582210540771484,24.169109344482422,2025-11-29,2025-12-06,nf_nhits
23,2025-11-29,2025-12-13,2,2,25.70135498046875,25.70135498046875,14.064288139343262,21.356937408447266,25.70135498046875,31.658422470092773,38.57616424560547,2025-11-29,2025-12-13,nf_nhits
23,2025-11-29,2025-12-20,3,3,32.830078125,32.830078125,15.328168869018555,28.286643981933594,32.830078125,39.67387008666992,58.121124267578125,2025-11-29,2025-12-20,nf_nhits
23,2025-11-29,2025-12-27,4,4,39.2379150390625,39.2379150390625,16.163726806640625,29.57697868347168,39.2379150390625,51.116783142089844,82.40182495117188,2025-11-29,2025-12-27,nf_nhits
24,2025-11-29,2025-12-06,1,1,150.6306915283203,150.6306915283203,97.04713439941406,121.5783920288086,150.6306915283203,168.45974731445312,188.51773071289062,2025-11-29,2025-12-06,nf_nhits
24,2025-11-29,2025-12-13,2,2,193.25172424316406,193.25172424316406,107.4825210571289,161.88525390625,193.25172424316406,238.57235717773438,296.4969482421875,2025-11-29,2025-12-13,nf_nhits
24,2025-11-29,2025-12-20,3,3,235.55914306640625,235.55914306640625,113.38764190673828,204.6117401123047,235.55914306640625,291.4888000488281,435.8072509765625,2025-11-29,2025-12-20,nf_nhits
24,2025-11-29,2025-12-27,4,4,273.8729248046875,273.8729248046875,117.56198120117188,210.90618896484375,273.8729248046875,365.0092468261719,603.1823120117188,2025-11-29,2025-12-27,nf_nhits
25,2025-11-29,2025-12-06,1,1,108.89449310302734,108.89449310302734,76.98833465576172,92.17322540283203,108.89449310302734,121.1150894165039,133.44085693359375,2025-11-29,2025-12-06,nf_nhits
25,2025-11-29,2025-12-13,2,2,160.39686584472656,160.39686584472656,96.40982055664062,138.1355438232422,160.39686584472656,186.98406982421875,219.1620330810547,2025-11-29,2025-12-13,nf_nhits
25,2025-11-29,2025-12-20,3,3,220.1497802734375,220.1497802734375,108.85206604003906,195.7633056640625,220.1497802734375,247.3364715576172,349.2491760253906,2025-11-29,2025-12-20,nf_nhits
25,2025-11-29,2025-12-27,4,4,275.92547607421875,275.92547607421875,116.791259765625,212.71279907226562,275.92547607421875,338.4742431640625,520.8450317382812,2025-11-29,2025-12-27,nf_nhits
26,2025-11-29,2025-12-06,1,1,108.24854278564453,108.24854278564453,71.66779327392578,92.05976867675781,108.24854278564453,120.57257843017578,138.5643310546875,2025-11-29,2025-12-06,nf_nhits
26,2025-11-29,2025-12-13,2,2,158.66867065429688,158.66867065429688,91.07606506347656,135.26776123046875,158.66867065429688,182.93942260742188,223.00372314453125,2025-11-29,2025-12-13,nf_nhits
26,2025-11-29,2025-12-20,3,3,221.73687744140625,221.73687744140625,102.74336242675781,193.5011444091797,221.73687744140625,250.42225646972656,359.5918884277344,2025-11-29,2025-12-20,nf_nhits
26,2025-11-29,2025-12-27,4,4,280.0351867675781,280.0351867675781,110.49807739257812,213.147705078125,280.0351867675781,341.3859558105469,525.919189453125,2025-11-29,2025-12-27,nf_nhits
27,2025-11-29,2025-12-06,1,1,110.48503875732422,110.48503875732422,65.55098724365234,85.61637878417969,110.48503875732422,131.47573852539062,157.77633666992188,2025-11-29,2025-12-06,nf_nhits
27,2025-11-29,2025-12-13,2,2,107.68367767333984,107.68367767333984,52.88108825683594,82.13026428222656,107.68367767333984,149.37765502929688,235.21334838867188,2025-11-29,2025-12-13,nf_nhits
27,2025-11-29,2025-12-20,3,3,110.8881607055664,110.8881607055664,49.7646484375,93.88612365722656,110.8881607055664,170.8969268798828,311.236328125,2025-11-29,2025-12-20,nf_nhits
27,2025-11-29,2025-12-27,4,4,123.47994995117188,123.47994995117188,46.955787658691406,92.15220642089844,123.47994995117188,190.85760498046875,375.79193115234375,2025-11-29,2025-12-27,nf_nhits
28,2025-11-29,2025-12-06,1,1,29.122661590576172,29.122661590576172,17.96856117248535,25.559602737426758,29.122661590576172,31.137380599975586,39.045738220214844,2025-11-29,2025-12-06,nf_nhits
28,2025-11-29,2025-12-13,2,2,35.21564865112305,35.21564865112305,19.252389907836914,29.9038028717041,35.21564865112305,40.310279846191406,53.010986328125,2025-11-29,2025-12-13,nf_nhits
28,2025-11-29,2025-12-20,3,3,44.056034088134766,44.056034088134766,19.881420135498047,35.589599609375,44.056034088134766,53.085506439208984,77.53191375732422,2025-11-29,2025-12-20,nf_nhits
28,2025-11-29,2025-12-27,4,4,50.43456268310547,50.43456268310547,20.378314971923828,37.8339729309082,50.43456268310547,64.07624816894531,98.11981201171875,2025-11-29,2025-12-27,nf_nhits
29,2025-11-29,2025-12-06,1,1,77.29086303710938,77.29086303710938,52.30182647705078,66.26358795166016,77.29086303710938,83.87589263916016,95.73757934570312,2025-11-29,2025-12-06,nf_nhits
29,2025-11-29,2025-12-13,2,2,108.258544921875,108.258544921875,63.663307189941406,93.91250610351562,108.258544921875,123.89522552490234,148.23252868652344,2025-11-29,2025-12-13,nf_nhits
29,2025-11-29,2025-12-20,3,3,145.55410766601562,145.55410766601562,71.14178466796875,127.61624145507812,145.55410766601562,163.59934997558594,230.40042114257812,2025-11-29,2025-12-20,nf_nhits
29,2025-11-29,2025-12-27,4,4,178.9571075439453,178.9571075439453,75.57156372070312,138.03292846679688,178.9571075439453,218.36514282226562,333.6493835449219,2025-11-29,2025-12-27,nf_nhits
30,2025-11-29,2025-12-06,1,1,17.28627586364746,17.28627586364746,11.673431396484375,14.37253189086914,17.28627586364746,19.060344696044922,21.079540252685547,2025-11-29,2025-12-06,nf_nhits
30,2025-11-29,2025-12-13,2,2,23.494848251342773,23.494848251342773,13.791940689086914,20.01563835144043,23.494848251342773,27.750659942626953,32.699005126953125,2025-11-29,2025-12-13,nf_nhits
30,2025-11-29,2025-12-20,3,3,30.748485565185547,30.748485565185547,15.1976957321167,26.72513198852539,30.748485565185547,35.26075744628906,49.5574836730957,2025-11-29,2025-12-20,nf_nhits
30,2025-11-29,2025-12-27,4,4,37.09709548950195,37.09709548950195,16.128047943115234,28.33694839477539,37.09709548950195,46.30269241333008,71.07366943359375,2025-11-29,2025-12-27,nf_nhits
31,2025-11-29,2025-12-06,1,1,18.212148666381836,18.212148666381836,11.99461555480957,15.044078826904297,18.212148666381836,20.772024154663086,23.693368911743164,2025-11-29,2025-12-06,nf_nhits
31,2025-11-29,2025-12-13,2,2,25.081924438476562,25.081924438476562,14.253689765930176,21.01958465576172,25.081924438476562,30.041412353515625,37.25518035888672,2025-11-29,2025-12-13,nf_nhits
31,2025-11-29,2025-12-20,3,3,33.51261901855469,33.51261901855469,15.848190307617188,29.025253295898438,33.51261901855469,39.35158920288086,57.11563491821289,2025-11-29,2025-12-20,nf_nhits
31,2025-11-29,2025-12-27,4,4,41.50859832763672,41.50859832763672,16.786842346191406,31.21693229675293,41.50859832763672,51.824806213378906,81.31513977050781,2025-11-29,2025-12-27,nf_nhits
32,2025-11-29,2025-12-06,1,1,16.735673904418945,16.735673904418945,8.961690902709961,14.22414493560791,16.735673904418945,18.600069046020508,24.040035247802734,2025-11-29,2025-12-06,nf_nhits
32,2025-11-29,2025-12-13,2,2,20.693862915039062,20.693862915039062,9.789830207824707,16.990629196166992,20.693862915039062,24.43626594543457,33.254268646240234,2025-11-29,2025-12-13,nf_nhits
32,2025-11-29,2025-12-20,3,3,26.66030502319336,26.66030502319336,10.312414169311523,20.86526107788086,26.66030502319336,33.02383804321289,49.629478454589844,2025-11-29,2025-12-20,nf_nhits
32,2025-11-29,2025-12-27,4,4,30.960214614868164,30.960214614868164,10.621591567993164,22.292299270629883,30.960214614868164,40.1058464050293,62.86445617675781,2025-11-29,2025-12-27,nf_nhits
33,2025-11-29,2025-12-06,1,1,16.273054122924805,16.273054122924805,10.350841522216797,12.949515342712402,16.273054122924805,18.451005935668945,20.184589385986328,2025-11-29,2025-12-06,nf_nhits
33,2025-11-29,2025-12-13,2,2,24.720035552978516,24.720035552978516,13.46928596496582,20.806446075439453,24.720035552978516,29.900651931762695,34.58661651611328,2025-11-29,2025-12-13,nf_nhits
33,2025-11-29,2025-12-20,3,3,33.69948959350586,33.69948959350586,15.511760711669922,29.908058166503906,33.69948959350586,38.61013412475586,54.50385665893555,2025-11-29,2025-12-20,nf_nhits
33,2025-11-29,2025-12-27,4,4,42.068809509277344,42.068809509277344,16.901119232177734,32.02922821044922,42.068809509277344,52.96590805053711,82.82372283935547,2025-11-29,2025-12-27,nf_nhits
34,2025-11-29,2025-12-06,1,1,217.5708770751953,217.5708770751953,151.177490234375,180.95855712890625,217.5708770751953,238.75967407226562,262.448486328125,2025-11-29,2025-12-06,nf_nhits
34,2025-11-29,2025-12-13,2,2,288.1714782714844,288.1714782714844,173.46646118164062,246.82118225097656,288.1714782714844,345.8587341308594,409.366943359375,2025-11-29,2025-12-13,nf_nhits
34,2025-11-29,2025-12-20,3,3,364.47576904296875,364.47576904296875,186.33155822753906,320.89459228515625,364.47576904296875,426.6227722167969,611.8522338867188,2025-11-29,2025-12-20,nf_nhits
34,2025-11-29,2025-12-27,4,4,431.93310546875,431.93310546875,195.48275756835938,335.5989990234375,431.93310546875,551.4517211914062,872.0215454101562,2025-11-29,2025-12-27,nf_nhits
35,2025-11-29,2025-12-06,1,1,57.557952880859375,57.557952880859375,38.057373046875,46.95758819580078,57.557952880859375,65.3485336303711,73.73925018310547,2025-11-29,2025-12-06,nf_nhits
35,2025-11-29,2025-12-13,2,2,76.84439849853516,76.84439849853516,43.54279327392578,64.4095458984375,76.84439849853516,93.96764373779297,115.67393493652344,2025-11-29,2025-12-13,nf_nhits
35,2025-11-29,2025-12-20,3,3,98.09011840820312,98.09011840820312,47.00832748413086,85.21235656738281,98.09011840820312,118.14564514160156,174.34133911132812,2025-11-29,2025-12-20,nf_nhits
35,2025-11-29,2025-12-27,4,4,118.12957763671875,118.12957763671875,49.169761657714844,89.71003723144531,118.12957763671875,152.60025024414062,246.2462921142578,2025-11-29,2025-12-27,nf_nhits
36,2025-11-29,2025-12-06,1,1,849.2776489257812,849.2776489257812,525.7474975585938,617.7196655273438,849.2776489257812,1041.611083984375,1358.791015625,2025-11-29,2025-12-06,nf_nhits
36,2025-11-29,2025-12-13,2,2,751.6769409179688,751.6769409179688,433.98785400390625,571.76025390625,751.6769409179688,954.9821166992188,1898.9652099609375,2025-11-29,2025-12-13,nf_nhits
36,2025-11-29,2025-12-20,3,3,790.4671630859375,790.4671630859375,397.33721923828125,643.1848754882812,790.4671630859375,1066.453369140625,2120.64892578125,2025-11-29,2025-12-20,nf_nhits
36,2025-11-29,2025-12-27,4,4,977.6990356445312,977.6990356445312,329.1043701171875,657.99951171875,977.6990356445312,1221.220703125,2401.12158203125,2025-11-29,2025-12-27,nf_nhits
37,2025-11-29,2025-12-06,1,1,239.63864135742188,239.63864135742188,154.27232360839844,194.62548828125,239.63864135742188,262.6772766113281,289.77099609375,2025-11-29,2025-12-06,nf_nhits
37,2025-11-29,2025-12-13,2,2,306.2281188964844,306.2281188964844,170.4261016845703,253.9179229736328,306.2281188964844,378.3428955078125,454.88250732421875,2025-11-29,2025-12-13,nf_nhits
37,2025-11-29,2025-12-20,3,3,370.4804992675781,370.4804992675781,173.3894805908203,309.598388671875,370.4804992675781,463.5461730957031,675.1972045898438,2025-11-29,2025-12-20,nf_nhits
37,2025-11-29,2025-12-27,4,4,416.46240234375,416.46240234375,178.9582977294922,314.06927490234375,416.46240234375,568.6879272460938,925.5328979492188,2025-11-29,2025-12-27,nf_nhits
38,2025-11-29,2025-12-06,1,1,15.270048141479492,15.270048141479492,8.986099243164062,12.277323722839355,15.270048141479492,18.015161514282227,20.81576919555664,2025-11-29,2025-12-06,nf_nhits
38,2025-11-29,2025-12-13,2,2,23.259708404541016,23.259708404541016,11.904165267944336,19.10819435119629,23.259708404541016,28.010700225830078,34.82289505004883,2025-11-29,2025-12-13,nf_nhits
38,2025-11-29,2025-12-20,3,3,33.011940002441406,33.011940002441406,13.921289443969727,28.66244888305664,33.011940002441406,38.22413635253906,56.04186248779297,2025-11-29,2025-12-20,nf_nhits
38,2025-11-29,2025-12-27,4,4,42.583309173583984,42.583309173583984,15.129783630371094,31.489566802978516,42.583309173583984,52.68578338623047,82.95049285888672,2025-11-29,2025-12-27,nf_nhits
39,2025-11-29,2025-12-06,1,1,179.1080780029297,179.1080780029297,124.53736877441406,149.2730712890625,179.1080780029297,198.86045837402344,220.07455444335938,2025-11-29,2025-12-06,nf_nhits
39,2025-11-29,2025-12-13,2,2,250.766357421875,250.766357421875,148.95140075683594,214.9778289794922,250.766357421875,298.7802734375,354.22100830078125,2025-11-29,2025-12-13,nf_nhits
39,2025-11-29,2025-12-20,3,3,330.5301818847656,330.5301818847656,164.56182861328125,292.03765869140625,330.5301818847656,383.1350402832031,548.4082641601562,2025-11-29,2025-12-20,nf_nhits
39,2025-11-29,2025-12-27,4,4,403.2010192871094,403.2010192871094,174.45584106445312,311.397705078125,403.2010192871094,508.3658447265625,797.4852294921875,2025-11-29,2025-12-27,nf_nhits
40,2025-11-29,2025-12-06,1,1,26.47559356689453,26.47559356689453,16.463092803955078,22.71514892578125,26.47559356689453,28.789369583129883,34.788639068603516,2025-11-29,2025-12-06,nf_nhits
40,2025-11-29,2025-12-13,2,2,33.57906723022461,33.57906723022461,18.482643127441406,28.721704483032227,33.57906723022461,38.920501708984375,49.144229888916016,2025-11-29,2025-12-13,nf_nhits
40,2025-11-29,2025-12-20,3,3,42.640892028808594,42.640892028808594,19.84671974182129,35.72126770019531,42.640892028808594,50.226497650146484,72.27862548828125,2025-11-29,2025-12-20,nf_nhits
40,2025-11-29,2025-12-27,4,4,49.91958999633789,49.91958999633789,20.547502517700195,37.83720397949219,49.91958999633789,62.80231475830078,96.50028228759766,2025-11-29,2025-12-27,nf_nhits
41,2025-11-29,2025-12-06,1,1,44.028324127197266,44.028324127197266,27.926836013793945,36.39168930053711,44.028324127197266,50.76382064819336,58.105323791503906,2025-11-29,2025-12-06,nf_nhits
41,2025-11-29,2025-12-13,2,2,67.55403900146484,67.55403900146484,37.010009765625,56.782196044921875,67.55403900146484,79.45852661132812,96.55853271484375,2025-11-29,2025-12-13,nf_nhits
41,2025-11-29,2025-12-20,3,3,95.85423278808594,95.85423278808594,42.729515075683594,84.26446533203125,95.85423278808594,108.63091278076172,156.81472778320312,2025-11-29,2025-12-20,nf_nhits
41,2025-11-29,2025-12-27,4,4,123.4267807006836,123.4267807006836,46.390342712402344,93.049072265625,123.4267807006836,150.8672637939453,234.7051544189453,2025-11-29,2025-12-27,nf_nhits
42,2025-11-29,2025-12-06,1,1,473.2828369140625,473.2828369140625,332.1721496582031,409.322998046875,473.2828369140625,515.60595703125,581.0560302734375,2025-11-29,2025-12-06,nf_nhits
42,2025-11-29,2025-12-13,2,2,674.8673706054688,674.8673706054688,409.4073486328125,586.892822265625,674.8673706054688,767.220703125,911.3619384765625,2025-11-29,2025-12-13,nf_nhits
42,2025-11-29,2025-12-20,3,3,918.959716796875,918.959716796875,457.8819885253906,814.8070068359375,918.959716796875,1022.5202026367188,1434.5859375,2025-11-29,2025-12-20,nf_nhits
42,2025-11-29,2025-12-27,4,4,1145.36669921875,1145.36669921875,488.6711730957031,889.6298217773438,1145.36669921875,1382.24365234375,2100.951416015625,2025-11-29,2025-12-27,nf_nhits
44,2025-11-29,2025-12-06,1,1,25.914134979248047,25.914134979248047,15.632024765014648,20.426424026489258,25.914134979248047,28.37333869934082,30.637847900390625,2025-11-29,2025-12-06,nf_nhits
44,2025-11-29,2025-12-13,2,2,29.13894271850586,29.13894271850586,15.22508716583252,23.029897689819336,29.13894271850586,37.52210998535156,47.160484313964844,2025-11-29,2025-12-13,nf_nhits
44,2025-11-29,2025-12-20,3,3,29.76023292541504,29.76023292541504,14.10251235961914,24.591644287109375,29.76023292541504,41.362342834472656,61.7578010559082,2025-11-29,2025-12-20,nf_nhits
44,2025-11-29,2025-12-27,4,4,29.592693328857422,29.592693328857422,14.15497875213623,22.70263671875,29.592693328857422,44.23142623901367,78.7833480834961,2025-11-29,2025-12-27,nf_nhits
45,2025-11-29,2025-12-06,1,1,72.53315734863281,72.53315734863281,52.27756881713867,61.449928283691406,72.53315734863281,78.82823181152344,85.5792007446289,2025-11-29,2025-12-06,nf_nhits
45,2025-11-29,2025-12-13,2,2,103.81237030029297,103.81237030029297,64.01400756835938,90.61296081542969,103.81237030029297,120.99545288085938,138.8729248046875,2025-11-29,2025-12-13,nf_nhits
45,2025-11-29,2025-12-20,3,3,139.07923889160156,139.07923889160156,71.52285766601562,124.46929931640625,139.07923889160156,155.76405334472656,216.35140991210938,2025-11-29,2025-12-20,nf_nhits
45,2025-11-29,2025-12-27,4,4,170.72506713867188,170.72506713867188,76.59474182128906,133.41485595703125,170.72506713867188,210.2990264892578,321.9745788574219,2025-11-29,2025-12-27,nf_nhits
46,2025-11-29,2025-12-06,1,1,1.8095831871032715,1.8095831871032715,0.0,0.7084632515907288,1.8095831871032715,2.931647539138794,4.7379021644592285,2025-11-29,2025-12-06,nf_nhits
46,2025-11-29,2025-12-13,2,2,2.6552517414093018,2.6552517414093018,0.0,1.2414244413375854,2.6552517414093018,4.2066216468811035,7.139069557189941,2025-11-29,2025-12-13,nf_nhits
46,2025-11-29,2025-12-20,3,3,4.168488502502441,4.168488502502441,0.0,2.2175796031951904,4.168488502502441,6.435322284698486,11.33734130859375,2025-11-29,2025-12-20,nf_nhits
46,2025-11-29,2025-12-27,4,4,5.229832172393799,5.229832172393799,0.0,2.553389310836792,5.229832172393799,8.026917457580566,14.29997444152832,2025-11-29,2025-12-27,nf_nhits
47,2025-11-29,2025-12-06,1,1,76.6187744140625,76.6187744140625,50.91538619995117,67.5186996459961,76.6187744140625,80.82369232177734,96.87126159667969,2025-11-29,2025-12-06,nf_nhits
47,2025-11-29,2025-12-13,2,2,96.19390106201172,96.19390106201172,56.53065490722656,83.73543548583984,96.19390106201172,109.51248931884766,136.5683135986328,2025-11-29,2025-12-13,nf_nhits
47,2025-11-29,2025-12-20,3,3,121.87638854980469,121.87638854980469,60.08742141723633,103.25955963134766,121.87638854980469,141.3174285888672,200.752685546875,2025-11-29,2025-12-20,nf_nhits
47,2025-11-29,2025-12-27,4,4,141.3856201171875,141.3856201171875,62.69285583496094,109.41644287109375,141.3856201171875,175.688720703125,266.90386962890625,2025-11-29,2025-12-27,nf_nhits
48,2025-11-29,2025-12-06,1,1,808.9771728515625,808.9771728515625,590.8590087890625,692.9866333007812,808.9771728515625,876.1392822265625,953.7792358398438,2025-11-29,2025-12-06,nf_nhits
48,2025-11-29,2025-12-13,2,2,1152.364013671875,1152.364013671875,718.161865234375,1006.171142578125,1152.364013671875,1331.0792236328125,1536.365478515625,2025-11-29,2025-12-13,nf_nhits
48,2025-11-29,2025-12-20,3,3,1544.280517578125,1544.280517578125,796.6891479492188,1375.89306640625,1544.280517578125,1730.1602783203125,2409.156494140625,2025-11-29,2025-12-20,nf_nhits
48,2025-11-29,2025-12-27,4,4,1897.591552734375,1897.591552734375,850.043212890625,1481.5308837890625,1897.591552734375,2331.812744140625,3561.606201171875,2025-11-29,2025-12-27,nf_nhits
49,2025-11-29,2025-12-06,1,1,47.84614181518555,47.84614181518555,30.80387306213379,39.021888732910156,47.84614181518555,55.301700592041016,63.582244873046875,2025-11-29,2025-12-06,nf_nhits
49,2025-11-29,2025-12-13,2,2,67.67955780029297,67.67955780029297,37.205711364746094,56.45865249633789,67.67955780029297,81.92997741699219,102.39877319335938,2025-11-29,2025-12-13,nf_nhits
49,2025-11-29,2025-12-20,3,3,90.98796081542969,90.98796081542969,41.50568389892578,79.38641357421875,90.98796081542969,108.07775115966797,159.1492462158203,2025-11-29,2025-12-20,nf_nhits
49,2025-11-29,2025-12-27,4,4,113.46949005126953,113.46949005126953,44.15817642211914,85.69862365722656,113.46949005126953,143.53073120117188,228.78439331054688,2025-11-29,2025-12-27,nf_nhits
50,2025-11-29,2025-12-06,1,1,0.9707502126693726,0.9707502126693726,0.0,0.055204860866069794,0.9707502126693726,1.9192379713058472,3.2914938926696777,2025-11-29,2025-12-06,nf_nhits
50,2025-11-29,2025-12-13,2,2,1.686826467514038,1.686826467514038,0.0,0.05284342169761658,1.686826467514038,3.180335521697998,5.603076934814453,2025-11-29,2025-12-13,nf_nhits
50,2025-11-29,2025-12-20,3,3,2.167222738265991,2.167222738265991,0.0,0.22878707945346832,2.167222738265991,4.335265159606934,7.843567848205566,2025-11-29,2025-12-20,nf_nhits
50,2025-11-29,2025-12-27,4,4,2.2457363605499268,2.2457363605499268,0.0,0.0,2.2457363605499268,4.531857967376709,9.489591598510742,2025-11-29,2025-12-27,nf_nhits
51,2025-11-29,2025-12-06,1,1,140.424560546875,140.424560546875,98.69027709960938,117.40621948242188,140.424560546875,155.8449249267578,171.845947265625,2025-11-29,2025-12-06,nf_nhits
51,2025-11-29,2025-12-13,2,2,197.04486083984375,197.04486083984375,118.57965850830078,169.45460510253906,197.04486083984375,233.90261840820312,276.3454284667969,2025-11-29,2025-12-13,nf_nhits
51,2025-11-29,2025-12-20,3,3,260.8976745605469,260.8976745605469,131.27392578125,231.44920349121094,260.8976745605469,300.2211608886719,427.6268615722656,2025-11-29,2025-12-20,nf_nhits
51,2025-11-29,2025-12-27,4,4,319.72186279296875,319.72186279296875,139.45608520507812,247.41470336914062,319.72186279296875,400.3401184082031,624.5459594726562,2025-11-29,2025-12-27,nf_nhits
53,2025-11-29,2025-12-06,1,1,51.7469482421875,51.7469482421875,33.59709548950195,43.35952377319336,51.7469482421875,57.16255187988281,64.93354797363281,2025-11-29,2025-12-06,nf_nhits
53,2025-11-29,2025-12-13,2,2,76.3046875,76.3046875,42.86483383178711,65.3208236694336,76.3046875,88.57052612304688,105.6266098022461,2025-11-29,2025-12-13,nf_nhits
53,2025-11-29,2025-12-20,3,3,105.24888610839844,105.24888610839844,48.8126335144043,92.33840942382812,105.24888610839844,118.56646728515625,168.3314208984375,2025-11-29,2025-12-20,nf_nhits
53,2025-11-29,2025-12-27,4,4,131.5568389892578,131.5568389892578,52.7021369934082,100.68360900878906,131.5568389892578,161.70277404785156,249.52655029296875,2025-11-29,2025-12-27,nf_nhits
54,2025-11-29,2025-12-06,1,1,15.952134132385254,15.952134132385254,9.239795684814453,12.4967041015625,15.952134132385254,19.22114372253418,22.294048309326172,2025-11-29,2025-12-06,nf_nhits
54,2025-11-29,2025-12-13,2,2,23.813922882080078,23.813922882080078,11.93002700805664,19.42341423034668,23.813922882080078,29.329160690307617,37.084800720214844,2025-11-29,2025-12-13,nf_nhits
54,2025-11-29,2025-12-20,3,3,33.138240814208984,33.138240814208984,13.880515098571777,28.871501922607422,33.138240814208984,39.314937591552734,58.266822814941406,2025-11-29,2025-12-20,nf_nhits
54,2025-11-29,2025-12-27,4,4,42.59168243408203,42.59168243408203,14.958589553833008,31.551513671875,42.59168243408203,53.38298797607422,85.69145202636719,2025-11-29,2025-12-27,nf_nhits
55,2025-11-29,2025-12-06,1,1,74.4603271484375,74.4603271484375,48.65260314941406,60.424434661865234,74.4603271484375,83.41844177246094,93.9454116821289,2025-11-29,2025-12-06,nf_nhits
55,2025-11-29,2025-12-13,2,2,92.37808227539062,92.37808227539062,52.489410400390625,77.32489013671875,92.37808227539062,113.65843963623047,144.27545166015625,2025-11-29,2025-12-13,nf_nhits
55,2025-11-29,2025-12-20,3,3,111.01270294189453,111.01270294189453,55.15642166137695,96.97522735595703,111.01270294189453,137.40386962890625,207.42120361328125,2025-11-29,2025-12-20,nf_nhits
55,2025-11-29,2025-12-27,4,4,128.96780395507812,128.96780395507812,56.63154602050781,99.47132873535156,128.96780395507812,170.74249267578125,282.5204772949219,2025-11-29,2025-12-27,nf_nhits
56,2025-11-29,2025-12-06,1,1,14.612202644348145,14.612202644348145,9.214499473571777,11.745918273925781,14.612202644348145,17.081058502197266,19.206035614013672,2025-11-29,2025-12-06,nf_nhits
56,2025-11-29,2025-12-13,2,2,21.38691520690918,21.38691520690918,11.542165756225586,17.55937385559082,21.38691520690918,25.879701614379883,31.433475494384766,2025-11-29,2025-12-13,nf_nhits
56,2025-11-29,2025-12-20,3,3,29.33688735961914,29.33688735961914,13.083714485168457,25.182851791381836,29.33688735961914,34.29512023925781,49.808170318603516,2025-11-29,2025-12-20,nf_nhits
56,2025-11-29,2025-12-27,4,4,36.82596206665039,36.82596206665039,14.055696487426758,27.234825134277344,36.82596206665039,46.325992584228516,72.78948974609375,2025-11-29,2025-12-27,nf_nhits
72,2025-11-29,2025-12-06,1,1,235.51443481445312,235.51443481445312,144.42071533203125,201.163818359375,235.51443481445312,257.04266357421875,315.3736267089844,2025-11-29,2025-12-06,nf_nhits
72,2025-11-29,2025-12-13,2,2,326.6800842285156,326.6800842285156,177.51568603515625,275.0943603515625,326.6800842285156,371.09844970703125,482.2239685058594,2025-11-29,2025-12-13,nf_nhits
72,2025-11-29,2025-12-20,3,3,455.5578918457031,455.5578918457031,197.90057373046875,383.92694091796875,455.5578918457031,526.3426513671875,773.9933471679688,2025-11-29,2025-12-20,nf_nhits
72,2025-11-29,2025-12-27,4,4,566.943359375,566.943359375,210.06680297851562,426.94354248046875,566.943359375,693.772705078125,1072.2557373046875,2025-11-29,2025-12-27,nf_nhits
01,2025-12-27,2026-01-03,1,1,723.5913696289062,723.5913696289062,398.4704284667969,460.7157897949219,723.5913696289062,936.3687744140625,1193.0670166015625,2025-12-27,2026-01-03,nf_nhits
01,2025-12-27,2026-01-10,2,2,554.931884765625,554.931884765625,295.1688232421875,403.4391784667969,554.931884765625,834.71484375,1702.8680419921875,2025-12-27,2026-01-10,nf_nhits
01,2025-12-27,2026-01-17,3,3,530.0003051757812,530.0003051757812,261.61669921875,411.78765869140625,530.0003051757812,844.8375244140625,2013.1744384765625,2025-12-27,2026-01-17,nf_nhits
01,2025-12-27,2026-01-24,4,4,625.9329223632812,625.9329223632812,247.08837890625,464.0211486816406,625.9329223632812,942.3777465820312,2092.762451171875,2025-12-27,2026-01-24,nf_nhits
02,2025-12-27,2026-01-03,1,1,134.01988220214844,134.01988220214844,70.86908721923828,82.80677032470703,134.01988220214844,177.01202392578125,225.7125244140625,2025-12-27,2026-01-03,nf_nhits
02,2025-12-27,2026-01-10,2,2,102.7082290649414,102.7082290649414,51.89199447631836,73.81060791015625,102.7082290649414,160.18267822265625,333.5299377441406,2025-12-27,2026-01-10,nf_nhits
02,2025-12-27,2026-01-17,3,3,100.93313598632812,100.93313598632812,47.02735900878906,77.58265686035156,100.93313598632812,167.25331115722656,404.5633544921875,2025-12-27,2026-01-17,nf_nhits
02,2025-12-27,2026-01-24,4,4,122.83865356445312,122.83865356445312,44.63086700439453,89.71157836914062,122.83865356445312,189.84556579589844,426.4430236816406,2025-12-27,2026-01-24,nf_nhits
04,2025-12-27,2026-01-03,1,1,496.20660400390625,496.20660400390625,273.8111877441406,318.8497314453125,496.20660400390625,634.42138671875,786.6399536132812,2025-12-27,2026-01-03,nf_nhits
04,2025-12-27,2026-01-10,2,2,387.1253662109375,387.1253662109375,206.84909057617188,282.2328796386719,387.1253662109375,585.7709350585938,1148.353515625,2025-12-27,2026-01-10,nf_nhits
04,2025-12-27,2026-01-17,3,3,365.49176025390625,365.49176025390625,182.21697998046875,286.4285583496094,365.49176025390625,605.861083984375,1413.4141845703125,2025-12-27,2026-01-17,nf_nhits
04,2025-12-27,2026-01-24,4,4,425.83624267578125,425.83624267578125,176.18756103515625,320.4700622558594,425.83624267578125,665.980712890625,1489.6400146484375,2025-12-27,2026-01-24,nf_nhits
05,2025-12-27,2026-01-03,1,1,410.48077392578125,410.48077392578125,232.37350463867188,270.2946472167969,410.48077392578125,488.7757568359375,618.0540771484375,2025-12-27,2026-01-03,nf_nhits
05,2025-12-27,2026-01-10,2,2,317.61688232421875,317.61688232421875,176.50889587402344,241.52464294433594,317.61688232421875,427.10394287109375,883.6421508789062,2025-12-27,2026-01-10,nf_nhits
05,2025-12-27,2026-01-17,3,3,316.4949035644531,316.4949035644531,152.93309020996094,244.51942443847656,316.4949035644531,421.8457946777344,989.228759765625,2025-12-27,2026-01-17,nf_nhits
05,2025-12-27,2026-01-24,4,4,384.6004638671875,384.6004638671875,144.7726593017578,276.8946533203125,384.6004638671875,476.2923889160156,1001.10107421875,2025-12-27,2026-01-24,nf_nhits
06,2025-12-27,2026-01-03,1,1,2059.04248046875,2059.04248046875,1316.9830322265625,1559.0634765625,2059.04248046875,2421.86279296875,2906.997802734375,2025-12-27,2026-01-03,nf_nhits
06,2025-12-27,2026-01-10,2,2,2326.8515625,2326.8515625,1261.0390625,1782.4825439453125,2326.8515625,3098.152099609375,4717.2509765625,2025-12-27,2026-01-10,nf_nhits
06,2025-12-27,2026-01-17,3,3,2478.54052734375,2478.54052734375,1222.16748046875,1973.6571044921875,2478.54052734375,3546.364501953125,6585.865234375,2025-12-27,2026-01-17,nf_nhits
06,2025-12-27,2026-01-24,4,4,2577.94775390625,2577.94775390625,1168.96142578125,1991.71875,2577.94775390625,3889.786865234375,7659.8056640625,2025-12-27,2026-01-24,nf_nhits
08,2025-12-27,2026-01-03,1,1,1033.4810791015625,1033.4810791015625,607.532470703125,714.3499145507812,1033.4810791015625,1172.3204345703125,1535.8388671875,2025-12-27,2026-01-03,nf_nhits
08,2025-12-27,2026-01-10,2,2,861.3086547851562,861.3086547851562,472.6145324707031,688.3360595703125,861.3086547851562,1043.8721923828125,2168.040283203125,2025-12-27,2026-01-10,nf_nhits
08,2025-12-27,2026-01-17,3,3,913.7481079101562,913.7481079101562,427.6816101074219,698.4046630859375,913.7481079101562,1050.948974609375,2272.37744140625,2025-12-27,2026-01-17,nf_nhits
08,2025-12-27,2026-01-24,4,4,1102.9395751953125,1102.9395751953125,374.8666076660156,770.1387939453125,1102.9395751953125,1226.2259521484375,2285.816650390625,2025-12-27,2026-01-24,nf_nhits
09,2025-12-27,2026-01-03,1,1,809.4808349609375,809.4808349609375,475.4985656738281,547.5208740234375,809.4808349609375,944.0592651367188,1272.9696044921875,2025-12-27,2026-01-03,nf_nhits
09,2025-12-27,2026-01-10,2,2,680.8803100585938,680.8803100585938,367.3737487792969,545.2616577148438,680.8803100585938,841.52197265625,1809.67724609375,2025-12-27,2026-01-10,nf_nhits
09,2025-12-27,2026-01-17,3,3,751.12890625,751.12890625,343.5428771972656,567.4954833984375,751.12890625,863.9453735351562,1895.6046142578125,2025-12-27,2026-01-17,nf_nhits
09,2025-12-27,2026-01-24,4,4,913.5809936523438,913.5809936523438,295.85980224609375,634.9868774414062,913.5809936523438,1031.817626953125,1920.447265625,2025-12-27,2026-01-24,nf_nhits
10,2025-12-27,2026-01-03,1,1,282.1573486328125,282.1573486328125,155.75015258789062,186.65817260742188,282.1573486328125,334.7398986816406,438.2312316894531,2025-12-27,2026-01-03,nf_nhits
10,2025-12-27,2026-01-10,2,2,212.5260467529297,212.5260467529297,120.1203384399414,174.61822509765625,212.5260467529297,274.8582458496094,632.381591796875,2025-12-27,2026-01-10,nf_nhits
10,2025-12-27,2026-01-17,3,3,235.47262573242188,235.47262573242188,113.20791625976562,184.0685272216797,235.47262573242188,270.6790466308594,654.3914184570312,2025-12-27,2026-01-17,nf_nhits
10,2025-12-27,2026-01-24,4,4,310.4044189453125,310.4044189453125,101.87645721435547,218.1602783203125,310.4044189453125,333.43572998046875,648.1709594726562,2025-12-27,2026-01-24,nf_nhits
11,2025-12-27,2026-01-03,1,1,135.37240600585938,135.37240600585938,76.49768829345703,89.22428894042969,135.37240600585938,161.8299102783203,204.31028747558594,2025-12-27,2026-01-03,nf_nhits
11,2025-12-27,2026-01-10,2,2,106.0369644165039,106.0369644165039,59.300323486328125,81.9684829711914,106.0369644165039,141.76116943359375,291.1086730957031,2025-12-27,2026-01-10,nf_nhits
11,2025-12-27,2026-01-17,3,3,107.07589721679688,107.07589721679688,52.054771423339844,82.31700897216797,107.07589721679688,138.70480346679688,319.18682861328125,2025-12-27,2026-01-17,nf_nhits
11,2025-12-27,2026-01-24,4,4,131.79356384277344,131.79356384277344,48.14695739746094,93.1730728149414,131.79356384277344,158.49574279785156,323.70709228515625,2025-12-27,2026-01-24,nf_nhits
12,2025-12-27,2026-01-03,1,1,3416.520751953125,3416.520751953125,2324.08642578125,2854.0625,3416.520751953125,3786.726318359375,4333.951171875,2025-12-27,2026-01-03,nf_nhits
12,2025-12-27,2026-01-10,2,2,4224.626953125,4224.626953125,2324.80810546875,3298.7431640625,4224.626953125,5240.33251953125,7146.60693359375,2025-12-27,2026-01-10,nf_nhits
12,2025-12-27,2026-01-17,3,3,4561.88330078125,4561.88330078125,2302.802490234375,3740.742919921875,4561.88330078125,6113.3330078125,10391.4833984375,2025-12-27,2026-01-17,nf_nhits
12,2025-12-27,2026-01-24,4,4,4662.35107421875,4662.35107421875,2178.38671875,3663.65185546875,4662.35107421875,6652.95166015625,12339.13671875,2025-12-27,2026-01-24,nf_nhits
13,2025-12-27,2026-01-03,1,1,1894.5406494140625,1894.5406494140625,1057.89599609375,1255.7098388671875,1894.5406494140625,2259.716796875,2923.885009765625,2025-12-27,2026-01-03,nf_nhits
13,2025-12-27,2026-01-10,2,2,1441.317626953125,1441.317626953125,826.1824340820312,1160.7840576171875,1441.317626953125,1896.5322265625,4173.3046875,2025-12-27,2026-01-10,nf_nhits
13,2025-12-27,2026-01-17,3,3,1539.6263427734375,1539.6263427734375,756.346435546875,1206.428955078125,1539.6263427734375,1870.7276611328125,4447.1123046875,2025-12-27,2026-01-17,nf_nhits
13,2025-12-27,2026-01-24,4,4,1978.74462890625,1978.74462890625,695.5203857421875,1408.2427978515625,1978.74462890625,2239.352783203125,4456.55615234375,2025-12-27,2026-01-24,nf_nhits
15,2025-12-27,2026-01-03,1,1,87.54603576660156,87.54603576660156,67.55962371826172,74.92005157470703,87.54603576660156,109.20210266113281,129.1448974609375,2025-12-27,2026-01-03,nf_nhits
15,2025-12-27,2026-01-10,2,2,77.58384704589844,77.58384704589844,44.70484161376953,60.97856521606445,77.58384704589844,99.3421630859375,147.89791870117188,2025-12-27,2026-01-10,nf_nhits
15,2025-12-27,2026-01-17,3,3,64.14639282226562,64.14639282226562,32.6949348449707,48.41730499267578,64.14639282226562,97.31349182128906,177.11239624023438,2025-12-27,2026-01-17,nf_nhits
15,2025-12-27,2026-01-24,4,4,50.99799728393555,50.99799728393555,25.687950134277344,35.71075439453125,50.99799728393555,86.79638671875,184.4683074951172,2025-12-27,2026-01-24,nf_nhits
16,2025-12-27,2026-01-03,1,1,204.96014404296875,204.96014404296875,116.28985595703125,136.11599731445312,204.96014404296875,248.45181274414062,317.1893005371094,2025-12-27,2026-01-03,nf_nhits
16,2025-12-27,2026-01-10,2,2,163.0139923095703,163.0139923095703,81.63273620605469,116.19171905517578,163.0139923095703,225.68153381347656,446.3306884765625,2025-12-27,2026-01-10,nf_nhits
16,2025-12-27,2026-01-17,3,3,152.30210876464844,152.30210876464844,67.39260864257812,114.98789978027344,152.30210876464844,223.19723510742188,514.91796875,2025-12-27,2026-01-17,nf_nhits
16,2025-12-27,2026-01-24,4,4,166.0391387939453,166.0391387939453,62.40043640136719,121.83111572265625,166.0391387939453,238.4824981689453,523.0494384765625,2025-12-27,2026-01-24,nf_nhits
17,2025-12-27,2026-01-03,1,1,2050.67138671875,2050.67138671875,1118.924072265625,1348.4251708984375,2050.67138671875,2440.44140625,3162.858642578125,2025-12-27,2026-01-03,nf_nhits
17,2025-12-27,2026-01-10,2,2,1517.248291015625,1517.248291015625,868.7675170898438,1238.125244140625,1517.248291015625,2000.7708740234375,4568.77001953125,2025-12-27,2026-01-10,nf_nhits
17,2025-12-27,2026-01-17,3,3,1655.0980224609375,1655.0980224609375,804.87255859375,1302.18310546875,1655.0980224609375,1960.304443359375,4797.193359375,2025-12-27,2026-01-17,nf_nhits
17,2025-12-27,2026-01-24,4,4,2194.11865234375,2194.11865234375,738.112060546875,1550.5321044921875,2194.11865234375,2392.400634765625,4760.22998046875,2025-12-27,2026-01-24,nf_nhits
18,2025-12-27,2026-01-03,1,1,951.6554565429688,951.6554565429688,532.97119140625,629.5574340820312,951.6554565429688,1145.688232421875,1474.644287109375,2025-12-27,2026-01-03,nf_nhits
18,2025-12-27,2026-01-10,2,2,727.8101806640625,727.8101806640625,414.4207763671875,575.7171630859375,727.8101806640625,974.4921875,2096.575439453125,2025-12-27,2026-01-10,nf_nhits
18,2025-12-27,2026-01-17,3,3,757.410400390625,757.410400390625,372.31048583984375,591.2054443359375,757.410400390625,959.17041015625,2270.8583984375,2025-12-27,2026-01-17,nf_nhits
18,2025-12-27,2026-01-24,4,4,955.3582763671875,955.3582763671875,345.3343505859375,683.7626342773438,955.3582763671875,1124.2440185546875,2289.052978515625,2025-12-27,2026-01-24,nf_nhits
19,2025-12-27,2026-01-03,1,1,368.3020935058594,368.3020935058594,196.73898315429688,238.1309814453125,368.3020935058594,441.89434814453125,573.7669677734375,2025-12-27,2026-01-03,nf_nhits
19,2025-12-27,2026-01-10,2,2,264.966064453125,264.966064453125,151.23765563964844,216.55648803710938,264.966064453125,355.8432312011719,839.5225219726562,2025-12-27,2026-01-10,nf_nhits
19,2025-12-27,2026-01-17,3,3,293.63671875,293.63671875,141.47161865234375,231.280029296875,293.63671875,349.14984130859375,881.6607055664062,2025-12-27,2026-01-17,nf_nhits
19,2025-12-27,2026-01-24,4,4,399.0801696777344,399.0801696777344,130.1043243408203,280.9103088378906,399.0801696777344,432.338134765625,872.4774780273438,2025-12-27,2026-01-24,nf_nhits
20,2025-12-27,2026-01-03,1,1,384.568359375,384.568359375,205.93527221679688,244.9327392578125,384.568359375,478.9179992675781,616.1895141601562,2025-12-27,2026-01-03,nf_nhits
20,2025-12-27,2026-01-10,2,2,277.7726135253906,277.7726135253906,158.2094268798828,219.06028747558594,277.7726135253906,393.86480712890625,892.0849609375,2025-12-27,2026-01-10,nf_nhits
20,2025-12-27,2026-01-17,3,3,294.848876953125,294.848876953125,144.82992553710938,231.10494995117188,294.848876953125,387.9382629394531,974.8011474609375,2025-12-27,2026-01-17,nf_nhits
20,2025-12-27,2026-01-24,4,4,390.7591857910156,390.7591857910156,135.6986846923828,277.7093200683594,390.7591857910156,465.2547302246094,982.7694091796875,2025-12-27,2026-01-24,nf_nhits
21,2025-12-27,2026-01-03,1,1,773.528076171875,773.528076171875,420.9173583984375,499.3277282714844,773.528076171875,956.8191528320312,1226.401611328125,2025-12-27,2026-01-03,nf_nhits
21,2025-12-27,2026-01-10,2,2,572.9439086914062,572.9439086914062,325.6524963378906,447.9588317871094,572.9439086914062,803.0468139648438,1758.708251953125,2025-12-27,2026-01-10,nf_nhits
21,2025-12-27,2026-01-17,3,3,595.6690063476562,595.6690063476562,294.2111511230469,465.4115905761719,595.6690063476562,793.3314208984375,1937.3348388671875,2025-12-27,2026-01-17,nf_nhits
21,2025-12-27,2026-01-24,4,4,768.1276245117188,768.1276245117188,277.0911560058594,549.2811889648438,768.1276245117188,933.311279296875,1961.1513671875,2025-12-27,2026-01-24,nf_nhits
22,2025-12-27,2026-01-03,1,1,950.761474609375,950.761474609375,564.2208251953125,643.94580078125,950.761474609375,1172.0528564453125,1463.8328857421875,2025-12-27,2026-01-03,nf_nhits
22,2025-12-27,2026-01-10,2,2,798.1858520507812,798.1858520507812,419.3360595703125,556.1317749023438,798.1858520507812,1136.402099609375,2047.2998046875,2025-12-27,2026-01-10,nf_nhits
22,2025-12-27,2026-01-17,3,3,704.0047607421875,704.0047607421875,342.2220458984375,541.9030151367188,704.0047607421875,1147.3232421875,2498.0986328125,2025-12-27,2026-01-17,nf_nhits
22,2025-12-27,2026-01-24,4,4,699.6320190429688,699.6320190429688,320.4573974609375,544.023193359375,699.6320190429688,1176.8408203125,2616.48974609375,2025-12-27,2026-01-24,nf_nhits
23,2025-12-27,2026-01-03,1,1,193.1455535888672,193.1455535888672,107.93248748779297,127.5184555053711,193.1455535888672,230.00765991210938,303.83099365234375,2025-12-27,2026-01-03,nf_nhits
23,2025-12-27,2026-01-10,2,2,149.4373321533203,149.4373321533203,82.74403381347656,120.93038940429688,149.4373321533203,193.34071350097656,435.4794921875,2025-12-27,2026-01-10,nf_nhits
23,2025-12-27,2026-01-17,3,3,164.1754150390625,164.1754150390625,77.38063049316406,126.79359436035156,164.1754150390625,192.11575317382812,454.64886474609375,2025-12-27,2026-01-17,nf_nhits
23,2025-12-27,2026-01-24,4,4,211.56985473632812,211.56985473632812,68.99015808105469,148.17263793945312,211.56985473632812,234.08580017089844,454.27069091796875,2025-12-27,2026-01-24,nf_nhits
24,2025-12-27,2026-01-03,1,1,836.4774169921875,836.4774169921875,494.481689453125,573.6779174804688,836.4774169921875,963.6587524414062,1264.3936767578125,2025-12-27,2026-01-03,nf_nhits
24,2025-12-27,2026-01-10,2,2,696.129150390625,696.129150390625,388.009033203125,556.8997802734375,696.129150390625,858.0462036132812,1783.708984375,2025-12-27,2026-01-10,nf_nhits
24,2025-12-27,2026-01-17,3,3,742.4215698242188,742.4215698242188,355.35577392578125,569.3881225585938,742.4215698242188,866.6420288085938,1881.56298828125,2025-12-27,2026-01-17,nf_nhits
24,2025-12-27,2026-01-24,4,4,899.4967041015625,899.4967041015625,311.2895812988281,631.5057983398438,899.4967041015625,1016.4119873046875,1902.9130859375,2025-12-27,2026-01-24,nf_nhits
25,2025-12-27,2026-01-03,1,1,1261.6290283203125,1261.6290283203125,712.6964111328125,838.3698120117188,1261.6290283203125,1502.349853515625,1964.8143310546875,2025-12-27,2026-01-03,nf_nhits
25,2025-12-27,2026-01-10,2,2,977.0770874023438,977.0770874023438,556.2106323242188,792.732666015625,977.0770874023438,1269.0159912109375,2805.88134765625,2025-12-27,2026-01-10,nf_nhits
25,2025-12-27,2026-01-17,3,3,1061.123046875,1061.123046875,517.8609619140625,826.8305053710938,1061.123046875,1257.1422119140625,2950.998779296875,2025-12-27,2026-01-17,nf_nhits
25,2025-12-27,2026-01-24,4,4,1361.7625732421875,1361.7625732421875,466.3777770996094,962.7603149414062,1361.7625732421875,1518.799072265625,2956.7646484375,2025-12-27,2026-01-24,nf_nhits
26,2025-12-27,2026-01-03,1,1,1259.406494140625,1259.406494140625,701.853515625,821.8348999023438,1259.406494140625,1559.8746337890625,2017.09228515625,2025-12-27,2026-01-03,nf_nhits
26,2025-12-27,2026-01-10,2,2,960.185302734375,960.185302734375,545.78125,751.5205688476562,960.185302734375,1328.5919189453125,2865.953369140625,2025-12-27,2026-01-10,nf_nhits
26,2025-12-27,2026-01-17,3,3,1002.444091796875,1002.444091796875,495.1242980957031,779.6790771484375,1002.444091796875,1320.3140869140625,3146.6044921875,2025-12-27,2026-01-17,nf_nhits
26,2025-12-27,2026-01-24,4,4,1265.02099609375,1265.02099609375,458.4896240234375,906.41357421875,1265.02099609375,1550.4549560546875,3195.67578125,2025-12-27,2026-01-24,nf_nhits
27,2025-12-27,2026-01-03,1,1,1205.501220703125,1205.501220703125,684.9684448242188,803.902587890625,1205.501220703125,1403.8494873046875,1873.2115478515625,2025-12-27,2026-01-03,nf_nhits
27,2025-12-27,2026-01-10,2,2,960.9603881835938,960.9603881835938,527.5596923828125,791.861083984375,960.9603881835938,1190.1112060546875,2714.275390625,2025-12-27,2026-01-10,nf_nhits
27,2025-12-27,2026-01-17,3,3,1087.94482421875,1087.94482421875,511.33074951171875,835.7816162109375,1087.94482421875,1199.48974609375,2767.34716796875,2025-12-27,2026-01-17,nf_nhits
27,2025-12-27,2026-01-24,4,4,1399.9052734375,1399.9052734375,443.3870849609375,972.13427734375,1399.9052734375,1484.76123046875,2758.408203125,2025-12-27,2026-01-24,nf_nhits
28,2025-12-27,2026-01-03,1,1,378.37890625,378.37890625,222.58062744140625,256.6343688964844,378.37890625,483.2361145019531,607.6290893554688,2025-12-27,2026-01-03,nf_nhits
28,2025-12-27,2026-01-10,2,2,338.39312744140625,338.39312744140625,177.57333374023438,247.6085968017578,338.39312744140625,493.7522888183594,896.704833984375,2025-12-27,2026-01-10,nf_nhits
28,2025-12-27,2026-01-17,3,3,328.6851501464844,328.6851501464844,163.0439453125,256.25531005859375,328.6851501464844,540.38330078125,1152.8028564453125,2025-12-27,2026-01-17,nf_nhits
28,2025-12-27,2026-01-24,4,4,359.1202697753906,359.1202697753906,153.95509338378906,270.9377136230469,359.1202697753906,587.3563232421875,1256.720458984375,2025-12-27,2026-01-24,nf_nhits
29,2025-12-27,2026-01-03,1,1,1151.0626220703125,1151.0626220703125,617.1030883789062,744.2453002929688,1151.0626220703125,1392.91796875,1786.723388671875,2025-12-27,2026-01-03,nf_nhits
29,2025-12-27,2026-01-10,2,2,829.5968017578125,829.5968017578125,480.08074951171875,668.2890014648438,829.5968017578125,1136.013916015625,2591.7451171875,2025-12-27,2026-01-10,nf_nhits
29,2025-12-27,2026-01-17,3,3,892.0499877929688,892.0499877929688,439.22723388671875,704.6376342773438,892.0499877929688,1111.439697265625,2778.56201171875,2025-12-27,2026-01-17,nf_nhits
29,2025-12-27,2026-01-24,4,4,1192.8050537109375,1192.8050537109375,411.8713684082031,848.3803100585938,1192.8050537109375,1345.232421875,2771.018310546875,2025-12-27,2026-01-24,nf_nhits
30,2025-12-27,2026-01-03,1,1,179.23123168945312,179.23123168945312,95.8365707397461,113.13790893554688,179.23123168945312,223.66543579101562,283.5580749511719,2025-12-27,2026-01-03,nf_nhits
30,2025-12-27,2026-01-10,2,2,130.59303283691406,130.59303283691406,73.33937072753906,99.81503295898438,130.59303283691406,188.46881103515625,411.6184997558594,2025-12-27,2026-01-10,nf_nhits
30,2025-12-27,2026-01-17,3,3,133.1627960205078,133.1627960205078,65.17743682861328,103.41398620605469,133.1627960205078,186.05841064453125,462.0567932128906,2025-12-27,2026-01-17,nf_nhits
30,2025-12-27,2026-01-24,4,4,172.72947692871094,172.72947692871094,62.48246765136719,122.96591186523438,172.72947692871094,217.2460479736328,470.0744323730469,2025-12-27,2026-01-24,nf_nhits
31,2025-12-27,2026-01-03,1,1,232.1852264404297,232.1852264404297,125.41664123535156,148.70681762695312,232.1852264404297,284.4013366699219,370.8511962890625,2025-12-27,2026-01-03,nf_nhits
31,2025-12-27,2026-01-10,2,2,171.62890625,171.62890625,96.36509704589844,137.05197143554688,171.62890625,234.97341918945312,538.6513671875,2025-12-27,2026-01-10,nf_nhits
31,2025-12-27,2026-01-17,3,3,187.51065063476562,187.51065063476562,89.96148681640625,145.60427856445312,187.51065063476562,233.0935821533203,576.8726806640625,2025-12-27,2026-01-17,nf_nhits
31,2025-12-27,2026-01-24,4,4,248.84140014648438,248.84140014648438,82.0316390991211,174.4536590576172,248.84140014648438,284.4312438964844,579.3432006835938,2025-12-27,2026-01-24,nf_nhits
32,2025-12-27,2026-01-03,1,1,386.7542724609375,386.7542724609375,211.41525268554688,247.9288330078125,386.7542724609375,491.531494140625,630.1380004882812,2025-12-27,2026-01-03,nf_nhits
32,2025-12-27,2026-01-10,2,2,288.9927062988281,288.9927062988281,162.5500946044922,221.0947723388672,288.9927062988281,419.040771484375,898.4680786132812,2025-12-27,2026-01-10,nf_nhits
32,2025-12-27,2026-01-17,3,3,293.5912780761719,293.5912780761719,146.36595153808594,228.61099243164062,293.5912780761719,416.8549499511719,1010.6494140625,2025-12-27,2026-01-17,nf_nhits
32,2025-12-27,2026-01-24,4,4,370.71539306640625,370.71539306640625,137.99330139160156,267.04864501953125,370.71539306640625,482.3721923828125,1033.2039794921875,2025-12-27,2026-01-24,nf_nhits
33,2025-12-27,2026-01-03,1,1,261.9862365722656,261.9862365722656,146.45619201660156,173.1983184814453,261.9862365722656,312.08868408203125,409.0103759765625,2025-12-27,2026-01-03,nf_nhits
33,2025-12-27,2026-01-10,2,2,201.384033203125,201.384033203125,113.9115982055664,163.9788055419922,201.384033203125,261.58929443359375,587.585205078125,2025-12-27,2026-01-10,nf_nhits
33,2025-12-27,2026-01-17,3,3,221.17950439453125,221.17950439453125,106.83430480957031,171.8584442138672,221.17950439453125,258.9998779296875,613.5917358398438,2025-12-27,2026-01-17,nf_nhits
33,2025-12-27,2026-01-24,4,4,287.4800109863281,287.4800109863281,95.53773498535156,201.64028930664062,287.4800109863281,315.9113464355469,612.9266357421875,2025-12-27,2026-01-24,nf_nhits
34,2025-12-27,2026-01-03,1,1,1757.5172119140625,1757.5172119140625,1068.339111328125,1213.146728515625,1757.5172119140625,2030.13720703125,2745.23193359375,2025-12-27,2026-01-03,nf_nhits
34,2025-12-27,2026-01-10,2,2,1560.5623779296875,1560.5623779296875,837.7218627929688,1240.133544921875,1560.5623779296875,1887.0084228515625,3884.336181640625,2025-12-27,2026-01-10,nf_nhits
34,2025-12-27,2026-01-17,3,3,1719.978515625,1719.978515625,772.1136474609375,1281.82568359375,1719.978515625,1979.28369140625,4102.513671875,2025-12-27,2026-01-17,nf_nhits
34,2025-12-27,2026-01-24,4,4,2011.306884765625,2011.306884765625,656.7915649414062,1385.95849609375,2011.306884765625,2320.59228515625,4200.99951171875,2025-12-27,2026-01-24,nf_nhits
35,2025-12-27,2026-01-03,1,1,522.507080078125,522.507080078125,286.4224853515625,344.8022766113281,522.507080078125,617.2024536132812,803.2725830078125,2025-12-27,2026-01-03,nf_nhits
35,2025-12-27,2026-01-10,2,2,389.0745849609375,389.0745849609375,221.59271240234375,319.4122619628906,389.0745849609375,504.7258605957031,1163.5831298828125,2025-12-27,2026-01-10,nf_nhits
35,2025-12-27,2026-01-17,3,3,429.2930603027344,429.2930603027344,207.54498291015625,337.2801818847656,429.2930603027344,495.8116455078125,1209.761962890625,2025-12-27,2026-01-17,nf_nhits
35,2025-12-27,2026-01-24,4,4,569.606201171875,569.606201171875,188.93682861328125,401.47314453125,569.606201171875,610.1688232421875,1196.86572265625,2025-12-27,2026-01-24,nf_nhits
36,2025-12-27,2026-01-03,1,1,4450.45751953125,4450.45751953125,2766.884033203125,3207.5419921875,4450.45751953125,4985.60205078125,6705.50439453125,2025-12-27,2026-01-03,nf_nhits
36,2025-12-27,2026-01-10,2,2,4311.81787109375,4311.81787109375,2174.369140625,3330.6259765625,4311.81787109375,4959.78369140625,9563.34375,2025-12-27,2026-01-10,nf_nhits
36,2025-12-27,2026-01-17,3,3,4696.5673828125,4696.5673828125,1920.1317138671875,3386.633544921875,4696.5673828125,5404.537109375,10197.57421875,2025-12-27,2026-01-17,nf_nhits
36,2025-12-27,2026-01-24,4,4,5195.50732421875,5195.50732421875,1535.1136474609375,3429.06884765625,5195.50732421875,6090.90234375,10567.8818359375,2025-12-27,2026-01-24,nf_nhits
37,2025-12-27,2026-01-03,1,1,3310.32958984375,3310.32958984375,1868.1322021484375,2229.269287109375,3310.32958984375,3851.3232421875,5035.63427734375,2025-12-27,2026-01-03,nf_nhits
37,2025-12-27,2026-01-10,2,2,2540.178955078125,2540.178955078125,1459.1986083984375,2110.727294921875,2540.178955078125,3189.5498046875,7239.37109375,2025-12-27,2026-01-10,nf_nhits
37,2025-12-27,2026-01-17,3,3,2808.706298828125,2808.706298828125,1382.5694580078125,2210.7236328125,2808.706298828125,3137.190185546875,7416.9580078125,2025-12-27,2026-01-17,nf_nhits
37,2025-12-27,2026-01-24,4,4,3665.644287109375,3665.644287109375,1237.8265380859375,2593.81884765625,3665.644287109375,3857.623779296875,7330.3056640625,2025-12-27,2026-01-24,nf_nhits
38,2025-12-27,2026-01-03,1,1,143.939208984375,143.939208984375,78.22468566894531,90.53388977050781,143.939208984375,185.04183959960938,240.29454040527344,2025-12-27,2026-01-03,nf_nhits
38,2025-12-27,2026-01-10,2,2,109.12751007080078,109.12751007080078,58.54880142211914,81.11820220947266,109.12751007080078,159.99710083007812,344.9385070800781,2025-12-27,2026-01-10,nf_nhits
38,2025-12-27,2026-01-17,3,3,110.92794799804688,110.92794799804688,52.64848709106445,84.4098129272461,110.92794799804688,161.52806091308594,392.82373046875,2025-12-27,2026-01-17,nf_nhits
38,2025-12-27,2026-01-24,4,4,138.28314208984375,138.28314208984375,48.69291687011719,98.1304931640625,138.28314208984375,186.8286590576172,404.2640075683594,2025-12-27,2026-01-24,nf_nhits
39,2025-12-27,2026-01-03,1,1,2152.030029296875,2152.030029296875,1193.3609619140625,1430.00341796875,2152.030029296875,2534.82763671875,3311.1962890625,2025-12-27,2026-01-03,nf_nhits
39,2025-12-27,2026-01-10,2,2,1624.461669921875,1624.461669921875,926.195068359375,1341.758056640625,1624.461669921875,2085.2099609375,4786.0400390625,2025-12-27,2026-01-10,nf_nhits
39,2025-12-27,2026-01-17,3,3,1803.2440185546875,1803.2440185546875,875.9915161132812,1415.8724365234375,1803.2440185546875,2053.75244140625,4938.51123046875,2025-12-27,2026-01-17,nf_nhits
39,2025-12-27,2026-01-24,4,4,2379.26611328125,2379.26611328125,789.8635864257812,1677.71630859375,2379.26611328125,2532.81494140625,4884.359375,2025-12-27,2026-01-24,nf_nhits
40,2025-12-27,2026-01-03,1,1,362.76739501953125,362.76739501953125,197.6348114013672,229.03819274902344,362.76739501953125,466.949462890625,583.6705932617188,2025-12-27,2026-01-03,nf_nhits
40,2025-12-27,2026-01-10,2,2,275.9031982421875,275.9031982421875,151.3622589111328,203.87869262695312,275.9031982421875,420.06396484375,857.130615234375,2025-12-27,2026-01-10,nf_nhits
40,2025-12-27,2026-01-17,3,3,267.189453125,267.189453125,135.2881317138672,209.46058654785156,267.189453125,433.00897216796875,1037.3492431640625,2025-12-27,2026-01-17,nf_nhits
40,2025-12-27,2026-01-24,4,4,326.90008544921875,326.90008544921875,130.4531707763672,241.7240753173828,326.90008544921875,487.97491455078125,1091.6070556640625,2025-12-27,2026-01-24,nf_nhits
41,2025-12-27,2026-01-03,1,1,215.19735717773438,215.19735717773438,117.97198486328125,137.3961181640625,215.19735717773438,269.90771484375,330.70953369140625,2025-12-27,2026-01-03,nf_nhits
41,2025-12-27,2026-01-10,2,2,169.05592346191406,169.05592346191406,87.02108001708984,120.10318756103516,169.05592346191406,251.96975708007812,485.3970947265625,2025-12-27,2026-01-10,nf_nhits
41,2025-12-27,2026-01-17,3,3,155.77874755859375,155.77874755859375,74.125,120.21139526367188,155.77874755859375,256.28753662109375,593.7413940429688,2025-12-27,2026-01-17,nf_nhits
41,2025-12-27,2026-01-24,4,4,176.97515869140625,176.97515869140625,71.12188720703125,132.02481079101562,176.97515869140625,274.6416931152344,620.0872802734375,2025-12-27,2026-01-24,nf_nhits
42,2025-12-27,2026-01-03,1,1,3585.800537109375,3585.800537109375,2017.87841796875,2313.96240234375,3585.800537109375,4572.083984375,5724.4326171875,2025-12-27,2026-01-03,nf_nhits
42,2025-12-27,2026-01-10,2,2,2861.525146484375,2861.525146484375,1524.43603515625,2071.177734375,2861.525146484375,4276.85986328125,8275.896484375,2025-12-27,2026-01-10,nf_nhits
42,2025-12-27,2026-01-17,3,3,2686.992919921875,2686.992919921875,1337.55810546875,2089.289306640625,2686.992919921875,4407.4140625,10116.50390625,2025-12-27,2026-01-17,nf_nhits
42,2025-12-27,2026-01-24,4,4,3059.828125,3059.828125,1265.2193603515625,2290.554443359375,3059.828125,4807.75634765625,10658.513671875,2025-12-27,2026-01-24,nf_nhits
44,2025-12-27,2026-01-03,1,1,237.72557067871094,237.72557067871094,144.95419311523438,164.17544555664062,237.72557067871094,274.3853454589844,369.05267333984375,2025-12-27,2026-01-03,nf_nhits
44,2025-12-27,2026-01-10,2,2,211.6278076171875,211.6278076171875,114.68421173095703,167.3861083984375,211.6278076171875,256.433349609375,520.8569946289062,2025-12-27,2026-01-10,nf_nhits
44,2025-12-27,2026-01-17,3,3,231.1393280029297,231.1393280029297,104.81221771240234,172.1531982421875,231.1393280029297,268.69488525390625,553.969970703125,2025-12-27,2026-01-17,nf_nhits
44,2025-12-27,2026-01-24,4,4,269.1429443359375,269.1429443359375,89.33497619628906,185.30943298339844,269.1429443359375,313.09796142578125,569.4227905273438,2025-12-27,2026-01-24,nf_nhits
45,2025-12-27,2026-01-03,1,1,1162.8985595703125,1162.8985595703125,637.4287719726562,762.7881469726562,1162.8985595703125,1398.229248046875,1827.2769775390625,2025-12-27,2026-01-03,nf_nhits
45,2025-12-27,2026-01-10,2,2,864.3717651367188,864.3717651367188,491.15625,705.4057006835938,864.3717651367188,1145.3936767578125,2638.21630859375,2025-12-27,2026-01-10,nf_nhits
45,2025-12-27,2026-01-17,3,3,950.3145751953125,950.3145751953125,459.86053466796875,745.0299682617188,950.3145751953125,1126.692138671875,2764.42919921875,2025-12-27,2026-01-17,nf_nhits
45,2025-12-27,2026-01-24,4,4,1258.13525390625,1258.13525390625,417.66571044921875,887.9173583984375,1258.13525390625,1381.607177734375,2747.33447265625,2025-12-27,2026-01-24,nf_nhits
46,2025-12-27,2026-01-03,1,1,88.12735748291016,88.12735748291016,46.13993453979492,54.669612884521484,88.12735748291016,114.34194946289062,147.0816192626953,2025-12-27,2026-01-03,nf_nhits
46,2025-12-27,2026-01-10,2,2,64.60208892822266,64.60208892822266,34.83354187011719,48.452640533447266,64.60208892822266,96.80099487304688,211.88223266601562,2025-12-27,2026-01-10,nf_nhits
46,2025-12-27,2026-01-17,3,3,66.08781433105469,66.08781433105469,31.40372657775879,50.626731872558594,66.08781433105469,96.65276336669922,239.883544921875,2025-12-27,2026-01-17,nf_nhits
46,2025-12-27,2026-01-24,4,4,85.17192840576172,85.17192840576172,29.5191650390625,60.18016815185547,85.17192840576172,112.93463134765625,246.1728973388672,2025-12-27,2026-01-24,nf_nhits
47,2025-12-27,2026-01-03,1,1,1282.33251953125,1282.33251953125,689.3755493164062,812.1719970703125,1282.33251953125,1638.4739990234375,2075.62939453125,2025-12-27,2026-01-03,nf_nhits
47,2025-12-27,2026-01-10,2,2,945.9557495117188,945.9557495117188,522.2177734375,704.5973510742188,945.9557495117188,1412.530029296875,2975.8115234375,2025-12-27,2026-01-10,nf_nhits
47,2025-12-27,2026-01-17,3,3,926.5565795898438,926.5565795898438,460.3597412109375,722.877197265625,926.5565795898438,1413.6439208984375,3451.22412109375,2025-12-27,2026-01-17,nf_nhits
47,2025-12-27,2026-01-24,4,4,1154.839111328125,1154.839111328125,446.0628967285156,844.1944580078125,1154.839111328125,1604.818603515625,3553.97998046875,2025-12-27,2026-01-24,nf_nhits
48,2025-12-27,2026-01-03,1,1,4029.066162109375,4029.066162109375,2313.772216796875,2651.9736328125,4029.066162109375,5002.57763671875,6252.62890625,2025-12-27,2026-01-03,nf_nhits
48,2025-12-27,2026-01-10,2,2,3261.035400390625,3261.035400390625,1692.70458984375,2285.401611328125,3261.035400390625,4719.8759765625,8868.125,2025-12-27,2026-01-10,nf_nhits
48,2025-12-27,2026-01-17,3,3,2937.994384765625,2937.994384765625,1410.757080078125,2257.95947265625,2937.994384765625,4742.77685546875,10715.484375,2025-12-27,2026-01-17,nf_nhits
48,2025-12-27,2026-01-24,4,4,3085.279052734375,3085.279052734375,1322.1954345703125,2352.8291015625,3085.279052734375,4974.42724609375,11129.216796875,2025-12-27,2026-01-24,nf_nhits
49,2025-12-27,2026-01-03,1,1,312.5998229980469,312.5998229980469,176.63552856445312,206.95220947265625,312.5998229980469,375.7353210449219,489.44683837890625,2025-12-27,2026-01-03,nf_nhits
49,2025-12-27,2026-01-10,2,2,245.54043579101562,245.54043579101562,136.8775177001953,193.20657348632812,245.54043579101562,325.41265869140625,694.4755859375,2025-12-27,2026-01-10,nf_nhits
49,2025-12-27,2026-01-17,3,3,257.7591857910156,257.7591857910156,123.5289077758789,198.64474487304688,257.7591857910156,323.39337158203125,749.8858642578125,2025-12-27,2026-01-17,nf_nhits
49,2025-12-27,2026-01-24,4,4,321.1958923339844,321.1958923339844,112.44242095947266,227.47573852539062,321.1958923339844,379.4544372558594,758.8206787109375,2025-12-27,2026-01-24,nf_nhits
50,2025-12-27,2026-01-03,1,1,60.536373138427734,60.536373138427734,31.804115295410156,38.44174575805664,60.536373138427734,72.97868347167969,94.3145523071289,2025-12-27,2026-01-03,nf_nhits
50,2025-12-27,2026-01-10,2,2,43.94926452636719,43.94926452636719,24.76520538330078,35.42414474487305,43.94926452636719,59.506996154785156,138.57931518554688,2025-12-27,2026-01-10,nf_nhits
50,2025-12-27,2026-01-17,3,3,48.708961486816406,48.708961486816406,23.23993682861328,37.95695114135742,48.708961486816406,58.51140594482422,145.95167541503906,2025-12-27,2026-01-17,nf_nhits
50,2025-12-27,2026-01-24,4,4,66.26728820800781,66.26728820800781,21.043806076049805,46.01642990112305,66.26728820800781,72.42161560058594,145.2987060546875,2025-12-27,2026-01-24,nf_nhits
51,2025-12-27,2026-01-03,1,1,1165.53076171875,1165.53076171875,640.415283203125,767.9984130859375,1165.53076171875,1384.0892333984375,1779.374267578125,2025-12-27,2026-01-03,nf_nhits
51,2025-12-27,2026-01-10,2,2,875.2681274414062,875.2681274414062,500.96539306640625,703.978271484375,875.2681274414062,1157.48046875,2555.67919921875,2025-12-27,2026-01-10,nf_nhits
51,2025-12-27,2026-01-17,3,3,931.697509765625,931.697509765625,456.4801940917969,731.2072143554688,931.697509765625,1134.1583251953125,2721.2548828125,2025-12-27,2026-01-17,nf_nhits
51,2025-12-27,2026-01-24,4,4,1212.8428955078125,1212.8428955078125,422.7131652832031,859.8527221679688,1212.8428955078125,1357.2025146484375,2719.02978515625,2025-12-27,2026-01-24,nf_nhits
53,2025-12-27,2026-01-03,1,1,254.921875,254.921875,160.33108520507812,192.88308715820312,254.921875,302.56781005859375,367.1695861816406,2025-12-27,2026-01-03,nf_nhits
53,2025-12-27,2026-01-10,2,2,278.1188659667969,278.1188659667969,141.00169372558594,202.28842163085938,278.1188659667969,372.89306640625,573.9548950195312,2025-12-27,2026-01-10,nf_nhits
53,2025-12-27,2026-01-17,3,3,275.903076171875,275.903076171875,127.086669921875,213.2315216064453,275.903076171875,418.17254638671875,785.7060546875,2025-12-27,2026-01-17,nf_nhits
53,2025-12-27,2026-01-24,4,4,272.0388488769531,272.0388488769531,119.3868637084961,206.193115234375,272.0388488769531,438.66021728515625,893.2781982421875,2025-12-27,2026-01-24,nf_nhits
54,2025-12-27,2026-01-03,1,1,266.11065673828125,266.11065673828125,141.38995361328125,171.9219512939453,266.11065673828125,315.378173828125,412.8356628417969,2025-12-27,2026-01-03,nf_nhits
54,2025-12-27,2026-01-10,2,2,192.10855102539062,192.10855102539062,108.6494369506836,159.6858673095703,192.10855102539062,252.41514587402344,610.4232788085938,2025-12-27,2026-01-10,nf_nhits
54,2025-12-27,2026-01-17,3,3,218.97508239746094,218.97508239746094,103.92681121826172,172.22775268554688,218.97508239746094,248.14053344726562,626.626708984375,2025-12-27,2026-01-17,nf_nhits
54,2025-12-27,2026-01-24,4,4,301.64764404296875,301.64764404296875,93.468505859375,210.3142852783203,301.64764404296875,314.10089111328125,615.85546875,2025-12-27,2026-01-24,nf_nhits
55,2025-12-27,2026-01-03,1,1,1018.080810546875,1018.080810546875,559.7720336914062,669.594970703125,1018.080810546875,1197.1005859375,1569.822509765625,2025-12-27,2026-01-03,nf_nhits
55,2025-12-27,2026-01-10,2,2,764.839111328125,764.839111328125,434.4271240234375,635.2605590820312,764.839111328125,980.3475952148438,2298.813232421875,2025-12-27,2026-01-10,nf_nhits
55,2025-12-27,2026-01-17,3,3,864.2422485351562,864.2422485351562,417.1798095703125,677.6968994140625,864.2422485351562,969.350341796875,2354.73388671875,2025-12-27,2026-01-17,nf_nhits
55,2025-12-27,2026-01-24,4,4,1159.3209228515625,1159.3209228515625,371.5079345703125,811.2955932617188,1159.3209228515625,1213.965576171875,2326.135986328125,2025-12-27,2026-01-24,nf_nhits
56,2025-12-27,2026-01-03,1,1,79.07553100585938,79.07553100585938,44.5555419921875,50.781341552734375,79.07553100585938,97.62823486328125,123.79926300048828,2025-12-27,2026-01-03,nf_nhits
56,2025-12-27,2026-01-10,2,2,62.12922668457031,62.12922668457031,34.14956283569336,46.264183044433594,62.12922668457031,87.02982330322266,177.11819458007812,2025-12-27,2026-01-10,nf_nhits
56,2025-12-27,2026-01-17,3,3,61.5397834777832,61.5397834777832,29.944759368896484,46.879981994628906,61.5397834777832,87.09610748291016,202.0507049560547,2025-12-27,2026-01-17,nf_nhits
56,2025-12-27,2026-01-24,4,4,74.23757934570312,74.23757934570312,27.859472274780273,52.71995544433594,74.23757934570312,98.2953109741211,208.1561279296875,2025-12-27,2026-01-24,nf_nhits
72,2025-12-27,2026-01-03,1,1,478.1445007324219,478.1445007324219,296.0845947265625,419.925537109375,478.1445007324219,523.8595581054688,653.4264526367188,2025-12-27,2026-01-03,nf_nhits
72,2025-12-27,2026-01-10,2,2,650.5201416015625,650.5201416015625,329.9883728027344,551.083251953125,650.5201416015625,737.823974609375,1043.700439453125,2025-12-27,2026-01-10,nf_nhits
72,2025-12-27,2026-01-17,3,3,864.7337036132812,864.7337036132812,399.74951171875,691.2596435546875,864.7337036132812,1007.0759887695312,1693.2711181640625,2025-12-27,2026-01-17,nf_nhits
72,2025-12-27,2026-01-24,4,4,1127.739990234375,1127.739990234375,415.1383056640625,840.5709228515625,1127.739990234375,1440.169189453125,2218.389404296875,2025-12-27,2026-01-24,nf_nhits
01,2026-01-24,2026-01-31,1,1,298.01129150390625,298.01129150390625,130.94833374023438,224.6866455078125,298.01129150390625,345.3266906738281,415.05133056640625,2026-01-24,2026-01-31,nf_nhits
01,2026-01-24,2026-02-07,2,2,316.485107421875,316.485107421875,96.92416381835938,201.92909240722656,316.485107421875,395.6243896484375,495.82867431640625,2026-01-24,2026-02-07,nf_nhits
01,2026-01-24,2026-02-14,3,3,269.0915832519531,269.0915832519531,42.75385284423828,137.3836212158203,269.0915832519531,347.0047607421875,490.5076904296875,2026-01-24,2026-02-14,nf_nhits
01,2026-01-24,2026-02-21,4,4,200.41835021972656,200.41835021972656,0.0,86.2540512084961,200.41835021972656,299.0092468261719,551.92041015625,2026-01-24,2026-02-21,nf_nhits
02,2026-01-24,2026-01-31,1,1,30.66681671142578,30.66681671142578,4.16221809387207,19.11569595336914,30.66681671142578,41.07382583618164,57.14728927612305,2026-01-24,2026-01-31,nf_nhits
02,2026-01-24,2026-02-07,2,2,31.403568267822266,31.403568267822266,0.0,14.070034980773926,31.403568267822266,45.806732177734375,64.64051818847656,2026-01-24,2026-02-07,nf_nhits
02,2026-01-24,2026-02-14,3,3,25.60251808166504,25.60251808166504,0.0,5.226681709289551,25.60251808166504,40.16878890991211,65.26329040527344,2026-01-24,2026-02-14,nf_nhits
02,2026-01-24,2026-02-21,4,4,17.601619720458984,17.601619720458984,0.0,0.0,17.601619720458984,32.8399772644043,69.78768920898438,2026-01-24,2026-02-21,nf_nhits
04,2026-01-24,2026-01-31,1,1,241.61634826660156,241.61634826660156,125.57958221435547,189.0588836669922,241.61634826660156,264.9862976074219,299.44769287109375,2026-01-24,2026-01-31,nf_nhits
04,2026-01-24,2026-02-07,2,2,267.42388916015625,267.42388916015625,101.6469955444336,179.79344177246094,267.42388916015625,319.926025390625,385.11883544921875,2026-01-24,2026-02-07,nf_nhits
04,2026-01-24,2026-02-14,3,3,231.25267028808594,231.25267028808594,57.61604690551758,134.7290496826172,231.25267028808594,287.8408203125,384.646240234375,2026-01-24,2026-02-14,nf_nhits
04,2026-01-24,2026-02-21,4,4,172.3568115234375,172.3568115234375,17.90200424194336,94.1641845703125,172.3568115234375,252.4313201904297,456.65985107421875,2026-01-24,2026-02-21,nf_nhits
05,2026-01-24,2026-01-31,1,1,171.25613403320312,171.25613403320312,89.85530090332031,138.9925537109375,171.25613403320312,196.38742065429688,225.02066040039062,2026-01-24,2026-01-31,nf_nhits
05,2026-01-24,2026-02-07,2,2,161.75424194335938,161.75424194335938,65.12081146240234,113.88755798339844,161.75424194335938,199.4484405517578,238.03277587890625,2026-01-24,2026-02-07,nf_nhits
05,2026-01-24,2026-02-14,3,3,129.6696319580078,129.6696319580078,33.914955139160156,72.62258911132812,129.6696319580078,164.15975952148438,224.80682373046875,2026-01-24,2026-02-14,nf_nhits
05,2026-01-24,2026-02-21,4,4,96.62604522705078,96.62604522705078,12.068939208984375,43.07033157348633,96.62604522705078,131.39102172851562,228.69192504882812,2026-01-24,2026-02-21,nf_nhits
06,2026-01-24,2026-01-31,1,1,1857.8037109375,1857.8037109375,1210.9376220703125,1658.8455810546875,1857.8037109375,1970.8458251953125,2217.63720703125,2026-01-24,2026-01-31,nf_nhits
06,2026-01-24,2026-02-07,2,2,1877.334716796875,1877.334716796875,1009.8932495117188,1469.0546875,1877.334716796875,2135.70751953125,2549.41455078125,2026-01-24,2026-02-07,nf_nhits
06,2026-01-24,2026-02-14,3,3,1594.975341796875,1594.975341796875,758.14453125,1141.42529296875,1594.975341796875,1926.6024169921875,2679.377685546875,2026-01-24,2026-02-14,nf_nhits
06,2026-01-24,2026-02-21,4,4,1256.159423828125,1256.159423828125,580.2052612304688,849.450439453125,1256.159423828125,1614.266845703125,2940.95166015625,2026-01-24,2026-02-21,nf_nhits
08,2026-01-24,2026-01-31,1,1,162.10903930664062,162.10903930664062,5.061703205108643,84.11962127685547,162.10903930664062,249.1332550048828,314.9586181640625,2026-01-24,2026-01-31,nf_nhits
08,2026-01-24,2026-02-07,2,2,150.6726837158203,150.6726837158203,0.0,47.42085266113281,150.6726837158203,252.07565307617188,334.2625427246094,2026-01-24,2026-02-07,nf_nhits
08,2026-01-24,2026-02-14,3,3,119.1685791015625,119.1685791015625,0.0,0.0,119.1685791015625,216.4204864501953,317.67498779296875,2026-01-24,2026-02-14,nf_nhits
08,2026-01-24,2026-02-21,4,4,83.28374481201172,83.28374481201172,0.0,0.0,83.28374481201172,182.82606506347656,321.9814758300781,2026-01-24,2026-02-21,nf_nhits
09,2026-01-24,2026-01-31,1,1,106.57620239257812,106.57620239257812,0.0,40.098358154296875,106.57620239257812,182.21153259277344,244.98733520507812,2026-01-24,2026-01-31,nf_nhits
09,2026-01-24,2026-02-07,2,2,115.68253326416016,115.68253326416016,0.0,14.335190773010254,115.68253326416016,211.04678344726562,276.6124267578125,2026-01-24,2026-02-07,nf_nhits
09,2026-01-24,2026-02-14,3,3,93.32852172851562,93.32852172851562,0.0,0.0,93.32852172851562,187.96597290039062,267.776611328125,2026-01-24,2026-02-14,nf_nhits
09,2026-01-24,2026-02-21,4,4,56.50405502319336,56.50405502319336,0.0,0.0,56.50405502319336,153.10311889648438,285.0194091796875,2026-01-24,2026-02-21,nf_nhits
10,2026-01-24,2026-01-31,1,1,105.020263671875,105.020263671875,38.422645568847656,80.50624084472656,105.020263671875,129.41427612304688,159.25662231445312,2026-01-24,2026-01-31,nf_nhits
10,2026-01-24,2026-02-07,2,2,105.68736267089844,105.68736267089844,19.110721588134766,61.45984649658203,105.68736267089844,141.24853515625,177.64759826660156,2026-01-24,2026-02-07,nf_nhits
10,2026-01-24,2026-02-14,3,3,85.22842407226562,85.22842407226562,0.0,29.706775665283203,85.22842407226562,122.93492126464844,176.4016876220703,2026-01-24,2026-02-14,nf_nhits
10,2026-01-24,2026-02-21,4,4,58.41011047363281,58.41011047363281,0.0,5.315326690673828,58.41011047363281,94.37816619873047,185.61334228515625,2026-01-24,2026-02-21,nf_nhits
11,2026-01-24,2026-01-31,1,1,30.494888305664062,30.494888305664062,7.34733772277832,20.402292251586914,30.494888305664062,41.97800064086914,51.843814849853516,2026-01-24,2026-01-31,nf_nhits
11,2026-01-24,2026-02-07,2,2,29.657135009765625,29.657135009765625,0.5521235466003418,13.913942337036133,29.657135009765625,44.14521026611328,54.896575927734375,2026-01-24,2026-02-07,nf_nhits
11,2026-01-24,2026-02-14,3,3,23.446168899536133,23.446168899536133,0.0,4.89971399307251,23.446168899536133,38.284568786621094,53.140926361083984,2026-01-24,2026-02-14,nf_nhits
11,2026-01-24,2026-02-21,4,4,16.218914031982422,16.218914031982422,0.0,0.0,16.218914031982422,30.11829948425293,53.891937255859375,2026-01-24,2026-02-21,nf_nhits
12,2026-01-24,2026-01-31,1,1,1402.546142578125,1402.546142578125,858.1869506835938,1185.428955078125,1402.546142578125,1613.7880859375,1887.845947265625,2026-01-24,2026-01-31,nf_nhits
12,2026-01-24,2026-02-07,2,2,1200.744384765625,1200.744384765625,560.6038818359375,937.7822875976562,1200.744384765625,1448.997314453125,1749.5020751953125,2026-01-24,2026-02-07,nf_nhits
12,2026-01-24,2026-02-14,3,3,1002.897705078125,1002.897705078125,416.0902404785156,690.2000122070312,1002.897705078125,1297.0126953125,1658.642578125,2026-01-24,2026-02-14,nf_nhits
12,2026-01-24,2026-02-21,4,4,803.2500610351562,803.2500610351562,284.4013366699219,481.4873046875,803.2500610351562,1078.9901123046875,1582.990234375,2026-01-24,2026-02-21,nf_nhits
13,2026-01-24,2026-01-31,1,1,417.62255859375,417.62255859375,63.79069137573242,241.73141479492188,417.62255859375,555.4463500976562,709.7669067382812,2026-01-24,2026-01-31,nf_nhits
13,2026-01-24,2026-02-07,2,2,465.1625061035156,465.1625061035156,0.0,208.42532348632812,465.1625061035156,674.4222412109375,891.598388671875,2026-01-24,2026-02-07,nf_nhits
13,2026-01-24,2026-02-14,3,3,396.1715393066406,396.1715393066406,0.0,90.23719024658203,396.1715393066406,586.3228759765625,875.5011596679688,2026-01-24,2026-02-14,nf_nhits
13,2026-01-24,2026-02-21,4,4,264.0976867675781,264.0976867675781,0.0,0.0,264.0976867675781,507.3316650390625,1008.85400390625,2026-01-24,2026-02-21,nf_nhits
15,2026-01-24,2026-01-31,1,1,36.56755065917969,36.56755065917969,25.465049743652344,32.0972900390625,36.56755065917969,42.44874954223633,46.07343292236328,2026-01-24,2026-01-31,nf_nhits
15,2026-01-24,2026-02-07,2,2,29.575647354125977,29.575647354125977,16.694883346557617,24.361156463623047,29.575647354125977,36.45383071899414,42.549781799316406,2026-01-24,2026-02-07,nf_nhits
15,2026-01-24,2026-02-14,3,3,24.60476303100586,24.60476303100586,12.647293090820312,18.2515869140625,24.60476303100586,31.83440399169922,39.678585052490234,2026-01-24,2026-02-14,nf_nhits
15,2026-01-24,2026-02-21,4,4,19.865657806396484,19.865657806396484,9.057356834411621,13.430569648742676,19.865657806396484,27.15185546875,37.24640655517578,2026-01-24,2026-02-21,nf_nhits
16,2026-01-24,2026-01-31,1,1,99.23479461669922,99.23479461669922,48.352664947509766,81.5447769165039,99.23479461669922,116.65361785888672,132.39976501464844,2026-01-24,2026-01-31,nf_nhits
16,2026-01-24,2026-02-07,2,2,102.3731689453125,102.3731689453125,32.211849212646484,66.89971160888672,102.3731689453125,130.26138305664062,146.5750732421875,2026-01-24,2026-02-07,nf_nhits
16,2026-01-24,2026-02-14,3,3,87.11837005615234,87.11837005615234,14.895318031311035,44.15706253051758,87.11837005615234,117.76490783691406,143.54295349121094,2026-01-24,2026-02-14,nf_nhits
16,2026-01-24,2026-02-21,4,4,64.58357238769531,64.58357238769531,0.0,24.328577041625977,64.58357238769531,94.01820373535156,151.17288208007812,2026-01-24,2026-02-21,nf_nhits
17,2026-01-24,2026-01-31,1,1,782.1460571289062,782.1460571289062,285.4542236328125,570.8289184570312,782.1460571289062,930.9329833984375,1093.1583251953125,2026-01-24,2026-01-31,nf_nhits
17,2026-01-24,2026-02-07,2,2,903.3618774414062,903.3618774414062,181.09548950195312,517.0150756835938,903.3618774414062,1167.502685546875,1407.5146484375,2026-01-24,2026-02-07,nf_nhits
17,2026-01-24,2026-02-14,3,3,775.141357421875,775.141357421875,9.646614074707031,323.0790710449219,775.141357421875,1055.3701171875,1418.53759765625,2026-01-24,2026-02-14,nf_nhits
17,2026-01-24,2026-02-21,4,4,542.070556640625,542.070556640625,0.0,148.80343627929688,542.070556640625,888.8640747070312,1675.928955078125,2026-01-24,2026-02-21,nf_nhits
18,2026-01-24,2026-01-31,1,1,356.5906677246094,356.5906677246094,136.60140991210938,267.1915283203125,356.5906677246094,427.71826171875,498.679443359375,2026-01-24,2026-01-31,nf_nhits
18,2026-01-24,2026-02-07,2,2,405.2444763183594,405.2444763183594,87.66105651855469,235.19094848632812,405.2444763183594,527.4754638671875,614.3072509765625,2026-01-24,2026-02-07,nf_nhits
18,2026-01-24,2026-02-14,3,3,347.2616882324219,347.2616882324219,14.778631210327148,149.5277862548828,347.2616882324219,478.6241149902344,613.3671875,2026-01-24,2026-02-14,nf_nhits
18,2026-01-24,2026-02-21,4,4,247.74624633789062,247.74624633789062,0.0,72.05661010742188,247.74624633789062,395.9895935058594,702.4864501953125,2026-01-24,2026-02-21,nf_nhits
19,2026-01-24,2026-01-31,1,1,317.83453369140625,317.83453369140625,170.15101623535156,262.3151550292969,317.83453369140625,347.97015380859375,384.3553466796875,2026-01-24,2026-01-31,nf_nhits
19,2026-01-24,2026-02-07,2,2,373.04180908203125,373.04180908203125,140.55477905273438,249.4715576171875,373.04180908203125,448.23126220703125,533.01220703125,2026-01-24,2026-02-07,nf_nhits
19,2026-01-24,2026-02-14,3,3,330.37432861328125,330.37432861328125,82.24102020263672,188.41265869140625,330.37432861328125,422.3884582519531,583.0875244140625,2026-01-24,2026-02-14,nf_nhits
19,2026-01-24,2026-02-21,4,4,248.75369262695312,248.75369262695312,29.000938415527344,128.26760864257812,248.75369262695312,366.8946533203125,714.5950927734375,2026-01-24,2026-02-21,nf_nhits
20,2026-01-24,2026-01-31,1,1,291.7379150390625,291.7379150390625,149.12762451171875,232.90199279785156,291.7379150390625,315.9876403808594,350.8832702636719,2026-01-24,2026-01-31,nf_nhits
20,2026-01-24,2026-02-07,2,2,345.842529296875,345.842529296875,122.99356842041016,227.2891387939453,345.842529296875,413.6253662109375,501.8768310546875,2026-01-24,2026-02-07,nf_nhits
20,2026-01-24,2026-02-14,3,3,306.4786376953125,306.4786376953125,67.38482666015625,170.77537536621094,306.4786376953125,384.6449279785156,537.429931640625,2026-01-24,2026-02-14,nf_nhits
20,2026-01-24,2026-02-21,4,4,225.97540283203125,225.97540283203125,13.20853042602539,115.44926452636719,225.97540283203125,339.7587585449219,672.7708740234375,2026-01-24,2026-02-21,nf_nhits
21,2026-01-24,2026-01-31,1,1,323.4983825683594,323.4983825683594,135.9929962158203,246.88772583007812,323.4983825683594,378.25103759765625,445.58392333984375,2026-01-24,2026-01-31,nf_nhits
21,2026-01-24,2026-02-07,2,2,353.28887939453125,353.28887939453125,94.22513580322266,215.6304473876953,353.28887939453125,448.33770751953125,536.4580078125,2026-01-24,2026-02-07,nf_nhits
21,2026-01-24,2026-02-14,3,3,296.7489318847656,296.7489318847656,27.577617645263672,138.11431884765625,296.7489318847656,398.68487548828125,534.5504150390625,2026-01-24,2026-02-14,nf_nhits
21,2026-01-24,2026-02-21,4,4,213.40293884277344,213.40293884277344,0.0,72.03178405761719,213.40293884277344,328.3960876464844,603.4951782226562,2026-01-24,2026-02-21,nf_nhits
22,2026-01-24,2026-01-31,1,1,329.5952453613281,329.5952453613281,164.80702209472656,258.300048828125,329.5952453613281,398.373779296875,472.04168701171875,2026-01-24,2026-01-31,nf_nhits
22,2026-01-24,2026-02-07,2,2,303.77459716796875,303.77459716796875,116.81864929199219,208.23594665527344,303.77459716796875,389.1784362792969,477.6839599609375,2026-01-24,2026-02-07,nf_nhits
22,2026-01-24,2026-02-14,3,3,249.4567108154297,249.4567108154297,64.38579559326172,140.0357666015625,249.4567108154297,329.2171325683594,448.92333984375,2026-01-24,2026-02-14,nf_nhits
22,2026-01-24,2026-02-21,4,4,197.714111328125,197.714111328125,27.922225952148438,91.21591186523438,197.714111328125,277.58917236328125,441.3062438964844,2026-01-24,2026-02-21,nf_nhits
23,2026-01-24,2026-01-31,1,1,92.55488586425781,92.55488586425781,36.90980911254883,71.82086181640625,92.55488586425781,109.42877960205078,126.49989318847656,2026-01-24,2026-01-31,nf_nhits
23,2026-01-24,2026-02-07,2,2,116.51904296875,116.51904296875,24.1799373626709,66.66902923583984,116.51904296875,150.06109619140625,169.7030792236328,2026-01-24,2026-02-07,nf_nhits
23,2026-01-24,2026-02-14,3,3,105.76158142089844,105.76158142089844,4.95599889755249,47.07276153564453,105.76158142089844,145.4748992919922,175.65797424316406,2026-01-24,2026-02-14,nf_nhits
23,2026-01-24,2026-02-21,4,4,77.13685607910156,77.13685607910156,0.0,25.236419677734375,77.13685607910156,122.22728729248047,211.79974365234375,2026-01-24,2026-02-21,nf_nhits
24,2026-01-24,2026-01-31,1,1,150.79312133789062,150.79312133789062,5.123325347900391,87.8940200805664,150.79312133789062,225.41876220703125,278.46917724609375,2026-01-24,2026-01-31,nf_nhits
24,2026-01-24,2026-02-07,2,2,155.03170776367188,155.03170776367188,0.0,53.62862777709961,155.03170776367188,249.665771484375,301.5928955078125,2026-01-24,2026-02-07,nf_nhits
24,2026-01-24,2026-02-14,3,3,123.81475830078125,123.81475830078125,0.0,0.0,123.81475830078125,219.4665985107422,291.0467529296875,2026-01-24,2026-02-14,nf_nhits
24,2026-01-24,2026-02-21,4,4,82.5752182006836,82.5752182006836,0.0,0.0,82.5752182006836,174.42501831054688,300.8651123046875,2026-01-24,2026-02-21,nf_nhits
25,2026-01-24,2026-01-31,1,1,257.2989196777344,257.2989196777344,1.4560699462890625,154.57568359375,257.2989196777344,369.5179748535156,482.9128723144531,2026-01-24,2026-01-31,nf_nhits
25,2026-01-24,2026-02-07,2,2,317.403076171875,317.403076171875,0.0,114.11325073242188,317.403076171875,486.8858642578125,588.618896484375,2026-01-24,2026-02-07,nf_nhits
25,2026-01-24,2026-02-14,3,3,273.9391174316406,273.9391174316406,0.0,26.185562133789062,273.9391174316406,457.7691955566406,593.6614990234375,2026-01-24,2026-02-14,nf_nhits
25,2026-01-24,2026-02-21,4,4,182.3497314453125,182.3497314453125,0.0,0.0,182.3497314453125,365.423583984375,668.9739990234375,2026-01-24,2026-02-21,nf_nhits
26,2026-01-24,2026-01-31,1,1,473.78094482421875,473.78094482421875,174.70657348632812,353.7279052734375,473.78094482421875,569.099365234375,668.2012329101562,2026-01-24,2026-01-31,nf_nhits
26,2026-01-24,2026-02-07,2,2,563.3776245117188,563.3776245117188,109.448974609375,319.2595520019531,563.3776245117188,734.0249633789062,855.601318359375,2026-01-24,2026-02-07,nf_nhits
26,2026-01-24,2026-02-14,3,3,492.8519287109375,492.8519287109375,11.22770881652832,208.1487274169922,492.8519287109375,682.5181274414062,866.335693359375,2026-01-24,2026-02-14,nf_nhits
26,2026-01-24,2026-02-21,4,4,350.9914855957031,350.9914855957031,0.0,99.77801513671875,350.9914855957031,569.000732421875,1017.2447509765625,2026-01-24,2026-02-21,nf_nhits
27,2026-01-24,2026-01-31,1,1,349.0806884765625,349.0806884765625,92.14032745361328,239.04946899414062,349.0806884765625,449.9642639160156,540.6922607421875,2026-01-24,2026-01-31,nf_nhits
27,2026-01-24,2026-02-07,2,2,375.351806640625,375.351806640625,31.99197769165039,189.9601593017578,375.351806640625,528.5892333984375,634.6275024414062,2026-01-24,2026-02-07,nf_nhits
27,2026-01-24,2026-02-14,3,3,310.13714599609375,310.13714599609375,0.0,86.52581024169922,310.13714599609375,460.54638671875,623.4732666015625,2026-01-24,2026-02-14,nf_nhits
27,2026-01-24,2026-02-21,4,4,210.5531005859375,210.5531005859375,0.0,5.96221923828125,210.5531005859375,370.295166015625,682.9876708984375,2026-01-24,2026-02-21,nf_nhits
28,2026-01-24,2026-01-31,1,1,109.28086853027344,109.28086853027344,46.09047317504883,82.04498291015625,109.28086853027344,136.9820098876953,176.3449249267578,2026-01-24,2026-01-31,nf_nhits
28,2026-01-24,2026-02-07,2,2,98.22938537597656,98.22938537597656,23.878599166870117,61.85028076171875,98.22938537597656,131.184326171875,174.14523315429688,2026-01-24,2026-02-07,nf_nhits
28,2026-01-24,2026-02-14,3,3,80.25810241699219,80.25810241699219,8.055919647216797,38.24369430541992,80.25810241699219,116.9391098022461,169.88870239257812,2026-01-24,2026-02-14,nf_nhits
28,2026-01-24,2026-02-21,4,4,62.27655029296875,62.27655029296875,0.0,18.55224609375,62.27655029296875,96.90524291992188,166.708740234375,2026-01-24,2026-02-21,nf_nhits
29,2026-01-24,2026-01-31,1,1,548.8341674804688,548.8341674804688,237.57630920410156,420.27313232421875,548.8341674804688,631.8341064453125,734.7345581054688,2026-01-24,2026-01-31,nf_nhits
29,2026-01-24,2026-02-07,2,2,612.5634155273438,612.5634155273438,174.7711944580078,382.4237365722656,612.5634155273438,764.3711547851562,926.0896606445312,2026-01-24,2026-02-07,nf_nhits
29,2026-01-24,2026-02-14,3,3,523.0106811523438,523.0106811523438,61.77798080444336,258.0892028808594,523.0106811523438,685.1564331054688,937.5213012695312,2026-01-24,2026-02-14,nf_nhits
29,2026-01-24,2026-02-21,4,4,379.6551513671875,379.6551513671875,0.0,148.76307678222656,379.6551513671875,580.2886962890625,1096.033203125,2026-01-24,2026-02-21,nf_nhits
30,2026-01-24,2026-01-31,1,1,74.78497314453125,74.78497314453125,31.935199737548828,57.251346588134766,74.78497314453125,86.36827850341797,101.73849487304688,2026-01-24,2026-01-31,nf_nhits
30,2026-01-24,2026-02-07,2,2,87.7867202758789,87.7867202758789,22.498863220214844,52.06753921508789,87.7867202758789,110.61612701416016,130.7515106201172,2026-01-24,2026-02-07,nf_nhits
30,2026-01-24,2026-02-14,3,3,75.43529510498047,75.43529510498047,6.646989345550537,35.32915496826172,75.43529510498047,102.48615264892578,133.2542724609375,2026-01-24,2026-02-14,nf_nhits
30,2026-01-24,2026-02-21,4,4,54.10612487792969,54.10612487792969,0.0,18.979764938354492,54.10612487792969,84.95878601074219,157.51513671875,2026-01-24,2026-02-21,nf_nhits
31,2026-01-24,2026-01-31,1,1,188.61767578125,188.61767578125,102.40303802490234,155.27487182617188,188.61767578125,204.14813232421875,225.00558471679688,2026-01-24,2026-01-31,nf_nhits
31,2026-01-24,2026-02-07,2,2,211.5661163330078,211.5661163330078,84.6978988647461,145.8805694580078,211.5661163330078,250.07217407226562,301.2001953125,2026-01-24,2026-02-07,nf_nhits
31,2026-01-24,2026-02-14,3,3,182.68600463867188,182.68600463867188,49.77748107910156,107.13687896728516,182.68600463867188,225.93807983398438,319.17620849609375,2026-01-24,2026-02-14,nf_nhits
31,2026-01-24,2026-02-21,4,4,135.95347595214844,135.95347595214844,19.28964614868164,72.78878784179688,135.95347595214844,195.2411651611328,385.3229064941406,2026-01-24,2026-02-21,nf_nhits
32,2026-01-24,2026-01-31,1,1,106.34488677978516,106.34488677978516,26.623859405517578,72.15164184570312,106.34488677978516,135.759765625,180.20751953125,2026-01-24,2026-01-31,nf_nhits
32,2026-01-24,2026-02-07,2,2,111.79174041748047,111.79174041748047,9.372915267944336,56.559566497802734,111.79174041748047,154.99237060546875,204.8387451171875,2026-01-24,2026-02-07,nf_nhits
32,2026-01-24,2026-02-14,3,3,91.50755310058594,91.50755310058594,0.0,26.330923080444336,91.50755310058594,137.00128173828125,204.9029541015625,2026-01-24,2026-02-14,nf_nhits
32,2026-01-24,2026-02-21,4,4,63.41682052612305,63.41682052612305,0.0,2.7645158767700195,63.41682052612305,110.25439453125,220.70123291015625,2026-01-24,2026-02-21,nf_nhits
33,2026-01-24,2026-01-31,1,1,130.85836791992188,130.85836791992188,59.192474365234375,104.8099365234375,130.85836791992188,151.5315399169922,172.98875427246094,2026-01-24,2026-01-31,nf_nhits
33,2026-01-24,2026-02-07,2,2,153.28311157226562,153.28311157226562,41.285152435302734,93.419921875,153.28311157226562,193.5694580078125,218.47296142578125,2026-01-24,2026-02-07,nf_nhits
33,2026-01-24,2026-02-14,3,3,133.25775146484375,133.25775146484375,14.299034118652344,63.433616638183594,133.25775146484375,180.98028564453125,222.55398559570312,2026-01-24,2026-02-14,nf_nhits
33,2026-01-24,2026-02-21,4,4,96.8037109375,96.8037109375,0.0,34.29498291015625,96.8037109375,147.81439208984375,259.029052734375,2026-01-24,2026-02-21,nf_nhits
34,2026-01-24,2026-01-31,1,1,326.1036376953125,326.1036376953125,22.29796600341797,185.84576416015625,326.1036376953125,497.5385437011719,610.7041625976562,2026-01-24,2026-01-31,nf_nhits
34,2026-01-24,2026-02-07,2,2,293.2940368652344,293.2940368652344,0.0,97.87866973876953,293.2940368652344,491.48492431640625,627.1356811523438,2026-01-24,2026-02-07,nf_nhits
34,2026-01-24,2026-02-14,3,3,229.06460571289062,229.06460571289062,0.0,0.0,229.06460571289062,432.11029052734375,602.5682373046875,2026-01-24,2026-02-14,nf_nhits
34,2026-01-24,2026-02-21,4,4,164.0998077392578,164.0998077392578,0.0,0.0,164.0998077392578,357.32568359375,596.3959350585938,2026-01-24,2026-02-21,nf_nhits
35,2026-01-24,2026-01-31,1,1,171.201416015625,171.201416015625,50.3402099609375,116.32604217529297,171.201416015625,209.9778289794922,252.2396697998047,2026-01-24,2026-01-31,nf_nhits
35,2026-01-24,2026-02-07,2,2,197.23153686523438,197.23153686523438,26.63554573059082,105.3412857055664,197.23153686523438,262.628173828125,328.43841552734375,2026-01-24,2026-02-07,nf_nhits
35,2026-01-24,2026-02-14,3,3,168.76431274414062,168.76431274414062,0.0,59.95685577392578,168.76431274414062,233.79995727539062,329.23248291015625,2026-01-24,2026-02-14,nf_nhits
35,2026-01-24,2026-02-21,4,4,114.74913024902344,114.74913024902344,0.0,21.004650115966797,114.74913024902344,199.2315216064453,390.51458740234375,2026-01-24,2026-02-21,nf_nhits
36,2026-01-24,2026-01-31,1,1,444.6956481933594,444.6956481933594,0.0,150.94927978515625,444.6956481933594,785.6131591796875,1065.0340576171875,2026-01-24,2026-01-31,nf_nhits
36,2026-01-24,2026-02-07,2,2,339.5703430175781,339.5703430175781,0.0,0.0,339.5703430175781,703.7139892578125,1094.97265625,2026-01-24,2026-02-07,nf_nhits
36,2026-01-24,2026-02-14,3,3,266.7205810546875,266.7205810546875,0.0,0.0,266.7205810546875,654.806396484375,1064.0355224609375,2026-01-24,2026-02-14,nf_nhits
36,2026-01-24,2026-02-21,4,4,209.9329833984375,209.9329833984375,0.0,0.0,209.9329833984375,598.9537963867188,1047.2237548828125,2026-01-24,2026-02-21,nf_nhits
37,2026-01-24,2026-01-31,1,1,684.107421875,684.107421875,13.205551147460938,355.685791015625,684.107421875,947.1911010742188,1246.195556640625,2026-01-24,2026-01-31,nf_nhits
37,2026-01-24,2026-02-07,2,2,813.2318115234375,813.2318115234375,0.0,308.04931640625,813.2318115234375,1220.3321533203125,1642.83056640625,2026-01-24,2026-02-07,nf_nhits
37,2026-01-24,2026-02-14,3,3,701.51904296875,701.51904296875,0.0,90.71490478515625,701.51904296875,1080.18359375,1639.62744140625,2026-01-24,2026-02-14,nf_nhits
37,2026-01-24,2026-02-21,4,4,440.52056884765625,440.52056884765625,0.0,0.0,440.52056884765625,929.357666015625,1944.05029296875,2026-01-24,2026-02-21,nf_nhits
38,2026-01-24,2026-01-31,1,1,79.7354965209961,79.7354965209961,38.81079864501953,65.13475799560547,79.7354965209961,91.66841125488281,104.83382415771484,2026-01-24,2026-01-31,nf_nhits
38,2026-01-24,2026-02-07,2,2,90.16412353515625,90.16412353515625,28.19661521911621,57.61189270019531,90.16412353515625,112.97920989990234,128.55943298339844,2026-01-24,2026-02-07,nf_nhits
38,2026-01-24,2026-02-14,3,3,78.373046875,78.373046875,13.154256820678711,40.825035095214844,78.373046875,105.62208557128906,130.98831176757812,2026-01-24,2026-02-14,nf_nhits
38,2026-01-24,2026-02-21,4,4,58.041351318359375,58.041351318359375,0.0,24.413368225097656,58.041351318359375,86.09703063964844,148.86215209960938,2026-01-24,2026-02-21,nf_nhits
39,2026-01-24,2026-01-31,1,1,835.3306274414062,835.3306274414062,311.0807189941406,619.8809814453125,835.3306274414062,999.6019287109375,1163.2176513671875,2026-01-24,2026-01-31,nf_nhits
39,2026-01-24,2026-02-07,2,2,957.3587646484375,957.3587646484375,194.47833251953125,549.6484375,957.3587646484375,1243.5965576171875,1467.39404296875,2026-01-24,2026-02-07,nf_nhits
39,2026-01-24,2026-02-14,3,3,817.4493408203125,817.4493408203125,13.072881698608398,338.17132568359375,817.4493408203125,1121.7994384765625,1472.519287109375,2026-01-24,2026-02-14,nf_nhits
39,2026-01-24,2026-02-21,4,4,573.4780883789062,573.4780883789062,0.0,149.82418823242188,573.4780883789062,930.1967163085938,1713.3046875,2026-01-24,2026-02-21,nf_nhits
40,2026-01-24,2026-01-31,1,1,191.10276794433594,191.10276794433594,100.43262481689453,156.54306030273438,191.10276794433594,212.33218383789062,246.888916015625,2026-01-24,2026-01-31,nf_nhits
40,2026-01-24,2026-02-07,2,2,198.03341674804688,198.03341674804688,79.44519805908203,137.96371459960938,198.03341674804688,237.3409423828125,285.7239990234375,2026-01-24,2026-02-07,nf_nhits
40,2026-01-24,2026-02-14,3,3,165.3154754638672,165.3154754638672,45.40560531616211,98.16708374023438,165.3154754638672,208.39593505859375,285.57867431640625,2026-01-24,2026-02-14,nf_nhits
40,2026-01-24,2026-02-21,4,4,125.94559478759766,125.94559478759766,21.133872985839844,65.77062225341797,125.94559478759766,173.119384765625,314.422119140625,2026-01-24,2026-02-21,nf_nhits
41,2026-01-24,2026-01-31,1,1,322.95947265625,322.95947265625,205.0382080078125,279.29241943359375,322.95947265625,341.98577880859375,381.03985595703125,2026-01-24,2026-01-31,nf_nhits
41,2026-01-24,2026-02-07,2,2,341.69305419921875,341.69305419921875,176.6269989013672,258.91265869140625,341.69305419921875,402.69732666015625,506.6844482421875,2026-01-24,2026-02-07,nf_nhits
41,2026-01-24,2026-02-14,3,3,294.7220153808594,294.7220153808594,128.8097686767578,204.74600219726562,294.7220153808594,372.77008056640625,576.6096801757812,2026-01-24,2026-02-14,nf_nhits
41,2026-01-24,2026-02-21,4,4,228.23912048339844,228.23912048339844,92.88030242919922,158.52117919921875,228.23912048339844,329.83660888671875,679.9282836914062,2026-01-24,2026-02-21,nf_nhits
42,2026-01-24,2026-01-31,1,1,1161.1280517578125,1161.1280517578125,471.0063171386719,901.4450073242188,1161.1280517578125,1469.50439453125,1773.1971435546875,2026-01-24,2026-01-31,nf_nhits
42,2026-01-24,2026-02-07,2,2,1129.58154296875,1129.58154296875,233.10667419433594,691.7651977539062,1129.58154296875,1527.4263916015625,1820.2255859375,2026-01-24,2026-02-07,nf_nhits
42,2026-01-24,2026-02-14,3,3,928.7355346679688,928.7355346679688,46.634490966796875,405.67083740234375,928.7355346679688,1384.02197265625,1767.048828125,2026-01-24,2026-02-14,nf_nhits
42,2026-01-24,2026-02-21,4,4,681.503662109375,681.503662109375,0.0,154.89569091796875,681.503662109375,1092.7978515625,1775.2928466796875,2026-01-24,2026-02-21,nf_nhits
44,2026-01-24,2026-01-31,1,1,61.808834075927734,61.808834075927734,11.375019073486328,40.003997802734375,61.808834075927734,83.74905395507812,98.04996490478516,2026-01-24,2026-01-31,nf_nhits
44,2026-01-24,2026-02-07,2,2,67.5570068359375,67.5570068359375,0.0,31.681320190429688,67.5570068359375,98.26434326171875,113.2509994506836,2026-01-24,2026-02-07,nf_nhits
44,2026-01-24,2026-02-14,3,3,57.711181640625,57.711181640625,0.0,13.519814491271973,57.711181640625,86.97766876220703,108.92073059082031,2026-01-24,2026-02-14,nf_nhits
44,2026-01-24,2026-02-21,4,4,40.92483901977539,40.92483901977539,0.0,0.0,40.92483901977539,72.42974853515625,118.5264663696289,2026-01-24,2026-02-21,nf_nhits
45,2026-01-24,2026-01-31,1,1,319.1962585449219,319.1962585449219,51.17072296142578,196.7910919189453,319.1962585449219,411.5158386230469,527.5776977539062,2026-01-24,2026-01-31,nf_nhits
45,2026-01-24,2026-02-07,2,2,387.2479553222656,387.2479553222656,2.8994674682617188,179.83029174804688,387.2479553222656,539.3637084960938,707.9774169921875,2026-01-24,2026-02-07,nf_nhits
45,2026-01-24,2026-02-14,3,3,336.73272705078125,336.73272705078125,0.0,88.35955047607422,336.73272705078125,489.1620178222656,721.200927734375,2026-01-24,2026-02-14,nf_nhits
45,2026-01-24,2026-02-21,4,4,220.87042236328125,220.87042236328125,0.0,6.033684730529785,220.87042236328125,419.85809326171875,869.345458984375,2026-01-24,2026-02-21,nf_nhits
46,2026-01-24,2026-01-31,1,1,88.4864273071289,88.4864273071289,48.97791290283203,73.3233642578125,88.4864273071289,97.47190856933594,107.16730499267578,2026-01-24,2026-01-31,nf_nhits
46,2026-01-24,2026-02-07,2,2,104.9675521850586,104.9675521850586,41.254093170166016,70.50526428222656,104.9675521850586,127.17872619628906,150.40924072265625,2026-01-24,2026-02-07,nf_nhits
46,2026-01-24,2026-02-14,3,3,94.88682556152344,94.88682556152344,26.70271873474121,55.91941833496094,94.88682556152344,123.3227767944336,168.27333068847656,2026-01-24,2026-02-14,nf_nhits
46,2026-01-24,2026-02-21,4,4,73.11685943603516,73.11685943603516,13.104069709777832,40.00617599487305,73.11685943603516,108.25656127929688,206.453369140625,2026-01-24,2026-02-21,nf_nhits
47,2026-01-24,2026-01-31,1,1,388.7367248535156,388.7367248535156,122.16695404052734,263.9465637207031,388.7367248535156,472.9962158203125,588.6541137695312,2026-01-24,2026-01-31,nf_nhits
47,2026-01-24,2026-02-07,2,2,441.36749267578125,441.36749267578125,74.47716522216797,244.09951782226562,441.36749267578125,578.8077392578125,745.7100219726562,2026-01-24,2026-02-07,nf_nhits
47,2026-01-24,2026-02-14,3,3,380.88104248046875,380.88104248046875,0.0,154.9576873779297,380.88104248046875,520.8309326171875,745.1739501953125,2026-01-24,2026-02-14,nf_nhits
47,2026-01-24,2026-02-21,4,4,269.6931457519531,269.6931457519531,0.0,77.61800384521484,269.6931457519531,452.3314514160156,872.1295166015625,2026-01-24,2026-02-21,nf_nhits
48,2026-01-24,2026-01-31,1,1,1312.3221435546875,1312.3221435546875,688.3065795898438,1040.6700439453125,1312.3221435546875,1578.390869140625,1897.431884765625,2026-01-24,2026-01-31,nf_nhits
48,2026-01-24,2026-02-07,2,2,1177.892578125,1177.892578125,472.0599060058594,822.829833984375,1177.892578125,1499.4163818359375,1887.1552734375,2026-01-24,2026-02-07,nf_nhits
48,2026-01-24,2026-02-14,3,3,964.8302001953125,964.8302001953125,266.1981506347656,551.4777221679688,964.8302001953125,1274.049560546875,1795.1728515625,2026-01-24,2026-02-14,nf_nhits
48,2026-01-24,2026-02-21,4,4,762.5828857421875,762.5828857421875,131.03469848632812,349.6904602050781,762.5828857421875,1072.9686279296875,1753.395263671875,2026-01-24,2026-02-21,nf_nhits
49,2026-01-24,2026-01-31,1,1,82.52875518798828,82.52875518798828,21.223865509033203,55.32112503051758,82.52875518798828,107.56708526611328,131.0817413330078,2026-01-24,2026-01-31,nf_nhits
49,2026-01-24,2026-02-07,2,2,87.89202880859375,87.89202880859375,7.594557285308838,44.42222595214844,87.89202880859375,124.56248474121094,151.35296630859375,2026-01-24,2026-02-07,nf_nhits
49,2026-01-24,2026-02-14,3,3,73.00157165527344,73.00157165527344,0.0,21.489198684692383,73.00157165527344,108.4722900390625,148.0418701171875,2026-01-24,2026-02-14,nf_nhits
49,2026-01-24,2026-02-21,4,4,50.895729064941406,50.895729064941406,0.0,3.5916128158569336,50.895729064941406,88.99276733398438,161.0088653564453,2026-01-24,2026-02-21,nf_nhits
50,2026-01-24,2026-01-31,1,1,33.75278091430664,33.75278091430664,15.692543029785156,26.56351089477539,33.75278091430664,38.314064025878906,43.327266693115234,2026-01-24,2026-01-31,nf_nhits
50,2026-01-24,2026-02-07,2,2,40.90324401855469,40.90324401855469,11.960554122924805,25.11529541015625,40.90324401855469,50.435768127441406,59.012779235839844,2026-01-24,2026-02-07,nf_nhits
50,2026-01-24,2026-02-14,3,3,36.07269287109375,36.07269287109375,4.760939598083496,18.09619903564453,36.07269287109375,47.57562255859375,61.43589782714844,2026-01-24,2026-02-14,nf_nhits
50,2026-01-24,2026-02-21,4,4,26.652624130249023,26.652624130249023,0.0,10.904260635375977,26.652624130249023,40.773433685302734,75.40118408203125,2026-01-24,2026-02-21,nf_nhits
51,2026-01-24,2026-01-31,1,1,535.8397216796875,535.8397216796875,242.1426239013672,413.48541259765625,535.8397216796875,610.9166259765625,678.9361572265625,2026-01-24,2026-01-31,nf_nhits
51,2026-01-24,2026-02-07,2,2,630.23193359375,630.23193359375,178.77255249023438,388.5228271484375,630.23193359375,783.0707397460938,903.0590209960938,2026-01-24,2026-02-07,nf_nhits
51,2026-01-24,2026-02-14,3,3,550.5739135742188,550.5739135742188,67.0054702758789,271.1644287109375,550.5739135742188,719.5531005859375,911.3341674804688,2026-01-24,2026-02-14,nf_nhits
51,2026-01-24,2026-02-21,4,4,395.2696533203125,395.2696533203125,0.0,159.36822509765625,395.2696533203125,615.3388061523438,1101.7144775390625,2026-01-24,2026-02-21,nf_nhits
53,2026-01-24,2026-01-31,1,1,269.55419921875,269.55419921875,178.52005004882812,241.98512268066406,269.55419921875,284.1241760253906,311.9041442871094,2026-01-24,2026-01-31,nf_nhits
53,2026-01-24,2026-02-07,2,2,280.35809326171875,280.35809326171875,148.66920471191406,216.3280487060547,280.35809326171875,319.3617248535156,368.38677978515625,2026-01-24,2026-02-07,nf_nhits
53,2026-01-24,2026-02-14,3,3,241.4673309326172,241.4673309326172,111.21952819824219,169.35313415527344,241.4673309326172,293.3233947753906,388.5549011230469,2026-01-24,2026-02-14,nf_nhits
53,2026-01-24,2026-02-21,4,4,189.33798217773438,189.33798217773438,83.43097686767578,125.02082061767578,189.33798217773438,245.36013793945312,433.54791259765625,2026-01-24,2026-02-21,nf_nhits
54,2026-01-24,2026-01-31,1,1,249.06362915039062,249.06362915039062,138.95452880859375,207.66888427734375,249.06362915039062,268.353271484375,295.84735107421875,2026-01-24,2026-01-31,nf_nhits
54,2026-01-24,2026-02-07,2,2,283.4749450683594,283.4749450683594,116.45447540283203,196.4478759765625,283.4749450683594,335.6289367675781,406.9384460449219,2026-01-24,2026-02-07,nf_nhits
54,2026-01-24,2026-02-14,3,3,247.76492309570312,247.76492309570312,72.13314819335938,147.24893188476562,247.76492309570312,310.17425537109375,445.57110595703125,2026-01-24,2026-02-14,nf_nhits
54,2026-01-24,2026-02-21,4,4,186.48196411132812,186.48196411132812,32.87306213378906,102.47285461425781,186.48196411132812,270.8353271484375,543.1568603515625,2026-01-24,2026-02-21,nf_nhits
55,2026-01-24,2026-01-31,1,1,427.8724060058594,427.8724060058594,165.18417358398438,320.93658447265625,427.8724060058594,503.91796875,573.3041381835938,2026-01-24,2026-01-31,nf_nhits
55,2026-01-24,2026-02-07,2,2,520.79736328125,520.79736328125,108.5832290649414,299.8913269042969,520.79736328125,667.11279296875,773.42431640625,2026-01-24,2026-02-07,nf_nhits
55,2026-01-24,2026-02-14,3,3,460.48809814453125,460.48809814453125,15.248477935791016,200.38217163085938,460.48809814453125,622.5517578125,788.277099609375,2026-01-24,2026-02-14,nf_nhits
55,2026-01-24,2026-02-21,4,4,325.6702880859375,325.6702880859375,0.0,101.43951416015625,325.6702880859375,528.4237060546875,957.6832275390625,2026-01-24,2026-02-21,nf_nhits
56,2026-01-24,2026-01-31,1,1,16.519893646240234,16.519893646240234,3.9456894397735596,11.04755973815918,16.519893646240234,22.796817779541016,28.39244270324707,2026-01-24,2026-01-31,nf_nhits
56,2026-01-24,2026-02-07,2,2,16.2265625,16.2265625,0.11953401565551758,7.447031021118164,16.2265625,24.096542358398438,30.044824600219727,2026-01-24,2026-02-07,nf_nhits
56,2026-01-24,2026-02-14,3,3,12.953688621520996,12.953688621520996,0.0,2.4203426837921143,12.953688621520996,21.050695419311523,29.06444549560547,2026-01-24,2026-02-14,nf_nhits
56,2026-01-24,2026-02-21,4,4,9.098469734191895,9.098469734191895,0.0,0.0,9.098469734191895,16.658172607421875,29.476865768432617,2026-01-24,2026-02-21,nf_nhits
72,2026-01-24,2026-01-31,1,1,200.65199279785156,200.65199279785156,127.78225708007812,173.47438049316406,200.65199279785156,224.61245727539062,288.26416015625,2026-01-24,2026-01-31,nf_nhits
72,2026-01-24,2026-02-07,2,2,172.46646118164062,172.46646118164062,92.615966796875,144.0135498046875,172.46646118164062,199.80198669433594,271.41241455078125,2026-01-24,2026-02-07,nf_nhits
72,2026-01-24,2026-02-14,3,3,148.97061157226562,148.97061157226562,76.34100341796875,118.79901885986328,148.97061157226562,179.27389526367188,262.6737060546875,2026-01-24,2026-02-14,nf_nhits
72,2026-01-24,2026-02-21,4,4,124.59037017822266,124.59037017822266,61.446861267089844,97.18177795410156,124.59037017822266,158.46490478515625,253.99969482421875,2026-01-24,2026-02-21,nf_nhits
01,2026-02-21,2026-02-28,1,1,291.43463134765625,291.43463134765625,231.89028930664062,274.0851745605469,291.43463134765625,300.40826416015625,330.8497009277344,2026-02-21,2026-02-28,nf_nhits
01,2026-02-21,2026-03-07,2,2,234.04867553710938,234.04867553710938,177.6644287109375,222.02264404296875,234.04867553710938,243.40292358398438,299.9825439453125,2026-02-21,2026-03-07,nf_nhits
01,2026-02-21,2026-03-14,3,3,190.2779541015625,190.2779541015625,142.44789123535156,176.07150268554688,190.2779541015625,197.22946166992188,278.152587890625,2026-02-21,2026-03-14,nf_nhits
01,2026-02-21,2026-03-21,4,4,153.13800048828125,153.13800048828125,114.65145111083984,139.8229217529297,153.13800048828125,161.58502197265625,248.64483642578125,2026-02-21,2026-03-21,nf_nhits
02,2026-02-21,2026-02-28,1,1,7.769802570343018,7.769802570343018,4.192002773284912,5.53501033782959,7.769802570343018,9.522517204284668,11.529139518737793,2026-02-21,2026-02-28,nf_nhits
02,2026-02-21,2026-03-07,2,2,6.802204608917236,6.802204608917236,3.3010740280151367,5.109750747680664,6.802204608917236,8.503633499145508,11.188389778137207,2026-02-21,2026-03-07,nf_nhits
02,2026-02-21,2026-03-14,3,3,6.703351974487305,6.703351974487305,1.9865617752075195,4.603567123413086,6.703351974487305,7.8258795738220215,11.256590843200684,2026-02-21,2026-03-14,nf_nhits
02,2026-02-21,2026-03-21,4,4,6.074276447296143,6.074276447296143,1.6889803409576416,4.486722469329834,6.074276447296143,7.3828229904174805,11.658729553222656,2026-02-21,2026-03-21,nf_nhits
04,2026-02-21,2026-02-28,1,1,301.77691650390625,301.77691650390625,244.650146484375,288.89117431640625,301.77691650390625,305.9670104980469,330.562744140625,2026-02-21,2026-02-28,nf_nhits
04,2026-02-21,2026-03-07,2,2,242.48178100585938,242.48178100585938,186.45529174804688,232.56060791015625,242.48178100585938,244.99317932128906,299.02874755859375,2026-02-21,2026-03-07,nf_nhits
04,2026-02-21,2026-03-14,3,3,197.22105407714844,197.22105407714844,153.60609436035156,186.79380798339844,197.22105407714844,200.5145263671875,278.3876647949219,2026-02-21,2026-03-14,nf_nhits
04,2026-02-21,2026-03-21,4,4,157.262939453125,157.262939453125,126.1343765258789,144.85443115234375,157.262939453125,159.8900909423828,243.53033447265625,2026-02-21,2026-03-21,nf_nhits
05,2026-02-21,2026-02-28,1,1,142.9240264892578,142.9240264892578,103.78404235839844,131.45164489746094,142.9240264892578,147.9702911376953,165.68179321289062,2026-02-21,2026-02-28,nf_nhits
05,2026-02-21,2026-03-07,2,2,103.97673797607422,103.97673797607422,69.85492706298828,97.11237335205078,103.97673797607422,108.823974609375,142.38052368164062,2026-02-21,2026-03-07,nf_nhits
05,2026-02-21,2026-03-14,3,3,76.74516296386719,76.74516296386719,46.814476013183594,67.55540466308594,76.74516296386719,78.59255981445312,127.28900909423828,2026-02-21,2026-03-14,nf_nhits
05,2026-02-21,2026-03-21,4,4,52.15526580810547,52.15526580810547,28.771774291992188,44.73182678222656,52.15526580810547,55.41172790527344,108.90867614746094,2026-02-21,2026-03-21,nf_nhits
06,2026-02-21,2026-02-28,1,1,1285.60595703125,1285.60595703125,984.0282592773438,1217.69921875,1285.60595703125,1323.3743896484375,1440.8985595703125,2026-02-21,2026-02-28,nf_nhits
06,2026-02-21,2026-03-07,2,2,962.6893310546875,962.6893310546875,687.8358154296875,923.383544921875,962.6893310546875,994.728271484375,1229.5418701171875,2026-02-21,2026-03-07,nf_nhits
06,2026-02-21,2026-03-14,3,3,739.1243896484375,739.1243896484375,501.7801513671875,673.22509765625,739.1243896484375,768.6218872070312,1082.388427734375,2026-02-21,2026-03-14,nf_nhits
06,2026-02-21,2026-03-21,4,4,535.4138793945312,535.4138793945312,349.9498291015625,464.2137451171875,535.4138793945312,572.1859741210938,920.9044189453125,2026-02-21,2026-03-21,nf_nhits
08,2026-02-21,2026-02-28,1,1,111.5858383178711,111.5858383178711,87.43932342529297,98.07498168945312,111.5858383178711,122.04436492919922,139.7792205810547,2026-02-21,2026-02-28,nf_nhits
08,2026-02-21,2026-03-07,2,2,103.26253509521484,103.26253509521484,77.75271606445312,93.58345031738281,103.26253509521484,114.00471496582031,134.8428955078125,2026-02-21,2026-03-07,nf_nhits
08,2026-02-21,2026-03-14,3,3,100.02021026611328,100.02021026611328,64.91570281982422,87.2156753540039,100.02021026611328,104.9131851196289,134.24610900878906,2026-02-21,2026-03-14,nf_nhits
08,2026-02-21,2026-03-21,4,4,93.01466369628906,93.01466369628906,59.93470764160156,85.01200866699219,93.01466369628906,102.42977905273438,137.14517211914062,2026-02-21,2026-03-21,nf_nhits
09,2026-02-21,2026-02-28,1,1,31.965129852294922,31.965129852294922,17.965503692626953,19.828319549560547,31.965129852294922,47.85041046142578,65.18626403808594,2026-02-21,2026-02-28,nf_nhits
09,2026-02-21,2026-03-07,2,2,31.410655975341797,31.410655975341797,9.31563949584961,22.899320602416992,31.410655975341797,43.21935272216797,58.71358108520508,2026-02-21,2026-03-07,nf_nhits
09,2026-02-21,2026-03-14,3,3,30.53190803527832,30.53190803527832,0.0,20.365407943725586,30.53190803527832,32.6313591003418,60.989295959472656,2026-02-21,2026-03-14,nf_nhits
09,2026-02-21,2026-03-21,4,4,30.250904083251953,30.250904083251953,0.0,24.233993530273438,30.250904083251953,39.754180908203125,73.20429992675781,2026-02-21,2026-03-21,nf_nhits
10,2026-02-21,2026-02-28,1,1,47.28838348388672,47.28838348388672,38.083648681640625,42.583518981933594,47.28838348388672,51.38999938964844,56.13924026489258,2026-02-21,2026-02-28,nf_nhits
10,2026-02-21,2026-03-07,2,2,44.143333435058594,44.143333435058594,34.42274475097656,40.04600143432617,44.143333435058594,47.8150634765625,54.56270217895508,2026-02-21,2026-03-07,nf_nhits
10,2026-02-21,2026-03-14,3,3,40.12175750732422,40.12175750732422,26.323814392089844,35.517662048339844,40.12175750732422,43.509578704833984,54.04157638549805,2026-02-21,2026-03-14,nf_nhits
10,2026-02-21,2026-03-21,4,4,37.17894744873047,37.17894744873047,23.39069938659668,33.983489990234375,37.17894744873047,39.975303649902344,54.28166961669922,2026-02-21,2026-03-21,nf_nhits
11,2026-02-21,2026-02-28,1,1,6.911124229431152,6.911124229431152,3.587374448776245,4.698375701904297,6.911124229431152,8.829432487487793,11.002429962158203,2026-02-21,2026-02-28,nf_nhits
11,2026-02-21,2026-03-07,2,2,5.853688716888428,5.853688716888428,2.4145076274871826,4.283814430236816,5.853688716888428,7.517975807189941,9.852208137512207,2026-02-21,2026-03-07,nf_nhits
11,2026-02-21,2026-03-14,3,3,5.97540283203125,5.97540283203125,0.867851972579956,3.8455915451049805,5.97540283203125,6.7504963874816895,10.279705047607422,2026-02-21,2026-03-14,nf_nhits
11,2026-02-21,2026-03-21,4,4,5.253425598144531,5.253425598144531,0.46968984603881836,4.075577259063721,5.253425598144531,6.469236373901367,10.854513168334961,2026-02-21,2026-03-21,nf_nhits
12,2026-02-21,2026-02-28,1,1,1836.6236572265625,1836.6236572265625,1453.00439453125,1721.131103515625,1836.6236572265625,1899.3634033203125,2130.5126953125,2026-02-21,2026-02-28,nf_nhits
12,2026-02-21,2026-03-07,2,2,1557.79345703125,1557.79345703125,1148.70361328125,1449.0704345703125,1557.79345703125,1619.545654296875,1960.40869140625,2026-02-21,2026-03-07,nf_nhits
12,2026-02-21,2026-03-14,3,3,1304.024658203125,1304.024658203125,948.427734375,1170.6749267578125,1304.024658203125,1376.763671875,1838.1014404296875,2026-02-21,2026-03-14,nf_nhits
12,2026-02-21,2026-03-21,4,4,1085.296630859375,1085.296630859375,812.391845703125,961.5490112304688,1085.296630859375,1196.831298828125,1706.8006591796875,2026-02-21,2026-03-21,nf_nhits
13,2026-02-21,2026-02-28,1,1,369.8128662109375,369.8128662109375,302.68719482421875,336.4708251953125,369.8128662109375,382.6959228515625,428.076171875,2026-02-21,2026-02-28,nf_nhits
13,2026-02-21,2026-03-07,2,2,338.1042175292969,338.1042175292969,266.3038024902344,309.18896484375,338.1042175292969,361.9969177246094,433.6214294433594,2026-02-21,2026-03-07,nf_nhits
13,2026-02-21,2026-03-14,3,3,306.97283935546875,306.97283935546875,234.06224060058594,281.380859375,306.97283935546875,329.67913818359375,417.875,2026-02-21,2026-03-14,nf_nhits
13,2026-02-21,2026-03-21,4,4,289.9814453125,289.9814453125,218.31117248535156,262.39453125,289.9814453125,310.51458740234375,409.31488037109375,2026-02-21,2026-03-21,nf_nhits
15,2026-02-21,2026-02-28,1,1,17.555391311645508,17.555391311645508,14.053730010986328,15.817197799682617,17.555391311645508,18.54125213623047,20.750375747680664,2026-02-21,2026-02-28,nf_nhits
15,2026-02-21,2026-03-07,2,2,15.545470237731934,15.545470237731934,11.706289291381836,13.77042293548584,15.545470237731934,17.156953811645508,20.22926139831543,2026-02-21,2026-03-07,nf_nhits
15,2026-02-21,2026-03-14,3,3,13.890935897827148,13.890935897827148,9.912322998046875,12.231843948364258,13.890935897827148,15.399415969848633,18.689804077148438,2026-02-21,2026-03-14,nf_nhits
15,2026-02-21,2026-03-21,4,4,13.07642936706543,13.07642936706543,8.460175514221191,10.839463233947754,13.07642936706543,14.538044929504395,17.963258743286133,2026-02-21,2026-03-21,nf_nhits
16,2026-02-21,2026-02-28,1,1,114.3608169555664,114.3608169555664,91.08081817626953,107.16752624511719,114.3608169555664,120.83120727539062,135.0022430419922,2026-02-21,2026-02-28,nf_nhits
16,2026-02-21,2026-03-07,2,2,105.36080932617188,105.36080932617188,76.75894927978516,95.34099578857422,105.36080932617188,112.48884582519531,133.47666931152344,2026-02-21,2026-03-07,nf_nhits
16,2026-02-21,2026-03-14,3,3,91.08878326416016,91.08878326416016,61.60224914550781,79.49789428710938,91.08878326416016,101.20662689208984,128.26400756835938,2026-02-21,2026-03-14,nf_nhits
16,2026-02-21,2026-03-21,4,4,81.08036804199219,81.08036804199219,55.151973724365234,68.8349838256836,81.08036804199219,92.28619384765625,124.28648376464844,2026-02-21,2026-03-21,nf_nhits
17,2026-02-21,2026-02-28,1,1,557.9656372070312,557.9656372070312,456.95648193359375,516.7147216796875,557.9656372070312,588.4800415039062,652.37060546875,2026-02-21,2026-02-28,nf_nhits
17,2026-02-21,2026-03-07,2,2,522.797607421875,522.797607421875,414.8455810546875,483.54034423828125,522.797607421875,557.0272216796875,649.2024536132812,2026-02-21,2026-03-07,nf_nhits
17,2026-02-21,2026-03-14,3,3,469.561279296875,469.561279296875,343.4076843261719,426.4916076660156,469.561279296875,508.7900085449219,629.4755859375,2026-02-21,2026-03-14,nf_nhits
17,2026-02-21,2026-03-21,4,4,439.2723083496094,439.2723083496094,312.4193420410156,398.47894287109375,439.2723083496094,474.47271728515625,621.5739135742188,2026-02-21,2026-03-21,nf_nhits
18,2026-02-21,2026-02-28,1,1,348.5188903808594,348.5188903808594,288.04998779296875,326.695556640625,348.5188903808594,367.11968994140625,406.0636291503906,2026-02-21,2026-02-28,nf_nhits
18,2026-02-21,2026-03-07,2,2,328.7898864746094,328.7898864746094,261.1688537597656,305.10504150390625,328.7898864746094,349.3908996582031,408.1585693359375,2026-02-21,2026-03-07,nf_nhits
18,2026-02-21,2026-03-14,3,3,295.0696105957031,295.0696105957031,215.28273010253906,266.4415588378906,295.0696105957031,320.7042541503906,397.64410400390625,2026-02-21,2026-03-14,nf_nhits
18,2026-02-21,2026-03-21,4,4,274.903076171875,274.903076171875,195.9857635498047,245.791259765625,274.903076171875,298.88433837890625,393.47894287109375,2026-02-21,2026-03-21,nf_nhits
19,2026-02-21,2026-02-28,1,1,177.6566925048828,177.6566925048828,141.61141967773438,166.84222412109375,177.6566925048828,188.78025817871094,207.2849578857422,2026-02-21,2026-02-28,nf_nhits
19,2026-02-21,2026-03-07,2,2,158.17874145507812,158.17874145507812,114.88389587402344,141.38624572753906,158.17874145507812,169.4253692626953,195.6675567626953,2026-02-21,2026-03-07,nf_nhits
19,2026-02-21,2026-03-14,3,3,134.22952270507812,134.22952270507812,90.94769287109375,117.347900390625,134.22952270507812,148.6886749267578,180.27700805664062,2026-02-21,2026-03-14,nf_nhits
19,2026-02-21,2026-03-21,4,4,114.81197357177734,114.81197357177734,78.27519989013672,98.82769775390625,114.81197357177734,131.73300170898438,169.1204376220703,2026-02-21,2026-03-21,nf_nhits
20,2026-02-21,2026-02-28,1,1,172.3434295654297,172.3434295654297,138.4170684814453,162.39649963378906,172.3434295654297,182.56497192382812,201.4260711669922,2026-02-21,2026-02-28,nf_nhits
20,2026-02-21,2026-03-07,2,2,153.78872680664062,153.78872680664062,113.32089233398438,139.00506591796875,153.78872680664062,164.0777130126953,190.6522216796875,2026-02-21,2026-03-07,nf_nhits
20,2026-02-21,2026-03-14,3,3,131.73109436035156,131.73109436035156,91.87663269042969,116.17889404296875,131.73109436035156,145.1088104248047,177.51370239257812,2026-02-21,2026-03-14,nf_nhits
20,2026-02-21,2026-03-21,4,4,113.68006134033203,113.68006134033203,80.18464660644531,98.80484008789062,113.68006134033203,130.09774780273438,167.45486450195312,2026-02-21,2026-03-21,nf_nhits
21,2026-02-21,2026-02-28,1,1,234.59024047851562,234.59024047851562,190.0000762939453,218.32960510253906,234.59024047851562,247.82740783691406,274.11102294921875,2026-02-21,2026-02-28,nf_nhits
21,2026-02-21,2026-03-07,2,2,219.81600952148438,219.81600952148438,168.4921112060547,201.89468383789062,219.81600952148438,234.31858825683594,275.5981750488281,2026-02-21,2026-03-07,nf_nhits
21,2026-02-21,2026-03-14,3,3,196.38040161132812,196.38040161132812,137.93911743164062,175.08001708984375,196.38040161132812,214.23507690429688,267.0015563964844,2026-02-21,2026-03-14,nf_nhits
21,2026-02-21,2026-03-21,4,4,180.07078552246094,180.07078552246094,124.76374053955078,158.92996215820312,180.07078552246094,199.26844787597656,262.3089904785156,2026-02-21,2026-03-21,nf_nhits
22,2026-02-21,2026-02-28,1,1,312.7738952636719,312.7738952636719,250.13638305664062,290.92315673828125,312.7738952636719,326.8502502441406,365.45587158203125,2026-02-21,2026-02-28,nf_nhits
22,2026-02-21,2026-03-07,2,2,268.0699768066406,268.0699768066406,200.4063262939453,244.51084899902344,268.0699768066406,284.7380676269531,342.260986328125,2026-02-21,2026-03-07,nf_nhits
22,2026-02-21,2026-03-14,3,3,225.28680419921875,225.28680419921875,167.4166259765625,204.03305053710938,225.28680419921875,242.3983154296875,321.0050354003906,2026-02-21,2026-03-14,nf_nhits
22,2026-02-21,2026-03-21,4,4,196.35067749023438,196.35067749023438,144.4613800048828,173.80784606933594,196.35067749023438,212.68600463867188,300.19842529296875,2026-02-21,2026-03-21,nf_nhits
23,2026-02-21,2026-02-28,1,1,56.258121490478516,56.258121490478516,45.48667907714844,50.80836486816406,56.258121490478516,61.75679397583008,68.69419860839844,2026-02-21,2026-02-28,nf_nhits
23,2026-02-21,2026-03-07,2,2,52.20473861694336,52.20473861694336,40.83357238769531,47.806976318359375,52.20473861694336,56.846046447753906,65.47688293457031,2026-02-21,2026-03-07,nf_nhits
23,2026-02-21,2026-03-14,3,3,47.37273406982422,47.37273406982422,31.07144546508789,42.172401428222656,47.37273406982422,52.11990737915039,63.88345718383789,2026-02-21,2026-03-14,nf_nhits
23,2026-02-21,2026-03-21,4,4,43.836875915527344,43.836875915527344,27.362621307373047,40.16285705566406,43.836875915527344,48.67940139770508,63.45417404174805,2026-02-21,2026-03-21,nf_nhits
24,2026-02-21,2026-02-28,1,1,69.01852416992188,69.01852416992188,48.93624496459961,55.87511444091797,69.01852416992188,81.01265716552734,97.72998046875,2026-02-21,2026-02-28,nf_nhits
24,2026-02-21,2026-03-07,2,2,61.645179748535156,61.645179748535156,39.757633209228516,53.40422439575195,61.645179748535156,71.54998016357422,87.3364486694336,2026-02-21,2026-03-07,nf_nhits
24,2026-02-21,2026-03-14,3,3,60.49195861816406,60.49195861816406,25.751853942871094,48.88362503051758,60.49195861816406,63.4752311706543,89.59919738769531,2026-02-21,2026-03-14,nf_nhits
24,2026-02-21,2026-03-21,4,4,54.86566925048828,54.86566925048828,22.126585006713867,50.0550537109375,54.86566925048828,62.56371307373047,94.52739715576172,2026-02-21,2026-03-21,nf_nhits
25,2026-02-21,2026-02-28,1,1,87.654541015625,87.654541015625,54.39742660522461,63.16556930541992,87.654541015625,112.00914764404297,140.62460327148438,2026-02-21,2026-02-28,nf_nhits
25,2026-02-21,2026-03-07,2,2,77.8775405883789,77.8775405883789,38.286808013916016,61.78399658203125,77.8775405883789,96.67293548583984,121.34627532958984,2026-02-21,2026-03-07,nf_nhits
25,2026-02-21,2026-03-14,3,3,74.87568664550781,74.87568664550781,9.820565223693848,52.97150421142578,74.87568664550781,81.0140151977539,126.32388305664062,2026-02-21,2026-03-14,nf_nhits
25,2026-02-21,2026-03-21,4,4,67.99691009521484,67.99691009521484,5.479310989379883,59.77931213378906,67.99691009521484,83.9935531616211,138.49961853027344,2026-02-21,2026-03-21,nf_nhits
26,2026-02-21,2026-02-28,1,1,331.33209228515625,331.33209228515625,277.305419921875,305.2345886230469,331.33209228515625,355.8108825683594,393.77197265625,2026-02-21,2026-02-28,nf_nhits
26,2026-02-21,2026-03-07,2,2,311.40679931640625,311.40679931640625,254.94569396972656,290.2259521484375,311.40679931640625,333.3175048828125,384.35931396484375,2026-02-21,2026-03-07,nf_nhits
26,2026-02-21,2026-03-14,3,3,286.36968994140625,286.36968994140625,208.5491180419922,261.00628662109375,286.36968994140625,308.0426025390625,379.1888427734375,2026-02-21,2026-03-14,nf_nhits
26,2026-02-21,2026-03-21,4,4,268.783447265625,268.783447265625,190.90145874023438,251.28933715820312,268.783447265625,289.2854309082031,378.52691650390625,2026-02-21,2026-03-21,nf_nhits
27,2026-02-21,2026-02-28,1,1,192.46461486816406,192.46461486816406,155.12684631347656,170.6292266845703,192.46461486816406,206.789306640625,230.44044494628906,2026-02-21,2026-02-28,nf_nhits
27,2026-02-21,2026-03-07,2,2,176.85691833496094,176.85691833496094,138.77784729003906,162.2227325439453,176.85691833496094,192.48562622070312,221.4169158935547,2026-02-21,2026-03-07,nf_nhits
27,2026-02-21,2026-03-14,3,3,166.73336791992188,166.73336791992188,113.16571044921875,149.43040466308594,166.73336791992188,176.90451049804688,221.55914306640625,2026-02-21,2026-03-14,nf_nhits
27,2026-02-21,2026-03-21,4,4,153.76121520996094,153.76121520996094,104.62158966064453,146.6989288330078,153.76121520996094,167.02047729492188,224.22581481933594,2026-02-21,2026-03-21,nf_nhits
28,2026-02-21,2026-02-28,1,1,203.30825805664062,203.30825805664062,165.441650390625,191.6815185546875,203.30825805664062,207.3742218017578,227.43312072753906,2026-02-21,2026-02-28,nf_nhits
28,2026-02-21,2026-03-07,2,2,168.34439086914062,168.34439086914062,129.5320281982422,158.59898376464844,168.34439086914062,172.01925659179688,211.0563507080078,2026-02-21,2026-03-07,nf_nhits
28,2026-02-21,2026-03-14,3,3,139.7556915283203,139.7556915283203,109.41988372802734,130.395263671875,139.7556915283203,143.12811279296875,200.32838439941406,2026-02-21,2026-03-14,nf_nhits
28,2026-02-21,2026-03-21,4,4,116.2912368774414,116.2912368774414,93.81817626953125,105.89405822753906,116.2912368774414,119.57678985595703,182.1750946044922,2026-02-21,2026-03-21,nf_nhits
29,2026-02-21,2026-02-28,1,1,390.1904296875,390.1904296875,307.91552734375,363.96734619140625,390.1904296875,412.684814453125,457.46240234375,2026-02-21,2026-02-28,nf_nhits
29,2026-02-21,2026-03-07,2,2,334.69189453125,334.69189453125,244.81161499023438,301.7973937988281,334.69189453125,356.83721923828125,421.1343994140625,2026-02-21,2026-03-07,nf_nhits
29,2026-02-21,2026-03-14,3,3,277.1288757324219,277.1288757324219,196.03604125976562,246.52650451660156,277.1288757324219,302.5962219238281,385.40179443359375,2026-02-21,2026-03-14,nf_nhits
29,2026-02-21,2026-03-21,4,4,233.330078125,233.330078125,162.9541015625,206.31011962890625,233.330078125,261.8477783203125,356.3172607421875,2026-02-21,2026-03-21,nf_nhits
30,2026-02-21,2026-02-28,1,1,46.518062591552734,46.518062591552734,33.863548278808594,42.65151596069336,46.518062591552734,50.82954788208008,59.11990737915039,2026-02-21,2026-02-28,nf_nhits
30,2026-02-21,2026-03-07,2,2,39.461097717285156,39.461097717285156,25.920412063598633,34.23063659667969,39.461097717285156,44.176414489746094,54.89689636230469,2026-02-21,2026-03-07,nf_nhits
30,2026-02-21,2026-03-14,3,3,31.85664176940918,31.85664176940918,17.505456924438477,26.616121292114258,31.85664176940918,36.99231719970703,50.28658676147461,2026-02-21,2026-03-14,nf_nhits
30,2026-02-21,2026-03-21,4,4,26.550065994262695,26.550065994262695,12.679301261901855,21.25391387939453,26.550065994262695,32.14095687866211,47.351261138916016,2026-02-21,2026-03-21,nf_nhits
31,2026-02-21,2026-02-28,1,1,126.71219635009766,126.71219635009766,100.69973754882812,119.58025360107422,126.71219635009766,132.58294677734375,146.33453369140625,2026-02-21,2026-02-28,nf_nhits
31,2026-02-21,2026-03-07,2,2,109.09391784667969,109.09391784667969,79.70327758789062,99.65825653076172,109.09391784667969,114.62234497070312,135.68453979492188,2026-02-21,2026-03-07,nf_nhits
31,2026-02-21,2026-03-14,3,3,90.40972900390625,90.40972900390625,63.73863220214844,80.0114517211914,90.40972900390625,97.42314910888672,125.68669128417969,2026-02-21,2026-03-14,nf_nhits
31,2026-02-21,2026-03-21,4,4,75.9392318725586,75.9392318725586,53.64110565185547,65.2780532836914,75.9392318725586,84.24597930908203,116.09959411621094,2026-02-21,2026-03-21,nf_nhits
32,2026-02-21,2026-02-28,1,1,84.73115539550781,84.73115539550781,66.19964599609375,77.28840637207031,84.73115539550781,89.44280242919922,100.75973510742188,2026-02-21,2026-02-28,nf_nhits
32,2026-02-21,2026-03-07,2,2,76.2190933227539,76.2190933227539,55.46245193481445,67.96893310546875,76.2190933227539,82.72400665283203,99.93523406982422,2026-02-21,2026-03-07,nf_nhits
32,2026-02-21,2026-03-14,3,3,66.50556182861328,66.50556182861328,45.873844146728516,58.95417022705078,66.50556182861328,73.24956512451172,94.4654541015625,2026-02-21,2026-03-14,nf_nhits
32,2026-02-21,2026-03-21,4,4,60.342369079589844,60.342369079589844,41.260807037353516,52.461143493652344,60.342369079589844,67.06547546386719,91.60502624511719,2026-02-21,2026-03-21,nf_nhits
33,2026-02-21,2026-02-28,1,1,53.271392822265625,53.271392822265625,42.271240234375,47.11964416503906,53.271392822265625,58.79587173461914,65.6924819946289,2026-02-21,2026-02-28,nf_nhits
33,2026-02-21,2026-03-07,2,2,48.91378402709961,48.91378402709961,37.55330276489258,44.156524658203125,48.91378402709961,53.52404022216797,61.33826446533203,2026-02-21,2026-03-07,nf_nhits
33,2026-02-21,2026-03-14,3,3,44.36896896362305,44.36896896362305,27.536569595336914,39.34700012207031,44.36896896362305,48.892372131347656,60.78477096557617,2026-02-21,2026-03-14,nf_nhits
33,2026-02-21,2026-03-21,4,4,40.55873107910156,40.55873107910156,23.950939178466797,37.898250579833984,40.55873107910156,45.236900329589844,60.852699279785156,2026-02-21,2026-03-21,nf_nhits
34,2026-02-21,2026-02-28,1,1,224.13375854492188,224.13375854492188,179.33670043945312,194.7596435546875,224.13375854492188,246.91827392578125,279.0633850097656,2026-02-21,2026-02-28,nf_nhits
34,2026-02-21,2026-03-07,2,2,207.06903076171875,207.06903076171875,159.12567138671875,189.21090698242188,207.06903076171875,229.1608123779297,263.45294189453125,2026-02-21,2026-03-07,nf_nhits
34,2026-02-21,2026-03-14,3,3,201.33738708496094,201.33738708496094,127.16642761230469,177.73118591308594,201.33738708496094,206.34686279296875,268.1986083984375,2026-02-21,2026-03-14,nf_nhits
34,2026-02-21,2026-03-21,4,4,186.77169799804688,186.77169799804688,117.9129638671875,178.41342163085938,186.77169799804688,201.51278686523438,280.0510559082031,2026-02-21,2026-03-21,nf_nhits
35,2026-02-21,2026-02-28,1,1,88.05291748046875,88.05291748046875,71.66581726074219,80.53662872314453,88.05291748046875,94.37476348876953,103.82603454589844,2026-02-21,2026-02-28,nf_nhits
35,2026-02-21,2026-03-07,2,2,81.45145416259766,81.45145416259766,64.1832504272461,75.15206146240234,81.45145416259766,87.76862335205078,100.38699340820312,2026-02-21,2026-03-07,nf_nhits
35,2026-02-21,2026-03-14,3,3,74.3885269165039,74.3885269165039,51.3551139831543,66.6678237915039,74.3885269165039,80.2298583984375,97.81773376464844,2026-02-21,2026-03-14,nf_nhits
35,2026-02-21,2026-03-21,4,4,69.08919525146484,69.08919525146484,45.71552276611328,63.205909729003906,69.08919525146484,75.0106201171875,97.0170669555664,2026-02-21,2026-03-21,nf_nhits
36,2026-02-21,2026-02-28,1,1,298.3324890136719,298.3324890136719,232.15487670898438,255.3748016357422,298.3324890136719,354.25872802734375,420.07122802734375,2026-02-21,2026-02-28,nf_nhits
36,2026-02-21,2026-03-07,2,2,283.88751220703125,283.88751220703125,193.67153930664062,248.9591827392578,283.88751220703125,326.817626953125,396.21148681640625,2026-02-21,2026-03-07,nf_nhits
36,2026-02-21,2026-03-14,3,3,279.9913635253906,279.9913635253906,152.60293579101562,237.75445556640625,279.9913635253906,285.4234313964844,400.9271240234375,2026-02-21,2026-03-14,nf_nhits
36,2026-02-21,2026-03-21,4,4,258.549560546875,258.549560546875,137.44415283203125,240.86045837402344,258.549560546875,298.8035583496094,438.81036376953125,2026-02-21,2026-03-21,nf_nhits
37,2026-02-21,2026-02-28,1,1,302.8683166503906,302.8683166503906,233.3929443359375,254.57232666015625,302.8683166503906,345.2782287597656,407.56842041015625,2026-02-21,2026-02-28,nf_nhits
37,2026-02-21,2026-03-07,2,2,282.44415283203125,282.44415283203125,206.59805297851562,251.48580932617188,282.44415283203125,326.1802978515625,392.18206787109375,2026-02-21,2026-03-07,nf_nhits
37,2026-02-21,2026-03-14,3,3,276.1539001464844,276.1539001464844,160.25067138671875,237.15911865234375,276.1539001464844,291.96075439453125,398.71112060546875,2026-02-21,2026-03-14,nf_nhits
37,2026-02-21,2026-03-21,4,4,255.67355346679688,255.67355346679688,150.12142944335938,240.49661254882812,255.67355346679688,286.4385681152344,420.6156005859375,2026-02-21,2026-03-21,nf_nhits
38,2026-02-21,2026-02-28,1,1,19.657432556152344,19.657432556152344,13.77662181854248,16.13991928100586,19.657432556152344,22.990509033203125,26.19353485107422,2026-02-21,2026-02-28,nf_nhits
38,2026-02-21,2026-03-07,2,2,17.503005981445312,17.503005981445312,11.258853912353516,14.63848876953125,17.503005981445312,19.990236282348633,23.67296600341797,2026-02-21,2026-03-07,nf_nhits
38,2026-02-21,2026-03-14,3,3,15.803450584411621,15.803450584411621,6.190739154815674,12.60174560546875,15.803450584411621,18.038497924804688,23.264041900634766,2026-02-21,2026-03-14,nf_nhits
38,2026-02-21,2026-03-21,4,4,13.924568176269531,13.924568176269531,4.488255023956299,11.80331802368164,13.924568176269531,16.592836380004883,23.21582794189453,2026-02-21,2026-03-21,nf_nhits
39,2026-02-21,2026-02-28,1,1,647.1192626953125,647.1192626953125,539.7432861328125,602.5475463867188,647.1192626953125,684.6183471679688,751.5611572265625,2026-02-21,2026-02-28,nf_nhits
39,2026-02-21,2026-03-07,2,2,613.0477294921875,613.0477294921875,496.68572998046875,569.3635864257812,613.0477294921875,652.9409790039062,752.6942749023438,2026-02-21,2026-03-07,nf_nhits
39,2026-02-21,2026-03-14,3,3,553.6627807617188,553.6627807617188,409.6928405761719,504.1640930175781,553.6627807617188,598.81103515625,739.8837890625,2026-02-21,2026-03-14,nf_nhits
39,2026-02-21,2026-03-21,4,4,519.0870361328125,519.0870361328125,373.63177490234375,479.3066711425781,519.0870361328125,556.7750244140625,737.3463745117188,2026-02-21,2026-03-21,nf_nhits
40,2026-02-21,2026-02-28,1,1,213.02725219726562,213.02725219726562,163.14356994628906,200.21022033691406,213.02725219726562,217.31224060058594,237.05267333984375,2026-02-21,2026-02-28,nf_nhits
40,2026-02-21,2026-03-07,2,2,159.0313262939453,159.0313262939453,113.77149963378906,151.6483612060547,159.0313262939453,161.81565856933594,208.3323516845703,2026-02-21,2026-03-07,nf_nhits
40,2026-02-21,2026-03-14,3,3,122.33802795410156,122.33802795410156,85.19213104248047,112.3070068359375,122.33802795410156,123.02265930175781,191.13827514648438,2026-02-21,2026-03-14,nf_nhits
40,2026-02-21,2026-03-21,4,4,87.47723388671875,87.47723388671875,60.86375427246094,78.79196166992188,87.47723388671875,88.99984741210938,163.56982421875,2026-02-21,2026-03-21,nf_nhits
41,2026-02-21,2026-02-28,1,1,245.26780700683594,245.26780700683594,188.87770080566406,231.4864044189453,245.26780700683594,256.4618835449219,267.70648193359375,2026-02-21,2026-02-28,nf_nhits
41,2026-02-21,2026-03-07,2,2,195.69796752929688,195.69796752929688,131.66259765625,181.98670959472656,195.69796752929688,202.20452880859375,232.9071502685547,2026-02-21,2026-03-07,nf_nhits
41,2026-02-21,2026-03-14,3,3,157.40005493164062,157.40005493164062,102.37248229980469,142.0386199951172,157.40005493164062,177.091552734375,206.19976806640625,2026-02-21,2026-03-14,nf_nhits
41,2026-02-21,2026-03-21,4,4,124.06173706054688,124.06173706054688,71.4021987915039,100.77981567382812,124.06173706054688,143.98680114746094,170.69361877441406,2026-02-21,2026-03-21,nf_nhits
42,2026-02-21,2026-02-28,1,1,732.9918212890625,732.9918212890625,598.547607421875,670.9442749023438,732.9918212890625,787.3104248046875,872.9058227539062,2026-02-21,2026-02-28,nf_nhits
42,2026-02-21,2026-03-07,2,2,684.0122680664062,684.0122680664062,543.122314453125,631.1382446289062,684.0122680664062,733.3189086914062,845.3113403320312,2026-02-21,2026-03-07,nf_nhits
42,2026-02-21,2026-03-14,3,3,619.7257080078125,619.7257080078125,425.7684020996094,555.408203125,619.7257080078125,673.166259765625,825.6854858398438,2026-02-21,2026-03-14,nf_nhits
42,2026-02-21,2026-03-21,4,4,576.4820556640625,576.4820556640625,377.86248779296875,524.0745849609375,576.4820556640625,629.9801025390625,820.5115966796875,2026-02-21,2026-03-21,nf_nhits
44,2026-02-21,2026-02-28,1,1,20.607656478881836,20.607656478881836,14.823067665100098,16.09937858581543,20.607656478881836,26.10513687133789,32.38325881958008,2026-02-21,2026-02-28,nf_nhits
44,2026-02-21,2026-03-07,2,2,20.014244079589844,20.014244079589844,11.776514053344727,16.86916732788086,20.014244079589844,24.68553924560547,30.398393630981445,2026-02-21,2026-03-07,nf_nhits
44,2026-02-21,2026-03-14,3,3,18.910282135009766,18.910282135009766,6.921098232269287,15.538959503173828,18.910282135009766,20.38107681274414,31.198774337768555,2026-02-21,2026-03-14,nf_nhits
44,2026-02-21,2026-03-21,4,4,18.270267486572266,18.270267486572266,5.766000270843506,16.435550689697266,18.270267486572266,21.743946075439453,34.95127868652344,2026-02-21,2026-03-21,nf_nhits
45,2026-02-21,2026-02-28,1,1,252.4267578125,252.4267578125,208.0936737060547,231.6959228515625,252.4267578125,268.3047180175781,297.5663146972656,2026-02-21,2026-02-28,nf_nhits
45,2026-02-21,2026-03-07,2,2,237.16232299804688,237.16232299804688,190.77516174316406,220.50643920898438,237.16232299804688,254.93470764160156,297.12750244140625,2026-02-21,2026-03-07,nf_nhits
45,2026-02-21,2026-03-14,3,3,217.48837280273438,217.48837280273438,161.21636962890625,197.9189910888672,217.48837280273438,234.76104736328125,292.39190673828125,2026-02-21,2026-03-14,nf_nhits
45,2026-02-21,2026-03-21,4,4,205.41883850097656,205.41883850097656,148.64320373535156,190.07688903808594,205.41883850097656,221.13490295410156,291.2805480957031,2026-02-21,2026-03-21,nf_nhits
46,2026-02-21,2026-02-28,1,1,53.837913513183594,53.837913513183594,41.18436813354492,49.80152130126953,53.837913513183594,57.51081848144531,63.9546012878418,2026-02-21,2026-02-28,nf_nhits
46,2026-02-21,2026-03-07,2,2,50.92879867553711,50.92879867553711,34.06913757324219,45.203575134277344,50.92879867553711,54.92008972167969,64.9732666015625,2026-02-21,2026-03-07,nf_nhits
46,2026-02-21,2026-03-14,3,3,44.966766357421875,44.966766357421875,25.942684173583984,37.010658264160156,44.966766357421875,50.268775939941406,63.84169006347656,2026-02-21,2026-03-14,nf_nhits
46,2026-02-21,2026-03-21,4,4,38.65979766845703,38.65979766845703,22.63037872314453,31.37647819519043,38.65979766845703,45.08626174926758,61.80172348022461,2026-02-21,2026-03-21,nf_nhits
47,2026-02-21,2026-02-28,1,1,314.6031494140625,314.6031494140625,253.31207275390625,288.6606140136719,314.6031494140625,329.3839111328125,367.4628601074219,2026-02-21,2026-02-28,nf_nhits
47,2026-02-21,2026-03-07,2,2,291.58892822265625,291.58892822265625,224.43450927734375,267.2503662109375,291.58892822265625,313.2157287597656,374.0241394042969,2026-02-21,2026-03-07,nf_nhits
47,2026-02-21,2026-03-14,3,3,263.30352783203125,263.30352783203125,191.62881469726562,235.81069946289062,263.30352783203125,287.0929870605469,363.6727294921875,2026-02-21,2026-03-14,nf_nhits
47,2026-02-21,2026-03-21,4,4,244.22923278808594,244.22923278808594,177.27394104003906,217.3406219482422,244.22923278808594,268.35552978515625,357.0763854980469,2026-02-21,2026-03-21,nf_nhits
48,2026-02-21,2026-02-28,1,1,928.1104125976562,928.1104125976562,751.59228515625,866.201171875,928.1104125976562,967.8915405273438,1072.3658447265625,2026-02-21,2026-02-28,nf_nhits
48,2026-02-21,2026-03-07,2,2,785.1370849609375,785.1370849609375,595.6329345703125,714.340087890625,785.1370849609375,838.5035400390625,987.11474609375,2026-02-21,2026-03-07,nf_nhits
48,2026-02-21,2026-03-14,3,3,662.8421630859375,662.8421630859375,496.69781494140625,598.9511108398438,662.8421630859375,711.993896484375,907.3387451171875,2026-02-21,2026-03-14,nf_nhits
48,2026-02-21,2026-03-21,4,4,571.5011596679688,571.5011596679688,422.9168701171875,510.36688232421875,571.5011596679688,622.2219848632812,840.9017944335938,2026-02-21,2026-03-21,nf_nhits
49,2026-02-21,2026-02-28,1,1,60.70105743408203,60.70105743408203,49.171749114990234,55.5684928894043,60.70105743408203,64.24784088134766,70.8922348022461,2026-02-21,2026-02-28,nf_nhits
49,2026-02-21,2026-03-07,2,2,55.730709075927734,55.730709075927734,43.2974967956543,51.26701736450195,55.730709075927734,60.11574935913086,70.15108489990234,2026-02-21,2026-03-07,nf_nhits
49,2026-02-21,2026-03-14,3,3,50.096622467041016,50.096622467041016,36.02172088623047,45.34823226928711,50.096622467041016,54.55899429321289,67.09034729003906,2026-02-21,2026-03-14,nf_nhits
49,2026-02-21,2026-03-21,4,4,47.004844665527344,47.004844665527344,32.130760192871094,41.979000091552734,47.004844665527344,51.114219665527344,65.76847076416016,2026-02-21,2026-03-21,nf_nhits
50,2026-02-21,2026-02-28,1,1,20.330541610717773,20.330541610717773,15.715009689331055,18.60214614868164,20.330541610717773,22.19061279296875,24.691261291503906,2026-02-21,2026-02-28,nf_nhits
50,2026-02-21,2026-03-07,2,2,18.80509376525879,18.80509376525879,13.317693710327148,16.731098175048828,18.80509376525879,20.685527801513672,24.385000228881836,2026-02-21,2026-03-07,nf_nhits
50,2026-02-21,2026-03-14,3,3,16.65470314025879,16.65470314025879,10.438167572021484,14.259127616882324,16.65470314025879,18.810911178588867,23.297496795654297,2026-02-21,2026-03-14,nf_nhits
50,2026-02-21,2026-03-21,4,4,15.096537590026855,15.096537590026855,9.15895938873291,12.46573257446289,15.096537590026855,17.45876121520996,22.701126098632812,2026-02-21,2026-03-21,nf_nhits
51,2026-02-21,2026-02-28,1,1,269.2809753417969,269.2809753417969,224.93960571289062,247.17454528808594,269.2809753417969,289.32891845703125,319.6711730957031,2026-02-21,2026-02-28,nf_nhits
51,2026-02-21,2026-03-07,2,2,251.890380859375,251.890380859375,206.1724853515625,234.399169921875,251.890380859375,269.41064453125,307.5474853515625,2026-02-21,2026-03-07,nf_nhits
51,2026-02-21,2026-03-14,3,3,233.02963256835938,233.02963256835938,167.21762084960938,211.68568420410156,233.02963256835938,249.22271728515625,302.031494140625,2026-02-21,2026-03-14,nf_nhits
51,2026-02-21,2026-03-21,4,4,218.42800903320312,218.42800903320312,152.4281768798828,203.25350952148438,218.42800903320312,235.00831604003906,300.9145202636719,2026-02-21,2026-03-21,nf_nhits
53,2026-02-21,2026-02-28,1,1,189.2067108154297,189.2067108154297,153.65087890625,182.47589111328125,189.2067108154297,196.0801544189453,211.59933471679688,2026-02-21,2026-02-28,nf_nhits
53,2026-02-21,2026-03-07,2,2,151.6304931640625,151.6304931640625,114.84268188476562,146.02467346191406,151.6304931640625,157.4168701171875,182.86410522460938,2026-02-21,2026-03-07,nf_nhits
53,2026-02-21,2026-03-14,3,3,124.98666381835938,124.98666381835938,91.11381530761719,114.3131103515625,124.98666381835938,131.66526794433594,161.77061462402344,2026-02-21,2026-03-14,nf_nhits
53,2026-02-21,2026-03-21,4,4,99.0290756225586,99.0290756225586,72.8570556640625,88.09292602539062,99.0290756225586,109.5912094116211,142.08660888671875,2026-02-21,2026-03-21,nf_nhits
54,2026-02-21,2026-02-28,1,1,136.58322143554688,136.58322143554688,107.10450744628906,128.4613800048828,136.58322143554688,144.5120391845703,160.00416564941406,2026-02-21,2026-02-28,nf_nhits
54,2026-02-21,2026-03-07,2,2,128.48251342773438,128.48251342773438,87.1507797241211,114.84283447265625,128.48251342773438,136.9161834716797,158.7281036376953,2026-02-21,2026-03-07,nf_nhits
54,2026-02-21,2026-03-14,3,3,113.53456115722656,113.53456115722656,67.83985900878906,94.67864227294922,113.53456115722656,124.27536010742188,153.8081512451172,2026-02-21,2026-03-14,nf_nhits
54,2026-02-21,2026-03-21,4,4,97.35816192626953,97.35816192626953,59.01494598388672,80.53855895996094,97.35816192626953,112.18772888183594,147.75682067871094,2026-02-21,2026-03-21,nf_nhits
55,2026-02-21,2026-02-28,1,1,242.3245391845703,242.3245391845703,198.90322875976562,221.1619415283203,242.3245391845703,261.20941162109375,289.9337463378906,2026-02-21,2026-02-28,nf_nhits
55,2026-02-21,2026-03-07,2,2,225.84202575683594,225.84202575683594,181.16400146484375,208.6501007080078,225.84202575683594,243.15106201171875,279.0085754394531,2026-02-21,2026-03-07,nf_nhits
55,2026-02-21,2026-03-14,3,3,204.87423706054688,204.87423706054688,144.62713623046875,187.12567138671875,204.87423706054688,224.080322265625,272.90509033203125,2026-02-21,2026-03-14,nf_nhits
55,2026-02-21,2026-03-21,4,4,191.20518493652344,191.20518493652344,129.74327087402344,179.73097229003906,191.20518493652344,209.75534057617188,270.95257568359375,2026-02-21,2026-03-21,nf_nhits
56,2026-02-21,2026-02-28,1,1,11.969149589538574,11.969149589538574,7.45188045501709,9.933049201965332,11.969149589538574,13.452018737792969,16.440807342529297,2026-02-21,2026-02-28,nf_nhits
56,2026-02-21,2026-03-07,2,2,10.329425811767578,10.329425811767578,5.508508205413818,8.220364570617676,10.329425811767578,12.032426834106445,16.020065307617188,2026-02-21,2026-03-07,nf_nhits
56,2026-02-21,2026-03-14,3,3,8.27107048034668,8.27107048034668,3.209463596343994,6.291598320007324,8.27107048034668,10.087697982788086,15.086584091186523,2026-02-21,2026-03-14,nf_nhits
56,2026-02-21,2026-03-21,4,4,7.274219036102295,7.274219036102295,1.9144877195358276,4.940732955932617,7.274219036102295,8.877812385559082,14.723191261291504,2026-02-21,2026-03-21,nf_nhits
72,2026-02-21,2026-02-28,1,1,166.41177368164062,166.41177368164062,136.51010131835938,155.9637908935547,166.41177368164062,176.9123077392578,201.11199951171875,2026-02-21,2026-02-28,nf_nhits
72,2026-02-21,2026-03-07,2,2,154.46829223632812,154.46829223632812,117.8674087524414,142.95095825195312,154.46829223632812,164.05723571777344,196.12989807128906,2026-02-21,2026-03-07,nf_nhits
72,2026-02-21,2026-03-14,3,3,142.64996337890625,142.64996337890625,106.20109558105469,128.3137969970703,142.64996337890625,154.15664672851562,196.60816955566406,2026-02-21,2026-03-14,nf_nhits
72,2026-02-21,2026-03-21,4,4,132.69943237304688,132.69943237304688,95.50106811523438,118.16742706298828,132.69943237304688,145.90394592285156,193.48574829101562,2026-02-21,2026-03-21,nf_nhits
01,2026-03-21,2026-03-28,1,1,35.621150970458984,35.621150970458984,23.012548446655273,33.5959358215332,35.621150970458984,39.94724655151367,50.46025848388672,2026-03-21,2026-03-28,nf_nhits
01,2026-03-21,2026-04-04,2,2,17.897016525268555,17.897016525268555,6.052339553833008,16.588665008544922,17.897016525268555,24.800912857055664,38.33641815185547,2026-03-21,2026-04-04,nf_nhits
01,2026-03-21,2026-04-11,3,3,7.889186859130859,7.889186859130859,0.0,4.867340087890625,7.889186859130859,15.800018310546875,28.487783432006836,2026-03-21,2026-04-11,nf_nhits
01,2026-03-21,2026-04-18,4,4,0.12659072875976562,0.12659072875976562,0.0,0.0,0.12659072875976562,6.255383491516113,16.863889694213867,2026-03-21,2026-04-18,nf_nhits
02,2026-03-21,2026-03-28,1,1,8.766780853271484,8.766780853271484,6.361257076263428,7.779831886291504,8.766780853271484,10.156627655029297,11.721946716308594,2026-03-21,2026-03-28,nf_nhits
02,2026-03-21,2026-04-04,2,2,8.44946575164795,8.44946575164795,5.8226752281188965,7.140172958374023,8.44946575164795,9.814865112304688,12.067350387573242,2026-03-21,2026-04-04,nf_nhits
02,2026-03-21,2026-04-11,3,3,7.9035444259643555,7.9035444259643555,5.0803728103637695,6.716436862945557,7.9035444259643555,9.500923156738281,11.865704536437988,2026-03-21,2026-04-11,nf_nhits
02,2026-03-21,2026-04-18,4,4,7.715593338012695,7.715593338012695,4.707744598388672,6.3193678855896,7.715593338012695,9.396124839782715,11.806367874145508,2026-03-21,2026-04-18,nf_nhits
04,2026-03-21,2026-03-28,1,1,99.42462921142578,99.42462921142578,73.5280990600586,90.73308563232422,99.42462921142578,110.24490356445312,134.6750030517578,2026-03-21,2026-03-28,nf_nhits
04,2026-03-21,2026-04-04,2,2,73.99995422363281,73.99995422363281,47.58148956298828,65.74873352050781,73.99995422363281,88.97151184082031,116.40082550048828,2026-03-21,2026-04-04,nf_nhits
04,2026-03-21,2026-04-11,3,3,55.27210998535156,55.27210998535156,27.15654182434082,46.48280334472656,55.27210998535156,69.76603698730469,100.2320785522461,2026-03-21,2026-04-11,nf_nhits
04,2026-03-21,2026-04-18,4,4,41.68991470336914,41.68991470336914,11.64970588684082,31.624197006225586,41.68991470336914,54.60033416748047,81.0263900756836,2026-03-21,2026-04-18,nf_nhits
05,2026-03-21,2026-03-28,1,1,30.30450439453125,30.30450439453125,19.94768524169922,27.663366317749023,30.30450439453125,34.973045349121094,43.27833557128906,2026-03-21,2026-03-28,nf_nhits
05,2026-03-21,2026-04-04,2,2,17.956924438476562,17.956924438476562,8.160226821899414,15.808483123779297,17.956924438476562,24.321155548095703,34.72034454345703,2026-03-21,2026-04-04,nf_nhits
05,2026-03-21,2026-04-11,3,3,10.35140323638916,10.35140323638916,0.0,7.185269355773926,10.35140323638916,16.715362548828125,27.336444854736328,2026-03-21,2026-04-11,nf_nhits
05,2026-03-21,2026-04-18,4,4,4.469125747680664,4.469125747680664,0.0,0.5818748474121094,4.469125747680664,9.773229598999023,19.208139419555664,2026-03-21,2026-04-18,nf_nhits
06,2026-03-21,2026-03-28,1,1,538.2955322265625,538.2955322265625,465.5824890136719,525.8304443359375,538.2955322265625,584.0562133789062,659.8849487304688,2026-03-21,2026-03-28,nf_nhits
06,2026-03-21,2026-04-04,2,2,431.0854187011719,431.0854187011719,359.9607238769531,420.9443359375,431.0854187011719,487.2458190917969,581.8397216796875,2026-03-21,2026-04-04,nf_nhits
06,2026-03-21,2026-04-11,3,3,340.98028564453125,340.98028564453125,264.580810546875,328.7445068359375,340.98028564453125,396.4626770019531,485.28887939453125,2026-03-21,2026-04-11,nf_nhits
06,2026-03-21,2026-04-18,4,4,286.2089538574219,286.2089538574219,192.70606994628906,265.1612548828125,286.2089538574219,332.80999755859375,401.3223876953125,2026-03-21,2026-04-18,nf_nhits
08,2026-03-21,2026-03-28,1,1,90.39701843261719,90.39701843261719,73.17769622802734,86.24260711669922,90.39701843261719,96.48797607421875,115.29940795898438,2026-03-21,2026-03-28,nf_nhits
08,2026-03-21,2026-04-04,2,2,90.22372436523438,90.22372436523438,70.24111938476562,81.36336517333984,90.22372436523438,96.89997863769531,119.03651428222656,2026-03-21,2026-04-04,nf_nhits
08,2026-03-21,2026-04-11,3,3,85.86418914794922,85.86418914794922,62.63387680053711,76.83328247070312,85.86418914794922,95.54727172851562,119.00662994384766,2026-03-21,2026-04-11,nf_nhits
08,2026-03-21,2026-04-18,4,4,84.98855590820312,84.98855590820312,59.83805847167969,74.0099868774414,84.98855590820312,94.69470977783203,120.4754409790039,2026-03-21,2026-04-18,nf_nhits
09,2026-03-21,2026-03-28,1,1,28.75809097290039,28.75809097290039,18.48377227783203,26.068828582763672,28.75809097290039,32.978206634521484,45.72755813598633,2026-03-21,2026-03-28,nf_nhits
09,2026-03-21,2026-04-04,2,2,30.004770278930664,30.004770278930664,19.568559646606445,25.54050064086914,30.004770278930664,34.53740310668945,48.77777862548828,2026-03-21,2026-04-04,nf_nhits
09,2026-03-21,2026-04-11,3,3,28.684188842773438,28.684188842773438,16.01812171936035,25.587852478027344,28.684188842773438,35.237823486328125,49.663516998291016,2026-03-21,2026-04-11,nf_nhits
09,2026-03-21,2026-04-18,4,4,29.466869354248047,29.466869354248047,13.654254913330078,22.989301681518555,29.466869354248047,35.736793518066406,54.85199737548828,2026-03-21,2026-04-18,nf_nhits
10,2026-03-21,2026-03-28,1,1,20.263553619384766,20.263553619384766,14.805159568786621,18.52553939819336,20.263553619384766,23.153053283691406,26.412385940551758,2026-03-21,2026-03-28,nf_nhits
10,2026-03-21,2026-04-04,2,2,19.078094482421875,19.078094482421875,12.730630874633789,16.559001922607422,19.078094482421875,21.796754837036133,26.490568161010742,2026-03-21,2026-04-04,nf_nhits
10,2026-03-21,2026-04-11,3,3,17.139575958251953,17.139575958251953,10.883421897888184,14.785921096801758,17.139575958251953,20.342588424682617,25.33306312561035,2026-03-21,2026-04-11,nf_nhits
10,2026-03-21,2026-04-18,4,4,16.3269100189209,16.3269100189209,9.20651912689209,13.5089693069458,16.3269100189209,19.572237014770508,24.300750732421875,2026-03-21,2026-04-18,nf_nhits
11,2026-03-21,2026-03-28,1,1,0.6850666999816895,0.6850666999816895,0.0,0.0,0.6850666999816895,1.8328156471252441,3.9520070552825928,2026-03-21,2026-03-28,nf_nhits
11,2026-03-21,2026-04-04,2,2,0.7820620536804199,0.7820620536804199,0.0,0.0,0.7820620536804199,1.9694567918777466,4.575789451599121,2026-03-21,2026-04-04,nf_nhits
11,2026-03-21,2026-04-11,3,3,0.5611871480941772,0.5611871480941772,0.0,0.0,0.5611871480941772,2.025264263153076,4.730897903442383,2026-03-21,2026-04-11,nf_nhits
11,2026-03-21,2026-04-18,4,4,0.6670957803726196,0.6670957803726196,0.0,0.0,0.6670957803726196,2.185635566711426,5.540574550628662,2026-03-21,2026-04-18,nf_nhits
12,2026-03-21,2026-03-28,1,1,361.7931823730469,361.7931823730469,265.76812744140625,332.37908935546875,361.7931823730469,398.9443359375,469.48138427734375,2026-03-21,2026-03-28,nf_nhits
12,2026-03-21,2026-04-04,2,2,249.0286407470703,249.0286407470703,152.20814514160156,224.32803344726562,249.0286407470703,300.0209045410156,390.31378173828125,2026-03-21,2026-04-04,nf_nhits
12,2026-03-21,2026-04-11,3,3,175.6549835205078,175.6549835205078,67.63936614990234,151.0008544921875,175.6549835205078,230.3497314453125,332.8289794921875,2026-03-21,2026-04-11,nf_nhits
12,2026-03-21,2026-04-18,4,4,112.82090759277344,112.82090759277344,0.0,87.2747573852539,112.82090759277344,162.35269165039062,251.07186889648438,2026-03-21,2026-04-18,nf_nhits
13,2026-03-21,2026-03-28,1,1,84.24549102783203,84.24549102783203,59.682125091552734,77.14540100097656,84.24549102783203,93.9123306274414,114.76072692871094,2026-03-21,2026-03-28,nf_nhits
13,2026-03-21,2026-04-04,2,2,75.84004974365234,75.84004974365234,45.646888732910156,64.4832992553711,75.84004974365234,87.5176010131836,111.83414459228516,2026-03-21,2026-04-04,nf_nhits
13,2026-03-21,2026-04-11,3,3,66.79557800292969,66.79557800292969,35.130558013916016,54.93486785888672,66.79557800292969,83.7447738647461,109.25748443603516,2026-03-21,2026-04-11,nf_nhits
13,2026-03-21,2026-04-18,4,4,63.600040435791016,63.600040435791016,26.64253807067871,48.62934112548828,63.600040435791016,77.1851577758789,103.11803436279297,2026-03-21,2026-04-18,nf_nhits
15,2026-03-21,2026-03-28,1,1,22.778364181518555,22.778364181518555,17.898303985595703,20.95050621032715,22.778364181518555,24.830833435058594,27.868450164794922,2026-03-21,2026-03-28,nf_nhits
15,2026-03-21,2026-04-04,2,2,22.053552627563477,22.053552627563477,16.63531494140625,19.709726333618164,22.053552627563477,23.901273727416992,28.231414794921875,2026-03-21,2026-04-04,nf_nhits
15,2026-03-21,2026-04-11,3,3,20.4368839263916,20.4368839263916,14.723173141479492,17.898780822753906,20.4368839263916,23.31667137145996,28.03223419189453,2026-03-21,2026-04-11,nf_nhits
15,2026-03-21,2026-04-18,4,4,19.831462860107422,19.831462860107422,13.795455932617188,16.975732803344727,19.831462860107422,22.55181884765625,27.969331741333008,2026-03-21,2026-04-18,nf_nhits
16,2026-03-21,2026-03-28,1,1,37.764183044433594,37.764183044433594,29.135814666748047,34.914424896240234,37.764183044433594,41.76432418823242,49.22355270385742,2026-03-21,2026-03-28,nf_nhits
16,2026-03-21,2026-04-04,2,2,31.369983673095703,31.369983673095703,22.153215408325195,28.313505172729492,31.369983673095703,35.755313873291016,44.48424530029297,2026-03-21,2026-04-04,nf_nhits
16,2026-03-21,2026-04-11,3,3,26.581668853759766,26.581668853759766,16.63851547241211,23.0907039642334,26.581668853759766,31.199329376220703,40.18490219116211,2026-03-21,2026-04-11,nf_nhits
16,2026-03-21,2026-04-18,4,4,22.361265182495117,22.361265182495117,11.962374687194824,18.838390350341797,22.361265182495117,26.28349494934082,35.509429931640625,2026-03-21,2026-04-18,nf_nhits
17,2026-03-21,2026-03-28,1,1,152.39926147460938,152.39926147460938,122.36883544921875,146.22950744628906,152.39926147460938,165.0377655029297,181.8639678955078,2026-03-21,2026-03-28,nf_nhits
17,2026-03-21,2026-04-04,2,2,137.431396484375,137.431396484375,102.18941497802734,127.99787139892578,137.431396484375,151.2574462890625,174.18161010742188,2026-03-21,2026-04-04,nf_nhits
17,2026-03-21,2026-04-11,3,3,122.9403076171875,122.9403076171875,86.68584442138672,113.01517486572266,122.9403076171875,141.5028839111328,162.57870483398438,2026-03-21,2026-04-11,nf_nhits
17,2026-03-21,2026-04-18,4,4,116.33462524414062,116.33462524414062,71.76420593261719,102.19700622558594,116.33462524414062,130.61981201171875,150.35272216796875,2026-03-21,2026-04-18,nf_nhits
18,2026-03-21,2026-03-28,1,1,151.36862182617188,151.36862182617188,123.80301666259766,142.63194274902344,151.36862182617188,162.7724609375,186.966796875,2026-03-21,2026-03-28,nf_nhits
18,2026-03-21,2026-04-04,2,2,134.90455627441406,134.90455627441406,104.47348022460938,125.313720703125,134.90455627441406,147.47360229492188,175.22999572753906,2026-03-21,2026-04-04,nf_nhits
18,2026-03-21,2026-04-11,3,3,120.32811737060547,120.32811737060547,87.9529037475586,108.09183502197266,120.32811737060547,135.8882598876953,163.6829376220703,2026-03-21,2026-04-11,nf_nhits
18,2026-03-21,2026-04-18,4,4,109.7723388671875,109.7723388671875,74.59407806396484,96.2463607788086,109.7723388671875,122.23658752441406,152.2372589111328,2026-03-21,2026-04-18,nf_nhits
19,2026-03-21,2026-03-28,1,1,46.87626266479492,46.87626266479492,36.829071044921875,44.910614013671875,46.87626266479492,52.426414489746094,61.426902770996094,2026-03-21,2026-03-28,nf_nhits
19,2026-03-21,2026-04-04,2,2,36.6602783203125,36.6602783203125,26.343412399291992,34.84391784667969,36.6602783203125,42.4937629699707,54.09382629394531,2026-03-21,2026-04-04,nf_nhits
19,2026-03-21,2026-04-11,3,3,29.387130737304688,29.387130737304688,19.028850555419922,27.190677642822266,29.387130737304688,35.47187423706055,45.383079528808594,2026-03-21,2026-04-11,nf_nhits
19,2026-03-21,2026-04-18,4,4,24.543922424316406,24.543922424316406,11.370445251464844,21.029451370239258,24.543922424316406,28.54384994506836,37.464324951171875,2026-03-21,2026-04-18,nf_nhits
20,2026-03-21,2026-03-28,1,1,30.616209030151367,30.616209030151367,25.155725479125977,30.107393264770508,30.616209030151367,33.95891189575195,38.92903137207031,2026-03-21,2026-03-28,nf_nhits
20,2026-03-21,2026-04-04,2,2,23.811616897583008,23.811616897583008,17.62603759765625,23.441673278808594,23.811616897583008,27.662019729614258,34.202667236328125,2026-03-21,2026-04-04,nf_nhits
20,2026-03-21,2026-04-11,3,3,19.0755615234375,19.0755615234375,12.372636795043945,18.291091918945312,19.0755615234375,23.385194778442383,28.85092544555664,2026-03-21,2026-04-11,nf_nhits
20,2026-03-21,2026-04-18,4,4,16.21843147277832,16.21843147277832,6.589200973510742,14.450455665588379,16.21843147277832,19.399837493896484,23.94998550415039,2026-03-21,2026-04-18,nf_nhits
21,2026-03-21,2026-03-28,1,1,92.82833099365234,92.82833099365234,69.33011627197266,84.8408203125,92.82833099365234,102.98735046386719,127.19427490234375,2026-03-21,2026-03-28,nf_nhits
21,2026-03-21,2026-04-04,2,2,78.52629089355469,78.52629089355469,53.835506439208984,70.24105072021484,78.52629089355469,90.66718292236328,117.01953887939453,2026-03-21,2026-04-04,nf_nhits
21,2026-03-21,2026-04-11,3,3,66.42111206054688,66.42111206054688,41.09464645385742,56.71470642089844,66.42111206054688,78.68427276611328,105.12113952636719,2026-03-21,2026-04-11,nf_nhits
21,2026-03-21,2026-04-18,4,4,58.35439682006836,58.35439682006836,29.67650604248047,47.03607177734375,58.35439682006836,68.17091369628906,94.99613189697266,2026-03-21,2026-04-18,nf_nhits
22,2026-03-21,2026-03-28,1,1,79.88050842285156,79.88050842285156,60.12632751464844,73.42335510253906,79.88050842285156,86.6689682006836,99.65106964111328,2026-03-21,2026-03-28,nf_nhits
22,2026-03-21,2026-04-04,2,2,63.57904052734375,63.57904052734375,42.20355224609375,57.420318603515625,63.57904052734375,72.41607666015625,88.20247650146484,2026-03-21,2026-04-04,nf_nhits
22,2026-03-21,2026-04-11,3,3,51.66142654418945,51.66142654418945,28.83077621459961,43.63978576660156,51.66142654418945,61.790367126464844,79.21907806396484,2026-03-21,2026-04-11,nf_nhits
22,2026-03-21,2026-04-18,4,4,41.60177230834961,41.60177230834961,17.360715866088867,33.43410873413086,41.60177230834961,49.58873748779297,68.86473846435547,2026-03-21,2026-04-18,nf_nhits
23,2026-03-21,2026-03-28,1,1,21.803422927856445,21.803422927856445,16.780040740966797,20.319734573364258,21.803422927856445,24.206209182739258,26.602216720581055,2026-03-21,2026-03-28,nf_nhits
23,2026-03-21,2026-04-04,2,2,21.007694244384766,21.007694244384766,15.074118614196777,18.76225471496582,21.007694244384766,22.996885299682617,26.659038543701172,2026-03-21,2026-04-04,nf_nhits
23,2026-03-21,2026-04-11,3,3,19.378372192382812,19.378372192382812,13.309948921203613,17.279369354248047,19.378372192382812,22.20616340637207,25.82117462158203,2026-03-21,2026-04-11,nf_nhits
23,2026-03-21,2026-04-18,4,4,18.49045753479004,18.49045753479004,12.024410247802734,16.43123435974121,18.49045753479004,21.41823959350586,24.883333206176758,2026-03-21,2026-04-18,nf_nhits
24,2026-03-21,2026-03-28,1,1,51.594451904296875,51.594451904296875,38.989990234375,48.65669631958008,51.594451904296875,56.048866271972656,68.66973114013672,2026-03-21,2026-03-28,nf_nhits
24,2026-03-21,2026-04-04,2,2,51.513511657714844,51.513511657714844,39.33658981323242,46.51990509033203,51.513511657714844,56.540340423583984,71.4497299194336,2026-03-21,2026-04-04,nf_nhits
24,2026-03-21,2026-04-11,3,3,49.36721420288086,49.36721420288086,34.597389221191406,45.1138916015625,49.36721420288086,55.66518783569336,71.21589660644531,2026-03-21,2026-04-11,nf_nhits
24,2026-03-21,2026-04-18,4,4,49.4580078125,49.4580078125,32.43996047973633,42.64089584350586,49.4580078125,55.7825813293457,73.68925476074219,2026-03-21,2026-04-18,nf_nhits
25,2026-03-21,2026-03-28,1,1,31.279808044433594,31.279808044433594,14.661788940429688,29.036205291748047,31.279808044433594,37.59471893310547,55.11701202392578,2026-03-21,2026-03-28,nf_nhits
25,2026-03-21,2026-04-04,2,2,31.73777198791504,31.73777198791504,15.678224563598633,26.543672561645508,31.73777198791504,38.24251937866211,58.0066032409668,2026-03-21,2026-04-04,nf_nhits
25,2026-03-21,2026-04-11,3,3,30.0965576171875,30.0965576171875,10.42991828918457,25.19034767150879,30.0965576171875,38.95716094970703,59.049354553222656,2026-03-21,2026-04-11,nf_nhits
25,2026-03-21,2026-04-18,4,4,31.005207061767578,31.005207061767578,7.665838718414307,22.275712966918945,31.005207061767578,40.16075134277344,67.34432983398438,2026-03-21,2026-04-18,nf_nhits
26,2026-03-21,2026-03-28,1,1,139.43861389160156,139.43861389160156,111.6872787475586,132.21595764160156,139.43861389160156,151.193603515625,169.29373168945312,2026-03-21,2026-03-28,nf_nhits
26,2026-03-21,2026-04-04,2,2,132.10159301757812,132.10159301757812,99.6642837524414,120.8602294921875,132.10159301757812,143.13870239257812,167.8490447998047,2026-03-21,2026-04-04,nf_nhits
26,2026-03-21,2026-04-11,3,3,120.59832763671875,120.59832763671875,86.28865051269531,108.4215087890625,120.59832763671875,136.03009033203125,160.41575622558594,2026-03-21,2026-04-11,nf_nhits
26,2026-03-21,2026-04-18,4,4,114.84417724609375,114.84417724609375,78.39491271972656,101.37075805664062,114.84417724609375,128.53067016601562,153.2410430908203,2026-03-21,2026-04-18,nf_nhits
27,2026-03-21,2026-03-28,1,1,103.17779541015625,103.17779541015625,82.02455139160156,97.92672729492188,103.17779541015625,110.8167495727539,126.89732360839844,2026-03-21,2026-03-28,nf_nhits
27,2026-03-21,2026-04-04,2,2,100.4745864868164,100.4745864868164,77.60026550292969,91.41696166992188,100.4745864868164,108.38237762451172,130.0917510986328,2026-03-21,2026-04-04,nf_nhits
27,2026-03-21,2026-04-11,3,3,94.08842468261719,94.08842468261719,68.15963745117188,85.25434112548828,94.08842468261719,105.2136001586914,127.45457458496094,2026-03-21,2026-04-11,nf_nhits
27,2026-03-21,2026-04-18,4,4,91.3691177368164,91.3691177368164,64.63291931152344,80.55957794189453,91.3691177368164,102.97913360595703,125.57490539550781,2026-03-21,2026-04-18,nf_nhits
28,2026-03-21,2026-03-28,1,1,46.624732971191406,46.624732971191406,32.418861389160156,41.2306022644043,46.624732971191406,52.20469665527344,63.47821044921875,2026-03-21,2026-03-28,nf_nhits
28,2026-03-21,2026-04-04,2,2,32.948486328125,32.948486328125,18.602235794067383,28.062355041503906,32.948486328125,40.20130157470703,53.806053161621094,2026-03-21,2026-04-04,nf_nhits
28,2026-03-21,2026-04-11,3,3,23.280651092529297,23.280651092529297,7.703893661499023,18.27899742126465,23.280651092529297,31.001262664794922,46.48871994018555,2026-03-21,2026-04-11,nf_nhits
28,2026-03-21,2026-04-18,4,4,15.604673385620117,15.604673385620117,0.0,10.042978286743164,15.604673385620117,22.784942626953125,36.398773193359375,2026-03-21,2026-04-18,nf_nhits
29,2026-03-21,2026-03-28,1,1,84.9923095703125,84.9923095703125,64.4432601928711,80.98296356201172,84.9923095703125,93.49594116210938,112.90400695800781,2026-03-21,2026-03-28,nf_nhits
29,2026-03-21,2026-04-04,2,2,62.0132942199707,62.0132942199707,41.92995834350586,59.67405319213867,62.0132942199707,72.83992767333984,96.70661926269531,2026-03-21,2026-04-04,nf_nhits
29,2026-03-21,2026-04-11,3,3,47.70408630371094,47.70408630371094,25.65045166015625,42.641090393066406,47.70408630371094,60.23027038574219,80.50680541992188,2026-03-21,2026-04-11,nf_nhits
29,2026-03-21,2026-04-18,4,4,37.57829284667969,37.57829284667969,9.168313980102539,29.985837936401367,37.57829284667969,46.35929870605469,64.83346557617188,2026-03-21,2026-04-18,nf_nhits
30,2026-03-21,2026-03-28,1,1,26.682666778564453,26.682666778564453,20.917943954467773,24.862199783325195,26.682666778564453,29.579450607299805,34.88338088989258,2026-03-21,2026-03-28,nf_nhits
30,2026-03-21,2026-04-04,2,2,22.243946075439453,22.243946075439453,16.613780975341797,20.455337524414062,22.243946075439453,25.30292320251465,32.13178253173828,2026-03-21,2026-04-04,nf_nhits
30,2026-03-21,2026-04-11,3,3,19.34806251525879,19.34806251525879,13.553803443908691,17.135234832763672,19.34806251525879,22.564807891845703,28.94493293762207,2026-03-21,2026-04-11,nf_nhits
30,2026-03-21,2026-04-18,4,4,17.250337600708008,17.250337600708008,10.431553840637207,14.544261932373047,17.250337600708008,19.78253746032715,25.895309448242188,2026-03-21,2026-04-18,nf_nhits
31,2026-03-21,2026-03-28,1,1,29.377714157104492,29.377714157104492,24.100128173828125,28.6055850982666,29.377714157104492,32.37330627441406,36.6008415222168,2026-03-21,2026-03-28,nf_nhits
31,2026-03-21,2026-04-04,2,2,22.825794219970703,22.825794219970703,17.382490158081055,22.104578018188477,22.825794219970703,26.001619338989258,32.129920959472656,2026-03-21,2026-04-04,nf_nhits
31,2026-03-21,2026-04-11,3,3,18.57948112487793,18.57948112487793,12.677125930786133,17.352405548095703,18.57948112487793,22.384334564208984,27.453773498535156,2026-03-21,2026-04-11,nf_nhits
31,2026-03-21,2026-04-18,4,4,15.618009567260742,15.618009567260742,7.896841526031494,13.597749710083008,15.618009567260742,18.415861129760742,22.653284072875977,2026-03-21,2026-04-18,nf_nhits
32,2026-03-21,2026-03-28,1,1,41.7754020690918,41.7754020690918,34.64463806152344,39.63566970825195,41.7754020690918,44.645328521728516,48.933284759521484,2026-03-21,2026-03-28,nf_nhits
32,2026-03-21,2026-04-04,2,2,37.40998840332031,37.40998840332031,29.511783599853516,34.84196853637695,37.40998840332031,40.403541564941406,46.13307189941406,2026-03-21,2026-04-04,nf_nhits
32,2026-03-21,2026-04-11,3,3,33.353919982910156,33.353919982910156,25.53874969482422,30.442495346069336,33.353919982910156,37.16621780395508,42.88809585571289,2026-03-21,2026-04-11,nf_nhits
32,2026-03-21,2026-04-18,4,4,31.055465698242188,31.055465698242188,21.760738372802734,27.11191177368164,31.055465698242188,33.860374450683594,39.8727912902832,2026-03-21,2026-04-18,nf_nhits
33,2026-03-21,2026-03-28,1,1,24.243125915527344,24.243125915527344,18.346763610839844,22.42140007019043,24.243125915527344,26.59238052368164,29.892724990844727,2026-03-21,2026-03-28,nf_nhits
33,2026-03-21,2026-04-04,2,2,23.67543601989746,23.67543601989746,17.10478973388672,21.050682067871094,23.67543601989746,25.683509826660156,30.371435165405273,2026-03-21,2026-04-04,nf_nhits
33,2026-03-21,2026-04-11,3,3,21.84084129333496,21.84084129333496,15.153154373168945,19.370868682861328,21.84084129333496,24.794391632080078,29.500736236572266,2026-03-21,2026-04-11,nf_nhits
33,2026-03-21,2026-04-18,4,4,20.921812057495117,20.921812057495117,13.864411354064941,18.36170768737793,20.921812057495117,24.240198135375977,29.159168243408203,2026-03-21,2026-04-18,nf_nhits
34,2026-03-21,2026-03-28,1,1,152.59500122070312,152.59500122070312,120.17509460449219,146.11062622070312,152.59500122070312,161.5419921875,193.25086975097656,2026-03-21,2026-03-28,nf_nhits
34,2026-03-21,2026-04-04,2,2,153.80496215820312,153.80496215820312,120.07398223876953,139.46128845214844,153.80496215820312,163.94882202148438,200.10910034179688,2026-03-21,2026-04-04,nf_nhits
34,2026-03-21,2026-04-11,3,3,145.3466796875,145.3466796875,105.17398071289062,132.82077026367188,145.3466796875,161.29396057128906,200.57394409179688,2026-03-21,2026-04-11,nf_nhits
34,2026-03-21,2026-04-18,4,4,144.25204467773438,144.25204467773438,98.88497924804688,124.83177947998047,144.25204467773438,159.9582977294922,207.48876953125,2026-03-21,2026-04-18,nf_nhits
35,2026-03-21,2026-03-28,1,1,40.223960876464844,40.223960876464844,32.17731857299805,38.08684158325195,40.223960876464844,43.925628662109375,49.193389892578125,2026-03-21,2026-03-28,nf_nhits
35,2026-03-21,2026-04-04,2,2,37.203617095947266,37.203617095947266,28.001651763916016,34.18175506591797,37.203617095947266,41.460872650146484,48.35741424560547,2026-03-21,2026-04-04,nf_nhits
35,2026-03-21,2026-04-11,3,3,34.38733673095703,34.38733673095703,24.653392791748047,31.275747299194336,34.38733673095703,39.61273193359375,46.74525833129883,2026-03-21,2026-04-11,nf_nhits
35,2026-03-21,2026-04-18,4,4,33.1799430847168,33.1799430847168,21.913436889648438,29.346410751342773,33.1799430847168,37.57371139526367,44.60532760620117,2026-03-21,2026-04-18,nf_nhits
36,2026-03-21,2026-03-28,1,1,233.5900115966797,233.5900115966797,183.73204040527344,223.3066864013672,233.5900115966797,253.902587890625,331.85009765625,2026-03-21,2026-03-28,nf_nhits
36,2026-03-21,2026-04-04,2,2,242.64712524414062,242.64712524414062,183.13507080078125,219.11424255371094,242.64712524414062,265.13409423828125,344.8182067871094,2026-03-21,2026-04-04,nf_nhits
36,2026-03-21,2026-04-11,3,3,234.3778839111328,234.3778839111328,159.3951873779297,210.62620544433594,234.3778839111328,267.90118408203125,350.625244140625,2026-03-21,2026-04-11,nf_nhits
36,2026-03-21,2026-04-18,4,4,237.46524047851562,237.46524047851562,146.19873046875,200.7384490966797,237.46524047851562,266.7983703613281,372.91680908203125,2026-03-21,2026-04-18,nf_nhits
37,2026-03-21,2026-03-28,1,1,73.8890151977539,73.8890151977539,40.823612213134766,68.41671752929688,73.8890151977539,87.89885711669922,125.91131591796875,2026-03-21,2026-03-28,nf_nhits
37,2026-03-21,2026-04-04,2,2,72.55292510986328,72.55292510986328,37.875770568847656,59.7431526184082,72.55292510986328,86.859375,130.89747619628906,2026-03-21,2026-04-04,nf_nhits
37,2026-03-21,2026-04-11,3,3,68.40341186523438,68.40341186523438,28.25623893737793,58.55973434448242,68.40341186523438,87.85196685791016,130.26797485351562,2026-03-21,2026-04-11,nf_nhits
37,2026-03-21,2026-04-18,4,4,71.0892333984375,71.0892333984375,23.18388557434082,54.44126892089844,71.0892333984375,88.89270782470703,134.05569458007812,2026-03-21,2026-04-18,nf_nhits
38,2026-03-21,2026-03-28,1,1,20.9405460357666,20.9405460357666,16.94348907470703,19.558061599731445,20.9405460357666,23.06307029724121,25.192398071289062,2026-03-21,2026-03-28,nf_nhits
38,2026-03-21,2026-04-04,2,2,20.268863677978516,20.268863677978516,15.644554138183594,18.365406036376953,20.268863677978516,22.187421798706055,25.170799255371094,2026-03-21,2026-04-04,nf_nhits
38,2026-03-21,2026-04-11,3,3,18.607147216796875,18.607147216796875,14.192477226257324,17.00756072998047,18.607147216796875,20.760770797729492,23.988712310791016,2026-03-21,2026-04-11,nf_nhits
38,2026-03-21,2026-04-18,4,4,17.852970123291016,17.852970123291016,13.091228485107422,16.32221221923828,17.852970123291016,20.285852432250977,23.527475357055664,2026-03-21,2026-04-18,nf_nhits
39,2026-03-21,2026-03-28,1,1,204.009033203125,204.009033203125,155.72438049316406,191.4559783935547,204.009033203125,223.27821350097656,256.83551025390625,2026-03-21,2026-03-28,nf_nhits
39,2026-03-21,2026-04-04,2,2,182.66160583496094,182.66160583496094,127.41683959960938,165.1857147216797,182.66160583496094,203.45379638671875,244.7879638671875,2026-03-21,2026-04-04,nf_nhits
39,2026-03-21,2026-04-11,3,3,158.56629943847656,158.56629943847656,103.28955078125,139.22097778320312,158.56629943847656,185.6373291015625,226.65121459960938,2026-03-21,2026-04-11,nf_nhits
39,2026-03-21,2026-04-18,4,4,146.64707946777344,146.64707946777344,83.36677551269531,123.26667785644531,146.64707946777344,167.5106658935547,209.03518676757812,2026-03-21,2026-04-18,nf_nhits
40,2026-03-21,2026-03-28,1,1,42.780479431152344,42.780479431152344,28.770078659057617,38.95723342895508,42.780479431152344,49.618927001953125,64.25896453857422,2026-03-21,2026-03-28,nf_nhits
40,2026-03-21,2026-04-04,2,2,24.919944763183594,24.919944763183594,11.977909088134766,21.770301818847656,24.919944763183594,34.53813171386719,52.056182861328125,2026-03-21,2026-04-04,nf_nhits
40,2026-03-21,2026-04-11,3,3,13.045450210571289,13.045450210571289,0.0,8.785664558410645,13.045450210571289,22.48589324951172,39.52484130859375,2026-03-21,2026-04-11,nf_nhits
40,2026-03-21,2026-04-18,4,4,5.397902488708496,5.397902488708496,0.0,0.0,5.397902488708496,13.25357723236084,26.642305374145508,2026-03-21,2026-04-18,nf_nhits
41,2026-03-21,2026-03-28,1,1,24.908641815185547,24.908641815185547,16.217212677001953,23.62551498413086,24.908641815185547,38.03575134277344,55.9537353515625,2026-03-21,2026-03-28,nf_nhits
41,2026-03-21,2026-04-04,2,2,18.924190521240234,18.924190521240234,8.135136604309082,15.76874828338623,18.924190521240234,30.42160987854004,50.70766830444336,2026-03-21,2026-04-04,nf_nhits
41,2026-03-21,2026-04-11,3,3,13.452238082885742,13.452238082885742,1.389911413192749,12.27407169342041,13.452238082885742,29.129474639892578,44.59314727783203,2026-03-21,2026-04-11,nf_nhits
41,2026-03-21,2026-04-18,4,4,9.074820518493652,9.074820518493652,0.0,8.299772262573242,9.074820518493652,25.174766540527344,40.6696891784668,2026-03-21,2026-04-18,nf_nhits
42,2026-03-21,2026-03-28,1,1,589.9642944335938,589.9642944335938,481.615478515625,552.7096557617188,589.9642944335938,637.014404296875,729.8373413085938,2026-03-21,2026-03-28,nf_nhits
42,2026-03-21,2026-04-04,2,2,547.8302001953125,547.8302001953125,425.3042297363281,505.44793701171875,547.8302001953125,598.1771850585938,708.1875610351562,2026-03-21,2026-04-04,nf_nhits
42,2026-03-21,2026-04-11,3,3,500.0607604980469,500.0607604980469,374.5302734375,450.51123046875,500.0607604980469,561.1439819335938,675.3760986328125,2026-03-21,2026-04-11,nf_nhits
42,2026-03-21,2026-04-18,4,4,469.088623046875,469.088623046875,335.69476318359375,419.0574035644531,469.088623046875,525.743896484375,644.2319946289062,2026-03-21,2026-04-18,nf_nhits
44,2026-03-21,2026-03-28,1,1,9.883831024169922,9.883831024169922,5.796919345855713,8.797586441040039,9.883831024169922,11.755741119384766,16.298328399658203,2026-03-21,2026-03-28,nf_nhits
44,2026-03-21,2026-04-04,2,2,10.631884574890137,10.631884574890137,6.253282070159912,8.705632209777832,10.631884574890137,12.330849647521973,17.364349365234375,2026-03-21,2026-04-04,nf_nhits
44,2026-03-21,2026-04-11,3,3,10.071831703186035,10.071831703186035,4.993941307067871,8.547618865966797,10.071831703186035,12.737578392028809,18.0394287109375,2026-03-21,2026-04-11,nf_nhits
44,2026-03-21,2026-04-18,4,4,10.428817749023438,10.428817749023438,4.180884838104248,7.6753668785095215,10.428817749023438,12.855978012084961,20.06218147277832,2026-03-21,2026-04-18,nf_nhits
45,2026-03-21,2026-03-28,1,1,41.491092681884766,41.491092681884766,29.150066375732422,39.03050231933594,41.491092681884766,47.00099563598633,54.49195861816406,2026-03-21,2026-03-28,nf_nhits
45,2026-03-21,2026-04-04,2,2,37.77140426635742,37.77140426635742,22.75238037109375,33.23404312133789,37.77140426635742,43.793121337890625,54.20061111450195,2026-03-21,2026-04-04,nf_nhits
45,2026-03-21,2026-04-11,3,3,34.30497360229492,34.30497360229492,17.864830017089844,29.305431365966797,34.30497360229492,42.62548828125,52.88405990600586,2026-03-21,2026-04-11,nf_nhits
45,2026-03-21,2026-04-18,4,4,33.301429748535156,33.301429748535156,13.940450668334961,26.471338272094727,33.301429748535156,40.50540542602539,49.68207931518555,2026-03-21,2026-04-18,nf_nhits
46,2026-03-21,2026-03-28,1,1,20.915725708007812,20.915725708007812,17.60026741027832,19.874990463256836,20.915725708007812,22.902830123901367,25.387493133544922,2026-03-21,2026-03-28,nf_nhits
46,2026-03-21,2026-04-04,2,2,18.99733543395996,18.99733543395996,15.28812313079834,17.812223434448242,18.99733543395996,20.90716552734375,23.92120933532715,2026-03-21,2026-04-04,nf_nhits
46,2026-03-21,2026-04-11,3,3,16.765600204467773,16.765600204467773,13.111398696899414,15.678637504577637,16.765600204467773,18.5313663482666,21.331035614013672,2026-03-21,2026-04-11,nf_nhits
46,2026-03-21,2026-04-18,4,4,15.528831481933594,15.528831481933594,11.400273323059082,14.381820678710938,15.528831481933594,17.067821502685547,19.597665786743164,2026-03-21,2026-04-18,nf_nhits
47,2026-03-21,2026-03-28,1,1,124.93476867675781,124.93476867675781,103.07373809814453,118.57211303710938,124.93476867675781,133.31680297851562,150.27626037597656,2026-03-21,2026-03-28,nf_nhits
47,2026-03-21,2026-04-04,2,2,112.06845092773438,112.06845092773438,87.52342987060547,104.71400451660156,112.06845092773438,122.31922149658203,141.21688842773438,2026-03-21,2026-04-04,nf_nhits
47,2026-03-21,2026-04-11,3,3,100.33308410644531,100.33308410644531,75.18367767333984,91.4368896484375,100.33308410644531,112.67339324951172,133.3028106689453,2026-03-21,2026-04-11,nf_nhits
47,2026-03-21,2026-04-18,4,4,92.90923309326172,92.90923309326172,64.46820068359375,81.97930145263672,92.90923309326172,102.57437896728516,124.75812530517578,2026-03-21,2026-04-18,nf_nhits
48,2026-03-21,2026-03-28,1,1,353.0908203125,353.0908203125,288.5992736816406,334.8184509277344,353.0908203125,376.4549865722656,417.14739990234375,2026-03-21,2026-03-28,nf_nhits
48,2026-03-21,2026-04-04,2,2,299.1418151855469,299.1418151855469,226.22991943359375,280.8323974609375,299.1418151855469,327.7828674316406,378.7555236816406,2026-03-21,2026-04-04,nf_nhits
48,2026-03-21,2026-04-11,3,3,252.34591674804688,252.34591674804688,177.71856689453125,229.2510986328125,252.34591674804688,284.4209289550781,342.1930236816406,2026-03-21,2026-04-11,nf_nhits
48,2026-03-21,2026-04-18,4,4,217.91131591796875,217.91131591796875,135.7388916015625,191.94520568847656,217.91131591796875,242.52442932128906,306.84429931640625,2026-03-21,2026-04-18,nf_nhits
49,2026-03-21,2026-03-28,1,1,44.312320709228516,44.312320709228516,36.74030685424805,42.069664001464844,44.312320709228516,47.612525939941406,52.724544525146484,2026-03-21,2026-03-28,nf_nhits
49,2026-03-21,2026-04-04,2,2,42.64433288574219,42.64433288574219,33.85082244873047,39.07289123535156,42.64433288574219,45.815731048583984,52.34031295776367,2026-03-21,2026-04-04,nf_nhits
49,2026-03-21,2026-04-11,3,3,39.414207458496094,39.414207458496094,30.64772605895996,35.85783767700195,39.414207458496094,43.10282516479492,50.384254455566406,2026-03-21,2026-04-11,nf_nhits
49,2026-03-21,2026-04-18,4,4,37.89899826049805,37.89899826049805,28.650484085083008,33.89773941040039,37.89899826049805,41.184722900390625,48.63764190673828,2026-03-21,2026-04-18,nf_nhits
50,2026-03-21,2026-03-28,1,1,3.8453986644744873,3.8453986644744873,2.170543670654297,3.2148704528808594,3.8453986644744873,5.098658561706543,6.179913520812988,2026-03-21,2026-03-28,nf_nhits
50,2026-03-21,2026-04-04,2,2,3.015434741973877,3.015434741973877,1.154489278793335,2.2022452354431152,3.015434741973877,4.27054500579834,5.754390716552734,2026-03-21,2026-04-04,nf_nhits
50,2026-03-21,2026-04-11,3,3,2.310783863067627,2.310783863067627,0.5214331746101379,1.5474821329116821,2.310783863067627,3.5754292011260986,4.981138229370117,2026-03-21,2026-04-11,nf_nhits
50,2026-03-21,2026-04-18,4,4,2.0165162086486816,2.0165162086486816,0.0,1.0792126655578613,2.0165162086486816,3.098228931427002,4.433851718902588,2026-03-21,2026-04-18,nf_nhits
51,2026-03-21,2026-03-28,1,1,72.36737060546875,72.36737060546875,54.5748176574707,69.08688354492188,72.36737060546875,79.9133071899414,89.21158599853516,2026-03-21,2026-03-28,nf_nhits
51,2026-03-21,2026-04-04,2,2,68.4820327758789,68.4820327758789,47.83588790893555,62.71305847167969,68.4820327758789,75.16551971435547,88.93524932861328,2026-03-21,2026-04-04,nf_nhits
51,2026-03-21,2026-04-11,3,3,62.17030334472656,62.17030334472656,39.678871154785156,56.55594253540039,62.17030334472656,71.34716033935547,84.60862731933594,2026-03-21,2026-04-11,nf_nhits
51,2026-03-21,2026-04-18,4,4,58.63030242919922,58.63030242919922,34.79927062988281,52.61534118652344,58.63030242919922,68.79911804199219,80.832275390625,2026-03-21,2026-04-18,nf_nhits
53,2026-03-21,2026-03-28,1,1,54.46288299560547,54.46288299560547,47.289310455322266,54.04109573364258,54.46288299560547,61.0924072265625,71.22733306884766,2026-03-21,2026-03-28,nf_nhits
53,2026-03-21,2026-04-04,2,2,41.31918716430664,41.31918716430664,33.98353576660156,41.24879455566406,41.31918716430664,49.17082214355469,61.52253723144531,2026-03-21,2026-04-04,nf_nhits
53,2026-03-21,2026-04-11,3,3,31.630998611450195,31.630998611450195,22.462129592895508,30.827356338500977,31.630998611450195,39.11558151245117,50.028324127197266,2026-03-21,2026-04-11,nf_nhits
53,2026-03-21,2026-04-18,4,4,25.360973358154297,25.360973358154297,13.016923904418945,23.116519927978516,25.360973358154297,31.73320770263672,39.947296142578125,2026-03-21,2026-04-18,nf_nhits
54,2026-03-21,2026-03-28,1,1,47.01793670654297,47.01793670654297,38.45378875732422,45.24974822998047,47.01793670654297,52.712554931640625,62.941429138183594,2026-03-21,2026-03-28,nf_nhits
54,2026-03-21,2026-04-04,2,2,38.84965515136719,38.84965515136719,29.903717041015625,37.163185119628906,38.84965515136719,44.615936279296875,56.63345718383789,2026-03-21,2026-04-04,nf_nhits
54,2026-03-21,2026-04-11,3,3,31.2469539642334,31.2469539642334,22.225997924804688,29.794361114501953,31.2469539642334,36.214786529541016,47.787174224853516,2026-03-21,2026-04-11,nf_nhits
54,2026-03-21,2026-04-18,4,4,26.55931854248047,26.55931854248047,15.645907402038574,24.389989852905273,26.55931854248047,30.16025733947754,41.20947265625,2026-03-21,2026-04-18,nf_nhits
55,2026-03-21,2026-03-28,1,1,118.12271118164062,118.12271118164062,97.35400390625,113.16780090332031,118.12271118164062,126.7486572265625,138.6288604736328,2026-03-21,2026-03-28,nf_nhits
55,2026-03-21,2026-04-04,2,2,111.93193054199219,111.93193054199219,87.09678649902344,103.77676391601562,111.93193054199219,120.1117935180664,136.4896240234375,2026-03-21,2026-04-04,nf_nhits
55,2026-03-21,2026-04-11,3,3,103.20808410644531,103.20808410644531,77.85347747802734,94.83891296386719,103.20808410644531,114.67478942871094,130.528564453125,2026-03-21,2026-04-11,nf_nhits
55,2026-03-21,2026-04-18,4,4,98.82267761230469,98.82267761230469,70.87745666503906,89.29155731201172,98.82267761230469,108.63408660888672,124.00605010986328,2026-03-21,2026-04-18,nf_nhits
56,2026-03-21,2026-03-28,1,1,11.765296936035156,11.765296936035156,8.918356895446777,10.64555835723877,11.765296936035156,13.265030860900879,14.85472297668457,2026-03-21,2026-03-28,nf_nhits
56,2026-03-21,2026-04-04,2,2,11.130291938781738,11.130291938781738,7.735045433044434,9.593681335449219,11.130291938781738,12.415019989013672,14.832538604736328,2026-03-21,2026-04-04,nf_nhits
56,2026-03-21,2026-04-11,3,3,10.09404182434082,10.09404182434082,6.567711353302002,8.316500663757324,10.09404182434082,11.669734954833984,14.411678314208984,2026-03-21,2026-04-11,nf_nhits
56,2026-03-21,2026-04-18,4,4,9.548273086547852,9.548273086547852,5.85765266418457,7.599679946899414,9.548273086547852,11.029044151306152,14.07535171508789,2026-03-21,2026-04-18,nf_nhits
72,2026-03-21,2026-03-28,1,1,141.11251831054688,141.11251831054688,110.34575653076172,129.2794952392578,141.11251831054688,150.78179931640625,171.1634521484375,2026-03-21,2026-03-28,nf_nhits
72,2026-03-21,2026-04-04,2,2,130.1395263671875,130.1395263671875,94.51433563232422,117.03077697753906,130.1395263671875,137.8028106689453,163.28561401367188,2026-03-21,2026-04-04,nf_nhits
72,2026-03-21,2026-04-11,3,3,116.52362823486328,116.52362823486328,82.57231903076172,101.83989715576172,116.52362823486328,130.9468536376953,159.91091918945312,2026-03-21,2026-04-11,nf_nhits
72,2026-03-21,2026-04-18,4,4,107.55890655517578,107.55890655517578,75.52873229980469,92.14073181152344,107.55890655517578,122.84693908691406,155.958251953125,2026-03-21,2026-04-18,nf_nhits
01,2026-04-18,2026-04-25,1,1,20.735048294067383,20.735048294067383,12.099750518798828,19.822879791259766,20.735048294067383,23.421546936035156,25.760284423828125,2026-04-18,2026-04-25,nf_nhits
01,2026-04-18,2026-05-02,2,2,15.780698776245117,15.780698776245117,6.896022319793701,14.583534240722656,15.780698776245117,16.69631004333496,22.71646499633789,2026-04-18,2026-05-02,nf_nhits
01,2026-04-18,2026-05-09,3,3,11.389627456665039,11.389627456665039,2.2917354106903076,9.293206214904785,11.389627456665039,15.165031433105469,18.807884216308594,2026-04-18,2026-05-09,nf_nhits
01,2026-04-18,2026-05-16,4,4,9.29578971862793,9.29578971862793,0.0,6.80556583404541,9.29578971862793,14.008136749267578,18.276687622070312,2026-04-18,2026-05-16,nf_nhits
02,2026-04-18,2026-04-25,1,1,2.007228136062622,2.007228136062622,0.0,0.9017621278762817,2.007228136062622,3.2546629905700684,4.881347179412842,2026-04-18,2026-04-25,nf_nhits
02,2026-04-18,2026-05-02,2,2,1.3528820276260376,1.3528820276260376,0.0,0.0,1.3528820276260376,2.6677565574645996,5.344629287719727,2026-04-18,2026-05-02,nf_nhits
02,2026-04-18,2026-05-09,3,3,0.31430065631866455,0.31430065631866455,0.0,0.0,0.31430065631866455,2.1503231525421143,4.93399715423584,2026-04-18,2026-05-09,nf_nhits
02,2026-04-18,2026-05-16,4,4,0.0,0.0,0.0,0.0,0.0,1.4089267253875732,5.148224830627441,2026-04-18,2026-05-16,nf_nhits
04,2026-04-18,2026-04-25,1,1,47.65729522705078,47.65729522705078,38.94147491455078,46.781890869140625,47.65729522705078,51.50895309448242,58.82514572143555,2026-04-18,2026-04-25,nf_nhits
04,2026-04-18,2026-05-02,2,2,38.11344528198242,38.11344528198242,26.768569946289062,36.051025390625,38.11344528198242,39.11563491821289,49.76926040649414,2026-04-18,2026-05-02,nf_nhits
04,2026-04-18,2026-05-09,3,3,29.813779830932617,29.813779830932617,19.097061157226562,27.885957717895508,29.813779830932617,35.38871765136719,41.98894119262695,2026-04-18,2026-05-09,nf_nhits
04,2026-04-18,2026-05-16,4,4,23.86475944519043,23.86475944519043,7.906206130981445,22.720582962036133,23.86475944519043,32.172428131103516,35.580780029296875,2026-04-18,2026-05-16,nf_nhits
05,2026-04-18,2026-04-25,1,1,0.0,0.0,0.0,0.0,0.0,1.3893060684204102,2.6062023639678955,2026-04-18,2026-04-25,nf_nhits
05,2026-04-18,2026-05-02,2,2,0.0,0.0,0.0,0.0,0.0,0.0,0.924042820930481,2026-04-18,2026-05-02,nf_nhits
05,2026-04-18,2026-05-09,3,3,0.0,0.0,0.0,0.0,0.0,0.0,0.0,2026-04-18,2026-05-09,nf_nhits
05,2026-04-18,2026-05-16,4,4,0.0,0.0,0.0,0.0,0.0,0.0,0.0,2026-04-18,2026-05-16,nf_nhits
06,2026-04-18,2026-04-25,1,1,158.6248321533203,158.6248321533203,125.76304626464844,155.7885284423828,158.6248321533203,165.16619873046875,184.54013061523438,2026-04-18,2026-04-25,nf_nhits
06,2026-04-18,2026-05-02,2,2,128.4717254638672,128.4717254638672,92.70249938964844,128.03396606445312,128.4717254638672,128.94276428222656,153.90235900878906,2026-04-18,2026-05-02,nf_nhits
06,2026-04-18,2026-05-09,3,3,107.28739166259766,107.28739166259766,71.55766296386719,103.95204162597656,107.28739166259766,116.060546875,128.23304748535156,2026-04-18,2026-05-09,nf_nhits
06,2026-04-18,2026-05-16,4,4,93.1148681640625,93.1148681640625,37.10374450683594,89.17037963867188,93.1148681640625,105.69224548339844,113.09591674804688,2026-04-18,2026-05-16,nf_nhits
08,2026-04-18,2026-04-25,1,1,17.0301570892334,17.0301570892334,4.008403301239014,12.909568786621094,17.0301570892334,19.50362205505371,26.32737159729004,2026-04-18,2026-04-25,nf_nhits
08,2026-04-18,2026-05-02,2,2,15.968395233154297,15.968395233154297,0.0,8.467910766601562,15.968395233154297,18.71340560913086,27.710105895996094,2026-04-18,2026-05-02,nf_nhits
08,2026-04-18,2026-05-09,3,3,12.117488861083984,12.117488861083984,0.0,5.8198370933532715,12.117488861083984,18.36606216430664,23.921184539794922,2026-04-18,2026-05-09,nf_nhits
08,2026-04-18,2026-05-16,4,4,9.229183197021484,9.229183197021484,0.0,3.5175552368164062,9.229183197021484,17.243942260742188,25.306102752685547,2026-04-18,2026-05-16,nf_nhits
09,2026-04-18,2026-04-25,1,1,33.89260482788086,33.89260482788086,21.885713577270508,30.02638053894043,33.89260482788086,36.17683029174805,44.08834457397461,2026-04-18,2026-04-25,nf_nhits
09,2026-04-18,2026-05-02,2,2,32.941558837890625,32.941558837890625,16.457735061645508,26.141016006469727,32.941558837890625,36.23739242553711,47.43506622314453,2026-04-18,2026-05-02,nf_nhits
09,2026-04-18,2026-05-09,3,3,30.848102569580078,30.848102569580078,12.380003929138184,24.428932189941406,30.848102569580078,36.88017272949219,45.048431396484375,2026-04-18,2026-05-09,nf_nhits
09,2026-04-18,2026-05-16,4,4,28.79115867614746,28.79115867614746,9.71008014678955,22.926311492919922,28.79115867614746,36.35694885253906,47.686424255371094,2026-04-18,2026-05-16,nf_nhits
10,2026-04-18,2026-04-25,1,1,0.839008629322052,0.839008629322052,0.0,0.0,0.839008629322052,2.3030970096588135,2.9224939346313477,2026-04-18,2026-04-25,nf_nhits
10,2026-04-18,2026-05-02,2,2,0.0651448667049408,0.0651448667049408,0.0,0.0,0.0651448667049408,0.9843106269836426,3.0160155296325684,2026-04-18,2026-05-02,nf_nhits
10,2026-04-18,2026-05-09,3,3,0.0,0.0,0.0,0.0,0.0,0.4857693910598755,2.15712833404541,2026-04-18,2026-05-09,nf_nhits
10,2026-04-18,2026-05-16,4,4,0.0,0.0,0.0,0.0,0.0,0.0,2.2814579010009766,2026-04-18,2026-05-16,nf_nhits
11,2026-04-18,2026-04-25,1,1,5.0685882568359375,5.0685882568359375,2.57173752784729,4.133876800537109,5.0685882568359375,5.997540473937988,6.941629409790039,2026-04-18,2026-04-25,nf_nhits
11,2026-04-18,2026-05-02,2,2,4.855565547943115,4.855565547943115,2.0127429962158203,3.529484510421753,4.855565547943115,5.7625041007995605,7.4415082931518555,2026-04-18,2026-05-02,nf_nhits
11,2026-04-18,2026-05-09,3,3,4.6455841064453125,4.6455841064453125,1.5028634071350098,3.192952871322632,4.6455841064453125,5.654645919799805,7.087874412536621,2026-04-18,2026-05-09,nf_nhits
11,2026-04-18,2026-05-16,4,4,4.364608287811279,4.364608287811279,1.1111854314804077,2.91957950592041,4.364608287811279,5.5933518409729,7.475917816162109,2026-04-18,2026-05-16,nf_nhits
12,2026-04-18,2026-04-25,1,1,142.31239318847656,142.31239318847656,107.00205993652344,137.48655700683594,142.31239318847656,150.66416931152344,170.0692596435547,2026-04-18,2026-04-25,nf_nhits
12,2026-04-18,2026-05-02,2,2,117.88409423828125,117.88409423828125,77.20913696289062,115.63995361328125,117.88409423828125,118.61773681640625,146.9934844970703,2026-04-18,2026-05-02,nf_nhits
12,2026-04-18,2026-05-09,3,3,96.23475646972656,96.23475646972656,55.95940399169922,91.80314636230469,96.23475646972656,110.29095458984375,125.81661224365234,2026-04-18,2026-05-09,nf_nhits
12,2026-04-18,2026-05-16,4,4,88.37614440917969,88.37614440917969,22.33816909790039,79.08551025390625,88.37614440917969,107.37965393066406,123.56861877441406,2026-04-18,2026-05-16,nf_nhits
13,2026-04-18,2026-04-25,1,1,29.289125442504883,29.289125442504883,4.960000991821289,23.49226188659668,29.289125442504883,34.80306625366211,43.24116134643555,2026-04-18,2026-04-25,nf_nhits
13,2026-04-18,2026-05-02,2,2,23.719938278198242,23.719938278198242,0.0,11.717262268066406,23.719938278198242,29.25514030456543,44.357540130615234,2026-04-18,2026-05-02,nf_nhits
13,2026-04-18,2026-05-09,3,3,12.7795991897583,12.7795991897583,0.0,1.7390624284744263,12.7795991897583,26.23049545288086,39.395538330078125,2026-04-18,2026-05-09,nf_nhits
13,2026-04-18,2026-05-16,4,4,8.572964668273926,8.572964668273926,0.0,0.0,8.572964668273926,23.9271297454834,41.66686248779297,2026-04-18,2026-05-16,nf_nhits
15,2026-04-18,2026-04-25,1,1,3.865039825439453,3.865039825439453,1.6473761796951294,3.0838680267333984,3.865039825439453,4.790959358215332,5.518984794616699,2026-04-18,2026-04-25,nf_nhits
15,2026-04-18,2026-05-02,2,2,3.7766382694244385,3.7766382694244385,0.9867151975631714,2.5287423133850098,3.7766382694244385,4.525134563446045,5.989119529724121,2026-04-18,2026-05-02,nf_nhits
15,2026-04-18,2026-05-09,3,3,3.688333511352539,3.688333511352539,0.5804873108863831,2.2537147998809814,3.688333511352539,4.451344013214111,5.581176280975342,2026-04-18,2026-05-09,nf_nhits
15,2026-04-18,2026-05-16,4,4,3.1978259086608887,3.1978259086608887,0.2123597264289856,1.993764877319336,3.1978259086608887,4.26163387298584,5.914083957672119,2026-04-18,2026-05-16,nf_nhits
16,2026-04-18,2026-04-25,1,1,2.1560919284820557,2.1560919284820557,0.0,1.0515167713165283,2.1560919284820557,4.511358737945557,8.217687606811523,2026-04-18,2026-04-25,nf_nhits
16,2026-04-18,2026-05-02,2,2,0.0,0.0,0.0,0.0,0.0,0.0,4.840383529663086,2026-04-18,2026-05-02,nf_nhits
16,2026-04-18,2026-05-09,3,3,0.0,0.0,0.0,0.0,0.0,0.0,1.4194355010986328,2026-04-18,2026-05-09,nf_nhits
16,2026-04-18,2026-05-16,4,4,0.0,0.0,0.0,0.0,0.0,0.0,0.0,2026-04-18,2026-05-16,nf_nhits
17,2026-04-18,2026-04-25,1,1,69.17797088623047,69.17797088623047,39.18435287475586,65.26715087890625,69.17797088623047,80.84463500976562,92.7544174194336,2026-04-18,2026-04-25,nf_nhits
17,2026-04-18,2026-05-02,2,2,54.73845291137695,54.73845291137695,15.68978500366211,41.84972381591797,54.73845291137695,62.6630973815918,83.5719985961914,2026-04-18,2026-05-02,nf_nhits
17,2026-04-18,2026-05-09,3,3,35.89089584350586,35.89089584350586,0.0,21.164642333984375,35.89089584350586,52.528717041015625,71.18655395507812,2026-04-18,2026-05-09,nf_nhits
17,2026-04-18,2026-05-16,4,4,23.84263801574707,23.84263801574707,0.0,9.107258796691895,23.84263801574707,43.138771057128906,70.0452880859375,2026-04-18,2026-05-16,nf_nhits
18,2026-04-18,2026-04-25,1,1,26.654064178466797,26.654064178466797,9.154706954956055,24.21508026123047,26.654064178466797,33.273929595947266,44.43592071533203,2026-04-18,2026-04-25,nf_nhits
18,2026-04-18,2026-05-02,2,2,16.94366455078125,16.94366455078125,0.0,10.37919807434082,16.94366455078125,21.792200088500977,37.642822265625,2026-04-18,2026-05-02,nf_nhits
18,2026-04-18,2026-05-09,3,3,3.607714891433716,3.607714891433716,0.0,0.0,3.607714891433716,14.724350929260254,28.759775161743164,2026-04-18,2026-05-09,nf_nhits
18,2026-04-18,2026-05-16,4,4,0.0,0.0,0.0,0.0,0.0,9.950445175170898,26.751625061035156,2026-04-18,2026-05-16,nf_nhits
19,2026-04-18,2026-04-25,1,1,12.33536434173584,12.33536434173584,6.42668342590332,12.266602516174316,12.33536434173584,14.06442928314209,15.709197998046875,2026-04-18,2026-04-25,nf_nhits
19,2026-04-18,2026-05-02,2,2,8.301816940307617,8.301816940307617,1.9420900344848633,7.177124977111816,8.301816940307617,8.915861129760742,12.512187957763672,2026-04-18,2026-05-02,nf_nhits
19,2026-04-18,2026-05-09,3,3,5.039668083190918,5.039668083190918,0.0,2.9338858127593994,5.039668083190918,7.085254669189453,9.037368774414062,2026-04-18,2026-05-09,nf_nhits
19,2026-04-18,2026-05-16,4,4,2.913423538208008,2.913423538208008,0.0,0.557715892791748,2.913423538208008,5.834687232971191,7.775242805480957,2026-04-18,2026-05-16,nf_nhits
20,2026-04-18,2026-04-25,1,1,4.669648170471191,4.669648170471191,0.25778669118881226,4.15451192855835,4.669648170471191,5.806425094604492,6.855010509490967,2026-04-18,2026-04-25,nf_nhits
20,2026-04-18,2026-05-02,2,2,1.7102543115615845,1.7102543115615845,0.0,1.0332577228546143,1.7102543115615845,2.2975165843963623,5.331615447998047,2026-04-18,2026-05-02,nf_nhits
20,2026-04-18,2026-05-09,3,3,0.010740578174591064,0.010740578174591064,0.0,0.0,0.010740578174591064,1.5525872707366943,2.8697495460510254,2026-04-18,2026-05-09,nf_nhits
20,2026-04-18,2026-05-16,4,4,0.0,0.0,0.0,0.0,0.0,1.0728206634521484,2.4124999046325684,2026-04-18,2026-05-16,nf_nhits
21,2026-04-18,2026-04-25,1,1,21.615737915039062,21.615737915039062,7.490939140319824,19.528831481933594,21.615737915039062,27.64263343811035,37.550411224365234,2026-04-18,2026-04-25,nf_nhits
21,2026-04-18,2026-05-02,2,2,11.265223503112793,11.265223503112793,0.0,6.114316463470459,11.265223503112793,16.157054901123047,29.038803100585938,2026-04-18,2026-05-02,nf_nhits
21,2026-04-18,2026-05-09,3,3,0.0,0.0,0.0,0.0,0.0,8.505008697509766,20.40254020690918,2026-04-18,2026-05-09,nf_nhits
21,2026-04-18,2026-05-16,4,4,0.0,0.0,0.0,0.0,0.0,3.2272958755493164,16.344432830810547,2026-04-18,2026-05-16,nf_nhits
22,2026-04-18,2026-04-25,1,1,13.938755989074707,13.938755989074707,4.4779052734375,13.11583423614502,13.938755989074707,17.912029266357422,21.274560928344727,2026-04-18,2026-04-25,nf_nhits
22,2026-04-18,2026-05-02,2,2,9.855707168579102,9.855707168579102,0.0,6.963042259216309,9.855707168579102,11.425863265991211,18.934389114379883,2026-04-18,2026-05-02,nf_nhits
22,2026-04-18,2026-05-09,3,3,5.007667064666748,5.007667064666748,0.0,0.6848855018615723,5.007667064666748,9.884645462036133,15.231359481811523,2026-04-18,2026-05-09,nf_nhits
22,2026-04-18,2026-05-16,4,4,2.2089381217956543,2.2089381217956543,0.0,0.0,2.2089381217956543,9.063982009887695,16.126567840576172,2026-04-18,2026-05-16,nf_nhits
23,2026-04-18,2026-04-25,1,1,2.6183836460113525,2.6183836460113525,0.0,1.8374265432357788,2.6183836460113525,4.029386520385742,4.802182674407959,2026-04-18,2026-04-25,nf_nhits
23,2026-04-18,2026-05-02,2,2,1.5912494659423828,1.5912494659423828,0.0,0.0,1.5912494659423828,2.5501677989959717,4.629566669464111,2026-04-18,2026-05-02,nf_nhits
23,2026-04-18,2026-05-09,3,3,0.1979375183582306,0.1979375183582306,0.0,0.0,0.1979375183582306,2.059253454208374,3.8128182888031006,2026-04-18,2026-05-09,nf_nhits
23,2026-04-18,2026-05-16,4,4,0.0,0.0,0.0,0.0,0.0,1.3393913507461548,3.953461170196533,2026-04-18,2026-05-16,nf_nhits
24,2026-04-18,2026-04-25,1,1,6.9630255699157715,6.9630255699157715,0.0,5.021254062652588,6.9630255699157715,9.868368148803711,12.710966110229492,2026-04-18,2026-04-25,nf_nhits
24,2026-04-18,2026-05-02,2,2,5.7646636962890625,5.7646636962890625,0.0,0.9720131158828735,5.7646636962890625,8.753167152404785,14.501375198364258,2026-04-18,2026-05-02,nf_nhits
24,2026-04-18,2026-05-09,3,3,4.141414642333984,4.141414642333984,0.0,0.0,4.141414642333984,8.023571014404297,11.087225914001465,2026-04-18,2026-05-09,nf_nhits
24,2026-04-18,2026-05-16,4,4,3.639244794845581,3.639244794845581,0.0,0.0,3.639244794845581,7.602008819580078,12.870464324951172,2026-04-18,2026-05-16,nf_nhits
25,2026-04-18,2026-04-25,1,1,43.97711944580078,43.97711944580078,24.92445945739746,39.415924072265625,43.97711944580078,47.30545425415039,54.196346282958984,2026-04-18,2026-04-25,nf_nhits
25,2026-04-18,2026-05-02,2,2,41.24068832397461,41.24068832397461,18.888286590576172,31.574525833129883,41.24068832397461,44.35501480102539,57.70185852050781,2026-04-18,2026-05-02,nf_nhits
25,2026-04-18,2026-05-09,3,3,35.11653137207031,35.11653137207031,12.822269439697266,27.585203170776367,35.11653137207031,42.677337646484375,52.7039680480957,2026-04-18,2026-05-09,nf_nhits
25,2026-04-18,2026-05-16,4,4,33.31238555908203,33.31238555908203,8.137374877929688,23.176794052124023,33.31238555908203,41.023529052734375,56.663169860839844,2026-04-18,2026-05-16,nf_nhits
26,2026-04-18,2026-04-25,1,1,38.808536529541016,38.808536529541016,14.880745887756348,34.00030517578125,38.808536529541016,46.374359130859375,57.2838249206543,2026-04-18,2026-04-25,nf_nhits
26,2026-04-18,2026-05-02,2,2,28.03464698791504,28.03464698791504,0.0,16.51028823852539,28.03464698791504,35.09353256225586,51.231117248535156,2026-04-18,2026-05-02,nf_nhits
26,2026-04-18,2026-05-09,3,3,12.414848327636719,12.414848327636719,0.0,1.0408992767333984,12.414848327636719,25.935537338256836,41.370277404785156,2026-04-18,2026-05-09,nf_nhits
26,2026-04-18,2026-05-16,4,4,3.133354425430298,3.133354425430298,0.0,0.0,3.133354425430298,18.3529052734375,39.59480285644531,2026-04-18,2026-05-16,nf_nhits
27,2026-04-18,2026-04-25,1,1,19.88689422607422,19.88689422607422,2.3012688159942627,15.212021827697754,19.88689422607422,23.45806121826172,28.356712341308594,2026-04-18,2026-04-25,nf_nhits
27,2026-04-18,2026-05-02,2,2,16.024534225463867,16.024534225463867,0.0,6.801013946533203,16.024534225463867,19.743305206298828,29.833389282226562,2026-04-18,2026-05-02,nf_nhits
27,2026-04-18,2026-05-09,3,3,8.772165298461914,8.772165298461914,0.0,0.7614902257919312,8.772165298461914,17.193071365356445,24.013193130493164,2026-04-18,2026-05-09,nf_nhits
27,2026-04-18,2026-05-16,4,4,4.590451240539551,4.590451240539551,0.0,0.0,4.590451240539551,15.57531452178955,26.105606079101562,2026-04-18,2026-05-16,nf_nhits
28,2026-04-18,2026-04-25,1,1,10.061275482177734,10.061275482177734,5.949744701385498,9.791642189025879,10.061275482177734,11.796846389770508,13.774959564208984,2026-04-18,2026-04-25,nf_nhits
28,2026-04-18,2026-05-02,2,2,7.117144584655762,7.117144584655762,2.3833415508270264,6.720411777496338,7.117144584655762,7.420097351074219,11.318694114685059,2026-04-18,2026-05-02,nf_nhits
28,2026-04-18,2026-05-09,3,3,4.781703472137451,4.781703472137451,0.0,3.685886859893799,4.781703472137451,6.966131210327148,8.748801231384277,2026-04-18,2026-05-09,nf_nhits
28,2026-04-18,2026-05-16,4,4,3.429969310760498,3.429969310760498,0.0,2.3251171112060547,3.429969310760498,7.2040019035339355,8.689265251159668,2026-04-18,2026-05-16,nf_nhits
29,2026-04-18,2026-04-25,1,1,15.44668960571289,15.44668960571289,2.204730272293091,14.842248916625977,15.44668960571289,18.886518478393555,22.59672737121582,2026-04-18,2026-04-25,nf_nhits
29,2026-04-18,2026-05-02,2,2,6.274248123168945,6.274248123168945,0.0,3.6701931953430176,6.274248123168945,7.312038421630859,16.62270736694336,2026-04-18,2026-05-02,nf_nhits
29,2026-04-18,2026-05-09,3,3,0.0,0.0,0.0,0.0,0.0,4.572166919708252,9.86549186706543,2026-04-18,2026-05-09,nf_nhits
29,2026-04-18,2026-05-16,4,4,0.0,0.0,0.0,0.0,0.0,1.5453500747680664,8.650249481201172,2026-04-18,2026-05-16,nf_nhits
30,2026-04-18,2026-04-25,1,1,2.8883397579193115,2.8883397579193115,0.0,2.284449815750122,2.8883397579193115,4.253802299499512,5.89989709854126,2026-04-18,2026-04-25,nf_nhits
30,2026-04-18,2026-05-02,2,2,0.5640435218811035,0.5640435218811035,0.0,0.0,0.5640435218811035,1.58773672580719,4.207258701324463,2026-04-18,2026-05-02,nf_nhits
30,2026-04-18,2026-05-09,3,3,0.0,0.0,0.0,0.0,0.0,0.41084372997283936,2.6720733642578125,2026-04-18,2026-05-09,nf_nhits
30,2026-04-18,2026-05-16,4,4,0.0,0.0,0.0,0.0,0.0,0.0,1.9719767570495605,2026-04-18,2026-05-16,nf_nhits
31,2026-04-18,2026-04-25,1,1,6.632805824279785,6.632805824279785,3.417762279510498,6.550578594207764,6.632805824279785,7.987320899963379,8.815563201904297,2026-04-18,2026-04-25,nf_nhits
31,2026-04-18,2026-05-02,2,2,4.657116413116455,4.657116413116455,1.0826976299285889,3.922545909881592,4.657116413116455,5.181969165802002,7.354884624481201,2026-04-18,2026-05-02,nf_nhits
31,2026-04-18,2026-05-09,3,3,3.0405349731445312,3.0405349731445312,0.0,1.821529507637024,3.0405349731445312,4.447605133056641,5.528302192687988,2026-04-18,2026-05-09,nf_nhits
31,2026-04-18,2026-05-16,4,4,2.087026596069336,2.087026596069336,0.0,0.6869778633117676,2.087026596069336,3.9436283111572266,4.959006309509277,2026-04-18,2026-05-16,nf_nhits
32,2026-04-18,2026-04-25,1,1,14.602455139160156,14.602455139160156,8.223331451416016,13.240257263183594,14.602455139160156,17.528322219848633,21.745075225830078,2026-04-18,2026-04-25,nf_nhits
32,2026-04-18,2026-05-02,2,2,10.517366409301758,10.517366409301758,2.2185254096984863,7.959197044372559,10.517366409301758,12.878707885742188,19.148042678833008,2026-04-18,2026-05-02,nf_nhits
32,2026-04-18,2026-05-09,3,3,6.342755317687988,6.342755317687988,0.0,3.0487418174743652,6.342755317687988,10.13163948059082,16.0454044342041,2026-04-18,2026-05-09,nf_nhits
32,2026-04-18,2026-05-16,4,4,3.453991174697876,3.453991174697876,0.0,0.32126855850219727,3.453991174697876,8.170022010803223,14.398743629455566,2026-04-18,2026-05-16,nf_nhits
33,2026-04-18,2026-04-25,1,1,8.639954566955566,8.639954566955566,3.527559280395508,7.505239009857178,8.639954566955566,10.244261741638184,11.403366088867188,2026-04-18,2026-04-25,nf_nhits
33,2026-04-18,2026-05-02,2,2,7.446732521057129,7.446732521057129,1.6259009838104248,5.079148292541504,7.446732521057129,8.705845832824707,11.535213470458984,2026-04-18,2026-05-02,nf_nhits
33,2026-04-18,2026-05-09,3,3,5.889962196350098,5.889962196350098,0.0,2.9958436489105225,5.889962196350098,8.056253433227539,10.362358093261719,2026-04-18,2026-05-09,nf_nhits
33,2026-04-18,2026-05-16,4,4,4.588045120239258,4.588045120239258,0.0,1.7272772789001465,4.588045120239258,7.069591522216797,10.498639106750488,2026-04-18,2026-05-16,nf_nhits
34,2026-04-18,2026-04-25,1,1,25.411653518676758,25.411653518676758,0.374653697013855,19.062501907348633,25.411653518676758,31.64331817626953,40.517513275146484,2026-04-18,2026-04-25,nf_nhits
34,2026-04-18,2026-05-02,2,2,20.956592559814453,20.956592559814453,0.0,7.964508533477783,20.956592559814453,26.811260223388672,42.82655334472656,2026-04-18,2026-05-02,nf_nhits
34,2026-04-18,2026-05-09,3,3,11.892190933227539,11.892190933227539,0.0,1.1286284923553467,11.892190933227539,23.707923889160156,33.22068786621094,2026-04-18,2026-05-09,nf_nhits
34,2026-04-18,2026-05-16,4,4,7.26824951171875,7.26824951171875,0.0,0.0,7.26824951171875,22.50963592529297,36.5404167175293,2026-04-18,2026-05-16,nf_nhits
35,2026-04-18,2026-04-25,1,1,8.597220420837402,8.597220420837402,0.8436502814292908,6.927099227905273,8.597220420837402,10.546112060546875,12.797853469848633,2026-04-18,2026-04-25,nf_nhits
35,2026-04-18,2026-05-02,2,2,6.565335273742676,6.565335273742676,0.0,2.84340763092041,6.565335273742676,8.10088062286377,12.938067436218262,2026-04-18,2026-05-02,nf_nhits
35,2026-04-18,2026-05-09,3,3,3.3331298828125,3.3331298828125,0.0,0.0,3.3331298828125,6.881959915161133,10.891464233398438,2026-04-18,2026-05-09,nf_nhits
35,2026-04-18,2026-05-16,4,4,1.677488088607788,1.677488088607788,0.0,0.0,1.677488088607788,6.144210338592529,11.302080154418945,2026-04-18,2026-05-16,nf_nhits
36,2026-04-18,2026-04-25,1,1,132.39227294921875,132.39227294921875,71.16699981689453,113.21563720703125,132.39227294921875,141.9440155029297,184.67320251464844,2026-04-18,2026-04-25,nf_nhits
36,2026-04-18,2026-05-02,2,2,127.01029968261719,127.01029968261719,43.83514404296875,94.23535919189453,127.01029968261719,143.7685089111328,197.02597045898438,2026-04-18,2026-05-02,nf_nhits
36,2026-04-18,2026-05-09,3,3,114.80364227294922,114.80364227294922,22.945507049560547,87.28953552246094,114.80364227294922,144.67787170410156,180.5808868408203,2026-04-18,2026-05-09,nf_nhits
36,2026-04-18,2026-05-16,4,4,104.8310317993164,104.8310317993164,10.1017427444458,80.9764404296875,104.8310317993164,142.52947998046875,189.848876953125,2026-04-18,2026-05-16,nf_nhits
37,2026-04-18,2026-04-25,1,1,13.332564353942871,13.332564353942871,0.0,4.133760929107666,13.332564353942871,18.972930908203125,33.390933990478516,2026-04-18,2026-04-25,nf_nhits
37,2026-04-18,2026-05-02,2,2,8.875702857971191,8.875702857971191,0.0,0.0,8.875702857971191,18.43680763244629,40.525978088378906,2026-04-18,2026-05-02,nf_nhits
37,2026-04-18,2026-05-09,3,3,0.0,0.0,0.0,0.0,0.0,17.480911254882812,29.339458465576172,2026-04-18,2026-05-09,nf_nhits
37,2026-04-18,2026-05-16,4,4,0.0,0.0,0.0,0.0,0.0,18.14240074157715,36.003482818603516,2026-04-18,2026-05-16,nf_nhits
38,2026-04-18,2026-04-25,1,1,9.312661170959473,9.312661170959473,5.26930570602417,8.223209381103516,9.312661170959473,10.625682830810547,12.16589641571045,2026-04-18,2026-04-25,nf_nhits
38,2026-04-18,2026-05-02,2,2,7.798951625823975,7.798951625823975,2.6521103382110596,5.757556915283203,7.798951625823975,9.42148208618164,12.031211853027344,2026-04-18,2026-05-02,nf_nhits
38,2026-04-18,2026-05-09,3,3,6.352797508239746,6.352797508239746,0.7313456535339355,3.6392159461975098,6.352797508239746,7.97426176071167,10.79179859161377,2026-04-18,2026-05-09,nf_nhits
38,2026-04-18,2026-05-16,4,4,4.777000427246094,4.777000427246094,0.0,2.558835029602051,4.777000427246094,6.84959077835083,10.580148696899414,2026-04-18,2026-05-16,nf_nhits
39,2026-04-18,2026-04-25,1,1,12.808148384094238,12.808148384094238,0.0,8.407153129577637,12.808148384094238,21.889575958251953,31.752315521240234,2026-04-18,2026-04-25,nf_nhits
39,2026-04-18,2026-05-02,2,2,1.4220771789550781,1.4220771789550781,0.0,0.0,1.4220771789550781,5.688195705413818,27.332000732421875,2026-04-18,2026-05-02,nf_nhits
39,2026-04-18,2026-05-09,3,3,0.0,0.0,0.0,0.0,0.0,0.0,17.41374969482422,2026-04-18,2026-05-09,nf_nhits
39,2026-04-18,2026-05-16,4,4,0.0,0.0,0.0,0.0,0.0,0.0,17.11798095703125,2026-04-18,2026-05-16,nf_nhits
40,2026-04-18,2026-04-25,1,1,5.774168968200684,5.774168968200684,1.2410346269607544,4.944641590118408,5.774168968200684,6.7710747718811035,9.634729385375977,2026-04-18,2026-04-25,nf_nhits
40,2026-04-18,2026-05-02,2,2,2.4720396995544434,2.4720396995544434,0.0,2.125256061553955,2.4720396995544434,3.0315775871276855,7.094137191772461,2026-04-18,2026-05-02,nf_nhits
40,2026-04-18,2026-05-09,3,3,0.06114304065704346,0.06114304065704346,0.0,0.0,0.06114304065704346,2.486717939376831,4.4429497718811035,2026-04-18,2026-05-09,nf_nhits
40,2026-04-18,2026-05-16,4,4,0.0,0.0,0.0,0.0,0.0,2.3568191528320312,3.6329455375671387,2026-04-18,2026-05-16,nf_nhits
41,2026-04-18,2026-04-25,1,1,9.163641929626465,9.163641929626465,1.0857765674591064,7.796022415161133,9.163641929626465,11.148249626159668,16.490270614624023,2026-04-18,2026-04-25,nf_nhits
41,2026-04-18,2026-05-02,2,2,6.833981037139893,6.833981037139893,0.0,5.010807037353516,6.833981037139893,10.10312557220459,16.645097732543945,2026-04-18,2026-05-02,nf_nhits
41,2026-04-18,2026-05-09,3,3,4.930272102355957,4.930272102355957,0.0,3.3774261474609375,4.930272102355957,8.25526237487793,15.929915428161621,2026-04-18,2026-05-09,nf_nhits
41,2026-04-18,2026-05-16,4,4,4.765134811401367,4.765134811401367,0.0,3.673727512359619,4.765134811401367,9.010149002075195,15.72500991821289,2026-04-18,2026-05-16,nf_nhits
42,2026-04-18,2026-04-25,1,1,245.3184356689453,245.3184356689453,157.73094177246094,226.70938110351562,245.3184356689453,273.1376037597656,340.9432067871094,2026-04-18,2026-04-25,nf_nhits
42,2026-04-18,2026-05-02,2,2,174.57748413085938,174.57748413085938,58.47807312011719,143.12216186523438,174.57748413085938,210.78921508789062,293.9233703613281,2026-04-18,2026-05-02,nf_nhits
42,2026-04-18,2026-05-09,3,3,109.62548065185547,109.62548065185547,0.0,68.83856201171875,109.62548065185547,154.88746643066406,245.71372985839844,2026-04-18,2026-05-09,nf_nhits
42,2026-04-18,2026-05-16,4,4,59.09317398071289,59.09317398071289,0.0,28.784683227539062,59.09317398071289,116.30197143554688,210.04879760742188,2026-04-18,2026-05-16,nf_nhits
44,2026-04-18,2026-04-25,1,1,11.093120574951172,11.093120574951172,5.214269161224365,8.84917163848877,11.093120574951172,12.57107162475586,15.704133987426758,2026-04-18,2026-04-25,nf_nhits
44,2026-04-18,2026-05-02,2,2,10.347890853881836,10.347890853881836,3.398301124572754,7.177154541015625,10.347890853881836,12.157392501831055,17.00155258178711,2026-04-18,2026-05-02,nf_nhits
44,2026-04-18,2026-05-09,3,3,8.913773536682129,8.913773536682129,1.564038872718811,6.024962902069092,8.913773536682129,12.279195785522461,16.548503875732422,2026-04-18,2026-05-09,nf_nhits
44,2026-04-18,2026-05-16,4,4,7.8841471672058105,7.8841471672058105,0.28480076789855957,5.131520748138428,7.8841471672058105,12.210750579833984,17.845848083496094,2026-04-18,2026-05-16,nf_nhits
45,2026-04-18,2026-04-25,1,1,0.0,0.0,0.0,0.0,0.0,3.1591172218322754,5.532558441162109,2026-04-18,2026-04-25,nf_nhits
45,2026-04-18,2026-05-02,2,2,0.0,0.0,0.0,0.0,0.0,0.23025572299957275,6.341442108154297,2026-04-18,2026-05-02,nf_nhits
45,2026-04-18,2026-05-09,3,3,0.0,0.0,0.0,0.0,0.0,0.0,4.341062545776367,2026-04-18,2026-05-09,nf_nhits
45,2026-04-18,2026-05-16,4,4,0.0,0.0,0.0,0.0,0.0,0.0,5.575644493103027,2026-04-18,2026-05-16,nf_nhits
46,2026-04-18,2026-04-25,1,1,3.46593976020813,3.46593976020813,0.7888486981391907,2.8778958320617676,3.46593976020813,4.574748516082764,5.615720748901367,2026-04-18,2026-04-25,nf_nhits
46,2026-04-18,2026-05-02,2,2,1.8355534076690674,1.8355534076690674,0.0,1.1458110809326172,1.8355534076690674,2.7603511810302734,4.4091386795043945,2026-04-18,2026-05-02,nf_nhits
46,2026-04-18,2026-05-09,3,3,0.3891582489013672,0.3891582489013672,0.0,0.0,0.3891582489013672,1.7280410528182983,3.1028075218200684,2026-04-18,2026-05-09,nf_nhits
46,2026-04-18,2026-05-16,4,4,0.0,0.0,0.0,0.0,0.0,1.2087043523788452,2.5515193939208984,2026-04-18,2026-05-16,nf_nhits
47,2026-04-18,2026-04-25,1,1,33.222408294677734,33.222408294677734,16.219270706176758,30.849977493286133,33.222408294677734,40.74654006958008,51.05937576293945,2026-04-18,2026-04-25,nf_nhits
47,2026-04-18,2026-05-02,2,2,24.072965621948242,24.072965621948242,1.745650291442871,17.28451919555664,24.072965621948242,29.87857437133789,44.52531814575195,2026-04-18,2026-05-02,nf_nhits
47,2026-04-18,2026-05-09,3,3,12.507580757141113,12.507580757141113,0.0,4.423712730407715,12.507580757141113,23.50709342956543,36.7508430480957,2026-04-18,2026-05-09,nf_nhits
47,2026-04-18,2026-05-16,4,4,5.808554649353027,5.808554649353027,0.0,0.0,5.808554649353027,17.916759490966797,34.81440734863281,2026-04-18,2026-05-16,nf_nhits
48,2026-04-18,2026-04-25,1,1,92.43402099609375,92.43402099609375,54.88784408569336,88.91436767578125,92.43402099609375,106.47100830078125,122.9826431274414,2026-04-18,2026-04-25,nf_nhits
48,2026-04-18,2026-05-02,2,2,70.71080017089844,70.71080017089844,23.355573654174805,59.739559173583984,70.71080017089844,75.75215911865234,106.8978042602539,2026-04-18,2026-05-02,nf_nhits
48,2026-04-18,2026-05-09,3,3,49.82636642456055,49.82636642456055,2.2490978240966797,32.01066207885742,49.82636642456055,66.56254577636719,89.18077850341797,2026-04-18,2026-05-09,nf_nhits
48,2026-04-18,2026-05-16,4,4,36.51805114746094,36.51805114746094,0.0,18.51815414428711,36.51805114746094,60.264739990234375,87.64929962158203,2026-04-18,2026-05-16,nf_nhits
49,2026-04-18,2026-04-25,1,1,4.130420207977295,4.130420207977295,0.0,2.6941540241241455,4.130420207977295,5.3703131675720215,6.477462291717529,2026-04-18,2026-04-25,nf_nhits
49,2026-04-18,2026-05-02,2,2,3.2041940689086914,3.2041940689086914,0.0,0.7076674699783325,3.2041940689086914,4.38095760345459,7.05649471282959,2026-04-18,2026-05-02,nf_nhits
49,2026-04-18,2026-05-09,3,3,1.410435438156128,1.410435438156128,0.0,0.0,1.410435438156128,3.8614351749420166,5.701879978179932,2026-04-18,2026-05-09,nf_nhits
49,2026-04-18,2026-05-16,4,4,0.6581100225448608,0.6581100225448608,0.0,0.0,0.6581100225448608,3.3869314193725586,6.316063404083252,2026-04-18,2026-05-16,nf_nhits
50,2026-04-18,2026-04-25,1,1,2.229015588760376,2.229015588760376,0.27179718017578125,1.5996758937835693,2.229015588760376,3.3105051517486572,4.152756214141846,2026-04-18,2026-04-25,nf_nhits
50,2026-04-18,2026-05-02,2,2,1.4685176610946655,1.4685176610946655,0.0,0.6062464714050293,1.4685176610946655,2.42742657661438,3.8117616176605225,2026-04-18,2026-05-02,nf_nhits
50,2026-04-18,2026-05-09,3,3,0.6677757501602173,0.6677757501602173,0.0,0.0,0.6677757501602173,1.7616252899169922,3.15948224067688,2026-04-18,2026-05-09,nf_nhits
50,2026-04-18,2026-05-16,4,4,0.14067119359970093,0.14067119359970093,0.0,0.0,0.14067119359970093,1.4212360382080078,2.9512012004852295,2026-04-18,2026-05-16,nf_nhits
51,2026-04-18,2026-04-25,1,1,11.338749885559082,11.338749885559082,0.0,9.916302680969238,11.338749885559082,15.366066932678223,17.796279907226562,2026-04-18,2026-04-25,nf_nhits
51,2026-04-18,2026-05-02,2,2,7.76284122467041,7.76284122467041,0.0,1.4783647060394287,7.76284122467041,9.488261222839355,16.484630584716797,2026-04-18,2026-05-02,nf_nhits
51,2026-04-18,2026-05-09,3,3,1.6846009492874146,1.6846009492874146,0.0,0.0,1.6846009492874146,8.35278606414795,13.520230293273926,2026-04-18,2026-05-09,nf_nhits
51,2026-04-18,2026-05-16,4,4,0.0,0.0,0.0,0.0,0.0,5.180956840515137,13.950210571289062,2026-04-18,2026-05-16,nf_nhits
53,2026-04-18,2026-04-25,1,1,34.732181549072266,34.732181549072266,28.63896369934082,34.14973068237305,34.732181549072266,36.864559173583984,39.894344329833984,2026-04-18,2026-04-25,nf_nhits
53,2026-04-18,2026-05-02,2,2,30.79294776916504,30.79294776916504,24.208873748779297,30.00242042541504,30.79294776916504,31.778240203857422,35.88991928100586,2026-04-18,2026-05-02,nf_nhits
53,2026-04-18,2026-05-09,3,3,27.661884307861328,27.661884307861328,20.831226348876953,26.365755081176758,27.661884307861328,29.58991050720215,32.306419372558594,2026-04-18,2026-05-09,nf_nhits
53,2026-04-18,2026-05-16,4,4,25.58395004272461,25.58395004272461,16.088701248168945,23.996742248535156,25.58395004272461,27.90782356262207,30.12802505493164,2026-04-18,2026-05-16,nf_nhits
54,2026-04-18,2026-04-25,1,1,23.67874526977539,23.67874526977539,17.61821746826172,23.054412841796875,23.67874526977539,25.607135772705078,28.501304626464844,2026-04-18,2026-04-25,nf_nhits
54,2026-04-18,2026-05-02,2,2,19.288721084594727,19.288721084594727,12.81540298461914,18.320037841796875,19.288721084594727,20.77202606201172,24.758464813232422,2026-04-18,2026-05-02,nf_nhits
54,2026-04-18,2026-05-09,3,3,15.343080520629883,15.343080520629883,8.910197257995605,13.916443824768066,15.343080520629883,17.995431900024414,20.965953826904297,2026-04-18,2026-05-09,nf_nhits
54,2026-04-18,2026-05-16,4,4,12.636706352233887,12.636706352233887,4.227174758911133,11.334737777709961,12.636706352233887,16.292579650878906,19.2073974609375,2026-04-18,2026-05-16,nf_nhits
55,2026-04-18,2026-04-25,1,1,23.418777465820312,23.418777465820312,3.7380523681640625,19.53635025024414,23.418777465820312,29.36592674255371,36.91794967651367,2026-04-18,2026-04-25,nf_nhits
55,2026-04-18,2026-05-02,2,2,14.401726722717285,14.401726722717285,0.0,5.2273054122924805,14.401726722717285,20.44089126586914,32.48486328125,2026-04-18,2026-05-02,nf_nhits
55,2026-04-18,2026-05-09,3,3,2.959362268447876,2.959362268447876,0.0,0.0,2.959362268447876,13.230857849121094,24.14295196533203,2026-04-18,2026-05-09,nf_nhits
55,2026-04-18,2026-05-16,4,4,0.0,0.0,0.0,0.0,0.0,7.108569622039795,23.192947387695312,2026-04-18,2026-05-16,nf_nhits
56,2026-04-18,2026-04-25,1,1,4.72055721282959,4.72055721282959,2.033237934112549,3.7727174758911133,4.72055721282959,6.165279865264893,8.030390739440918,2026-04-18,2026-04-25,nf_nhits
56,2026-04-18,2026-05-02,2,2,3.7647032737731934,3.7647032737731934,0.32671022415161133,2.3749101161956787,3.7647032737731934,5.152565956115723,7.83148193359375,2026-04-18,2026-05-02,nf_nhits
56,2026-04-18,2026-05-09,3,3,2.874210834503174,2.874210834503174,0.0,1.2580440044403076,2.874210834503174,4.553292274475098,7.6620917320251465,2026-04-18,2026-05-09,nf_nhits
56,2026-04-18,2026-05-16,4,4,2.192230463027954,2.192230463027954,0.0,0.626036524772644,2.192230463027954,4.110243797302246,7.444385051727295,2026-04-18,2026-05-16,nf_nhits
72,2026-04-18,2026-04-25,1,1,74.5630111694336,74.5630111694336,52.766990661621094,67.72212982177734,74.5630111694336,83.60467529296875,102.68563842773438,2026-04-18,2026-04-25,nf_nhits
72,2026-04-18,2026-05-02,2,2,66.87847137451172,66.87847137451172,38.498199462890625,58.95086669921875,66.87847137451172,76.6327896118164,103.50240325927734,2026-04-18,2026-05-02,nf_nhits
72,2026-04-18,2026-05-09,3,3,60.523338317871094,60.523338317871094,29.17184066772461,50.23597717285156,60.523338317871094,72.89031982421875,104.99874114990234,2026-04-18,2026-05-09,nf_nhits
72,2026-04-18,2026-05-16,4,4,53.844425201416016,53.844425201416016,20.955608367919922,43.865264892578125,53.844425201416016,68.99573516845703,104.81298065185547,2026-04-18,2026-05-16,nf_nhits
01,2026-05-16,2026-05-23,1,1,23.251625061035156,23.251625061035156,15.38048267364502,21.105836868286133,23.251625061035156,26.357105255126953,32.34270477294922,2026-05-16,2026-05-23,nf_nhits
01,2026-05-16,2026-05-30,2,2,22.78813362121582,22.78813362121582,14.608800888061523,19.84111976623535,22.78813362121582,25.48549461364746,33.005210876464844,2026-05-16,2026-05-30,nf_nhits
01,2026-05-16,2026-06-06,3,3,21.461074829101562,21.461074829101562,13.292791366577148,19.234874725341797,21.461074829101562,24.47669792175293,33.743621826171875,2026-05-16,2026-06-06,nf_nhits
01,2026-05-16,2026-06-13,4,4,21.135290145874023,21.135290145874023,12.583510398864746,18.03411865234375,21.135290145874023,24.06340789794922,34.8610725402832,2026-05-16,2026-06-13,nf_nhits
02,2026-05-16,2026-05-23,1,1,0.09164214879274368,0.09164214879274368,0.0,0.0,0.09164214879274368,1.14302659034729,3.0135691165924072,2026-05-16,2026-05-23,nf_nhits
02,2026-05-16,2026-05-30,2,2,0.18887446820735931,0.18887446820735931,0.0,0.0,0.18887446820735931,1.1607253551483154,3.209942579269409,2026-05-16,2026-05-30,nf_nhits
02,2026-05-16,2026-06-06,3,3,0.29280921816825867,0.29280921816825867,0.0,0.0,0.29280921816825867,1.2280548810958862,3.293079376220703,2026-05-16,2026-06-06,nf_nhits
02,2026-05-16,2026-06-13,4,4,0.33424726128578186,0.33424726128578186,0.0,0.0,0.33424726128578186,1.258255124092102,3.5480992794036865,2026-05-16,2026-06-13,nf_nhits
04,2026-05-16,2026-05-23,1,1,62.70549392700195,62.70549392700195,46.27899169921875,57.63859558105469,62.70549392700195,66.56632995605469,79.17364501953125,2026-05-16,2026-05-23,nf_nhits
04,2026-05-16,2026-05-30,2,2,60.92453384399414,60.92453384399414,43.78609085083008,55.25123977661133,60.92453384399414,65.57942962646484,81.35768127441406,2026-05-16,2026-05-30,nf_nhits
04,2026-05-16,2026-06-06,3,3,59.06681442260742,59.06681442260742,40.39849090576172,52.63312911987305,59.06681442260742,66.86389923095703,86.91635131835938,2026-05-16,2026-06-06,nf_nhits
04,2026-05-16,2026-06-13,4,4,57.66093444824219,57.66093444824219,37.9998893737793,50.52986145019531,57.66093444824219,66.38275909423828,88.9274673461914,2026-05-16,2026-06-13,nf_nhits
05,2026-05-16,2026-05-23,1,1,8.413614273071289,8.413614273071289,4.225710868835449,7.251680850982666,8.413614273071289,10.70146369934082,13.910781860351562,2026-05-16,2026-05-23,nf_nhits
05,2026-05-16,2026-05-30,2,2,8.101763725280762,8.101763725280762,3.6988627910614014,6.414230823516846,8.101763725280762,10.010207176208496,14.377880096435547,2026-05-16,2026-05-30,nf_nhits
05,2026-05-16,2026-06-06,3,3,7.263164043426514,7.263164043426514,2.921814441680908,5.9280686378479,7.263164043426514,9.446837425231934,15.051968574523926,2026-05-16,2026-06-06,nf_nhits
05,2026-05-16,2026-06-13,4,4,6.965602874755859,6.965602874755859,2.5424671173095703,5.3292555809021,6.965602874755859,9.193188667297363,15.743046760559082,2026-05-16,2026-06-13,nf_nhits
06,2026-05-16,2026-05-23,1,1,173.42958068847656,173.42958068847656,132.14439392089844,163.77120971679688,173.42958068847656,182.89480590820312,207.87728881835938,2026-05-16,2026-05-23,nf_nhits
06,2026-05-16,2026-05-30,2,2,169.891357421875,169.891357421875,124.4710464477539,153.69822692871094,169.891357421875,179.99801635742188,210.59378051757812,2026-05-16,2026-05-30,nf_nhits
06,2026-05-16,2026-06-06,3,3,161.0648193359375,161.0648193359375,111.95957946777344,147.6713409423828,161.0648193359375,176.9915771484375,220.54600524902344,2026-05-16,2026-06-06,nf_nhits
06,2026-05-16,2026-06-13,4,4,154.54103088378906,154.54103088378906,102.99346923828125,137.26025390625,154.54103088378906,170.83995056152344,226.22854614257812,2026-05-16,2026-06-13,nf_nhits
08,2026-05-16,2026-05-23,1,1,11.819140434265137,11.819140434265137,0.0,7.870472431182861,11.819140434265137,16.270769119262695,25.558578491210938,2026-05-16,2026-05-23,nf_nhits
08,2026-05-16,2026-05-30,2,2,11.216408729553223,11.216408729553223,0.0,7.484009742736816,11.216408729553223,15.253764152526855,25.247299194335938,2026-05-16,2026-05-30,nf_nhits
08,2026-05-16,2026-06-06,3,3,10.898723602294922,10.898723602294922,0.0,7.340892791748047,10.898723602294922,14.57381534576416,25.345462799072266,2026-05-16,2026-06-06,nf_nhits
08,2026-05-16,2026-06-13,4,4,10.768654823303223,10.768654823303223,0.0,7.402667999267578,10.768654823303223,14.513293266296387,25.977458953857422,2026-05-16,2026-06-13,nf_nhits
09,2026-05-16,2026-05-23,1,1,5.072754859924316,5.072754859924316,0.0,1.3027944564819336,5.072754859924316,10.07857608795166,19.50535011291504,2026-05-16,2026-05-23,nf_nhits
09,2026-05-16,2026-05-30,2,2,5.545799732208252,5.545799732208252,0.0,1.858896017074585,5.545799732208252,9.656397819519043,18.880949020385742,2026-05-16,2026-05-30,nf_nhits
09,2026-05-16,2026-06-06,3,3,6.2233686447143555,6.2233686447143555,0.0,2.787534713745117,6.2233686447143555,9.453670501708984,19.507720947265625,2026-05-16,2026-06-06,nf_nhits
09,2026-05-16,2026-06-13,4,4,6.9057769775390625,6.9057769775390625,0.0,3.9979922771453857,6.9057769775390625,9.901183128356934,20.67875862121582,2026-05-16,2026-06-13,nf_nhits
10,2026-05-16,2026-05-23,1,1,4.851752758026123,4.851752758026123,1.2861912250518799,3.8909103870391846,4.851752758026123,6.242062568664551,8.151121139526367,2026-05-16,2026-05-23,nf_nhits
10,2026-05-16,2026-05-30,2,2,4.871586322784424,4.871586322784424,1.5360782146453857,3.8509702682495117,4.871586322784424,6.143658638000488,8.212733268737793,2026-05-16,2026-05-30,nf_nhits
10,2026-05-16,2026-06-06,3,3,4.988315105438232,4.988315105438232,1.2169291973114014,3.9702236652374268,4.988315105438232,6.188441753387451,8.204054832458496,2026-05-16,2026-06-06,nf_nhits
10,2026-05-16,2026-06-13,4,4,5.082348346710205,5.082348346710205,1.1597365140914917,3.9785354137420654,5.082348346710205,6.2271552085876465,8.504226684570312,2026-05-16,2026-06-13,nf_nhits
11,2026-05-16,2026-05-23,1,1,1.1487728357315063,1.1487728357315063,0.0,0.17442460358142853,1.1487728357315063,2.344691514968872,3.7747950553894043,2026-05-16,2026-05-23,nf_nhits
11,2026-05-16,2026-05-30,2,2,1.3074095249176025,1.3074095249176025,0.0,0.2395835667848587,1.3074095249176025,2.3075222969055176,3.9517529010772705,2026-05-16,2026-05-30,nf_nhits
11,2026-05-16,2026-06-06,3,3,1.4219074249267578,1.4219074249267578,0.0,0.37899839878082275,1.4219074249267578,2.2898826599121094,4.094541549682617,2026-05-16,2026-06-06,nf_nhits
11,2026-05-16,2026-06-13,4,4,1.5617481470108032,1.5617481470108032,0.0,0.451692670583725,1.5617481470108032,2.3799643516540527,4.356886863708496,2026-05-16,2026-06-13,nf_nhits
12,2026-05-16,2026-05-23,1,1,124.55815887451172,124.55815887451172,81.29949951171875,112.61270904541016,124.55815887451172,139.35470581054688,173.26068115234375,2026-05-16,2026-05-23,nf_nhits
12,2026-05-16,2026-05-30,2,2,119.49960327148438,119.49960327148438,75.58787536621094,102.74685668945312,119.49960327148438,133.3123779296875,180.0153350830078,2026-05-16,2026-05-30,nf_nhits
12,2026-05-16,2026-06-06,3,3,111.4930191040039,111.4930191040039,64.82539367675781,98.03363037109375,111.4930191040039,129.64273071289062,192.10543823242188,2026-05-16,2026-06-06,nf_nhits
12,2026-05-16,2026-06-13,4,4,107.96027374267578,107.96027374267578,61.15074157714844,90.89775848388672,107.96027374267578,127.64427185058594,202.40292358398438,2026-05-16,2026-06-13,nf_nhits
13,2026-05-16,2026-05-23,1,1,25.030418395996094,25.030418395996094,4.476174354553223,20.46324920654297,25.030418395996094,32.33642578125,48.00076675415039,2026-05-16,2026-05-23,nf_nhits
13,2026-05-16,2026-05-30,2,2,24.193889617919922,24.193889617919922,4.203769207000732,19.6657657623291,24.193889617919922,30.829532623291016,47.65158462524414,2026-05-16,2026-05-30,nf_nhits
13,2026-05-16,2026-06-06,3,3,23.763580322265625,23.763580322265625,3.007831335067749,18.941795349121094,23.763580322265625,29.789100646972656,47.50725173950195,2026-05-16,2026-06-06,nf_nhits
13,2026-05-16,2026-06-13,4,4,23.362489700317383,23.362489700317383,3.766172409057617,18.71771812438965,23.362489700317383,29.06696128845215,47.951812744140625,2026-05-16,2026-06-13,nf_nhits
15,2026-05-16,2026-05-23,1,1,10.681525230407715,10.681525230407715,2.94289493560791,8.464028358459473,10.681525230407715,13.493618965148926,19.18486785888672,2026-05-16,2026-05-23,nf_nhits
15,2026-05-16,2026-05-30,2,2,12.554068565368652,12.554068565368652,3.436725616455078,9.326118469238281,12.554068565368652,16.262039184570312,25.263315200805664,2026-05-16,2026-05-30,nf_nhits
15,2026-05-16,2026-06-06,3,3,16.297061920166016,16.297061920166016,4.418828964233398,11.315654754638672,16.297061920166016,21.915719985961914,36.89338302612305,2026-05-16,2026-06-06,nf_nhits
15,2026-05-16,2026-06-13,4,4,18.3231143951416,18.3231143951416,5.074789047241211,12.302000045776367,18.3231143951416,24.833459854125977,42.924415588378906,2026-05-16,2026-06-13,nf_nhits
16,2026-05-16,2026-05-23,1,1,7.6353983879089355,7.6353983879089355,5.394326686859131,6.884521484375,7.6353983879089355,8.728416442871094,9.858649253845215,2026-05-16,2026-05-23,nf_nhits
16,2026-05-16,2026-05-30,2,2,7.441852569580078,7.441852569580078,5.007015705108643,6.488711833953857,7.441852569580078,8.365252494812012,10.036637306213379,2026-05-16,2026-05-30,nf_nhits
16,2026-05-16,2026-06-06,3,3,6.995789527893066,6.995789527893066,4.417484760284424,6.260611057281494,6.995789527893066,7.994034767150879,9.94908618927002,2026-05-16,2026-06-06,nf_nhits
16,2026-05-16,2026-06-13,4,4,6.897637844085693,6.897637844085693,4.124713897705078,5.837269306182861,6.897637844085693,7.8266730308532715,10.27349853515625,2026-05-16,2026-06-13,nf_nhits
17,2026-05-16,2026-05-23,1,1,20.915651321411133,20.915651321411133,0.0,15.862553596496582,20.915651321411133,27.6106014251709,44.057334899902344,2026-05-16,2026-05-23,nf_nhits
17,2026-05-16,2026-05-30,2,2,19.705787658691406,19.705787658691406,0.0,14.61099910736084,19.705787658691406,26.50123405456543,43.30849838256836,2026-05-16,2026-05-30,nf_nhits
17,2026-05-16,2026-06-06,3,3,19.553390502929688,19.553390502929688,0.0,14.14262866973877,19.553390502929688,25.481548309326172,42.19694900512695,2026-05-16,2026-06-06,nf_nhits
17,2026-05-16,2026-06-13,4,4,18.635631561279297,18.635631561279297,0.0,13.33177375793457,18.635631561279297,24.3321533203125,42.15473175048828,2026-05-16,2026-06-13,nf_nhits
18,2026-05-16,2026-05-23,1,1,15.665183067321777,15.665183067321777,8.142959594726562,14.814688682556152,15.665183067321777,19.246339797973633,23.918794631958008,2026-05-16,2026-05-23,nf_nhits
18,2026-05-16,2026-05-30,2,2,14.809873580932617,14.809873580932617,7.257675647735596,13.641234397888184,14.809873580932617,18.102397918701172,23.87814712524414,2026-05-16,2026-05-30,nf_nhits
18,2026-05-16,2026-06-06,3,3,13.741606712341309,13.741606712341309,5.9663262367248535,13.006229400634766,13.741606712341309,17.03554344177246,23.344871520996094,2026-05-16,2026-06-06,nf_nhits
18,2026-05-16,2026-06-13,4,4,13.139002799987793,13.139002799987793,5.384960651397705,12.152826309204102,13.139002799987793,16.497909545898438,23.74759864807129,2026-05-16,2026-06-13,nf_nhits
19,2026-05-16,2026-05-23,1,1,3.169240951538086,3.169240951538086,0.25179314613342285,2.429508924484253,3.169240951538086,4.630050182342529,5.472158432006836,2026-05-16,2026-05-23,nf_nhits
19,2026-05-16,2026-05-30,2,2,2.7407000064849854,2.7407000064849854,0.0,1.9328153133392334,2.7407000064849854,4.274652004241943,5.498569011688232,2026-05-16,2026-05-30,nf_nhits
19,2026-05-16,2026-06-06,3,3,2.4492404460906982,2.4492404460906982,0.0,1.711693286895752,2.4492404460906982,3.64859676361084,5.131324291229248,2026-05-16,2026-06-06,nf_nhits
19,2026-05-16,2026-06-13,4,4,2.322404623031616,2.322404623031616,0.0,1.001556158065796,2.322404623031616,3.363384485244751,5.165897369384766,2026-05-16,2026-06-13,nf_nhits
20,2026-05-16,2026-05-23,1,1,2.2291109561920166,2.2291109561920166,0.0,1.3138469457626343,2.2291109561920166,3.9428391456604004,4.99329948425293,2026-05-16,2026-05-23,nf_nhits
20,2026-05-16,2026-05-30,2,2,2.0002665519714355,2.0002665519714355,0.0,0.9167239665985107,2.0002665519714355,3.541904926300049,5.085090160369873,2026-05-16,2026-05-30,nf_nhits
20,2026-05-16,2026-06-06,3,3,1.7561513185501099,1.7561513185501099,0.0,0.8244938254356384,1.7561513185501099,3.0066494941711426,4.976715564727783,2026-05-16,2026-06-06,nf_nhits
20,2026-05-16,2026-06-13,4,4,1.7005051374435425,1.7005051374435425,0.0,0.2445743978023529,1.7005051374435425,2.66795015335083,5.150069236755371,2026-05-16,2026-06-13,nf_nhits
21,2026-05-16,2026-05-23,1,1,17.510305404663086,17.510305404663086,11.517879486083984,16.499698638916016,17.510305404663086,19.744529724121094,23.872854232788086,2026-05-16,2026-05-23,nf_nhits
21,2026-05-16,2026-05-30,2,2,16.79468536376953,16.79468536376953,10.604792594909668,15.610172271728516,16.79468536376953,19.017847061157227,23.900558471679688,2026-05-16,2026-05-30,nf_nhits
21,2026-05-16,2026-06-06,3,3,16.00606346130371,16.00606346130371,9.411324501037598,15.015063285827637,16.00606346130371,18.194787979125977,23.415302276611328,2026-05-16,2026-06-06,nf_nhits
21,2026-05-16,2026-06-13,4,4,15.506306648254395,15.506306648254395,8.677536964416504,14.156526565551758,15.506306648254395,17.80742835998535,23.544727325439453,2026-05-16,2026-06-13,nf_nhits
22,2026-05-16,2026-05-23,1,1,18.422637939453125,18.422637939453125,10.201981544494629,16.652894973754883,18.422637939453125,21.776079177856445,29.473756790161133,2026-05-16,2026-05-23,nf_nhits
22,2026-05-16,2026-05-30,2,2,17.24298095703125,17.24298095703125,8.9838285446167,15.036832809448242,17.24298095703125,20.336559295654297,29.90614128112793,2026-05-16,2026-05-30,nf_nhits
22,2026-05-16,2026-06-06,3,3,15.633480072021484,15.633480072021484,7.243488311767578,14.27182388305664,15.633480072021484,18.987653732299805,29.921606063842773,2026-05-16,2026-06-06,nf_nhits
22,2026-05-16,2026-06-13,4,4,14.950873374938965,14.950873374938965,7.094466686248779,13.57898998260498,14.950873374938965,18.536224365234375,30.7370548248291,2026-05-16,2026-06-13,nf_nhits
23,2026-05-16,2026-05-23,1,1,3.773308277130127,3.773308277130127,0.3911237120628357,2.737651824951172,3.773308277130127,4.979400157928467,6.552164554595947,2026-05-16,2026-05-23,nf_nhits
23,2026-05-16,2026-05-30,2,2,3.679555892944336,3.679555892944336,0.3619574010372162,2.5653879642486572,3.679555892944336,4.818683624267578,6.584045886993408,2026-05-16,2026-05-30,nf_nhits
23,2026-05-16,2026-06-06,3,3,3.61907958984375,3.61907958984375,0.034271202981472015,2.6079654693603516,3.61907958984375,4.745835781097412,6.45158576965332,2026-05-16,2026-06-06,nf_nhits
23,2026-05-16,2026-06-13,4,4,3.649479627609253,3.649479627609253,0.0,2.5786514282226562,3.649479627609253,4.712044715881348,6.7076096534729,2026-05-16,2026-06-13,nf_nhits
24,2026-05-16,2026-05-23,1,1,12.746216773986816,12.746216773986816,0.0,8.818351745605469,12.746216773986816,17.741588592529297,26.85831642150879,2026-05-16,2026-05-23,nf_nhits
24,2026-05-16,2026-05-30,2,2,12.848803520202637,12.848803520202637,0.8595408201217651,9.125791549682617,12.848803520202637,17.07123374938965,26.57482147216797,2026-05-16,2026-05-30,nf_nhits
24,2026-05-16,2026-06-06,3,3,12.928050994873047,12.928050994873047,0.5191278457641602,9.987695693969727,12.928050994873047,16.751996994018555,27.117918014526367,2026-05-16,2026-06-06,nf_nhits
24,2026-05-16,2026-06-13,4,4,13.360723495483398,13.360723495483398,0.601366400718689,10.601483345031738,13.360723495483398,17.044189453125,28.21603775024414,2026-05-16,2026-06-13,nf_nhits
25,2026-05-16,2026-05-23,1,1,15.48398494720459,15.48398494720459,0.0,10.377388000488281,15.48398494720459,22.343189239501953,34.849098205566406,2026-05-16,2026-05-23,nf_nhits
25,2026-05-16,2026-05-30,2,2,15.478118896484375,15.478118896484375,0.0,11.099321365356445,15.478118896484375,21.657638549804688,33.521209716796875,2026-05-16,2026-05-30,nf_nhits
25,2026-05-16,2026-06-06,3,3,16.62896156311035,16.62896156311035,0.0,12.610349655151367,16.62896156311035,21.97289276123047,33.952632904052734,2026-05-16,2026-06-06,nf_nhits
25,2026-05-16,2026-06-13,4,4,17.628957748413086,17.628957748413086,0.0,13.792045593261719,17.628957748413086,22.081222534179688,35.581275939941406,2026-05-16,2026-06-13,nf_nhits
26,2026-05-16,2026-05-23,1,1,20.8654727935791,20.8654727935791,7.175544738769531,17.90656089782715,20.8654727935791,25.044069290161133,33.59538650512695,2026-05-16,2026-05-23,nf_nhits
26,2026-05-16,2026-05-30,2,2,19.755435943603516,19.755435943603516,6.5602946281433105,17.069326400756836,19.755435943603516,24.17608642578125,32.71660614013672,2026-05-16,2026-05-30,nf_nhits
26,2026-05-16,2026-06-06,3,3,19.613525390625,19.613525390625,5.124208927154541,16.78408432006836,19.613525390625,23.63382339477539,31.60801124572754,2026-05-16,2026-06-06,nf_nhits
26,2026-05-16,2026-06-13,4,4,19.10825538635254,19.10825538635254,4.8054633140563965,16.270885467529297,19.10825538635254,22.953977584838867,31.9500675201416,2026-05-16,2026-06-13,nf_nhits
27,2026-05-16,2026-05-23,1,1,17.155902862548828,17.155902862548828,1.1933553218841553,12.825695991516113,17.155902862548828,22.474445343017578,32.28365707397461,2026-05-16,2026-05-23,nf_nhits
27,2026-05-16,2026-05-30,2,2,16.914081573486328,16.914081573486328,2.5823450088500977,12.756074905395508,16.914081573486328,21.59330940246582,31.57240867614746,2026-05-16,2026-05-30,nf_nhits
27,2026-05-16,2026-06-06,3,3,17.19365119934082,17.19365119934082,1.87894606590271,13.466169357299805,17.19365119934082,21.114370346069336,31.673431396484375,2026-05-16,2026-06-06,nf_nhits
27,2026-05-16,2026-06-13,4,4,17.348224639892578,17.348224639892578,2.1086201667785645,13.775809288024902,17.348224639892578,21.437063217163086,32.53542709350586,2026-05-16,2026-06-13,nf_nhits
28,2026-05-16,2026-05-23,1,1,15.285540580749512,15.285540580749512,9.035225868225098,13.41883373260498,15.285540580749512,17.215757369995117,21.916385650634766,2026-05-16,2026-05-23,nf_nhits
28,2026-05-16,2026-05-30,2,2,15.133399963378906,15.133399963378906,8.564023971557617,12.51728343963623,15.133399963378906,17.015974044799805,23.083770751953125,2026-05-16,2026-05-30,nf_nhits
28,2026-05-16,2026-06-06,3,3,14.298641204833984,14.298641204833984,7.7632060050964355,11.90202808380127,14.298641204833984,16.88253402709961,24.90457534790039,2026-05-16,2026-06-06,nf_nhits
28,2026-05-16,2026-06-13,4,4,14.083950996398926,14.083950996398926,7.159482955932617,11.074502944946289,14.083950996398926,16.87272071838379,26.253076553344727,2026-05-16,2026-06-13,nf_nhits
29,2026-05-16,2026-05-23,1,1,6.284487724304199,6.284487724304199,0.0,5.351014137268066,6.284487724304199,10.477025985717773,13.647530555725098,2026-05-16,2026-05-23,nf_nhits
29,2026-05-16,2026-05-30,2,2,5.57474946975708,5.57474946975708,0.0,4.226419448852539,5.57474946975708,9.377920150756836,13.507122993469238,2026-05-16,2026-05-30,nf_nhits
29,2026-05-16,2026-06-06,3,3,4.742949485778809,4.742949485778809,0.0,3.9847333431243896,4.742949485778809,7.999724388122559,12.94805908203125,2026-05-16,2026-06-06,nf_nhits
29,2026-05-16,2026-06-13,4,4,4.393742084503174,4.393742084503174,0.0,2.668534278869629,4.393742084503174,7.193454742431641,13.27367877960205,2026-05-16,2026-06-13,nf_nhits
30,2026-05-16,2026-05-23,1,1,1.7736397981643677,1.7736397981643677,0.0,0.9304009675979614,1.7736397981643677,2.9094414710998535,4.392092704772949,2026-05-16,2026-05-23,nf_nhits
30,2026-05-16,2026-05-30,2,2,1.602196216583252,1.602196216583252,0.0,0.6746459007263184,1.602196216583252,2.705301284790039,4.694625377655029,2026-05-16,2026-05-30,nf_nhits
30,2026-05-16,2026-06-06,3,3,1.3600687980651855,1.3600687980651855,0.0,0.4902966618537903,1.3600687980651855,2.4874770641326904,4.889035224914551,2026-05-16,2026-06-06,nf_nhits
30,2026-05-16,2026-06-13,4,4,1.2635796070098877,1.2635796070098877,0.0,0.19343920052051544,1.2635796070098877,2.433478593826294,5.199592590332031,2026-05-16,2026-06-13,nf_nhits
31,2026-05-16,2026-05-23,1,1,2.64278244972229,2.64278244972229,0.011901453137397766,1.7123667001724243,2.64278244972229,3.9472460746765137,5.106526851654053,2026-05-16,2026-05-23,nf_nhits
31,2026-05-16,2026-05-30,2,2,2.496330976486206,2.496330976486206,0.0,1.3189828395843506,2.496330976486206,3.632542610168457,5.2966508865356445,2026-05-16,2026-05-30,nf_nhits
31,2026-05-16,2026-06-06,3,3,2.1726253032684326,2.1726253032684326,0.0,1.1549738645553589,2.1726253032684326,3.1952483654022217,5.389242172241211,2026-05-16,2026-06-06,nf_nhits
31,2026-05-16,2026-06-13,4,4,2.179039478302002,2.179039478302002,0.0,0.6246979236602783,2.179039478302002,2.9973254203796387,5.677447319030762,2026-05-16,2026-06-13,nf_nhits
32,2026-05-16,2026-05-23,1,1,35.935672760009766,35.935672760009766,20.780323028564453,30.326934814453125,35.935672760009766,40.50901794433594,53.81956100463867,2026-05-16,2026-05-23,nf_nhits
32,2026-05-16,2026-05-30,2,2,36.01148223876953,36.01148223876953,20.245861053466797,29.932031631469727,36.01148223876953,41.4782829284668,57.39156723022461,2026-05-16,2026-05-30,nf_nhits
32,2026-05-16,2026-06-06,3,3,36.3984489440918,36.3984489440918,19.576183319091797,29.675838470458984,36.3984489440918,43.816993713378906,64.20703887939453,2026-05-16,2026-06-06,nf_nhits
32,2026-05-16,2026-06-13,4,4,36.550880432128906,36.550880432128906,19.22154998779297,29.339433670043945,36.550880432128906,44.99307632446289,67.85186004638672,2026-05-16,2026-06-13,nf_nhits
33,2026-05-16,2026-05-23,1,1,2.750901699066162,2.750901699066162,0.0,1.717909336090088,2.750901699066162,4.222725868225098,5.846999168395996,2026-05-16,2026-05-23,nf_nhits
33,2026-05-16,2026-05-30,2,2,2.672952890396118,2.672952890396118,0.0,1.5977295637130737,2.672952890396118,4.068873405456543,5.798662185668945,2026-05-16,2026-05-30,nf_nhits
33,2026-05-16,2026-06-06,3,3,2.817361354827881,2.817361354827881,0.0,1.858683466911316,2.817361354827881,4.069746971130371,5.66241455078125,2026-05-16,2026-06-06,nf_nhits
33,2026-05-16,2026-06-13,4,4,2.9046568870544434,2.9046568870544434,0.0,1.8850774765014648,2.9046568870544434,4.007936000823975,5.999924182891846,2026-05-16,2026-06-13,nf_nhits
34,2026-05-16,2026-05-23,1,1,36.67969512939453,36.67969512939453,10.493695259094238,29.80564308166504,36.67969512939453,45.06401443481445,60.5501594543457,2026-05-16,2026-05-23,nf_nhits
34,2026-05-16,2026-05-30,2,2,36.41808319091797,36.41808319091797,13.400863647460938,29.878999710083008,36.41808319091797,43.51736068725586,59.44369125366211,2026-05-16,2026-05-30,nf_nhits
34,2026-05-16,2026-06-06,3,3,36.397220611572266,36.397220611572266,11.803425788879395,30.921884536743164,36.397220611572266,42.4763298034668,60.10362243652344,2026-05-16,2026-06-06,nf_nhits
34,2026-05-16,2026-06-13,4,4,36.780033111572266,36.780033111572266,12.505632400512695,31.729305267333984,36.780033111572266,43.00623321533203,61.676971435546875,2026-05-16,2026-06-13,nf_nhits
35,2026-05-16,2026-05-23,1,1,2.9127142429351807,2.9127142429351807,0.0,1.8403420448303223,2.9127142429351807,5.2928876876831055,8.802980422973633,2026-05-16,2026-05-23,nf_nhits
35,2026-05-16,2026-05-30,2,2,2.793201446533203,2.793201446533203,0.0,1.6347929239273071,2.793201446533203,4.977607250213623,8.81460189819336,2026-05-16,2026-05-30,nf_nhits
35,2026-05-16,2026-06-06,3,3,2.7666447162628174,2.7666447162628174,0.0,1.4985555410385132,2.7666447162628174,4.7671918869018555,8.784214973449707,2026-05-16,2026-06-06,nf_nhits
35,2026-05-16,2026-06-13,4,4,2.7452621459960938,2.7452621459960938,0.0,1.4607412815093994,2.7452621459960938,4.689502716064453,9.046244621276855,2026-05-16,2026-06-13,nf_nhits
36,2026-05-16,2026-05-23,1,1,53.93562316894531,53.93562316894531,0.0,33.80463409423828,53.93562316894531,74.91644287109375,123.68905639648438,2026-05-16,2026-05-23,nf_nhits
36,2026-05-16,2026-05-30,2,2,54.49425506591797,54.49425506591797,0.0,35.11537551879883,54.49425506591797,70.9505844116211,119.9043197631836,2026-05-16,2026-05-30,nf_nhits
36,2026-05-16,2026-06-06,3,3,52.99951934814453,52.99951934814453,0.0,38.358585357666016,52.99951934814453,67.3074722290039,122.20284271240234,2026-05-16,2026-06-06,nf_nhits
36,2026-05-16,2026-06-13,4,4,53.10888671875,53.10888671875,0.0,40.85113525390625,53.10888671875,67.68360900878906,125.07440948486328,2026-05-16,2026-06-13,nf_nhits
37,2026-05-16,2026-05-23,1,1,11.479720115661621,11.479720115661621,0.0,1.3491344451904297,11.479720115661621,26.764347076416016,54.562477111816406,2026-05-16,2026-05-23,nf_nhits
37,2026-05-16,2026-05-30,2,2,12.868847846984863,12.868847846984863,0.0,2.962283134460449,12.868847846984863,24.532596588134766,52.364017486572266,2026-05-16,2026-05-30,nf_nhits
37,2026-05-16,2026-06-06,3,3,14.217955589294434,14.217955589294434,0.0,6.09890079498291,14.217955589294434,23.7667179107666,52.826499938964844,2026-05-16,2026-06-06,nf_nhits
37,2026-05-16,2026-06-13,4,4,15.637113571166992,15.637113571166992,0.0,8.36413860321045,15.637113571166992,24.79079818725586,55.40847396850586,2026-05-16,2026-06-13,nf_nhits
38,2026-05-16,2026-05-23,1,1,6.953211307525635,6.953211307525635,3.960653781890869,5.9518890380859375,6.953211307525635,7.958444118499756,9.382482528686523,2026-05-16,2026-05-23,nf_nhits
38,2026-05-16,2026-05-30,2,2,6.907164096832275,6.907164096832275,3.857774496078491,5.726133346557617,6.907164096832275,7.932156085968018,9.469970703125,2026-05-16,2026-05-30,nf_nhits
38,2026-05-16,2026-06-06,3,3,6.8086700439453125,6.8086700439453125,3.4077556133270264,5.726895332336426,6.8086700439453125,7.859151363372803,9.405302047729492,2026-05-16,2026-06-06,nf_nhits
38,2026-05-16,2026-06-13,4,4,6.759932518005371,6.759932518005371,3.2695138454437256,5.580684185028076,6.759932518005371,7.746401309967041,9.645062446594238,2026-05-16,2026-06-13,nf_nhits
39,2026-05-16,2026-05-23,1,1,9.046333312988281,9.046333312988281,0.0,6.467766761779785,9.046333312988281,16.444414138793945,27.409212112426758,2026-05-16,2026-05-23,nf_nhits
39,2026-05-16,2026-05-30,2,2,7.198436260223389,7.198436260223389,0.0,5.3302764892578125,7.198436260223389,14.425701141357422,25.973493576049805,2026-05-16,2026-05-30,nf_nhits
39,2026-05-16,2026-06-06,3,3,6.794342517852783,6.794342517852783,0.0,4.998964309692383,6.794342517852783,12.985254287719727,24.451885223388672,2026-05-16,2026-06-06,nf_nhits
39,2026-05-16,2026-06-13,4,4,6.05173397064209,6.05173397064209,0.0,4.359149932861328,6.05173397064209,11.948497772216797,24.759214401245117,2026-05-16,2026-06-13,nf_nhits
40,2026-05-16,2026-05-23,1,1,10.667427062988281,10.667427062988281,6.554442405700684,8.963003158569336,10.667427062988281,12.967180252075195,15.428576469421387,2026-05-16,2026-05-23,nf_nhits
40,2026-05-16,2026-05-30,2,2,10.614884376525879,10.614884376525879,5.780184745788574,8.155807495117188,10.614884376525879,12.587114334106445,16.107093811035156,2026-05-16,2026-05-30,nf_nhits
40,2026-05-16,2026-06-06,3,3,10.019805908203125,10.019805908203125,5.342981815338135,7.943002700805664,10.019805908203125,12.09998893737793,17.08963394165039,2026-05-16,2026-06-06,nf_nhits
40,2026-05-16,2026-06-13,4,4,9.753442764282227,9.753442764282227,4.511943817138672,7.200267791748047,9.753442764282227,11.808690071105957,18.080245971679688,2026-05-16,2026-06-13,nf_nhits
41,2026-05-16,2026-05-23,1,1,11.911206245422363,11.911206245422363,3.316603660583496,8.203892707824707,11.911206245422363,14.482032775878906,20.034759521484375,2026-05-16,2026-05-23,nf_nhits
41,2026-05-16,2026-05-30,2,2,11.005155563354492,11.005155563354492,2.22088885307312,7.171799659729004,11.005155563354492,13.877910614013672,21.198057174682617,2026-05-16,2026-05-30,nf_nhits
41,2026-05-16,2026-06-06,3,3,10.834938049316406,10.834938049316406,1.406134009361267,6.086627006530762,10.834938049316406,13.13642406463623,22.55670928955078,2026-05-16,2026-06-06,nf_nhits
41,2026-05-16,2026-06-13,4,4,10.164527893066406,10.164527893066406,0.33095574378967285,4.547990322113037,10.164527893066406,13.209200859069824,23.618867874145508,2026-05-16,2026-06-13,nf_nhits
42,2026-05-16,2026-05-23,1,1,134.7676544189453,134.7676544189453,86.4194107055664,123.38002014160156,134.7676544189453,143.45494079589844,182.35446166992188,2026-05-16,2026-05-23,nf_nhits
42,2026-05-16,2026-05-30,2,2,130.28536987304688,130.28536987304688,81.34403991699219,118.16253662109375,130.28536987304688,140.17337036132812,181.7660369873047,2026-05-16,2026-05-30,nf_nhits
42,2026-05-16,2026-06-06,3,3,125.9885025024414,125.9885025024414,72.6108627319336,113.98902130126953,125.9885025024414,137.06944274902344,178.180419921875,2026-05-16,2026-06-06,nf_nhits
42,2026-05-16,2026-06-13,4,4,122.35952758789062,122.35952758789062,69.29055786132812,109.96556091308594,122.35952758789062,134.87606811523438,179.55865478515625,2026-05-16,2026-06-13,nf_nhits
44,2026-05-16,2026-05-23,1,1,10.133681297302246,10.133681297302246,4.43837308883667,8.20483684539795,10.133681297302246,12.308395385742188,16.499969482421875,2026-05-16,2026-05-23,nf_nhits
44,2026-05-16,2026-05-30,2,2,10.25639820098877,10.25639820098877,4.844294548034668,8.25866413116455,10.25639820098877,12.231450080871582,16.62936782836914,2026-05-16,2026-05-30,nf_nhits
44,2026-05-16,2026-06-06,3,3,10.361404418945312,10.361404418945312,4.518064975738525,8.37321662902832,10.361404418945312,12.210265159606934,17.137874603271484,2026-05-16,2026-06-06,nf_nhits
44,2026-05-16,2026-06-13,4,4,10.557196617126465,10.557196617126465,4.309134483337402,8.657312393188477,10.557196617126465,12.397432327270508,17.698713302612305,2026-05-16,2026-06-13,nf_nhits
45,2026-05-16,2026-05-23,1,1,5.769735336303711,5.769735336303711,0.0,3.2271604537963867,5.769735336303711,10.887280464172363,18.873504638671875,2026-05-16,2026-05-23,nf_nhits
45,2026-05-16,2026-05-30,2,2,5.623885631561279,5.623885631561279,0.0,3.119792938232422,5.623885631561279,10.094082832336426,18.343402862548828,2026-05-16,2026-05-30,nf_nhits
45,2026-05-16,2026-06-06,3,3,5.77060604095459,5.77060604095459,0.0,3.4583654403686523,5.77060604095459,9.55747127532959,18.14852523803711,2026-05-16,2026-06-06,nf_nhits
45,2026-05-16,2026-06-13,4,4,5.829037666320801,5.829037666320801,0.0,3.6245250701904297,5.829037666320801,9.28040599822998,18.522014617919922,2026-05-16,2026-06-13,nf_nhits
46,2026-05-16,2026-05-23,1,1,3.775899648666382,3.775899648666382,1.5697425603866577,3.0157418251037598,3.775899648666382,4.555760860443115,5.729461193084717,2026-05-16,2026-05-23,nf_nhits
46,2026-05-16,2026-05-30,2,2,3.6834018230438232,3.6834018230438232,1.218526840209961,2.6745009422302246,3.6834018230438232,4.38276481628418,5.942044258117676,2026-05-16,2026-05-30,nf_nhits
46,2026-05-16,2026-06-06,3,3,3.376767873764038,3.376767873764038,0.6983619332313538,2.4601621627807617,3.376767873764038,4.2059407234191895,5.981061935424805,2026-05-16,2026-06-06,nf_nhits
46,2026-05-16,2026-06-13,4,4,3.212354898452759,3.212354898452759,0.44185394048690796,2.0781586170196533,3.212354898452759,4.0510759353637695,6.150496959686279,2026-05-16,2026-06-13,nf_nhits
47,2026-05-16,2026-05-23,1,1,33.85137939453125,33.85137939453125,20.785594940185547,30.658220291137695,33.85137939453125,38.33722686767578,49.72970962524414,2026-05-16,2026-05-23,nf_nhits
47,2026-05-16,2026-05-30,2,2,32.8442497253418,32.8442497253418,19.597660064697266,29.501251220703125,32.8442497253418,37.29526138305664,50.061038970947266,2026-05-16,2026-05-30,nf_nhits
47,2026-05-16,2026-06-06,3,3,31.79496192932129,31.79496192932129,17.96331787109375,28.64856719970703,31.79496192932129,36.4034423828125,49.89448928833008,2026-05-16,2026-06-06,nf_nhits
47,2026-05-16,2026-06-13,4,4,31.192272186279297,31.192272186279297,17.264087677001953,27.847576141357422,31.192272186279297,35.836021423339844,50.351112365722656,2026-05-16,2026-06-13,nf_nhits
48,2026-05-16,2026-05-23,1,1,116.7770767211914,116.7770767211914,79.52885437011719,109.05950927734375,116.7770767211914,126.6833724975586,166.3651580810547,2026-05-16,2026-05-23,nf_nhits
48,2026-05-16,2026-05-30,2,2,111.01506805419922,111.01506805419922,73.85478210449219,102.68846893310547,111.01506805419922,121.68118286132812,168.13894653320312,2026-05-16,2026-05-30,nf_nhits
48,2026-05-16,2026-06-06,3,3,103.4940414428711,103.4940414428711,65.29002380371094,98.04536437988281,103.4940414428711,117.2654037475586,168.4285888671875,2026-05-16,2026-06-06,nf_nhits
48,2026-05-16,2026-06-13,4,4,100.45633697509766,100.45633697509766,63.997833251953125,94.71014404296875,100.45633697509766,115.29975128173828,171.8311004638672,2026-05-16,2026-06-13,nf_nhits
49,2026-05-16,2026-05-23,1,1,6.617183685302734,6.617183685302734,1.8357501029968262,5.223000526428223,6.617183685302734,8.390626907348633,11.785689353942871,2026-05-16,2026-05-23,nf_nhits
49,2026-05-16,2026-05-30,2,2,6.434977054595947,6.434977054595947,1.7063626050949097,5.007145881652832,6.434977054595947,8.155092239379883,11.993579864501953,2026-05-16,2026-05-30,nf_nhits
49,2026-05-16,2026-06-06,3,3,6.241910457611084,6.241910457611084,1.2353878021240234,4.812477111816406,6.241910457611084,7.921304225921631,12.193106651306152,2026-05-16,2026-06-06,nf_nhits
49,2026-05-16,2026-06-13,4,4,6.189803123474121,6.189803123474121,1.293837547302246,4.746964454650879,6.189803123474121,7.855484962463379,12.525761604309082,2026-05-16,2026-06-13,nf_nhits
50,2026-05-16,2026-05-23,1,1,0.01628698781132698,0.01628698781132698,0.0,0.0,0.01628698781132698,0.6346946358680725,0.9164550304412842,2026-05-16,2026-05-23,nf_nhits
50,2026-05-16,2026-05-30,2,2,0.025042809545993805,0.025042809545993805,0.0,0.0,0.025042809545993805,0.5987585783004761,1.1622343063354492,2026-05-16,2026-05-30,nf_nhits
50,2026-05-16,2026-06-06,3,3,0.010407201945781708,0.010407201945781708,0.0,0.0,0.010407201945781708,0.571365237236023,1.1426737308502197,2026-05-16,2026-06-06,nf_nhits
50,2026-05-16,2026-06-13,4,4,0.05723530054092407,0.05723530054092407,0.0,0.0,0.05723530054092407,0.619789183139801,1.3274298906326294,2026-05-16,2026-06-13,nf_nhits
51,2026-05-16,2026-05-23,1,1,15.548751831054688,15.548751831054688,3.912961721420288,13.511159896850586,15.548751831054688,20.207679748535156,26.573646545410156,2026-05-16,2026-05-23,nf_nhits
51,2026-05-16,2026-05-30,2,2,14.9664945602417,14.9664945602417,4.190666675567627,13.206549644470215,14.9664945602417,19.328054428100586,25.730327606201172,2026-05-16,2026-05-30,nf_nhits
51,2026-05-16,2026-06-06,3,3,14.986198425292969,14.986198425292969,3.2066028118133545,13.53890323638916,14.986198425292969,18.845556259155273,25.193510055541992,2026-05-16,2026-06-06,nf_nhits
51,2026-05-16,2026-06-13,4,4,14.713884353637695,14.713884353637695,2.9941294193267822,13.589393615722656,14.713884353637695,18.627389907836914,25.787555694580078,2026-05-16,2026-06-13,nf_nhits
53,2026-05-16,2026-05-23,1,1,27.819046020507812,27.819046020507812,20.343616485595703,25.848796844482422,27.819046020507812,29.446247100830078,34.045379638671875,2026-05-16,2026-05-23,nf_nhits
53,2026-05-16,2026-05-30,2,2,27.057039260864258,27.057039260864258,18.990224838256836,24.09207534790039,27.057039260864258,28.870750427246094,34.551612854003906,2026-05-16,2026-05-30,nf_nhits
53,2026-05-16,2026-06-06,3,3,25.458507537841797,25.458507537841797,16.821744918823242,23.071107864379883,25.458507537841797,28.767236709594727,36.16688537597656,2026-05-16,2026-06-06,nf_nhits
53,2026-05-16,2026-06-13,4,4,24.507278442382812,24.507278442382812,15.426460266113281,21.183916091918945,24.507278442382812,27.8364315032959,37.05125427246094,2026-05-16,2026-06-13,nf_nhits
54,2026-05-16,2026-05-23,1,1,4.8471832275390625,4.8471832275390625,2.0523266792297363,3.8277010917663574,4.8471832275390625,5.850884437561035,6.698988437652588,2026-05-16,2026-05-23,nf_nhits
54,2026-05-16,2026-05-30,2,2,4.523159027099609,4.523159027099609,1.4503815174102783,3.298882246017456,4.523159027099609,5.485027313232422,6.741033554077148,2026-05-16,2026-05-30,nf_nhits
54,2026-05-16,2026-06-06,3,3,4.001267433166504,4.001267433166504,0.8119335174560547,2.9513230323791504,4.001267433166504,5.009744644165039,6.46971321105957,2026-05-16,2026-06-06,nf_nhits
54,2026-05-16,2026-06-13,4,4,3.8780269622802734,3.8780269622802734,0.3540523052215576,2.3083560466766357,3.8780269622802734,4.709866046905518,6.5616936683654785,2026-05-16,2026-06-13,nf_nhits
55,2026-05-16,2026-05-23,1,1,5.300182342529297,5.300182342529297,0.0,3.1900291442871094,5.300182342529297,8.720538139343262,14.306567192077637,2026-05-16,2026-05-23,nf_nhits
55,2026-05-16,2026-05-30,2,2,4.52891206741333,4.52891206741333,0.0,2.4272193908691406,4.52891206741333,8.133698463439941,13.64214038848877,2026-05-16,2026-05-30,nf_nhits
55,2026-05-16,2026-06-06,3,3,4.584101676940918,4.584101676940918,0.0,2.4129581451416016,4.584101676940918,7.706995010375977,12.899996757507324,2026-05-16,2026-06-06,nf_nhits
55,2026-05-16,2026-06-13,4,4,4.2727484703063965,4.2727484703063965,0.0,2.017775535583496,4.2727484703063965,7.088204860687256,13.363778114318848,2026-05-16,2026-06-13,nf_nhits
56,2026-05-16,2026-05-23,1,1,8.61043643951416,8.61043643951416,4.15796422958374,7.122124195098877,8.61043643951416,10.174891471862793,13.658233642578125,2026-05-16,2026-05-23,nf_nhits
56,2026-05-16,2026-05-30,2,2,8.934439659118652,8.934439659118652,4.0976643562316895,7.093166351318359,8.934439659118652,10.774821281433105,15.36129379272461,2026-05-16,2026-05-30,nf_nhits
56,2026-05-16,2026-06-06,3,3,9.472471237182617,9.472471237182617,4.164191722869873,7.2334747314453125,9.472471237182617,11.999898910522461,18.339946746826172,2026-05-16,2026-06-06,nf_nhits
56,2026-05-16,2026-06-13,4,4,9.802000999450684,9.802000999450684,4.2369585037231445,7.309838771820068,9.802000999450684,12.625982284545898,19.984283447265625,2026-05-16,2026-06-13,nf_nhits
72,2026-05-16,2026-05-23,1,1,75.97502899169922,75.97502899169922,41.65665054321289,65.65615844726562,75.97502899169922,83.95811462402344,113.37613677978516,2026-05-16,2026-05-23,nf_nhits
72,2026-05-16,2026-05-30,2,2,76.28569030761719,76.28569030761719,40.26934051513672,64.56958770751953,76.28569030761719,86.98420715332031,124.05720520019531,2026-05-16,2026-05-30,nf_nhits
72,2026-05-16,2026-06-06,3,3,77.62057495117188,77.62057495117188,38.14476776123047,64.11677551269531,77.62057495117188,94.83312225341797,144.47622680664062,2026-05-16,2026-06-06,nf_nhits
72,2026-05-16,2026-06-13,4,4,78.6925048828125,78.6925048828125,37.497398376464844,63.73213577270508,78.6925048828125,98.72106170654297,155.8048858642578,2026-05-16,2026-06-13,nf_nhits
