location,cutoff_date,forecast_date,forecast_week,horizon,forecast,predicted,predicted_q05,predicted_q25,predicted_q50,predicted_q75,predicted_q95,reference_date,target_end_date,model_family
01,2025-10-04,2025-10-11,1,1,19.0,19.0,0.0,12.0,19.0,22.0,29.0,2025-10-04,2025-10-11,persistence
01,2025-10-04,2025-10-18,2,2,19.0,19.0,0.0,7.0,19.0,22.0,29.0,2025-10-04,2025-10-18,persistence
01,2025-10-04,2025-10-25,3,3,18.0,18.0,0.0,3.0,18.0,22.0,29.0,2025-10-04,2025-10-25,persistence
01,2025-10-04,2025-11-01,4,4,17.0,17.0,0.0,0.0,17.0,21.0,29.0,2025-10-04,2025-11-01,persistence
02,2025-10-04,2025-10-11,1,1,0.0,0.0,0.0,0.0,0.0,3.0,10.0,2025-10-04,2025-10-11,persistence
02,2025-10-04,2025-10-18,2,2,0.0,0.0,0.0,0.0,0.0,3.0,10.0,2025-10-04,2025-10-18,persistence
02,2025-10-04,2025-10-25,3,3,0.0,0.0,0.0,0.0,0.0,3.0,10.0,2025-10-04,2025-10-25,persistence
02,2025-10-04,2025-11-01,4,4,0.0,0.0,0.0,0.0,0.0,2.0,10.0,2025-10-04,2025-11-01,persistence
04,2025-10-04,2025-10-11,1,1,17.0,17.0,0.0,10.0,17.0,20.0,27.0,2025-10-04,2025-10-11,persistence
04,2025-10-04,2025-10-18,2,2,17.0,17.0,0.0,5.0,17.0,20.0,27.0,2025-10-04,2025-10-18,persistence
04,2025-10-04,2025-10-25,3,3,16.0,16.0,0.0,1.0,16.0,20.0,27.0,2025-10-04,2025-10-25,persistence
04,2025-10-04,2025-11-01,4,4,15.0,15.0,0.0,0.0,15.0,19.0,27.0,2025-10-04,2025-11-01,persistence
05,2025-10-04,2025-10-11,1,1,2.0,2.0,0.0,0.0,2.0,5.0,12.0,2025-10-04,2025-10-11,persistence
05,2025-10-04,2025-10-18,2,2,2.0,2.0,0.0,0.0,2.0,5.0,12.0,2025-10-04,2025-10-18,persistence
05,2025-10-04,2025-10-25,3,3,1.0,1.0,0.0,0.0,1.0,5.0,12.0,2025-10-04,2025-10-25,persistence
05,2025-10-04,2025-11-01,4,4,0.0,0.0,0.0,0.0,0.0,4.0,12.0,2025-10-04,2025-11-01,persistence
06,2025-10-04,2025-10-11,1,1,90.0,90.0,5.0,83.0,90.0,93.0,100.0,2025-10-04,2025-10-11,persistence
06,2025-10-04,2025-10-18,2,2,90.0,90.0,0.0,78.0,90.0,93.0,100.0,2025-10-04,2025-10-18,persistence
06,2025-10-04,2025-10-25,3,3,89.0,89.0,0.0,74.0,89.0,93.0,100.0,2025-10-04,2025-10-25,persistence
06,2025-10-04,2025-11-01,4,4,88.0,88.0,0.0,68.0,88.0,92.0,100.0,2025-10-04,2025-11-01,persistence
08,2025-10-04,2025-10-11,1,1,6.0,6.0,0.0,0.0,6.0,9.0,16.0,2025-10-04,2025-10-11,persistence
08,2025-10-04,2025-10-18,2,2,6.0,6.0,0.0,0.0,6.0,9.0,16.0,2025-10-04,2025-10-18,persistence
08,2025-10-04,2025-10-25,3,3,5.0,5.0,0.0,0.0,5.0,9.0,16.0,2025-10-04,2025-10-25,persistence
08,2025-10-04,2025-11-01,4,4,4.0,4.0,0.0,0.0,4.0,8.0,16.0,2025-10-04,2025-11-01,persistence
09,2025-10-04,2025-10-11,1,1,6.0,6.0,0.0,0.0,6.0,9.0,16.0,2025-10-04,2025-10-11,persistence
09,2025-10-04,2025-10-18,2,2,6.0,6.0,0.0,0.0,6.0,9.0,16.0,2025-10-04,2025-10-18,persistence
09,2025-10-04,2025-10-25,3,3,5.0,5.0,0.0,0.0,5.0,9.0,16.0,2025-10-04,2025-10-25,persistence
09,2025-10-04,2025-11-01,4,4,4.0,4.0,0.0,0.0,4.0,8.0,16.0,2025-10-04,2025-11-01,persistence
10,2025-10-04,2025-10-11,1,1,0.0,0.0,0.0,0.0,0.0,2.0,9.0,2025-10-04,2025-10-11,persistence
10,2025-10-04,2025-10-18,2,2,0.0,0.0,0.0,0.0,0.0,2.0,9.0,2025-10-04,2025-10-18,persistence
10,2025-10-04,2025-10-25,3,3,0.0,0.0,0.0,0.0,0.0,2.0,9.0,2025-10-04,2025-10-25,persistence
10,2025-10-04,2025-11-01,4,4,0.0,0.0,0.0,0.0,0.0,1.0,9.0,2025-10-04,2025-11-01,persistence
11,2025-10-04,2025-10-11,1,1,4.0,4.0,0.0,0.0,4.0,7.0,14.0,2025-10-04,2025-10-11,persistence
11,2025-10-04,2025-10-18,2,2,4.0,4.0,0.0,0.0,4.0,7.0,14.0,2025-10-04,2025-10-18,persistence
11,2025-10-04,2025-10-25,3,3,3.0,3.0,0.0,0.0,3.0,7.0,14.0,2025-10-04,2025-10-25,persistence
11,2025-10-04,2025-11-01,4,4,2.0,2.0,0.0,0.0,2.0,6.0,14.0,2025-10-04,2025-11-01,persistence
12,2025-10-04,2025-10-11,1,1,140.0,140.0,55.0,133.0,140.0,143.0,150.0,2025-10-04,2025-10-11,persistence
12,2025-10-04,2025-10-18,2,2,140.0,140.0,0.0,128.0,140.0,143.0,150.0,2025-10-04,2025-10-18,persistence
12,2025-10-04,2025-10-25,3,3,139.0,139.0,0.0,124.0,139.0,143.0,150.0,2025-10-04,2025-10-25,persistence
12,2025-10-04,2025-11-01,4,4,138.0,138.0,0.0,118.0,138.0,142.0,150.0,2025-10-04,2025-11-01,persistence
13,2025-10-04,2025-10-11,1,1,25.0,25.0,0.0,18.0,25.0,28.0,35.0,2025-10-04,2025-10-11,persistence
13,2025-10-04,2025-10-18,2,2,25.0,25.0,0.0,13.0,25.0,28.0,35.0,2025-10-04,2025-10-18,persistence
13,2025-10-04,2025-10-25,3,3,24.0,24.0,0.0,9.0,24.0,28.0,35.0,2025-10-04,2025-10-25,persistence
13,2025-10-04,2025-11-01,4,4,23.0,23.0,0.0,3.0,23.0,27.0,35.0,2025-10-04,2025-11-01,persistence
15,2025-10-04,2025-10-11,1,1,0.0,0.0,0.0,0.0,0.0,2.0,9.0,2025-10-04,2025-10-11,persistence
15,2025-10-04,2025-10-18,2,2,0.0,0.0,0.0,0.0,0.0,2.0,9.0,2025-10-04,2025-10-18,persistence
15,2025-10-04,2025-10-25,3,3,0.0,0.0,0.0,0.0,0.0,2.0,9.0,2025-10-04,2025-10-25,persistence
15,2025-10-04,2025-11-01,4,4,0.0,0.0,0.0,0.0,0.0,1.0,9.0,2025-10-04,2025-11-01,persistence
16,2025-10-04,2025-10-11,1,1,0.0,0.0,0.0,0.0,0.0,3.0,10.0,2025-10-04,2025-10-11,persistence
16,2025-10-04,2025-10-18,2,2,0.0,0.0,0.0,0.0,0.0,3.0,10.0,2025-10-04,2025-10-18,persistence
16,2025-10-04,2025-10-25,3,3,0.0,0.0,0.0,0.0,0.0,3.0,10.0,2025-10-04,2025-10-25,persistence
16,2025-10-04,2025-11-01,4,4,0.0,0.0,0.0,0.0,0.0,2.0,10.0,2025-10-04,2025-11-01,persistence
17,2025-10-04,2025-10-11,1,1,12.0,12.0,0.0,5.0,12.0,15.0,22.0,2025-10-04,2025-10-11,persistence
17,2025-10-04,2025-10-18,2,2,12.0,12.0,0.0,0.0,12.0,15.0,22.0,2025-10-04,2025-10-18,persistence
17,2025-10-04,2025-10-25,3,3,11.0,11.0,0.0,0.0,11.0,15.0,22.0,2025-10-04,2025-10-25,persistence
17,2025-10-04,2025-11-01,4,4,10.0,10.0,0.0,0.0,10.0,14.0,22.0,2025-10-04,2025-11-01,persistence
18,2025-10-04,2025-10-11,1,1,16.0,16.0,0.0,9.0,16.0,19.0,26.0,2025-10-04,2025-10-11,persistence
18,2025-10-04,2025-10-18,2,2,16.0,16.0,0.0,4.0,16.0,19.0,26.0,2025-10-04,2025-10-18,persistence
18,2025-10-04,2025-10-25,3,3,15.0,15.0,0.0,0.0,15.0,19.0,26.0,2025-10-04,2025-10-25,persistence
18,2025-10-04,2025-11-01,4,4,14.0,14.0,0.0,0.0,14.0,18.0,26.0,2025-10-04,2025-11-01,persistence
19,2025-10-04,2025-10-11,1,1,0.0,0.0,0.0,0.0,0.0,2.0,9.0,2025-10-04,2025-10-11,persistence
19,2025-10-04,2025-10-18,2,2,0.0,0.0,0.0,0.0,0.0,2.0,9.0,2025-10-04,2025-10-18,persistence
19,2025-10-04,2025-10-25,3,3,0.0,0.0,0.0,0.0,0.0,2.0,9.0,2025-10-04,2025-10-25,persistence
19,2025-10-04,2025-11-01,4,4,0.0,0.0,0.0,0.0,0.0,1.0,9.0,2025-10-04,2025-11-01,persistence
20,2025-10-04,2025-10-11,1,1,8.0,8.0,0.0,1.0,8.0,11.0,18.0,2025-10-04,2025-10-11,persistence
20,2025-10-04,2025-10-18,2,2,8.0,8.0,0.0,0.0,8.0,11.0,18.0,2025-10-04,2025-10-18,persistence
20,2025-10-04,2025-10-25,3,3,7.0,7.0,0.0,0.0,7.0,11.0,18.0,2025-10-04,2025-10-25,persistence
20,2025-10-04,2025-11-01,4,4,6.0,6.0,0.0,0.0,6.0,10.0,18.0,2025-10-04,2025-11-01,persistence
21,2025-10-04,2025-10-11,1,1,13.0,13.0,0.0,6.0,13.0,16.0,23.0,2025-10-04,2025-10-11,persistence
21,2025-10-04,2025-10-18,2,2,13.0,13.0,0.0,1.0,13.0,16.0,23.0,2025-10-04,2025-10-18,persistence
21,2025-10-04,2025-10-25,3,3,12.0,12.0,0.0,0.0,12.0,16.0,23.0,2025-10-04,2025-10-25,persistence
21,2025-10-04,2025-11-01,4,4,11.0,11.0,0.0,0.0,11.0,15.0,23.0,2025-10-04,2025-11-01,persistence
22,2025-10-04,2025-10-11,1,1,31.0,31.0,0.0,24.0,31.0,34.0,41.0,2025-10-04,2025-10-11,persistence
22,2025-10-04,2025-10-18,2,2,31.0,31.0,0.0,19.0,31.0,34.0,41.0,2025-10-04,2025-10-18,persistence
22,2025-10-04,2025-10-25,3,3,30.0,30.0,0.0,15.0,30.0,34.0,41.0,2025-10-04,2025-10-25,persistence
22,2025-10-04,2025-11-01,4,4,29.0,29.0,0.0,9.0,29.0,33.0,41.0,2025-10-04,2025-11-01,persistence
23,2025-10-04,2025-10-11,1,1,0.0,0.0,0.0,0.0,0.0,2.0,9.0,2025-10-04,2025-10-11,persistence
23,2025-10-04,2025-10-18,2,2,0.0,0.0,0.0,0.0,0.0,2.0,9.0,2025-10-04,2025-10-18,persistence
23,2025-10-04,2025-10-25,3,3,0.0,0.0,0.0,0.0,0.0,2.0,9.0,2025-10-04,2025-10-25,persistence
23,2025-10-04,2025-11-01,4,4,0.0,0.0,0.0,0.0,0.0,1.0,9.0,2025-10-04,2025-11-01,persistence
24,2025-10-04,2025-10-11,1,1,1.0,1.0,0.0,0.0,1.0,4.0,11.0,2025-10-04,2025-10-11,persistence
24,2025-10-04,2025-10-18,2,2,1.0,1.0,0.0,0.0,1.0,4.0,11.0,2025-10-04,2025-10-18,persistence
24,2025-10-04,2025-10-25,3,3,0.0,0.0,0.0,0.0,0.0,4.0,11.0,2025-10-04,2025-10-25,persistence
24,2025-10-04,2025-11-01,4,4,0.0,0.0,0.0,0.0,0.0,3.0,11.0,2025-10-04,2025-11-01,persistence
25,2025-10-04,2025-10-11,1,1,15.0,15.0,0.0,8.0,15.0,18.0,25.0,2025-10-04,2025-10-11,persistence
25,2025-10-04,2025-10-18,2,2,15.0,15.0,0.0,3.0,15.0,18.0,25.0,2025-10-04,2025-10-18,persistence
25,2025-10-04,2025-10-25,3,3,14.0,14.0,0.0,0.0,14.0,18.0,25.0,2025-10-04,2025-10-25,persistence
25,2025-10-04,2025-11-01,4,4,13.0,13.0,0.0,0.0,13.0,17.0,25.0,2025-10-04,2025-11-01,persistence
26,2025-10-04,2025-10-11,1,1,12.0,12.0,0.0,5.0,12.0,15.0,22.0,2025-10-04,2025-10-11,persistence
26,2025-10-04,2025-10-18,2,2,12.0,12.0,0.0,0.0,12.0,15.0,22.0,2025-10-04,2025-10-18,persistence
26,2025-10-04,2025-10-25,3,3,11.0,11.0,0.0,0.0,11.0,15.0,22.0,2025-10-04,2025-10-25,persistence
26,2025-10-04,2025-11-01,4,4,10.0,10.0,0.0,0.0,10.0,14.0,22.0,2025-10-04,2025-11-01,persistence
27,2025-10-04,2025-10-11,1,1,0.0,0.0,0.0,0.0,0.0,1.0,8.0,2025-10-04,2025-10-11,persistence
27,2025-10-04,2025-10-18,2,2,0.0,0.0,0.0,0.0,0.0,1.0,8.0,2025-10-04,2025-10-18,persistence
27,2025-10-04,2025-10-25,3,3,0.0,0.0,0.0,0.0,0.0,1.0,8.0,2025-10-04,2025-10-25,persistence
27,2025-10-04,2025-11-01,4,4,0.0,0.0,0.0,0.0,0.0,0.0,8.0,2025-10-04,2025-11-01,persistence
28,2025-10-04,2025-10-11,1,1,13.0,13.0,0.0,6.0,13.0,16.0,23.0,2025-10-04,2025-10-11,persistence
28,2025-10-04,2025-10-18,2,2,13.0,13.0,0.0,1.0,13.0,16.0,23.0,2025-10-04,2025-10-18,persistence
28,2025-10-04,2025-10-25,3,3,12.0,12.0,0.0,0.0,12.0,16.0,23.0,2025-10-04,2025-10-25,persistence
28,2025-10-04,2025-11-01,4,4,11.0,11.0,0.0,0.0,11.0,15.0,23.0,2025-10-04,2025-11-01,persistence
29,2025-10-04,2025-10-11,1,1,17.0,17.0,0.0,10.0,17.0,20.0,27.0,2025-10-04,2025-10-11,persistence
29,2025-10-04,2025-10-18,2,2,17.0,17.0,0.0,5.0,17.0,20.0,27.0,2025-10-04,2025-10-18,persistence
29,2025-10-04,2025-10-25,3,3,16.0,16.0,0.0,1.0,16.0,20.0,27.0,2025-10-04,2025-10-25,persistence
29,2025-10-04,2025-11-01,4,4,15.0,15.0,0.0,0.0,15.0,19.0,27.0,2025-10-04,2025-11-01,persistence
30,2025-10-04,2025-10-11,1,1,4.0,4.0,0.0,0.0,4.0,7.0,14.0,2025-10-04,2025-10-11,persistence
30,2025-10-04,2025-10-18,2,2,4.0,4.0,0.0,0.0,4.0,7.0,14.0,2025-10-04,2025-10-18,persistence
30,2025-10-04,2025-10-25,3,3,3.0,3.0,0.0,0.0,3.0,7.0,14.0,2025-10-04,2025-10-25,persistence
30,2025-10-04,2025-11-01,4,4,2.0,2.0,0.0,0.0,2.0,6.0,14.0,2025-10-04,2025-11-01,persistence
31,2025-10-04,2025-10-11,1,1,0.0,0.0,0.0,0.0,0.0,2.0,9.0,2025-10-04,2025-10-11,persistence
31,2025-10-04,2025-10-18,2,2,0.0,0.0,0.0,0.0,0.0,2.0,9.0,2025-10-04,2025-10-18,persistence
31,2025-10-04,2025-10-25,3,3,0.0,0.0,0.0,0.0,0.0,2.0,9.0,2025-10-04,2025-10-25,persistence
31,2025-10-04,2025-11-01,4,4,0.0,0.0,0.0,0.0,0.0,1.0,9.0,2025-10-04,2025-11-01,persistence
32,2025-10-04,2025-10-11,1,1,3.0,3.0,0.0,0.0,3.0,6.0,13.0,2025-10-04,2025-10-11,persistence
32,2025-10-04,2025-10-18,2,2,3.0,3.0,0.0,0.0,3.0,6.0,13.0,2025-10-04,2025-10-18,persistence
32,2025-10-04,2025-10-25,3,3,2.0,2.0,0.0,0.0,2.0,6.0,13.0,2025-10-04,2025-10-25,persistence
32,2025-10-04,2025-11-01,4,4,1.0,1.0,0.0,0.0,1.0,5.0,13.0,2025-10-04,2025-11-01,persistence
33,2025-10-04,2025-10-11,1,1,2.0,2.0,0.0,0.0,2.0,5.0,12.0,2025-10-04,2025-10-11,persistence
33,2025-10-04,2025-10-18,2,2,2.0,2.0,0.0,0.0,2.0,5.0,12.0,2025-10-04,2025-10-18,persistence
33,2025-10-04,2025-10-25,3,3,1.0,1.0,0.0,0.0,1.0,5.0,12.0,2025-10-04,2025-10-25,persistence
33,2025-10-04,2025-11-01,4,4,0.0,0.0,0.0,0.0,0.0,4.0,12.0,2025-10-04,2025-11-01,persistence
34,2025-10-04,2025-10-11,1,1,14.0,14.0,0.0,7.0,14.0,17.0,24.0,2025-10-04,2025-10-11,persistence
34,2025-10-04,2025-10-18,2,2,14.0,14.0,0.0,2.0,14.0,17.0,24.0,2025-10-04,2025-10-18,persistence
34,2025-10-04,2025-10-25,3,3,13.0,13.0,0.0,0.0,13.0,17.0,24.0,2025-10-04,2025-10-25,persistence
34,2025-10-04,2025-11-01,4,4,12.0,12.0,0.0,0.0,12.0,16.0,24.0,2025-10-04,2025-11-01,persistence
35,2025-10-04,2025-10-11,1,1,0.0,0.0,0.0,0.0,0.0,1.0,8.0,2025-10-04,2025-10-11,persistence
35,2025-10-04,2025-10-18,2,2,0.0,0.0,0.0,0.0,0.0,1.0,8.0,2025-10-04,2025-10-18,persistence
35,2025-10-04,2025-10-25,3,3,0.0,0.0,0.0,0.0,0.0,1.0,8.0,2025-10-04,2025-10-25,persistence
35,2025-10-04,2025-11-01,4,4,0.0,0.0,0.0,0.0,0.0,0.0,8.0,2025-10-04,2025-11-01,persistence
36,2025-10-04,2025-10-11,1,1,20.0,20.0,0.0,13.0,20.0,23.0,30.0,2025-10-04,2025-10-11,persistence
36,2025-10-04,2025-10-18,2,2,20.0,20.0,0.0,8.0,20.0,23.0,30.0,2025-10-04,2025-10-18,persistence
36,2025-10-04,2025-10-25,3,3,19.0,19.0,0.0,4.0,19.0,23.0,30.0,2025-10-04,2025-10-25,persistence
36,2025-10-04,2025-11-01,4,4,18.0,18.0,0.0,0.0,18.0,22.0,30.0,2025-10-04,2025-11-01,persistence
37,2025-10-04,2025-10-11,1,1,17.0,17.0,0.0,10.0,17.0,20.0,27.0,2025-10-04,2025-10-11,persistence
37,2025-10-04,2025-10-18,2,2,17.0,17.0,0.0,5.0,17.0,20.0,27.0,2025-10-04,2025-10-18,persistence
37,2025-10-04,2025-10-25,3,3,16.0,16.0,0.0,1.0,16.0,20.0,27.0,2025-10-04,2025-10-25,persistence
37,2025-10-04,2025-11-01,4,4,15.0,15.0,0.0,0.0,15.0,19.0,27.0,2025-10-04,2025-11-01,persistence
38,2025-10-04,2025-10-11,1,1,1.0,1.0,0.0,0.0,1.0,4.0,11.0,2025-10-04,2025-10-11,persistence
38,2025-10-04,2025-10-18,2,2,1.0,1.0,0.0,0.0,1.0,4.0,11.0,2025-10-04,2025-10-18,persistence
38,2025-10-04,2025-10-25,3,3,0.0,0.0,0.0,0.0,0.0,4.0,11.0,2025-10-04,2025-10-25,persistence
38,2025-10-04,2025-11-01,4,4,0.0,0.0,0.0,0.0,0.0,3.0,11.0,2025-10-04,2025-11-01,persistence
39,2025-10-04,2025-10-11,1,1,15.0,15.0,0.0,8.0,15.0,18.0,25.0,2025-10-04,2025-10-11,persistence
39,2025-10-04,2025-10-18,2,2,15.0,15.0,0.0,3.0,15.0,18.0,25.0,2025-10-04,2025-10-18,persistence
39,2025-10-04,2025-10-25,3,3,14.0,14.0,0.0,0.0,14.0,18.0,25.0,2025-10-04,2025-10-25,persistence
39,2025-10-04,2025-11-01,4,4,13.0,13.0,0.0,0.0,13.0,17.0,25.0,2025-10-04,2025-11-01,persistence
40,2025-10-04,2025-10-11,1,1,16.0,16.0,0.0,9.0,16.0,19.0,26.0,2025-10-04,2025-10-11,persistence
40,2025-10-04,2025-10-18,2,2,16.0,16.0,0.0,4.0,16.0,19.0,26.0,2025-10-04,2025-10-18,persistence
40,2025-10-04,2025-10-25,3,3,15.0,15.0,0.0,0.0,15.0,19.0,26.0,2025-10-04,2025-10-25,persistence
40,2025-10-04,2025-11-01,4,4,14.0,14.0,0.0,0.0,14.0,18.0,26.0,2025-10-04,2025-11-01,persistence
41,2025-10-04,2025-10-11,1,1,1.0,1.0,0.0,0.0,1.0,4.0,11.0,2025-10-04,2025-10-11,persistence
41,2025-10-04,2025-10-18,2,2,1.0,1.0,0.0,0.0,1.0,4.0,11.0,2025-10-04,2025-10-18,persistence
41,2025-10-04,2025-10-25,3,3,0.0,0.0,0.0,0.0,0.0,4.0,11.0,2025-10-04,2025-10-25,persistence
41,2025-10-04,2025-11-01,4,4,0.0,0.0,0.0,0.0,0.0,3.0,11.0,2025-10-04,2025-11-01,persistence
42,2025-10-04,2025-10-11,1,1,110.0,110.0,25.0,103.0,110.0,113.0,120.0,2025-10-04,2025-10-11,persistence
42,2025-10-04,2025-10-18,2,2,110.0,110.0,0.0,98.0,110.0,113.0,120.0,2025-10-04,2025-10-18,persistence
42,2025-10-04,2025-10-25,3,3,109.0,109.0,0.0,94.0,109.0,113.0,120.0,2025-10-04,2025-10-25,persistence
42,2025-10-04,2025-11-01,4,4,108.0,108.0,0.0,88.0,108.0,112.0,120.0,2025-10-04,2025-11-01,persistence
44,2025-10-04,2025-10-11,1,1,1.0,1.0,0.0,0.0,1.0,4.0,11.0,2025-10-04,2025-10-11,persistence
44,2025-10-04,2025-10-18,2,2,1.0,1.0,0.0,0.0,1.0,4.0,11.0,2025-10-04,2025-10-18,persistence
44,2025-10-04,2025-10-25,3,3,0.0,0.0,0.0,0.0,0.0,4.0,11.0,2025-10-04,2025-10-25,persistence
44,2025-10-04,2025-11-01,4,4,0.0,0.0,0.0,0.0,0.0,3.0,11.0,2025-10-04,2025-11-01,persistence
45,2025-10-04,2025-10-11,1,1,15.0,15.0,0.0,8.0,15.0,18.0,25.0,2025-10-04,2025-10-11,persistence
45,2025-10-04,2025-10-18,2,2,15.0,15.0,0.0,3.0,15.0,18.0,25.0,2025-10-04,2025-10-18,persistence
45,2025-10-04,2025-10-25,3,3,14.0,14.0,0.0,0.0,14.0,18.0,25.0,2025-10-04,2025-10-25,persistence
45,2025-10-04,2025-11-01,4,4,13.0,13.0,0.0,0.0,13.0,17.0,25.0,2025-10-04,2025-11-01,persistence
46,2025-10-04,2025-10-11,1,1,0.0,0.0,0.0,0.0,0.0,2.0,9.0,2025-10-04,2025-10-11,persistence
46,2025-10-04,2025-10-18,2,2,0.0,0.0,0.0,0.0,0.0,2.0,9.0,2025-10-04,2025-10-18,persistence
46,2025-10-04,2025-10-25,3,3,0.0,0.0,0.0,0.0,0.0,2.0,9.0,2025-10-04,2025-10-25,persistence
46,2025-10-04,2025-11-01,4,4,0.0,0.0,0.0,0.0,0.0,1.0,9.0,2025-10-04,2025-11-01,persistence
47,2025-10-04,2025-10-11,1,1,24.0,24.0,0.0,17.0,24.0,27.0,34.0,2025-10-04,2025-10-11,persistence
47,2025-10-04,2025-10-18,2,2,24.0,24.0,0.0,12.0,24.0,27.0,34.0,2025-10-04,2025-10-18,persistence
47,2025-10-04,2025-10-25,3,3,23.0,23.0,0.0,8.0,23.0,27.0,34.0,2025-10-04,2025-10-25,persistence
47,2025-10-04,2025-11-01,4,4,22.0,22.0,0.0,2.0,22.0,26.0,34.0,2025-10-04,2025-11-01,persistence
48,2025-10-04,2025-10-11,1,1,99.0,99.0,14.0,92.0,99.0,102.0,109.0,2025-10-04,2025-10-11,persistence
48,2025-10-04,2025-10-18,2,2,99.0,99.0,0.0,87.0,99.0,102.0,109.0,2025-10-04,2025-10-18,persistence
48,2025-10-04,2025-10-25,3,3,98.0,98.0,0.0,83.0,98.0,102.0,109.0,2025-10-04,2025-10-25,persistence
48,2025-10-04,2025-11-01,4,4,97.0,97.0,0.0,77.0,97.0,101.0,109.0,2025-10-04,2025-11-01,persistence
49,2025-10-04,2025-10-11,1,1,0.0,0.0,0.0,0.0,0.0,3.0,10.0,2025-10-04,2025-10-11,persistence
49,2025-10-04,2025-10-18,2,2,0.0,0.0,0.0,0.0,0.0,3.0,10.0,2025-10-04,2025-10-18,persistence
49,2025-10-04,2025-10-25,3,3,0.0,0.0,0.0,0.0,0.0,3.0,10.0,2025-10-04,2025-10-25,persistence
49,2025-10-04,2025-11-01,4,4,0.0,0.0,0.0,0.0,0.0,2.0,10.0,2025-10-04,2025-11-01,persistence
50,2025-10-04,2025-10-11,1,1,0.0,0.0,0.0,0.0,0.0,1.0,8.0,2025-10-04,2025-10-11,persistence
50,2025-10-04,2025-10-18,2,2,0.0,0.0,0.0,0.0,0.0,1.0,8.0,2025-10-04,2025-10-18,persistence
50,2025-10-04,2025-10-25,3,3,0.0,0.0,0.0,0.0,0.0,1.0,8.0,2025-10-04,2025-10-25,persistence
50,2025-10-04,2025-11-01,4,4,0.0,0.0,0.0,0.0,0.0,0.0,8.0,2025-10-04,2025-11-01,persistence
51,2025-10-04,2025-10-11,1,1,13.0,13.0,0.0,6.0,13.0,16.0,23.0,2025-10-04,2025-10-11,persistence
51,2025-10-04,2025-10-18,2,2,13.0,13.0,0.0,1.0,13.0,16.0,23.0,2025-10-04,2025-10-18,persistence
51,2025-10-04,2025-10-25,3,3,12.0,12.0,0.0,0.0,12.0,16.0,23.0,2025-10-04,2025-10-25,persistence
51,2025-10-04,2025-11-01,4,4,11.0,11.0,0.0,0.0,11.0,15.0,23.0,2025-10-04,2025-11-01,persistence
53,2025-10-04,2025-10-11,1,1,4.0,4.0,0.0,0.0,4.0,7.0,14.0,2025-10-04,2025-10-11,persistence
53,2025-10-04,2025-10-18,2,2,4.0,4.0,0.0,0.0,4.0,7.0,14.0,2025-10-04,2025-10-18,persistence
53,2025-10-04,2025-10-25,3,3,3.0,3.0,0.0,0.0,3.0,7.0,14.0,2025-10-04,2025-10-25,persistence
53,2025-10-04,2025-11-01,4,4,2.0,2.0,0.0,0.0,2.0,6.0,14.0,2025-10-04,2025-11-01,persistence
54,2025-10-04,2025-10-11,1,1,0.0,0.0,0.0,0.0,0.0,1.0,8.0,2025-10-04,2025-10-11,persistence
54,2025-10-04,2025-10-18,2,2,0.0,0.0,0.0,0.0,0.0,1.0,8.0,2025-10-04,2025-10-18,persistence
54,2025-10-04,2025-10-25,3,3,0.0,0.0,0.0,0.0,0.0,1.0,8.0,2025-10-04,2025-10-25,persistence
54,2025-10-04,2025-11-01,4,4,0.0,0.0,0.0,0.0,0.0,0.0,8.0,2025-10-04,2025-11-01,persistence
55,2025-10-04,2025-10-11,1,1,5.0,5.0,0.0,0.0,5.0,8.0,15.0,2025-10-04,2025-10-11,persistence
55,2025-10-04,2025-10-18,2,2,5.0,5.0,0.0,0.0,5.0,8.0,15.0,2025-10-04,2025-10-18,persistence
55,2025-10-04,2025-10-25,3,3,4.0,4.0,0.0,0.0,4.0,8.0,15.0,2025-10-04,2025-10-25,persistence
55,2025-10-04,2025-11-01,4,4,3.0,3.0,0.0,0.0,3.0,7.0,15.0,2025-10-04,2025-11-01,persistence
56,2025-10-04,2025-10-11,1,1,0.0,0.0,0.0,0.0,0.0,3.0,10.0,2025-10-04,2025-10-11,persistence
56,2025-10-04,2025-10-18,2,2,0.0,0.0,0.0,0.0,0.0,3.0,10.0,2025-10-04,2025-10-18,persistence
56,2025-10-04,2025-10-25,3,3,0.0,0.0,0.0,0.0,0.0,3.0,10.0,2025-10-04,2025-10-25,persistence
56,2025-10-04,2025-11-01,4,4,0.0,0.0,0.0,0.0,0.0,2.0,10.0,2025-10-04,2025-11-01,persistence
72,2025-10-04,2025-10-11,1,1,63.0,63.0,0.0,56.0,63.0,66.0,73.0,2025-10-04,2025-10-11,persistence
72,2025-10-04,2025-10-18,2,2,63.0,63.0,0.0,51.0,63.0,66.0,73.0,2025-10-04,2025-10-18,persistence
72,2025-10-04,2025-10-25,3,3,62.0,62.0,0.0,47.0,62.0,66.0,73.0,2025-10-04,2025-10-25,persistence
72,2025-10-04,2025-11-01,4,4,61.0,61.0,0.0,41.0,61.0,65.0,73.0,2025-10-04,2025-11-01,persistence
01,2025-11-01,2025-11-08,1,1,15.0,15.0,0.0,11.0,15.0,17.0,26.0,2025-11-01,2025-11-08,persistence
01,2025-11-01,2025-11-15,2,2,14.0,14.0,0.0,9.0,14.0,17.0,25.0,2025-11-01,2025-11-15,persistence
01,2025-11-01,2025-11-22,3,3,14.0,14.0,0.0,8.0,14.0,17.0,26.0,2025-11-01,2025-11-22,persistence
01,2025-11-01,2025-11-29,4,4,13.0,13.0,0.0,6.0,13.0,17.0,27.0,2025-11-01,2025-11-29,persistence
02,2025-11-01,2025-11-08,1,1,0.0,0.0,0.0,0.0,0.0,2.0,11.0,2025-11-01,2025-11-08,persistence
02,2025-11-01,2025-11-15,2,2,0.0,0.0,0.0,0.0,0.0,2.0,10.0,2025-11-01,2025-11-15,persistence
02,2025-11-01,2025-11-22,3,3,0.0,0.0,0.0,0.0,0.0,2.0,11.0,2025-11-01,2025-11-22,persistence
02,2025-11-01,2025-11-29,4,4,0.0,0.0,0.0,0.0,0.0,2.0,12.0,2025-11-01,2025-11-29,persistence
04,2025-11-01,2025-11-08,1,1,11.0,11.0,0.0,7.0,11.0,13.0,22.0,2025-11-01,2025-11-08,persistence
04,2025-11-01,2025-11-15,2,2,10.0,10.0,0.0,5.0,10.0,13.0,21.0,2025-11-01,2025-11-15,persistence
04,2025-11-01,2025-11-22,3,3,10.0,10.0,0.0,4.0,10.0,13.0,22.0,2025-11-01,2025-11-22,persistence
04,2025-11-01,2025-11-29,4,4,9.0,9.0,0.0,2.0,9.0,13.0,23.0,2025-11-01,2025-11-29,persistence
05,2025-11-01,2025-11-08,1,1,9.0,9.0,0.0,5.0,9.0,11.0,20.0,2025-11-01,2025-11-08,persistence
05,2025-11-01,2025-11-15,2,2,8.0,8.0,0.0,3.0,8.0,11.0,19.0,2025-11-01,2025-11-15,persistence
05,2025-11-01,2025-11-22,3,3,8.0,8.0,0.0,2.0,8.0,11.0,20.0,2025-11-01,2025-11-22,persistence
05,2025-11-01,2025-11-29,4,4,7.0,7.0,0.0,0.0,7.0,11.0,21.0,2025-11-01,2025-11-29,persistence
06,2025-11-01,2025-11-08,1,1,139.0,139.0,114.80000000000001,135.0,139.0,141.0,150.0,2025-11-01,2025-11-08,persistence
06,2025-11-01,2025-11-15,2,2,138.0,138.0,103.0,133.0,138.0,141.0,149.0,2025-11-01,2025-11-15,persistence
06,2025-11-01,2025-11-22,3,3,138.0,138.0,91.0,132.0,138.0,141.0,150.0,2025-11-01,2025-11-22,persistence
06,2025-11-01,2025-11-29,4,4,137.0,137.0,83.70000000000002,130.0,137.0,141.0,151.0,2025-11-01,2025-11-29,persistence
08,2025-11-01,2025-11-08,1,1,18.0,18.0,0.0,14.0,18.0,20.0,29.0,2025-11-01,2025-11-08,persistence
08,2025-11-01,2025-11-15,2,2,17.0,17.0,0.0,12.0,17.0,20.0,28.0,2025-11-01,2025-11-15,persistence
08,2025-11-01,2025-11-22,3,3,17.0,17.0,0.0,11.0,17.0,20.0,29.0,2025-11-01,2025-11-22,persistence
08,2025-11-01,2025-11-29,4,4,16.0,16.0,0.0,9.0,16.0,20.0,30.0,2025-11-01,2025-11-29,persistence
09,2025-11-01,2025-11-08,1,1,8.0,8.0,0.0,4.0,8.0,10.0,19.0,2025-11-01,2025-11-08,persistence
09,2025-11-01,2025-11-15,2,2,7.0,7.0,0.0,2.0,7.0,10.0,18.0,2025-11-01,2025-11-15,persistence
09,2025-11-01,2025-11-22,3,3,7.0,7.0,0.0,1.0,7.0,10.0,19.0,2025-11-01,2025-11-22,persistence
09,2025-11-01,2025-11-29,4,4,6.0,6.0,0.0,0.0,6.0,10.0,20.0,2025-11-01,2025-11-29,persistence
10,2025-11-01,2025-11-08,1,1,3.0,3.0,0.0,0.0,3.0,5.0,14.0,2025-11-01,2025-11-08,persistence
10,2025-11-01,2025-11-15,2,2,2.0,2.0,0.0,0.0,2.0,5.0,13.0,2025-11-01,2025-11-15,persistence
10,2025-11-01,2025-11-22,3,3,2.0,2.0,0.0,0.0,2.0,5.0,14.0,2025-11-01,2025-11-22,persistence
10,2025-11-01,2025-11-29,4,4,1.0,1.0,0.0,0.0,1.0,5.0,15.0,2025-11-01,2025-11-29,persistence
11,2025-11-01,2025-11-08,1,1,0.0,0.0,0.0,0.0,0.0,2.0,11.0,2025-11-01,2025-11-08,persistence
11,2025-11-01,2025-11-15,2,2,0.0,0.0,0.0,0.0,0.0,2.0,10.0,2025-11-01,2025-11-15,persistence
11,2025-11-01,2025-11-22,3,3,0.0,0.0,0.0,0.0,0.0,2.0,11.0,2025-11-01,2025-11-22,persistence
11,2025-11-01,2025-11-29,4,4,0.0,0.0,0.0,0.0,0.0,2.0,12.0,2025-11-01,2025-11-29,persistence
12,2025-11-01,2025-11-08,1,1,236.0,236.0,211.8,232.0,236.0,238.0,247.0,2025-11-01,2025-11-08,persistence
12,2025-11-01,2025-11-15,2,2,235.0,235.0,200.0,230.0,235.0,238.0,246.0,2025-11-01,2025-11-15,persistence
12,2025-11-01,2025-11-22,3,3,235.0,235.0,188.0,229.0,235.0,238.0,247.0,2025-11-01,2025-11-22,persistence
12,2025-11-01,2025-11-29,4,4,234.0,234.0,180.70000000000002,227.0,234.0,238.0,248.0,2025-11-01,2025-11-29,persistence
13,2025-11-01,2025-11-08,1,1,31.0,31.0,6.800000000000011,27.0,31.0,33.0,42.0,2025-11-01,2025-11-08,persistence
13,2025-11-01,2025-11-15,2,2,30.0,30.0,0.0,25.0,30.0,33.0,41.0,2025-11-01,2025-11-15,persistence
13,2025-11-01,2025-11-22,3,3,30.0,30.0,0.0,24.0,30.0,33.0,42.0,2025-11-01,2025-11-22,persistence
13,2025-11-01,2025-11-29,4,4,29.0,29.0,0.0,22.0,29.0,33.0,43.0,2025-11-01,2025-11-29,persistence
15,2025-11-01,2025-11-08,1,1,7.0,7.0,0.0,3.0,7.0,9.0,18.0,2025-11-01,2025-11-08,persistence
15,2025-11-01,2025-11-15,2,2,6.0,6.0,0.0,1.0,6.0,9.0,17.0,2025-11-01,2025-11-15,persistence
15,2025-11-01,2025-11-22,3,3,6.0,6.0,0.0,0.0,6.0,9.0,18.0,2025-11-01,2025-11-22,persistence
15,2025-11-01,2025-11-29,4,4,5.0,5.0,0.0,0.0,5.0,9.0,19.0,2025-11-01,2025-11-29,persistence
16,2025-11-01,2025-11-08,1,1,8.0,8.0,0.0,4.0,8.0,10.0,19.0,2025-11-01,2025-11-08,persistence
16,2025-11-01,2025-11-15,2,2,7.0,7.0,0.0,2.0,7.0,10.0,18.0,2025-11-01,2025-11-15,persistence
16,2025-11-01,2025-11-22,3,3,7.0,7.0,0.0,1.0,7.0,10.0,19.0,2025-11-01,2025-11-22,persistence
16,2025-11-01,2025-11-29,4,4,6.0,6.0,0.0,0.0,6.0,10.0,20.0,2025-11-01,2025-11-29,persistence
17,2025-11-01,2025-11-08,1,1,38.0,38.0,13.800000000000011,34.0,38.0,40.0,49.0,2025-11-01,2025-11-08,persistence
17,2025-11-01,2025-11-15,2,2,37.0,37.0,2.0,32.0,37.0,40.0,48.0,2025-11-01,2025-11-15,persistence
17,2025-11-01,2025-11-22,3,3,37.0,37.0,0.0,31.0,37.0,40.0,49.0,2025-11-01,2025-11-22,persistence
17,2025-11-01,2025-11-29,4,4,36.0,36.0,0.0,29.0,36.0,40.0,50.0,2025-11-01,2025-11-29,persistence
18,2025-11-01,2025-11-08,1,1,19.0,19.0,0.0,15.0,19.0,21.0,30.0,2025-11-01,2025-11-08,persistence
18,2025-11-01,2025-11-15,2,2,18.0,18.0,0.0,13.0,18.0,21.0,29.0,2025-11-01,2025-11-15,persistence
18,2025-11-01,2025-11-22,3,3,18.0,18.0,0.0,12.0,18.0,21.0,30.0,2025-11-01,2025-11-22,persistence
18,2025-11-01,2025-11-29,4,4,17.0,17.0,0.0,10.0,17.0,21.0,31.0,2025-11-01,2025-11-29,persistence
19,2025-11-01,2025-11-08,1,1,3.0,3.0,0.0,0.0,3.0,5.0,14.0,2025-11-01,2025-11-08,persistence
19,2025-11-01,2025-11-15,2,2,2.0,2.0,0.0,0.0,2.0,5.0,13.0,2025-11-01,2025-11-15,persistence
19,2025-11-01,2025-11-22,3,3,2.0,2.0,0.0,0.0,2.0,5.0,14.0,2025-11-01,2025-11-22,persistence
19,2025-11-01,2025-11-29,4,4,1.0,1.0,0.0,0.0,1.0,5.0,15.0,2025-11-01,2025-11-29,persistence
20,2025-11-01,2025-11-08,1,1,11.0,11.0,0.0,7.0,11.0,13.0,22.0,2025-11-01,2025-11-08,persistence
20,2025-11-01,2025-11-15,2,2,10.0,10.0,0.0,5.0,10.0,13.0,21.0,2025-11-01,2025-11-15,persistence
20,2025-11-01,2025-11-22,3,3,10.0,10.0,0.0,4.0,10.0,13.0,22.0,2025-11-01,2025-11-22,persistence
20,2025-11-01,2025-11-29,4,4,9.0,9.0,0.0,2.0,9.0,13.0,23.0,2025-11-01,2025-11-29,persistence
21,2025-11-01,2025-11-08,1,1,13.0,13.0,0.0,9.0,13.0,15.0,24.0,2025-11-01,2025-11-08,persistence
21,2025-11-01,2025-11-15,2,2,12.0,12.0,0.0,7.0,12.0,15.0,23.0,2025-11-01,2025-11-15,persistence
21,2025-11-01,2025-11-22,3,3,12.0,12.0,0.0,6.0,12.0,15.0,24.0,2025-11-01,2025-11-22,persistence
21,2025-11-01,2025-11-29,4,4,11.0,11.0,0.0,4.0,11.0,15.0,25.0,2025-11-01,2025-11-29,persistence
22,2025-11-01,2025-11-08,1,1,44.0,44.0,19.80000000000001,40.0,44.0,46.0,55.0,2025-11-01,2025-11-08,persistence
22,2025-11-01,2025-11-15,2,2,43.0,43.0,8.0,38.0,43.0,46.0,54.0,2025-11-01,2025-11-15,persistence
22,2025-11-01,2025-11-22,3,3,43.0,43.0,0.0,37.0,43.0,46.0,55.0,2025-11-01,2025-11-22,persistence
22,2025-11-01,2025-11-29,4,4,42.0,42.0,0.0,35.0,42.0,46.0,56.0,2025-11-01,2025-11-29,persistence
23,2025-11-01,2025-11-08,1,1,2.0,2.0,0.0,0.0,2.0,4.0,13.0,2025-11-01,2025-11-08,persistence
23,2025-11-01,2025-11-15,2,2,1.0,1.0,0.0,0.0,1.0,4.0,12.0,2025-11-01,2025-11-15,persistence
23,2025-11-01,2025-11-22,3,3,1.0,1.0,0.0,0.0,1.0,4.0,13.0,2025-11-01,2025-11-22,persistence
23,2025-11-01,2025-11-29,4,4,0.0,0.0,0.0,0.0,0.0,4.0,14.0,2025-11-01,2025-11-29,persistence
24,2025-11-01,2025-11-08,1,1,14.0,14.0,0.0,10.0,14.0,16.0,25.0,2025-11-01,2025-11-08,persistence
24,2025-11-01,2025-11-15,2,2,13.0,13.0,0.0,8.0,13.0,16.0,24.0,2025-11-01,2025-11-15,persistence
24,2025-11-01,2025-11-22,3,3,13.0,13.0,0.0,7.0,13.0,16.0,25.0,2025-11-01,2025-11-22,persistence
24,2025-11-01,2025-11-29,4,4,12.0,12.0,0.0,5.0,12.0,16.0,26.0,2025-11-01,2025-11-29,persistence
25,2025-11-01,2025-11-08,1,1,20.0,20.0,0.0,16.0,20.0,22.0,31.0,2025-11-01,2025-11-08,persistence
25,2025-11-01,2025-11-15,2,2,19.0,19.0,0.0,14.0,19.0,22.0,30.0,2025-11-01,2025-11-15,persistence
25,2025-11-01,2025-11-22,3,3,19.0,19.0,0.0,13.0,19.0,22.0,31.0,2025-11-01,2025-11-22,persistence
25,2025-11-01,2025-11-29,4,4,18.0,18.0,0.0,11.0,18.0,22.0,32.0,2025-11-01,2025-11-29,persistence
26,2025-11-01,2025-11-08,1,1,12.0,12.0,0.0,8.0,12.0,14.0,23.0,2025-11-01,2025-11-08,persistence
26,2025-11-01,2025-11-15,2,2,11.0,11.0,0.0,6.0,11.0,14.0,22.0,2025-11-01,2025-11-15,persistence
26,2025-11-01,2025-11-22,3,3,11.0,11.0,0.0,5.0,11.0,14.0,23.0,2025-11-01,2025-11-22,persistence
26,2025-11-01,2025-11-29,4,4,10.0,10.0,0.0,3.0,10.0,14.0,24.0,2025-11-01,2025-11-29,persistence
27,2025-11-01,2025-11-08,1,1,4.0,4.0,0.0,0.0,4.0,6.0,15.0,2025-11-01,2025-11-08,persistence
27,2025-11-01,2025-11-15,2,2,3.0,3.0,0.0,0.0,3.0,6.0,14.0,2025-11-01,2025-11-15,persistence
27,2025-11-01,2025-11-22,3,3,3.0,3.0,0.0,0.0,3.0,6.0,15.0,2025-11-01,2025-11-22,persistence
27,2025-11-01,2025-11-29,4,4,2.0,2.0,0.0,0.0,2.0,6.0,16.0,2025-11-01,2025-11-29,persistence
28,2025-11-01,2025-11-08,1,1,16.0,16.0,0.0,12.0,16.0,18.0,27.0,2025-11-01,2025-11-08,persistence
28,2025-11-01,2025-11-15,2,2,15.0,15.0,0.0,10.0,15.0,18.0,26.0,2025-11-01,2025-11-15,persistence
28,2025-11-01,2025-11-22,3,3,15.0,15.0,0.0,9.0,15.0,18.0,27.0,2025-11-01,2025-11-22,persistence
28,2025-11-01,2025-11-29,4,4,14.0,14.0,0.0,7.0,14.0,18.0,28.0,2025-11-01,2025-11-29,persistence
29,2025-11-01,2025-11-08,1,1,25.0,25.0,0.8000000000000114,21.0,25.0,27.0,36.0,2025-11-01,2025-11-08,persistence
29,2025-11-01,2025-11-15,2,2,24.0,24.0,0.0,19.0,24.0,27.0,35.0,2025-11-01,2025-11-15,persistence
29,2025-11-01,2025-11-22,3,3,24.0,24.0,0.0,18.0,24.0,27.0,36.0,2025-11-01,2025-11-22,persistence
29,2025-11-01,2025-11-29,4,4,23.0,23.0,0.0,16.0,23.0,27.0,37.0,2025-11-01,2025-11-29,persistence
30,2025-11-01,2025-11-08,1,1,1.0,1.0,0.0,0.0,1.0,3.0,12.0,2025-11-01,2025-11-08,persistence
30,2025-11-01,2025-11-15,2,2,0.0,0.0,0.0,0.0,0.0,3.0,11.0,2025-11-01,2025-11-15,persistence
30,2025-11-01,2025-11-22,3,3,0.0,0.0,0.0,0.0,0.0,3.0,12.0,2025-11-01,2025-11-22,persistence
30,2025-11-01,2025-11-29,4,4,0.0,0.0,0.0,0.0,0.0,3.0,13.0,2025-11-01,2025-11-29,persistence
31,2025-11-01,2025-11-08,1,1,1.0,1.0,0.0,0.0,1.0,3.0,12.0,2025-11-01,2025-11-08,persistence
31,2025-11-01,2025-11-15,2,2,0.0,0.0,0.0,0.0,0.0,3.0,11.0,2025-11-01,2025-11-15,persistence
31,2025-11-01,2025-11-22,3,3,0.0,0.0,0.0,0.0,0.0,3.0,12.0,2025-11-01,2025-11-22,persistence
31,2025-11-01,2025-11-29,4,4,0.0,0.0,0.0,0.0,0.0,3.0,13.0,2025-11-01,2025-11-29,persistence
32,2025-11-01,2025-11-08,1,1,6.0,6.0,0.0,2.0,6.0,8.0,17.0,2025-11-01,2025-11-08,persistence
32,2025-11-01,2025-11-15,2,2,5.0,5.0,0.0,0.0,5.0,8.0,16.0,2025-11-01,2025-11-15,persistence
32,2025-11-01,2025-11-22,3,3,5.0,5.0,0.0,0.0,5.0,8.0,17.0,2025-11-01,2025-11-22,persistence
32,2025-11-01,2025-11-29,4,4,4.0,4.0,0.0,0.0,4.0,8.0,18.0,2025-11-01,2025-11-29,persistence
33,2025-11-01,2025-11-08,1,1,2.0,2.0,0.0,0.0,2.0,4.0,13.0,2025-11-01,2025-11-08,persistence
33,2025-11-01,2025-11-15,2,2,1.0,1.0,0.0,0.0,1.0,4.0,12.0,2025-11-01,2025-11-15,persistence
33,2025-11-01,2025-11-22,3,3,1.0,1.0,0.0,0.0,1.0,4.0,13.0,2025-11-01,2025-11-22,persistence
33,2025-11-01,2025-11-29,4,4,0.0,0.0,0.0,0.0,0.0,4.0,14.0,2025-11-01,2025-11-29,persistence
34,2025-11-01,2025-11-08,1,1,35.0,35.0,10.800000000000011,31.0,35.0,37.0,46.0,2025-11-01,2025-11-08,persistence
34,2025-11-01,2025-11-15,2,2,34.0,34.0,0.0,29.0,34.0,37.0,45.0,2025-11-01,2025-11-15,persistence
34,2025-11-01,2025-11-22,3,3,34.0,34.0,0.0,28.0,34.0,37.0,46.0,2025-11-01,2025-11-22,persistence
34,2025-11-01,2025-11-29,4,4,33.0,33.0,0.0,26.0,33.0,37.0,47.0,2025-11-01,2025-11-29,persistence
35,2025-11-01,2025-11-08,1,1,6.0,6.0,0.0,2.0,6.0,8.0,17.0,2025-11-01,2025-11-08,persistence
35,2025-11-01,2025-11-15,2,2,5.0,5.0,0.0,0.0,5.0,8.0,16.0,2025-11-01,2025-11-15,persistence
35,2025-11-01,2025-11-22,3,3,5.0,5.0,0.0,0.0,5.0,8.0,17.0,2025-11-01,2025-11-22,persistence
35,2025-11-01,2025-11-29,4,4,4.0,4.0,0.0,0.0,4.0,8.0,18.0,2025-11-01,2025-11-29,persistence
36,2025-11-01,2025-11-08,1,1,59.0,59.0,34.80000000000001,55.0,59.0,61.0,70.0,2025-11-01,2025-11-08,persistence
36,2025-11-01,2025-11-15,2,2,58.0,58.0,23.0,53.0,58.0,61.0,69.0,2025-11-01,2025-11-15,persistence
36,2025-11-01,2025-11-22,3,3,58.0,58.0,11.0,52.0,58.0,61.0,70.0,2025-11-01,2025-11-22,persistence
36,2025-11-01,2025-11-29,4,4,57.0,57.0,3.700000000000017,50.0,57.0,61.0,71.0,2025-11-01,2025-11-29,persistence
37,2025-11-01,2025-11-08,1,1,28.0,28.0,3.8000000000000114,24.0,28.0,30.0,39.0,2025-11-01,2025-11-08,persistence
37,2025-11-01,2025-11-15,2,2,27.0,27.0,0.0,22.0,27.0,30.0,38.0,2025-11-01,2025-11-15,persistence
37,2025-11-01,2025-11-22,3,3,27.0,27.0,0.0,21.0,27.0,30.0,39.0,2025-11-01,2025-11-22,persistence
37,2025-11-01,2025-11-29,4,4,26.0,26.0,0.0,19.0,26.0,30.0,40.0,2025-11-01,2025-11-29,persistence
38,2025-11-01,2025-11-08,1,1,2.0,2.0,0.0,0.0,2.0,4.0,13.0,2025-11-01,2025-11-08,persistence
38,2025-11-01,2025-11-15,2,2,1.0,1.0,0.0,0.0,1.0,4.0,12.0,2025-11-01,2025-11-15,persistence
38,2025-11-01,2025-11-22,3,3,1.0,1.0,0.0,0.0,1.0,4.0,13.0,2025-11-01,2025-11-22,persistence
38,2025-11-01,2025-11-29,4,4,0.0,0.0,0.0,0.0,0.0,4.0,14.0,2025-11-01,2025-11-29,persistence
39,2025-11-01,2025-11-08,1,1,22.0,22.0,0.0,18.0,22.0,24.0,33.0,2025-11-01,2025-11-08,persistence
39,2025-11-01,2025-11-15,2,2,21.0,21.0,0.0,16.0,21.0,24.0,32.0,2025-11-01,2025-11-15,persistence
39,2025-11-01,2025-11-22,3,3,21.0,21.0,0.0,15.0,21.0,24.0,33.0,2025-11-01,2025-11-22,persistence
39,2025-11-01,2025-11-29,4,4,20.0,20.0,0.0,13.0,20.0,24.0,34.0,2025-11-01,2025-11-29,persistence
40,2025-11-01,2025-11-08,1,1,13.0,13.0,0.0,9.0,13.0,15.0,24.0,2025-11-01,2025-11-08,persistence
40,2025-11-01,2025-11-15,2,2,12.0,12.0,0.0,7.0,12.0,15.0,23.0,2025-11-01,2025-11-15,persistence
40,2025-11-01,2025-11-22,3,3,12.0,12.0,0.0,6.0,12.0,15.0,24.0,2025-11-01,2025-11-22,persistence
40,2025-11-01,2025-11-29,4,4,11.0,11.0,0.0,4.0,11.0,15.0,25.0,2025-11-01,2025-11-29,persistence
41,2025-11-01,2025-11-08,1,1,4.0,4.0,0.0,0.0,4.0,6.0,15.0,2025-11-01,2025-11-08,persistence
41,2025-11-01,2025-11-15,2,2,3.0,3.0,0.0,0.0,3.0,6.0,14.0,2025-11-01,2025-11-15,persistence
41,2025-11-01,2025-11-22,3,3,3.0,3.0,0.0,0.0,3.0,6.0,15.0,2025-11-01,2025-11-22,persistence
41,2025-11-01,2025-11-29,4,4,2.0,2.0,0.0,0.0,2.0,6.0,16.0,2025-11-01,2025-11-29,persistence
42,2025-11-01,2025-11-08,1,1,117.0,117.0,92.80000000000001,113.0,117.0,119.0,128.0,2025-11-01,2025-11-08,persistence
42,2025-11-01,2025-11-15,2,2,116.0,116.0,81.0,111.0,116.0,119.0,127.0,2025-11-01,2025-11-15,persistence
42,2025-11-01,2025-11-22,3,3,116.0,116.0,69.0,110.0,116.0,119.0,128.0,2025-11-01,2025-11-22,persistence
42,2025-11-01,2025-11-29,4,4,115.0,115.0,61.70000000000002,108.0,115.0,119.0,129.0,2025-11-01,2025-11-29,persistence
44,2025-11-01,2025-11-08,1,1,10.0,10.0,0.0,6.0,10.0,12.0,21.0,2025-11-01,2025-11-08,persistence
44,2025-11-01,2025-11-15,2,2,9.0,9.0,0.0,4.0,9.0,12.0,20.0,2025-11-01,2025-11-15,persistence
44,2025-11-01,2025-11-22,3,3,9.0,9.0,0.0,3.0,9.0,12.0,21.0,2025-11-01,2025-11-22,persistence
44,2025-11-01,2025-11-29,4,4,8.0,8.0,0.0,1.0,8.0,12.0,22.0,2025-11-01,2025-11-29,persistence
45,2025-11-01,2025-11-08,1,1,12.0,12.0,0.0,8.0,12.0,14.0,23.0,2025-11-01,2025-11-08,persistence
45,2025-11-01,2025-11-15,2,2,11.0,11.0,0.0,6.0,11.0,14.0,22.0,2025-11-01,2025-11-15,persistence
45,2025-11-01,2025-11-22,3,3,11.0,11.0,0.0,5.0,11.0,14.0,23.0,2025-11-01,2025-11-22,persistence
45,2025-11-01,2025-11-29,4,4,10.0,10.0,0.0,3.0,10.0,14.0,24.0,2025-11-01,2025-11-29,persistence
46,2025-11-01,2025-11-08,1,1,0.0,0.0,0.0,0.0,0.0,2.0,11.0,2025-11-01,2025-11-08,persistence
46,2025-11-01,2025-11-15,2,2,0.0,0.0,0.0,0.0,0.0,2.0,10.0,2025-11-01,2025-11-15,persistence
46,2025-11-01,2025-11-22,3,3,0.0,0.0,0.0,0.0,0.0,2.0,11.0,2025-11-01,2025-11-22,persistence
46,2025-11-01,2025-11-29,4,4,0.0,0.0,0.0,0.0,0.0,2.0,12.0,2025-11-01,2025-11-29,persistence
47,2025-11-01,2025-11-08,1,1,34.0,34.0,9.800000000000011,30.0,34.0,36.0,45.0,2025-11-01,2025-11-08,persistence
47,2025-11-01,2025-11-15,2,2,33.0,33.0,0.0,28.0,33.0,36.0,44.0,2025-11-01,2025-11-15,persistence
47,2025-11-01,2025-11-22,3,3,33.0,33.0,0.0,27.0,33.0,36.0,45.0,2025-11-01,2025-11-22,persistence
47,2025-11-01,2025-11-29,4,4,32.0,32.0,0.0,25.0,32.0,36.0,46.0,2025-11-01,2025-11-29,persistence
48,2025-11-01,2025-11-08,1,1,169.0,169.0,144.8,165.0,169.0,171.0,180.0,2025-11-01,2025-11-08,persistence
48,2025-11-01,2025-11-15,2,2,168.0,168.0,133.0,163.0,168.0,171.0,179.0,2025-11-01,2025-11-15,persistence
48,2025-11-01,2025-11-22,3,3,168.0,168.0,121.0,162.0,168.0,171.0,180.0,2025-11-01,2025-11-22,persistence
48,2025-11-01,2025-11-29,4,4,167.0,167.0,113.70000000000002,160.0,167.0,171.0,181.0,2025-11-01,2025-11-29,persistence
49,2025-11-01,2025-11-08,1,1,1.0,1.0,0.0,0.0,1.0,3.0,12.0,2025-11-01,2025-11-08,persistence
49,2025-11-01,2025-11-15,2,2,0.0,0.0,0.0,0.0,0.0,3.0,11.0,2025-11-01,2025-11-15,persistence
49,2025-11-01,2025-11-22,3,3,0.0,0.0,0.0,0.0,0.0,3.0,12.0,2025-11-01,2025-11-22,persistence
49,2025-11-01,2025-11-29,4,4,0.0,0.0,0.0,0.0,0.0,3.0,13.0,2025-11-01,2025-11-29,persistence
50,2025-11-01,2025-11-08,1,1,0.0,0.0,0.0,0.0,0.0,2.0,11.0,2025-11-01,2025-11-08,persistence
50,2025-11-01,2025-11-15,2,2,0.0,0.0,0.0,0.0,0.0,2.0,10.0,2025-11-01,2025-11-15,persistence
50,2025-11-01,2025-11-22,3,3,0.0,0.0,0.0,0.0,0.0,2.0,11.0,2025-11-01,2025-11-22,persistence
50,2025-11-01,2025-11-29,4,4,0.0,0.0,0.0,0.0,0.0,2.0,12.0,2025-11-01,2025-11-29,persistence
51,2025-11-01,2025-11-08,1,1,15.0,15.0,0.0,11.0,15.0,17.0,26.0,2025-11-01,2025-11-08,persistence
51,2025-11-01,2025-11-15,2,2,14.0,14.0,0.0,9.0,14.0,17.0,25.0,2025-11-01,2025-11-15,persistence
51,2025-11-01,2025-11-22,3,3,14.0,14.0,0.0,8.0,14.0,17.0,26.0,2025-11-01,2025-11-22,persistence
51,2025-11-01,2025-11-29,4,4,13.0,13.0,0.0,6.0,13.0,17.0,27.0,2025-11-01,2025-11-29,persistence
53,2025-11-01,2025-11-08,1,1,16.0,16.0,0.0,12.0,16.0,18.0,27.0,2025-11-01,2025-11-08,persistence
53,2025-11-01,2025-11-15,2,2,15.0,15.0,0.0,10.0,15.0,18.0,26.0,2025-11-01,2025-11-15,persistence
53,2025-11-01,2025-11-22,3,3,15.0,15.0,0.0,9.0,15.0,18.0,27.0,2025-11-01,2025-11-22,persistence
53,2025-11-01,2025-11-29,4,4,14.0,14.0,0.0,7.0,14.0,18.0,28.0,2025-11-01,2025-11-29,persistence
54,2025-11-01,2025-11-08,1,1,1.0,1.0,0.0,0.0,1.0,3.0,12.0,2025-11-01,2025-11-08,persistence
54,2025-11-01,2025-11-15,2,2,0.0,0.0,0.0,0.0,0.0,3.0,11.0,2025-11-01,2025-11-15,persistence
54,2025-11-01,2025-11-22,3,3,0.0,0.0,0.0,0.0,0.0,3.0,12.0,2025-11-01,2025-11-22,persistence
54,2025-11-01,2025-11-29,4,4,0.0,0.0,0.0,0.0,0.0,3.0,13.0,2025-11-01,2025-11-29,persistence
55,2025-11-01,2025-11-08,1,1,6.0,6.0,0.0,2.0,6.0,8.0,17.0,2025-11-01,2025-11-08,persistence
55,2025-11-01,2025-11-15,2,2,5.0,5.0,0.0,0.0,5.0,8.0,16.0,2025-11-01,2025-11-15,persistence
55,2025-11-01,2025-11-22,3,3,5.0,5.0,0.0,0.0,5.0,8.0,17.0,2025-11-01,2025-11-22,persistence
55,2025-11-01,2025-11-29,4,4,4.0,4.0,0.0,0.0,4.0,8.0,18.0,2025-11-01,2025-11-29,persistence
56,2025-11-01,2025-11-08,1,1,5.0,5.0,0.0,1.0,5.0,7.0,16.0,2025-11-01,2025-11-08,persistence
56,2025-11-01,2025-11-15,2,2,4.0,4.0,0.0,0.0,4.0,7.0,15.0,2025-11-01,2025-11-15,persistence
56,2025-11-01,2025-11-22,3,3,4.0,4.0,0.0,0.0,4.0,7.0,16.0,2025-11-01,2025-11-22,persistence
56,2025-11-01,2025-11-29,4,4,3.0,3.0,0.0,0.0,3.0,7.0,17.0,2025-11-01,2025-11-29,persistence
72,2025-11-01,2025-11-08,1,1,61.0,61.0,36.80000000000001,57.0,61.0,63.0,72.0,2025-11-01,2025-11-08,persistence
72,2025-11-01,2025-11-15,2,2,60.0,60.0,25.0,55.0,60.0,63.0,71.0,2025-11-01,2025-11-15,persistence
72,2025-11-01,2025-11-22,3,3,60.0,60.0,13.0,54.0,60.0,63.0,72.0,2025-11-01,2025-11-22,persistence
72,2025-11-01,2025-11-29,4,4,59.0,59.0,5.700000000000017,52.0,59.0,63.0,73.0,2025-11-01,2025-11-29,persistence
01,2025-11-29,2025-12-06,1,1,46.0,46.0,33.0,44.0,46.0,49.0,68.19999999999982,2025-11-29,2025-12-06,persistence
01,2025-11-29,2025-12-13,2,2,46.0,46.0,30.0,43.0,46.0,50.0,78.0,2025-11-29,2025-12-13,persistence
01,2025-11-29,2025-12-20,3,3,46.0,46.0,25.5,43.0,46.0,50.0,83.5,2025-11-29,2025-12-20,persistence
01,2025-11-29,2025-12-27,4,4,46.0,46.0,21.85000000000001,43.0,46.0,50.0,87.29999999999973,2025-11-29,2025-12-27,persistence
02,2025-11-29,2025-12-06,1,1,8.0,8.0,0.0,6.0,8.0,11.0,30.199999999999818,2025-11-29,2025-12-06,persistence
02,2025-11-29,2025-12-13,2,2,8.0,8.0,0.0,5.0,8.0,12.0,40.0,2025-11-29,2025-12-13,persistence
02,2025-11-29,2025-12-20,3,3,8.0,8.0,0.0,5.0,8.0,12.0,45.5,2025-11-29,2025-12-20,persistence
02,2025-11-29,2025-12-27,4,4,8.0,8.0,0.0,5.0,8.0,12.0,49.29999999999973,2025-11-29,2025-12-27,persistence
04,2025-11-29,2025-12-06,1,1,47.0,47.0,34.0,45.0,47.0,50.0,69.19999999999982,2025-11-29,2025-12-06,persistence
04,2025-11-29,2025-12-13,2,2,47.0,47.0,31.0,44.0,47.0,51.0,79.0,2025-11-29,2025-12-13,persistence
04,2025-11-29,2025-12-20,3,3,47.0,47.0,26.5,44.0,47.0,51.0,84.5,2025-11-29,2025-12-20,persistence
04,2025-11-29,2025-12-27,4,4,47.0,47.0,22.85000000000001,44.0,47.0,51.0,88.29999999999973,2025-11-29,2025-12-27,persistence
05,2025-11-29,2025-12-06,1,1,78.0,78.0,65.0,76.0,78.0,81.0,100.19999999999982,2025-11-29,2025-12-06,persistence
05,2025-11-29,2025-12-13,2,2,78.0,78.0,62.0,75.0,78.0,82.0,110.0,2025-11-29,2025-12-13,persistence
05,2025-11-29,2025-12-20,3,3,78.0,78.0,57.5,75.0,78.0,82.0,115.5,2025-11-29,2025-12-20,persistence
05,2025-11-29,2025-12-27,4,4,78.0,78.0,53.85000000000001,75.0,78.0,82.0,119.29999999999973,2025-11-29,2025-12-27,persistence
06,2025-11-29,2025-12-06,1,1,217.0,217.0,204.0,215.0,217.0,220.0,239.19999999999982,2025-11-29,2025-12-06,persistence
06,2025-11-29,2025-12-13,2,2,217.0,217.0,201.0,214.0,217.0,221.0,249.0,2025-11-29,2025-12-13,persistence
06,2025-11-29,2025-12-20,3,3,217.0,217.0,196.5,214.0,217.0,221.0,254.5,2025-11-29,2025-12-20,persistence
06,2025-11-29,2025-12-27,4,4,217.0,217.0,192.85000000000002,214.0,217.0,221.0,258.2999999999997,2025-11-29,2025-12-27,persistence
08,2025-11-29,2025-12-06,1,1,149.0,149.0,136.0,147.0,149.0,152.0,171.19999999999982,2025-11-29,2025-12-06,persistence
08,2025-11-29,2025-12-13,2,2,149.0,149.0,133.0,146.0,149.0,153.0,181.0,2025-11-29,2025-12-13,persistence
08,2025-11-29,2025-12-20,3,3,149.0,149.0,128.5,146.0,149.0,153.0,186.5,2025-11-29,2025-12-20,persistence
08,2025-11-29,2025-12-27,4,4,149.0,149.0,124.85000000000001,146.0,149.0,153.0,190.29999999999973,2025-11-29,2025-12-27,persistence
09,2025-11-29,2025-12-06,1,1,74.0,74.0,61.0,72.0,74.0,77.0,96.19999999999982,2025-11-29,2025-12-06,persistence
09,2025-11-29,2025-12-13,2,2,74.0,74.0,58.0,71.0,74.0,78.0,106.0,2025-11-29,2025-12-13,persistence
09,2025-11-29,2025-12-20,3,3,74.0,74.0,53.5,71.0,74.0,78.0,111.5,2025-11-29,2025-12-20,persistence
09,2025-11-29,2025-12-27,4,4,74.0,74.0,49.85000000000001,71.0,74.0,78.0,115.29999999999973,2025-11-29,2025-12-27,persistence
10,2025-11-29,2025-12-06,1,1,13.0,13.0,0.0,11.0,13.0,16.0,35.19999999999982,2025-11-29,2025-12-06,persistence
10,2025-11-29,2025-12-13,2,2,13.0,13.0,0.0,10.0,13.0,17.0,45.0,2025-11-29,2025-12-13,persistence
10,2025-11-29,2025-12-20,3,3,13.0,13.0,0.0,10.0,13.0,17.0,50.5,2025-11-29,2025-12-20,persistence
10,2025-11-29,2025-12-27,4,4,13.0,13.0,0.0,10.0,13.0,17.0,54.29999999999973,2025-11-29,2025-12-27,persistence
11,2025-11-29,2025-12-06,1,1,14.0,14.0,1.0,12.0,14.0,17.0,36.19999999999982,2025-11-29,2025-12-06,persistence
11,2025-11-29,2025-12-13,2,2,14.0,14.0,0.0,11.0,14.0,18.0,46.0,2025-11-29,2025-12-13,persistence
11,2025-11-29,2025-12-20,3,3,14.0,14.0,0.0,11.0,14.0,18.0,51.5,2025-11-29,2025-12-20,persistence
11,2025-11-29,2025-12-27,4,4,14.0,14.0,0.0,11.0,14.0,18.0,55.29999999999973,2025-11-29,2025-12-27,persistence
12,2025-11-29,2025-12-06,1,1,729.0,729.0,716.0,727.0,729.0,732.0,751.1999999999998,2025-11-29,2025-12-06,persistence
12,2025-11-29,2025-12-13,2,2,729.0,729.0,713.0,726.0,729.0,733.0,761.0,2025-11-29,2025-12-13,persistence
12,2025-11-29,2025-12-20,3,3,729.0,729.0,708.5,726.0,729.0,733.0,766.5,2025-11-29,2025-12-20,persistence
12,2025-11-29,2025-12-27,4,4,729.0,729.0,704.85,726.0,729.0,733.0,770.2999999999997,2025-11-29,2025-12-27,persistence
13,2025-11-29,2025-12-06,1,1,166.0,166.0,153.0,164.0,166.0,169.0,188.19999999999982,2025-11-29,2025-12-06,persistence
13,2025-11-29,2025-12-13,2,2,166.0,166.0,150.0,163.0,166.0,170.0,198.0,2025-11-29,2025-12-13,persistence
13,2025-11-29,2025-12-20,3,3,166.0,166.0,145.5,163.0,166.0,170.0,203.5,2025-11-29,2025-12-20,persistence
13,2025-11-29,2025-12-27,4,4,166.0,166.0,141.85000000000002,163.0,166.0,170.0,207.29999999999973,2025-11-29,2025-12-27,persistence
15,2025-11-29,2025-12-06,1,1,29.0,29.0,16.0,27.0,29.0,32.0,51.19999999999982,2025-11-29,2025-12-06,persistence
15,2025-11-29,2025-12-13,2,2,29.0,29.0,13.0,26.0,29.0,33.0,61.0,2025-11-29,2025-12-13,persistence
15,2025-11-29,2025-12-20,3,3,29.0,29.0,8.5,26.0,29.0,33.0,66.5,2025-11-29,2025-12-20,persistence
15,2025-11-29,2025-12-27,4,4,29.0,29.0,4.8500000000000085,26.0,29.0,33.0,70.29999999999973,2025-11-29,2025-12-27,persistence
16,2025-11-29,2025-12-06,1,1,29.0,29.0,16.0,27.0,29.0,32.0,51.19999999999982,2025-11-29,2025-12-06,persistence
16,2025-11-29,2025-12-13,2,2,29.0,29.0,13.0,26.0,29.0,33.0,61.0,2025-11-29,2025-12-13,persistence
16,2025-11-29,2025-12-20,3,3,29.0,29.0,8.5,26.0,29.0,33.0,66.5,2025-11-29,2025-12-20,persistence
16,2025-11-29,2025-12-27,4,4,29.0,29.0,4.8500000000000085,26.0,29.0,33.0,70.29999999999973,2025-11-29,2025-12-27,persistence
17,2025-11-29,2025-12-06,1,1,132.0,132.0,119.0,130.0,132.0,135.0,154.19999999999982,2025-11-29,2025-12-06,persistence
17,2025-11-29,2025-12-13,2,2,132.0,132.0,116.0,129.0,132.0,136.0,164.0,2025-11-29,2025-12-13,persistence
17,2025-11-29,2025-12-20,3,3,132.0,132.0,111.5,129.0,132.0,136.0,169.5,2025-11-29,2025-12-20,persistence
17,2025-11-29,2025-12-27,4,4,132.0,132.0,107.85000000000001,129.0,132.0,136.0,173.29999999999973,2025-11-29,2025-12-27,persistence
18,2025-11-29,2025-12-06,1,1,86.0,86.0,73.0,84.0,86.0,89.0,108.19999999999982,2025-11-29,2025-12-06,persistence
18,2025-11-29,2025-12-13,2,2,86.0,86.0,70.0,83.0,86.0,90.0,118.0,2025-11-29,2025-12-13,persistence
18,2025-11-29,2025-12-20,3,3,86.0,86.0,65.5,83.0,86.0,90.0,123.5,2025-11-29,2025-12-20,persistence
18,2025-11-29,2025-12-27,4,4,86.0,86.0,61.85000000000001,83.0,86.0,90.0,127.29999999999973,2025-11-29,2025-12-27,persistence
19,2025-11-29,2025-12-06,1,1,19.0,19.0,6.0,17.0,19.0,22.0,41.19999999999982,2025-11-29,2025-12-06,persistence
19,2025-11-29,2025-12-13,2,2,19.0,19.0,3.0,16.0,19.0,23.0,51.0,2025-11-29,2025-12-13,persistence
19,2025-11-29,2025-12-20,3,3,19.0,19.0,0.0,16.0,19.0,23.0,56.5,2025-11-29,2025-12-20,persistence
19,2025-11-29,2025-12-27,4,4,19.0,19.0,0.0,16.0,19.0,23.0,60.29999999999973,2025-11-29,2025-12-27,persistence
20,2025-11-29,2025-12-06,1,1,13.0,13.0,0.0,11.0,13.0,16.0,35.19999999999982,2025-11-29,2025-12-06,persistence
20,2025-11-29,2025-12-13,2,2,13.0,13.0,0.0,10.0,13.0,17.0,45.0,2025-11-29,2025-12-13,persistence
20,2025-11-29,2025-12-20,3,3,13.0,13.0,0.0,10.0,13.0,17.0,50.5,2025-11-29,2025-12-20,persistence
20,2025-11-29,2025-12-27,4,4,13.0,13.0,0.0,10.0,13.0,17.0,54.29999999999973,2025-11-29,2025-12-27,persistence
21,2025-11-29,2025-12-06,1,1,49.0,49.0,36.0,47.0,49.0,52.0,71.19999999999982,2025-11-29,2025-12-06,persistence
21,2025-11-29,2025-12-13,2,2,49.0,49.0,33.0,46.0,49.0,53.0,81.0,2025-11-29,2025-12-13,persistence
21,2025-11-29,2025-12-20,3,3,49.0,49.0,28.5,46.0,49.0,53.0,86.5,2025-11-29,2025-12-20,persistence
21,2025-11-29,2025-12-27,4,4,49.0,49.0,24.85000000000001,46.0,49.0,53.0,90.29999999999973,2025-11-29,2025-12-27,persistence
22,2025-11-29,2025-12-06,1,1,116.0,116.0,103.0,114.0,116.0,119.0,138.19999999999982,2025-11-29,2025-12-06,persistence
22,2025-11-29,2025-12-13,2,2,116.0,116.0,100.0,113.0,116.0,120.0,148.0,2025-11-29,2025-12-13,persistence
22,2025-11-29,2025-12-20,3,3,116.0,116.0,95.5,113.0,116.0,120.0,153.5,2025-11-29,2025-12-20,persistence
22,2025-11-29,2025-12-27,4,4,116.0,116.0,91.85000000000001,113.0,116.0,120.0,157.29999999999973,2025-11-29,2025-12-27,persistence
23,2025-11-29,2025-12-06,1,1,13.0,13.0,0.0,11.0,13.0,16.0,35.19999999999982,2025-11-29,2025-12-06,persistence
23,2025-11-29,2025-12-13,2,2,13.0,13.0,0.0,10.0,13.0,17.0,45.0,2025-11-29,2025-12-13,persistence
23,2025-11-29,2025-12-20,3,3,13.0,13.0,0.0,10.0,13.0,17.0,50.5,2025-11-29,2025-12-20,persistence
23,2025-11-29,2025-12-27,4,4,13.0,13.0,0.0,10.0,13.0,17.0,54.29999999999973,2025-11-29,2025-12-27,persistence
24,2025-11-29,2025-12-06,1,1,101.0,101.0,88.0,99.0,101.0,104.0,123.19999999999982,2025-11-29,2025-12-06,persistence
24,2025-11-29,2025-12-13,2,2,101.0,101.0,85.0,98.0,101.0,105.0,133.0,2025-11-29,2025-12-13,persistence
24,2025-11-29,2025-12-20,3,3,101.0,101.0,80.5,98.0,101.0,105.0,138.5,2025-11-29,2025-12-20,persistence
24,2025-11-29,2025-12-27,4,4,101.0,101.0,76.85000000000001,98.0,101.0,105.0,142.29999999999973,2025-11-29,2025-12-27,persistence
25,2025-11-29,2025-12-06,1,1,77.0,77.0,64.0,75.0,77.0,80.0,99.19999999999982,2025-11-29,2025-12-06,persistence
25,2025-11-29,2025-12-13,2,2,77.0,77.0,61.0,74.0,77.0,81.0,109.0,2025-11-29,2025-12-13,persistence
25,2025-11-29,2025-12-20,3,3,77.0,77.0,56.5,74.0,77.0,81.0,114.5,2025-11-29,2025-12-20,persistence
25,2025-11-29,2025-12-27,4,4,77.0,77.0,52.85000000000001,74.0,77.0,81.0,118.29999999999973,2025-11-29,2025-12-27,persistence
26,2025-11-29,2025-12-06,1,1,76.0,76.0,63.0,74.0,76.0,79.0,98.19999999999982,2025-11-29,2025-12-06,persistence
26,2025-11-29,2025-12-13,2,2,76.0,76.0,60.0,73.0,76.0,80.0,108.0,2025-11-29,2025-12-13,persistence
26,2025-11-29,2025-12-20,3,3,76.0,76.0,55.5,73.0,76.0,80.0,113.5,2025-11-29,2025-12-20,persistence
26,2025-11-29,2025-12-27,4,4,76.0,76.0,51.85000000000001,73.0,76.0,80.0,117.29999999999973,2025-11-29,2025-12-27,persistence
27,2025-11-29,2025-12-06,1,1,74.0,74.0,61.0,72.0,74.0,77.0,96.19999999999982,2025-11-29,2025-12-06,persistence
27,2025-11-29,2025-12-13,2,2,74.0,74.0,58.0,71.0,74.0,78.0,106.0,2025-11-29,2025-12-13,persistence
27,2025-11-29,2025-12-20,3,3,74.0,74.0,53.5,71.0,74.0,78.0,111.5,2025-11-29,2025-12-20,persistence
27,2025-11-29,2025-12-27,4,4,74.0,74.0,49.85000000000001,71.0,74.0,78.0,115.29999999999973,2025-11-29,2025-12-27,persistence
28,2025-11-29,2025-12-06,1,1,24.0,24.0,11.0,22.0,24.0,27.0,46.19999999999982,2025-11-29,2025-12-06,persistence
28,2025-11-29,2025-12-13,2,2,24.0,24.0,8.0,21.0,24.0,28.0,56.0,2025-11-29,2025-12-13,persistence
28,2025-11-29,2025-12-20,3,3,24.0,24.0,3.5,21.0,24.0,28.0,61.5,2025-11-29,2025-12-20,persistence
28,2025-11-29,2025-12-27,4,4,24.0,24.0,0.0,21.0,24.0,28.0,65.29999999999973,2025-11-29,2025-12-27,persistence
29,2025-11-29,2025-12-06,1,1,57.0,57.0,44.0,55.0,57.0,60.0,79.19999999999982,2025-11-29,2025-12-06,persistence
29,2025-11-29,2025-12-13,2,2,57.0,57.0,41.0,54.0,57.0,61.0,89.0,2025-11-29,2025-12-13,persistence
29,2025-11-29,2025-12-20,3,3,57.0,57.0,36.5,54.0,57.0,61.0,94.5,2025-11-29,2025-12-20,persistence
29,2025-11-29,2025-12-27,4,4,57.0,57.0,32.85000000000001,54.0,57.0,61.0,98.29999999999973,2025-11-29,2025-12-27,persistence
30,2025-11-29,2025-12-06,1,1,13.0,13.0,0.0,11.0,13.0,16.0,35.19999999999982,2025-11-29,2025-12-06,persistence
30,2025-11-29,2025-12-13,2,2,13.0,13.0,0.0,10.0,13.0,17.0,45.0,2025-11-29,2025-12-13,persistence
30,2025-11-29,2025-12-20,3,3,13.0,13.0,0.0,10.0,13.0,17.0,50.5,2025-11-29,2025-12-20,persistence
30,2025-11-29,2025-12-27,4,4,13.0,13.0,0.0,10.0,13.0,17.0,54.29999999999973,2025-11-29,2025-12-27,persistence
31,2025-11-29,2025-12-06,1,1,13.0,13.0,0.0,11.0,13.0,16.0,35.19999999999982,2025-11-29,2025-12-06,persistence
31,2025-11-29,2025-12-13,2,2,13.0,13.0,0.0,10.0,13.0,17.0,45.0,2025-11-29,2025-12-13,persistence
31,2025-11-29,2025-12-20,3,3,13.0,13.0,0.0,10.0,13.0,17.0,50.5,2025-11-29,2025-12-20,persistence
31,2025-11-29,2025-12-27,4,4,13.0,13.0,0.0,10.0,13.0,17.0,54.29999999999973,2025-11-29,2025-12-27,persistence
32,2025-11-29,2025-12-06,1,1,13.0,13.0,0.0,11.0,13.0,16.0,35.19999999999982,2025-11-29,2025-12-06,persistence
32,2025-11-29,2025-12-13,2,2,13.0,13.0,0.0,10.0,13.0,17.0,45.0,2025-11-29,2025-12-13,persistence
32,2025-11-29,2025-12-20,3,3,13.0,13.0,0.0,10.0,13.0,17.0,50.5,2025-11-29,2025-12-20,persistence
32,2025-11-29,2025-12-27,4,4,13.0,13.0,0.0,10.0,13.0,17.0,54.29999999999973,2025-11-29,2025-12-27,persistence
33,2025-11-29,2025-12-06,1,1,11.0,11.0,0.0,9.0,11.0,14.0,33.19999999999982,2025-11-29,2025-12-06,persistence
33,2025-11-29,2025-12-13,2,2,11.0,11.0,0.0,8.0,11.0,15.0,43.0,2025-11-29,2025-12-13,persistence
33,2025-11-29,2025-12-20,3,3,11.0,11.0,0.0,8.0,11.0,15.0,48.5,2025-11-29,2025-12-20,persistence
33,2025-11-29,2025-12-27,4,4,11.0,11.0,0.0,8.0,11.0,15.0,52.29999999999973,2025-11-29,2025-12-27,persistence
34,2025-11-29,2025-12-06,1,1,154.0,154.0,141.0,152.0,154.0,157.0,176.19999999999982,2025-11-29,2025-12-06,persistence
34,2025-11-29,2025-12-13,2,2,154.0,154.0,138.0,151.0,154.0,158.0,186.0,2025-11-29,2025-12-13,persistence
34,2025-11-29,2025-12-20,3,3,154.0,154.0,133.5,151.0,154.0,158.0,191.5,2025-11-29,2025-12-20,persistence
34,2025-11-29,2025-12-27,4,4,154.0,154.0,129.85000000000002,151.0,154.0,158.0,195.29999999999973,2025-11-29,2025-12-27,persistence
35,2025-11-29,2025-12-06,1,1,39.0,39.0,26.0,37.0,39.0,42.0,61.19999999999982,2025-11-29,2025-12-06,persistence
35,2025-11-29,2025-12-13,2,2,39.0,39.0,23.0,36.0,39.0,43.0,71.0,2025-11-29,2025-12-13,persistence
35,2025-11-29,2025-12-20,3,3,39.0,39.0,18.5,36.0,39.0,43.0,76.5,2025-11-29,2025-12-20,persistence
35,2025-11-29,2025-12-27,4,4,39.0,39.0,14.850000000000009,36.0,39.0,43.0,80.29999999999973,2025-11-29,2025-12-27,persistence
36,2025-11-29,2025-12-06,1,1,701.0,701.0,688.0,699.0,701.0,704.0,723.1999999999998,2025-11-29,2025-12-06,persistence
36,2025-11-29,2025-12-13,2,2,701.0,701.0,685.0,698.0,701.0,705.0,733.0,2025-11-29,2025-12-13,persistence
36,2025-11-29,2025-12-20,3,3,701.0,701.0,680.5,698.0,701.0,705.0,738.5,2025-11-29,2025-12-20,persistence
36,2025-11-29,2025-12-27,4,4,701.0,701.0,676.85,698.0,701.0,705.0,742.2999999999997,2025-11-29,2025-12-27,persistence
37,2025-11-29,2025-12-06,1,1,163.0,163.0,150.0,161.0,163.0,166.0,185.19999999999982,2025-11-29,2025-12-06,persistence
37,2025-11-29,2025-12-13,2,2,163.0,163.0,147.0,160.0,163.0,167.0,195.0,2025-11-29,2025-12-13,persistence
37,2025-11-29,2025-12-20,3,3,163.0,163.0,142.5,160.0,163.0,167.0,200.5,2025-11-29,2025-12-20,persistence
37,2025-11-29,2025-12-27,4,4,163.0,163.0,138.85000000000002,160.0,163.0,167.0,204.29999999999973,2025-11-29,2025-12-27,persistence
38,2025-11-29,2025-12-06,1,1,10.0,10.0,0.0,8.0,10.0,13.0,32.19999999999982,2025-11-29,2025-12-06,persistence
38,2025-11-29,2025-12-13,2,2,10.0,10.0,0.0,7.0,10.0,14.0,42.0,2025-11-29,2025-12-13,persistence
38,2025-11-29,2025-12-20,3,3,10.0,10.0,0.0,7.0,10.0,14.0,47.5,2025-11-29,2025-12-20,persistence
38,2025-11-29,2025-12-27,4,4,10.0,10.0,0.0,7.0,10.0,14.0,51.29999999999973,2025-11-29,2025-12-27,persistence
39,2025-11-29,2025-12-06,1,1,125.0,125.0,112.0,123.0,125.0,128.0,147.19999999999982,2025-11-29,2025-12-06,persistence
39,2025-11-29,2025-12-13,2,2,125.0,125.0,109.0,122.0,125.0,129.0,157.0,2025-11-29,2025-12-13,persistence
39,2025-11-29,2025-12-20,3,3,125.0,125.0,104.5,122.0,125.0,129.0,162.5,2025-11-29,2025-12-20,persistence
39,2025-11-29,2025-12-27,4,4,125.0,125.0,100.85000000000001,122.0,125.0,129.0,166.29999999999973,2025-11-29,2025-12-27,persistence
40,2025-11-29,2025-12-06,1,1,21.0,21.0,8.0,19.0,21.0,24.0,43.19999999999982,2025-11-29,2025-12-06,persistence
40,2025-11-29,2025-12-13,2,2,21.0,21.0,5.0,18.0,21.0,25.0,53.0,2025-11-29,2025-12-13,persistence
40,2025-11-29,2025-12-20,3,3,21.0,21.0,0.5,18.0,21.0,25.0,58.5,2025-11-29,2025-12-20,persistence
40,2025-11-29,2025-12-27,4,4,21.0,21.0,0.0,18.0,21.0,25.0,62.29999999999973,2025-11-29,2025-12-27,persistence
41,2025-11-29,2025-12-06,1,1,29.0,29.0,16.0,27.0,29.0,32.0,51.19999999999982,2025-11-29,2025-12-06,persistence
41,2025-11-29,2025-12-13,2,2,29.0,29.0,13.0,26.0,29.0,33.0,61.0,2025-11-29,2025-12-13,persistence
41,2025-11-29,2025-12-20,3,3,29.0,29.0,8.5,26.0,29.0,33.0,66.5,2025-11-29,2025-12-20,persistence
41,2025-11-29,2025-12-27,4,4,29.0,29.0,4.8500000000000085,26.0,29.0,33.0,70.29999999999973,2025-11-29,2025-12-27,persistence
42,2025-11-29,2025-12-06,1,1,349.0,349.0,336.0,347.0,349.0,352.0,371.1999999999998,2025-11-29,2025-12-06,persistence
42,2025-11-29,2025-12-13,2,2,349.0,349.0,333.0,346.0,349.0,353.0,381.0,2025-11-29,2025-12-13,persistence
42,2025-11-29,2025-12-20,3,3,349.0,349.0,328.5,346.0,349.0,353.0,386.5,2025-11-29,2025-12-20,persistence
42,2025-11-29,2025-12-27,4,4,349.0,349.0,324.85,346.0,349.0,353.0,390.2999999999997,2025-11-29,2025-12-27,persistence
44,2025-11-29,2025-12-06,1,1,19.0,19.0,6.0,17.0,19.0,22.0,41.19999999999982,2025-11-29,2025-12-06,persistence
44,2025-11-29,2025-12-13,2,2,19.0,19.0,3.0,16.0,19.0,23.0,51.0,2025-11-29,2025-12-13,persistence
44,2025-11-29,2025-12-20,3,3,19.0,19.0,0.0,16.0,19.0,23.0,56.5,2025-11-29,2025-12-20,persistence
44,2025-11-29,2025-12-27,4,4,19.0,19.0,0.0,16.0,19.0,23.0,60.29999999999973,2025-11-29,2025-12-27,persistence
45,2025-11-29,2025-12-06,1,1,53.0,53.0,40.0,51.0,53.0,56.0,75.19999999999982,2025-11-29,2025-12-06,persistence
45,2025-11-29,2025-12-13,2,2,53.0,53.0,37.0,50.0,53.0,57.0,85.0,2025-11-29,2025-12-13,persistence
45,2025-11-29,2025-12-20,3,3,53.0,53.0,32.5,50.0,53.0,57.0,90.5,2025-11-29,2025-12-20,persistence
45,2025-11-29,2025-12-27,4,4,53.0,53.0,28.85000000000001,50.0,53.0,57.0,94.29999999999973,2025-11-29,2025-12-27,persistence
46,2025-11-29,2025-12-06,1,1,1.0,1.0,0.0,0.0,1.0,4.0,23.199999999999818,2025-11-29,2025-12-06,persistence
46,2025-11-29,2025-12-13,2,2,1.0,1.0,0.0,0.0,1.0,5.0,33.0,2025-11-29,2025-12-13,persistence
46,2025-11-29,2025-12-20,3,3,1.0,1.0,0.0,0.0,1.0,5.0,38.5,2025-11-29,2025-12-20,persistence
46,2025-11-29,2025-12-27,4,4,1.0,1.0,0.0,0.0,1.0,5.0,42.29999999999973,2025-11-29,2025-12-27,persistence
47,2025-11-29,2025-12-06,1,1,62.0,62.0,49.0,60.0,62.0,65.0,84.19999999999982,2025-11-29,2025-12-06,persistence
47,2025-11-29,2025-12-13,2,2,62.0,62.0,46.0,59.0,62.0,66.0,94.0,2025-11-29,2025-12-13,persistence
47,2025-11-29,2025-12-20,3,3,62.0,62.0,41.5,59.0,62.0,66.0,99.5,2025-11-29,2025-12-20,persistence
47,2025-11-29,2025-12-27,4,4,62.0,62.0,37.85000000000001,59.0,62.0,66.0,103.29999999999973,2025-11-29,2025-12-27,persistence
48,2025-11-29,2025-12-06,1,1,591.0,591.0,578.0,589.0,591.0,594.0,613.1999999999998,2025-11-29,2025-12-06,persistence
48,2025-11-29,2025-12-13,2,2,591.0,591.0,575.0,588.0,591.0,595.0,623.0,2025-11-29,2025-12-13,persistence
48,2025-11-29,2025-12-20,3,3,591.0,591.0,570.5,588.0,591.0,595.0,628.5,2025-11-29,2025-12-20,persistence
48,2025-11-29,2025-12-27,4,4,591.0,591.0,566.85,588.0,591.0,595.0,632.2999999999997,2025-11-29,2025-12-27,persistence
49,2025-11-29,2025-12-06,1,1,32.0,32.0,19.0,30.0,32.0,35.0,54.19999999999982,2025-11-29,2025-12-06,persistence
49,2025-11-29,2025-12-13,2,2,32.0,32.0,16.0,29.0,32.0,36.0,64.0,2025-11-29,2025-12-13,persistence
49,2025-11-29,2025-12-20,3,3,32.0,32.0,11.5,29.0,32.0,36.0,69.5,2025-11-29,2025-12-20,persistence
49,2025-11-29,2025-12-27,4,4,32.0,32.0,7.8500000000000085,29.0,32.0,36.0,73.29999999999973,2025-11-29,2025-12-27,persistence
50,2025-11-29,2025-12-06,1,1,0.0,0.0,0.0,0.0,0.0,3.0,22.199999999999818,2025-11-29,2025-12-06,persistence
50,2025-11-29,2025-12-13,2,2,0.0,0.0,0.0,0.0,0.0,4.0,32.0,2025-11-29,2025-12-13,persistence
50,2025-11-29,2025-12-20,3,3,0.0,0.0,0.0,0.0,0.0,4.0,37.5,2025-11-29,2025-12-20,persistence
50,2025-11-29,2025-12-27,4,4,0.0,0.0,0.0,0.0,0.0,4.0,41.29999999999973,2025-11-29,2025-12-27,persistence
51,2025-11-29,2025-12-06,1,1,99.0,99.0,86.0,97.0,99.0,102.0,121.19999999999982,2025-11-29,2025-12-06,persistence
51,2025-11-29,2025-12-13,2,2,99.0,99.0,83.0,96.0,99.0,103.0,131.0,2025-11-29,2025-12-13,persistence
51,2025-11-29,2025-12-20,3,3,99.0,99.0,78.5,96.0,99.0,103.0,136.5,2025-11-29,2025-12-20,persistence
51,2025-11-29,2025-12-27,4,4,99.0,99.0,74.85000000000001,96.0,99.0,103.0,140.29999999999973,2025-11-29,2025-12-27,persistence
53,2025-11-29,2025-12-06,1,1,36.0,36.0,23.0,34.0,36.0,39.0,58.19999999999982,2025-11-29,2025-12-06,persistence
53,2025-11-29,2025-12-13,2,2,36.0,36.0,20.0,33.0,36.0,40.0,68.0,2025-11-29,2025-12-13,persistence
53,2025-11-29,2025-12-20,3,3,36.0,36.0,15.5,33.0,36.0,40.0,73.5,2025-11-29,2025-12-20,persistence
53,2025-11-29,2025-12-27,4,4,36.0,36.0,11.850000000000009,33.0,36.0,40.0,77.29999999999973,2025-11-29,2025-12-27,persistence
54,2025-11-29,2025-12-06,1,1,10.0,10.0,0.0,8.0,10.0,13.0,32.19999999999982,2025-11-29,2025-12-06,persistence
54,2025-11-29,2025-12-13,2,2,10.0,10.0,0.0,7.0,10.0,14.0,42.0,2025-11-29,2025-12-13,persistence
54,2025-11-29,2025-12-20,3,3,10.0,10.0,0.0,7.0,10.0,14.0,47.5,2025-11-29,2025-12-20,persistence
54,2025-11-29,2025-12-27,4,4,10.0,10.0,0.0,7.0,10.0,14.0,51.29999999999973,2025-11-29,2025-12-27,persistence
55,2025-11-29,2025-12-06,1,1,51.0,51.0,38.0,49.0,51.0,54.0,73.19999999999982,2025-11-29,2025-12-06,persistence
55,2025-11-29,2025-12-13,2,2,51.0,51.0,35.0,48.0,51.0,55.0,83.0,2025-11-29,2025-12-13,persistence
55,2025-11-29,2025-12-20,3,3,51.0,51.0,30.5,48.0,51.0,55.0,88.5,2025-11-29,2025-12-20,persistence
55,2025-11-29,2025-12-27,4,4,51.0,51.0,26.85000000000001,48.0,51.0,55.0,92.29999999999973,2025-11-29,2025-12-27,persistence
56,2025-11-29,2025-12-06,1,1,10.0,10.0,0.0,8.0,10.0,13.0,32.19999999999982,2025-11-29,2025-12-06,persistence
56,2025-11-29,2025-12-13,2,2,10.0,10.0,0.0,7.0,10.0,14.0,42.0,2025-11-29,2025-12-13,persistence
56,2025-11-29,2025-12-20,3,3,10.0,10.0,0.0,7.0,10.0,14.0,47.5,2025-11-29,2025-12-20,persistence
56,2025-11-29,2025-12-27,4,4,10.0,10.0,0.0,7.0,10.0,14.0,51.29999999999973,2025-11-29,2025-12-27,persistence
72,2025-11-29,2025-12-06,1,1,173.0,173.0,160.0,171.0,173.0,176.0,195.19999999999982,2025-11-29,2025-12-06,persistence
72,2025-11-29,2025-12-13,2,2,173.0,173.0,157.0,170.0,173.0,177.0,205.0,2025-11-29,2025-12-13,persistence
72,2025-11-29,2025-12-20,3,3,173.0,173.0,152.5,170.0,173.0,177.0,210.5,2025-11-29,2025-12-20,persistence
72,2025-11-29,2025-12-27,4,4,173.0,173.0,148.85000000000002,170.0,173.0,177.0,214.29999999999973,2025-11-29,2025-12-27,persistence
01,2025-12-27,2026-01-03,1,1,499.0,499.0,488.0,496.0,499.0,505.0,646.1999999999998,2025-12-27,2026-01-03,persistence
01,2025-12-27,2026-01-10,2,2,499.0,499.0,486.0,496.0,499.0,508.0,708.0,2025-12-27,2026-01-10,persistence
01,2025-12-27,2026-01-17,3,3,500.0,500.0,484.0,496.0,500.0,511.0,770.0,2025-12-27,2026-01-17,persistence
01,2025-12-27,2026-01-24,4,4,500.0,500.0,483.0,496.0,500.0,513.0,801.0,2025-12-27,2026-01-24,persistence
02,2025-12-27,2026-01-03,1,1,87.0,87.0,76.0,84.0,87.0,93.0,234.19999999999982,2025-12-27,2026-01-03,persistence
02,2025-12-27,2026-01-10,2,2,87.0,87.0,74.0,84.0,87.0,96.0,296.0,2025-12-27,2026-01-10,persistence
02,2025-12-27,2026-01-17,3,3,88.0,88.0,72.0,84.0,88.0,99.0,358.0,2025-12-27,2026-01-17,persistence
02,2025-12-27,2026-01-24,4,4,88.0,88.0,71.0,84.0,88.0,101.0,389.0,2025-12-27,2026-01-24,persistence
04,2025-12-27,2026-01-03,1,1,317.0,317.0,306.0,314.0,317.0,323.0,464.1999999999998,2025-12-27,2026-01-03,persistence
04,2025-12-27,2026-01-10,2,2,317.0,317.0,304.0,314.0,317.0,326.0,526.0,2025-12-27,2026-01-10,persistence
04,2025-12-27,2026-01-17,3,3,318.0,318.0,302.0,314.0,318.0,329.0,588.0,2025-12-27,2026-01-17,persistence
04,2025-12-27,2026-01-24,4,4,318.0,318.0,301.0,314.0,318.0,331.0,619.0,2025-12-27,2026-01-24,persistence
05,2025-12-27,2026-01-03,1,1,298.0,298.0,287.0,295.0,298.0,304.0,445.1999999999998,2025-12-27,2026-01-03,persistence
05,2025-12-27,2026-01-10,2,2,298.0,298.0,285.0,295.0,298.0,307.0,507.0,2025-12-27,2026-01-10,persistence
05,2025-12-27,2026-01-17,3,3,299.0,299.0,283.0,295.0,299.0,310.0,569.0,2025-12-27,2026-01-17,persistence
05,2025-12-27,2026-01-24,4,4,299.0,299.0,282.0,295.0,299.0,312.0,600.0,2025-12-27,2026-01-24,persistence
06,2025-12-27,2026-01-03,1,1,1248.0,1248.0,1237.0,1245.0,1248.0,1254.0,1395.1999999999998,2025-12-27,2026-01-03,persistence
06,2025-12-27,2026-01-10,2,2,1248.0,1248.0,1235.0,1245.0,1248.0,1257.0,1457.0,2025-12-27,2026-01-10,persistence
06,2025-12-27,2026-01-17,3,3,1249.0,1249.0,1233.0,1245.0,1249.0,1260.0,1519.0,2025-12-27,2026-01-17,persistence
06,2025-12-27,2026-01-24,4,4,1249.0,1249.0,1232.0,1245.0,1249.0,1262.0,1550.0,2025-12-27,2026-01-24,persistence
08,2025-12-27,2026-01-03,1,1,819.0,819.0,808.0,816.0,819.0,825.0,966.1999999999998,2025-12-27,2026-01-03,persistence
08,2025-12-27,2026-01-10,2,2,819.0,819.0,806.0,816.0,819.0,828.0,1028.0,2025-12-27,2026-01-10,persistence
08,2025-12-27,2026-01-17,3,3,820.0,820.0,804.0,816.0,820.0,831.0,1090.0,2025-12-27,2026-01-17,persistence
08,2025-12-27,2026-01-24,4,4,820.0,820.0,803.0,816.0,820.0,833.0,1121.0,2025-12-27,2026-01-24,persistence
09,2025-12-27,2026-01-03,1,1,653.0,653.0,642.0,650.0,653.0,659.0,800.1999999999998,2025-12-27,2026-01-03,persistence
09,2025-12-27,2026-01-10,2,2,653.0,653.0,640.0,650.0,653.0,662.0,862.0,2025-12-27,2026-01-10,persistence
09,2025-12-27,2026-01-17,3,3,654.0,654.0,638.0,650.0,654.0,665.0,924.0,2025-12-27,2026-01-17,persistence
09,2025-12-27,2026-01-24,4,4,654.0,654.0,637.0,650.0,654.0,667.0,955.0,2025-12-27,2026-01-24,persistence
10,2025-12-27,2026-01-03,1,1,212.0,212.0,201.0,209.0,212.0,218.0,359.1999999999998,2025-12-27,2026-01-03,persistence
10,2025-12-27,2026-01-10,2,2,212.0,212.0,199.0,209.0,212.0,221.0,421.0,2025-12-27,2026-01-10,persistence
10,2025-12-27,2026-01-17,3,3,213.0,213.0,197.0,209.0,213.0,224.0,483.0,2025-12-27,2026-01-17,persistence
10,2025-12-27,2026-01-24,4,4,213.0,213.0,196.0,209.0,213.0,226.0,514.0,2025-12-27,2026-01-24,persistence
11,2025-12-27,2026-01-03,1,1,99.0,99.0,88.0,96.0,99.0,105.0,246.19999999999982,2025-12-27,2026-01-03,persistence
11,2025-12-27,2026-01-10,2,2,99.0,99.0,86.0,96.0,99.0,108.0,308.0,2025-12-27,2026-01-10,persistence
11,2025-12-27,2026-01-17,3,3,100.0,100.0,84.0,96.0,100.0,111.0,370.0,2025-12-27,2026-01-17,persistence
11,2025-12-27,2026-01-24,4,4,100.0,100.0,83.0,96.0,100.0,113.0,401.0,2025-12-27,2026-01-24,persistence
12,2025-12-27,2026-01-03,1,1,2186.0,2186.0,2175.0,2183.0,2186.0,2192.0,2333.2,2025-12-27,2026-01-03,persistence
12,2025-12-27,2026-01-10,2,2,2186.0,2186.0,2173.0,2183.0,2186.0,2195.0,2395.0,2025-12-27,2026-01-10,persistence
12,2025-12-27,2026-01-17,3,3,2187.0,2187.0,2171.0,2183.0,2187.0,2198.0,2457.0,2025-12-27,2026-01-17,persistence
12,2025-12-27,2026-01-24,4,4,2187.0,2187.0,2170.0,2183.0,2187.0,2200.0,2488.0,2025-12-27,2026-01-24,persistence
13,2025-12-27,2026-01-03,1,1,1401.0,1401.0,1390.0,1398.0,1401.0,1407.0,1548.1999999999998,2025-12-27,2026-01-03,persistence
13,2025-12-27,2026-01-10,2,2,1401.0,1401.0,1388.0,1398.0,1401.0,1410.0,1610.0,2025-12-27,2026-01-10,persistence
13,2025-12-27,2026-01-17,3,3,1402.0,1402.0,1386.0,1398.0,1402.0,1413.0,1672.0,2025-12-27,2026-01-17,persistence
13,2025-12-27,2026-01-24,4,4,1402.0,1402.0,1385.0,1398.0,1402.0,1415.0,1703.0,2025-12-27,2026-01-24,persistence
15,2025-12-27,2026-01-03,1,1,89.0,89.0,78.0,86.0,89.0,95.0,236.19999999999982,2025-12-27,2026-01-03,persistence
15,2025-12-27,2026-01-10,2,2,89.0,89.0,76.0,86.0,89.0,98.0,298.0,2025-12-27,2026-01-10,persistence
15,2025-12-27,2026-01-17,3,3,90.0,90.0,74.0,86.0,90.0,101.0,360.0,2025-12-27,2026-01-17,persistence
15,2025-12-27,2026-01-24,4,4,90.0,90.0,73.0,86.0,90.0,103.0,391.0,2025-12-27,2026-01-24,persistence
16,2025-12-27,2026-01-03,1,1,153.0,153.0,142.0,150.0,153.0,159.0,300.1999999999998,2025-12-27,2026-01-03,persistence
16,2025-12-27,2026-01-10,2,2,153.0,153.0,140.0,150.0,153.0,162.0,362.0,2025-12-27,2026-01-10,persistence
16,2025-12-27,2026-01-17,3,3,154.0,154.0,138.0,150.0,154.0,165.0,424.0,2025-12-27,2026-01-17,persistence
16,2025-12-27,2026-01-24,4,4,154.0,154.0,137.0,150.0,154.0,167.0,455.0,2025-12-27,2026-01-24,persistence
17,2025-12-27,2026-01-03,1,1,1492.0,1492.0,1481.0,1489.0,1492.0,1498.0,1639.1999999999998,2025-12-27,2026-01-03,persistence
17,2025-12-27,2026-01-10,2,2,1492.0,1492.0,1479.0,1489.0,1492.0,1501.0,1701.0,2025-12-27,2026-01-10,persistence
17,2025-12-27,2026-01-17,3,3,1493.0,1493.0,1477.0,1489.0,1493.0,1504.0,1763.0,2025-12-27,2026-01-17,persistence
17,2025-12-27,2026-01-24,4,4,1493.0,1493.0,1476.0,1489.0,1493.0,1506.0,1794.0,2025-12-27,2026-01-24,persistence
18,2025-12-27,2026-01-03,1,1,700.0,700.0,689.0,697.0,700.0,706.0,847.1999999999998,2025-12-27,2026-01-03,persistence
18,2025-12-27,2026-01-10,2,2,700.0,700.0,687.0,697.0,700.0,709.0,909.0,2025-12-27,2026-01-10,persistence
18,2025-12-27,2026-01-17,3,3,701.0,701.0,685.0,697.0,701.0,712.0,971.0,2025-12-27,2026-01-17,persistence
18,2025-12-27,2026-01-24,4,4,701.0,701.0,684.0,697.0,701.0,714.0,1002.0,2025-12-27,2026-01-24,persistence
19,2025-12-27,2026-01-03,1,1,264.0,264.0,253.0,261.0,264.0,270.0,411.1999999999998,2025-12-27,2026-01-03,persistence
19,2025-12-27,2026-01-10,2,2,264.0,264.0,251.0,261.0,264.0,273.0,473.0,2025-12-27,2026-01-10,persistence
19,2025-12-27,2026-01-17,3,3,265.0,265.0,249.0,261.0,265.0,276.0,535.0,2025-12-27,2026-01-17,persistence
19,2025-12-27,2026-01-24,4,4,265.0,265.0,248.0,261.0,265.0,278.0,566.0,2025-12-27,2026-01-24,persistence
20,2025-12-27,2026-01-03,1,1,270.0,270.0,259.0,267.0,270.0,276.0,417.1999999999998,2025-12-27,2026-01-03,persistence
20,2025-12-27,2026-01-10,2,2,270.0,270.0,257.0,267.0,270.0,279.0,479.0,2025-12-27,2026-01-10,persistence
20,2025-12-27,2026-01-17,3,3,271.0,271.0,255.0,267.0,271.0,282.0,541.0,2025-12-27,2026-01-17,persistence
20,2025-12-27,2026-01-24,4,4,271.0,271.0,254.0,267.0,271.0,284.0,572.0,2025-12-27,2026-01-24,persistence
21,2025-12-27,2026-01-03,1,1,548.0,548.0,537.0,545.0,548.0,554.0,695.1999999999998,2025-12-27,2026-01-03,persistence
21,2025-12-27,2026-01-10,2,2,548.0,548.0,535.0,545.0,548.0,557.0,757.0,2025-12-27,2026-01-10,persistence
21,2025-12-27,2026-01-17,3,3,549.0,549.0,533.0,545.0,549.0,560.0,819.0,2025-12-27,2026-01-17,persistence
21,2025-12-27,2026-01-24,4,4,549.0,549.0,532.0,545.0,549.0,562.0,850.0,2025-12-27,2026-01-24,persistence
22,2025-12-27,2026-01-03,1,1,689.0,689.0,678.0,686.0,689.0,695.0,836.1999999999998,2025-12-27,2026-01-03,persistence
22,2025-12-27,2026-01-10,2,2,689.0,689.0,676.0,686.0,689.0,698.0,898.0,2025-12-27,2026-01-10,persistence
22,2025-12-27,2026-01-17,3,3,690.0,690.0,674.0,686.0,690.0,701.0,960.0,2025-12-27,2026-01-17,persistence
22,2025-12-27,2026-01-24,4,4,690.0,690.0,673.0,686.0,690.0,703.0,991.0,2025-12-27,2026-01-24,persistence
23,2025-12-27,2026-01-03,1,1,148.0,148.0,137.0,145.0,148.0,154.0,295.1999999999998,2025-12-27,2026-01-03,persistence
23,2025-12-27,2026-01-10,2,2,148.0,148.0,135.0,145.0,148.0,157.0,357.0,2025-12-27,2026-01-10,persistence
23,2025-12-27,2026-01-17,3,3,149.0,149.0,133.0,145.0,149.0,160.0,419.0,2025-12-27,2026-01-17,persistence
23,2025-12-27,2026-01-24,4,4,149.0,149.0,132.0,145.0,149.0,162.0,450.0,2025-12-27,2026-01-24,persistence
24,2025-12-27,2026-01-03,1,1,661.0,661.0,650.0,658.0,661.0,667.0,808.1999999999998,2025-12-27,2026-01-03,persistence
24,2025-12-27,2026-01-10,2,2,661.0,661.0,648.0,658.0,661.0,670.0,870.0,2025-12-27,2026-01-10,persistence
24,2025-12-27,2026-01-17,3,3,662.0,662.0,646.0,658.0,662.0,673.0,932.0,2025-12-27,2026-01-17,persistence
24,2025-12-27,2026-01-24,4,4,662.0,662.0,645.0,658.0,662.0,675.0,963.0,2025-12-27,2026-01-24,persistence
25,2025-12-27,2026-01-03,1,1,953.0,953.0,942.0,950.0,953.0,959.0,1100.1999999999998,2025-12-27,2026-01-03,persistence
25,2025-12-27,2026-01-10,2,2,953.0,953.0,940.0,950.0,953.0,962.0,1162.0,2025-12-27,2026-01-10,persistence
25,2025-12-27,2026-01-17,3,3,954.0,954.0,938.0,950.0,954.0,965.0,1224.0,2025-12-27,2026-01-17,persistence
25,2025-12-27,2026-01-24,4,4,954.0,954.0,937.0,950.0,954.0,967.0,1255.0,2025-12-27,2026-01-24,persistence
26,2025-12-27,2026-01-03,1,1,921.0,921.0,910.0,918.0,921.0,927.0,1068.1999999999998,2025-12-27,2026-01-03,persistence
26,2025-12-27,2026-01-10,2,2,921.0,921.0,908.0,918.0,921.0,930.0,1130.0,2025-12-27,2026-01-10,persistence
26,2025-12-27,2026-01-17,3,3,922.0,922.0,906.0,918.0,922.0,933.0,1192.0,2025-12-27,2026-01-17,persistence
26,2025-12-27,2026-01-24,4,4,922.0,922.0,905.0,918.0,922.0,935.0,1223.0,2025-12-27,2026-01-24,persistence
27,2025-12-27,2026-01-03,1,1,945.0,945.0,934.0,942.0,945.0,951.0,1092.1999999999998,2025-12-27,2026-01-03,persistence
27,2025-12-27,2026-01-10,2,2,945.0,945.0,932.0,942.0,945.0,954.0,1154.0,2025-12-27,2026-01-10,persistence
27,2025-12-27,2026-01-17,3,3,946.0,946.0,930.0,942.0,946.0,957.0,1216.0,2025-12-27,2026-01-17,persistence
27,2025-12-27,2026-01-24,4,4,946.0,946.0,929.0,942.0,946.0,959.0,1247.0,2025-12-27,2026-01-24,persistence
28,2025-12-27,2026-01-03,1,1,248.0,248.0,237.0,245.0,248.0,254.0,395.1999999999998,2025-12-27,2026-01-03,persistence
28,2025-12-27,2026-01-10,2,2,248.0,248.0,235.0,245.0,248.0,257.0,457.0,2025-12-27,2026-01-10,persistence
28,2025-12-27,2026-01-17,3,3,249.0,249.0,233.0,245.0,249.0,260.0,519.0,2025-12-27,2026-01-17,persistence
28,2025-12-27,2026-01-24,4,4,249.0,249.0,232.0,245.0,249.0,262.0,550.0,2025-12-27,2026-01-24,persistence
29,2025-12-27,2026-01-03,1,1,810.0,810.0,799.0,807.0,810.0,816.0,957.1999999999998,2025-12-27,2026-01-03,persistence
29,2025-12-27,2026-01-10,2,2,810.0,810.0,797.0,807.0,810.0,819.0,1019.0,2025-12-27,2026-01-10,persistence
29,2025-12-27,2026-01-17,3,3,811.0,811.0,795.0,807.0,811.0,822.0,1081.0,2025-12-27,2026-01-17,persistence
29,2025-12-27,2026-01-24,4,4,811.0,811.0,794.0,807.0,811.0,824.0,1112.0,2025-12-27,2026-01-24,persistence
30,2025-12-27,2026-01-03,1,1,123.0,123.0,112.0,120.0,123.0,129.0,270.1999999999998,2025-12-27,2026-01-03,persistence
30,2025-12-27,2026-01-10,2,2,123.0,123.0,110.0,120.0,123.0,132.0,332.0,2025-12-27,2026-01-10,persistence
30,2025-12-27,2026-01-17,3,3,124.0,124.0,108.0,120.0,124.0,135.0,394.0,2025-12-27,2026-01-17,persistence
30,2025-12-27,2026-01-24,4,4,124.0,124.0,107.0,120.0,124.0,137.0,425.0,2025-12-27,2026-01-24,persistence
31,2025-12-27,2026-01-03,1,1,168.0,168.0,157.0,165.0,168.0,174.0,315.1999999999998,2025-12-27,2026-01-03,persistence
31,2025-12-27,2026-01-10,2,2,168.0,168.0,155.0,165.0,168.0,177.0,377.0,2025-12-27,2026-01-10,persistence
31,2025-12-27,2026-01-17,3,3,169.0,169.0,153.0,165.0,169.0,180.0,439.0,2025-12-27,2026-01-17,persistence
31,2025-12-27,2026-01-24,4,4,169.0,169.0,152.0,165.0,169.0,182.0,470.0,2025-12-27,2026-01-24,persistence
32,2025-12-27,2026-01-03,1,1,274.0,274.0,263.0,271.0,274.0,280.0,421.1999999999998,2025-12-27,2026-01-03,persistence
32,2025-12-27,2026-01-10,2,2,274.0,274.0,261.0,271.0,274.0,283.0,483.0,2025-12-27,2026-01-10,persistence
32,2025-12-27,2026-01-17,3,3,275.0,275.0,259.0,271.0,275.0,286.0,545.0,2025-12-27,2026-01-17,persistence
32,2025-12-27,2026-01-24,4,4,275.0,275.0,258.0,271.0,275.0,288.0,576.0,2025-12-27,2026-01-24,persistence
33,2025-12-27,2026-01-03,1,1,197.0,197.0,186.0,194.0,197.0,203.0,344.1999999999998,2025-12-27,2026-01-03,persistence
33,2025-12-27,2026-01-10,2,2,197.0,197.0,184.0,194.0,197.0,206.0,406.0,2025-12-27,2026-01-10,persistence
33,2025-12-27,2026-01-17,3,3,198.0,198.0,182.0,194.0,198.0,209.0,468.0,2025-12-27,2026-01-17,persistence
33,2025-12-27,2026-01-24,4,4,198.0,198.0,181.0,194.0,198.0,211.0,499.0,2025-12-27,2026-01-24,persistence
34,2025-12-27,2026-01-03,1,1,1467.0,1467.0,1456.0,1464.0,1467.0,1473.0,1614.1999999999998,2025-12-27,2026-01-03,persistence
34,2025-12-27,2026-01-10,2,2,1467.0,1467.0,1454.0,1464.0,1467.0,1476.0,1676.0,2025-12-27,2026-01-10,persistence
34,2025-12-27,2026-01-17,3,3,1468.0,1468.0,1452.0,1464.0,1468.0,1479.0,1738.0,2025-12-27,2026-01-17,persistence
34,2025-12-27,2026-01-24,4,4,1468.0,1468.0,1451.0,1464.0,1468.0,1481.0,1769.0,2025-12-27,2026-01-24,persistence
35,2025-12-27,2026-01-03,1,1,387.0,387.0,376.0,384.0,387.0,393.0,534.1999999999998,2025-12-27,2026-01-03,persistence
35,2025-12-27,2026-01-10,2,2,387.0,387.0,374.0,384.0,387.0,396.0,596.0,2025-12-27,2026-01-10,persistence
35,2025-12-27,2026-01-17,3,3,388.0,388.0,372.0,384.0,388.0,399.0,658.0,2025-12-27,2026-01-17,persistence
35,2025-12-27,2026-01-24,4,4,388.0,388.0,371.0,384.0,388.0,401.0,689.0,2025-12-27,2026-01-24,persistence
36,2025-12-27,2026-01-03,1,1,3871.0,3871.0,3860.0,3868.0,3871.0,3877.0,4018.2,2025-12-27,2026-01-03,persistence
36,2025-12-27,2026-01-10,2,2,3871.0,3871.0,3858.0,3868.0,3871.0,3880.0,4080.0,2025-12-27,2026-01-10,persistence
36,2025-12-27,2026-01-17,3,3,3872.0,3872.0,3856.0,3868.0,3872.0,3883.0,4142.0,2025-12-27,2026-01-17,persistence
36,2025-12-27,2026-01-24,4,4,3872.0,3872.0,3855.0,3868.0,3872.0,3885.0,4173.0,2025-12-27,2026-01-24,persistence
37,2025-12-27,2026-01-03,1,1,2527.0,2527.0,2516.0,2524.0,2527.0,2533.0,2674.2,2025-12-27,2026-01-03,persistence
37,2025-12-27,2026-01-10,2,2,2527.0,2527.0,2514.0,2524.0,2527.0,2536.0,2736.0,2025-12-27,2026-01-10,persistence
37,2025-12-27,2026-01-17,3,3,2528.0,2528.0,2512.0,2524.0,2528.0,2539.0,2798.0,2025-12-27,2026-01-17,persistence
37,2025-12-27,2026-01-24,4,4,2528.0,2528.0,2511.0,2524.0,2528.0,2541.0,2829.0,2025-12-27,2026-01-24,persistence
38,2025-12-27,2026-01-03,1,1,103.0,103.0,92.0,100.0,103.0,109.0,250.19999999999982,2025-12-27,2026-01-03,persistence
38,2025-12-27,2026-01-10,2,2,103.0,103.0,90.0,100.0,103.0,112.0,312.0,2025-12-27,2026-01-10,persistence
38,2025-12-27,2026-01-17,3,3,104.0,104.0,88.0,100.0,104.0,115.0,374.0,2025-12-27,2026-01-17,persistence
38,2025-12-27,2026-01-24,4,4,104.0,104.0,87.0,100.0,104.0,117.0,405.0,2025-12-27,2026-01-24,persistence
39,2025-12-27,2026-01-03,1,1,1611.0,1611.0,1600.0,1608.0,1611.0,1617.0,1758.1999999999998,2025-12-27,2026-01-03,persistence
39,2025-12-27,2026-01-10,2,2,1611.0,1611.0,1598.0,1608.0,1611.0,1620.0,1820.0,2025-12-27,2026-01-10,persistence
39,2025-12-27,2026-01-17,3,3,1612.0,1612.0,1596.0,1608.0,1612.0,1623.0,1882.0,2025-12-27,2026-01-17,persistence
39,2025-12-27,2026-01-24,4,4,1612.0,1612.0,1595.0,1608.0,1612.0,1625.0,1913.0,2025-12-27,2026-01-24,persistence
40,2025-12-27,2026-01-03,1,1,232.0,232.0,221.0,229.0,232.0,238.0,379.1999999999998,2025-12-27,2026-01-03,persistence
40,2025-12-27,2026-01-10,2,2,232.0,232.0,219.0,229.0,232.0,241.0,441.0,2025-12-27,2026-01-10,persistence
40,2025-12-27,2026-01-17,3,3,233.0,233.0,217.0,229.0,233.0,244.0,503.0,2025-12-27,2026-01-17,persistence
40,2025-12-27,2026-01-24,4,4,233.0,233.0,216.0,229.0,233.0,246.0,534.0,2025-12-27,2026-01-24,persistence
41,2025-12-27,2026-01-03,1,1,138.0,138.0,127.0,135.0,138.0,144.0,285.1999999999998,2025-12-27,2026-01-03,persistence
41,2025-12-27,2026-01-10,2,2,138.0,138.0,125.0,135.0,138.0,147.0,347.0,2025-12-27,2026-01-10,persistence
41,2025-12-27,2026-01-17,3,3,139.0,139.0,123.0,135.0,139.0,150.0,409.0,2025-12-27,2026-01-17,persistence
41,2025-12-27,2026-01-24,4,4,139.0,139.0,122.0,135.0,139.0,152.0,440.0,2025-12-27,2026-01-24,persistence
42,2025-12-27,2026-01-03,1,1,2378.0,2378.0,2367.0,2375.0,2378.0,2384.0,2525.2,2025-12-27,2026-01-03,persistence
42,2025-12-27,2026-01-10,2,2,2378.0,2378.0,2365.0,2375.0,2378.0,2387.0,2587.0,2025-12-27,2026-01-10,persistence
42,2025-12-27,2026-01-17,3,3,2379.0,2379.0,2363.0,2375.0,2379.0,2390.0,2649.0,2025-12-27,2026-01-17,persistence
42,2025-12-27,2026-01-24,4,4,2379.0,2379.0,2362.0,2375.0,2379.0,2392.0,2680.0,2025-12-27,2026-01-24,persistence
44,2025-12-27,2026-01-03,1,1,198.0,198.0,187.0,195.0,198.0,204.0,345.1999999999998,2025-12-27,2026-01-03,persistence
44,2025-12-27,2026-01-10,2,2,198.0,198.0,185.0,195.0,198.0,207.0,407.0,2025-12-27,2026-01-10,persistence
44,2025-12-27,2026-01-17,3,3,199.0,199.0,183.0,195.0,199.0,210.0,469.0,2025-12-27,2026-01-17,persistence
44,2025-12-27,2026-01-24,4,4,199.0,199.0,182.0,195.0,199.0,212.0,500.0,2025-12-27,2026-01-24,persistence
45,2025-12-27,2026-01-03,1,1,857.0,857.0,846.0,854.0,857.0,863.0,1004.1999999999998,2025-12-27,2026-01-03,persistence
45,2025-12-27,2026-01-10,2,2,857.0,857.0,844.0,854.0,857.0,866.0,1066.0,2025-12-27,2026-01-10,persistence
45,2025-12-27,2026-01-17,3,3,858.0,858.0,842.0,854.0,858.0,869.0,1128.0,2025-12-27,2026-01-17,persistence
45,2025-12-27,2026-01-24,4,4,858.0,858.0,841.0,854.0,858.0,871.0,1159.0,2025-12-27,2026-01-24,persistence
46,2025-12-27,2026-01-03,1,1,61.0,61.0,50.0,58.0,61.0,67.0,208.19999999999982,2025-12-27,2026-01-03,persistence
46,2025-12-27,2026-01-10,2,2,61.0,61.0,48.0,58.0,61.0,70.0,270.0,2025-12-27,2026-01-10,persistence
46,2025-12-27,2026-01-17,3,3,62.0,62.0,46.0,58.0,62.0,73.0,332.0,2025-12-27,2026-01-17,persistence
46,2025-12-27,2026-01-24,4,4,62.0,62.0,45.0,58.0,62.0,75.0,363.0,2025-12-27,2026-01-24,persistence
47,2025-12-27,2026-01-03,1,1,862.0,862.0,851.0,859.0,862.0,868.0,1009.1999999999998,2025-12-27,2026-01-03,persistence
47,2025-12-27,2026-01-10,2,2,862.0,862.0,849.0,859.0,862.0,871.0,1071.0,2025-12-27,2026-01-10,persistence
47,2025-12-27,2026-01-17,3,3,863.0,863.0,847.0,859.0,863.0,874.0,1133.0,2025-12-27,2026-01-17,persistence
47,2025-12-27,2026-01-24,4,4,863.0,863.0,846.0,859.0,863.0,876.0,1164.0,2025-12-27,2026-01-24,persistence
48,2025-12-27,2026-01-03,1,1,2832.0,2832.0,2821.0,2829.0,2832.0,2838.0,2979.2,2025-12-27,2026-01-03,persistence
48,2025-12-27,2026-01-10,2,2,2832.0,2832.0,2819.0,2829.0,2832.0,2841.0,3041.0,2025-12-27,2026-01-10,persistence
48,2025-12-27,2026-01-17,3,3,2833.0,2833.0,2817.0,2829.0,2833.0,2844.0,3103.0,2025-12-27,2026-01-17,persistence
48,2025-12-27,2026-01-24,4,4,2833.0,2833.0,2816.0,2829.0,2833.0,2846.0,3134.0,2025-12-27,2026-01-24,persistence
49,2025-12-27,2026-01-03,1,1,235.0,235.0,224.0,232.0,235.0,241.0,382.1999999999998,2025-12-27,2026-01-03,persistence
49,2025-12-27,2026-01-10,2,2,235.0,235.0,222.0,232.0,235.0,244.0,444.0,2025-12-27,2026-01-10,persistence
49,2025-12-27,2026-01-17,3,3,236.0,236.0,220.0,232.0,236.0,247.0,506.0,2025-12-27,2026-01-17,persistence
49,2025-12-27,2026-01-24,4,4,236.0,236.0,219.0,232.0,236.0,249.0,537.0,2025-12-27,2026-01-24,persistence
50,2025-12-27,2026-01-03,1,1,44.0,44.0,33.0,41.0,44.0,50.0,191.19999999999982,2025-12-27,2026-01-03,persistence
50,2025-12-27,2026-01-10,2,2,44.0,44.0,31.0,41.0,44.0,53.0,253.0,2025-12-27,2026-01-10,persistence
50,2025-12-27,2026-01-17,3,3,45.0,45.0,29.0,41.0,45.0,56.0,315.0,2025-12-27,2026-01-17,persistence
50,2025-12-27,2026-01-24,4,4,45.0,45.0,28.0,41.0,45.0,58.0,346.0,2025-12-27,2026-01-24,persistence
51,2025-12-27,2026-01-03,1,1,844.0,844.0,833.0,841.0,844.0,850.0,991.1999999999998,2025-12-27,2026-01-03,persistence
51,2025-12-27,2026-01-10,2,2,844.0,844.0,831.0,841.0,844.0,853.0,1053.0,2025-12-27,2026-01-10,persistence
51,2025-12-27,2026-01-17,3,3,845.0,845.0,829.0,841.0,845.0,856.0,1115.0,2025-12-27,2026-01-17,persistence
51,2025-12-27,2026-01-24,4,4,845.0,845.0,828.0,841.0,845.0,858.0,1146.0,2025-12-27,2026-01-24,persistence
53,2025-12-27,2026-01-03,1,1,165.0,165.0,154.0,162.0,165.0,171.0,312.1999999999998,2025-12-27,2026-01-03,persistence
53,2025-12-27,2026-01-10,2,2,165.0,165.0,152.0,162.0,165.0,174.0,374.0,2025-12-27,2026-01-10,persistence
53,2025-12-27,2026-01-17,3,3,166.0,166.0,150.0,162.0,166.0,177.0,436.0,2025-12-27,2026-01-17,persistence
53,2025-12-27,2026-01-24,4,4,166.0,166.0,149.0,162.0,166.0,179.0,467.0,2025-12-27,2026-01-24,persistence
54,2025-12-27,2026-01-03,1,1,193.0,193.0,182.0,190.0,193.0,199.0,340.1999999999998,2025-12-27,2026-01-03,persistence
54,2025-12-27,2026-01-10,2,2,193.0,193.0,180.0,190.0,193.0,202.0,402.0,2025-12-27,2026-01-10,persistence
54,2025-12-27,2026-01-17,3,3,194.0,194.0,178.0,190.0,194.0,205.0,464.0,2025-12-27,2026-01-17,persistence
54,2025-12-27,2026-01-24,4,4,194.0,194.0,177.0,190.0,194.0,207.0,495.0,2025-12-27,2026-01-24,persistence
55,2025-12-27,2026-01-03,1,1,758.0,758.0,747.0,755.0,758.0,764.0,905.1999999999998,2025-12-27,2026-01-03,persistence
55,2025-12-27,2026-01-10,2,2,758.0,758.0,745.0,755.0,758.0,767.0,967.0,2025-12-27,2026-01-10,persistence
55,2025-12-27,2026-01-17,3,3,759.0,759.0,743.0,755.0,759.0,770.0,1029.0,2025-12-27,2026-01-17,persistence
55,2025-12-27,2026-01-24,4,4,759.0,759.0,742.0,755.0,759.0,772.0,1060.0,2025-12-27,2026-01-24,persistence
56,2025-12-27,2026-01-03,1,1,58.0,58.0,47.0,55.0,58.0,64.0,205.19999999999982,2025-12-27,2026-01-03,persistence
56,2025-12-27,2026-01-10,2,2,58.0,58.0,45.0,55.0,58.0,67.0,267.0,2025-12-27,2026-01-10,persistence
56,2025-12-27,2026-01-17,3,3,59.0,59.0,43.0,55.0,59.0,70.0,329.0,2025-12-27,2026-01-17,persistence
56,2025-12-27,2026-01-24,4,4,59.0,59.0,42.0,55.0,59.0,72.0,360.0,2025-12-27,2026-01-24,persistence
72,2025-12-27,2026-01-03,1,1,360.0,360.0,349.0,357.0,360.0,366.0,507.1999999999998,2025-12-27,2026-01-03,persistence
72,2025-12-27,2026-01-10,2,2,360.0,360.0,347.0,357.0,360.0,369.0,569.0,2025-12-27,2026-01-10,persistence
72,2025-12-27,2026-01-17,3,3,361.0,361.0,345.0,357.0,361.0,372.0,631.0,2025-12-27,2026-01-17,persistence
72,2025-12-27,2026-01-24,4,4,361.0,361.0,344.0,357.0,361.0,374.0,662.0,2025-12-27,2026-01-24,persistence
01,2026-01-24,2026-01-31,1,1,251.0,251.0,165.0,248.0,251.0,259.0,421.0,2026-01-24,2026-01-31,persistence
01,2026-01-24,2026-02-07,2,2,252.0,252.0,116.75000000000003,248.0,252.0,264.0,599.4999999999991,2026-01-24,2026-02-07,persistence
01,2026-01-24,2026-02-14,3,3,253.0,253.0,137.5,249.0,253.0,279.0,762.0,2026-01-24,2026-02-14,persistence
01,2026-01-24,2026-02-21,4,4,254.0,254.0,214.40000000000003,249.0,254.0,297.0,906.3499999999988,2026-01-24,2026-02-21,persistence
02,2026-01-24,2026-01-31,1,1,27.0,27.0,0.0,24.0,27.0,35.0,197.0,2026-01-24,2026-01-31,persistence
02,2026-01-24,2026-02-07,2,2,28.0,28.0,0.0,24.0,28.0,40.0,375.4999999999991,2026-01-24,2026-02-07,persistence
02,2026-01-24,2026-02-14,3,3,29.0,29.0,0.0,25.0,29.0,55.0,538.0,2026-01-24,2026-02-14,persistence
02,2026-01-24,2026-02-21,4,4,30.0,30.0,0.0,25.0,30.0,73.0,682.3499999999988,2026-01-24,2026-02-21,persistence
04,2026-01-24,2026-01-31,1,1,199.0,199.0,113.0,196.0,199.0,207.0,369.0,2026-01-24,2026-01-31,persistence
04,2026-01-24,2026-02-07,2,2,200.0,200.0,64.75000000000003,196.0,200.0,212.0,547.4999999999991,2026-01-24,2026-02-07,persistence
04,2026-01-24,2026-02-14,3,3,201.0,201.0,85.5,197.0,201.0,227.0,710.0,2026-01-24,2026-02-14,persistence
04,2026-01-24,2026-02-21,4,4,202.0,202.0,162.40000000000003,197.0,202.0,245.0,854.3499999999988,2026-01-24,2026-02-21,persistence
05,2026-01-24,2026-01-31,1,1,168.0,168.0,82.0,165.0,168.0,176.0,338.0,2026-01-24,2026-01-31,persistence
05,2026-01-24,2026-02-07,2,2,169.0,169.0,33.75000000000003,165.0,169.0,181.0,516.4999999999991,2026-01-24,2026-02-07,persistence
05,2026-01-24,2026-02-14,3,3,170.0,170.0,54.5,166.0,170.0,196.0,679.0,2026-01-24,2026-02-14,persistence
05,2026-01-24,2026-02-21,4,4,171.0,171.0,131.40000000000003,166.0,171.0,214.0,823.3499999999988,2026-01-24,2026-02-21,persistence
06,2026-01-24,2026-01-31,1,1,1625.0,1625.0,1539.0,1622.0,1625.0,1633.0,1795.0,2026-01-24,2026-01-31,persistence
06,2026-01-24,2026-02-07,2,2,1626.0,1626.0,1490.75,1622.0,1626.0,1638.0,1973.499999999999,2026-01-24,2026-02-07,persistence
06,2026-01-24,2026-02-14,3,3,1627.0,1627.0,1511.5,1623.0,1627.0,1653.0,2136.0,2026-01-24,2026-02-14,persistence
06,2026-01-24,2026-02-21,4,4,1628.0,1628.0,1588.4,1623.0,1628.0,1671.0,2280.3499999999985,2026-01-24,2026-02-21,persistence
08,2026-01-24,2026-01-31,1,1,184.0,184.0,98.0,181.0,184.0,192.0,354.0,2026-01-24,2026-01-31,persistence
08,2026-01-24,2026-02-07,2,2,185.0,185.0,49.75000000000003,181.0,185.0,197.0,532.4999999999991,2026-01-24,2026-02-07,persistence
08,2026-01-24,2026-02-14,3,3,186.0,186.0,70.5,182.0,186.0,212.0,695.0,2026-01-24,2026-02-14,persistence
08,2026-01-24,2026-02-21,4,4,187.0,187.0,147.40000000000003,182.0,187.0,230.0,839.3499999999988,2026-01-24,2026-02-21,persistence
09,2026-01-24,2026-01-31,1,1,118.0,118.0,32.0,115.0,118.0,126.0,288.0,2026-01-24,2026-01-31,persistence
09,2026-01-24,2026-02-07,2,2,119.0,119.0,0.0,115.0,119.0,131.0,466.4999999999991,2026-01-24,2026-02-07,persistence
09,2026-01-24,2026-02-14,3,3,120.0,120.0,4.5,116.0,120.0,146.0,629.0,2026-01-24,2026-02-14,persistence
09,2026-01-24,2026-02-21,4,4,121.0,121.0,81.40000000000003,116.0,121.0,164.0,773.3499999999988,2026-01-24,2026-02-21,persistence
10,2026-01-24,2026-01-31,1,1,102.0,102.0,16.0,99.0,102.0,110.0,272.0,2026-01-24,2026-01-31,persistence
10,2026-01-24,2026-02-07,2,2,103.0,103.0,0.0,99.0,103.0,115.0,450.4999999999991,2026-01-24,2026-02-07,persistence
10,2026-01-24,2026-02-14,3,3,104.0,104.0,0.0,100.0,104.0,130.0,613.0,2026-01-24,2026-02-14,persistence
10,2026-01-24,2026-02-21,4,4,105.0,105.0,65.40000000000003,100.0,105.0,148.0,757.3499999999988,2026-01-24,2026-02-21,persistence
11,2026-01-24,2026-01-31,1,1,34.0,34.0,0.0,31.0,34.0,42.0,204.0,2026-01-24,2026-01-31,persistence
11,2026-01-24,2026-02-07,2,2,35.0,35.0,0.0,31.0,35.0,47.0,382.4999999999991,2026-01-24,2026-02-07,persistence
11,2026-01-24,2026-02-14,3,3,36.0,36.0,0.0,32.0,36.0,62.0,545.0,2026-01-24,2026-02-14,persistence
11,2026-01-24,2026-02-21,4,4,37.0,37.0,0.0,32.0,37.0,80.0,689.3499999999988,2026-01-24,2026-02-21,persistence
12,2026-01-24,2026-01-31,1,1,1534.0,1534.0,1448.0,1531.0,1534.0,1542.0,1704.0,2026-01-24,2026-01-31,persistence
12,2026-01-24,2026-02-07,2,2,1535.0,1535.0,1399.75,1531.0,1535.0,1547.0,1882.499999999999,2026-01-24,2026-02-07,persistence
12,2026-01-24,2026-02-14,3,3,1536.0,1536.0,1420.5,1532.0,1536.0,1562.0,2045.0,2026-01-24,2026-02-14,persistence
12,2026-01-24,2026-02-21,4,4,1537.0,1537.0,1497.4,1532.0,1537.0,1580.0,2189.3499999999985,2026-01-24,2026-02-21,persistence
13,2026-01-24,2026-01-31,1,1,343.0,343.0,257.0,340.0,343.0,351.0,513.0,2026-01-24,2026-01-31,persistence
13,2026-01-24,2026-02-07,2,2,344.0,344.0,208.75000000000003,340.0,344.0,356.0,691.4999999999991,2026-01-24,2026-02-07,persistence
13,2026-01-24,2026-02-14,3,3,345.0,345.0,229.5,341.0,345.0,371.0,854.0,2026-01-24,2026-02-14,persistence
13,2026-01-24,2026-02-21,4,4,346.0,346.0,306.40000000000003,341.0,346.0,389.0,998.3499999999988,2026-01-24,2026-02-21,persistence
15,2026-01-24,2026-01-31,1,1,46.0,46.0,0.0,43.0,46.0,54.0,216.0,2026-01-24,2026-01-31,persistence
15,2026-01-24,2026-02-07,2,2,47.0,47.0,0.0,43.0,47.0,59.0,394.4999999999991,2026-01-24,2026-02-07,persistence
15,2026-01-24,2026-02-14,3,3,48.0,48.0,0.0,44.0,48.0,74.0,557.0,2026-01-24,2026-02-14,persistence
15,2026-01-24,2026-02-21,4,4,49.0,49.0,9.400000000000034,44.0,49.0,92.0,701.3499999999988,2026-01-24,2026-02-21,persistence
16,2026-01-24,2026-01-31,1,1,98.0,98.0,12.0,95.0,98.0,106.0,268.0,2026-01-24,2026-01-31,persistence
16,2026-01-24,2026-02-07,2,2,99.0,99.0,0.0,95.0,99.0,111.0,446.4999999999991,2026-01-24,2026-02-07,persistence
16,2026-01-24,2026-02-14,3,3,100.0,100.0,0.0,96.0,100.0,126.0,609.0,2026-01-24,2026-02-14,persistence
16,2026-01-24,2026-02-21,4,4,101.0,101.0,61.400000000000034,96.0,101.0,144.0,753.3499999999988,2026-01-24,2026-02-21,persistence
17,2026-01-24,2026-01-31,1,1,655.0,655.0,569.0,652.0,655.0,663.0,825.0,2026-01-24,2026-01-31,persistence
17,2026-01-24,2026-02-07,2,2,656.0,656.0,520.75,652.0,656.0,668.0,1003.4999999999991,2026-01-24,2026-02-07,persistence
17,2026-01-24,2026-02-14,3,3,657.0,657.0,541.5,653.0,657.0,683.0,1166.0,2026-01-24,2026-02-14,persistence
17,2026-01-24,2026-02-21,4,4,658.0,658.0,618.4000000000001,653.0,658.0,701.0,1310.3499999999988,2026-01-24,2026-02-21,persistence
18,2026-01-24,2026-01-31,1,1,317.0,317.0,231.0,314.0,317.0,325.0,487.0,2026-01-24,2026-01-31,persistence
18,2026-01-24,2026-02-07,2,2,318.0,318.0,182.75000000000003,314.0,318.0,330.0,665.4999999999991,2026-01-24,2026-02-07,persistence
18,2026-01-24,2026-02-14,3,3,319.0,319.0,203.5,315.0,319.0,345.0,828.0,2026-01-24,2026-02-14,persistence
18,2026-01-24,2026-02-21,4,4,320.0,320.0,280.40000000000003,315.0,320.0,363.0,972.3499999999988,2026-01-24,2026-02-21,persistence
19,2026-01-24,2026-01-31,1,1,242.0,242.0,156.0,239.0,242.0,250.0,412.0,2026-01-24,2026-01-31,persistence
19,2026-01-24,2026-02-07,2,2,243.0,243.0,107.75000000000003,239.0,243.0,255.0,590.4999999999991,2026-01-24,2026-02-07,persistence
19,2026-01-24,2026-02-14,3,3,244.0,244.0,128.5,240.0,244.0,270.0,753.0,2026-01-24,2026-02-14,persistence
19,2026-01-24,2026-02-21,4,4,245.0,245.0,205.40000000000003,240.0,245.0,288.0,897.3499999999988,2026-01-24,2026-02-21,persistence
20,2026-01-24,2026-01-31,1,1,214.0,214.0,128.0,211.0,214.0,222.0,384.0,2026-01-24,2026-01-31,persistence
20,2026-01-24,2026-02-07,2,2,215.0,215.0,79.75000000000003,211.0,215.0,227.0,562.4999999999991,2026-01-24,2026-02-07,persistence
20,2026-01-24,2026-02-14,3,3,216.0,216.0,100.5,212.0,216.0,242.0,725.0,2026-01-24,2026-02-14,persistence
20,2026-01-24,2026-02-21,4,4,217.0,217.0,177.40000000000003,212.0,217.0,260.0,869.3499999999988,2026-01-24,2026-02-21,persistence
21,2026-01-24,2026-01-31,1,1,284.0,284.0,198.0,281.0,284.0,292.0,454.0,2026-01-24,2026-01-31,persistence
21,2026-01-24,2026-02-07,2,2,285.0,285.0,149.75000000000003,281.0,285.0,297.0,632.4999999999991,2026-01-24,2026-02-07,persistence
21,2026-01-24,2026-02-14,3,3,286.0,286.0,170.5,282.0,286.0,312.0,795.0,2026-01-24,2026-02-14,persistence
21,2026-01-24,2026-02-21,4,4,287.0,287.0,247.40000000000003,282.0,287.0,330.0,939.3499999999988,2026-01-24,2026-02-21,persistence
22,2026-01-24,2026-01-31,1,1,335.0,335.0,249.0,332.0,335.0,343.0,505.0,2026-01-24,2026-01-31,persistence
22,2026-01-24,2026-02-07,2,2,336.0,336.0,200.75000000000003,332.0,336.0,348.0,683.4999999999991,2026-01-24,2026-02-07,persistence
22,2026-01-24,2026-02-14,3,3,337.0,337.0,221.5,333.0,337.0,363.0,846.0,2026-01-24,2026-02-14,persistence
22,2026-01-24,2026-02-21,4,4,338.0,338.0,298.40000000000003,333.0,338.0,381.0,990.3499999999988,2026-01-24,2026-02-21,persistence
23,2026-01-24,2026-01-31,1,1,82.0,82.0,0.0,79.0,82.0,90.0,252.0,2026-01-24,2026-01-31,persistence
23,2026-01-24,2026-02-07,2,2,83.0,83.0,0.0,79.0,83.0,95.0,430.4999999999991,2026-01-24,2026-02-07,persistence
23,2026-01-24,2026-02-14,3,3,84.0,84.0,0.0,80.0,84.0,110.0,593.0,2026-01-24,2026-02-14,persistence
23,2026-01-24,2026-02-21,4,4,85.0,85.0,45.400000000000034,80.0,85.0,128.0,737.3499999999988,2026-01-24,2026-02-21,persistence
24,2026-01-24,2026-01-31,1,1,170.0,170.0,84.0,167.0,170.0,178.0,340.0,2026-01-24,2026-01-31,persistence
24,2026-01-24,2026-02-07,2,2,171.0,171.0,35.75000000000003,167.0,171.0,183.0,518.4999999999991,2026-01-24,2026-02-07,persistence
24,2026-01-24,2026-02-14,3,3,172.0,172.0,56.5,168.0,172.0,198.0,681.0,2026-01-24,2026-02-14,persistence
24,2026-01-24,2026-02-21,4,4,173.0,173.0,133.40000000000003,168.0,173.0,216.0,825.3499999999988,2026-01-24,2026-02-21,persistence
25,2026-01-24,2026-01-31,1,1,255.0,255.0,169.0,252.0,255.0,263.0,425.0,2026-01-24,2026-01-31,persistence
25,2026-01-24,2026-02-07,2,2,256.0,256.0,120.75000000000003,252.0,256.0,268.0,603.4999999999991,2026-01-24,2026-02-07,persistence
25,2026-01-24,2026-02-14,3,3,257.0,257.0,141.5,253.0,257.0,283.0,766.0,2026-01-24,2026-02-14,persistence
25,2026-01-24,2026-02-21,4,4,258.0,258.0,218.40000000000003,253.0,258.0,301.0,910.3499999999988,2026-01-24,2026-02-21,persistence
26,2026-01-24,2026-01-31,1,1,413.0,413.0,327.0,410.0,413.0,421.0,583.0,2026-01-24,2026-01-31,persistence
26,2026-01-24,2026-02-07,2,2,414.0,414.0,278.75,410.0,414.0,426.0,761.4999999999991,2026-01-24,2026-02-07,persistence
26,2026-01-24,2026-02-14,3,3,415.0,415.0,299.5,411.0,415.0,441.0,924.0,2026-01-24,2026-02-14,persistence
26,2026-01-24,2026-02-21,4,4,416.0,416.0,376.40000000000003,411.0,416.0,459.0,1068.3499999999988,2026-01-24,2026-02-21,persistence
27,2026-01-24,2026-01-31,1,1,330.0,330.0,244.0,327.0,330.0,338.0,500.0,2026-01-24,2026-01-31,persistence
27,2026-01-24,2026-02-07,2,2,331.0,331.0,195.75000000000003,327.0,331.0,343.0,678.4999999999991,2026-01-24,2026-02-07,persistence
27,2026-01-24,2026-02-14,3,3,332.0,332.0,216.5,328.0,332.0,358.0,841.0,2026-01-24,2026-02-14,persistence
27,2026-01-24,2026-02-21,4,4,333.0,333.0,293.40000000000003,328.0,333.0,376.0,985.3499999999988,2026-01-24,2026-02-21,persistence
28,2026-01-24,2026-01-31,1,1,116.0,116.0,30.0,113.0,116.0,124.0,286.0,2026-01-24,2026-01-31,persistence
28,2026-01-24,2026-02-07,2,2,117.0,117.0,0.0,113.0,117.0,129.0,464.4999999999991,2026-01-24,2026-02-07,persistence
28,2026-01-24,2026-02-14,3,3,118.0,118.0,2.5,114.0,118.0,144.0,627.0,2026-01-24,2026-02-14,persistence
28,2026-01-24,2026-02-21,4,4,119.0,119.0,79.40000000000003,114.0,119.0,162.0,771.3499999999988,2026-01-24,2026-02-21,persistence
29,2026-01-24,2026-01-31,1,1,455.0,455.0,369.0,452.0,455.0,463.0,625.0,2026-01-24,2026-01-31,persistence
29,2026-01-24,2026-02-07,2,2,456.0,456.0,320.75,452.0,456.0,468.0,803.4999999999991,2026-01-24,2026-02-07,persistence
29,2026-01-24,2026-02-14,3,3,457.0,457.0,341.5,453.0,457.0,483.0,966.0,2026-01-24,2026-02-14,persistence
29,2026-01-24,2026-02-21,4,4,458.0,458.0,418.40000000000003,453.0,458.0,501.0,1110.3499999999988,2026-01-24,2026-02-21,persistence
30,2026-01-24,2026-01-31,1,1,65.0,65.0,0.0,62.0,65.0,73.0,235.0,2026-01-24,2026-01-31,persistence
30,2026-01-24,2026-02-07,2,2,66.0,66.0,0.0,62.0,66.0,78.0,413.4999999999991,2026-01-24,2026-02-07,persistence
30,2026-01-24,2026-02-14,3,3,67.0,67.0,0.0,63.0,67.0,93.0,576.0,2026-01-24,2026-02-14,persistence
30,2026-01-24,2026-02-21,4,4,68.0,68.0,28.400000000000034,63.0,68.0,111.0,720.3499999999988,2026-01-24,2026-02-21,persistence
31,2026-01-24,2026-01-31,1,1,146.0,146.0,60.0,143.0,146.0,154.0,316.0,2026-01-24,2026-01-31,persistence
31,2026-01-24,2026-02-07,2,2,147.0,147.0,11.750000000000028,143.0,147.0,159.0,494.4999999999991,2026-01-24,2026-02-07,persistence
31,2026-01-24,2026-02-14,3,3,148.0,148.0,32.5,144.0,148.0,174.0,657.0,2026-01-24,2026-02-14,persistence
31,2026-01-24,2026-02-21,4,4,149.0,149.0,109.40000000000003,144.0,149.0,192.0,801.3499999999988,2026-01-24,2026-02-21,persistence
32,2026-01-24,2026-01-31,1,1,96.0,96.0,10.0,93.0,96.0,104.0,266.0,2026-01-24,2026-01-31,persistence
32,2026-01-24,2026-02-07,2,2,97.0,97.0,0.0,93.0,97.0,109.0,444.4999999999991,2026-01-24,2026-02-07,persistence
32,2026-01-24,2026-02-14,3,3,98.0,98.0,0.0,94.0,98.0,124.0,607.0,2026-01-24,2026-02-14,persistence
32,2026-01-24,2026-02-21,4,4,99.0,99.0,59.400000000000034,94.0,99.0,142.0,751.3499999999988,2026-01-24,2026-02-21,persistence
33,2026-01-24,2026-01-31,1,1,119.0,119.0,33.0,116.0,119.0,127.0,289.0,2026-01-24,2026-01-31,persistence
33,2026-01-24,2026-02-07,2,2,120.0,120.0,0.0,116.0,120.0,132.0,467.4999999999991,2026-01-24,2026-02-07,persistence
33,2026-01-24,2026-02-14,3,3,121.0,121.0,5.5,117.0,121.0,147.0,630.0,2026-01-24,2026-02-14,persistence
33,2026-01-24,2026-02-21,4,4,122.0,122.0,82.40000000000003,117.0,122.0,165.0,774.3499999999988,2026-01-24,2026-02-21,persistence
34,2026-01-24,2026-01-31,1,1,400.0,400.0,314.0,397.0,400.0,408.0,570.0,2026-01-24,2026-01-31,persistence
34,2026-01-24,2026-02-07,2,2,401.0,401.0,265.75,397.0,401.0,413.0,748.4999999999991,2026-01-24,2026-02-07,persistence
34,2026-01-24,2026-02-14,3,3,402.0,402.0,286.5,398.0,402.0,428.0,911.0,2026-01-24,2026-02-14,persistence
34,2026-01-24,2026-02-21,4,4,403.0,403.0,363.40000000000003,398.0,403.0,446.0,1055.3499999999988,2026-01-24,2026-02-21,persistence
35,2026-01-24,2026-01-31,1,1,139.0,139.0,53.0,136.0,139.0,147.0,309.0,2026-01-24,2026-01-31,persistence
35,2026-01-24,2026-02-07,2,2,140.0,140.0,4.750000000000028,136.0,140.0,152.0,487.4999999999991,2026-01-24,2026-02-07,persistence
35,2026-01-24,2026-02-14,3,3,141.0,141.0,25.5,137.0,141.0,167.0,650.0,2026-01-24,2026-02-14,persistence
35,2026-01-24,2026-02-21,4,4,142.0,142.0,102.40000000000003,137.0,142.0,185.0,794.3499999999988,2026-01-24,2026-02-21,persistence
36,2026-01-24,2026-01-31,1,1,693.0,693.0,607.0,690.0,693.0,701.0,863.0,2026-01-24,2026-01-31,persistence
36,2026-01-24,2026-02-07,2,2,694.0,694.0,558.75,690.0,694.0,706.0,1041.499999999999,2026-01-24,2026-02-07,persistence
36,2026-01-24,2026-02-14,3,3,695.0,695.0,579.5,691.0,695.0,721.0,1204.0,2026-01-24,2026-02-14,persistence
36,2026-01-24,2026-02-21,4,4,696.0,696.0,656.4000000000001,691.0,696.0,739.0,1348.3499999999988,2026-01-24,2026-02-21,persistence
37,2026-01-24,2026-01-31,1,1,527.0,527.0,441.0,524.0,527.0,535.0,697.0,2026-01-24,2026-01-31,persistence
37,2026-01-24,2026-02-07,2,2,528.0,528.0,392.75,524.0,528.0,540.0,875.4999999999991,2026-01-24,2026-02-07,persistence
37,2026-01-24,2026-02-14,3,3,529.0,529.0,413.5,525.0,529.0,555.0,1038.0,2026-01-24,2026-02-14,persistence
37,2026-01-24,2026-02-21,4,4,530.0,530.0,490.40000000000003,525.0,530.0,573.0,1182.3499999999988,2026-01-24,2026-02-21,persistence
38,2026-01-24,2026-01-31,1,1,73.0,73.0,0.0,70.0,73.0,81.0,243.0,2026-01-24,2026-01-31,persistence
38,2026-01-24,2026-02-07,2,2,74.0,74.0,0.0,70.0,74.0,86.0,421.4999999999991,2026-01-24,2026-02-07,persistence
38,2026-01-24,2026-02-14,3,3,75.0,75.0,0.0,71.0,75.0,101.0,584.0,2026-01-24,2026-02-14,persistence
38,2026-01-24,2026-02-21,4,4,76.0,76.0,36.400000000000034,71.0,76.0,119.0,728.3499999999988,2026-01-24,2026-02-21,persistence
39,2026-01-24,2026-01-31,1,1,725.0,725.0,639.0,722.0,725.0,733.0,895.0,2026-01-24,2026-01-31,persistence
39,2026-01-24,2026-02-07,2,2,726.0,726.0,590.75,722.0,726.0,738.0,1073.499999999999,2026-01-24,2026-02-07,persistence
39,2026-01-24,2026-02-14,3,3,727.0,727.0,611.5,723.0,727.0,753.0,1236.0,2026-01-24,2026-02-14,persistence
39,2026-01-24,2026-02-21,4,4,728.0,728.0,688.4000000000001,723.0,728.0,771.0,1380.3499999999988,2026-01-24,2026-02-21,persistence
40,2026-01-24,2026-01-31,1,1,167.0,167.0,81.0,164.0,167.0,175.0,337.0,2026-01-24,2026-01-31,persistence
40,2026-01-24,2026-02-07,2,2,168.0,168.0,32.75000000000003,164.0,168.0,180.0,515.4999999999991,2026-01-24,2026-02-07,persistence
40,2026-01-24,2026-02-14,3,3,169.0,169.0,53.5,165.0,169.0,195.0,678.0,2026-01-24,2026-02-14,persistence
40,2026-01-24,2026-02-21,4,4,170.0,170.0,130.40000000000003,165.0,170.0,213.0,822.3499999999988,2026-01-24,2026-02-21,persistence
41,2026-01-24,2026-01-31,1,1,246.0,246.0,160.0,243.0,246.0,254.0,416.0,2026-01-24,2026-01-31,persistence
41,2026-01-24,2026-02-07,2,2,247.0,247.0,111.75000000000003,243.0,247.0,259.0,594.4999999999991,2026-01-24,2026-02-07,persistence
41,2026-01-24,2026-02-14,3,3,248.0,248.0,132.5,244.0,248.0,274.0,757.0,2026-01-24,2026-02-14,persistence
41,2026-01-24,2026-02-21,4,4,249.0,249.0,209.40000000000003,244.0,249.0,292.0,901.3499999999988,2026-01-24,2026-02-21,persistence
42,2026-01-24,2026-01-31,1,1,1234.0,1234.0,1148.0,1231.0,1234.0,1242.0,1404.0,2026-01-24,2026-01-31,persistence
42,2026-01-24,2026-02-07,2,2,1235.0,1235.0,1099.75,1231.0,1235.0,1247.0,1582.499999999999,2026-01-24,2026-02-07,persistence
42,2026-01-24,2026-02-14,3,3,1236.0,1236.0,1120.5,1232.0,1236.0,1262.0,1745.0,2026-01-24,2026-02-14,persistence
42,2026-01-24,2026-02-21,4,4,1237.0,1237.0,1197.4,1232.0,1237.0,1280.0,1889.3499999999988,2026-01-24,2026-02-21,persistence
44,2026-01-24,2026-01-31,1,1,62.0,62.0,0.0,59.0,62.0,70.0,232.0,2026-01-24,2026-01-31,persistence
44,2026-01-24,2026-02-07,2,2,63.0,63.0,0.0,59.0,63.0,75.0,410.4999999999991,2026-01-24,2026-02-07,persistence
44,2026-01-24,2026-02-14,3,3,64.0,64.0,0.0,60.0,64.0,90.0,573.0,2026-01-24,2026-02-14,persistence
44,2026-01-24,2026-02-21,4,4,65.0,65.0,25.400000000000034,60.0,65.0,108.0,717.3499999999988,2026-01-24,2026-02-21,persistence
45,2026-01-24,2026-01-31,1,1,242.0,242.0,156.0,239.0,242.0,250.0,412.0,2026-01-24,2026-01-31,persistence
45,2026-01-24,2026-02-07,2,2,243.0,243.0,107.75000000000003,239.0,243.0,255.0,590.4999999999991,2026-01-24,2026-02-07,persistence
45,2026-01-24,2026-02-14,3,3,244.0,244.0,128.5,240.0,244.0,270.0,753.0,2026-01-24,2026-02-14,persistence
45,2026-01-24,2026-02-21,4,4,245.0,245.0,205.40000000000003,240.0,245.0,288.0,897.3499999999988,2026-01-24,2026-02-21,persistence
46,2026-01-24,2026-01-31,1,1,68.0,68.0,0.0,65.0,68.0,76.0,238.0,2026-01-24,2026-01-31,persistence
46,2026-01-24,2026-02-07,2,2,69.0,69.0,0.0,65.0,69.0,81.0,416.4999999999991,2026-01-24,2026-02-07,persistence
46,2026-01-24,2026-02-14,3,3,70.0,70.0,0.0,66.0,70.0,96.0,579.0,2026-01-24,2026-02-14,persistence
46,2026-01-24,2026-02-21,4,4,71.0,71.0,31.400000000000034,66.0,71.0,114.0,723.3499999999988,2026-01-24,2026-02-21,persistence
47,2026-01-24,2026-01-31,1,1,313.0,313.0,227.0,310.0,313.0,321.0,483.0,2026-01-24,2026-01-31,persistence
47,2026-01-24,2026-02-07,2,2,314.0,314.0,178.75000000000003,310.0,314.0,326.0,661.4999999999991,2026-01-24,2026-02-07,persistence
47,2026-01-24,2026-02-14,3,3,315.0,315.0,199.5,311.0,315.0,341.0,824.0,2026-01-24,2026-02-14,persistence
47,2026-01-24,2026-02-21,4,4,316.0,316.0,276.40000000000003,311.0,316.0,359.0,968.3499999999988,2026-01-24,2026-02-21,persistence
48,2026-01-24,2026-01-31,1,1,1380.0,1380.0,1294.0,1377.0,1380.0,1388.0,1550.0,2026-01-24,2026-01-31,persistence
48,2026-01-24,2026-02-07,2,2,1381.0,1381.0,1245.75,1377.0,1381.0,1393.0,1728.499999999999,2026-01-24,2026-02-07,persistence
48,2026-01-24,2026-02-14,3,3,1382.0,1382.0,1266.5,1378.0,1382.0,1408.0,1891.0,2026-01-24,2026-02-14,persistence
48,2026-01-24,2026-02-21,4,4,1383.0,1383.0,1343.4,1378.0,1383.0,1426.0,2035.3499999999988,2026-01-24,2026-02-21,persistence
49,2026-01-24,2026-01-31,1,1,78.0,78.0,0.0,75.0,78.0,86.0,248.0,2026-01-24,2026-01-31,persistence
49,2026-01-24,2026-02-07,2,2,79.0,79.0,0.0,75.0,79.0,91.0,426.4999999999991,2026-01-24,2026-02-07,persistence
49,2026-01-24,2026-02-14,3,3,80.0,80.0,0.0,76.0,80.0,106.0,589.0,2026-01-24,2026-02-14,persistence
49,2026-01-24,2026-02-21,4,4,81.0,81.0,41.400000000000034,76.0,81.0,124.0,733.3499999999988,2026-01-24,2026-02-21,persistence
50,2026-01-24,2026-01-31,1,1,29.0,29.0,0.0,26.0,29.0,37.0,199.0,2026-01-24,2026-01-31,persistence
50,2026-01-24,2026-02-07,2,2,30.0,30.0,0.0,26.0,30.0,42.0,377.4999999999991,2026-01-24,2026-02-07,persistence
50,2026-01-24,2026-02-14,3,3,31.0,31.0,0.0,27.0,31.0,57.0,540.0,2026-01-24,2026-02-14,persistence
50,2026-01-24,2026-02-21,4,4,32.0,32.0,0.0,27.0,32.0,75.0,684.3499999999988,2026-01-24,2026-02-21,persistence
51,2026-01-24,2026-01-31,1,1,450.0,450.0,364.0,447.0,450.0,458.0,620.0,2026-01-24,2026-01-31,persistence
51,2026-01-24,2026-02-07,2,2,451.0,451.0,315.75,447.0,451.0,463.0,798.4999999999991,2026-01-24,2026-02-07,persistence
51,2026-01-24,2026-02-14,3,3,452.0,452.0,336.5,448.0,452.0,478.0,961.0,2026-01-24,2026-02-14,persistence
51,2026-01-24,2026-02-21,4,4,453.0,453.0,413.40000000000003,448.0,453.0,496.0,1105.3499999999988,2026-01-24,2026-02-21,persistence
53,2026-01-24,2026-01-31,1,1,237.0,237.0,151.0,234.0,237.0,245.0,407.0,2026-01-24,2026-01-31,persistence
53,2026-01-24,2026-02-07,2,2,238.0,238.0,102.75000000000003,234.0,238.0,250.0,585.4999999999991,2026-01-24,2026-02-07,persistence
53,2026-01-24,2026-02-14,3,3,239.0,239.0,123.5,235.0,239.0,265.0,748.0,2026-01-24,2026-02-14,persistence
53,2026-01-24,2026-02-21,4,4,240.0,240.0,200.40000000000003,235.0,240.0,283.0,892.3499999999988,2026-01-24,2026-02-21,persistence
54,2026-01-24,2026-01-31,1,1,187.0,187.0,101.0,184.0,187.0,195.0,357.0,2026-01-24,2026-01-31,persistence
54,2026-01-24,2026-02-07,2,2,188.0,188.0,52.75000000000003,184.0,188.0,200.0,535.4999999999991,2026-01-24,2026-02-07,persistence
54,2026-01-24,2026-02-14,3,3,189.0,189.0,73.5,185.0,189.0,215.0,698.0,2026-01-24,2026-02-14,persistence
54,2026-01-24,2026-02-21,4,4,190.0,190.0,150.40000000000003,185.0,190.0,233.0,842.3499999999988,2026-01-24,2026-02-21,persistence
55,2026-01-24,2026-01-31,1,1,362.0,362.0,276.0,359.0,362.0,370.0,532.0,2026-01-24,2026-01-31,persistence
55,2026-01-24,2026-02-07,2,2,363.0,363.0,227.75000000000003,359.0,363.0,375.0,710.4999999999991,2026-01-24,2026-02-07,persistence
55,2026-01-24,2026-02-14,3,3,364.0,364.0,248.5,360.0,364.0,390.0,873.0,2026-01-24,2026-02-14,persistence
55,2026-01-24,2026-02-21,4,4,365.0,365.0,325.40000000000003,360.0,365.0,408.0,1017.3499999999988,2026-01-24,2026-02-21,persistence
56,2026-01-24,2026-01-31,1,1,19.0,19.0,0.0,16.0,19.0,27.0,189.0,2026-01-24,2026-01-31,persistence
56,2026-01-24,2026-02-07,2,2,20.0,20.0,0.0,16.0,20.0,32.0,367.4999999999991,2026-01-24,2026-02-07,persistence
56,2026-01-24,2026-02-14,3,3,21.0,21.0,0.0,17.0,21.0,47.0,530.0,2026-01-24,2026-02-14,persistence
56,2026-01-24,2026-02-21,4,4,22.0,22.0,0.0,17.0,22.0,65.0,674.3499999999988,2026-01-24,2026-02-21,persistence
72,2026-01-24,2026-01-31,1,1,213.0,213.0,127.0,210.0,213.0,221.0,383.0,2026-01-24,2026-01-31,persistence
72,2026-01-24,2026-02-07,2,2,214.0,214.0,78.75000000000003,210.0,214.0,226.0,561.4999999999991,2026-01-24,2026-02-07,persistence
72,2026-01-24,2026-02-14,3,3,215.0,215.0,99.5,211.0,215.0,241.0,724.0,2026-01-24,2026-02-14,persistence
72,2026-01-24,2026-02-21,4,4,216.0,216.0,176.40000000000003,211.0,216.0,259.0,868.3499999999988,2026-01-24,2026-02-21,persistence
01,2026-02-21,2026-02-28,1,1,334.0,334.0,219.0,330.0,334.0,348.0,520.1999999999998,2026-02-21,2026-02-28,persistence
01,2026-02-21,2026-03-07,2,2,335.0,335.0,117.05000000000004,329.0,335.0,354.25,724.2999999999984,2026-02-21,2026-03-07,persistence
01,2026-02-21,2026-03-14,3,3,336.0,336.0,6.0,330.0,336.0,371.0,856.5,2026-02-21,2026-03-14,persistence
01,2026-02-21,2026-03-21,4,4,338.0,338.0,0.0,331.0,338.0,390.75,1000.2999999999997,2026-02-21,2026-03-21,persistence
02,2026-02-21,2026-02-28,1,1,9.0,9.0,0.0,5.0,9.0,23.0,195.19999999999982,2026-02-21,2026-02-28,persistence
02,2026-02-21,2026-03-07,2,2,10.0,10.0,0.0,4.0,10.0,29.25,399.29999999999836,2026-02-21,2026-03-07,persistence
02,2026-02-21,2026-03-14,3,3,11.0,11.0,0.0,5.0,11.0,46.0,531.5,2026-02-21,2026-03-14,persistence
02,2026-02-21,2026-03-21,4,4,13.0,13.0,0.0,6.0,13.0,65.75,675.2999999999997,2026-02-21,2026-03-21,persistence
04,2026-02-21,2026-02-28,1,1,355.0,355.0,240.0,351.0,355.0,369.0,541.1999999999998,2026-02-21,2026-02-28,persistence
04,2026-02-21,2026-03-07,2,2,356.0,356.0,138.05000000000004,350.0,356.0,375.25,745.2999999999984,2026-02-21,2026-03-07,persistence
04,2026-02-21,2026-03-14,3,3,357.0,357.0,27.0,351.0,357.0,392.0,877.5,2026-02-21,2026-03-14,persistence
04,2026-02-21,2026-03-21,4,4,359.0,359.0,0.0,352.0,359.0,411.75,1021.2999999999997,2026-02-21,2026-03-21,persistence
05,2026-02-21,2026-02-28,1,1,174.0,174.0,59.0,170.0,174.0,188.0,360.1999999999998,2026-02-21,2026-02-28,persistence
05,2026-02-21,2026-03-07,2,2,175.0,175.0,0.0,169.0,175.0,194.25,564.2999999999984,2026-02-21,2026-03-07,persistence
05,2026-02-21,2026-03-14,3,3,176.0,176.0,0.0,170.0,176.0,211.0,696.5,2026-02-21,2026-03-14,persistence
05,2026-02-21,2026-03-21,4,4,178.0,178.0,0.0,171.0,178.0,230.75,840.2999999999997,2026-02-21,2026-03-21,persistence
06,2026-02-21,2026-02-28,1,1,1567.0,1567.0,1452.0,1563.0,1567.0,1581.0,1753.1999999999998,2026-02-21,2026-02-28,persistence
06,2026-02-21,2026-03-07,2,2,1568.0,1568.0,1350.05,1562.0,1568.0,1587.25,1957.2999999999984,2026-02-21,2026-03-07,persistence
06,2026-02-21,2026-03-14,3,3,1569.0,1569.0,1239.0,1563.0,1569.0,1604.0,2089.5,2026-02-21,2026-03-14,persistence
06,2026-02-21,2026-03-21,4,4,1571.0,1571.0,1171.7,1564.0,1571.0,1623.75,2233.2999999999997,2026-02-21,2026-03-21,persistence
08,2026-02-21,2026-02-28,1,1,120.0,120.0,5.0,116.0,120.0,134.0,306.1999999999998,2026-02-21,2026-02-28,persistence
08,2026-02-21,2026-03-07,2,2,121.0,121.0,0.0,115.0,121.0,140.25,510.29999999999836,2026-02-21,2026-03-07,persistence
08,2026-02-21,2026-03-14,3,3,122.0,122.0,0.0,116.0,122.0,157.0,642.5,2026-02-21,2026-03-14,persistence
08,2026-02-21,2026-03-21,4,4,124.0,124.0,0.0,117.0,124.0,176.75,786.2999999999997,2026-02-21,2026-03-21,persistence
09,2026-02-21,2026-02-28,1,1,34.0,34.0,0.0,30.0,34.0,48.0,220.19999999999982,2026-02-21,2026-02-28,persistence
09,2026-02-21,2026-03-07,2,2,35.0,35.0,0.0,29.0,35.0,54.25,424.29999999999836,2026-02-21,2026-03-07,persistence
09,2026-02-21,2026-03-14,3,3,36.0,36.0,0.0,30.0,36.0,71.0,556.5,2026-02-21,2026-03-14,persistence
09,2026-02-21,2026-03-21,4,4,38.0,38.0,0.0,31.0,38.0,90.75,700.2999999999997,2026-02-21,2026-03-21,persistence
10,2026-02-21,2026-02-28,1,1,50.0,50.0,0.0,46.0,50.0,64.0,236.19999999999982,2026-02-21,2026-02-28,persistence
10,2026-02-21,2026-03-07,2,2,51.0,51.0,0.0,45.0,51.0,70.25,440.29999999999836,2026-02-21,2026-03-07,persistence
10,2026-02-21,2026-03-14,3,3,52.0,52.0,0.0,46.0,52.0,87.0,572.5,2026-02-21,2026-03-14,persistence
10,2026-02-21,2026-03-21,4,4,54.0,54.0,0.0,47.0,54.0,106.75,716.2999999999997,2026-02-21,2026-03-21,persistence
11,2026-02-21,2026-02-28,1,1,8.0,8.0,0.0,4.0,8.0,22.0,194.19999999999982,2026-02-21,2026-02-28,persistence
11,2026-02-21,2026-03-07,2,2,9.0,9.0,0.0,3.0,9.0,28.25,398.29999999999836,2026-02-21,2026-03-07,persistence
11,2026-02-21,2026-03-14,3,3,10.0,10.0,0.0,4.0,10.0,45.0,530.5,2026-02-21,2026-03-14,persistence
11,2026-02-21,2026-03-21,4,4,12.0,12.0,0.0,5.0,12.0,64.75,674.2999999999997,2026-02-21,2026-03-21,persistence
12,2026-02-21,2026-02-28,1,1,2028.0,2028.0,1913.0,2024.0,2028.0,2042.0,2214.2,2026-02-21,2026-02-28,persistence
12,2026-02-21,2026-03-07,2,2,2029.0,2029.0,1811.05,2023.0,2029.0,2048.25,2418.2999999999984,2026-02-21,2026-03-07,persistence
12,2026-02-21,2026-03-14,3,3,2030.0,2030.0,1700.0,2024.0,2030.0,2065.0,2550.5,2026-02-21,2026-03-14,persistence
12,2026-02-21,2026-03-21,4,4,2032.0,2032.0,1632.7,2025.0,2032.0,2084.75,2694.2999999999997,2026-02-21,2026-03-21,persistence
13,2026-02-21,2026-02-28,1,1,385.0,385.0,270.0,381.0,385.0,399.0,571.1999999999998,2026-02-21,2026-02-28,persistence
13,2026-02-21,2026-03-07,2,2,386.0,386.0,168.05000000000004,380.0,386.0,405.25,775.2999999999984,2026-02-21,2026-03-07,persistence
13,2026-02-21,2026-03-14,3,3,387.0,387.0,57.0,381.0,387.0,422.0,907.5,2026-02-21,2026-03-14,persistence
13,2026-02-21,2026-03-21,4,4,389.0,389.0,0.0,382.0,389.0,441.75,1051.2999999999997,2026-02-21,2026-03-21,persistence
15,2026-02-21,2026-02-28,1,1,21.0,21.0,0.0,17.0,21.0,35.0,207.19999999999982,2026-02-21,2026-02-28,persistence
15,2026-02-21,2026-03-07,2,2,22.0,22.0,0.0,16.0,22.0,41.25,411.29999999999836,2026-02-21,2026-03-07,persistence
15,2026-02-21,2026-03-14,3,3,23.0,23.0,0.0,17.0,23.0,58.0,543.5,2026-02-21,2026-03-14,persistence
15,2026-02-21,2026-03-21,4,4,25.0,25.0,0.0,18.0,25.0,77.75,687.2999999999997,2026-02-21,2026-03-21,persistence
16,2026-02-21,2026-02-28,1,1,120.0,120.0,5.0,116.0,120.0,134.0,306.1999999999998,2026-02-21,2026-02-28,persistence
16,2026-02-21,2026-03-07,2,2,121.0,121.0,0.0,115.0,121.0,140.25,510.29999999999836,2026-02-21,2026-03-07,persistence
16,2026-02-21,2026-03-14,3,3,122.0,122.0,0.0,116.0,122.0,157.0,642.5,2026-02-21,2026-03-14,persistence
16,2026-02-21,2026-03-21,4,4,124.0,124.0,0.0,117.0,124.0,176.75,786.2999999999997,2026-02-21,2026-03-21,persistence
17,2026-02-21,2026-02-28,1,1,580.0,580.0,465.0,576.0,580.0,594.0,766.1999999999998,2026-02-21,2026-02-28,persistence
17,2026-02-21,2026-03-07,2,2,581.0,581.0,363.05000000000007,575.0,581.0,600.25,970.2999999999984,2026-02-21,2026-03-07,persistence
17,2026-02-21,2026-03-14,3,3,582.0,582.0,252.0,576.0,582.0,617.0,1102.5,2026-02-21,2026-03-14,persistence
17,2026-02-21,2026-03-21,4,4,584.0,584.0,184.70000000000005,577.0,584.0,636.75,1246.2999999999997,2026-02-21,2026-03-21,persistence
18,2026-02-21,2026-02-28,1,1,360.0,360.0,245.0,356.0,360.0,374.0,546.1999999999998,2026-02-21,2026-02-28,persistence
18,2026-02-21,2026-03-07,2,2,361.0,361.0,143.05000000000004,355.0,361.0,380.25,750.2999999999984,2026-02-21,2026-03-07,persistence
18,2026-02-21,2026-03-14,3,3,362.0,362.0,32.0,356.0,362.0,397.0,882.5,2026-02-21,2026-03-14,persistence
18,2026-02-21,2026-03-21,4,4,364.0,364.0,0.0,357.0,364.0,416.75,1026.2999999999997,2026-02-21,2026-03-21,persistence
19,2026-02-21,2026-02-28,1,1,200.0,200.0,85.0,196.0,200.0,214.0,386.1999999999998,2026-02-21,2026-02-28,persistence
19,2026-02-21,2026-03-07,2,2,201.0,201.0,0.0,195.0,201.0,220.25,590.2999999999984,2026-02-21,2026-03-07,persistence
19,2026-02-21,2026-03-14,3,3,202.0,202.0,0.0,196.0,202.0,237.0,722.5,2026-02-21,2026-03-14,persistence
19,2026-02-21,2026-03-21,4,4,204.0,204.0,0.0,197.0,204.0,256.75,866.2999999999997,2026-02-21,2026-03-21,persistence
20,2026-02-21,2026-02-28,1,1,191.0,191.0,76.0,187.0,191.0,205.0,377.1999999999998,2026-02-21,2026-02-28,persistence
20,2026-02-21,2026-03-07,2,2,192.0,192.0,0.0,186.0,192.0,211.25,581.2999999999984,2026-02-21,2026-03-07,persistence
20,2026-02-21,2026-03-14,3,3,193.0,193.0,0.0,187.0,193.0,228.0,713.5,2026-02-21,2026-03-14,persistence
20,2026-02-21,2026-03-21,4,4,195.0,195.0,0.0,188.0,195.0,247.75,857.2999999999997,2026-02-21,2026-03-21,persistence
21,2026-02-21,2026-02-28,1,1,244.0,244.0,129.0,240.0,244.0,258.0,430.1999999999998,2026-02-21,2026-02-28,persistence
21,2026-02-21,2026-03-07,2,2,245.0,245.0,27.05000000000004,239.0,245.0,264.25,634.2999999999984,2026-02-21,2026-03-07,persistence
21,2026-02-21,2026-03-14,3,3,246.0,246.0,0.0,240.0,246.0,281.0,766.5,2026-02-21,2026-03-14,persistence
21,2026-02-21,2026-03-21,4,4,248.0,248.0,0.0,241.0,248.0,300.75,910.2999999999997,2026-02-21,2026-03-21,persistence
22,2026-02-21,2026-02-28,1,1,343.0,343.0,228.0,339.0,343.0,357.0,529.1999999999998,2026-02-21,2026-02-28,persistence
22,2026-02-21,2026-03-07,2,2,344.0,344.0,126.05000000000004,338.0,344.0,363.25,733.2999999999984,2026-02-21,2026-03-07,persistence
22,2026-02-21,2026-03-14,3,3,345.0,345.0,15.0,339.0,345.0,380.0,865.5,2026-02-21,2026-03-14,persistence
22,2026-02-21,2026-03-21,4,4,347.0,347.0,0.0,340.0,347.0,399.75,1009.2999999999997,2026-02-21,2026-03-21,persistence
23,2026-02-21,2026-02-28,1,1,60.0,60.0,0.0,56.0,60.0,74.0,246.19999999999982,2026-02-21,2026-02-28,persistence
23,2026-02-21,2026-03-07,2,2,61.0,61.0,0.0,55.0,61.0,80.25,450.29999999999836,2026-02-21,2026-03-07,persistence
23,2026-02-21,2026-03-14,3,3,62.0,62.0,0.0,56.0,62.0,97.0,582.5,2026-02-21,2026-03-14,persistence
23,2026-02-21,2026-03-21,4,4,64.0,64.0,0.0,57.0,64.0,116.75,726.2999999999997,2026-02-21,2026-03-21,persistence
24,2026-02-21,2026-02-28,1,1,73.0,73.0,0.0,69.0,73.0,87.0,259.1999999999998,2026-02-21,2026-02-28,persistence
24,2026-02-21,2026-03-07,2,2,74.0,74.0,0.0,68.0,74.0,93.25,463.29999999999836,2026-02-21,2026-03-07,persistence
24,2026-02-21,2026-03-14,3,3,75.0,75.0,0.0,69.0,75.0,110.0,595.5,2026-02-21,2026-03-14,persistence
24,2026-02-21,2026-03-21,4,4,77.0,77.0,0.0,70.0,77.0,129.75,739.2999999999997,2026-02-21,2026-03-21,persistence
25,2026-02-21,2026-02-28,1,1,88.0,88.0,0.0,84.0,88.0,102.0,274.1999999999998,2026-02-21,2026-02-28,persistence
25,2026-02-21,2026-03-07,2,2,89.0,89.0,0.0,83.0,89.0,108.25,478.29999999999836,2026-02-21,2026-03-07,persistence
25,2026-02-21,2026-03-14,3,3,90.0,90.0,0.0,84.0,90.0,125.0,610.5,2026-02-21,2026-03-14,persistence
25,2026-02-21,2026-03-21,4,4,92.0,92.0,0.0,85.0,92.0,144.75,754.2999999999997,2026-02-21,2026-03-21,persistence
26,2026-02-21,2026-02-28,1,1,341.0,341.0,226.0,337.0,341.0,355.0,527.1999999999998,2026-02-21,2026-02-28,persistence
26,2026-02-21,2026-03-07,2,2,342.0,342.0,124.05000000000004,336.0,342.0,361.25,731.2999999999984,2026-02-21,2026-03-07,persistence
26,2026-02-21,2026-03-14,3,3,343.0,343.0,13.0,337.0,343.0,378.0,863.5,2026-02-21,2026-03-14,persistence
26,2026-02-21,2026-03-21,4,4,345.0,345.0,0.0,338.0,345.0,397.75,1007.2999999999997,2026-02-21,2026-03-21,persistence
27,2026-02-21,2026-02-28,1,1,197.0,197.0,82.0,193.0,197.0,211.0,383.1999999999998,2026-02-21,2026-02-28,persistence
27,2026-02-21,2026-03-07,2,2,198.0,198.0,0.0,192.0,198.0,217.25,587.2999999999984,2026-02-21,2026-03-07,persistence
27,2026-02-21,2026-03-14,3,3,199.0,199.0,0.0,193.0,199.0,234.0,719.5,2026-02-21,2026-03-14,persistence
27,2026-02-21,2026-03-21,4,4,201.0,201.0,0.0,194.0,201.0,253.75,863.2999999999997,2026-02-21,2026-03-21,persistence
28,2026-02-21,2026-02-28,1,1,228.0,228.0,113.0,224.0,228.0,242.0,414.1999999999998,2026-02-21,2026-02-28,persistence
28,2026-02-21,2026-03-07,2,2,229.0,229.0,11.05000000000004,223.0,229.0,248.25,618.2999999999984,2026-02-21,2026-03-07,persistence
28,2026-02-21,2026-03-14,3,3,230.0,230.0,0.0,224.0,230.0,265.0,750.5,2026-02-21,2026-03-14,persistence
28,2026-02-21,2026-03-21,4,4,232.0,232.0,0.0,225.0,232.0,284.75,894.2999999999997,2026-02-21,2026-03-21,persistence
29,2026-02-21,2026-02-28,1,1,442.0,442.0,327.0,438.0,442.0,456.0,628.1999999999998,2026-02-21,2026-02-28,persistence
29,2026-02-21,2026-03-07,2,2,443.0,443.0,225.05000000000004,437.0,443.0,462.25,832.2999999999984,2026-02-21,2026-03-07,persistence
29,2026-02-21,2026-03-14,3,3,444.0,444.0,114.0,438.0,444.0,479.0,964.5,2026-02-21,2026-03-14,persistence
29,2026-02-21,2026-03-21,4,4,446.0,446.0,46.700000000000045,439.0,446.0,498.75,1108.2999999999997,2026-02-21,2026-03-21,persistence
30,2026-02-21,2026-02-28,1,1,54.0,54.0,0.0,50.0,54.0,68.0,240.19999999999982,2026-02-21,2026-02-28,persistence
30,2026-02-21,2026-03-07,2,2,55.0,55.0,0.0,49.0,55.0,74.25,444.29999999999836,2026-02-21,2026-03-07,persistence
30,2026-02-21,2026-03-14,3,3,56.0,56.0,0.0,50.0,56.0,91.0,576.5,2026-02-21,2026-03-14,persistence
30,2026-02-21,2026-03-21,4,4,58.0,58.0,0.0,51.0,58.0,110.75,720.2999999999997,2026-02-21,2026-03-21,persistence
31,2026-02-21,2026-02-28,1,1,142.0,142.0,27.0,138.0,142.0,156.0,328.1999999999998,2026-02-21,2026-02-28,persistence
31,2026-02-21,2026-03-07,2,2,143.0,143.0,0.0,137.0,143.0,162.25,532.2999999999984,2026-02-21,2026-03-07,persistence
31,2026-02-21,2026-03-14,3,3,144.0,144.0,0.0,138.0,144.0,179.0,664.5,2026-02-21,2026-03-14,persistence
31,2026-02-21,2026-03-21,4,4,146.0,146.0,0.0,139.0,146.0,198.75,808.2999999999997,2026-02-21,2026-03-21,persistence
32,2026-02-21,2026-02-28,1,1,91.0,91.0,0.0,87.0,91.0,105.0,277.1999999999998,2026-02-21,2026-02-28,persistence
32,2026-02-21,2026-03-07,2,2,92.0,92.0,0.0,86.0,92.0,111.25,481.29999999999836,2026-02-21,2026-03-07,persistence
32,2026-02-21,2026-03-14,3,3,93.0,93.0,0.0,87.0,93.0,128.0,613.5,2026-02-21,2026-03-14,persistence
32,2026-02-21,2026-03-21,4,4,95.0,95.0,0.0,88.0,95.0,147.75,757.2999999999997,2026-02-21,2026-03-21,persistence
33,2026-02-21,2026-02-28,1,1,56.0,56.0,0.0,52.0,56.0,70.0,242.19999999999982,2026-02-21,2026-02-28,persistence
33,2026-02-21,2026-03-07,2,2,57.0,57.0,0.0,51.0,57.0,76.25,446.29999999999836,2026-02-21,2026-03-07,persistence
33,2026-02-21,2026-03-14,3,3,58.0,58.0,0.0,52.0,58.0,93.0,578.5,2026-02-21,2026-03-14,persistence
33,2026-02-21,2026-03-21,4,4,60.0,60.0,0.0,53.0,60.0,112.75,722.2999999999997,2026-02-21,2026-03-21,persistence
34,2026-02-21,2026-02-28,1,1,232.0,232.0,117.0,228.0,232.0,246.0,418.1999999999998,2026-02-21,2026-02-28,persistence
34,2026-02-21,2026-03-07,2,2,233.0,233.0,15.05000000000004,227.0,233.0,252.25,622.2999999999984,2026-02-21,2026-03-07,persistence
34,2026-02-21,2026-03-14,3,3,234.0,234.0,0.0,228.0,234.0,269.0,754.5,2026-02-21,2026-03-14,persistence
34,2026-02-21,2026-03-21,4,4,236.0,236.0,0.0,229.0,236.0,288.75,898.2999999999997,2026-02-21,2026-03-21,persistence
35,2026-02-21,2026-02-28,1,1,95.0,95.0,0.0,91.0,95.0,109.0,281.1999999999998,2026-02-21,2026-02-28,persistence
35,2026-02-21,2026-03-07,2,2,96.0,96.0,0.0,90.0,96.0,115.25,485.29999999999836,2026-02-21,2026-03-07,persistence
35,2026-02-21,2026-03-14,3,3,97.0,97.0,0.0,91.0,97.0,132.0,617.5,2026-02-21,2026-03-14,persistence
35,2026-02-21,2026-03-21,4,4,99.0,99.0,0.0,92.0,99.0,151.75,761.2999999999997,2026-02-21,2026-03-21,persistence
36,2026-02-21,2026-02-28,1,1,327.0,327.0,212.0,323.0,327.0,341.0,513.1999999999998,2026-02-21,2026-02-28,persistence
36,2026-02-21,2026-03-07,2,2,328.0,328.0,110.05000000000004,322.0,328.0,347.25,717.2999999999984,2026-02-21,2026-03-07,persistence
36,2026-02-21,2026-03-14,3,3,329.0,329.0,0.0,323.0,329.0,364.0,849.5,2026-02-21,2026-03-14,persistence
36,2026-02-21,2026-03-21,4,4,331.0,331.0,0.0,324.0,331.0,383.75,993.2999999999997,2026-02-21,2026-03-21,persistence
37,2026-02-21,2026-02-28,1,1,308.0,308.0,193.0,304.0,308.0,322.0,494.1999999999998,2026-02-21,2026-02-28,persistence
37,2026-02-21,2026-03-07,2,2,309.0,309.0,91.05000000000004,303.0,309.0,328.25,698.2999999999984,2026-02-21,2026-03-07,persistence
37,2026-02-21,2026-03-14,3,3,310.0,310.0,0.0,304.0,310.0,345.0,830.5,2026-02-21,2026-03-14,persistence
37,2026-02-21,2026-03-21,4,4,312.0,312.0,0.0,305.0,312.0,364.75,974.2999999999997,2026-02-21,2026-03-21,persistence
38,2026-02-21,2026-02-28,1,1,23.0,23.0,0.0,19.0,23.0,37.0,209.19999999999982,2026-02-21,2026-02-28,persistence
38,2026-02-21,2026-03-07,2,2,24.0,24.0,0.0,18.0,24.0,43.25,413.29999999999836,2026-02-21,2026-03-07,persistence
38,2026-02-21,2026-03-14,3,3,25.0,25.0,0.0,19.0,25.0,60.0,545.5,2026-02-21,2026-03-14,persistence
38,2026-02-21,2026-03-21,4,4,27.0,27.0,0.0,20.0,27.0,79.75,689.2999999999997,2026-02-21,2026-03-21,persistence
39,2026-02-21,2026-02-28,1,1,664.0,664.0,549.0,660.0,664.0,678.0,850.1999999999998,2026-02-21,2026-02-28,persistence
39,2026-02-21,2026-03-07,2,2,665.0,665.0,447.05000000000007,659.0,665.0,684.25,1054.2999999999984,2026-02-21,2026-03-07,persistence
39,2026-02-21,2026-03-14,3,3,666.0,666.0,336.0,660.0,666.0,701.0,1186.5,2026-02-21,2026-03-14,persistence
39,2026-02-21,2026-03-21,4,4,668.0,668.0,268.70000000000005,661.0,668.0,720.75,1330.2999999999997,2026-02-21,2026-03-21,persistence
40,2026-02-21,2026-02-28,1,1,255.0,255.0,140.0,251.0,255.0,269.0,441.1999999999998,2026-02-21,2026-02-28,persistence
40,2026-02-21,2026-03-07,2,2,256.0,256.0,38.05000000000004,250.0,256.0,275.25,645.2999999999984,2026-02-21,2026-03-07,persistence
40,2026-02-21,2026-03-14,3,3,257.0,257.0,0.0,251.0,257.0,292.0,777.5,2026-02-21,2026-03-14,persistence
40,2026-02-21,2026-03-21,4,4,259.0,259.0,0.0,252.0,259.0,311.75,921.2999999999997,2026-02-21,2026-03-21,persistence
41,2026-02-21,2026-02-28,1,1,310.0,310.0,195.0,306.0,310.0,324.0,496.1999999999998,2026-02-21,2026-02-28,persistence
41,2026-02-21,2026-03-07,2,2,311.0,311.0,93.05000000000004,305.0,311.0,330.25,700.2999999999984,2026-02-21,2026-03-07,persistence
41,2026-02-21,2026-03-14,3,3,312.0,312.0,0.0,306.0,312.0,347.0,832.5,2026-02-21,2026-03-14,persistence
41,2026-02-21,2026-03-21,4,4,314.0,314.0,0.0,307.0,314.0,366.75,976.2999999999997,2026-02-21,2026-03-21,persistence
42,2026-02-21,2026-02-28,1,1,775.0,775.0,660.0,771.0,775.0,789.0,961.1999999999998,2026-02-21,2026-02-28,persistence
42,2026-02-21,2026-03-07,2,2,776.0,776.0,558.0500000000001,770.0,776.0,795.25,1165.2999999999984,2026-02-21,2026-03-07,persistence
42,2026-02-21,2026-03-14,3,3,777.0,777.0,447.0,771.0,777.0,812.0,1297.5,2026-02-21,2026-03-14,persistence
42,2026-02-21,2026-03-21,4,4,779.0,779.0,379.70000000000005,772.0,779.0,831.75,1441.2999999999997,2026-02-21,2026-03-21,persistence
44,2026-02-21,2026-02-28,1,1,22.0,22.0,0.0,18.0,22.0,36.0,208.19999999999982,2026-02-21,2026-02-28,persistence
44,2026-02-21,2026-03-07,2,2,23.0,23.0,0.0,17.0,23.0,42.25,412.29999999999836,2026-02-21,2026-03-07,persistence
44,2026-02-21,2026-03-14,3,3,24.0,24.0,0.0,18.0,24.0,59.0,544.5,2026-02-21,2026-03-14,persistence
44,2026-02-21,2026-03-21,4,4,26.0,26.0,0.0,19.0,26.0,78.75,688.2999999999997,2026-02-21,2026-03-21,persistence
45,2026-02-21,2026-02-28,1,1,259.0,259.0,144.0,255.0,259.0,273.0,445.1999999999998,2026-02-21,2026-02-28,persistence
45,2026-02-21,2026-03-07,2,2,260.0,260.0,42.05000000000004,254.0,260.0,279.25,649.2999999999984,2026-02-21,2026-03-07,persistence
45,2026-02-21,2026-03-14,3,3,261.0,261.0,0.0,255.0,261.0,296.0,781.5,2026-02-21,2026-03-14,persistence
45,2026-02-21,2026-03-21,4,4,263.0,263.0,0.0,256.0,263.0,315.75,925.2999999999997,2026-02-21,2026-03-21,persistence
46,2026-02-21,2026-02-28,1,1,56.0,56.0,0.0,52.0,56.0,70.0,242.19999999999982,2026-02-21,2026-02-28,persistence
46,2026-02-21,2026-03-07,2,2,57.0,57.0,0.0,51.0,57.0,76.25,446.29999999999836,2026-02-21,2026-03-07,persistence
46,2026-02-21,2026-03-14,3,3,58.0,58.0,0.0,52.0,58.0,93.0,578.5,2026-02-21,2026-03-14,persistence
46,2026-02-21,2026-03-21,4,4,60.0,60.0,0.0,53.0,60.0,112.75,722.2999999999997,2026-02-21,2026-03-21,persistence
47,2026-02-21,2026-02-28,1,1,322.0,322.0,207.0,318.0,322.0,336.0,508.1999999999998,2026-02-21,2026-02-28,persistence
47,2026-02-21,2026-03-07,2,2,323.0,323.0,105.05000000000004,317.0,323.0,342.25,712.2999999999984,2026-02-21,2026-03-07,persistence
47,2026-02-21,2026-03-14,3,3,324.0,324.0,0.0,318.0,324.0,359.0,844.5,2026-02-21,2026-03-14,persistence
47,2026-02-21,2026-03-21,4,4,326.0,326.0,0.0,319.0,326.0,378.75,988.2999999999997,2026-02-21,2026-03-21,persistence
48,2026-02-21,2026-02-28,1,1,1040.0,1040.0,925.0,1036.0,1040.0,1054.0,1226.1999999999998,2026-02-21,2026-02-28,persistence
48,2026-02-21,2026-03-07,2,2,1041.0,1041.0,823.0500000000001,1035.0,1041.0,1060.25,1430.2999999999984,2026-02-21,2026-03-07,persistence
48,2026-02-21,2026-03-14,3,3,1042.0,1042.0,712.0,1036.0,1042.0,1077.0,1562.5,2026-02-21,2026-03-14,persistence
48,2026-02-21,2026-03-21,4,4,1044.0,1044.0,644.7,1037.0,1044.0,1096.75,1706.2999999999997,2026-02-21,2026-03-21,persistence
49,2026-02-21,2026-02-28,1,1,66.0,66.0,0.0,62.0,66.0,80.0,252.19999999999982,2026-02-21,2026-02-28,persistence
49,2026-02-21,2026-03-07,2,2,67.0,67.0,0.0,61.0,67.0,86.25,456.29999999999836,2026-02-21,2026-03-07,persistence
49,2026-02-21,2026-03-14,3,3,68.0,68.0,0.0,62.0,68.0,103.0,588.5,2026-02-21,2026-03-14,persistence
49,2026-02-21,2026-03-21,4,4,70.0,70.0,0.0,63.0,70.0,122.75,732.2999999999997,2026-02-21,2026-03-21,persistence
50,2026-02-21,2026-02-28,1,1,23.0,23.0,0.0,19.0,23.0,37.0,209.19999999999982,2026-02-21,2026-02-28,persistence
50,2026-02-21,2026-03-07,2,2,24.0,24.0,0.0,18.0,24.0,43.25,413.29999999999836,2026-02-21,2026-03-07,persistence
50,2026-02-21,2026-03-14,3,3,25.0,25.0,0.0,19.0,25.0,60.0,545.5,2026-02-21,2026-03-14,persistence
50,2026-02-21,2026-03-21,4,4,27.0,27.0,0.0,20.0,27.0,79.75,689.2999999999997,2026-02-21,2026-03-21,persistence
51,2026-02-21,2026-02-28,1,1,285.0,285.0,170.0,281.0,285.0,299.0,471.1999999999998,2026-02-21,2026-02-28,persistence
51,2026-02-21,2026-03-07,2,2,286.0,286.0,68.05000000000004,280.0,286.0,305.25,675.2999999999984,2026-02-21,2026-03-07,persistence
51,2026-02-21,2026-03-14,3,3,287.0,287.0,0.0,281.0,287.0,322.0,807.5,2026-02-21,2026-03-14,persistence
51,2026-02-21,2026-03-21,4,4,289.0,289.0,0.0,282.0,289.0,341.75,951.2999999999997,2026-02-21,2026-03-21,persistence
53,2026-02-21,2026-02-28,1,1,231.0,231.0,116.0,227.0,231.0,245.0,417.1999999999998,2026-02-21,2026-02-28,persistence
53,2026-02-21,2026-03-07,2,2,232.0,232.0,14.05000000000004,226.0,232.0,251.25,621.2999999999984,2026-02-21,2026-03-07,persistence
53,2026-02-21,2026-03-14,3,3,233.0,233.0,0.0,227.0,233.0,268.0,753.5,2026-02-21,2026-03-14,persistence
53,2026-02-21,2026-03-21,4,4,235.0,235.0,0.0,228.0,235.0,287.75,897.2999999999997,2026-02-21,2026-03-21,persistence
54,2026-02-21,2026-02-28,1,1,148.0,148.0,33.0,144.0,148.0,162.0,334.1999999999998,2026-02-21,2026-02-28,persistence
54,2026-02-21,2026-03-07,2,2,149.0,149.0,0.0,143.0,149.0,168.25,538.2999999999984,2026-02-21,2026-03-07,persistence
54,2026-02-21,2026-03-14,3,3,150.0,150.0,0.0,144.0,150.0,185.0,670.5,2026-02-21,2026-03-14,persistence
54,2026-02-21,2026-03-21,4,4,152.0,152.0,0.0,145.0,152.0,204.75,814.2999999999997,2026-02-21,2026-03-21,persistence
55,2026-02-21,2026-02-28,1,1,254.0,254.0,139.0,250.0,254.0,268.0,440.1999999999998,2026-02-21,2026-02-28,persistence
55,2026-02-21,2026-03-07,2,2,255.0,255.0,37.05000000000004,249.0,255.0,274.25,644.2999999999984,2026-02-21,2026-03-07,persistence
55,2026-02-21,2026-03-14,3,3,256.0,256.0,0.0,250.0,256.0,291.0,776.5,2026-02-21,2026-03-14,persistence
55,2026-02-21,2026-03-21,4,4,258.0,258.0,0.0,251.0,258.0,310.75,920.2999999999997,2026-02-21,2026-03-21,persistence
56,2026-02-21,2026-02-28,1,1,14.0,14.0,0.0,10.0,14.0,28.0,200.19999999999982,2026-02-21,2026-02-28,persistence
56,2026-02-21,2026-03-07,2,2,15.0,15.0,0.0,9.0,15.0,34.25,404.29999999999836,2026-02-21,2026-03-07,persistence
56,2026-02-21,2026-03-14,3,3,16.0,16.0,0.0,10.0,16.0,51.0,536.5,2026-02-21,2026-03-14,persistence
56,2026-02-21,2026-03-21,4,4,18.0,18.0,0.0,11.0,18.0,70.75,680.2999999999997,2026-02-21,2026-03-21,persistence
72,2026-02-21,2026-02-28,1,1,178.0,178.0,63.0,174.0,178.0,192.0,364.1999999999998,2026-02-21,2026-02-28,persistence
72,2026-02-21,2026-03-07,2,2,179.0,179.0,0.0,173.0,179.0,198.25,568.2999999999984,2026-02-21,2026-03-07,persistence
72,2026-02-21,2026-03-14,3,3,180.0,180.0,0.0,174.0,180.0,215.0,700.5,2026-02-21,2026-03-14,persistence
72,2026-02-21,2026-03-21,4,4,182.0,182.0,0.0,175.0,182.0,234.75,844.2999999999997,2026-02-21,2026-03-21,persistence
01,2026-03-21,2026-03-28,1,1,59.0,59.0,0.0,47.0,59.0,73.0,245.19999999999982,2026-03-21,2026-03-28,persistence
01,2026-03-21,2026-04-04,2,2,59.5,59.5,0.0,40.0,59.5,79.0,449.29999999999836,2026-03-21,2026-04-04,persistence
01,2026-03-21,2026-04-11,3,3,60.0,60.0,0.0,33.0,60.0,95.5,581.5,2026-03-21,2026-04-11,persistence
01,2026-03-21,2026-04-18,4,4,61.0,61.0,0.0,25.0,61.0,113.0,725.2999999999997,2026-03-21,2026-04-18,persistence
02,2026-03-21,2026-03-28,1,1,11.0,11.0,0.0,0.0,11.0,25.0,197.19999999999982,2026-03-21,2026-03-28,persistence
02,2026-03-21,2026-04-04,2,2,11.5,11.5,0.0,0.0,11.5,31.0,401.29999999999836,2026-03-21,2026-04-04,persistence
02,2026-03-21,2026-04-11,3,3,12.0,12.0,0.0,0.0,12.0,47.5,533.5,2026-03-21,2026-04-11,persistence
02,2026-03-21,2026-04-18,4,4,13.0,13.0,0.0,0.0,13.0,65.0,677.2999999999997,2026-03-21,2026-04-18,persistence
04,2026-03-21,2026-03-28,1,1,137.0,137.0,0.0,125.0,137.0,151.0,323.1999999999998,2026-03-21,2026-03-28,persistence
04,2026-03-21,2026-04-04,2,2,137.5,137.5,0.0,118.0,137.5,157.0,527.2999999999984,2026-03-21,2026-04-04,persistence
04,2026-03-21,2026-04-11,3,3,138.0,138.0,0.0,111.0,138.0,173.5,659.5,2026-03-21,2026-04-11,persistence
04,2026-03-21,2026-04-18,4,4,139.0,139.0,0.0,103.0,139.0,191.0,803.2999999999997,2026-03-21,2026-04-18,persistence
05,2026-03-21,2026-03-28,1,1,47.0,47.0,0.0,35.0,47.0,61.0,233.19999999999982,2026-03-21,2026-03-28,persistence
05,2026-03-21,2026-04-04,2,2,47.5,47.5,0.0,28.0,47.5,67.0,437.29999999999836,2026-03-21,2026-04-04,persistence
05,2026-03-21,2026-04-11,3,3,48.0,48.0,0.0,21.0,48.0,83.5,569.5,2026-03-21,2026-04-11,persistence
05,2026-03-21,2026-04-18,4,4,49.0,49.0,0.0,13.0,49.0,101.0,713.2999999999997,2026-03-21,2026-04-18,persistence
06,2026-03-21,2026-03-28,1,1,702.0,702.0,540.6,690.0,702.0,716.0,888.1999999999998,2026-03-21,2026-03-28,persistence
06,2026-03-21,2026-04-04,2,2,702.5,702.5,399.6,683.0,702.5,722.0,1092.2999999999984,2026-03-21,2026-04-04,persistence
06,2026-03-21,2026-04-11,3,3,703.0,703.0,265.5,676.0,703.0,738.5,1224.5,2026-03-21,2026-04-11,persistence
06,2026-03-21,2026-04-18,4,4,704.0,704.0,187.5000000000001,668.0,704.0,756.0,1368.2999999999997,2026-03-21,2026-04-18,persistence
08,2026-03-21,2026-03-28,1,1,98.0,98.0,0.0,86.0,98.0,112.0,284.1999999999998,2026-03-21,2026-03-28,persistence
08,2026-03-21,2026-04-04,2,2,98.5,98.5,0.0,79.0,98.5,118.0,488.29999999999836,2026-03-21,2026-04-04,persistence
08,2026-03-21,2026-04-11,3,3,99.0,99.0,0.0,72.0,99.0,134.5,620.5,2026-03-21,2026-04-11,persistence
08,2026-03-21,2026-04-18,4,4,100.0,100.0,0.0,64.0,100.0,152.0,764.2999999999997,2026-03-21,2026-04-18,persistence
09,2026-03-21,2026-03-28,1,1,33.0,33.0,0.0,21.0,33.0,47.0,219.19999999999982,2026-03-21,2026-03-28,persistence
09,2026-03-21,2026-04-04,2,2,33.5,33.5,0.0,14.0,33.5,53.0,423.29999999999836,2026-03-21,2026-04-04,persistence
09,2026-03-21,2026-04-11,3,3,34.0,34.0,0.0,7.0,34.0,69.5,555.5,2026-03-21,2026-04-11,persistence
09,2026-03-21,2026-04-18,4,4,35.0,35.0,0.0,0.0,35.0,87.0,699.2999999999997,2026-03-21,2026-04-18,persistence
10,2026-03-21,2026-03-28,1,1,25.0,25.0,0.0,13.0,25.0,39.0,211.19999999999982,2026-03-21,2026-03-28,persistence
10,2026-03-21,2026-04-04,2,2,25.5,25.5,0.0,6.0,25.5,45.0,415.29999999999836,2026-03-21,2026-04-04,persistence
10,2026-03-21,2026-04-11,3,3,26.0,26.0,0.0,0.0,26.0,61.5,547.5,2026-03-21,2026-04-11,persistence
10,2026-03-21,2026-04-18,4,4,27.0,27.0,0.0,0.0,27.0,79.0,691.2999999999997,2026-03-21,2026-04-18,persistence
11,2026-03-21,2026-03-28,1,1,2.0,2.0,0.0,0.0,2.0,16.0,188.19999999999982,2026-03-21,2026-03-28,persistence
11,2026-03-21,2026-04-04,2,2,2.5,2.5,0.0,0.0,2.5,22.0,392.29999999999836,2026-03-21,2026-04-04,persistence
11,2026-03-21,2026-04-11,3,3,3.0,3.0,0.0,0.0,3.0,38.5,524.5,2026-03-21,2026-04-11,persistence
11,2026-03-21,2026-04-18,4,4,4.0,4.0,0.0,0.0,4.0,56.0,668.2999999999997,2026-03-21,2026-04-18,persistence
12,2026-03-21,2026-03-28,1,1,501.0,501.0,339.6,489.0,501.0,515.0,687.1999999999998,2026-03-21,2026-03-28,persistence
12,2026-03-21,2026-04-04,2,2,501.5,501.5,198.60000000000002,482.0,501.5,521.0,891.2999999999984,2026-03-21,2026-04-04,persistence
12,2026-03-21,2026-04-11,3,3,502.0,502.0,64.5,475.0,502.0,537.5,1023.5,2026-03-21,2026-04-11,persistence
12,2026-03-21,2026-04-18,4,4,503.0,503.0,0.0,467.0,503.0,555.0,1167.2999999999997,2026-03-21,2026-04-18,persistence
13,2026-03-21,2026-03-28,1,1,102.0,102.0,0.0,90.0,102.0,116.0,288.1999999999998,2026-03-21,2026-03-28,persistence
13,2026-03-21,2026-04-04,2,2,102.5,102.5,0.0,83.0,102.5,122.0,492.29999999999836,2026-03-21,2026-04-04,persistence
13,2026-03-21,2026-04-11,3,3,103.0,103.0,0.0,76.0,103.0,138.5,624.5,2026-03-21,2026-04-11,persistence
13,2026-03-21,2026-04-18,4,4,104.0,104.0,0.0,68.0,104.0,156.0,768.2999999999997,2026-03-21,2026-04-18,persistence
15,2026-03-21,2026-03-28,1,1,25.0,25.0,0.0,13.0,25.0,39.0,211.19999999999982,2026-03-21,2026-03-28,persistence
15,2026-03-21,2026-04-04,2,2,25.5,25.5,0.0,6.0,25.5,45.0,415.29999999999836,2026-03-21,2026-04-04,persistence
15,2026-03-21,2026-04-11,3,3,26.0,26.0,0.0,0.0,26.0,61.5,547.5,2026-03-21,2026-04-11,persistence
15,2026-03-21,2026-04-18,4,4,27.0,27.0,0.0,0.0,27.0,79.0,691.2999999999997,2026-03-21,2026-04-18,persistence
16,2026-03-21,2026-03-28,1,1,51.0,51.0,0.0,39.0,51.0,65.0,237.19999999999982,2026-03-21,2026-03-28,persistence
16,2026-03-21,2026-04-04,2,2,51.5,51.5,0.0,32.0,51.5,71.0,441.29999999999836,2026-03-21,2026-04-04,persistence
16,2026-03-21,2026-04-11,3,3,52.0,52.0,0.0,25.0,52.0,87.5,573.5,2026-03-21,2026-04-11,persistence
16,2026-03-21,2026-04-18,4,4,53.0,53.0,0.0,17.0,53.0,105.0,717.2999999999997,2026-03-21,2026-04-18,persistence
17,2026-03-21,2026-03-28,1,1,186.0,186.0,24.600000000000023,174.0,186.0,200.0,372.1999999999998,2026-03-21,2026-03-28,persistence
17,2026-03-21,2026-04-04,2,2,186.5,186.5,0.0,167.0,186.5,206.0,576.2999999999984,2026-03-21,2026-04-04,persistence
17,2026-03-21,2026-04-11,3,3,187.0,187.0,0.0,160.0,187.0,222.5,708.5,2026-03-21,2026-04-11,persistence
17,2026-03-21,2026-04-18,4,4,188.0,188.0,0.0,152.0,188.0,240.0,852.2999999999997,2026-03-21,2026-04-18,persistence
18,2026-03-21,2026-03-28,1,1,186.0,186.0,24.600000000000023,174.0,186.0,200.0,372.1999999999998,2026-03-21,2026-03-28,persistence
18,2026-03-21,2026-04-04,2,2,186.5,186.5,0.0,167.0,186.5,206.0,576.2999999999984,2026-03-21,2026-04-04,persistence
18,2026-03-21,2026-04-11,3,3,187.0,187.0,0.0,160.0,187.0,222.5,708.5,2026-03-21,2026-04-11,persistence
18,2026-03-21,2026-04-18,4,4,188.0,188.0,0.0,152.0,188.0,240.0,852.2999999999997,2026-03-21,2026-04-18,persistence
19,2026-03-21,2026-03-28,1,1,69.0,69.0,0.0,57.0,69.0,83.0,255.19999999999982,2026-03-21,2026-03-28,persistence
19,2026-03-21,2026-04-04,2,2,69.5,69.5,0.0,50.0,69.5,89.0,459.29999999999836,2026-03-21,2026-04-04,persistence
19,2026-03-21,2026-04-11,3,3,70.0,70.0,0.0,43.0,70.0,105.5,591.5,2026-03-21,2026-04-11,persistence
19,2026-03-21,2026-04-18,4,4,71.0,71.0,0.0,35.0,71.0,123.0,735.2999999999997,2026-03-21,2026-04-18,persistence
20,2026-03-21,2026-03-28,1,1,46.0,46.0,0.0,34.0,46.0,60.0,232.19999999999982,2026-03-21,2026-03-28,persistence
20,2026-03-21,2026-04-04,2,2,46.5,46.5,0.0,27.0,46.5,66.0,436.29999999999836,2026-03-21,2026-04-04,persistence
20,2026-03-21,2026-04-11,3,3,47.0,47.0,0.0,20.0,47.0,82.5,568.5,2026-03-21,2026-04-11,persistence
20,2026-03-21,2026-04-18,4,4,48.0,48.0,0.0,12.0,48.0,100.0,712.2999999999997,2026-03-21,2026-04-18,persistence
21,2026-03-21,2026-03-28,1,1,123.0,123.0,0.0,111.0,123.0,137.0,309.1999999999998,2026-03-21,2026-03-28,persistence
21,2026-03-21,2026-04-04,2,2,123.5,123.5,0.0,104.0,123.5,143.0,513.2999999999984,2026-03-21,2026-04-04,persistence
21,2026-03-21,2026-04-11,3,3,124.0,124.0,0.0,97.0,124.0,159.5,645.5,2026-03-21,2026-04-11,persistence
21,2026-03-21,2026-04-18,4,4,125.0,125.0,0.0,89.0,125.0,177.0,789.2999999999997,2026-03-21,2026-04-18,persistence
22,2026-03-21,2026-03-28,1,1,99.0,99.0,0.0,87.0,99.0,113.0,285.1999999999998,2026-03-21,2026-03-28,persistence
22,2026-03-21,2026-04-04,2,2,99.5,99.5,0.0,80.0,99.5,119.0,489.29999999999836,2026-03-21,2026-04-04,persistence
22,2026-03-21,2026-04-11,3,3,100.0,100.0,0.0,73.0,100.0,135.5,621.5,2026-03-21,2026-04-11,persistence
22,2026-03-21,2026-04-18,4,4,101.0,101.0,0.0,65.0,101.0,153.0,765.2999999999997,2026-03-21,2026-04-18,persistence
23,2026-03-21,2026-03-28,1,1,27.0,27.0,0.0,15.0,27.0,41.0,213.19999999999982,2026-03-21,2026-03-28,persistence
23,2026-03-21,2026-04-04,2,2,27.5,27.5,0.0,8.0,27.5,47.0,417.29999999999836,2026-03-21,2026-04-04,persistence
23,2026-03-21,2026-04-11,3,3,28.0,28.0,0.0,1.0,28.0,63.5,549.5,2026-03-21,2026-04-11,persistence
23,2026-03-21,2026-04-18,4,4,29.0,29.0,0.0,0.0,29.0,81.0,693.2999999999997,2026-03-21,2026-04-18,persistence
24,2026-03-21,2026-03-28,1,1,56.0,56.0,0.0,44.0,56.0,70.0,242.19999999999982,2026-03-21,2026-03-28,persistence
24,2026-03-21,2026-04-04,2,2,56.5,56.5,0.0,37.0,56.5,76.0,446.29999999999836,2026-03-21,2026-04-04,persistence
24,2026-03-21,2026-04-11,3,3,57.0,57.0,0.0,30.0,57.0,92.5,578.5,2026-03-21,2026-04-11,persistence
24,2026-03-21,2026-04-18,4,4,58.0,58.0,0.0,22.0,58.0,110.0,722.2999999999997,2026-03-21,2026-04-18,persistence
25,2026-03-21,2026-03-28,1,1,38.0,38.0,0.0,26.0,38.0,52.0,224.19999999999982,2026-03-21,2026-03-28,persistence
25,2026-03-21,2026-04-04,2,2,38.5,38.5,0.0,19.0,38.5,58.0,428.29999999999836,2026-03-21,2026-04-04,persistence
25,2026-03-21,2026-04-11,3,3,39.0,39.0,0.0,12.0,39.0,74.5,560.5,2026-03-21,2026-04-11,persistence
25,2026-03-21,2026-04-18,4,4,40.0,40.0,0.0,4.0,40.0,92.0,704.2999999999997,2026-03-21,2026-04-18,persistence
26,2026-03-21,2026-03-28,1,1,166.0,166.0,4.600000000000023,154.0,166.0,180.0,352.1999999999998,2026-03-21,2026-03-28,persistence
26,2026-03-21,2026-04-04,2,2,166.5,166.5,0.0,147.0,166.5,186.0,556.2999999999984,2026-03-21,2026-04-04,persistence
26,2026-03-21,2026-04-11,3,3,167.0,167.0,0.0,140.0,167.0,202.5,688.5,2026-03-21,2026-04-11,persistence
26,2026-03-21,2026-04-18,4,4,168.0,168.0,0.0,132.0,168.0,220.0,832.2999999999997,2026-03-21,2026-04-18,persistence
27,2026-03-21,2026-03-28,1,1,115.0,115.0,0.0,103.0,115.0,129.0,301.1999999999998,2026-03-21,2026-03-28,persistence
27,2026-03-21,2026-04-04,2,2,115.5,115.5,0.0,96.0,115.5,135.0,505.29999999999836,2026-03-21,2026-04-04,persistence
27,2026-03-21,2026-04-11,3,3,116.0,116.0,0.0,89.0,116.0,151.5,637.5,2026-03-21,2026-04-11,persistence
27,2026-03-21,2026-04-18,4,4,117.0,117.0,0.0,81.0,117.0,169.0,781.2999999999997,2026-03-21,2026-04-18,persistence
28,2026-03-21,2026-03-28,1,1,65.0,65.0,0.0,53.0,65.0,79.0,251.19999999999982,2026-03-21,2026-03-28,persistence
28,2026-03-21,2026-04-04,2,2,65.5,65.5,0.0,46.0,65.5,85.0,455.29999999999836,2026-03-21,2026-04-04,persistence
28,2026-03-21,2026-04-11,3,3,66.0,66.0,0.0,39.0,66.0,101.5,587.5,2026-03-21,2026-04-11,persistence
28,2026-03-21,2026-04-18,4,4,67.0,67.0,0.0,31.0,67.0,119.0,731.2999999999997,2026-03-21,2026-04-18,persistence
29,2026-03-21,2026-03-28,1,1,125.0,125.0,0.0,113.0,125.0,139.0,311.1999999999998,2026-03-21,2026-03-28,persistence
29,2026-03-21,2026-04-04,2,2,125.5,125.5,0.0,106.0,125.5,145.0,515.2999999999984,2026-03-21,2026-04-04,persistence
29,2026-03-21,2026-04-11,3,3,126.0,126.0,0.0,99.0,126.0,161.5,647.5,2026-03-21,2026-04-11,persistence
29,2026-03-21,2026-04-18,4,4,127.0,127.0,0.0,91.0,127.0,179.0,791.2999999999997,2026-03-21,2026-04-18,persistence
30,2026-03-21,2026-03-28,1,1,35.0,35.0,0.0,23.0,35.0,49.0,221.19999999999982,2026-03-21,2026-03-28,persistence
30,2026-03-21,2026-04-04,2,2,35.5,35.5,0.0,16.0,35.5,55.0,425.29999999999836,2026-03-21,2026-04-04,persistence
30,2026-03-21,2026-04-11,3,3,36.0,36.0,0.0,9.0,36.0,71.5,557.5,2026-03-21,2026-04-11,persistence
30,2026-03-21,2026-04-18,4,4,37.0,37.0,0.0,1.0,37.0,89.0,701.2999999999997,2026-03-21,2026-04-18,persistence
31,2026-03-21,2026-03-28,1,1,42.0,42.0,0.0,30.0,42.0,56.0,228.19999999999982,2026-03-21,2026-03-28,persistence
31,2026-03-21,2026-04-04,2,2,42.5,42.5,0.0,23.0,42.5,62.0,432.29999999999836,2026-03-21,2026-04-04,persistence
31,2026-03-21,2026-04-11,3,3,43.0,43.0,0.0,16.0,43.0,78.5,564.5,2026-03-21,2026-04-11,persistence
31,2026-03-21,2026-04-18,4,4,44.0,44.0,0.0,8.0,44.0,96.0,708.2999999999997,2026-03-21,2026-04-18,persistence
32,2026-03-21,2026-03-28,1,1,49.0,49.0,0.0,37.0,49.0,63.0,235.19999999999982,2026-03-21,2026-03-28,persistence
32,2026-03-21,2026-04-04,2,2,49.5,49.5,0.0,30.0,49.5,69.0,439.29999999999836,2026-03-21,2026-04-04,persistence
32,2026-03-21,2026-04-11,3,3,50.0,50.0,0.0,23.0,50.0,85.5,571.5,2026-03-21,2026-04-11,persistence
32,2026-03-21,2026-04-18,4,4,51.0,51.0,0.0,15.0,51.0,103.0,715.2999999999997,2026-03-21,2026-04-18,persistence
33,2026-03-21,2026-03-28,1,1,28.0,28.0,0.0,16.0,28.0,42.0,214.19999999999982,2026-03-21,2026-03-28,persistence
33,2026-03-21,2026-04-04,2,2,28.5,28.5,0.0,9.0,28.5,48.0,418.29999999999836,2026-03-21,2026-04-04,persistence
33,2026-03-21,2026-04-11,3,3,29.0,29.0,0.0,2.0,29.0,64.5,550.5,2026-03-21,2026-04-11,persistence
33,2026-03-21,2026-04-18,4,4,30.0,30.0,0.0,0.0,30.0,82.0,694.2999999999997,2026-03-21,2026-04-18,persistence
34,2026-03-21,2026-03-28,1,1,162.0,162.0,0.6000000000000227,150.0,162.0,176.0,348.1999999999998,2026-03-21,2026-03-28,persistence
34,2026-03-21,2026-04-04,2,2,162.5,162.5,0.0,143.0,162.5,182.0,552.2999999999984,2026-03-21,2026-04-04,persistence
34,2026-03-21,2026-04-11,3,3,163.0,163.0,0.0,136.0,163.0,198.5,684.5,2026-03-21,2026-04-11,persistence
34,2026-03-21,2026-04-18,4,4,164.0,164.0,0.0,128.0,164.0,216.0,828.2999999999997,2026-03-21,2026-04-18,persistence
35,2026-03-21,2026-03-28,1,1,49.0,49.0,0.0,37.0,49.0,63.0,235.19999999999982,2026-03-21,2026-03-28,persistence
35,2026-03-21,2026-04-04,2,2,49.5,49.5,0.0,30.0,49.5,69.0,439.29999999999836,2026-03-21,2026-04-04,persistence
35,2026-03-21,2026-04-11,3,3,50.0,50.0,0.0,23.0,50.0,85.5,571.5,2026-03-21,2026-04-11,persistence
35,2026-03-21,2026-04-18,4,4,51.0,51.0,0.0,15.0,51.0,103.0,715.2999999999997,2026-03-21,2026-04-18,persistence
36,2026-03-21,2026-03-28,1,1,253.0,253.0,91.60000000000002,241.0,253.0,267.0,439.1999999999998,2026-03-21,2026-03-28,persistence
36,2026-03-21,2026-04-04,2,2,253.5,253.5,0.0,234.0,253.5,273.0,643.2999999999984,2026-03-21,2026-04-04,persistence
36,2026-03-21,2026-04-11,3,3,254.0,254.0,0.0,227.0,254.0,289.5,775.5,2026-03-21,2026-04-11,persistence
36,2026-03-21,2026-04-18,4,4,255.0,255.0,0.0,219.0,255.0,307.0,919.2999999999997,2026-03-21,2026-04-18,persistence
37,2026-03-21,2026-03-28,1,1,89.0,89.0,0.0,77.0,89.0,103.0,275.1999999999998,2026-03-21,2026-03-28,persistence
37,2026-03-21,2026-04-04,2,2,89.5,89.5,0.0,70.0,89.5,109.0,479.29999999999836,2026-03-21,2026-04-04,persistence
37,2026-03-21,2026-04-11,3,3,90.0,90.0,0.0,63.0,90.0,125.5,611.5,2026-03-21,2026-04-11,persistence
37,2026-03-21,2026-04-18,4,4,91.0,91.0,0.0,55.0,91.0,143.0,755.2999999999997,2026-03-21,2026-04-18,persistence
38,2026-03-21,2026-03-28,1,1,25.0,25.0,0.0,13.0,25.0,39.0,211.19999999999982,2026-03-21,2026-03-28,persistence
38,2026-03-21,2026-04-04,2,2,25.5,25.5,0.0,6.0,25.5,45.0,415.29999999999836,2026-03-21,2026-04-04,persistence
38,2026-03-21,2026-04-11,3,3,26.0,26.0,0.0,0.0,26.0,61.5,547.5,2026-03-21,2026-04-11,persistence
38,2026-03-21,2026-04-18,4,4,27.0,27.0,0.0,0.0,27.0,79.0,691.2999999999997,2026-03-21,2026-04-18,persistence
39,2026-03-21,2026-03-28,1,1,258.0,258.0,96.60000000000002,246.0,258.0,272.0,444.1999999999998,2026-03-21,2026-03-28,persistence
39,2026-03-21,2026-04-04,2,2,258.5,258.5,0.0,239.0,258.5,278.0,648.2999999999984,2026-03-21,2026-04-04,persistence
39,2026-03-21,2026-04-11,3,3,259.0,259.0,0.0,232.0,259.0,294.5,780.5,2026-03-21,2026-04-11,persistence
39,2026-03-21,2026-04-18,4,4,260.0,260.0,0.0,224.0,260.0,312.0,924.2999999999997,2026-03-21,2026-04-18,persistence
40,2026-03-21,2026-03-28,1,1,68.0,68.0,0.0,56.0,68.0,82.0,254.19999999999982,2026-03-21,2026-03-28,persistence
40,2026-03-21,2026-04-04,2,2,68.5,68.5,0.0,49.0,68.5,88.0,458.29999999999836,2026-03-21,2026-04-04,persistence
40,2026-03-21,2026-04-11,3,3,69.0,69.0,0.0,42.0,69.0,104.5,590.5,2026-03-21,2026-04-11,persistence
40,2026-03-21,2026-04-18,4,4,70.0,70.0,0.0,34.0,70.0,122.0,734.2999999999997,2026-03-21,2026-04-18,persistence
41,2026-03-21,2026-03-28,1,1,50.0,50.0,0.0,38.0,50.0,64.0,236.19999999999982,2026-03-21,2026-03-28,persistence
41,2026-03-21,2026-04-04,2,2,50.5,50.5,0.0,31.0,50.5,70.0,440.29999999999836,2026-03-21,2026-04-04,persistence
41,2026-03-21,2026-04-11,3,3,51.0,51.0,0.0,24.0,51.0,86.5,572.5,2026-03-21,2026-04-11,persistence
41,2026-03-21,2026-04-18,4,4,52.0,52.0,0.0,16.0,52.0,104.0,716.2999999999997,2026-03-21,2026-04-18,persistence
42,2026-03-21,2026-03-28,1,1,685.0,685.0,523.6,673.0,685.0,699.0,871.1999999999998,2026-03-21,2026-03-28,persistence
42,2026-03-21,2026-04-04,2,2,685.5,685.5,382.6,666.0,685.5,705.0,1075.2999999999984,2026-03-21,2026-04-04,persistence
42,2026-03-21,2026-04-11,3,3,686.0,686.0,248.5,659.0,686.0,721.5,1207.5,2026-03-21,2026-04-11,persistence
42,2026-03-21,2026-04-18,4,4,687.0,687.0,170.5000000000001,651.0,687.0,739.0,1351.2999999999997,2026-03-21,2026-04-18,persistence
44,2026-03-21,2026-03-28,1,1,12.0,12.0,0.0,0.0,12.0,26.0,198.19999999999982,2026-03-21,2026-03-28,persistence
44,2026-03-21,2026-04-04,2,2,12.5,12.5,0.0,0.0,12.5,32.0,402.29999999999836,2026-03-21,2026-04-04,persistence
44,2026-03-21,2026-04-11,3,3,13.0,13.0,0.0,0.0,13.0,48.5,534.5,2026-03-21,2026-04-11,persistence
44,2026-03-21,2026-04-18,4,4,14.0,14.0,0.0,0.0,14.0,66.0,678.2999999999997,2026-03-21,2026-04-18,persistence
45,2026-03-21,2026-03-28,1,1,54.0,54.0,0.0,42.0,54.0,68.0,240.19999999999982,2026-03-21,2026-03-28,persistence
45,2026-03-21,2026-04-04,2,2,54.5,54.5,0.0,35.0,54.5,74.0,444.29999999999836,2026-03-21,2026-04-04,persistence
45,2026-03-21,2026-04-11,3,3,55.0,55.0,0.0,28.0,55.0,90.5,576.5,2026-03-21,2026-04-11,persistence
45,2026-03-21,2026-04-18,4,4,56.0,56.0,0.0,20.0,56.0,108.0,720.2999999999997,2026-03-21,2026-04-18,persistence
46,2026-03-21,2026-03-28,1,1,28.0,28.0,0.0,16.0,28.0,42.0,214.19999999999982,2026-03-21,2026-03-28,persistence
46,2026-03-21,2026-04-04,2,2,28.5,28.5,0.0,9.0,28.5,48.0,418.29999999999836,2026-03-21,2026-04-04,persistence
46,2026-03-21,2026-04-11,3,3,29.0,29.0,0.0,2.0,29.0,64.5,550.5,2026-03-21,2026-04-11,persistence
46,2026-03-21,2026-04-18,4,4,30.0,30.0,0.0,0.0,30.0,82.0,694.2999999999997,2026-03-21,2026-04-18,persistence
47,2026-03-21,2026-03-28,1,1,146.0,146.0,0.0,134.0,146.0,160.0,332.1999999999998,2026-03-21,2026-03-28,persistence
47,2026-03-21,2026-04-04,2,2,146.5,146.5,0.0,127.0,146.5,166.0,536.2999999999984,2026-03-21,2026-04-04,persistence
47,2026-03-21,2026-04-11,3,3,147.0,147.0,0.0,120.0,147.0,182.5,668.5,2026-03-21,2026-04-11,persistence
47,2026-03-21,2026-04-18,4,4,148.0,148.0,0.0,112.0,148.0,200.0,812.2999999999997,2026-03-21,2026-04-18,persistence
48,2026-03-21,2026-03-28,1,1,416.0,416.0,254.60000000000002,404.0,416.0,430.0,602.1999999999998,2026-03-21,2026-03-28,persistence
48,2026-03-21,2026-04-04,2,2,416.5,416.5,113.60000000000002,397.0,416.5,436.0,806.2999999999984,2026-03-21,2026-04-04,persistence
48,2026-03-21,2026-04-11,3,3,417.0,417.0,0.0,390.0,417.0,452.5,938.5,2026-03-21,2026-04-11,persistence
48,2026-03-21,2026-04-18,4,4,418.0,418.0,0.0,382.0,418.0,470.0,1082.2999999999997,2026-03-21,2026-04-18,persistence
49,2026-03-21,2026-03-28,1,1,50.0,50.0,0.0,38.0,50.0,64.0,236.19999999999982,2026-03-21,2026-03-28,persistence
49,2026-03-21,2026-04-04,2,2,50.5,50.5,0.0,31.0,50.5,70.0,440.29999999999836,2026-03-21,2026-04-04,persistence
49,2026-03-21,2026-04-11,3,3,51.0,51.0,0.0,24.0,51.0,86.5,572.5,2026-03-21,2026-04-11,persistence
49,2026-03-21,2026-04-18,4,4,52.0,52.0,0.0,16.0,52.0,104.0,716.2999999999997,2026-03-21,2026-04-18,persistence
50,2026-03-21,2026-03-28,1,1,7.0,7.0,0.0,0.0,7.0,21.0,193.19999999999982,2026-03-21,2026-03-28,persistence
50,2026-03-21,2026-04-04,2,2,7.5,7.5,0.0,0.0,7.5,27.0,397.29999999999836,2026-03-21,2026-04-04,persistence
50,2026-03-21,2026-04-11,3,3,8.0,8.0,0.0,0.0,8.0,43.5,529.5,2026-03-21,2026-04-11,persistence
50,2026-03-21,2026-04-18,4,4,9.0,9.0,0.0,0.0,9.0,61.0,673.2999999999997,2026-03-21,2026-04-18,persistence
51,2026-03-21,2026-03-28,1,1,90.0,90.0,0.0,78.0,90.0,104.0,276.1999999999998,2026-03-21,2026-03-28,persistence
51,2026-03-21,2026-04-04,2,2,90.5,90.5,0.0,71.0,90.5,110.0,480.29999999999836,2026-03-21,2026-04-04,persistence
51,2026-03-21,2026-04-11,3,3,91.0,91.0,0.0,64.0,91.0,126.5,612.5,2026-03-21,2026-04-11,persistence
51,2026-03-21,2026-04-18,4,4,92.0,92.0,0.0,56.0,92.0,144.0,756.2999999999997,2026-03-21,2026-04-18,persistence
53,2026-03-21,2026-03-28,1,1,80.0,80.0,0.0,68.0,80.0,94.0,266.1999999999998,2026-03-21,2026-03-28,persistence
53,2026-03-21,2026-04-04,2,2,80.5,80.5,0.0,61.0,80.5,100.0,470.29999999999836,2026-03-21,2026-04-04,persistence
53,2026-03-21,2026-04-11,3,3,81.0,81.0,0.0,54.0,81.0,116.5,602.5,2026-03-21,2026-04-11,persistence
53,2026-03-21,2026-04-18,4,4,82.0,82.0,0.0,46.0,82.0,134.0,746.2999999999997,2026-03-21,2026-04-18,persistence
54,2026-03-21,2026-03-28,1,1,69.0,69.0,0.0,57.0,69.0,83.0,255.19999999999982,2026-03-21,2026-03-28,persistence
54,2026-03-21,2026-04-04,2,2,69.5,69.5,0.0,50.0,69.5,89.0,459.29999999999836,2026-03-21,2026-04-04,persistence
54,2026-03-21,2026-04-11,3,3,70.0,70.0,0.0,43.0,70.0,105.5,591.5,2026-03-21,2026-04-11,persistence
54,2026-03-21,2026-04-18,4,4,71.0,71.0,0.0,35.0,71.0,123.0,735.2999999999997,2026-03-21,2026-04-18,persistence
55,2026-03-21,2026-03-28,1,1,138.0,138.0,0.0,126.0,138.0,152.0,324.1999999999998,2026-03-21,2026-03-28,persistence
55,2026-03-21,2026-04-04,2,2,138.5,138.5,0.0,119.0,138.5,158.0,528.2999999999984,2026-03-21,2026-04-04,persistence
55,2026-03-21,2026-04-11,3,3,139.0,139.0,0.0,112.0,139.0,174.5,660.5,2026-03-21,2026-04-11,persistence
55,2026-03-21,2026-04-18,4,4,140.0,140.0,0.0,104.0,140.0,192.0,804.2999999999997,2026-03-21,2026-04-18,persistence
56,2026-03-21,2026-03-28,1,1,14.0,14.0,0.0,2.0,14.0,28.0,200.19999999999982,2026-03-21,2026-03-28,persistence
56,2026-03-21,2026-04-04,2,2,14.5,14.5,0.0,0.0,14.5,34.0,404.29999999999836,2026-03-21,2026-04-04,persistence
56,2026-03-21,2026-04-11,3,3,15.0,15.0,0.0,0.0,15.0,50.5,536.5,2026-03-21,2026-04-11,persistence
56,2026-03-21,2026-04-18,4,4,16.0,16.0,0.0,0.0,16.0,68.0,680.2999999999997,2026-03-21,2026-04-18,persistence
72,2026-03-21,2026-03-28,1,1,152.0,152.0,0.0,140.0,152.0,166.0,338.1999999999998,2026-03-21,2026-03-28,persistence
72,2026-03-21,2026-04-04,2,2,152.5,152.5,0.0,133.0,152.5,172.0,542.2999999999984,2026-03-21,2026-04-04,persistence
72,2026-03-21,2026-04-11,3,3,153.0,153.0,0.0,126.0,153.0,188.5,674.5,2026-03-21,2026-04-11,persistence
72,2026-03-21,2026-04-18,4,4,154.0,154.0,0.0,118.0,154.0,206.0,818.2999999999997,2026-03-21,2026-04-18,persistence
01,2026-04-18,2026-04-25,1,1,26.0,26.0,0.0,7.0,26.0,41.0,213.19999999999982,2026-04-18,2026-04-25,persistence
01,2026-04-18,2026-05-02,2,2,25.0,25.0,0.0,0.0,25.0,47.0,417.29999999999836,2026-04-18,2026-05-02,persistence
01,2026-04-18,2026-05-09,3,3,25.0,25.0,0.0,0.0,25.0,63.0,549.5,2026-04-18,2026-05-09,persistence
01,2026-04-18,2026-05-16,4,4,25.0,25.0,0.0,0.0,25.0,80.75,693.2999999999997,2026-04-18,2026-05-16,persistence
02,2026-04-18,2026-04-25,1,1,3.0,3.0,0.0,0.0,3.0,18.0,190.19999999999982,2026-04-18,2026-04-25,persistence
02,2026-04-18,2026-05-02,2,2,2.0,2.0,0.0,0.0,2.0,24.0,394.29999999999836,2026-04-18,2026-05-02,persistence
02,2026-04-18,2026-05-09,3,3,2.0,2.0,0.0,0.0,2.0,40.0,526.5,2026-04-18,2026-05-09,persistence
02,2026-04-18,2026-05-16,4,4,2.0,2.0,0.0,0.0,2.0,57.75,670.2999999999997,2026-04-18,2026-05-16,persistence
04,2026-04-18,2026-04-25,1,1,61.0,61.0,0.0,42.0,61.0,76.0,248.19999999999982,2026-04-18,2026-04-25,persistence
04,2026-04-18,2026-05-02,2,2,60.0,60.0,0.0,23.0,60.0,82.0,452.29999999999836,2026-04-18,2026-05-02,persistence
04,2026-04-18,2026-05-09,3,3,60.0,60.0,0.0,2.0,60.0,98.0,584.5,2026-04-18,2026-05-09,persistence
04,2026-04-18,2026-05-16,4,4,60.0,60.0,0.0,0.0,60.0,115.75,728.2999999999997,2026-04-18,2026-05-16,persistence
05,2026-04-18,2026-04-25,1,1,3.0,3.0,0.0,0.0,3.0,18.0,190.19999999999982,2026-04-18,2026-04-25,persistence
05,2026-04-18,2026-05-02,2,2,2.0,2.0,0.0,0.0,2.0,24.0,394.29999999999836,2026-04-18,2026-05-02,persistence
05,2026-04-18,2026-05-09,3,3,2.0,2.0,0.0,0.0,2.0,40.0,526.5,2026-04-18,2026-05-09,persistence
05,2026-04-18,2026-05-16,4,4,2.0,2.0,0.0,0.0,2.0,57.75,670.2999999999997,2026-04-18,2026-05-16,persistence
06,2026-04-18,2026-04-25,1,1,194.0,194.0,0.0,175.0,194.0,209.0,381.1999999999998,2026-04-18,2026-04-25,persistence
06,2026-04-18,2026-05-02,2,2,193.0,193.0,0.0,156.0,193.0,215.0,585.2999999999984,2026-04-18,2026-05-02,persistence
06,2026-04-18,2026-05-09,3,3,193.0,193.0,0.0,135.0,193.0,231.0,717.5,2026-04-18,2026-05-09,persistence
06,2026-04-18,2026-05-16,4,4,193.0,193.0,0.0,110.0,193.0,248.75,861.2999999999997,2026-04-18,2026-05-16,persistence
08,2026-04-18,2026-04-25,1,1,20.0,20.0,0.0,1.0,20.0,35.0,207.19999999999982,2026-04-18,2026-04-25,persistence
08,2026-04-18,2026-05-02,2,2,19.0,19.0,0.0,0.0,19.0,41.0,411.29999999999836,2026-04-18,2026-05-02,persistence
08,2026-04-18,2026-05-09,3,3,19.0,19.0,0.0,0.0,19.0,57.0,543.5,2026-04-18,2026-05-09,persistence
08,2026-04-18,2026-05-16,4,4,19.0,19.0,0.0,0.0,19.0,74.75,687.2999999999997,2026-04-18,2026-05-16,persistence
09,2026-04-18,2026-04-25,1,1,34.0,34.0,0.0,15.0,34.0,49.0,221.19999999999982,2026-04-18,2026-04-25,persistence
09,2026-04-18,2026-05-02,2,2,33.0,33.0,0.0,0.0,33.0,55.0,425.29999999999836,2026-04-18,2026-05-02,persistence
09,2026-04-18,2026-05-09,3,3,33.0,33.0,0.0,0.0,33.0,71.0,557.5,2026-04-18,2026-05-09,persistence
09,2026-04-18,2026-05-16,4,4,33.0,33.0,0.0,0.0,33.0,88.75,701.2999999999997,2026-04-18,2026-05-16,persistence
10,2026-04-18,2026-04-25,1,1,2.0,2.0,0.0,0.0,2.0,17.0,189.19999999999982,2026-04-18,2026-04-25,persistence
10,2026-04-18,2026-05-02,2,2,1.0,1.0,0.0,0.0,1.0,23.0,393.29999999999836,2026-04-18,2026-05-02,persistence
10,2026-04-18,2026-05-09,3,3,1.0,1.0,0.0,0.0,1.0,39.0,525.5,2026-04-18,2026-05-09,persistence
10,2026-04-18,2026-05-16,4,4,1.0,1.0,0.0,0.0,1.0,56.75,669.2999999999997,2026-04-18,2026-05-16,persistence
11,2026-04-18,2026-04-25,1,1,5.0,5.0,0.0,0.0,5.0,20.0,192.19999999999982,2026-04-18,2026-04-25,persistence
11,2026-04-18,2026-05-02,2,2,4.0,4.0,0.0,0.0,4.0,26.0,396.29999999999836,2026-04-18,2026-05-02,persistence
11,2026-04-18,2026-05-09,3,3,4.0,4.0,0.0,0.0,4.0,42.0,528.5,2026-04-18,2026-05-09,persistence
11,2026-04-18,2026-05-16,4,4,4.0,4.0,0.0,0.0,4.0,59.75,672.2999999999997,2026-04-18,2026-05-16,persistence
12,2026-04-18,2026-04-25,1,1,170.0,170.0,0.0,151.0,170.0,185.0,357.1999999999998,2026-04-18,2026-04-25,persistence
12,2026-04-18,2026-05-02,2,2,169.0,169.0,0.0,132.0,169.0,191.0,561.2999999999984,2026-04-18,2026-05-02,persistence
12,2026-04-18,2026-05-09,3,3,169.0,169.0,0.0,111.0,169.0,207.0,693.5,2026-04-18,2026-05-09,persistence
12,2026-04-18,2026-05-16,4,4,169.0,169.0,0.0,86.0,169.0,224.75,837.2999999999997,2026-04-18,2026-05-16,persistence
13,2026-04-18,2026-04-25,1,1,38.0,38.0,0.0,19.0,38.0,53.0,225.19999999999982,2026-04-18,2026-04-25,persistence
13,2026-04-18,2026-05-02,2,2,37.0,37.0,0.0,0.0,37.0,59.0,429.29999999999836,2026-04-18,2026-05-02,persistence
13,2026-04-18,2026-05-09,3,3,37.0,37.0,0.0,0.0,37.0,75.0,561.5,2026-04-18,2026-05-09,persistence
13,2026-04-18,2026-05-16,4,4,37.0,37.0,0.0,0.0,37.0,92.75,705.2999999999997,2026-04-18,2026-05-16,persistence
15,2026-04-18,2026-04-25,1,1,4.0,4.0,0.0,0.0,4.0,19.0,191.19999999999982,2026-04-18,2026-04-25,persistence
15,2026-04-18,2026-05-02,2,2,3.0,3.0,0.0,0.0,3.0,25.0,395.29999999999836,2026-04-18,2026-05-02,persistence
15,2026-04-18,2026-05-09,3,3,3.0,3.0,0.0,0.0,3.0,41.0,527.5,2026-04-18,2026-05-09,persistence
15,2026-04-18,2026-05-16,4,4,3.0,3.0,0.0,0.0,3.0,58.75,671.2999999999997,2026-04-18,2026-05-16,persistence
16,2026-04-18,2026-04-25,1,1,7.0,7.0,0.0,0.0,7.0,22.0,194.19999999999982,2026-04-18,2026-04-25,persistence
16,2026-04-18,2026-05-02,2,2,6.0,6.0,0.0,0.0,6.0,28.0,398.29999999999836,2026-04-18,2026-05-02,persistence
16,2026-04-18,2026-05-09,3,3,6.0,6.0,0.0,0.0,6.0,44.0,530.5,2026-04-18,2026-05-09,persistence
16,2026-04-18,2026-05-16,4,4,6.0,6.0,0.0,0.0,6.0,61.75,674.2999999999997,2026-04-18,2026-05-16,persistence
17,2026-04-18,2026-04-25,1,1,86.0,86.0,0.0,67.0,86.0,101.0,273.1999999999998,2026-04-18,2026-04-25,persistence
17,2026-04-18,2026-05-02,2,2,85.0,85.0,0.0,48.0,85.0,107.0,477.29999999999836,2026-04-18,2026-05-02,persistence
17,2026-04-18,2026-05-09,3,3,85.0,85.0,0.0,27.0,85.0,123.0,609.5,2026-04-18,2026-05-09,persistence
17,2026-04-18,2026-05-16,4,4,85.0,85.0,0.0,2.0,85.0,140.75,753.2999999999997,2026-04-18,2026-05-16,persistence
18,2026-04-18,2026-04-25,1,1,39.0,39.0,0.0,20.0,39.0,54.0,226.19999999999982,2026-04-18,2026-04-25,persistence
18,2026-04-18,2026-05-02,2,2,38.0,38.0,0.0,1.0,38.0,60.0,430.29999999999836,2026-04-18,2026-05-02,persistence
18,2026-04-18,2026-05-09,3,3,38.0,38.0,0.0,0.0,38.0,76.0,562.5,2026-04-18,2026-05-09,persistence
18,2026-04-18,2026-05-16,4,4,38.0,38.0,0.0,0.0,38.0,93.75,706.2999999999997,2026-04-18,2026-05-16,persistence
19,2026-04-18,2026-04-25,1,1,16.0,16.0,0.0,0.0,16.0,31.0,203.19999999999982,2026-04-18,2026-04-25,persistence
19,2026-04-18,2026-05-02,2,2,15.0,15.0,0.0,0.0,15.0,37.0,407.29999999999836,2026-04-18,2026-05-02,persistence
19,2026-04-18,2026-05-09,3,3,15.0,15.0,0.0,0.0,15.0,53.0,539.5,2026-04-18,2026-05-09,persistence
19,2026-04-18,2026-05-16,4,4,15.0,15.0,0.0,0.0,15.0,70.75,683.2999999999997,2026-04-18,2026-05-16,persistence
20,2026-04-18,2026-04-25,1,1,7.0,7.0,0.0,0.0,7.0,22.0,194.19999999999982,2026-04-18,2026-04-25,persistence
20,2026-04-18,2026-05-02,2,2,6.0,6.0,0.0,0.0,6.0,28.0,398.29999999999836,2026-04-18,2026-05-02,persistence
20,2026-04-18,2026-05-09,3,3,6.0,6.0,0.0,0.0,6.0,44.0,530.5,2026-04-18,2026-05-09,persistence
20,2026-04-18,2026-05-16,4,4,6.0,6.0,0.0,0.0,6.0,61.75,674.2999999999997,2026-04-18,2026-05-16,persistence
21,2026-04-18,2026-04-25,1,1,35.0,35.0,0.0,16.0,35.0,50.0,222.19999999999982,2026-04-18,2026-04-25,persistence
21,2026-04-18,2026-05-02,2,2,34.0,34.0,0.0,0.0,34.0,56.0,426.29999999999836,2026-04-18,2026-05-02,persistence
21,2026-04-18,2026-05-09,3,3,34.0,34.0,0.0,0.0,34.0,72.0,558.5,2026-04-18,2026-05-09,persistence
21,2026-04-18,2026-05-16,4,4,34.0,34.0,0.0,0.0,34.0,89.75,702.2999999999997,2026-04-18,2026-05-16,persistence
22,2026-04-18,2026-04-25,1,1,20.0,20.0,0.0,1.0,20.0,35.0,207.19999999999982,2026-04-18,2026-04-25,persistence
22,2026-04-18,2026-05-02,2,2,19.0,19.0,0.0,0.0,19.0,41.0,411.29999999999836,2026-04-18,2026-05-02,persistence
22,2026-04-18,2026-05-09,3,3,19.0,19.0,0.0,0.0,19.0,57.0,543.5,2026-04-18,2026-05-09,persistence
22,2026-04-18,2026-05-16,4,4,19.0,19.0,0.0,0.0,19.0,74.75,687.2999999999997,2026-04-18,2026-05-16,persistence
23,2026-04-18,2026-04-25,1,1,3.0,3.0,0.0,0.0,3.0,18.0,190.19999999999982,2026-04-18,2026-04-25,persistence
23,2026-04-18,2026-05-02,2,2,2.0,2.0,0.0,0.0,2.0,24.0,394.29999999999836,2026-04-18,2026-05-02,persistence
23,2026-04-18,2026-05-09,3,3,2.0,2.0,0.0,0.0,2.0,40.0,526.5,2026-04-18,2026-05-09,persistence
23,2026-04-18,2026-05-16,4,4,2.0,2.0,0.0,0.0,2.0,57.75,670.2999999999997,2026-04-18,2026-05-16,persistence
24,2026-04-18,2026-04-25,1,1,6.0,6.0,0.0,0.0,6.0,21.0,193.19999999999982,2026-04-18,2026-04-25,persistence
24,2026-04-18,2026-05-02,2,2,5.0,5.0,0.0,0.0,5.0,27.0,397.29999999999836,2026-04-18,2026-05-02,persistence
24,2026-04-18,2026-05-09,3,3,5.0,5.0,0.0,0.0,5.0,43.0,529.5,2026-04-18,2026-05-09,persistence
24,2026-04-18,2026-05-16,4,4,5.0,5.0,0.0,0.0,5.0,60.75,673.2999999999997,2026-04-18,2026-05-16,persistence
25,2026-04-18,2026-04-25,1,1,42.0,42.0,0.0,23.0,42.0,57.0,229.19999999999982,2026-04-18,2026-04-25,persistence
25,2026-04-18,2026-05-02,2,2,41.0,41.0,0.0,4.0,41.0,63.0,433.29999999999836,2026-04-18,2026-05-02,persistence
25,2026-04-18,2026-05-09,3,3,41.0,41.0,0.0,0.0,41.0,79.0,565.5,2026-04-18,2026-05-09,persistence
25,2026-04-18,2026-05-16,4,4,41.0,41.0,0.0,0.0,41.0,96.75,709.2999999999997,2026-04-18,2026-05-16,persistence
26,2026-04-18,2026-04-25,1,1,50.0,50.0,0.0,31.0,50.0,65.0,237.19999999999982,2026-04-18,2026-04-25,persistence
26,2026-04-18,2026-05-02,2,2,49.0,49.0,0.0,12.0,49.0,71.0,441.29999999999836,2026-04-18,2026-05-02,persistence
26,2026-04-18,2026-05-09,3,3,49.0,49.0,0.0,0.0,49.0,87.0,573.5,2026-04-18,2026-05-09,persistence
26,2026-04-18,2026-05-16,4,4,49.0,49.0,0.0,0.0,49.0,104.75,717.2999999999997,2026-04-18,2026-05-16,persistence
27,2026-04-18,2026-04-25,1,1,23.0,23.0,0.0,4.0,23.0,38.0,210.19999999999982,2026-04-18,2026-04-25,persistence
27,2026-04-18,2026-05-02,2,2,22.0,22.0,0.0,0.0,22.0,44.0,414.29999999999836,2026-04-18,2026-05-02,persistence
27,2026-04-18,2026-05-09,3,3,22.0,22.0,0.0,0.0,22.0,60.0,546.5,2026-04-18,2026-05-09,persistence
27,2026-04-18,2026-05-16,4,4,22.0,22.0,0.0,0.0,22.0,77.75,690.2999999999997,2026-04-18,2026-05-16,persistence
28,2026-04-18,2026-04-25,1,1,14.0,14.0,0.0,0.0,14.0,29.0,201.19999999999982,2026-04-18,2026-04-25,persistence
28,2026-04-18,2026-05-02,2,2,13.0,13.0,0.0,0.0,13.0,35.0,405.29999999999836,2026-04-18,2026-05-02,persistence
28,2026-04-18,2026-05-09,3,3,13.0,13.0,0.0,0.0,13.0,51.0,537.5,2026-04-18,2026-05-09,persistence
28,2026-04-18,2026-05-16,4,4,13.0,13.0,0.0,0.0,13.0,68.75,681.2999999999997,2026-04-18,2026-05-16,persistence
29,2026-04-18,2026-04-25,1,1,24.0,24.0,0.0,5.0,24.0,39.0,211.19999999999982,2026-04-18,2026-04-25,persistence
29,2026-04-18,2026-05-02,2,2,23.0,23.0,0.0,0.0,23.0,45.0,415.29999999999836,2026-04-18,2026-05-02,persistence
29,2026-04-18,2026-05-09,3,3,23.0,23.0,0.0,0.0,23.0,61.0,547.5,2026-04-18,2026-05-09,persistence
29,2026-04-18,2026-05-16,4,4,23.0,23.0,0.0,0.0,23.0,78.75,691.2999999999997,2026-04-18,2026-05-16,persistence
30,2026-04-18,2026-04-25,1,1,5.0,5.0,0.0,0.0,5.0,20.0,192.19999999999982,2026-04-18,2026-04-25,persistence
30,2026-04-18,2026-05-02,2,2,4.0,4.0,0.0,0.0,4.0,26.0,396.29999999999836,2026-04-18,2026-05-02,persistence
30,2026-04-18,2026-05-09,3,3,4.0,4.0,0.0,0.0,4.0,42.0,528.5,2026-04-18,2026-05-09,persistence
30,2026-04-18,2026-05-16,4,4,4.0,4.0,0.0,0.0,4.0,59.75,672.2999999999997,2026-04-18,2026-05-16,persistence
31,2026-04-18,2026-04-25,1,1,9.0,9.0,0.0,0.0,9.0,24.0,196.19999999999982,2026-04-18,2026-04-25,persistence
31,2026-04-18,2026-05-02,2,2,8.0,8.0,0.0,0.0,8.0,30.0,400.29999999999836,2026-04-18,2026-05-02,persistence
31,2026-04-18,2026-05-09,3,3,8.0,8.0,0.0,0.0,8.0,46.0,532.5,2026-04-18,2026-05-09,persistence
31,2026-04-18,2026-05-16,4,4,8.0,8.0,0.0,0.0,8.0,63.75,676.2999999999997,2026-04-18,2026-05-16,persistence
32,2026-04-18,2026-04-25,1,1,20.0,20.0,0.0,1.0,20.0,35.0,207.19999999999982,2026-04-18,2026-04-25,persistence
32,2026-04-18,2026-05-02,2,2,19.0,19.0,0.0,0.0,19.0,41.0,411.29999999999836,2026-04-18,2026-05-02,persistence
32,2026-04-18,2026-05-09,3,3,19.0,19.0,0.0,0.0,19.0,57.0,543.5,2026-04-18,2026-05-09,persistence
32,2026-04-18,2026-05-16,4,4,19.0,19.0,0.0,0.0,19.0,74.75,687.2999999999997,2026-04-18,2026-05-16,persistence
33,2026-04-18,2026-04-25,1,1,9.0,9.0,0.0,0.0,9.0,24.0,196.19999999999982,2026-04-18,2026-04-25,persistence
33,2026-04-18,2026-05-02,2,2,8.0,8.0,0.0,0.0,8.0,30.0,400.29999999999836,2026-04-18,2026-05-02,persistence
33,2026-04-18,2026-05-09,3,3,8.0,8.0,0.0,0.0,8.0,46.0,532.5,2026-04-18,2026-05-09,persistence
33,2026-04-18,2026-05-16,4,4,8.0,8.0,0.0,0.0,8.0,63.75,676.2999999999997,2026-04-18,2026-05-16,persistence
34,2026-04-18,2026-04-25,1,1,29.0,29.0,0.0,10.0,29.0,44.0,216.19999999999982,2026-04-18,2026-04-25,persistence
34,2026-04-18,2026-05-02,2,2,28.0,28.0,0.0,0.0,28.0,50.0,420.29999999999836,2026-04-18,2026-05-02,persistence
34,2026-04-18,2026-05-09,3,3,28.0,28.0,0.0,0.0,28.0,66.0,552.5,2026-04-18,2026-05-09,persistence
34,2026-04-18,2026-05-16,4,4,28.0,28.0,0.0,0.0,28.0,83.75,696.2999999999997,2026-04-18,2026-05-16,persistence
35,2026-04-18,2026-04-25,1,1,11.0,11.0,0.0,0.0,11.0,26.0,198.19999999999982,2026-04-18,2026-04-25,persistence
35,2026-04-18,2026-05-02,2,2,10.0,10.0,0.0,0.0,10.0,32.0,402.29999999999836,2026-04-18,2026-05-02,persistence
35,2026-04-18,2026-05-09,3,3,10.0,10.0,0.0,0.0,10.0,48.0,534.5,2026-04-18,2026-05-09,persistence
35,2026-04-18,2026-05-16,4,4,10.0,10.0,0.0,0.0,10.0,65.75,678.2999999999997,2026-04-18,2026-05-16,persistence
36,2026-04-18,2026-04-25,1,1,142.0,142.0,0.0,123.0,142.0,157.0,329.1999999999998,2026-04-18,2026-04-25,persistence
36,2026-04-18,2026-05-02,2,2,141.0,141.0,0.0,104.0,141.0,163.0,533.2999999999984,2026-04-18,2026-05-02,persistence
36,2026-04-18,2026-05-09,3,3,141.0,141.0,0.0,83.0,141.0,179.0,665.5,2026-04-18,2026-05-09,persistence
36,2026-04-18,2026-05-16,4,4,141.0,141.0,0.0,58.0,141.0,196.75,809.2999999999997,2026-04-18,2026-05-16,persistence
37,2026-04-18,2026-04-25,1,1,15.0,15.0,0.0,0.0,15.0,30.0,202.19999999999982,2026-04-18,2026-04-25,persistence
37,2026-04-18,2026-05-02,2,2,14.0,14.0,0.0,0.0,14.0,36.0,406.29999999999836,2026-04-18,2026-05-02,persistence
37,2026-04-18,2026-05-09,3,3,14.0,14.0,0.0,0.0,14.0,52.0,538.5,2026-04-18,2026-05-09,persistence
37,2026-04-18,2026-05-16,4,4,14.0,14.0,0.0,0.0,14.0,69.75,682.2999999999997,2026-04-18,2026-05-16,persistence
38,2026-04-18,2026-04-25,1,1,10.0,10.0,0.0,0.0,10.0,25.0,197.19999999999982,2026-04-18,2026-04-25,persistence
38,2026-04-18,2026-05-02,2,2,9.0,9.0,0.0,0.0,9.0,31.0,401.29999999999836,2026-04-18,2026-05-02,persistence
38,2026-04-18,2026-05-09,3,3,9.0,9.0,0.0,0.0,9.0,47.0,533.5,2026-04-18,2026-05-09,persistence
38,2026-04-18,2026-05-16,4,4,9.0,9.0,0.0,0.0,9.0,64.75,677.2999999999997,2026-04-18,2026-05-16,persistence
39,2026-04-18,2026-04-25,1,1,28.0,28.0,0.0,9.0,28.0,43.0,215.19999999999982,2026-04-18,2026-04-25,persistence
39,2026-04-18,2026-05-02,2,2,27.0,27.0,0.0,0.0,27.0,49.0,419.29999999999836,2026-04-18,2026-05-02,persistence
39,2026-04-18,2026-05-09,3,3,27.0,27.0,0.0,0.0,27.0,65.0,551.5,2026-04-18,2026-05-09,persistence
39,2026-04-18,2026-05-16,4,4,27.0,27.0,0.0,0.0,27.0,82.75,695.2999999999997,2026-04-18,2026-05-16,persistence
40,2026-04-18,2026-04-25,1,1,9.0,9.0,0.0,0.0,9.0,24.0,196.19999999999982,2026-04-18,2026-04-25,persistence
40,2026-04-18,2026-05-02,2,2,8.0,8.0,0.0,0.0,8.0,30.0,400.29999999999836,2026-04-18,2026-05-02,persistence
40,2026-04-18,2026-05-09,3,3,8.0,8.0,0.0,0.0,8.0,46.0,532.5,2026-04-18,2026-05-09,persistence
40,2026-04-18,2026-05-16,4,4,8.0,8.0,0.0,0.0,8.0,63.75,676.2999999999997,2026-04-18,2026-05-16,persistence
41,2026-04-18,2026-04-25,1,1,10.0,10.0,0.0,0.0,10.0,25.0,197.19999999999982,2026-04-18,2026-04-25,persistence
41,2026-04-18,2026-05-02,2,2,9.0,9.0,0.0,0.0,9.0,31.0,401.29999999999836,2026-04-18,2026-05-02,persistence
41,2026-04-18,2026-05-09,3,3,9.0,9.0,0.0,0.0,9.0,47.0,533.5,2026-04-18,2026-05-09,persistence
41,2026-04-18,2026-05-16,4,4,9.0,9.0,0.0,0.0,9.0,64.75,677.2999999999997,2026-04-18,2026-05-16,persistence
42,2026-04-18,2026-04-25,1,1,310.0,310.0,110.80000000000007,291.0,310.0,325.0,497.1999999999998,2026-04-18,2026-04-25,persistence
42,2026-04-18,2026-05-02,2,2,309.0,309.0,0.0,272.0,309.0,331.0,701.2999999999984,2026-04-18,2026-05-02,persistence
42,2026-04-18,2026-05-09,3,3,309.0,309.0,0.0,251.0,309.0,347.0,833.5,2026-04-18,2026-05-09,persistence
42,2026-04-18,2026-05-16,4,4,309.0,309.0,0.0,226.0,309.0,364.75,977.2999999999997,2026-04-18,2026-05-16,persistence
44,2026-04-18,2026-04-25,1,1,11.0,11.0,0.0,0.0,11.0,26.0,198.19999999999982,2026-04-18,2026-04-25,persistence
44,2026-04-18,2026-05-02,2,2,10.0,10.0,0.0,0.0,10.0,32.0,402.29999999999836,2026-04-18,2026-05-02,persistence
44,2026-04-18,2026-05-09,3,3,10.0,10.0,0.0,0.0,10.0,48.0,534.5,2026-04-18,2026-05-09,persistence
44,2026-04-18,2026-05-16,4,4,10.0,10.0,0.0,0.0,10.0,65.75,678.2999999999997,2026-04-18,2026-05-16,persistence
45,2026-04-18,2026-04-25,1,1,4.0,4.0,0.0,0.0,4.0,19.0,191.19999999999982,2026-04-18,2026-04-25,persistence
45,2026-04-18,2026-05-02,2,2,3.0,3.0,0.0,0.0,3.0,25.0,395.29999999999836,2026-04-18,2026-05-02,persistence
45,2026-04-18,2026-05-09,3,3,3.0,3.0,0.0,0.0,3.0,41.0,527.5,2026-04-18,2026-05-09,persistence
45,2026-04-18,2026-05-16,4,4,3.0,3.0,0.0,0.0,3.0,58.75,671.2999999999997,2026-04-18,2026-05-16,persistence
46,2026-04-18,2026-04-25,1,1,5.0,5.0,0.0,0.0,5.0,20.0,192.19999999999982,2026-04-18,2026-04-25,persistence
46,2026-04-18,2026-05-02,2,2,4.0,4.0,0.0,0.0,4.0,26.0,396.29999999999836,2026-04-18,2026-05-02,persistence
46,2026-04-18,2026-05-09,3,3,4.0,4.0,0.0,0.0,4.0,42.0,528.5,2026-04-18,2026-05-09,persistence
46,2026-04-18,2026-05-16,4,4,4.0,4.0,0.0,0.0,4.0,59.75,672.2999999999997,2026-04-18,2026-05-16,persistence
47,2026-04-18,2026-04-25,1,1,47.0,47.0,0.0,28.0,47.0,62.0,234.19999999999982,2026-04-18,2026-04-25,persistence
47,2026-04-18,2026-05-02,2,2,46.0,46.0,0.0,9.0,46.0,68.0,438.29999999999836,2026-04-18,2026-05-02,persistence
47,2026-04-18,2026-05-09,3,3,46.0,46.0,0.0,0.0,46.0,84.0,570.5,2026-04-18,2026-05-09,persistence
47,2026-04-18,2026-05-16,4,4,46.0,46.0,0.0,0.0,46.0,101.75,714.2999999999997,2026-04-18,2026-05-16,persistence
48,2026-04-18,2026-04-25,1,1,124.0,124.0,0.0,105.0,124.0,139.0,311.1999999999998,2026-04-18,2026-04-25,persistence
48,2026-04-18,2026-05-02,2,2,123.0,123.0,0.0,86.0,123.0,145.0,515.2999999999984,2026-04-18,2026-05-02,persistence
48,2026-04-18,2026-05-09,3,3,123.0,123.0,0.0,65.0,123.0,161.0,647.5,2026-04-18,2026-05-09,persistence
48,2026-04-18,2026-05-16,4,4,123.0,123.0,0.0,40.0,123.0,178.75,791.2999999999997,2026-04-18,2026-05-16,persistence
49,2026-04-18,2026-04-25,1,1,5.0,5.0,0.0,0.0,5.0,20.0,192.19999999999982,2026-04-18,2026-04-25,persistence
49,2026-04-18,2026-05-02,2,2,4.0,4.0,0.0,0.0,4.0,26.0,396.29999999999836,2026-04-18,2026-05-02,persistence
49,2026-04-18,2026-05-09,3,3,4.0,4.0,0.0,0.0,4.0,42.0,528.5,2026-04-18,2026-05-09,persistence
49,2026-04-18,2026-05-16,4,4,4.0,4.0,0.0,0.0,4.0,59.75,672.2999999999997,2026-04-18,2026-05-16,persistence
50,2026-04-18,2026-04-25,1,1,3.0,3.0,0.0,0.0,3.0,18.0,190.19999999999982,2026-04-18,2026-04-25,persistence
50,2026-04-18,2026-05-02,2,2,2.0,2.0,0.0,0.0,2.0,24.0,394.29999999999836,2026-04-18,2026-05-02,persistence
50,2026-04-18,2026-05-09,3,3,2.0,2.0,0.0,0.0,2.0,40.0,526.5,2026-04-18,2026-05-09,persistence
50,2026-04-18,2026-05-16,4,4,2.0,2.0,0.0,0.0,2.0,57.75,670.2999999999997,2026-04-18,2026-05-16,persistence
51,2026-04-18,2026-04-25,1,1,15.0,15.0,0.0,0.0,15.0,30.0,202.19999999999982,2026-04-18,2026-04-25,persistence
51,2026-04-18,2026-05-02,2,2,14.0,14.0,0.0,0.0,14.0,36.0,406.29999999999836,2026-04-18,2026-05-02,persistence
51,2026-04-18,2026-05-09,3,3,14.0,14.0,0.0,0.0,14.0,52.0,538.5,2026-04-18,2026-05-09,persistence
51,2026-04-18,2026-05-16,4,4,14.0,14.0,0.0,0.0,14.0,69.75,682.2999999999997,2026-04-18,2026-05-16,persistence
53,2026-04-18,2026-04-25,1,1,40.0,40.0,0.0,21.0,40.0,55.0,227.19999999999982,2026-04-18,2026-04-25,persistence
53,2026-04-18,2026-05-02,2,2,39.0,39.0,0.0,2.0,39.0,61.0,431.29999999999836,2026-04-18,2026-05-02,persistence
53,2026-04-18,2026-05-09,3,3,39.0,39.0,0.0,0.0,39.0,77.0,563.5,2026-04-18,2026-05-09,persistence
53,2026-04-18,2026-05-16,4,4,39.0,39.0,0.0,0.0,39.0,94.75,707.2999999999997,2026-04-18,2026-05-16,persistence
54,2026-04-18,2026-04-25,1,1,29.0,29.0,0.0,10.0,29.0,44.0,216.19999999999982,2026-04-18,2026-04-25,persistence
54,2026-04-18,2026-05-02,2,2,28.0,28.0,0.0,0.0,28.0,50.0,420.29999999999836,2026-04-18,2026-05-02,persistence
54,2026-04-18,2026-05-09,3,3,28.0,28.0,0.0,0.0,28.0,66.0,552.5,2026-04-18,2026-05-09,persistence
54,2026-04-18,2026-05-16,4,4,28.0,28.0,0.0,0.0,28.0,83.75,696.2999999999997,2026-04-18,2026-05-16,persistence
55,2026-04-18,2026-04-25,1,1,32.0,32.0,0.0,13.0,32.0,47.0,219.19999999999982,2026-04-18,2026-04-25,persistence
55,2026-04-18,2026-05-02,2,2,31.0,31.0,0.0,0.0,31.0,53.0,423.29999999999836,2026-04-18,2026-05-02,persistence
55,2026-04-18,2026-05-09,3,3,31.0,31.0,0.0,0.0,31.0,69.0,555.5,2026-04-18,2026-05-09,persistence
55,2026-04-18,2026-05-16,4,4,31.0,31.0,0.0,0.0,31.0,86.75,699.2999999999997,2026-04-18,2026-05-16,persistence
56,2026-04-18,2026-04-25,1,1,6.0,6.0,0.0,0.0,6.0,21.0,193.19999999999982,2026-04-18,2026-04-25,persistence
56,2026-04-18,2026-05-02,2,2,5.0,5.0,0.0,0.0,5.0,27.0,397.29999999999836,2026-04-18,2026-05-02,persistence
56,2026-04-18,2026-05-09,3,3,5.0,5.0,0.0,0.0,5.0,43.0,529.5,2026-04-18,2026-05-09,persistence
56,2026-04-18,2026-05-16,4,4,5.0,5.0,0.0,0.0,5.0,60.75,673.2999999999997,2026-04-18,2026-05-16,persistence
72,2026-04-18,2026-04-25,1,1,85.0,85.0,0.0,66.0,85.0,100.0,272.1999999999998,2026-04-18,2026-04-25,persistence
72,2026-04-18,2026-05-02,2,2,84.0,84.0,0.0,47.0,84.0,106.0,476.29999999999836,2026-04-18,2026-05-02,persistence
72,2026-04-18,2026-05-09,3,3,84.0,84.0,0.0,26.0,84.0,122.0,608.5,2026-04-18,2026-05-09,persistence
72,2026-04-18,2026-05-16,4,4,84.0,84.0,0.0,1.0,84.0,139.75,752.2999999999997,2026-04-18,2026-05-16,persistence
01,2026-05-16,2026-05-23,1,1,23.0,23.0,0.0,3.0,23.0,39.0,211.19999999999982,2026-05-16,2026-05-23,persistence
01,2026-05-16,2026-05-30,2,2,21.0,21.0,0.0,0.0,21.0,43.0,415.29999999999836,2026-05-16,2026-05-30,persistence
01,2026-05-16,2026-06-06,3,3,19.0,19.0,0.0,0.0,19.0,56.5,542.5,2026-05-16,2026-06-06,persistence
01,2026-05-16,2026-06-13,4,4,13.0,13.0,0.0,0.0,13.0,72.0,680.3499999999988,2026-05-16,2026-06-13,persistence
02,2026-05-16,2026-05-23,1,1,0.0,0.0,0.0,0.0,0.0,15.0,187.19999999999982,2026-05-16,2026-05-23,persistence
02,2026-05-16,2026-05-30,2,2,0.0,0.0,0.0,0.0,0.0,19.0,391.29999999999836,2026-05-16,2026-05-30,persistence
02,2026-05-16,2026-06-06,3,3,0.0,0.0,0.0,0.0,0.0,32.5,518.5,2026-05-16,2026-06-06,persistence
02,2026-05-16,2026-06-13,4,4,0.0,0.0,0.0,0.0,0.0,48.0,656.3499999999988,2026-05-16,2026-06-13,persistence
04,2026-05-16,2026-05-23,1,1,62.0,62.0,0.0,42.0,62.0,78.0,250.19999999999982,2026-05-16,2026-05-23,persistence
04,2026-05-16,2026-05-30,2,2,60.0,60.0,0.0,22.0,60.0,82.0,454.29999999999836,2026-05-16,2026-05-30,persistence
04,2026-05-16,2026-06-06,3,3,58.0,58.0,0.0,1.0,58.0,95.5,581.5,2026-05-16,2026-06-06,persistence
04,2026-05-16,2026-06-13,4,4,52.0,52.0,0.0,0.0,52.0,111.0,719.3499999999988,2026-05-16,2026-06-13,persistence
05,2026-05-16,2026-05-23,1,1,8.0,8.0,0.0,0.0,8.0,24.0,196.19999999999982,2026-05-16,2026-05-23,persistence
05,2026-05-16,2026-05-30,2,2,6.0,6.0,0.0,0.0,6.0,28.0,400.29999999999836,2026-05-16,2026-05-30,persistence
05,2026-05-16,2026-06-06,3,3,4.0,4.0,0.0,0.0,4.0,41.5,527.5,2026-05-16,2026-06-06,persistence
05,2026-05-16,2026-06-13,4,4,0.0,0.0,0.0,0.0,0.0,57.0,665.3499999999988,2026-05-16,2026-06-13,persistence
06,2026-05-16,2026-05-23,1,1,176.0,176.0,0.0,156.0,176.0,192.0,364.1999999999998,2026-05-16,2026-05-23,persistence
06,2026-05-16,2026-05-30,2,2,174.0,174.0,0.0,136.0,174.0,196.0,568.2999999999984,2026-05-16,2026-05-30,persistence
06,2026-05-16,2026-06-06,3,3,172.0,172.0,0.0,115.0,172.0,209.5,695.5,2026-05-16,2026-06-06,persistence
06,2026-05-16,2026-06-13,4,4,166.0,166.0,0.0,86.0,166.0,225.0,833.3499999999988,2026-05-16,2026-06-13,persistence
08,2026-05-16,2026-05-23,1,1,11.0,11.0,0.0,0.0,11.0,27.0,199.19999999999982,2026-05-16,2026-05-23,persistence
08,2026-05-16,2026-05-30,2,2,9.0,9.0,0.0,0.0,9.0,31.0,403.29999999999836,2026-05-16,2026-05-30,persistence
08,2026-05-16,2026-06-06,3,3,7.0,7.0,0.0,0.0,7.0,44.5,530.5,2026-05-16,2026-06-06,persistence
08,2026-05-16,2026-06-13,4,4,1.0,1.0,0.0,0.0,1.0,60.0,668.3499999999988,2026-05-16,2026-06-13,persistence
09,2026-05-16,2026-05-23,1,1,4.0,4.0,0.0,0.0,4.0,20.0,192.19999999999982,2026-05-16,2026-05-23,persistence
09,2026-05-16,2026-05-30,2,2,2.0,2.0,0.0,0.0,2.0,24.0,396.29999999999836,2026-05-16,2026-05-30,persistence
09,2026-05-16,2026-06-06,3,3,0.0,0.0,0.0,0.0,0.0,37.5,523.5,2026-05-16,2026-06-06,persistence
09,2026-05-16,2026-06-13,4,4,0.0,0.0,0.0,0.0,0.0,53.0,661.3499999999988,2026-05-16,2026-06-13,persistence
10,2026-05-16,2026-05-23,1,1,4.0,4.0,0.0,0.0,4.0,20.0,192.19999999999982,2026-05-16,2026-05-23,persistence
10,2026-05-16,2026-05-30,2,2,2.0,2.0,0.0,0.0,2.0,24.0,396.29999999999836,2026-05-16,2026-05-30,persistence
10,2026-05-16,2026-06-06,3,3,0.0,0.0,0.0,0.0,0.0,37.5,523.5,2026-05-16,2026-06-06,persistence
10,2026-05-16,2026-06-13,4,4,0.0,0.0,0.0,0.0,0.0,53.0,661.3499999999988,2026-05-16,2026-06-13,persistence
11,2026-05-16,2026-05-23,1,1,0.0,0.0,0.0,0.0,0.0,16.0,188.19999999999982,2026-05-16,2026-05-23,persistence
11,2026-05-16,2026-05-30,2,2,0.0,0.0,0.0,0.0,0.0,20.0,392.29999999999836,2026-05-16,2026-05-30,persistence
11,2026-05-16,2026-06-06,3,3,0.0,0.0,0.0,0.0,0.0,33.5,519.5,2026-05-16,2026-06-06,persistence
11,2026-05-16,2026-06-13,4,4,0.0,0.0,0.0,0.0,0.0,49.0,657.3499999999988,2026-05-16,2026-06-13,persistence
12,2026-05-16,2026-05-23,1,1,124.0,124.0,0.0,104.0,124.0,140.0,312.1999999999998,2026-05-16,2026-05-23,persistence
12,2026-05-16,2026-05-30,2,2,122.0,122.0,0.0,84.0,122.0,144.0,516.2999999999984,2026-05-16,2026-05-30,persistence
12,2026-05-16,2026-06-06,3,3,120.0,120.0,0.0,63.0,120.0,157.5,643.5,2026-05-16,2026-06-06,persistence
12,2026-05-16,2026-06-13,4,4,114.0,114.0,0.0,34.0,114.0,173.0,781.3499999999988,2026-05-16,2026-06-13,persistence
13,2026-05-16,2026-05-23,1,1,27.0,27.0,0.0,7.0,27.0,43.0,215.19999999999982,2026-05-16,2026-05-23,persistence
13,2026-05-16,2026-05-30,2,2,25.0,25.0,0.0,0.0,25.0,47.0,419.29999999999836,2026-05-16,2026-05-30,persistence
13,2026-05-16,2026-06-06,3,3,23.0,23.0,0.0,0.0,23.0,60.5,546.5,2026-05-16,2026-06-06,persistence
13,2026-05-16,2026-06-13,4,4,17.0,17.0,0.0,0.0,17.0,76.0,684.3499999999988,2026-05-16,2026-06-13,persistence
15,2026-05-16,2026-05-23,1,1,8.0,8.0,0.0,0.0,8.0,24.0,196.19999999999982,2026-05-16,2026-05-23,persistence
15,2026-05-16,2026-05-30,2,2,6.0,6.0,0.0,0.0,6.0,28.0,400.29999999999836,2026-05-16,2026-05-30,persistence
15,2026-05-16,2026-06-06,3,3,4.0,4.0,0.0,0.0,4.0,41.5,527.5,2026-05-16,2026-06-06,persistence
15,2026-05-16,2026-06-13,4,4,0.0,0.0,0.0,0.0,0.0,57.0,665.3499999999988,2026-05-16,2026-06-13,persistence
16,2026-05-16,2026-05-23,1,1,7.0,7.0,0.0,0.0,7.0,23.0,195.19999999999982,2026-05-16,2026-05-23,persistence
16,2026-05-16,2026-05-30,2,2,5.0,5.0,0.0,0.0,5.0,27.0,399.29999999999836,2026-05-16,2026-05-30,persistence
16,2026-05-16,2026-06-06,3,3,3.0,3.0,0.0,0.0,3.0,40.5,526.5,2026-05-16,2026-06-06,persistence
16,2026-05-16,2026-06-13,4,4,0.0,0.0,0.0,0.0,0.0,56.0,664.3499999999988,2026-05-16,2026-06-13,persistence
17,2026-05-16,2026-05-23,1,1,23.0,23.0,0.0,3.0,23.0,39.0,211.19999999999982,2026-05-16,2026-05-23,persistence
17,2026-05-16,2026-05-30,2,2,21.0,21.0,0.0,0.0,21.0,43.0,415.29999999999836,2026-05-16,2026-05-30,persistence
17,2026-05-16,2026-06-06,3,3,19.0,19.0,0.0,0.0,19.0,56.5,542.5,2026-05-16,2026-06-06,persistence
17,2026-05-16,2026-06-13,4,4,13.0,13.0,0.0,0.0,13.0,72.0,680.3499999999988,2026-05-16,2026-06-13,persistence
18,2026-05-16,2026-05-23,1,1,17.0,17.0,0.0,0.0,17.0,33.0,205.19999999999982,2026-05-16,2026-05-23,persistence
18,2026-05-16,2026-05-30,2,2,15.0,15.0,0.0,0.0,15.0,37.0,409.29999999999836,2026-05-16,2026-05-30,persistence
18,2026-05-16,2026-06-06,3,3,13.0,13.0,0.0,0.0,13.0,50.5,536.5,2026-05-16,2026-06-06,persistence
18,2026-05-16,2026-06-13,4,4,7.0,7.0,0.0,0.0,7.0,66.0,674.3499999999988,2026-05-16,2026-06-13,persistence
19,2026-05-16,2026-05-23,1,1,3.0,3.0,0.0,0.0,3.0,19.0,191.19999999999982,2026-05-16,2026-05-23,persistence
19,2026-05-16,2026-05-30,2,2,1.0,1.0,0.0,0.0,1.0,23.0,395.29999999999836,2026-05-16,2026-05-30,persistence
19,2026-05-16,2026-06-06,3,3,0.0,0.0,0.0,0.0,0.0,36.5,522.5,2026-05-16,2026-06-06,persistence
19,2026-05-16,2026-06-13,4,4,0.0,0.0,0.0,0.0,0.0,52.0,660.3499999999988,2026-05-16,2026-06-13,persistence
20,2026-05-16,2026-05-23,1,1,2.0,2.0,0.0,0.0,2.0,18.0,190.19999999999982,2026-05-16,2026-05-23,persistence
20,2026-05-16,2026-05-30,2,2,0.0,0.0,0.0,0.0,0.0,22.0,394.29999999999836,2026-05-16,2026-05-30,persistence
20,2026-05-16,2026-06-06,3,3,0.0,0.0,0.0,0.0,0.0,35.5,521.5,2026-05-16,2026-06-06,persistence
20,2026-05-16,2026-06-13,4,4,0.0,0.0,0.0,0.0,0.0,51.0,659.3499999999988,2026-05-16,2026-06-13,persistence
21,2026-05-16,2026-05-23,1,1,18.0,18.0,0.0,0.0,18.0,34.0,206.19999999999982,2026-05-16,2026-05-23,persistence
21,2026-05-16,2026-05-30,2,2,16.0,16.0,0.0,0.0,16.0,38.0,410.29999999999836,2026-05-16,2026-05-30,persistence
21,2026-05-16,2026-06-06,3,3,14.0,14.0,0.0,0.0,14.0,51.5,537.5,2026-05-16,2026-06-06,persistence
21,2026-05-16,2026-06-13,4,4,8.0,8.0,0.0,0.0,8.0,67.0,675.3499999999988,2026-05-16,2026-06-13,persistence
22,2026-05-16,2026-05-23,1,1,19.0,19.0,0.0,0.0,19.0,35.0,207.19999999999982,2026-05-16,2026-05-23,persistence
22,2026-05-16,2026-05-30,2,2,17.0,17.0,0.0,0.0,17.0,39.0,411.29999999999836,2026-05-16,2026-05-30,persistence
22,2026-05-16,2026-06-06,3,3,15.0,15.0,0.0,0.0,15.0,52.5,538.5,2026-05-16,2026-06-06,persistence
22,2026-05-16,2026-06-13,4,4,9.0,9.0,0.0,0.0,9.0,68.0,676.3499999999988,2026-05-16,2026-06-13,persistence
23,2026-05-16,2026-05-23,1,1,3.0,3.0,0.0,0.0,3.0,19.0,191.19999999999982,2026-05-16,2026-05-23,persistence
23,2026-05-16,2026-05-30,2,2,1.0,1.0,0.0,0.0,1.0,23.0,395.29999999999836,2026-05-16,2026-05-30,persistence
23,2026-05-16,2026-06-06,3,3,0.0,0.0,0.0,0.0,0.0,36.5,522.5,2026-05-16,2026-06-06,persistence
23,2026-05-16,2026-06-13,4,4,0.0,0.0,0.0,0.0,0.0,52.0,660.3499999999988,2026-05-16,2026-06-13,persistence
24,2026-05-16,2026-05-23,1,1,12.0,12.0,0.0,0.0,12.0,28.0,200.19999999999982,2026-05-16,2026-05-23,persistence
24,2026-05-16,2026-05-30,2,2,10.0,10.0,0.0,0.0,10.0,32.0,404.29999999999836,2026-05-16,2026-05-30,persistence
24,2026-05-16,2026-06-06,3,3,8.0,8.0,0.0,0.0,8.0,45.5,531.5,2026-05-16,2026-06-06,persistence
24,2026-05-16,2026-06-13,4,4,2.0,2.0,0.0,0.0,2.0,61.0,669.3499999999988,2026-05-16,2026-06-13,persistence
25,2026-05-16,2026-05-23,1,1,15.0,15.0,0.0,0.0,15.0,31.0,203.19999999999982,2026-05-16,2026-05-23,persistence
25,2026-05-16,2026-05-30,2,2,13.0,13.0,0.0,0.0,13.0,35.0,407.29999999999836,2026-05-16,2026-05-30,persistence
25,2026-05-16,2026-06-06,3,3,11.0,11.0,0.0,0.0,11.0,48.5,534.5,2026-05-16,2026-06-06,persistence
25,2026-05-16,2026-06-13,4,4,5.0,5.0,0.0,0.0,5.0,64.0,672.3499999999988,2026-05-16,2026-06-13,persistence
26,2026-05-16,2026-05-23,1,1,22.0,22.0,0.0,2.0,22.0,38.0,210.19999999999982,2026-05-16,2026-05-23,persistence
26,2026-05-16,2026-05-30,2,2,20.0,20.0,0.0,0.0,20.0,42.0,414.29999999999836,2026-05-16,2026-05-30,persistence
26,2026-05-16,2026-06-06,3,3,18.0,18.0,0.0,0.0,18.0,55.5,541.5,2026-05-16,2026-06-06,persistence
26,2026-05-16,2026-06-13,4,4,12.0,12.0,0.0,0.0,12.0,71.0,679.3499999999988,2026-05-16,2026-06-13,persistence
27,2026-05-16,2026-05-23,1,1,17.0,17.0,0.0,0.0,17.0,33.0,205.19999999999982,2026-05-16,2026-05-23,persistence
27,2026-05-16,2026-05-30,2,2,15.0,15.0,0.0,0.0,15.0,37.0,409.29999999999836,2026-05-16,2026-05-30,persistence
27,2026-05-16,2026-06-06,3,3,13.0,13.0,0.0,0.0,13.0,50.5,536.5,2026-05-16,2026-06-06,persistence
27,2026-05-16,2026-06-13,4,4,7.0,7.0,0.0,0.0,7.0,66.0,674.3499999999988,2026-05-16,2026-06-13,persistence
28,2026-05-16,2026-05-23,1,1,14.0,14.0,0.0,0.0,14.0,30.0,202.19999999999982,2026-05-16,2026-05-23,persistence
28,2026-05-16,2026-05-30,2,2,12.0,12.0,0.0,0.0,12.0,34.0,406.29999999999836,2026-05-16,2026-05-30,persistence
28,2026-05-16,2026-06-06,3,3,10.0,10.0,0.0,0.0,10.0,47.5,533.5,2026-05-16,2026-06-06,persistence
28,2026-05-16,2026-06-13,4,4,4.0,4.0,0.0,0.0,4.0,63.0,671.3499999999988,2026-05-16,2026-06-13,persistence
29,2026-05-16,2026-05-23,1,1,8.0,8.0,0.0,0.0,8.0,24.0,196.19999999999982,2026-05-16,2026-05-23,persistence
29,2026-05-16,2026-05-30,2,2,6.0,6.0,0.0,0.0,6.0,28.0,400.29999999999836,2026-05-16,2026-05-30,persistence
29,2026-05-16,2026-06-06,3,3,4.0,4.0,0.0,0.0,4.0,41.5,527.5,2026-05-16,2026-06-06,persistence
29,2026-05-16,2026-06-13,4,4,0.0,0.0,0.0,0.0,0.0,57.0,665.3499999999988,2026-05-16,2026-06-13,persistence
30,2026-05-16,2026-05-23,1,1,1.0,1.0,0.0,0.0,1.0,17.0,189.19999999999982,2026-05-16,2026-05-23,persistence
30,2026-05-16,2026-05-30,2,2,0.0,0.0,0.0,0.0,0.0,21.0,393.29999999999836,2026-05-16,2026-05-30,persistence
30,2026-05-16,2026-06-06,3,3,0.0,0.0,0.0,0.0,0.0,34.5,520.5,2026-05-16,2026-06-06,persistence
30,2026-05-16,2026-06-13,4,4,0.0,0.0,0.0,0.0,0.0,50.0,658.3499999999988,2026-05-16,2026-06-13,persistence
31,2026-05-16,2026-05-23,1,1,2.0,2.0,0.0,0.0,2.0,18.0,190.19999999999982,2026-05-16,2026-05-23,persistence
31,2026-05-16,2026-05-30,2,2,0.0,0.0,0.0,0.0,0.0,22.0,394.29999999999836,2026-05-16,2026-05-30,persistence
31,2026-05-16,2026-06-06,3,3,0.0,0.0,0.0,0.0,0.0,35.5,521.5,2026-05-16,2026-06-06,persistence
31,2026-05-16,2026-06-13,4,4,0.0,0.0,0.0,0.0,0.0,51.0,659.3499999999988,2026-05-16,2026-06-13,persistence
32,2026-05-16,2026-05-23,1,1,34.0,34.0,0.0,14.0,34.0,50.0,222.19999999999982,2026-05-16,2026-05-23,persistence
32,2026-05-16,2026-05-30,2,2,32.0,32.0,0.0,0.0,32.0,54.0,426.29999999999836,2026-05-16,2026-05-30,persistence
32,2026-05-16,2026-06-06,3,3,30.0,30.0,0.0,0.0,30.0,67.5,553.5,2026-05-16,2026-06-06,persistence
32,2026-05-16,2026-06-13,4,4,24.0,24.0,0.0,0.0,24.0,83.0,691.3499999999988,2026-05-16,2026-06-13,persistence
33,2026-05-16,2026-05-23,1,1,2.0,2.0,0.0,0.0,2.0,18.0,190.19999999999982,2026-05-16,2026-05-23,persistence
33,2026-05-16,2026-05-30,2,2,0.0,0.0,0.0,0.0,0.0,22.0,394.29999999999836,2026-05-16,2026-05-30,persistence
33,2026-05-16,2026-06-06,3,3,0.0,0.0,0.0,0.0,0.0,35.5,521.5,2026-05-16,2026-06-06,persistence
33,2026-05-16,2026-06-13,4,4,0.0,0.0,0.0,0.0,0.0,51.0,659.3499999999988,2026-05-16,2026-06-13,persistence
34,2026-05-16,2026-05-23,1,1,36.0,36.0,0.0,16.0,36.0,52.0,224.19999999999982,2026-05-16,2026-05-23,persistence
34,2026-05-16,2026-05-30,2,2,34.0,34.0,0.0,0.0,34.0,56.0,428.29999999999836,2026-05-16,2026-05-30,persistence
34,2026-05-16,2026-06-06,3,3,32.0,32.0,0.0,0.0,32.0,69.5,555.5,2026-05-16,2026-06-06,persistence
34,2026-05-16,2026-06-13,4,4,26.0,26.0,0.0,0.0,26.0,85.0,693.3499999999988,2026-05-16,2026-06-13,persistence
35,2026-05-16,2026-05-23,1,1,3.0,3.0,0.0,0.0,3.0,19.0,191.19999999999982,2026-05-16,2026-05-23,persistence
35,2026-05-16,2026-05-30,2,2,1.0,1.0,0.0,0.0,1.0,23.0,395.29999999999836,2026-05-16,2026-05-30,persistence
35,2026-05-16,2026-06-06,3,3,0.0,0.0,0.0,0.0,0.0,36.5,522.5,2026-05-16,2026-06-06,persistence
35,2026-05-16,2026-06-13,4,4,0.0,0.0,0.0,0.0,0.0,52.0,660.3499999999988,2026-05-16,2026-06-13,persistence
36,2026-05-16,2026-05-23,1,1,49.0,49.0,0.0,29.0,49.0,65.0,237.19999999999982,2026-05-16,2026-05-23,persistence
36,2026-05-16,2026-05-30,2,2,47.0,47.0,0.0,9.0,47.0,69.0,441.29999999999836,2026-05-16,2026-05-30,persistence
36,2026-05-16,2026-06-06,3,3,45.0,45.0,0.0,0.0,45.0,82.5,568.5,2026-05-16,2026-06-06,persistence
36,2026-05-16,2026-06-13,4,4,39.0,39.0,0.0,0.0,39.0,98.0,706.3499999999988,2026-05-16,2026-06-13,persistence
37,2026-05-16,2026-05-23,1,1,14.0,14.0,0.0,0.0,14.0,30.0,202.19999999999982,2026-05-16,2026-05-23,persistence
37,2026-05-16,2026-05-30,2,2,12.0,12.0,0.0,0.0,12.0,34.0,406.29999999999836,2026-05-16,2026-05-30,persistence
37,2026-05-16,2026-06-06,3,3,10.0,10.0,0.0,0.0,10.0,47.5,533.5,2026-05-16,2026-06-06,persistence
37,2026-05-16,2026-06-13,4,4,4.0,4.0,0.0,0.0,4.0,63.0,671.3499999999988,2026-05-16,2026-06-13,persistence
38,2026-05-16,2026-05-23,1,1,6.0,6.0,0.0,0.0,6.0,22.0,194.19999999999982,2026-05-16,2026-05-23,persistence
38,2026-05-16,2026-05-30,2,2,4.0,4.0,0.0,0.0,4.0,26.0,398.29999999999836,2026-05-16,2026-05-30,persistence
38,2026-05-16,2026-06-06,3,3,2.0,2.0,0.0,0.0,2.0,39.5,525.5,2026-05-16,2026-06-06,persistence
38,2026-05-16,2026-06-13,4,4,0.0,0.0,0.0,0.0,0.0,55.0,663.3499999999988,2026-05-16,2026-06-13,persistence
39,2026-05-16,2026-05-23,1,1,13.0,13.0,0.0,0.0,13.0,29.0,201.19999999999982,2026-05-16,2026-05-23,persistence
39,2026-05-16,2026-05-30,2,2,11.0,11.0,0.0,0.0,11.0,33.0,405.29999999999836,2026-05-16,2026-05-30,persistence
39,2026-05-16,2026-06-06,3,3,9.0,9.0,0.0,0.0,9.0,46.5,532.5,2026-05-16,2026-06-06,persistence
39,2026-05-16,2026-06-13,4,4,3.0,3.0,0.0,0.0,3.0,62.0,670.3499999999988,2026-05-16,2026-06-13,persistence
40,2026-05-16,2026-05-23,1,1,10.0,10.0,0.0,0.0,10.0,26.0,198.19999999999982,2026-05-16,2026-05-23,persistence
40,2026-05-16,2026-05-30,2,2,8.0,8.0,0.0,0.0,8.0,30.0,402.29999999999836,2026-05-16,2026-05-30,persistence
40,2026-05-16,2026-06-06,3,3,6.0,6.0,0.0,0.0,6.0,43.5,529.5,2026-05-16,2026-06-06,persistence
40,2026-05-16,2026-06-13,4,4,0.0,0.0,0.0,0.0,0.0,59.0,667.3499999999988,2026-05-16,2026-06-13,persistence
41,2026-05-16,2026-05-23,1,1,11.0,11.0,0.0,0.0,11.0,27.0,199.19999999999982,2026-05-16,2026-05-23,persistence
41,2026-05-16,2026-05-30,2,2,9.0,9.0,0.0,0.0,9.0,31.0,403.29999999999836,2026-05-16,2026-05-30,persistence
41,2026-05-16,2026-06-06,3,3,7.0,7.0,0.0,0.0,7.0,44.5,530.5,2026-05-16,2026-06-06,persistence
41,2026-05-16,2026-06-13,4,4,1.0,1.0,0.0,0.0,1.0,60.0,668.3499999999988,2026-05-16,2026-06-13,persistence
42,2026-05-16,2026-05-23,1,1,140.0,140.0,0.0,120.0,140.0,156.0,328.1999999999998,2026-05-16,2026-05-23,persistence
42,2026-05-16,2026-05-30,2,2,138.0,138.0,0.0,100.0,138.0,160.0,532.2999999999984,2026-05-16,2026-05-30,persistence
42,2026-05-16,2026-06-06,3,3,136.0,136.0,0.0,79.0,136.0,173.5,659.5,2026-05-16,2026-06-06,persistence
42,2026-05-16,2026-06-13,4,4,130.0,130.0,0.0,50.0,130.0,189.0,797.3499999999988,2026-05-16,2026-06-13,persistence
44,2026-05-16,2026-05-23,1,1,9.0,9.0,0.0,0.0,9.0,25.0,197.19999999999982,2026-05-16,2026-05-23,persistence
44,2026-05-16,2026-05-30,2,2,7.0,7.0,0.0,0.0,7.0,29.0,401.29999999999836,2026-05-16,2026-05-30,persistence
44,2026-05-16,2026-06-06,3,3,5.0,5.0,0.0,0.0,5.0,42.5,528.5,2026-05-16,2026-06-06,persistence
44,2026-05-16,2026-06-13,4,4,0.0,0.0,0.0,0.0,0.0,58.0,666.3499999999988,2026-05-16,2026-06-13,persistence
45,2026-05-16,2026-05-23,1,1,7.0,7.0,0.0,0.0,7.0,23.0,195.19999999999982,2026-05-16,2026-05-23,persistence
45,2026-05-16,2026-05-30,2,2,5.0,5.0,0.0,0.0,5.0,27.0,399.29999999999836,2026-05-16,2026-05-30,persistence
45,2026-05-16,2026-06-06,3,3,3.0,3.0,0.0,0.0,3.0,40.5,526.5,2026-05-16,2026-06-06,persistence
45,2026-05-16,2026-06-13,4,4,0.0,0.0,0.0,0.0,0.0,56.0,664.3499999999988,2026-05-16,2026-06-13,persistence
46,2026-05-16,2026-05-23,1,1,3.0,3.0,0.0,0.0,3.0,19.0,191.19999999999982,2026-05-16,2026-05-23,persistence
46,2026-05-16,2026-05-30,2,2,1.0,1.0,0.0,0.0,1.0,23.0,395.29999999999836,2026-05-16,2026-05-30,persistence
46,2026-05-16,2026-06-06,3,3,0.0,0.0,0.0,0.0,0.0,36.5,522.5,2026-05-16,2026-06-06,persistence
46,2026-05-16,2026-06-13,4,4,0.0,0.0,0.0,0.0,0.0,52.0,660.3499999999988,2026-05-16,2026-06-13,persistence
47,2026-05-16,2026-05-23,1,1,35.0,35.0,0.0,15.0,35.0,51.0,223.19999999999982,2026-05-16,2026-05-23,persistence
47,2026-05-16,2026-05-30,2,2,33.0,33.0,0.0,0.0,33.0,55.0,427.29999999999836,2026-05-16,2026-05-30,persistence
47,2026-05-16,2026-06-06,3,3,31.0,31.0,0.0,0.0,31.0,68.5,554.5,2026-05-16,2026-06-06,persistence
47,2026-05-16,2026-06-13,4,4,25.0,25.0,0.0,0.0,25.0,84.0,692.3499999999988,2026-05-16,2026-06-13,persistence
48,2026-05-16,2026-05-23,1,1,121.0,121.0,0.0,101.0,121.0,137.0,309.1999999999998,2026-05-16,2026-05-23,persistence
48,2026-05-16,2026-05-30,2,2,119.0,119.0,0.0,81.0,119.0,141.0,513.2999999999984,2026-05-16,2026-05-30,persistence
48,2026-05-16,2026-06-06,3,3,117.0,117.0,0.0,60.0,117.0,154.5,640.5,2026-05-16,2026-06-06,persistence
48,2026-05-16,2026-06-13,4,4,111.0,111.0,0.0,31.0,111.0,170.0,778.3499999999988,2026-05-16,2026-06-13,persistence
49,2026-05-16,2026-05-23,1,1,6.0,6.0,0.0,0.0,6.0,22.0,194.19999999999982,2026-05-16,2026-05-23,persistence
49,2026-05-16,2026-05-30,2,2,4.0,4.0,0.0,0.0,4.0,26.0,398.29999999999836,2026-05-16,2026-05-30,persistence
49,2026-05-16,2026-06-06,3,3,2.0,2.0,0.0,0.0,2.0,39.5,525.5,2026-05-16,2026-06-06,persistence
49,2026-05-16,2026-06-13,4,4,0.0,0.0,0.0,0.0,0.0,55.0,663.3499999999988,2026-05-16,2026-06-13,persistence
50,2026-05-16,2026-05-23,1,1,0.0,0.0,0.0,0.0,0.0,15.0,187.19999999999982,2026-05-16,2026-05-23,persistence
50,2026-05-16,2026-05-30,2,2,0.0,0.0,0.0,0.0,0.0,19.0,391.29999999999836,2026-05-16,2026-05-30,persistence
50,2026-05-16,2026-06-06,3,3,0.0,0.0,0.0,0.0,0.0,32.5,518.5,2026-05-16,2026-06-06,persistence
50,2026-05-16,2026-06-13,4,4,0.0,0.0,0.0,0.0,0.0,48.0,656.3499999999988,2026-05-16,2026-06-13,persistence
51,2026-05-16,2026-05-23,1,1,17.0,17.0,0.0,0.0,17.0,33.0,205.19999999999982,2026-05-16,2026-05-23,persistence
51,2026-05-16,2026-05-30,2,2,15.0,15.0,0.0,0.0,15.0,37.0,409.29999999999836,2026-05-16,2026-05-30,persistence
51,2026-05-16,2026-06-06,3,3,13.0,13.0,0.0,0.0,13.0,50.5,536.5,2026-05-16,2026-06-06,persistence
51,2026-05-16,2026-06-13,4,4,7.0,7.0,0.0,0.0,7.0,66.0,674.3499999999988,2026-05-16,2026-06-13,persistence
53,2026-05-16,2026-05-23,1,1,27.0,27.0,0.0,7.0,27.0,43.0,215.19999999999982,2026-05-16,2026-05-23,persistence
53,2026-05-16,2026-05-30,2,2,25.0,25.0,0.0,0.0,25.0,47.0,419.29999999999836,2026-05-16,2026-05-30,persistence
53,2026-05-16,2026-06-06,3,3,23.0,23.0,0.0,0.0,23.0,60.5,546.5,2026-05-16,2026-06-06,persistence
53,2026-05-16,2026-06-13,4,4,17.0,17.0,0.0,0.0,17.0,76.0,684.3499999999988,2026-05-16,2026-06-13,persistence
54,2026-05-16,2026-05-23,1,1,4.0,4.0,0.0,0.0,4.0,20.0,192.19999999999982,2026-05-16,2026-05-23,persistence
54,2026-05-16,2026-05-30,2,2,2.0,2.0,0.0,0.0,2.0,24.0,396.29999999999836,2026-05-16,2026-05-30,persistence
54,2026-05-16,2026-06-06,3,3,0.0,0.0,0.0,0.0,0.0,37.5,523.5,2026-05-16,2026-06-06,persistence
54,2026-05-16,2026-06-13,4,4,0.0,0.0,0.0,0.0,0.0,53.0,661.3499999999988,2026-05-16,2026-06-13,persistence
55,2026-05-16,2026-05-23,1,1,6.0,6.0,0.0,0.0,6.0,22.0,194.19999999999982,2026-05-16,2026-05-23,persistence
55,2026-05-16,2026-05-30,2,2,4.0,4.0,0.0,0.0,4.0,26.0,398.29999999999836,2026-05-16,2026-05-30,persistence
55,2026-05-16,2026-06-06,3,3,2.0,2.0,0.0,0.0,2.0,39.5,525.5,2026-05-16,2026-06-06,persistence
55,2026-05-16,2026-06-13,4,4,0.0,0.0,0.0,0.0,0.0,55.0,663.3499999999988,2026-05-16,2026-06-13,persistence
56,2026-05-16,2026-05-23,1,1,7.0,7.0,0.0,0.0,7.0,23.0,195.19999999999982,2026-05-16,2026-05-23,persistence
56,2026-05-16,2026-05-30,2,2,5.0,5.0,0.0,0.0,5.0,27.0,399.29999999999836,2026-05-16,2026-05-30,persistence
56,2026-05-16,2026-06-06,3,3,3.0,3.0,0.0,0.0,3.0,40.5,526.5,2026-05-16,2026-06-06,persistence
56,2026-05-16,2026-06-13,4,4,0.0,0.0,0.0,0.0,0.0,56.0,664.3499999999988,2026-05-16,2026-06-13,persistence
72,2026-05-16,2026-05-23,1,1,71.0,71.0,0.0,51.0,71.0,87.0,259.1999999999998,2026-05-16,2026-05-23,persistence
72,2026-05-16,2026-05-30,2,2,69.0,69.0,0.0,31.0,69.0,91.0,463.29999999999836,2026-05-16,2026-05-30,persistence
72,2026-05-16,2026-06-06,3,3,67.0,67.0,0.0,10.0,67.0,104.5,590.5,2026-05-16,2026-06-06,persistence
72,2026-05-16,2026-06-13,4,4,61.0,61.0,0.0,0.0,61.0,120.0,728.3499999999988,2026-05-16,2026-06-13,persistence
