location,cutoff_date,forecast_date,forecast_week,horizon,forecast,predicted,predicted_q05,predicted_q25,predicted_q50,predicted_q75,predicted_q95,reference_date,target_end_date,model_family
01,2025-10-04,2025-10-11,1,1,8.0,8.0,0.0,3.0,8.0,23.0,163.79999999999927,2025-10-04,2025-10-11,seasonal_naive
01,2025-10-04,2025-10-18,2,2,11.0,11.0,0.0,7.0,11.0,24.0,141.0,2025-10-04,2025-10-18,seasonal_naive
01,2025-10-04,2025-10-25,3,3,14.0,14.0,0.0,10.0,14.0,26.0,133.0,2025-10-04,2025-10-25,seasonal_naive
01,2025-10-04,2025-11-01,4,4,18.0,18.0,3.0,14.0,18.0,29.0,133.29999999999973,2025-10-04,2025-11-01,seasonal_naive
02,2025-10-04,2025-10-11,1,1,7.0,7.0,0.0,2.0,7.0,22.0,162.79999999999927,2025-10-04,2025-10-11,seasonal_naive
02,2025-10-04,2025-10-18,2,2,6.0,6.0,0.0,2.0,6.0,19.0,136.0,2025-10-04,2025-10-18,seasonal_naive
02,2025-10-04,2025-10-25,3,3,8.0,8.0,0.0,4.0,8.0,20.0,127.0,2025-10-04,2025-10-25,seasonal_naive
02,2025-10-04,2025-11-01,4,4,13.0,13.0,0.0,9.0,13.0,24.0,128.29999999999973,2025-10-04,2025-11-01,seasonal_naive
04,2025-10-04,2025-10-11,1,1,10.0,10.0,0.0,5.0,10.0,25.0,165.79999999999927,2025-10-04,2025-10-11,seasonal_naive
04,2025-10-04,2025-10-18,2,2,19.0,19.0,2.0,15.0,19.0,32.0,149.0,2025-10-04,2025-10-18,seasonal_naive
04,2025-10-04,2025-10-25,3,3,192.0,192.0,176.0,188.0,192.0,204.0,311.0,2025-10-04,2025-10-25,seasonal_naive
04,2025-10-04,2025-11-01,4,4,146.0,146.0,131.0,142.0,146.0,157.0,261.2999999999997,2025-10-04,2025-11-01,seasonal_naive
05,2025-10-04,2025-10-11,1,1,6.0,6.0,0.0,1.0,6.0,21.0,161.79999999999927,2025-10-04,2025-10-11,seasonal_naive
05,2025-10-04,2025-10-18,2,2,7.0,7.0,0.0,3.0,7.0,20.0,137.0,2025-10-04,2025-10-18,seasonal_naive
05,2025-10-04,2025-10-25,3,3,6.0,6.0,0.0,2.0,6.0,18.0,125.0,2025-10-04,2025-10-25,seasonal_naive
05,2025-10-04,2025-11-01,4,4,11.0,11.0,0.0,7.0,11.0,22.0,126.29999999999973,2025-10-04,2025-11-01,seasonal_naive
06,2025-10-04,2025-10-11,1,1,36.0,36.0,18.68571428571429,31.0,36.0,51.0,191.79999999999927,2025-10-04,2025-10-11,seasonal_naive
06,2025-10-04,2025-10-18,2,2,80.0,80.0,63.0,76.0,80.0,93.0,210.0,2025-10-04,2025-10-18,seasonal_naive
06,2025-10-04,2025-10-25,3,3,142.0,142.0,126.0,138.0,142.0,154.0,261.0,2025-10-04,2025-10-25,seasonal_naive
06,2025-10-04,2025-11-01,4,4,117.0,117.0,102.0,113.0,117.0,128.0,232.29999999999973,2025-10-04,2025-11-01,seasonal_naive
08,2025-10-04,2025-10-11,1,1,6.0,6.0,0.0,1.0,6.0,21.0,161.79999999999927,2025-10-04,2025-10-11,seasonal_naive
08,2025-10-04,2025-10-18,2,2,7.0,7.0,0.0,3.0,7.0,20.0,137.0,2025-10-04,2025-10-18,seasonal_naive
08,2025-10-04,2025-10-25,3,3,19.0,19.0,3.0,15.0,19.0,31.0,138.0,2025-10-04,2025-10-25,seasonal_naive
08,2025-10-04,2025-11-01,4,4,30.0,30.0,15.0,26.0,30.0,41.0,145.29999999999973,2025-10-04,2025-11-01,seasonal_naive
09,2025-10-04,2025-10-11,1,1,6.0,6.0,0.0,1.0,6.0,21.0,161.79999999999927,2025-10-04,2025-10-11,seasonal_naive
09,2025-10-04,2025-10-18,2,2,10.0,10.0,0.0,6.0,10.0,23.0,140.0,2025-10-04,2025-10-18,seasonal_naive
09,2025-10-04,2025-10-25,3,3,11.0,11.0,0.0,7.0,11.0,23.0,130.0,2025-10-04,2025-10-25,seasonal_naive
09,2025-10-04,2025-11-01,4,4,15.0,15.0,0.0,11.0,15.0,26.0,130.29999999999973,2025-10-04,2025-11-01,seasonal_naive
10,2025-10-04,2025-10-11,1,1,6.0,6.0,0.0,1.0,6.0,21.0,161.79999999999927,2025-10-04,2025-10-11,seasonal_naive
10,2025-10-04,2025-10-18,2,2,5.0,5.0,0.0,1.0,5.0,18.0,135.0,2025-10-04,2025-10-18,seasonal_naive
10,2025-10-04,2025-10-25,3,3,5.0,5.0,0.0,1.0,5.0,17.0,124.0,2025-10-04,2025-10-25,seasonal_naive
10,2025-10-04,2025-11-01,4,4,5.0,5.0,0.0,1.0,5.0,16.0,120.29999999999973,2025-10-04,2025-11-01,seasonal_naive
11,2025-10-04,2025-10-11,1,1,6.0,6.0,0.0,1.0,6.0,21.0,161.79999999999927,2025-10-04,2025-10-11,seasonal_naive
11,2025-10-04,2025-10-18,2,2,5.0,5.0,0.0,1.0,5.0,18.0,135.0,2025-10-04,2025-10-18,seasonal_naive
11,2025-10-04,2025-10-25,3,3,5.0,5.0,0.0,1.0,5.0,17.0,124.0,2025-10-04,2025-10-25,seasonal_naive
11,2025-10-04,2025-11-01,4,4,6.0,6.0,0.0,2.0,6.0,17.0,121.29999999999973,2025-10-04,2025-11-01,seasonal_naive
12,2025-10-04,2025-10-11,1,1,23.0,23.0,5.685714285714292,18.0,23.0,38.0,178.79999999999927,2025-10-04,2025-10-11,seasonal_naive
12,2025-10-04,2025-10-18,2,2,139.0,139.0,122.0,135.0,139.0,152.0,269.0,2025-10-04,2025-10-18,seasonal_naive
12,2025-10-04,2025-10-25,3,3,119.0,119.0,103.0,115.0,119.0,131.0,238.0,2025-10-04,2025-10-25,seasonal_naive
12,2025-10-04,2025-11-01,4,4,119.0,119.0,104.0,115.0,119.0,130.0,234.29999999999973,2025-10-04,2025-11-01,seasonal_naive
13,2025-10-04,2025-10-11,1,1,6.0,6.0,0.0,1.0,6.0,21.0,161.79999999999927,2025-10-04,2025-10-11,seasonal_naive
13,2025-10-04,2025-10-18,2,2,10.0,10.0,0.0,6.0,10.0,23.0,140.0,2025-10-04,2025-10-18,seasonal_naive
13,2025-10-04,2025-10-25,3,3,13.0,13.0,0.0,9.0,13.0,25.0,132.0,2025-10-04,2025-10-25,seasonal_naive
13,2025-10-04,2025-11-01,4,4,19.0,19.0,4.0,15.0,19.0,30.0,134.29999999999973,2025-10-04,2025-11-01,seasonal_naive
15,2025-10-04,2025-10-11,1,1,7.0,7.0,0.0,2.0,7.0,22.0,162.79999999999927,2025-10-04,2025-10-11,seasonal_naive
15,2025-10-04,2025-10-18,2,2,6.0,6.0,0.0,2.0,6.0,19.0,136.0,2025-10-04,2025-10-18,seasonal_naive
15,2025-10-04,2025-10-25,3,3,7.0,7.0,0.0,3.0,7.0,19.0,126.0,2025-10-04,2025-10-25,seasonal_naive
15,2025-10-04,2025-11-01,4,4,8.0,8.0,0.0,4.0,8.0,19.0,123.29999999999973,2025-10-04,2025-11-01,seasonal_naive
16,2025-10-04,2025-10-11,1,1,9.0,9.0,0.0,4.0,9.0,24.0,164.79999999999927,2025-10-04,2025-10-11,seasonal_naive
16,2025-10-04,2025-10-18,2,2,11.0,11.0,0.0,7.0,11.0,24.0,141.0,2025-10-04,2025-10-18,seasonal_naive
16,2025-10-04,2025-10-25,3,3,6.0,6.0,0.0,2.0,6.0,18.0,125.0,2025-10-04,2025-10-25,seasonal_naive
16,2025-10-04,2025-11-01,4,4,11.0,11.0,0.0,7.0,11.0,22.0,126.29999999999973,2025-10-04,2025-11-01,seasonal_naive
17,2025-10-04,2025-10-11,1,1,7.0,7.0,0.0,2.0,7.0,22.0,162.79999999999927,2025-10-04,2025-10-11,seasonal_naive
17,2025-10-04,2025-10-18,2,2,10.0,10.0,0.0,6.0,10.0,23.0,140.0,2025-10-04,2025-10-18,seasonal_naive
17,2025-10-04,2025-10-25,3,3,17.0,17.0,1.0,13.0,17.0,29.0,136.0,2025-10-04,2025-10-25,seasonal_naive
17,2025-10-04,2025-11-01,4,4,32.0,32.0,17.0,28.0,32.0,43.0,147.29999999999973,2025-10-04,2025-11-01,seasonal_naive
18,2025-10-04,2025-10-11,1,1,9.0,9.0,0.0,4.0,9.0,24.0,164.79999999999927,2025-10-04,2025-10-11,seasonal_naive
18,2025-10-04,2025-10-18,2,2,8.0,8.0,0.0,4.0,8.0,21.0,138.0,2025-10-04,2025-10-18,seasonal_naive
18,2025-10-04,2025-10-25,3,3,8.0,8.0,0.0,4.0,8.0,20.0,127.0,2025-10-04,2025-10-25,seasonal_naive
18,2025-10-04,2025-11-01,4,4,19.0,19.0,4.0,15.0,19.0,30.0,134.29999999999973,2025-10-04,2025-11-01,seasonal_naive
19,2025-10-04,2025-10-11,1,1,6.0,6.0,0.0,1.0,6.0,21.0,161.79999999999927,2025-10-04,2025-10-11,seasonal_naive
19,2025-10-04,2025-10-18,2,2,6.0,6.0,0.0,2.0,6.0,19.0,136.0,2025-10-04,2025-10-18,seasonal_naive
19,2025-10-04,2025-10-25,3,3,9.0,9.0,0.0,5.0,9.0,21.0,128.0,2025-10-04,2025-10-25,seasonal_naive
19,2025-10-04,2025-11-01,4,4,10.0,10.0,0.0,6.0,10.0,21.0,125.29999999999973,2025-10-04,2025-11-01,seasonal_naive
20,2025-10-04,2025-10-11,1,1,6.0,6.0,0.0,1.0,6.0,21.0,161.79999999999927,2025-10-04,2025-10-11,seasonal_naive
20,2025-10-04,2025-10-18,2,2,6.0,6.0,0.0,2.0,6.0,19.0,136.0,2025-10-04,2025-10-18,seasonal_naive
20,2025-10-04,2025-10-25,3,3,8.0,8.0,0.0,4.0,8.0,20.0,127.0,2025-10-04,2025-10-25,seasonal_naive
20,2025-10-04,2025-11-01,4,4,15.0,15.0,0.0,11.0,15.0,26.0,130.29999999999973,2025-10-04,2025-11-01,seasonal_naive
21,2025-10-04,2025-10-11,1,1,6.0,6.0,0.0,1.0,6.0,21.0,161.79999999999927,2025-10-04,2025-10-11,seasonal_naive
21,2025-10-04,2025-10-18,2,2,7.0,7.0,0.0,3.0,7.0,20.0,137.0,2025-10-04,2025-10-18,seasonal_naive
21,2025-10-04,2025-10-25,3,3,9.0,9.0,0.0,5.0,9.0,21.0,128.0,2025-10-04,2025-10-25,seasonal_naive
21,2025-10-04,2025-11-01,4,4,12.0,12.0,0.0,8.0,12.0,23.0,127.29999999999973,2025-10-04,2025-11-01,seasonal_naive
22,2025-10-04,2025-10-11,1,1,6.0,6.0,0.0,1.0,6.0,21.0,161.79999999999927,2025-10-04,2025-10-11,seasonal_naive
22,2025-10-04,2025-10-18,2,2,18.0,18.0,1.0,14.0,18.0,31.0,148.0,2025-10-04,2025-10-18,seasonal_naive
22,2025-10-04,2025-10-25,3,3,28.0,28.0,12.0,24.0,28.0,40.0,147.0,2025-10-04,2025-10-25,seasonal_naive
22,2025-10-04,2025-11-01,4,4,32.0,32.0,17.0,28.0,32.0,43.0,147.29999999999973,2025-10-04,2025-11-01,seasonal_naive
23,2025-10-04,2025-10-11,1,1,6.0,6.0,0.0,1.0,6.0,21.0,161.79999999999927,2025-10-04,2025-10-11,seasonal_naive
23,2025-10-04,2025-10-18,2,2,5.0,5.0,0.0,1.0,5.0,18.0,135.0,2025-10-04,2025-10-18,seasonal_naive
23,2025-10-04,2025-10-25,3,3,5.0,5.0,0.0,1.0,5.0,17.0,124.0,2025-10-04,2025-10-25,seasonal_naive
23,2025-10-04,2025-11-01,4,4,5.0,5.0,0.0,1.0,5.0,16.0,120.29999999999973,2025-10-04,2025-11-01,seasonal_naive
24,2025-10-04,2025-10-11,1,1,6.0,6.0,0.0,1.0,6.0,21.0,161.79999999999927,2025-10-04,2025-10-11,seasonal_naive
24,2025-10-04,2025-10-18,2,2,7.0,7.0,0.0,3.0,7.0,20.0,137.0,2025-10-04,2025-10-18,seasonal_naive
24,2025-10-04,2025-10-25,3,3,5.0,5.0,0.0,1.0,5.0,17.0,124.0,2025-10-04,2025-10-25,seasonal_naive
24,2025-10-04,2025-11-01,4,4,9.0,9.0,0.0,5.0,9.0,20.0,124.29999999999973,2025-10-04,2025-11-01,seasonal_naive
25,2025-10-04,2025-10-11,1,1,6.0,6.0,0.0,1.0,6.0,21.0,161.79999999999927,2025-10-04,2025-10-11,seasonal_naive
25,2025-10-04,2025-10-18,2,2,5.0,5.0,0.0,1.0,5.0,18.0,135.0,2025-10-04,2025-10-18,seasonal_naive
25,2025-10-04,2025-10-25,3,3,5.0,5.0,0.0,1.0,5.0,17.0,124.0,2025-10-04,2025-10-25,seasonal_naive
25,2025-10-04,2025-11-01,4,4,8.0,8.0,0.0,4.0,8.0,19.0,123.29999999999973,2025-10-04,2025-11-01,seasonal_naive
26,2025-10-04,2025-10-11,1,1,8.0,8.0,0.0,3.0,8.0,23.0,163.79999999999927,2025-10-04,2025-10-11,seasonal_naive
26,2025-10-04,2025-10-18,2,2,11.0,11.0,0.0,7.0,11.0,24.0,141.0,2025-10-04,2025-10-18,seasonal_naive
26,2025-10-04,2025-10-25,3,3,9.0,9.0,0.0,5.0,9.0,21.0,128.0,2025-10-04,2025-10-25,seasonal_naive
26,2025-10-04,2025-11-01,4,4,26.0,26.0,11.0,22.0,26.0,37.0,141.29999999999973,2025-10-04,2025-11-01,seasonal_naive
27,2025-10-04,2025-10-11,1,1,6.0,6.0,0.0,1.0,6.0,21.0,161.79999999999927,2025-10-04,2025-10-11,seasonal_naive
27,2025-10-04,2025-10-18,2,2,93.0,93.0,76.0,89.0,93.0,106.0,223.0,2025-10-04,2025-10-18,seasonal_naive
27,2025-10-04,2025-10-25,3,3,5.0,5.0,0.0,1.0,5.0,17.0,124.0,2025-10-04,2025-10-25,seasonal_naive
27,2025-10-04,2025-11-01,4,4,9.0,9.0,0.0,5.0,9.0,20.0,124.29999999999973,2025-10-04,2025-11-01,seasonal_naive
28,2025-10-04,2025-10-11,1,1,6.0,6.0,0.0,1.0,6.0,21.0,161.79999999999927,2025-10-04,2025-10-11,seasonal_naive
28,2025-10-04,2025-10-18,2,2,9.0,9.0,0.0,5.0,9.0,22.0,139.0,2025-10-04,2025-10-18,seasonal_naive
28,2025-10-04,2025-10-25,3,3,5.0,5.0,0.0,1.0,5.0,17.0,124.0,2025-10-04,2025-10-25,seasonal_naive
28,2025-10-04,2025-11-01,4,4,20.0,20.0,5.0,16.0,20.0,31.0,135.29999999999973,2025-10-04,2025-11-01,seasonal_naive
29,2025-10-04,2025-10-11,1,1,7.0,7.0,0.0,2.0,7.0,22.0,162.79999999999927,2025-10-04,2025-10-11,seasonal_naive
29,2025-10-04,2025-10-18,2,2,7.0,7.0,0.0,3.0,7.0,20.0,137.0,2025-10-04,2025-10-18,seasonal_naive
29,2025-10-04,2025-10-25,3,3,13.0,13.0,0.0,9.0,13.0,25.0,132.0,2025-10-04,2025-10-25,seasonal_naive
29,2025-10-04,2025-11-01,4,4,18.0,18.0,3.0,14.0,18.0,29.0,133.29999999999973,2025-10-04,2025-11-01,seasonal_naive
30,2025-10-04,2025-10-11,1,1,6.0,6.0,0.0,1.0,6.0,21.0,161.79999999999927,2025-10-04,2025-10-11,seasonal_naive
30,2025-10-04,2025-10-18,2,2,7.0,7.0,0.0,3.0,7.0,20.0,137.0,2025-10-04,2025-10-18,seasonal_naive
30,2025-10-04,2025-10-25,3,3,5.0,5.0,0.0,1.0,5.0,17.0,124.0,2025-10-04,2025-10-25,seasonal_naive
30,2025-10-04,2025-11-01,4,4,5.0,5.0,0.0,1.0,5.0,16.0,120.29999999999973,2025-10-04,2025-11-01,seasonal_naive
31,2025-10-04,2025-10-11,1,1,6.0,6.0,0.0,1.0,6.0,21.0,161.79999999999927,2025-10-04,2025-10-11,seasonal_naive
31,2025-10-04,2025-10-18,2,2,5.0,5.0,0.0,1.0,5.0,18.0,135.0,2025-10-04,2025-10-18,seasonal_naive
31,2025-10-04,2025-10-25,3,3,6.0,6.0,0.0,2.0,6.0,18.0,125.0,2025-10-04,2025-10-25,seasonal_naive
31,2025-10-04,2025-11-01,4,4,7.0,7.0,0.0,3.0,7.0,18.0,122.29999999999973,2025-10-04,2025-11-01,seasonal_naive
32,2025-10-04,2025-10-11,1,1,6.0,6.0,0.0,1.0,6.0,21.0,161.79999999999927,2025-10-04,2025-10-11,seasonal_naive
32,2025-10-04,2025-10-18,2,2,10.0,10.0,0.0,6.0,10.0,23.0,140.0,2025-10-04,2025-10-18,seasonal_naive
32,2025-10-04,2025-10-25,3,3,10.0,10.0,0.0,6.0,10.0,22.0,129.0,2025-10-04,2025-10-25,seasonal_naive
32,2025-10-04,2025-11-01,4,4,16.0,16.0,1.0,12.0,16.0,27.0,131.29999999999973,2025-10-04,2025-11-01,seasonal_naive
33,2025-10-04,2025-10-11,1,1,6.0,6.0,0.0,1.0,6.0,21.0,161.79999999999927,2025-10-04,2025-10-11,seasonal_naive
33,2025-10-04,2025-10-18,2,2,5.0,5.0,0.0,1.0,5.0,18.0,135.0,2025-10-04,2025-10-18,seasonal_naive
33,2025-10-04,2025-10-25,3,3,5.0,5.0,0.0,1.0,5.0,17.0,124.0,2025-10-04,2025-10-25,seasonal_naive
33,2025-10-04,2025-11-01,4,4,6.0,6.0,0.0,2.0,6.0,17.0,121.29999999999973,2025-10-04,2025-11-01,seasonal_naive
34,2025-10-04,2025-10-11,1,1,6.0,6.0,0.0,1.0,6.0,21.0,161.79999999999927,2025-10-04,2025-10-11,seasonal_naive
34,2025-10-04,2025-10-18,2,2,5.0,5.0,0.0,1.0,5.0,18.0,135.0,2025-10-04,2025-10-18,seasonal_naive
34,2025-10-04,2025-10-25,3,3,7.0,7.0,0.0,3.0,7.0,19.0,126.0,2025-10-04,2025-10-25,seasonal_naive
34,2025-10-04,2025-11-01,4,4,33.0,33.0,18.0,29.0,33.0,44.0,148.29999999999973,2025-10-04,2025-11-01,seasonal_naive
35,2025-10-04,2025-10-11,1,1,8.0,8.0,0.0,3.0,8.0,23.0,163.79999999999927,2025-10-04,2025-10-11,seasonal_naive
35,2025-10-04,2025-10-18,2,2,7.0,7.0,0.0,3.0,7.0,20.0,137.0,2025-10-04,2025-10-18,seasonal_naive
35,2025-10-04,2025-10-25,3,3,20.0,20.0,4.0,16.0,20.0,32.0,139.0,2025-10-04,2025-10-25,seasonal_naive
35,2025-10-04,2025-11-01,4,4,7.0,7.0,0.0,3.0,7.0,18.0,122.29999999999973,2025-10-04,2025-11-01,seasonal_naive
36,2025-10-04,2025-10-11,1,1,6.0,6.0,0.0,1.0,6.0,21.0,161.79999999999927,2025-10-04,2025-10-11,seasonal_naive
36,2025-10-04,2025-10-18,2,2,10.0,10.0,0.0,6.0,10.0,23.0,140.0,2025-10-04,2025-10-18,seasonal_naive
36,2025-10-04,2025-10-25,3,3,13.0,13.0,0.0,9.0,13.0,25.0,132.0,2025-10-04,2025-10-25,seasonal_naive
36,2025-10-04,2025-11-01,4,4,20.0,20.0,5.0,16.0,20.0,31.0,135.29999999999973,2025-10-04,2025-11-01,seasonal_naive
37,2025-10-04,2025-10-11,1,1,83.0,83.0,65.6857142857143,78.0,83.0,98.0,238.79999999999927,2025-10-04,2025-10-11,seasonal_naive
37,2025-10-04,2025-10-18,2,2,53.0,53.0,36.0,49.0,53.0,66.0,183.0,2025-10-04,2025-10-18,seasonal_naive
37,2025-10-04,2025-10-25,3,3,52.0,52.0,36.0,48.0,52.0,64.0,171.0,2025-10-04,2025-10-25,seasonal_naive
37,2025-10-04,2025-11-01,4,4,19.0,19.0,4.0,15.0,19.0,30.0,134.29999999999973,2025-10-04,2025-11-01,seasonal_naive
38,2025-10-04,2025-10-11,1,1,7.0,7.0,0.0,2.0,7.0,22.0,162.79999999999927,2025-10-04,2025-10-11,seasonal_naive
38,2025-10-04,2025-10-18,2,2,5.0,5.0,0.0,1.0,5.0,18.0,135.0,2025-10-04,2025-10-18,seasonal_naive
38,2025-10-04,2025-10-25,3,3,5.0,5.0,0.0,1.0,5.0,17.0,124.0,2025-10-04,2025-10-25,seasonal_naive
38,2025-10-04,2025-11-01,4,4,6.0,6.0,0.0,2.0,6.0,17.0,121.29999999999973,2025-10-04,2025-11-01,seasonal_naive
39,2025-10-04,2025-10-11,1,1,7.0,7.0,0.0,2.0,7.0,22.0,162.79999999999927,2025-10-04,2025-10-11,seasonal_naive
39,2025-10-04,2025-10-18,2,2,15.0,15.0,0.0,11.0,15.0,28.0,145.0,2025-10-04,2025-10-18,seasonal_naive
39,2025-10-04,2025-10-25,3,3,234.0,234.0,218.0,230.0,234.0,246.0,353.0,2025-10-04,2025-10-25,seasonal_naive
39,2025-10-04,2025-11-01,4,4,22.0,22.0,7.0,18.0,22.0,33.0,137.29999999999973,2025-10-04,2025-11-01,seasonal_naive
40,2025-10-04,2025-10-11,1,1,6.0,6.0,0.0,1.0,6.0,21.0,161.79999999999927,2025-10-04,2025-10-11,seasonal_naive
40,2025-10-04,2025-10-18,2,2,5.0,5.0,0.0,1.0,5.0,18.0,135.0,2025-10-04,2025-10-18,seasonal_naive
40,2025-10-04,2025-10-25,3,3,9.0,9.0,0.0,5.0,9.0,21.0,128.0,2025-10-04,2025-10-25,seasonal_naive
40,2025-10-04,2025-11-01,4,4,8.0,8.0,0.0,4.0,8.0,19.0,123.29999999999973,2025-10-04,2025-11-01,seasonal_naive
41,2025-10-04,2025-10-11,1,1,12.0,12.0,0.0,7.0,12.0,27.0,167.79999999999927,2025-10-04,2025-10-11,seasonal_naive
41,2025-10-04,2025-10-18,2,2,9.0,9.0,0.0,5.0,9.0,22.0,139.0,2025-10-04,2025-10-18,seasonal_naive
41,2025-10-04,2025-10-25,3,3,12.0,12.0,0.0,8.0,12.0,24.0,131.0,2025-10-04,2025-10-25,seasonal_naive
41,2025-10-04,2025-11-01,4,4,12.0,12.0,0.0,8.0,12.0,23.0,127.29999999999973,2025-10-04,2025-11-01,seasonal_naive
42,2025-10-04,2025-10-11,1,1,32.0,32.0,14.685714285714292,27.0,32.0,47.0,187.79999999999927,2025-10-04,2025-10-11,seasonal_naive
42,2025-10-04,2025-10-18,2,2,11.0,11.0,0.0,7.0,11.0,24.0,141.0,2025-10-04,2025-10-18,seasonal_naive
42,2025-10-04,2025-10-25,3,3,68.0,68.0,52.0,64.0,68.0,80.0,187.0,2025-10-04,2025-10-25,seasonal_naive
42,2025-10-04,2025-11-01,4,4,109.0,109.0,94.0,105.0,109.0,120.0,224.29999999999973,2025-10-04,2025-11-01,seasonal_naive
44,2025-10-04,2025-10-11,1,1,6.0,6.0,0.0,1.0,6.0,21.0,161.79999999999927,2025-10-04,2025-10-11,seasonal_naive
44,2025-10-04,2025-10-18,2,2,5.0,5.0,0.0,1.0,5.0,18.0,135.0,2025-10-04,2025-10-18,seasonal_naive
44,2025-10-04,2025-10-25,3,3,5.0,5.0,0.0,1.0,5.0,17.0,124.0,2025-10-04,2025-10-25,seasonal_naive
44,2025-10-04,2025-11-01,4,4,7.0,7.0,0.0,3.0,7.0,18.0,122.29999999999973,2025-10-04,2025-11-01,seasonal_naive
45,2025-10-04,2025-10-11,1,1,6.0,6.0,0.0,1.0,6.0,21.0,161.79999999999927,2025-10-04,2025-10-11,seasonal_naive
45,2025-10-04,2025-10-18,2,2,13.0,13.0,0.0,9.0,13.0,26.0,143.0,2025-10-04,2025-10-18,seasonal_naive
45,2025-10-04,2025-10-25,3,3,13.0,13.0,0.0,9.0,13.0,25.0,132.0,2025-10-04,2025-10-25,seasonal_naive
45,2025-10-04,2025-11-01,4,4,16.0,16.0,1.0,12.0,16.0,27.0,131.29999999999973,2025-10-04,2025-11-01,seasonal_naive
46,2025-10-04,2025-10-11,1,1,7.0,7.0,0.0,2.0,7.0,22.0,162.79999999999927,2025-10-04,2025-10-11,seasonal_naive
46,2025-10-04,2025-10-18,2,2,6.0,6.0,0.0,2.0,6.0,19.0,136.0,2025-10-04,2025-10-18,seasonal_naive
46,2025-10-04,2025-10-25,3,3,7.0,7.0,0.0,3.0,7.0,19.0,126.0,2025-10-04,2025-10-25,seasonal_naive
46,2025-10-04,2025-11-01,4,4,5.0,5.0,0.0,1.0,5.0,16.0,120.29999999999973,2025-10-04,2025-11-01,seasonal_naive
47,2025-10-04,2025-10-11,1,1,8.0,8.0,0.0,3.0,8.0,23.0,163.79999999999927,2025-10-04,2025-10-11,seasonal_naive
47,2025-10-04,2025-10-18,2,2,13.0,13.0,0.0,9.0,13.0,26.0,143.0,2025-10-04,2025-10-18,seasonal_naive
47,2025-10-04,2025-10-25,3,3,36.0,36.0,20.0,32.0,36.0,48.0,155.0,2025-10-04,2025-10-25,seasonal_naive
47,2025-10-04,2025-11-01,4,4,50.0,50.0,35.0,46.0,50.0,61.0,165.29999999999973,2025-10-04,2025-11-01,seasonal_naive
48,2025-10-04,2025-10-11,1,1,85.0,85.0,67.6857142857143,80.0,85.0,100.0,240.79999999999927,2025-10-04,2025-10-11,seasonal_naive
48,2025-10-04,2025-10-18,2,2,51.0,51.0,34.0,47.0,51.0,64.0,181.0,2025-10-04,2025-10-18,seasonal_naive
48,2025-10-04,2025-10-25,3,3,68.0,68.0,52.0,64.0,68.0,80.0,187.0,2025-10-04,2025-10-25,seasonal_naive
48,2025-10-04,2025-11-01,4,4,108.0,108.0,93.0,104.0,108.0,119.0,223.29999999999973,2025-10-04,2025-11-01,seasonal_naive
49,2025-10-04,2025-10-11,1,1,6.0,6.0,0.0,1.0,6.0,21.0,161.79999999999927,2025-10-04,2025-10-11,seasonal_naive
49,2025-10-04,2025-10-18,2,2,6.0,6.0,0.0,2.0,6.0,19.0,136.0,2025-10-04,2025-10-18,seasonal_naive
49,2025-10-04,2025-10-25,3,3,10.0,10.0,0.0,6.0,10.0,22.0,129.0,2025-10-04,2025-10-25,seasonal_naive
49,2025-10-04,2025-11-01,4,4,7.0,7.0,0.0,3.0,7.0,18.0,122.29999999999973,2025-10-04,2025-11-01,seasonal_naive
50,2025-10-04,2025-10-11,1,1,6.0,6.0,0.0,1.0,6.0,21.0,161.79999999999927,2025-10-04,2025-10-11,seasonal_naive
50,2025-10-04,2025-10-18,2,2,6.0,6.0,0.0,2.0,6.0,19.0,136.0,2025-10-04,2025-10-18,seasonal_naive
50,2025-10-04,2025-10-25,3,3,5.0,5.0,0.0,1.0,5.0,17.0,124.0,2025-10-04,2025-10-25,seasonal_naive
50,2025-10-04,2025-11-01,4,4,5.0,5.0,0.0,1.0,5.0,16.0,120.29999999999973,2025-10-04,2025-11-01,seasonal_naive
51,2025-10-04,2025-10-11,1,1,25.0,25.0,7.685714285714292,20.0,25.0,40.0,180.79999999999927,2025-10-04,2025-10-11,seasonal_naive
51,2025-10-04,2025-10-18,2,2,20.0,20.0,3.0,16.0,20.0,33.0,150.0,2025-10-04,2025-10-18,seasonal_naive
51,2025-10-04,2025-10-25,3,3,15.0,15.0,0.0,11.0,15.0,27.0,134.0,2025-10-04,2025-10-25,seasonal_naive
51,2025-10-04,2025-11-01,4,4,21.0,21.0,6.0,17.0,21.0,32.0,136.29999999999973,2025-10-04,2025-11-01,seasonal_naive
53,2025-10-04,2025-10-11,1,1,13.0,13.0,0.0,8.0,13.0,28.0,168.79999999999927,2025-10-04,2025-10-11,seasonal_naive
53,2025-10-04,2025-10-18,2,2,6.0,6.0,0.0,2.0,6.0,19.0,136.0,2025-10-04,2025-10-18,seasonal_naive
53,2025-10-04,2025-10-25,3,3,9.0,9.0,0.0,5.0,9.0,21.0,128.0,2025-10-04,2025-10-25,seasonal_naive
53,2025-10-04,2025-11-01,4,4,7.0,7.0,0.0,3.0,7.0,18.0,122.29999999999973,2025-10-04,2025-11-01,seasonal_naive
54,2025-10-04,2025-10-11,1,1,6.0,6.0,0.0,1.0,6.0,21.0,161.79999999999927,2025-10-04,2025-10-11,seasonal_naive
54,2025-10-04,2025-10-18,2,2,5.0,5.0,0.0,1.0,5.0,18.0,135.0,2025-10-04,2025-10-18,seasonal_naive
54,2025-10-04,2025-10-25,3,3,5.0,5.0,0.0,1.0,5.0,17.0,124.0,2025-10-04,2025-10-25,seasonal_naive
54,2025-10-04,2025-11-01,4,4,5.0,5.0,0.0,1.0,5.0,16.0,120.29999999999973,2025-10-04,2025-11-01,seasonal_naive
55,2025-10-04,2025-10-11,1,1,6.0,6.0,0.0,1.0,6.0,21.0,161.79999999999927,2025-10-04,2025-10-11,seasonal_naive
55,2025-10-04,2025-10-18,2,2,12.0,12.0,0.0,8.0,12.0,25.0,142.0,2025-10-04,2025-10-18,seasonal_naive
55,2025-10-04,2025-10-25,3,3,12.0,12.0,0.0,8.0,12.0,24.0,131.0,2025-10-04,2025-10-25,seasonal_naive
55,2025-10-04,2025-11-01,4,4,10.0,10.0,0.0,6.0,10.0,21.0,125.29999999999973,2025-10-04,2025-11-01,seasonal_naive
56,2025-10-04,2025-10-11,1,1,6.0,6.0,0.0,1.0,6.0,21.0,161.79999999999927,2025-10-04,2025-10-11,seasonal_naive
56,2025-10-04,2025-10-18,2,2,5.0,5.0,0.0,1.0,5.0,18.0,135.0,2025-10-04,2025-10-18,seasonal_naive
56,2025-10-04,2025-10-25,3,3,12.0,12.0,0.0,8.0,12.0,24.0,131.0,2025-10-04,2025-10-25,seasonal_naive
56,2025-10-04,2025-11-01,4,4,5.0,5.0,0.0,1.0,5.0,16.0,120.29999999999973,2025-10-04,2025-11-01,seasonal_naive
72,2025-10-04,2025-10-11,1,1,15.0,15.0,0.0,10.0,15.0,30.0,170.79999999999927,2025-10-04,2025-10-11,seasonal_naive
72,2025-10-04,2025-10-18,2,2,11.0,11.0,0.0,7.0,11.0,24.0,141.0,2025-10-04,2025-10-18,seasonal_naive
72,2025-10-04,2025-10-25,3,3,19.0,19.0,3.0,15.0,19.0,31.0,138.0,2025-10-04,2025-10-25,seasonal_naive
72,2025-10-04,2025-11-01,4,4,20.0,20.0,5.0,16.0,20.0,31.0,135.29999999999973,2025-10-04,2025-11-01,seasonal_naive
01,2025-11-01,2025-11-08,1,1,37.0,37.0,24.0,33.0,37.0,48.0,140.59999999999945,2025-11-01,2025-11-08,seasonal_naive
01,2025-11-01,2025-11-15,2,2,49.0,49.0,37.150000000000006,45.0,49.0,59.0,151.0,2025-11-01,2025-11-15,seasonal_naive
01,2025-11-01,2025-11-22,3,3,55.0,55.0,44.35714285714286,51.0,55.0,65.0,157.0,2025-11-01,2025-11-22,seasonal_naive
01,2025-11-01,2025-11-29,4,4,69.0,69.0,59.95714285714286,66.0,69.0,80.0,172.0,2025-11-01,2025-11-29,seasonal_naive
02,2025-11-01,2025-11-08,1,1,11.0,11.0,0.0,7.0,11.0,22.0,114.59999999999945,2025-11-01,2025-11-08,seasonal_naive
02,2025-11-01,2025-11-15,2,2,14.0,14.0,2.1500000000000057,10.0,14.0,24.0,116.0,2025-11-01,2025-11-15,seasonal_naive
02,2025-11-01,2025-11-22,3,3,12.0,12.0,1.3571428571428577,8.0,12.0,22.0,114.0,2025-11-01,2025-11-22,seasonal_naive
02,2025-11-01,2025-11-29,4,4,14.0,14.0,4.95714285714286,11.0,14.0,25.0,117.0,2025-11-01,2025-11-29,seasonal_naive
04,2025-11-01,2025-11-08,1,1,277.0,277.0,264.0,273.0,277.0,288.0,380.59999999999945,2025-11-01,2025-11-08,seasonal_naive
04,2025-11-01,2025-11-15,2,2,361.0,361.0,349.15,357.0,361.0,371.0,463.0,2025-11-01,2025-11-15,seasonal_naive
04,2025-11-01,2025-11-22,3,3,493.0,493.0,482.35714285714283,489.0,493.0,503.0,595.0,2025-11-01,2025-11-22,seasonal_naive
04,2025-11-01,2025-11-29,4,4,562.0,562.0,552.9571428571429,559.0,562.0,573.0,665.0,2025-11-01,2025-11-29,seasonal_naive
05,2025-11-01,2025-11-08,1,1,16.0,16.0,3.0,12.0,16.0,27.0,119.59999999999945,2025-11-01,2025-11-08,seasonal_naive
05,2025-11-01,2025-11-15,2,2,18.0,18.0,6.150000000000006,14.0,18.0,28.0,120.0,2025-11-01,2025-11-15,seasonal_naive
05,2025-11-01,2025-11-22,3,3,13.0,13.0,2.3571428571428577,9.0,13.0,23.0,115.0,2025-11-01,2025-11-22,seasonal_naive
05,2025-11-01,2025-11-29,4,4,16.0,16.0,6.95714285714286,13.0,16.0,27.0,119.0,2025-11-01,2025-11-29,seasonal_naive
06,2025-11-01,2025-11-08,1,1,182.0,182.0,169.0,178.0,182.0,193.0,285.59999999999945,2025-11-01,2025-11-08,seasonal_naive
06,2025-11-01,2025-11-15,2,2,328.0,328.0,316.15,324.0,328.0,338.0,430.0,2025-11-01,2025-11-15,seasonal_naive
06,2025-11-01,2025-11-22,3,3,531.0,531.0,520.3571428571429,527.0,531.0,541.0,633.0,2025-11-01,2025-11-22,seasonal_naive
06,2025-11-01,2025-11-29,4,4,712.0,712.0,702.9571428571429,709.0,712.0,723.0,815.0,2025-11-01,2025-11-29,seasonal_naive
08,2025-11-01,2025-11-08,1,1,25.0,25.0,12.0,21.0,25.0,36.0,128.59999999999945,2025-11-01,2025-11-08,seasonal_naive
08,2025-11-01,2025-11-15,2,2,34.0,34.0,22.150000000000006,30.0,34.0,44.0,136.0,2025-11-01,2025-11-15,seasonal_naive
08,2025-11-01,2025-11-22,3,3,36.0,36.0,25.357142857142858,32.0,36.0,46.0,138.0,2025-11-01,2025-11-22,seasonal_naive
08,2025-11-01,2025-11-29,4,4,71.0,71.0,61.95714285714286,68.0,71.0,82.0,174.0,2025-11-01,2025-11-29,seasonal_naive
09,2025-11-01,2025-11-08,1,1,9.0,9.0,0.0,5.0,9.0,20.0,112.59999999999945,2025-11-01,2025-11-08,seasonal_naive
09,2025-11-01,2025-11-15,2,2,10.0,10.0,0.0,6.0,10.0,20.0,112.0,2025-11-01,2025-11-15,seasonal_naive
09,2025-11-01,2025-11-22,3,3,9.0,9.0,0.0,5.0,9.0,19.0,111.0,2025-11-01,2025-11-22,seasonal_naive
09,2025-11-01,2025-11-29,4,4,15.0,15.0,5.95714285714286,12.0,15.0,26.0,118.0,2025-11-01,2025-11-29,seasonal_naive
10,2025-11-01,2025-11-08,1,1,6.0,6.0,0.0,2.0,6.0,17.0,109.59999999999945,2025-11-01,2025-11-08,seasonal_naive
10,2025-11-01,2025-11-15,2,2,9.0,9.0,0.0,5.0,9.0,19.0,111.0,2025-11-01,2025-11-15,seasonal_naive
10,2025-11-01,2025-11-22,3,3,12.0,12.0,1.3571428571428577,8.0,12.0,22.0,114.0,2025-11-01,2025-11-22,seasonal_naive
10,2025-11-01,2025-11-29,4,4,9.0,9.0,0.0,6.0,9.0,20.0,112.0,2025-11-01,2025-11-29,seasonal_naive
11,2025-11-01,2025-11-08,1,1,7.0,7.0,0.0,3.0,7.0,18.0,110.59999999999945,2025-11-01,2025-11-08,seasonal_naive
11,2025-11-01,2025-11-15,2,2,6.0,6.0,0.0,2.0,6.0,16.0,108.0,2025-11-01,2025-11-15,seasonal_naive
11,2025-11-01,2025-11-22,3,3,13.0,13.0,2.3571428571428577,9.0,13.0,23.0,115.0,2025-11-01,2025-11-22,seasonal_naive
11,2025-11-01,2025-11-29,4,4,9.0,9.0,0.0,6.0,9.0,20.0,112.0,2025-11-01,2025-11-29,seasonal_naive
12,2025-11-01,2025-11-08,1,1,370.0,370.0,357.0,366.0,370.0,381.0,473.59999999999945,2025-11-01,2025-11-08,seasonal_naive
12,2025-11-01,2025-11-15,2,2,391.0,391.0,379.15,387.0,391.0,401.0,493.0,2025-11-01,2025-11-15,seasonal_naive
12,2025-11-01,2025-11-22,3,3,448.0,448.0,437.35714285714283,444.0,448.0,458.0,550.0,2025-11-01,2025-11-22,seasonal_naive
12,2025-11-01,2025-11-29,4,4,616.0,616.0,606.9571428571429,613.0,616.0,627.0,719.0,2025-11-01,2025-11-29,seasonal_naive
13,2025-11-01,2025-11-08,1,1,47.0,47.0,34.0,43.0,47.0,58.0,150.59999999999945,2025-11-01,2025-11-08,seasonal_naive
13,2025-11-01,2025-11-15,2,2,49.0,49.0,37.150000000000006,45.0,49.0,59.0,151.0,2025-11-01,2025-11-15,seasonal_naive
13,2025-11-01,2025-11-22,3,3,53.0,53.0,42.35714285714286,49.0,53.0,63.0,155.0,2025-11-01,2025-11-22,seasonal_naive
13,2025-11-01,2025-11-29,4,4,60.0,60.0,50.95714285714286,57.0,60.0,71.0,163.0,2025-11-01,2025-11-29,seasonal_naive
15,2025-11-01,2025-11-08,1,1,12.0,12.0,0.0,8.0,12.0,23.0,115.59999999999945,2025-11-01,2025-11-08,seasonal_naive
15,2025-11-01,2025-11-15,2,2,20.0,20.0,8.150000000000006,16.0,20.0,30.0,122.0,2025-11-01,2025-11-15,seasonal_naive
15,2025-11-01,2025-11-22,3,3,13.0,13.0,2.3571428571428577,9.0,13.0,23.0,115.0,2025-11-01,2025-11-22,seasonal_naive
15,2025-11-01,2025-11-29,4,4,18.0,18.0,8.957142857142859,15.0,18.0,29.0,121.0,2025-11-01,2025-11-29,seasonal_naive
16,2025-11-01,2025-11-08,1,1,13.0,13.0,0.0,9.0,13.0,24.0,116.59999999999945,2025-11-01,2025-11-08,seasonal_naive
16,2025-11-01,2025-11-15,2,2,17.0,17.0,5.150000000000006,13.0,17.0,27.0,119.0,2025-11-01,2025-11-15,seasonal_naive
16,2025-11-01,2025-11-22,3,3,37.0,37.0,26.357142857142858,33.0,37.0,47.0,139.0,2025-11-01,2025-11-22,seasonal_naive
16,2025-11-01,2025-11-29,4,4,67.0,67.0,57.95714285714286,64.0,67.0,78.0,170.0,2025-11-01,2025-11-29,seasonal_naive
17,2025-11-01,2025-11-08,1,1,41.0,41.0,28.0,37.0,41.0,52.0,144.59999999999945,2025-11-01,2025-11-08,seasonal_naive
17,2025-11-01,2025-11-15,2,2,39.0,39.0,27.150000000000006,35.0,39.0,49.0,141.0,2025-11-01,2025-11-15,seasonal_naive
17,2025-11-01,2025-11-22,3,3,91.0,91.0,80.35714285714286,87.0,91.0,101.0,193.0,2025-11-01,2025-11-22,seasonal_naive
17,2025-11-01,2025-11-29,4,4,87.0,87.0,77.95714285714286,84.0,87.0,98.0,190.0,2025-11-01,2025-11-29,seasonal_naive
18,2025-11-01,2025-11-08,1,1,33.0,33.0,20.0,29.0,33.0,44.0,136.59999999999945,2025-11-01,2025-11-08,seasonal_naive
18,2025-11-01,2025-11-15,2,2,31.0,31.0,19.150000000000006,27.0,31.0,41.0,133.0,2025-11-01,2025-11-15,seasonal_naive
18,2025-11-01,2025-11-22,3,3,37.0,37.0,26.357142857142858,33.0,37.0,47.0,139.0,2025-11-01,2025-11-22,seasonal_naive
18,2025-11-01,2025-11-29,4,4,45.0,45.0,35.95714285714286,42.0,45.0,56.0,148.0,2025-11-01,2025-11-29,seasonal_naive
19,2025-11-01,2025-11-08,1,1,9.0,9.0,0.0,5.0,9.0,20.0,112.59999999999945,2025-11-01,2025-11-08,seasonal_naive
19,2025-11-01,2025-11-15,2,2,10.0,10.0,0.0,6.0,10.0,20.0,112.0,2025-11-01,2025-11-15,seasonal_naive
19,2025-11-01,2025-11-22,3,3,10.0,10.0,0.0,6.0,10.0,20.0,112.0,2025-11-01,2025-11-22,seasonal_naive
19,2025-11-01,2025-11-29,4,4,8.0,8.0,0.0,5.0,8.0,19.0,111.0,2025-11-01,2025-11-29,seasonal_naive
20,2025-11-01,2025-11-08,1,1,12.0,12.0,0.0,8.0,12.0,23.0,115.59999999999945,2025-11-01,2025-11-08,seasonal_naive
20,2025-11-01,2025-11-15,2,2,16.0,16.0,4.150000000000006,12.0,16.0,26.0,118.0,2025-11-01,2025-11-15,seasonal_naive
20,2025-11-01,2025-11-22,3,3,22.0,22.0,11.357142857142858,18.0,22.0,32.0,124.0,2025-11-01,2025-11-22,seasonal_naive
20,2025-11-01,2025-11-29,4,4,24.0,24.0,14.957142857142859,21.0,24.0,35.0,127.0,2025-11-01,2025-11-29,seasonal_naive
21,2025-11-01,2025-11-08,1,1,21.0,21.0,8.0,17.0,21.0,32.0,124.59999999999945,2025-11-01,2025-11-08,seasonal_naive
21,2025-11-01,2025-11-15,2,2,23.0,23.0,11.150000000000006,19.0,23.0,33.0,125.0,2025-11-01,2025-11-15,seasonal_naive
21,2025-11-01,2025-11-22,3,3,25.0,25.0,14.357142857142858,21.0,25.0,35.0,127.0,2025-11-01,2025-11-22,seasonal_naive
21,2025-11-01,2025-11-29,4,4,28.0,28.0,18.95714285714286,25.0,28.0,39.0,131.0,2025-11-01,2025-11-29,seasonal_naive
22,2025-11-01,2025-11-08,1,1,92.0,92.0,79.0,88.0,92.0,103.0,195.59999999999945,2025-11-01,2025-11-08,seasonal_naive
22,2025-11-01,2025-11-15,2,2,89.0,89.0,77.15,85.0,89.0,99.0,191.0,2025-11-01,2025-11-15,seasonal_naive
22,2025-11-01,2025-11-22,3,3,83.0,83.0,72.35714285714286,79.0,83.0,93.0,185.0,2025-11-01,2025-11-22,seasonal_naive
22,2025-11-01,2025-11-29,4,4,139.0,139.0,129.95714285714286,136.0,139.0,150.0,242.0,2025-11-01,2025-11-29,seasonal_naive
23,2025-11-01,2025-11-08,1,1,6.0,6.0,0.0,2.0,6.0,17.0,109.59999999999945,2025-11-01,2025-11-08,seasonal_naive
23,2025-11-01,2025-11-15,2,2,5.0,5.0,0.0,1.0,5.0,15.0,107.0,2025-11-01,2025-11-15,seasonal_naive
23,2025-11-01,2025-11-22,3,3,5.0,5.0,0.0,1.0,5.0,15.0,107.0,2025-11-01,2025-11-22,seasonal_naive
23,2025-11-01,2025-11-29,4,4,6.0,6.0,0.0,3.0,6.0,17.0,109.0,2025-11-01,2025-11-29,seasonal_naive
24,2025-11-01,2025-11-08,1,1,14.0,14.0,1.0,10.0,14.0,25.0,117.59999999999945,2025-11-01,2025-11-08,seasonal_naive
24,2025-11-01,2025-11-15,2,2,16.0,16.0,4.150000000000006,12.0,16.0,26.0,118.0,2025-11-01,2025-11-15,seasonal_naive
24,2025-11-01,2025-11-22,3,3,21.0,21.0,10.357142857142858,17.0,21.0,31.0,123.0,2025-11-01,2025-11-22,seasonal_naive
24,2025-11-01,2025-11-29,4,4,25.0,25.0,15.957142857142859,22.0,25.0,36.0,128.0,2025-11-01,2025-11-29,seasonal_naive
25,2025-11-01,2025-11-08,1,1,45.0,45.0,32.0,41.0,45.0,56.0,148.59999999999945,2025-11-01,2025-11-08,seasonal_naive
25,2025-11-01,2025-11-15,2,2,23.0,23.0,11.150000000000006,19.0,23.0,33.0,125.0,2025-11-01,2025-11-15,seasonal_naive
25,2025-11-01,2025-11-22,3,3,56.0,56.0,45.35714285714286,52.0,56.0,66.0,158.0,2025-11-01,2025-11-22,seasonal_naive
25,2025-11-01,2025-11-29,4,4,77.0,77.0,67.95714285714286,74.0,77.0,88.0,180.0,2025-11-01,2025-11-29,seasonal_naive
26,2025-11-01,2025-11-08,1,1,53.0,53.0,40.0,49.0,53.0,64.0,156.59999999999945,2025-11-01,2025-11-08,seasonal_naive
26,2025-11-01,2025-11-15,2,2,51.0,51.0,39.150000000000006,47.0,51.0,61.0,153.0,2025-11-01,2025-11-15,seasonal_naive
26,2025-11-01,2025-11-22,3,3,72.0,72.0,61.35714285714286,68.0,72.0,82.0,174.0,2025-11-01,2025-11-22,seasonal_naive
26,2025-11-01,2025-11-29,4,4,69.0,69.0,59.95714285714286,66.0,69.0,80.0,172.0,2025-11-01,2025-11-29,seasonal_naive
27,2025-11-01,2025-11-08,1,1,23.0,23.0,10.0,19.0,23.0,34.0,126.59999999999945,2025-11-01,2025-11-08,seasonal_naive
27,2025-11-01,2025-11-15,2,2,13.0,13.0,1.1500000000000057,9.0,13.0,23.0,115.0,2025-11-01,2025-11-15,seasonal_naive
27,2025-11-01,2025-11-22,3,3,16.0,16.0,5.357142857142858,12.0,16.0,26.0,118.0,2025-11-01,2025-11-22,seasonal_naive
27,2025-11-01,2025-11-29,4,4,22.0,22.0,12.957142857142859,19.0,22.0,33.0,125.0,2025-11-01,2025-11-29,seasonal_naive
28,2025-11-01,2025-11-08,1,1,28.0,28.0,15.0,24.0,28.0,39.0,131.59999999999945,2025-11-01,2025-11-08,seasonal_naive
28,2025-11-01,2025-11-15,2,2,29.0,29.0,17.150000000000006,25.0,29.0,39.0,131.0,2025-11-01,2025-11-15,seasonal_naive
28,2025-11-01,2025-11-22,3,3,41.0,41.0,30.357142857142858,37.0,41.0,51.0,143.0,2025-11-01,2025-11-22,seasonal_naive
28,2025-11-01,2025-11-29,4,4,32.0,32.0,22.95714285714286,29.0,32.0,43.0,135.0,2025-11-01,2025-11-29,seasonal_naive
29,2025-11-01,2025-11-08,1,1,35.0,35.0,22.0,31.0,35.0,46.0,138.59999999999945,2025-11-01,2025-11-08,seasonal_naive
29,2025-11-01,2025-11-15,2,2,34.0,34.0,22.150000000000006,30.0,34.0,44.0,136.0,2025-11-01,2025-11-15,seasonal_naive
29,2025-11-01,2025-11-22,3,3,47.0,47.0,36.35714285714286,43.0,47.0,57.0,149.0,2025-11-01,2025-11-22,seasonal_naive
29,2025-11-01,2025-11-29,4,4,45.0,45.0,35.95714285714286,42.0,45.0,56.0,148.0,2025-11-01,2025-11-29,seasonal_naive
30,2025-11-01,2025-11-08,1,1,5.0,5.0,0.0,1.0,5.0,16.0,108.59999999999945,2025-11-01,2025-11-08,seasonal_naive
30,2025-11-01,2025-11-15,2,2,9.0,9.0,0.0,5.0,9.0,19.0,111.0,2025-11-01,2025-11-15,seasonal_naive
30,2025-11-01,2025-11-22,3,3,6.0,6.0,0.0,2.0,6.0,16.0,108.0,2025-11-01,2025-11-22,seasonal_naive
30,2025-11-01,2025-11-29,4,4,6.0,6.0,0.0,3.0,6.0,17.0,109.0,2025-11-01,2025-11-29,seasonal_naive
31,2025-11-01,2025-11-08,1,1,9.0,9.0,0.0,5.0,9.0,20.0,112.59999999999945,2025-11-01,2025-11-08,seasonal_naive
31,2025-11-01,2025-11-15,2,2,11.0,11.0,0.0,7.0,11.0,21.0,113.0,2025-11-01,2025-11-15,seasonal_naive
31,2025-11-01,2025-11-22,3,3,10.0,10.0,0.0,6.0,10.0,20.0,112.0,2025-11-01,2025-11-22,seasonal_naive
31,2025-11-01,2025-11-29,4,4,15.0,15.0,5.95714285714286,12.0,15.0,26.0,118.0,2025-11-01,2025-11-29,seasonal_naive
32,2025-11-01,2025-11-08,1,1,30.0,30.0,17.0,26.0,30.0,41.0,133.59999999999945,2025-11-01,2025-11-08,seasonal_naive
32,2025-11-01,2025-11-15,2,2,48.0,48.0,36.150000000000006,44.0,48.0,58.0,150.0,2025-11-01,2025-11-15,seasonal_naive
32,2025-11-01,2025-11-22,3,3,54.0,54.0,43.35714285714286,50.0,54.0,64.0,156.0,2025-11-01,2025-11-22,seasonal_naive
32,2025-11-01,2025-11-29,4,4,65.0,65.0,55.95714285714286,62.0,65.0,76.0,168.0,2025-11-01,2025-11-29,seasonal_naive
33,2025-11-01,2025-11-08,1,1,10.0,10.0,0.0,6.0,10.0,21.0,113.59999999999945,2025-11-01,2025-11-08,seasonal_naive
33,2025-11-01,2025-11-15,2,2,11.0,11.0,0.0,7.0,11.0,21.0,113.0,2025-11-01,2025-11-15,seasonal_naive
33,2025-11-01,2025-11-22,3,3,16.0,16.0,5.357142857142858,12.0,16.0,26.0,118.0,2025-11-01,2025-11-22,seasonal_naive
33,2025-11-01,2025-11-29,4,4,18.0,18.0,8.957142857142859,15.0,18.0,29.0,121.0,2025-11-01,2025-11-29,seasonal_naive
34,2025-11-01,2025-11-08,1,1,35.0,35.0,22.0,31.0,35.0,46.0,138.59999999999945,2025-11-01,2025-11-08,seasonal_naive
34,2025-11-01,2025-11-15,2,2,42.0,42.0,30.150000000000006,38.0,42.0,52.0,144.0,2025-11-01,2025-11-15,seasonal_naive
34,2025-11-01,2025-11-22,3,3,52.0,52.0,41.35714285714286,48.0,52.0,62.0,154.0,2025-11-01,2025-11-22,seasonal_naive
34,2025-11-01,2025-11-29,4,4,71.0,71.0,61.95714285714286,68.0,71.0,82.0,174.0,2025-11-01,2025-11-29,seasonal_naive
35,2025-11-01,2025-11-08,1,1,21.0,21.0,8.0,17.0,21.0,32.0,124.59999999999945,2025-11-01,2025-11-08,seasonal_naive
35,2025-11-01,2025-11-15,2,2,26.0,26.0,14.150000000000006,22.0,26.0,36.0,128.0,2025-11-01,2025-11-15,seasonal_naive
35,2025-11-01,2025-11-22,3,3,34.0,34.0,23.357142857142858,30.0,34.0,44.0,136.0,2025-11-01,2025-11-22,seasonal_naive
35,2025-11-01,2025-11-29,4,4,59.0,59.0,49.95714285714286,56.0,59.0,70.0,162.0,2025-11-01,2025-11-29,seasonal_naive
36,2025-11-01,2025-11-08,1,1,60.0,60.0,47.0,56.0,60.0,71.0,163.59999999999945,2025-11-01,2025-11-08,seasonal_naive
36,2025-11-01,2025-11-15,2,2,68.0,68.0,56.150000000000006,64.0,68.0,78.0,170.0,2025-11-01,2025-11-15,seasonal_naive
36,2025-11-01,2025-11-22,3,3,108.0,108.0,97.35714285714286,104.0,108.0,118.0,210.0,2025-11-01,2025-11-22,seasonal_naive
36,2025-11-01,2025-11-29,4,4,149.0,149.0,139.95714285714286,146.0,149.0,160.0,252.0,2025-11-01,2025-11-29,seasonal_naive
37,2025-11-01,2025-11-08,1,1,32.0,32.0,19.0,28.0,32.0,43.0,135.59999999999945,2025-11-01,2025-11-08,seasonal_naive
37,2025-11-01,2025-11-15,2,2,43.0,43.0,31.150000000000006,39.0,43.0,53.0,145.0,2025-11-01,2025-11-15,seasonal_naive
37,2025-11-01,2025-11-22,3,3,36.0,36.0,25.357142857142858,32.0,36.0,46.0,138.0,2025-11-01,2025-11-22,seasonal_naive
37,2025-11-01,2025-11-29,4,4,47.0,47.0,37.95714285714286,44.0,47.0,58.0,150.0,2025-11-01,2025-11-29,seasonal_naive
38,2025-11-01,2025-11-08,1,1,5.0,5.0,0.0,1.0,5.0,16.0,108.59999999999945,2025-11-01,2025-11-08,seasonal_naive
38,2025-11-01,2025-11-15,2,2,6.0,6.0,0.0,2.0,6.0,16.0,108.0,2025-11-01,2025-11-15,seasonal_naive
38,2025-11-01,2025-11-22,3,3,8.0,8.0,0.0,4.0,8.0,18.0,110.0,2025-11-01,2025-11-22,seasonal_naive
38,2025-11-01,2025-11-29,4,4,5.0,5.0,0.0,2.0,5.0,16.0,108.0,2025-11-01,2025-11-29,seasonal_naive
39,2025-11-01,2025-11-08,1,1,29.0,29.0,16.0,25.0,29.0,40.0,132.59999999999945,2025-11-01,2025-11-08,seasonal_naive
39,2025-11-01,2025-11-15,2,2,45.0,45.0,33.150000000000006,41.0,45.0,55.0,147.0,2025-11-01,2025-11-15,seasonal_naive
39,2025-11-01,2025-11-22,3,3,45.0,45.0,34.35714285714286,41.0,45.0,55.0,147.0,2025-11-01,2025-11-22,seasonal_naive
39,2025-11-01,2025-11-29,4,4,59.0,59.0,49.95714285714286,56.0,59.0,70.0,162.0,2025-11-01,2025-11-29,seasonal_naive
40,2025-11-01,2025-11-08,1,1,18.0,18.0,5.0,14.0,18.0,29.0,121.59999999999945,2025-11-01,2025-11-08,seasonal_naive
40,2025-11-01,2025-11-15,2,2,18.0,18.0,6.150000000000006,14.0,18.0,28.0,120.0,2025-11-01,2025-11-15,seasonal_naive
40,2025-11-01,2025-11-22,3,3,19.0,19.0,8.357142857142858,15.0,19.0,29.0,121.0,2025-11-01,2025-11-22,seasonal_naive
40,2025-11-01,2025-11-29,4,4,44.0,44.0,34.95714285714286,41.0,44.0,55.0,147.0,2025-11-01,2025-11-29,seasonal_naive
41,2025-11-01,2025-11-08,1,1,30.0,30.0,17.0,26.0,30.0,41.0,133.59999999999945,2025-11-01,2025-11-08,seasonal_naive
41,2025-11-01,2025-11-15,2,2,41.0,41.0,29.150000000000006,37.0,41.0,51.0,143.0,2025-11-01,2025-11-15,seasonal_naive
41,2025-11-01,2025-11-22,3,3,68.0,68.0,57.35714285714286,64.0,68.0,78.0,170.0,2025-11-01,2025-11-22,seasonal_naive
41,2025-11-01,2025-11-29,4,4,87.0,87.0,77.95714285714286,84.0,87.0,98.0,190.0,2025-11-01,2025-11-29,seasonal_naive
42,2025-11-01,2025-11-08,1,1,147.0,147.0,134.0,143.0,147.0,158.0,250.59999999999945,2025-11-01,2025-11-08,seasonal_naive
42,2025-11-01,2025-11-15,2,2,116.0,116.0,104.15,112.0,116.0,126.0,218.0,2025-11-01,2025-11-15,seasonal_naive
42,2025-11-01,2025-11-22,3,3,139.0,139.0,128.35714285714286,135.0,139.0,149.0,241.0,2025-11-01,2025-11-22,seasonal_naive
42,2025-11-01,2025-11-29,4,4,120.0,120.0,110.95714285714286,117.0,120.0,131.0,223.0,2025-11-01,2025-11-29,seasonal_naive
44,2025-11-01,2025-11-08,1,1,8.0,8.0,0.0,4.0,8.0,19.0,111.59999999999945,2025-11-01,2025-11-08,seasonal_naive
44,2025-11-01,2025-11-15,2,2,5.0,5.0,0.0,1.0,5.0,15.0,107.0,2025-11-01,2025-11-15,seasonal_naive
44,2025-11-01,2025-11-22,3,3,7.0,7.0,0.0,3.0,7.0,17.0,109.0,2025-11-01,2025-11-22,seasonal_naive
44,2025-11-01,2025-11-29,4,4,10.0,10.0,0.95714285714286,7.0,10.0,21.0,113.0,2025-11-01,2025-11-29,seasonal_naive
45,2025-11-01,2025-11-08,1,1,26.0,26.0,13.0,22.0,26.0,37.0,129.59999999999945,2025-11-01,2025-11-08,seasonal_naive
45,2025-11-01,2025-11-15,2,2,18.0,18.0,6.150000000000006,14.0,18.0,28.0,120.0,2025-11-01,2025-11-15,seasonal_naive
45,2025-11-01,2025-11-22,3,3,18.0,18.0,7.357142857142858,14.0,18.0,28.0,120.0,2025-11-01,2025-11-22,seasonal_naive
45,2025-11-01,2025-11-29,4,4,22.0,22.0,12.957142857142859,19.0,22.0,33.0,125.0,2025-11-01,2025-11-29,seasonal_naive
46,2025-11-01,2025-11-08,1,1,7.0,7.0,0.0,3.0,7.0,18.0,110.59999999999945,2025-11-01,2025-11-08,seasonal_naive
46,2025-11-01,2025-11-15,2,2,5.0,5.0,0.0,1.0,5.0,15.0,107.0,2025-11-01,2025-11-15,seasonal_naive
46,2025-11-01,2025-11-22,3,3,5.0,5.0,0.0,1.0,5.0,15.0,107.0,2025-11-01,2025-11-22,seasonal_naive
46,2025-11-01,2025-11-29,4,4,9.0,9.0,0.0,6.0,9.0,20.0,112.0,2025-11-01,2025-11-29,seasonal_naive
47,2025-11-01,2025-11-08,1,1,101.0,101.0,88.0,97.0,101.0,112.0,204.59999999999945,2025-11-01,2025-11-08,seasonal_naive
47,2025-11-01,2025-11-15,2,2,99.0,99.0,87.15,95.0,99.0,109.0,201.0,2025-11-01,2025-11-15,seasonal_naive
47,2025-11-01,2025-11-22,3,3,64.0,64.0,53.35714285714286,60.0,64.0,74.0,166.0,2025-11-01,2025-11-22,seasonal_naive
47,2025-11-01,2025-11-29,4,4,64.0,64.0,54.95714285714286,61.0,64.0,75.0,167.0,2025-11-01,2025-11-29,seasonal_naive
48,2025-11-01,2025-11-08,1,1,190.0,190.0,177.0,186.0,190.0,201.0,293.59999999999945,2025-11-01,2025-11-08,seasonal_naive
48,2025-11-01,2025-11-15,2,2,232.0,232.0,220.15,228.0,232.0,242.0,334.0,2025-11-01,2025-11-15,seasonal_naive
48,2025-11-01,2025-11-22,3,3,281.0,281.0,270.35714285714283,277.0,281.0,291.0,383.0,2025-11-01,2025-11-22,seasonal_naive
48,2025-11-01,2025-11-29,4,4,409.0,409.0,399.95714285714286,406.0,409.0,420.0,512.0,2025-11-01,2025-11-29,seasonal_naive
49,2025-11-01,2025-11-08,1,1,12.0,12.0,0.0,8.0,12.0,23.0,115.59999999999945,2025-11-01,2025-11-08,seasonal_naive
49,2025-11-01,2025-11-15,2,2,15.0,15.0,3.1500000000000057,11.0,15.0,25.0,117.0,2025-11-01,2025-11-15,seasonal_naive
49,2025-11-01,2025-11-22,3,3,25.0,25.0,14.357142857142858,21.0,25.0,35.0,127.0,2025-11-01,2025-11-22,seasonal_naive
49,2025-11-01,2025-11-29,4,4,24.0,24.0,14.957142857142859,21.0,24.0,35.0,127.0,2025-11-01,2025-11-29,seasonal_naive
50,2025-11-01,2025-11-08,1,1,5.0,5.0,0.0,1.0,5.0,16.0,108.59999999999945,2025-11-01,2025-11-08,seasonal_naive
50,2025-11-01,2025-11-15,2,2,8.0,8.0,0.0,4.0,8.0,18.0,110.0,2025-11-01,2025-11-15,seasonal_naive
50,2025-11-01,2025-11-22,3,3,5.0,5.0,0.0,1.0,5.0,15.0,107.0,2025-11-01,2025-11-22,seasonal_naive
50,2025-11-01,2025-11-29,4,4,7.0,7.0,0.0,4.0,7.0,18.0,110.0,2025-11-01,2025-11-29,seasonal_naive
51,2025-11-01,2025-11-08,1,1,31.0,31.0,18.0,27.0,31.0,42.0,134.59999999999945,2025-11-01,2025-11-08,seasonal_naive
51,2025-11-01,2025-11-15,2,2,31.0,31.0,19.150000000000006,27.0,31.0,41.0,133.0,2025-11-01,2025-11-15,seasonal_naive
51,2025-11-01,2025-11-22,3,3,40.0,40.0,29.357142857142858,36.0,40.0,50.0,142.0,2025-11-01,2025-11-22,seasonal_naive
51,2025-11-01,2025-11-29,4,4,50.0,50.0,40.95714285714286,47.0,50.0,61.0,153.0,2025-11-01,2025-11-29,seasonal_naive
53,2025-11-01,2025-11-08,1,1,19.0,19.0,6.0,15.0,19.0,30.0,122.59999999999945,2025-11-01,2025-11-08,seasonal_naive
53,2025-11-01,2025-11-15,2,2,27.0,27.0,15.150000000000006,23.0,27.0,37.0,129.0,2025-11-01,2025-11-15,seasonal_naive
53,2025-11-01,2025-11-22,3,3,34.0,34.0,23.357142857142858,30.0,34.0,44.0,136.0,2025-11-01,2025-11-22,seasonal_naive
53,2025-11-01,2025-11-29,4,4,50.0,50.0,40.95714285714286,47.0,50.0,61.0,153.0,2025-11-01,2025-11-29,seasonal_naive
54,2025-11-01,2025-11-08,1,1,11.0,11.0,0.0,7.0,11.0,22.0,114.59999999999945,2025-11-01,2025-11-08,seasonal_naive
54,2025-11-01,2025-11-15,2,2,9.0,9.0,0.0,5.0,9.0,19.0,111.0,2025-11-01,2025-11-15,seasonal_naive
54,2025-11-01,2025-11-22,3,3,9.0,9.0,0.0,5.0,9.0,19.0,111.0,2025-11-01,2025-11-22,seasonal_naive
54,2025-11-01,2025-11-29,4,4,7.0,7.0,0.0,4.0,7.0,18.0,110.0,2025-11-01,2025-11-29,seasonal_naive
55,2025-11-01,2025-11-08,1,1,17.0,17.0,4.0,13.0,17.0,28.0,120.59999999999945,2025-11-01,2025-11-08,seasonal_naive
55,2025-11-01,2025-11-15,2,2,11.0,11.0,0.0,7.0,11.0,21.0,113.0,2025-11-01,2025-11-15,seasonal_naive
55,2025-11-01,2025-11-22,3,3,23.0,23.0,12.357142857142858,19.0,23.0,33.0,125.0,2025-11-01,2025-11-22,seasonal_naive
55,2025-11-01,2025-11-29,4,4,16.0,16.0,6.95714285714286,13.0,16.0,27.0,119.0,2025-11-01,2025-11-29,seasonal_naive
56,2025-11-01,2025-11-08,1,1,10.0,10.0,0.0,6.0,10.0,21.0,113.59999999999945,2025-11-01,2025-11-08,seasonal_naive
56,2025-11-01,2025-11-15,2,2,9.0,9.0,0.0,5.0,9.0,19.0,111.0,2025-11-01,2025-11-15,seasonal_naive
56,2025-11-01,2025-11-22,3,3,14.0,14.0,3.3571428571428577,10.0,14.0,24.0,116.0,2025-11-01,2025-11-22,seasonal_naive
56,2025-11-01,2025-11-29,4,4,11.0,11.0,1.95714285714286,8.0,11.0,22.0,114.0,2025-11-01,2025-11-29,seasonal_naive
72,2025-11-01,2025-11-08,1,1,142.0,142.0,129.0,138.0,142.0,153.0,245.59999999999945,2025-11-01,2025-11-08,seasonal_naive
72,2025-11-01,2025-11-15,2,2,233.0,233.0,221.15,229.0,233.0,243.0,335.0,2025-11-01,2025-11-15,seasonal_naive
72,2025-11-01,2025-11-22,3,3,165.0,165.0,154.35714285714286,161.0,165.0,175.0,267.0,2025-11-01,2025-11-22,seasonal_naive
72,2025-11-01,2025-11-29,4,4,372.0,372.0,362.95714285714286,369.0,372.0,383.0,475.0,2025-11-01,2025-11-29,seasonal_naive
01,2025-11-29,2025-12-06,1,1,106.0,106.0,91.0,102.0,106.0,116.0,209.0,2025-11-29,2025-12-06,seasonal_naive
01,2025-11-29,2025-12-13,2,2,197.0,197.0,182.0,193.0,197.0,207.0,298.0,2025-11-29,2025-12-13,seasonal_naive
01,2025-11-29,2025-12-20,3,3,436.0,436.0,421.0,432.0,436.0,446.0,535.0,2025-11-29,2025-12-20,seasonal_naive
01,2025-11-29,2025-12-27,4,4,665.0,665.0,650.0,661.0,665.0,675.0,761.0,2025-11-29,2025-12-27,seasonal_naive
02,2025-11-29,2025-12-06,1,1,22.0,22.0,7.0,18.0,22.0,32.0,125.0,2025-11-29,2025-12-06,seasonal_naive
02,2025-11-29,2025-12-13,2,2,31.0,31.0,16.0,27.0,31.0,41.0,132.0,2025-11-29,2025-12-13,seasonal_naive
02,2025-11-29,2025-12-20,3,3,26.0,26.0,11.0,22.0,26.0,36.0,125.0,2025-11-29,2025-12-20,seasonal_naive
02,2025-11-29,2025-12-27,4,4,39.0,39.0,24.0,35.0,39.0,49.0,135.0,2025-11-29,2025-12-27,seasonal_naive
04,2025-11-29,2025-12-06,1,1,886.0,886.0,871.0,882.0,886.0,896.0,989.0,2025-11-29,2025-12-06,seasonal_naive
04,2025-11-29,2025-12-13,2,2,1027.0,1027.0,1012.0,1023.0,1027.0,1037.0,1128.0,2025-11-29,2025-12-13,seasonal_naive
04,2025-11-29,2025-12-20,3,3,1538.0,1538.0,1523.0,1534.0,1538.0,1548.0,1637.0,2025-11-29,2025-12-20,seasonal_naive
04,2025-11-29,2025-12-27,4,4,2344.0,2344.0,2329.0,2340.0,2344.0,2354.0,2440.0,2025-11-29,2025-12-27,seasonal_naive
05,2025-11-29,2025-12-06,1,1,36.0,36.0,21.0,32.0,36.0,46.0,139.0,2025-11-29,2025-12-06,seasonal_naive
05,2025-11-29,2025-12-13,2,2,46.0,46.0,31.0,42.0,46.0,56.0,147.0,2025-11-29,2025-12-13,seasonal_naive
05,2025-11-29,2025-12-20,3,3,63.0,63.0,48.0,59.0,63.0,73.0,162.0,2025-11-29,2025-12-20,seasonal_naive
05,2025-11-29,2025-12-27,4,4,131.0,131.0,116.0,127.0,131.0,141.0,227.0,2025-11-29,2025-12-27,seasonal_naive
06,2025-11-29,2025-12-06,1,1,1131.0,1131.0,1116.0,1127.0,1131.0,1141.0,1234.0,2025-11-29,2025-12-06,seasonal_naive
06,2025-11-29,2025-12-13,2,2,1525.0,1525.0,1510.0,1521.0,1525.0,1535.0,1626.0,2025-11-29,2025-12-13,seasonal_naive
06,2025-11-29,2025-12-20,3,3,2568.0,2568.0,2553.0,2564.0,2568.0,2578.0,2667.0,2025-11-29,2025-12-20,seasonal_naive
06,2025-11-29,2025-12-27,4,4,3870.0,3870.0,3855.0,3866.0,3870.0,3880.0,3966.0,2025-11-29,2025-12-27,seasonal_naive
08,2025-11-29,2025-12-06,1,1,94.0,94.0,79.0,90.0,94.0,104.0,197.0,2025-11-29,2025-12-06,seasonal_naive
08,2025-11-29,2025-12-13,2,2,133.0,133.0,118.0,129.0,133.0,143.0,234.0,2025-11-29,2025-12-13,seasonal_naive
08,2025-11-29,2025-12-20,3,3,183.0,183.0,168.0,179.0,183.0,193.0,282.0,2025-11-29,2025-12-20,seasonal_naive
08,2025-11-29,2025-12-27,4,4,479.0,479.0,464.0,475.0,479.0,489.0,575.0,2025-11-29,2025-12-27,seasonal_naive
09,2025-11-29,2025-12-06,1,1,17.0,17.0,2.0,13.0,17.0,27.0,120.0,2025-11-29,2025-12-06,seasonal_naive
09,2025-11-29,2025-12-13,2,2,28.0,28.0,13.0,24.0,28.0,38.0,129.0,2025-11-29,2025-12-13,seasonal_naive
09,2025-11-29,2025-12-20,3,3,49.0,49.0,34.0,45.0,49.0,59.0,148.0,2025-11-29,2025-12-20,seasonal_naive
09,2025-11-29,2025-12-27,4,4,152.0,152.0,137.0,148.0,152.0,162.0,248.0,2025-11-29,2025-12-27,seasonal_naive
10,2025-11-29,2025-12-06,1,1,19.0,19.0,4.0,15.0,19.0,29.0,122.0,2025-11-29,2025-12-06,seasonal_naive
10,2025-11-29,2025-12-13,2,2,19.0,19.0,4.0,15.0,19.0,29.0,120.0,2025-11-29,2025-12-13,seasonal_naive
10,2025-11-29,2025-12-20,3,3,47.0,47.0,32.0,43.0,47.0,57.0,146.0,2025-11-29,2025-12-20,seasonal_naive
10,2025-11-29,2025-12-27,4,4,100.0,100.0,85.0,96.0,100.0,110.0,196.0,2025-11-29,2025-12-27,seasonal_naive
11,2025-11-29,2025-12-06,1,1,6.0,6.0,0.0,2.0,6.0,16.0,109.0,2025-11-29,2025-12-06,seasonal_naive
11,2025-11-29,2025-12-13,2,2,8.0,8.0,0.0,4.0,8.0,18.0,109.0,2025-11-29,2025-12-13,seasonal_naive
11,2025-11-29,2025-12-20,3,3,20.0,20.0,5.0,16.0,20.0,30.0,119.0,2025-11-29,2025-12-20,seasonal_naive
11,2025-11-29,2025-12-27,4,4,42.0,42.0,27.0,38.0,42.0,52.0,138.0,2025-11-29,2025-12-27,seasonal_naive
12,2025-11-29,2025-12-06,1,1,718.0,718.0,703.0,714.0,718.0,728.0,821.0,2025-11-29,2025-12-06,seasonal_naive
12,2025-11-29,2025-12-13,2,2,895.0,895.0,880.0,891.0,895.0,905.0,996.0,2025-11-29,2025-12-13,seasonal_naive
12,2025-11-29,2025-12-20,3,3,1265.0,1265.0,1250.0,1261.0,1265.0,1275.0,1364.0,2025-11-29,2025-12-20,seasonal_naive
12,2025-11-29,2025-12-27,4,4,2081.0,2081.0,2066.0,2077.0,2081.0,2091.0,2177.0,2025-11-29,2025-12-27,seasonal_naive
13,2025-11-29,2025-12-06,1,1,92.0,92.0,77.0,88.0,92.0,102.0,195.0,2025-11-29,2025-12-06,seasonal_naive
13,2025-11-29,2025-12-13,2,2,219.0,219.0,204.0,215.0,219.0,229.0,320.0,2025-11-29,2025-12-13,seasonal_naive
13,2025-11-29,2025-12-20,3,3,401.0,401.0,386.0,397.0,401.0,411.0,500.0,2025-11-29,2025-12-20,seasonal_naive
13,2025-11-29,2025-12-27,4,4,804.0,804.0,789.0,800.0,804.0,814.0,900.0,2025-11-29,2025-12-27,seasonal_naive
15,2025-11-29,2025-12-06,1,1,24.0,24.0,9.0,20.0,24.0,34.0,127.0,2025-11-29,2025-12-06,seasonal_naive
15,2025-11-29,2025-12-13,2,2,38.0,38.0,23.0,34.0,38.0,48.0,139.0,2025-11-29,2025-12-13,seasonal_naive
15,2025-11-29,2025-12-20,3,3,46.0,46.0,31.0,42.0,46.0,56.0,145.0,2025-11-29,2025-12-20,seasonal_naive
15,2025-11-29,2025-12-27,4,4,61.0,61.0,46.0,57.0,61.0,71.0,157.0,2025-11-29,2025-12-27,seasonal_naive
16,2025-11-29,2025-12-06,1,1,82.0,82.0,67.0,78.0,82.0,92.0,185.0,2025-11-29,2025-12-06,seasonal_naive
16,2025-11-29,2025-12-13,2,2,114.0,114.0,99.0,110.0,114.0,124.0,215.0,2025-11-29,2025-12-13,seasonal_naive
16,2025-11-29,2025-12-20,3,3,192.0,192.0,177.0,188.0,192.0,202.0,291.0,2025-11-29,2025-12-20,seasonal_naive
16,2025-11-29,2025-12-27,4,4,337.0,337.0,322.0,333.0,337.0,347.0,433.0,2025-11-29,2025-12-27,seasonal_naive
17,2025-11-29,2025-12-06,1,1,111.0,111.0,96.0,107.0,111.0,121.0,214.0,2025-11-29,2025-12-06,seasonal_naive
17,2025-11-29,2025-12-13,2,2,246.0,246.0,231.0,242.0,246.0,256.0,347.0,2025-11-29,2025-12-13,seasonal_naive
17,2025-11-29,2025-12-20,3,3,493.0,493.0,478.0,489.0,493.0,503.0,592.0,2025-11-29,2025-12-20,seasonal_naive
17,2025-11-29,2025-12-27,4,4,1147.0,1147.0,1132.0,1143.0,1147.0,1157.0,1243.0,2025-11-29,2025-12-27,seasonal_naive
18,2025-11-29,2025-12-06,1,1,69.0,69.0,54.0,65.0,69.0,79.0,172.0,2025-11-29,2025-12-06,seasonal_naive
18,2025-11-29,2025-12-13,2,2,146.0,146.0,131.0,142.0,146.0,156.0,247.0,2025-11-29,2025-12-13,seasonal_naive
18,2025-11-29,2025-12-20,3,3,292.0,292.0,277.0,288.0,292.0,302.0,391.0,2025-11-29,2025-12-20,seasonal_naive
18,2025-11-29,2025-12-27,4,4,594.0,594.0,579.0,590.0,594.0,604.0,690.0,2025-11-29,2025-12-27,seasonal_naive
19,2025-11-29,2025-12-06,1,1,17.0,17.0,2.0,13.0,17.0,27.0,120.0,2025-11-29,2025-12-06,seasonal_naive
19,2025-11-29,2025-12-13,2,2,27.0,27.0,12.0,23.0,27.0,37.0,128.0,2025-11-29,2025-12-13,seasonal_naive
19,2025-11-29,2025-12-20,3,3,46.0,46.0,31.0,42.0,46.0,56.0,145.0,2025-11-29,2025-12-20,seasonal_naive
19,2025-11-29,2025-12-27,4,4,122.0,122.0,107.0,118.0,122.0,132.0,218.0,2025-11-29,2025-12-27,seasonal_naive
20,2025-11-29,2025-12-06,1,1,40.0,40.0,25.0,36.0,40.0,50.0,143.0,2025-11-29,2025-12-06,seasonal_naive
20,2025-11-29,2025-12-13,2,2,94.0,94.0,79.0,90.0,94.0,104.0,195.0,2025-11-29,2025-12-13,seasonal_naive
20,2025-11-29,2025-12-20,3,3,124.0,124.0,109.0,120.0,124.0,134.0,223.0,2025-11-29,2025-12-20,seasonal_naive
20,2025-11-29,2025-12-27,4,4,229.0,229.0,214.0,225.0,229.0,239.0,325.0,2025-11-29,2025-12-27,seasonal_naive
21,2025-11-29,2025-12-06,1,1,57.0,57.0,42.0,53.0,57.0,67.0,160.0,2025-11-29,2025-12-06,seasonal_naive
21,2025-11-29,2025-12-13,2,2,83.0,83.0,68.0,79.0,83.0,93.0,184.0,2025-11-29,2025-12-13,seasonal_naive
21,2025-11-29,2025-12-20,3,3,204.0,204.0,189.0,200.0,204.0,214.0,303.0,2025-11-29,2025-12-20,seasonal_naive
21,2025-11-29,2025-12-27,4,4,519.0,519.0,504.0,515.0,519.0,529.0,615.0,2025-11-29,2025-12-27,seasonal_naive
22,2025-11-29,2025-12-06,1,1,167.0,167.0,152.0,163.0,167.0,177.0,270.0,2025-11-29,2025-12-06,seasonal_naive
22,2025-11-29,2025-12-13,2,2,256.0,256.0,241.0,252.0,256.0,266.0,357.0,2025-11-29,2025-12-13,seasonal_naive
22,2025-11-29,2025-12-20,3,3,427.0,427.0,412.0,423.0,427.0,437.0,526.0,2025-11-29,2025-12-20,seasonal_naive
22,2025-11-29,2025-12-27,4,4,594.0,594.0,579.0,590.0,594.0,604.0,690.0,2025-11-29,2025-12-27,seasonal_naive
23,2025-11-29,2025-12-06,1,1,6.0,6.0,0.0,2.0,6.0,16.0,109.0,2025-11-29,2025-12-06,seasonal_naive
23,2025-11-29,2025-12-13,2,2,6.0,6.0,0.0,2.0,6.0,16.0,107.0,2025-11-29,2025-12-13,seasonal_naive
23,2025-11-29,2025-12-20,3,3,14.0,14.0,0.0,10.0,14.0,24.0,113.0,2025-11-29,2025-12-20,seasonal_naive
23,2025-11-29,2025-12-27,4,4,35.0,35.0,20.0,31.0,35.0,45.0,131.0,2025-11-29,2025-12-27,seasonal_naive
24,2025-11-29,2025-12-06,1,1,41.0,41.0,26.0,37.0,41.0,51.0,144.0,2025-11-29,2025-12-06,seasonal_naive
24,2025-11-29,2025-12-13,2,2,77.0,77.0,62.0,73.0,77.0,87.0,178.0,2025-11-29,2025-12-13,seasonal_naive
24,2025-11-29,2025-12-20,3,3,135.0,135.0,120.0,131.0,135.0,145.0,234.0,2025-11-29,2025-12-20,seasonal_naive
24,2025-11-29,2025-12-27,4,4,199.0,199.0,184.0,195.0,199.0,209.0,295.0,2025-11-29,2025-12-27,seasonal_naive
25,2025-11-29,2025-12-06,1,1,100.0,100.0,85.0,96.0,100.0,110.0,203.0,2025-11-29,2025-12-06,seasonal_naive
25,2025-11-29,2025-12-13,2,2,141.0,141.0,126.0,137.0,141.0,151.0,242.0,2025-11-29,2025-12-13,seasonal_naive
25,2025-11-29,2025-12-20,3,3,152.0,152.0,137.0,148.0,152.0,162.0,251.0,2025-11-29,2025-12-20,seasonal_naive
25,2025-11-29,2025-12-27,4,4,301.0,301.0,286.0,297.0,301.0,311.0,397.0,2025-11-29,2025-12-27,seasonal_naive
26,2025-11-29,2025-12-06,1,1,96.0,96.0,81.0,92.0,96.0,106.0,199.0,2025-11-29,2025-12-06,seasonal_naive
26,2025-11-29,2025-12-13,2,2,175.0,175.0,160.0,171.0,175.0,185.0,276.0,2025-11-29,2025-12-13,seasonal_naive
26,2025-11-29,2025-12-20,3,3,300.0,300.0,285.0,296.0,300.0,310.0,399.0,2025-11-29,2025-12-20,seasonal_naive
26,2025-11-29,2025-12-27,4,4,493.0,493.0,478.0,489.0,493.0,503.0,589.0,2025-11-29,2025-12-27,seasonal_naive
27,2025-11-29,2025-12-06,1,1,44.0,44.0,29.0,40.0,44.0,54.0,147.0,2025-11-29,2025-12-06,seasonal_naive
27,2025-11-29,2025-12-13,2,2,95.0,95.0,80.0,91.0,95.0,105.0,196.0,2025-11-29,2025-12-13,seasonal_naive
27,2025-11-29,2025-12-20,3,3,231.0,231.0,216.0,227.0,231.0,241.0,330.0,2025-11-29,2025-12-20,seasonal_naive
27,2025-11-29,2025-12-27,4,4,547.0,547.0,532.0,543.0,547.0,557.0,643.0,2025-11-29,2025-12-27,seasonal_naive
28,2025-11-29,2025-12-06,1,1,43.0,43.0,28.0,39.0,43.0,53.0,146.0,2025-11-29,2025-12-06,seasonal_naive
28,2025-11-29,2025-12-13,2,2,66.0,66.0,51.0,62.0,66.0,76.0,167.0,2025-11-29,2025-12-13,seasonal_naive
28,2025-11-29,2025-12-20,3,3,104.0,104.0,89.0,100.0,104.0,114.0,203.0,2025-11-29,2025-12-20,seasonal_naive
28,2025-11-29,2025-12-27,4,4,216.0,216.0,201.0,212.0,216.0,226.0,312.0,2025-11-29,2025-12-27,seasonal_naive
29,2025-11-29,2025-12-06,1,1,58.0,58.0,43.0,54.0,58.0,68.0,161.0,2025-11-29,2025-12-06,seasonal_naive
29,2025-11-29,2025-12-13,2,2,92.0,92.0,77.0,88.0,92.0,102.0,193.0,2025-11-29,2025-12-13,seasonal_naive
29,2025-11-29,2025-12-20,3,3,254.0,254.0,239.0,250.0,254.0,264.0,353.0,2025-11-29,2025-12-20,seasonal_naive
29,2025-11-29,2025-12-27,4,4,615.0,615.0,600.0,611.0,615.0,625.0,711.0,2025-11-29,2025-12-27,seasonal_naive
30,2025-11-29,2025-12-06,1,1,6.0,6.0,0.0,2.0,6.0,16.0,109.0,2025-11-29,2025-12-06,seasonal_naive
30,2025-11-29,2025-12-13,2,2,10.0,10.0,0.0,6.0,10.0,20.0,111.0,2025-11-29,2025-12-13,seasonal_naive
30,2025-11-29,2025-12-20,3,3,31.0,31.0,16.0,27.0,31.0,41.0,130.0,2025-11-29,2025-12-20,seasonal_naive
30,2025-11-29,2025-12-27,4,4,64.0,64.0,49.0,60.0,64.0,74.0,160.0,2025-11-29,2025-12-27,seasonal_naive
31,2025-11-29,2025-12-06,1,1,17.0,17.0,2.0,13.0,17.0,27.0,120.0,2025-11-29,2025-12-06,seasonal_naive
31,2025-11-29,2025-12-13,2,2,23.0,23.0,8.0,19.0,23.0,33.0,124.0,2025-11-29,2025-12-13,seasonal_naive
31,2025-11-29,2025-12-20,3,3,82.0,82.0,67.0,78.0,82.0,92.0,181.0,2025-11-29,2025-12-20,seasonal_naive
31,2025-11-29,2025-12-27,4,4,135.0,135.0,120.0,131.0,135.0,145.0,231.0,2025-11-29,2025-12-27,seasonal_naive
32,2025-11-29,2025-12-06,1,1,87.0,87.0,72.0,83.0,87.0,97.0,190.0,2025-11-29,2025-12-06,seasonal_naive
32,2025-11-29,2025-12-13,2,2,118.0,118.0,103.0,114.0,118.0,128.0,219.0,2025-11-29,2025-12-13,seasonal_naive
32,2025-11-29,2025-12-20,3,3,212.0,212.0,197.0,208.0,212.0,222.0,311.0,2025-11-29,2025-12-20,seasonal_naive
32,2025-11-29,2025-12-27,4,4,264.0,264.0,249.0,260.0,264.0,274.0,360.0,2025-11-29,2025-12-27,seasonal_naive
33,2025-11-29,2025-12-06,1,1,20.0,20.0,5.0,16.0,20.0,30.0,123.0,2025-11-29,2025-12-06,seasonal_naive
33,2025-11-29,2025-12-13,2,2,26.0,26.0,11.0,22.0,26.0,36.0,127.0,2025-11-29,2025-12-13,seasonal_naive
33,2025-11-29,2025-12-20,3,3,28.0,28.0,13.0,24.0,28.0,38.0,127.0,2025-11-29,2025-12-20,seasonal_naive
33,2025-11-29,2025-12-27,4,4,57.0,57.0,42.0,53.0,57.0,67.0,153.0,2025-11-29,2025-12-27,seasonal_naive
34,2025-11-29,2025-12-06,1,1,113.0,113.0,98.0,109.0,113.0,123.0,216.0,2025-11-29,2025-12-06,seasonal_naive
34,2025-11-29,2025-12-13,2,2,178.0,178.0,163.0,174.0,178.0,188.0,279.0,2025-11-29,2025-12-13,seasonal_naive
34,2025-11-29,2025-12-20,3,3,339.0,339.0,324.0,335.0,339.0,349.0,438.0,2025-11-29,2025-12-20,seasonal_naive
34,2025-11-29,2025-12-27,4,4,727.0,727.0,712.0,723.0,727.0,737.0,823.0,2025-11-29,2025-12-27,seasonal_naive
35,2025-11-29,2025-12-06,1,1,107.0,107.0,92.0,103.0,107.0,117.0,210.0,2025-11-29,2025-12-06,seasonal_naive
35,2025-11-29,2025-12-13,2,2,112.0,112.0,97.0,108.0,112.0,122.0,213.0,2025-11-29,2025-12-13,seasonal_naive
35,2025-11-29,2025-12-20,3,3,211.0,211.0,196.0,207.0,211.0,221.0,310.0,2025-11-29,2025-12-20,seasonal_naive
35,2025-11-29,2025-12-27,4,4,238.0,238.0,223.0,234.0,238.0,248.0,334.0,2025-11-29,2025-12-27,seasonal_naive
36,2025-11-29,2025-12-06,1,1,279.0,279.0,264.0,275.0,279.0,289.0,382.0,2025-11-29,2025-12-06,seasonal_naive
36,2025-11-29,2025-12-13,2,2,436.0,436.0,421.0,432.0,436.0,446.0,537.0,2025-11-29,2025-12-13,seasonal_naive
36,2025-11-29,2025-12-20,3,3,740.0,740.0,725.0,736.0,740.0,750.0,839.0,2025-11-29,2025-12-20,seasonal_naive
36,2025-11-29,2025-12-27,4,4,1532.0,1532.0,1517.0,1528.0,1532.0,1542.0,1628.0,2025-11-29,2025-12-27,seasonal_naive
37,2025-11-29,2025-12-06,1,1,69.0,69.0,54.0,65.0,69.0,79.0,172.0,2025-11-29,2025-12-06,seasonal_naive
37,2025-11-29,2025-12-13,2,2,180.0,180.0,165.0,176.0,180.0,190.0,281.0,2025-11-29,2025-12-13,seasonal_naive
37,2025-11-29,2025-12-20,3,3,301.0,301.0,286.0,297.0,301.0,311.0,400.0,2025-11-29,2025-12-20,seasonal_naive
37,2025-11-29,2025-12-27,4,4,634.0,634.0,619.0,630.0,634.0,644.0,730.0,2025-11-29,2025-12-27,seasonal_naive
38,2025-11-29,2025-12-06,1,1,6.0,6.0,0.0,2.0,6.0,16.0,109.0,2025-11-29,2025-12-06,seasonal_naive
38,2025-11-29,2025-12-13,2,2,9.0,9.0,0.0,5.0,9.0,19.0,110.0,2025-11-29,2025-12-13,seasonal_naive
38,2025-11-29,2025-12-20,3,3,12.0,12.0,0.0,8.0,12.0,22.0,111.0,2025-11-29,2025-12-20,seasonal_naive
38,2025-11-29,2025-12-27,4,4,26.0,26.0,11.0,22.0,26.0,36.0,122.0,2025-11-29,2025-12-27,seasonal_naive
39,2025-11-29,2025-12-06,1,1,97.0,97.0,82.0,93.0,97.0,107.0,200.0,2025-11-29,2025-12-06,seasonal_naive
39,2025-11-29,2025-12-13,2,2,156.0,156.0,141.0,152.0,156.0,166.0,257.0,2025-11-29,2025-12-13,seasonal_naive
39,2025-11-29,2025-12-20,3,3,312.0,312.0,297.0,308.0,312.0,322.0,411.0,2025-11-29,2025-12-20,seasonal_naive
39,2025-11-29,2025-12-27,4,4,729.0,729.0,714.0,725.0,729.0,739.0,825.0,2025-11-29,2025-12-27,seasonal_naive
40,2025-11-29,2025-12-06,1,1,44.0,44.0,29.0,40.0,44.0,54.0,147.0,2025-11-29,2025-12-06,seasonal_naive
40,2025-11-29,2025-12-13,2,2,60.0,60.0,45.0,56.0,60.0,70.0,161.0,2025-11-29,2025-12-13,seasonal_naive
40,2025-11-29,2025-12-20,3,3,110.0,110.0,95.0,106.0,110.0,120.0,209.0,2025-11-29,2025-12-20,seasonal_naive
40,2025-11-29,2025-12-27,4,4,286.0,286.0,271.0,282.0,286.0,296.0,382.0,2025-11-29,2025-12-27,seasonal_naive
41,2025-11-29,2025-12-06,1,1,123.0,123.0,108.0,119.0,123.0,133.0,226.0,2025-11-29,2025-12-06,seasonal_naive
41,2025-11-29,2025-12-13,2,2,246.0,246.0,231.0,242.0,246.0,256.0,347.0,2025-11-29,2025-12-13,seasonal_naive
41,2025-11-29,2025-12-20,3,3,396.0,396.0,381.0,392.0,396.0,406.0,495.0,2025-11-29,2025-12-20,seasonal_naive
41,2025-11-29,2025-12-27,4,4,562.0,562.0,547.0,558.0,562.0,572.0,658.0,2025-11-29,2025-12-27,seasonal_naive
42,2025-11-29,2025-12-06,1,1,212.0,212.0,197.0,208.0,212.0,222.0,315.0,2025-11-29,2025-12-06,seasonal_naive
42,2025-11-29,2025-12-13,2,2,353.0,353.0,338.0,349.0,353.0,363.0,454.0,2025-11-29,2025-12-13,seasonal_naive
42,2025-11-29,2025-12-20,3,3,634.0,634.0,619.0,630.0,634.0,644.0,733.0,2025-11-29,2025-12-20,seasonal_naive
42,2025-11-29,2025-12-27,4,4,1212.0,1212.0,1197.0,1208.0,1212.0,1222.0,1308.0,2025-11-29,2025-12-27,seasonal_naive
44,2025-11-29,2025-12-06,1,1,14.0,14.0,0.0,10.0,14.0,24.0,117.0,2025-11-29,2025-12-06,seasonal_naive
44,2025-11-29,2025-12-13,2,2,32.0,32.0,17.0,28.0,32.0,42.0,133.0,2025-11-29,2025-12-13,seasonal_naive
44,2025-11-29,2025-12-20,3,3,33.0,33.0,18.0,29.0,33.0,43.0,132.0,2025-11-29,2025-12-20,seasonal_naive
44,2025-11-29,2025-12-27,4,4,69.0,69.0,54.0,65.0,69.0,79.0,165.0,2025-11-29,2025-12-27,seasonal_naive
45,2025-11-29,2025-12-06,1,1,44.0,44.0,29.0,40.0,44.0,54.0,147.0,2025-11-29,2025-12-06,seasonal_naive
45,2025-11-29,2025-12-13,2,2,84.0,84.0,69.0,80.0,84.0,94.0,185.0,2025-11-29,2025-12-13,seasonal_naive
45,2025-11-29,2025-12-20,3,3,164.0,164.0,149.0,160.0,164.0,174.0,263.0,2025-11-29,2025-12-20,seasonal_naive
45,2025-11-29,2025-12-27,4,4,331.0,331.0,316.0,327.0,331.0,341.0,427.0,2025-11-29,2025-12-27,seasonal_naive
46,2025-11-29,2025-12-06,1,1,5.0,5.0,0.0,1.0,5.0,15.0,108.0,2025-11-29,2025-12-06,seasonal_naive
46,2025-11-29,2025-12-13,2,2,12.0,12.0,0.0,8.0,12.0,22.0,113.0,2025-11-29,2025-12-13,seasonal_naive
46,2025-11-29,2025-12-20,3,3,18.0,18.0,3.0,14.0,18.0,28.0,117.0,2025-11-29,2025-12-20,seasonal_naive
46,2025-11-29,2025-12-27,4,4,37.0,37.0,22.0,33.0,37.0,47.0,133.0,2025-11-29,2025-12-27,seasonal_naive
47,2025-11-29,2025-12-06,1,1,119.0,119.0,104.0,115.0,119.0,129.0,222.0,2025-11-29,2025-12-06,seasonal_naive
47,2025-11-29,2025-12-13,2,2,221.0,221.0,206.0,217.0,221.0,231.0,322.0,2025-11-29,2025-12-13,seasonal_naive
47,2025-11-29,2025-12-20,3,3,376.0,376.0,361.0,372.0,376.0,386.0,475.0,2025-11-29,2025-12-20,seasonal_naive
47,2025-11-29,2025-12-27,4,4,751.0,751.0,736.0,747.0,751.0,761.0,847.0,2025-11-29,2025-12-27,seasonal_naive
48,2025-11-29,2025-12-06,1,1,534.0,534.0,519.0,530.0,534.0,544.0,637.0,2025-11-29,2025-12-06,seasonal_naive
48,2025-11-29,2025-12-13,2,2,709.0,709.0,694.0,705.0,709.0,719.0,810.0,2025-11-29,2025-12-13,seasonal_naive
48,2025-11-29,2025-12-20,3,3,1185.0,1185.0,1170.0,1181.0,1185.0,1195.0,1284.0,2025-11-29,2025-12-20,seasonal_naive
48,2025-11-29,2025-12-27,4,4,2090.0,2090.0,2075.0,2086.0,2090.0,2100.0,2186.0,2025-11-29,2025-12-27,seasonal_naive
49,2025-11-29,2025-12-06,1,1,68.0,68.0,53.0,64.0,68.0,78.0,171.0,2025-11-29,2025-12-06,seasonal_naive
49,2025-11-29,2025-12-13,2,2,94.0,94.0,79.0,90.0,94.0,104.0,195.0,2025-11-29,2025-12-13,seasonal_naive
49,2025-11-29,2025-12-20,3,3,167.0,167.0,152.0,163.0,167.0,177.0,266.0,2025-11-29,2025-12-20,seasonal_naive
49,2025-11-29,2025-12-27,4,4,299.0,299.0,284.0,295.0,299.0,309.0,395.0,2025-11-29,2025-12-27,seasonal_naive
50,2025-11-29,2025-12-06,1,1,4.0,4.0,0.0,0.0,4.0,14.0,107.0,2025-11-29,2025-12-06,seasonal_naive
50,2025-11-29,2025-12-13,2,2,12.0,12.0,0.0,8.0,12.0,22.0,113.0,2025-11-29,2025-12-13,seasonal_naive
50,2025-11-29,2025-12-20,3,3,12.0,12.0,0.0,8.0,12.0,22.0,111.0,2025-11-29,2025-12-20,seasonal_naive
50,2025-11-29,2025-12-27,4,4,23.0,23.0,8.0,19.0,23.0,33.0,119.0,2025-11-29,2025-12-27,seasonal_naive
51,2025-11-29,2025-12-06,1,1,73.0,73.0,58.0,69.0,73.0,83.0,176.0,2025-11-29,2025-12-06,seasonal_naive
51,2025-11-29,2025-12-13,2,2,144.0,144.0,129.0,140.0,144.0,154.0,245.0,2025-11-29,2025-12-13,seasonal_naive
51,2025-11-29,2025-12-20,3,3,196.0,196.0,181.0,192.0,196.0,206.0,295.0,2025-11-29,2025-12-20,seasonal_naive
51,2025-11-29,2025-12-27,4,4,378.0,378.0,363.0,374.0,378.0,388.0,474.0,2025-11-29,2025-12-27,seasonal_naive
53,2025-11-29,2025-12-06,1,1,82.0,82.0,67.0,78.0,82.0,92.0,185.0,2025-11-29,2025-12-06,seasonal_naive
53,2025-11-29,2025-12-13,2,2,192.0,192.0,177.0,188.0,192.0,202.0,293.0,2025-11-29,2025-12-13,seasonal_naive
53,2025-11-29,2025-12-20,3,3,422.0,422.0,407.0,418.0,422.0,432.0,521.0,2025-11-29,2025-12-20,seasonal_naive
53,2025-11-29,2025-12-27,4,4,545.0,545.0,530.0,541.0,545.0,555.0,641.0,2025-11-29,2025-12-27,seasonal_naive
54,2025-11-29,2025-12-06,1,1,17.0,17.0,2.0,13.0,17.0,27.0,120.0,2025-11-29,2025-12-06,seasonal_naive
54,2025-11-29,2025-12-13,2,2,25.0,25.0,10.0,21.0,25.0,35.0,126.0,2025-11-29,2025-12-13,seasonal_naive
54,2025-11-29,2025-12-20,3,3,41.0,41.0,26.0,37.0,41.0,51.0,140.0,2025-11-29,2025-12-20,seasonal_naive
54,2025-11-29,2025-12-27,4,4,112.0,112.0,97.0,108.0,112.0,122.0,208.0,2025-11-29,2025-12-27,seasonal_naive
55,2025-11-29,2025-12-06,1,1,31.0,31.0,16.0,27.0,31.0,41.0,134.0,2025-11-29,2025-12-06,seasonal_naive
55,2025-11-29,2025-12-13,2,2,70.0,70.0,55.0,66.0,70.0,80.0,171.0,2025-11-29,2025-12-13,seasonal_naive
55,2025-11-29,2025-12-20,3,3,124.0,124.0,109.0,120.0,124.0,134.0,223.0,2025-11-29,2025-12-20,seasonal_naive
55,2025-11-29,2025-12-27,4,4,257.0,257.0,242.0,253.0,257.0,267.0,353.0,2025-11-29,2025-12-27,seasonal_naive
56,2025-11-29,2025-12-06,1,1,9.0,9.0,0.0,5.0,9.0,19.0,112.0,2025-11-29,2025-12-06,seasonal_naive
56,2025-11-29,2025-12-13,2,2,37.0,37.0,22.0,33.0,37.0,47.0,138.0,2025-11-29,2025-12-13,seasonal_naive
56,2025-11-29,2025-12-20,3,3,22.0,22.0,7.0,18.0,22.0,32.0,121.0,2025-11-29,2025-12-20,seasonal_naive
56,2025-11-29,2025-12-27,4,4,88.0,88.0,73.0,84.0,88.0,98.0,184.0,2025-11-29,2025-12-27,seasonal_naive
72,2025-11-29,2025-12-06,1,1,461.0,461.0,446.0,457.0,461.0,471.0,564.0,2025-11-29,2025-12-06,seasonal_naive
72,2025-11-29,2025-12-13,2,2,474.0,474.0,459.0,470.0,474.0,484.0,575.0,2025-11-29,2025-12-13,seasonal_naive
72,2025-11-29,2025-12-20,3,3,557.0,557.0,542.0,553.0,557.0,567.0,656.0,2025-11-29,2025-12-20,seasonal_naive
72,2025-11-29,2025-12-27,4,4,711.0,711.0,696.0,707.0,711.0,721.0,807.0,2025-11-29,2025-12-27,seasonal_naive
01,2025-12-27,2026-01-03,1,1,688.0,688.0,663.0,684.0,688.0,702.0,854.7999999999993,2025-12-27,2026-01-03,seasonal_naive
01,2025-12-27,2026-01-10,2,2,477.0,477.0,452.0,473.0,477.0,491.0,646.3999999999996,2025-12-27,2026-01-10,seasonal_naive
01,2025-12-27,2026-01-17,3,3,492.0,492.0,464.0,488.0,492.0,506.0,663.0,2025-12-27,2026-01-17,seasonal_naive
01,2025-12-27,2026-01-24,4,4,630.0,630.0,600.85,626.0,630.0,644.0,803.7499999999993,2025-12-27,2026-01-24,seasonal_naive
02,2025-12-27,2026-01-03,1,1,68.0,68.0,43.0,64.0,68.0,82.0,234.79999999999927,2025-12-27,2026-01-03,seasonal_naive
02,2025-12-27,2026-01-10,2,2,49.0,49.0,24.0,45.0,49.0,63.0,218.39999999999964,2025-12-27,2026-01-10,seasonal_naive
02,2025-12-27,2026-01-17,3,3,37.0,37.0,9.0,33.0,37.0,51.0,208.0,2025-12-27,2026-01-17,seasonal_naive
02,2025-12-27,2026-01-24,4,4,33.0,33.0,3.8500000000000085,29.0,33.0,47.0,206.74999999999932,2025-12-27,2026-01-24,seasonal_naive
04,2025-12-27,2026-01-03,1,1,2850.0,2850.0,2825.0,2846.0,2850.0,2864.0,3016.7999999999993,2025-12-27,2026-01-03,seasonal_naive
04,2025-12-27,2026-01-10,2,2,1487.0,1487.0,1462.0,1483.0,1487.0,1501.0,1656.3999999999996,2025-12-27,2026-01-10,seasonal_naive
04,2025-12-27,2026-01-17,3,3,1081.0,1081.0,1053.0,1077.0,1081.0,1095.0,1252.0,2025-12-27,2026-01-17,seasonal_naive
04,2025-12-27,2026-01-24,4,4,1003.0,1003.0,973.85,999.0,1003.0,1017.0,1176.7499999999993,2025-12-27,2026-01-24,seasonal_naive
05,2025-12-27,2026-01-03,1,1,215.0,215.0,190.0,211.0,215.0,229.0,381.7999999999993,2025-12-27,2026-01-03,seasonal_naive
05,2025-12-27,2026-01-10,2,2,162.0,162.0,137.0,158.0,162.0,176.0,331.39999999999964,2025-12-27,2026-01-10,seasonal_naive
05,2025-12-27,2026-01-17,3,3,226.0,226.0,198.0,222.0,226.0,240.0,397.0,2025-12-27,2026-01-17,seasonal_naive
05,2025-12-27,2026-01-24,4,4,391.0,391.0,361.85,387.0,391.0,405.0,564.7499999999993,2025-12-27,2026-01-24,seasonal_naive
06,2025-12-27,2026-01-03,1,1,4029.0,4029.0,4004.0,4025.0,4029.0,4043.0,4195.799999999999,2025-12-27,2026-01-03,seasonal_naive
06,2025-12-27,2026-01-10,2,2,3270.0,3270.0,3245.0,3266.0,3270.0,3284.0,3439.3999999999996,2025-12-27,2026-01-10,seasonal_naive
06,2025-12-27,2026-01-17,3,3,3672.0,3672.0,3644.0,3668.0,3672.0,3686.0,3843.0,2025-12-27,2026-01-17,seasonal_naive
06,2025-12-27,2026-01-24,4,4,4095.0,4095.0,4065.85,4091.0,4095.0,4109.0,4268.749999999999,2025-12-27,2026-01-24,seasonal_naive
08,2025-12-27,2026-01-03,1,1,764.0,764.0,739.0,760.0,764.0,778.0,930.7999999999993,2025-12-27,2026-01-03,seasonal_naive
08,2025-12-27,2026-01-10,2,2,503.0,503.0,478.0,499.0,503.0,517.0,672.3999999999996,2025-12-27,2026-01-10,seasonal_naive
08,2025-12-27,2026-01-17,3,3,445.0,445.0,417.0,441.0,445.0,459.0,616.0,2025-12-27,2026-01-17,seasonal_naive
08,2025-12-27,2026-01-24,4,4,460.0,460.0,430.85,456.0,460.0,474.0,633.7499999999993,2025-12-27,2026-01-24,seasonal_naive
09,2025-12-27,2026-01-03,1,1,310.0,310.0,285.0,306.0,310.0,324.0,476.7999999999993,2025-12-27,2026-01-03,seasonal_naive
09,2025-12-27,2026-01-10,2,2,262.0,262.0,237.0,258.0,262.0,276.0,431.39999999999964,2025-12-27,2026-01-10,seasonal_naive
09,2025-12-27,2026-01-17,3,3,255.0,255.0,227.0,251.0,255.0,269.0,426.0,2025-12-27,2026-01-17,seasonal_naive
09,2025-12-27,2026-01-24,4,4,389.0,389.0,359.85,385.0,389.0,403.0,562.7499999999993,2025-12-27,2026-01-24,seasonal_naive
10,2025-12-27,2026-01-03,1,1,189.0,189.0,164.0,185.0,189.0,203.0,355.7999999999993,2025-12-27,2026-01-03,seasonal_naive
10,2025-12-27,2026-01-10,2,2,112.0,112.0,87.0,108.0,112.0,126.0,281.39999999999964,2025-12-27,2026-01-10,seasonal_naive
10,2025-12-27,2026-01-17,3,3,98.0,98.0,70.0,94.0,98.0,112.0,269.0,2025-12-27,2026-01-17,seasonal_naive
10,2025-12-27,2026-01-24,4,4,121.0,121.0,91.85000000000001,117.0,121.0,135.0,294.7499999999993,2025-12-27,2026-01-24,seasonal_naive
11,2025-12-27,2026-01-03,1,1,100.0,100.0,75.0,96.0,100.0,114.0,266.7999999999993,2025-12-27,2026-01-03,seasonal_naive
11,2025-12-27,2026-01-10,2,2,48.0,48.0,23.0,44.0,48.0,62.0,217.39999999999964,2025-12-27,2026-01-10,seasonal_naive
11,2025-12-27,2026-01-17,3,3,62.0,62.0,34.0,58.0,62.0,76.0,233.0,2025-12-27,2026-01-17,seasonal_naive
11,2025-12-27,2026-01-24,4,4,211.0,211.0,181.85000000000002,207.0,211.0,225.0,384.7499999999993,2025-12-27,2026-01-24,seasonal_naive
12,2025-12-27,2026-01-03,1,1,2875.0,2875.0,2850.0,2871.0,2875.0,2889.0,3041.7999999999993,2025-12-27,2026-01-03,seasonal_naive
12,2025-12-27,2026-01-10,2,2,2458.0,2458.0,2433.0,2454.0,2458.0,2472.0,2627.3999999999996,2025-12-27,2026-01-10,seasonal_naive
12,2025-12-27,2026-01-17,3,3,2712.0,2712.0,2684.0,2708.0,2712.0,2726.0,2883.0,2025-12-27,2026-01-17,seasonal_naive
12,2025-12-27,2026-01-24,4,4,3245.0,3245.0,3215.85,3241.0,3245.0,3259.0,3418.749999999999,2025-12-27,2026-01-24,seasonal_naive
13,2025-12-27,2026-01-03,1,1,1148.0,1148.0,1123.0,1144.0,1148.0,1162.0,1314.7999999999993,2025-12-27,2026-01-03,seasonal_naive
13,2025-12-27,2026-01-10,2,2,827.0,827.0,802.0,823.0,827.0,841.0,996.3999999999996,2025-12-27,2026-01-10,seasonal_naive
13,2025-12-27,2026-01-17,3,3,996.0,996.0,968.0,992.0,996.0,1010.0,1167.0,2025-12-27,2026-01-17,seasonal_naive
13,2025-12-27,2026-01-24,4,4,1199.0,1199.0,1169.85,1195.0,1199.0,1213.0,1372.7499999999993,2025-12-27,2026-01-24,seasonal_naive
15,2025-12-27,2026-01-03,1,1,129.0,129.0,104.0,125.0,129.0,143.0,295.7999999999993,2025-12-27,2026-01-03,seasonal_naive
15,2025-12-27,2026-01-10,2,2,117.0,117.0,92.0,113.0,117.0,131.0,286.39999999999964,2025-12-27,2026-01-10,seasonal_naive
15,2025-12-27,2026-01-17,3,3,95.0,95.0,67.0,91.0,95.0,109.0,266.0,2025-12-27,2026-01-17,seasonal_naive
15,2025-12-27,2026-01-24,4,4,92.0,92.0,62.85000000000001,88.0,92.0,106.0,265.7499999999993,2025-12-27,2026-01-24,seasonal_naive
16,2025-12-27,2026-01-03,1,1,256.0,256.0,231.0,252.0,256.0,270.0,422.7999999999993,2025-12-27,2026-01-03,seasonal_naive
16,2025-12-27,2026-01-10,2,2,140.0,140.0,115.0,136.0,140.0,154.0,309.39999999999964,2025-12-27,2026-01-10,seasonal_naive
16,2025-12-27,2026-01-17,3,3,129.0,129.0,101.0,125.0,129.0,143.0,300.0,2025-12-27,2026-01-17,seasonal_naive
16,2025-12-27,2026-01-24,4,4,109.0,109.0,79.85000000000001,105.0,109.0,123.0,282.7499999999993,2025-12-27,2026-01-24,seasonal_naive
17,2025-12-27,2026-01-03,1,1,1599.0,1599.0,1574.0,1595.0,1599.0,1613.0,1765.7999999999993,2025-12-27,2026-01-03,seasonal_naive
17,2025-12-27,2026-01-10,2,2,1414.0,1414.0,1389.0,1410.0,1414.0,1428.0,1583.3999999999996,2025-12-27,2026-01-10,seasonal_naive
17,2025-12-27,2026-01-17,3,3,1387.0,1387.0,1359.0,1383.0,1387.0,1401.0,1558.0,2025-12-27,2026-01-17,seasonal_naive
17,2025-12-27,2026-01-24,4,4,1732.0,1732.0,1702.85,1728.0,1732.0,1746.0,1905.7499999999993,2025-12-27,2026-01-24,seasonal_naive
18,2025-12-27,2026-01-03,1,1,833.0,833.0,808.0,829.0,833.0,847.0,999.7999999999993,2025-12-27,2026-01-03,seasonal_naive
18,2025-12-27,2026-01-10,2,2,527.0,527.0,502.0,523.0,527.0,541.0,696.3999999999996,2025-12-27,2026-01-10,seasonal_naive
18,2025-12-27,2026-01-17,3,3,546.0,546.0,518.0,542.0,546.0,560.0,717.0,2025-12-27,2026-01-17,seasonal_naive
18,2025-12-27,2026-01-24,4,4,792.0,792.0,762.85,788.0,792.0,806.0,965.7499999999993,2025-12-27,2026-01-24,seasonal_naive
19,2025-12-27,2026-01-03,1,1,194.0,194.0,169.0,190.0,194.0,208.0,360.7999999999993,2025-12-27,2026-01-03,seasonal_naive
19,2025-12-27,2026-01-10,2,2,270.0,270.0,245.0,266.0,270.0,284.0,439.39999999999964,2025-12-27,2026-01-10,seasonal_naive
19,2025-12-27,2026-01-17,3,3,250.0,250.0,222.0,246.0,250.0,264.0,421.0,2025-12-27,2026-01-17,seasonal_naive
19,2025-12-27,2026-01-24,4,4,308.0,308.0,278.85,304.0,308.0,322.0,481.7499999999993,2025-12-27,2026-01-24,seasonal_naive
20,2025-12-27,2026-01-03,1,1,357.0,357.0,332.0,353.0,357.0,371.0,523.7999999999993,2025-12-27,2026-01-03,seasonal_naive
20,2025-12-27,2026-01-10,2,2,240.0,240.0,215.0,236.0,240.0,254.0,409.39999999999964,2025-12-27,2026-01-10,seasonal_naive
20,2025-12-27,2026-01-17,3,3,204.0,204.0,176.0,200.0,204.0,218.0,375.0,2025-12-27,2026-01-17,seasonal_naive
20,2025-12-27,2026-01-24,4,4,220.0,220.0,190.85000000000002,216.0,220.0,234.0,393.7499999999993,2025-12-27,2026-01-24,seasonal_naive
21,2025-12-27,2026-01-03,1,1,682.0,682.0,657.0,678.0,682.0,696.0,848.7999999999993,2025-12-27,2026-01-03,seasonal_naive
21,2025-12-27,2026-01-10,2,2,467.0,467.0,442.0,463.0,467.0,481.0,636.3999999999996,2025-12-27,2026-01-10,seasonal_naive
21,2025-12-27,2026-01-17,3,3,401.0,401.0,373.0,397.0,401.0,415.0,572.0,2025-12-27,2026-01-17,seasonal_naive
21,2025-12-27,2026-01-24,4,4,443.0,443.0,413.85,439.0,443.0,457.0,616.7499999999993,2025-12-27,2026-01-24,seasonal_naive
22,2025-12-27,2026-01-03,1,1,717.0,717.0,692.0,713.0,717.0,731.0,883.7999999999993,2025-12-27,2026-01-03,seasonal_naive
22,2025-12-27,2026-01-10,2,2,450.0,450.0,425.0,446.0,450.0,464.0,619.3999999999996,2025-12-27,2026-01-10,seasonal_naive
22,2025-12-27,2026-01-17,3,3,481.0,481.0,453.0,477.0,481.0,495.0,652.0,2025-12-27,2026-01-17,seasonal_naive
22,2025-12-27,2026-01-24,4,4,525.0,525.0,495.85,521.0,525.0,539.0,698.7499999999993,2025-12-27,2026-01-24,seasonal_naive
23,2025-12-27,2026-01-03,1,1,92.0,92.0,67.0,88.0,92.0,106.0,258.7999999999993,2025-12-27,2026-01-03,seasonal_naive
23,2025-12-27,2026-01-10,2,2,96.0,96.0,71.0,92.0,96.0,110.0,265.39999999999964,2025-12-27,2026-01-10,seasonal_naive
23,2025-12-27,2026-01-17,3,3,90.0,90.0,62.0,86.0,90.0,104.0,261.0,2025-12-27,2026-01-17,seasonal_naive
23,2025-12-27,2026-01-24,4,4,113.0,113.0,83.85000000000001,109.0,113.0,127.0,286.7499999999993,2025-12-27,2026-01-24,seasonal_naive
24,2025-12-27,2026-01-03,1,1,461.0,461.0,436.0,457.0,461.0,475.0,627.7999999999993,2025-12-27,2026-01-03,seasonal_naive
24,2025-12-27,2026-01-10,2,2,376.0,376.0,351.0,372.0,376.0,390.0,545.3999999999996,2025-12-27,2026-01-10,seasonal_naive
24,2025-12-27,2026-01-17,3,3,470.0,470.0,442.0,466.0,470.0,484.0,641.0,2025-12-27,2026-01-17,seasonal_naive
24,2025-12-27,2026-01-24,4,4,615.0,615.0,585.85,611.0,615.0,629.0,788.7499999999993,2025-12-27,2026-01-24,seasonal_naive
25,2025-12-27,2026-01-03,1,1,597.0,597.0,572.0,593.0,597.0,611.0,763.7999999999993,2025-12-27,2026-01-03,seasonal_naive
25,2025-12-27,2026-01-10,2,2,623.0,623.0,598.0,619.0,623.0,637.0,792.3999999999996,2025-12-27,2026-01-10,seasonal_naive
25,2025-12-27,2026-01-17,3,3,796.0,796.0,768.0,792.0,796.0,810.0,967.0,2025-12-27,2026-01-17,seasonal_naive
25,2025-12-27,2026-01-24,4,4,1049.0,1049.0,1019.85,1045.0,1049.0,1063.0,1222.7499999999993,2025-12-27,2026-01-24,seasonal_naive
26,2025-12-27,2026-01-03,1,1,648.0,648.0,623.0,644.0,648.0,662.0,814.7999999999993,2025-12-27,2026-01-03,seasonal_naive
26,2025-12-27,2026-01-10,2,2,762.0,762.0,737.0,758.0,762.0,776.0,931.3999999999996,2025-12-27,2026-01-10,seasonal_naive
26,2025-12-27,2026-01-17,3,3,640.0,640.0,612.0,636.0,640.0,654.0,811.0,2025-12-27,2026-01-17,seasonal_naive
26,2025-12-27,2026-01-24,4,4,1017.0,1017.0,987.85,1013.0,1017.0,1031.0,1190.7499999999993,2025-12-27,2026-01-24,seasonal_naive
27,2025-12-27,2026-01-03,1,1,946.0,946.0,921.0,942.0,946.0,960.0,1112.7999999999993,2025-12-27,2026-01-03,seasonal_naive
27,2025-12-27,2026-01-10,2,2,897.0,897.0,872.0,893.0,897.0,911.0,1066.3999999999996,2025-12-27,2026-01-10,seasonal_naive
27,2025-12-27,2026-01-17,3,3,927.0,927.0,899.0,923.0,927.0,941.0,1098.0,2025-12-27,2026-01-17,seasonal_naive
27,2025-12-27,2026-01-24,4,4,929.0,929.0,899.85,925.0,929.0,943.0,1102.7499999999993,2025-12-27,2026-01-24,seasonal_naive
28,2025-12-27,2026-01-03,1,1,289.0,289.0,264.0,285.0,289.0,303.0,455.7999999999993,2025-12-27,2026-01-03,seasonal_naive
28,2025-12-27,2026-01-10,2,2,233.0,233.0,208.0,229.0,233.0,247.0,402.39999999999964,2025-12-27,2026-01-10,seasonal_naive
28,2025-12-27,2026-01-17,3,3,255.0,255.0,227.0,251.0,255.0,269.0,426.0,2025-12-27,2026-01-17,seasonal_naive
28,2025-12-27,2026-01-24,4,4,354.0,354.0,324.85,350.0,354.0,368.0,527.7499999999993,2025-12-27,2026-01-24,seasonal_naive
29,2025-12-27,2026-01-03,1,1,831.0,831.0,806.0,827.0,831.0,845.0,997.7999999999993,2025-12-27,2026-01-03,seasonal_naive
29,2025-12-27,2026-01-10,2,2,651.0,651.0,626.0,647.0,651.0,665.0,820.3999999999996,2025-12-27,2026-01-10,seasonal_naive
29,2025-12-27,2026-01-17,3,3,563.0,563.0,535.0,559.0,563.0,577.0,734.0,2025-12-27,2026-01-17,seasonal_naive
29,2025-12-27,2026-01-24,4,4,659.0,659.0,629.85,655.0,659.0,673.0,832.7499999999993,2025-12-27,2026-01-24,seasonal_naive
30,2025-12-27,2026-01-03,1,1,75.0,75.0,50.0,71.0,75.0,89.0,241.79999999999927,2025-12-27,2026-01-03,seasonal_naive
30,2025-12-27,2026-01-10,2,2,69.0,69.0,44.0,65.0,69.0,83.0,238.39999999999964,2025-12-27,2026-01-10,seasonal_naive
30,2025-12-27,2026-01-17,3,3,84.0,84.0,56.0,80.0,84.0,98.0,255.0,2025-12-27,2026-01-17,seasonal_naive
30,2025-12-27,2026-01-24,4,4,72.0,72.0,42.85000000000001,68.0,72.0,86.0,245.74999999999932,2025-12-27,2026-01-24,seasonal_naive
31,2025-12-27,2026-01-03,1,1,215.0,215.0,190.0,211.0,215.0,229.0,381.7999999999993,2025-12-27,2026-01-03,seasonal_naive
31,2025-12-27,2026-01-10,2,2,175.0,175.0,150.0,171.0,175.0,189.0,344.39999999999964,2025-12-27,2026-01-10,seasonal_naive
31,2025-12-27,2026-01-17,3,3,132.0,132.0,104.0,128.0,132.0,146.0,303.0,2025-12-27,2026-01-17,seasonal_naive
31,2025-12-27,2026-01-24,4,4,186.0,186.0,156.85000000000002,182.0,186.0,200.0,359.7499999999993,2025-12-27,2026-01-24,seasonal_naive
32,2025-12-27,2026-01-03,1,1,391.0,391.0,366.0,387.0,391.0,405.0,557.7999999999993,2025-12-27,2026-01-03,seasonal_naive
32,2025-12-27,2026-01-10,2,2,266.0,266.0,241.0,262.0,266.0,280.0,435.39999999999964,2025-12-27,2026-01-10,seasonal_naive
32,2025-12-27,2026-01-17,3,3,194.0,194.0,166.0,190.0,194.0,208.0,365.0,2025-12-27,2026-01-17,seasonal_naive
32,2025-12-27,2026-01-24,4,4,202.0,202.0,172.85000000000002,198.0,202.0,216.0,375.7499999999993,2025-12-27,2026-01-24,seasonal_naive
33,2025-12-27,2026-01-03,1,1,112.0,112.0,87.0,108.0,112.0,126.0,278.7999999999993,2025-12-27,2026-01-03,seasonal_naive
33,2025-12-27,2026-01-10,2,2,94.0,94.0,69.0,90.0,94.0,108.0,263.39999999999964,2025-12-27,2026-01-10,seasonal_naive
33,2025-12-27,2026-01-17,3,3,90.0,90.0,62.0,86.0,90.0,104.0,261.0,2025-12-27,2026-01-17,seasonal_naive
33,2025-12-27,2026-01-24,4,4,148.0,148.0,118.85000000000001,144.0,148.0,162.0,321.7499999999993,2025-12-27,2026-01-24,seasonal_naive
34,2025-12-27,2026-01-03,1,1,1330.0,1330.0,1305.0,1326.0,1330.0,1344.0,1496.7999999999993,2025-12-27,2026-01-03,seasonal_naive
34,2025-12-27,2026-01-10,2,2,1082.0,1082.0,1057.0,1078.0,1082.0,1096.0,1251.3999999999996,2025-12-27,2026-01-10,seasonal_naive
34,2025-12-27,2026-01-17,3,3,1263.0,1263.0,1235.0,1259.0,1263.0,1277.0,1434.0,2025-12-27,2026-01-17,seasonal_naive
34,2025-12-27,2026-01-24,4,4,1595.0,1595.0,1565.85,1591.0,1595.0,1609.0,1768.7499999999993,2025-12-27,2026-01-24,seasonal_naive
35,2025-12-27,2026-01-03,1,1,324.0,324.0,299.0,320.0,324.0,338.0,490.7999999999993,2025-12-27,2026-01-03,seasonal_naive
35,2025-12-27,2026-01-10,2,2,256.0,256.0,231.0,252.0,256.0,270.0,425.39999999999964,2025-12-27,2026-01-10,seasonal_naive
35,2025-12-27,2026-01-17,3,3,255.0,255.0,227.0,251.0,255.0,269.0,426.0,2025-12-27,2026-01-17,seasonal_naive
35,2025-12-27,2026-01-24,4,4,200.0,200.0,170.85000000000002,196.0,200.0,214.0,373.7499999999993,2025-12-27,2026-01-24,seasonal_naive
36,2025-12-27,2026-01-03,1,1,2598.0,2598.0,2573.0,2594.0,2598.0,2612.0,2764.7999999999993,2025-12-27,2026-01-03,seasonal_naive
36,2025-12-27,2026-01-10,2,2,2253.0,2253.0,2228.0,2249.0,2253.0,2267.0,2422.3999999999996,2025-12-27,2026-01-10,seasonal_naive
36,2025-12-27,2026-01-17,3,3,2621.0,2621.0,2593.0,2617.0,2621.0,2635.0,2792.0,2025-12-27,2026-01-17,seasonal_naive
36,2025-12-27,2026-01-24,4,4,2935.0,2935.0,2905.85,2931.0,2935.0,2949.0,3108.749999999999,2025-12-27,2026-01-24,seasonal_naive
37,2025-12-27,2026-01-03,1,1,964.0,964.0,939.0,960.0,964.0,978.0,1130.7999999999993,2025-12-27,2026-01-03,seasonal_naive
37,2025-12-27,2026-01-10,2,2,859.0,859.0,834.0,855.0,859.0,873.0,1028.3999999999996,2025-12-27,2026-01-10,seasonal_naive
37,2025-12-27,2026-01-17,3,3,1154.0,1154.0,1126.0,1150.0,1154.0,1168.0,1325.0,2025-12-27,2026-01-17,seasonal_naive
37,2025-12-27,2026-01-24,4,4,1626.0,1626.0,1596.85,1622.0,1626.0,1640.0,1799.7499999999993,2025-12-27,2026-01-24,seasonal_naive
38,2025-12-27,2026-01-03,1,1,60.0,60.0,35.0,56.0,60.0,74.0,226.79999999999927,2025-12-27,2026-01-03,seasonal_naive
38,2025-12-27,2026-01-10,2,2,41.0,41.0,16.0,37.0,41.0,55.0,210.39999999999964,2025-12-27,2026-01-10,seasonal_naive
38,2025-12-27,2026-01-17,3,3,64.0,64.0,36.0,60.0,64.0,78.0,235.0,2025-12-27,2026-01-17,seasonal_naive
38,2025-12-27,2026-01-24,4,4,93.0,93.0,63.85000000000001,89.0,93.0,107.0,266.7499999999993,2025-12-27,2026-01-24,seasonal_naive
39,2025-12-27,2026-01-03,1,1,1306.0,1306.0,1281.0,1302.0,1306.0,1320.0,1472.7999999999993,2025-12-27,2026-01-03,seasonal_naive
39,2025-12-27,2026-01-10,2,2,1048.0,1048.0,1023.0,1044.0,1048.0,1062.0,1217.3999999999996,2025-12-27,2026-01-10,seasonal_naive
39,2025-12-27,2026-01-17,3,3,1152.0,1152.0,1124.0,1148.0,1152.0,1166.0,1323.0,2025-12-27,2026-01-17,seasonal_naive
39,2025-12-27,2026-01-24,4,4,1739.0,1739.0,1709.85,1735.0,1739.0,1753.0,1912.7499999999993,2025-12-27,2026-01-24,seasonal_naive
40,2025-12-27,2026-01-03,1,1,408.0,408.0,383.0,404.0,408.0,422.0,574.7999999999993,2025-12-27,2026-01-03,seasonal_naive
40,2025-12-27,2026-01-10,2,2,289.0,289.0,264.0,285.0,289.0,303.0,458.39999999999964,2025-12-27,2026-01-10,seasonal_naive
40,2025-12-27,2026-01-17,3,3,443.0,443.0,415.0,439.0,443.0,457.0,614.0,2025-12-27,2026-01-17,seasonal_naive
40,2025-12-27,2026-01-24,4,4,696.0,696.0,666.85,692.0,696.0,710.0,869.7499999999993,2025-12-27,2026-01-24,seasonal_naive
41,2025-12-27,2026-01-03,1,1,543.0,543.0,518.0,539.0,543.0,557.0,709.7999999999993,2025-12-27,2026-01-03,seasonal_naive
41,2025-12-27,2026-01-10,2,2,325.0,325.0,300.0,321.0,325.0,339.0,494.39999999999964,2025-12-27,2026-01-10,seasonal_naive
41,2025-12-27,2026-01-17,3,3,294.0,294.0,266.0,290.0,294.0,308.0,465.0,2025-12-27,2026-01-17,seasonal_naive
41,2025-12-27,2026-01-24,4,4,281.0,281.0,251.85000000000002,277.0,281.0,295.0,454.7499999999993,2025-12-27,2026-01-24,seasonal_naive
42,2025-12-27,2026-01-03,1,1,2035.0,2035.0,2010.0,2031.0,2035.0,2049.0,2201.7999999999993,2025-12-27,2026-01-03,seasonal_naive
42,2025-12-27,2026-01-10,2,2,2063.0,2063.0,2038.0,2059.0,2063.0,2077.0,2232.3999999999996,2025-12-27,2026-01-10,seasonal_naive
42,2025-12-27,2026-01-17,3,3,2484.0,2484.0,2456.0,2480.0,2484.0,2498.0,2655.0,2025-12-27,2026-01-17,seasonal_naive
42,2025-12-27,2026-01-24,4,4,3183.0,3183.0,3153.85,3179.0,3183.0,3197.0,3356.749999999999,2025-12-27,2026-01-24,seasonal_naive
44,2025-12-27,2026-01-03,1,1,97.0,97.0,72.0,93.0,97.0,111.0,263.7999999999993,2025-12-27,2026-01-03,seasonal_naive
44,2025-12-27,2026-01-10,2,2,73.0,73.0,48.0,69.0,73.0,87.0,242.39999999999964,2025-12-27,2026-01-10,seasonal_naive
44,2025-12-27,2026-01-17,3,3,111.0,111.0,83.0,107.0,111.0,125.0,282.0,2025-12-27,2026-01-17,seasonal_naive
44,2025-12-27,2026-01-24,4,4,118.0,118.0,88.85000000000001,114.0,118.0,132.0,291.7499999999993,2025-12-27,2026-01-24,seasonal_naive
45,2025-12-27,2026-01-03,1,1,524.0,524.0,499.0,520.0,524.0,538.0,690.7999999999993,2025-12-27,2026-01-03,seasonal_naive
45,2025-12-27,2026-01-10,2,2,447.0,447.0,422.0,443.0,447.0,461.0,616.3999999999996,2025-12-27,2026-01-10,seasonal_naive
45,2025-12-27,2026-01-17,3,3,646.0,646.0,618.0,642.0,646.0,660.0,817.0,2025-12-27,2026-01-17,seasonal_naive
45,2025-12-27,2026-01-24,4,4,837.0,837.0,807.85,833.0,837.0,851.0,1010.7499999999993,2025-12-27,2026-01-24,seasonal_naive
46,2025-12-27,2026-01-03,1,1,51.0,51.0,26.0,47.0,51.0,65.0,217.79999999999927,2025-12-27,2026-01-03,seasonal_naive
46,2025-12-27,2026-01-10,2,2,54.0,54.0,29.0,50.0,54.0,68.0,223.39999999999964,2025-12-27,2026-01-10,seasonal_naive
46,2025-12-27,2026-01-17,3,3,59.0,59.0,31.0,55.0,59.0,73.0,230.0,2025-12-27,2026-01-17,seasonal_naive
46,2025-12-27,2026-01-24,4,4,92.0,92.0,62.85000000000001,88.0,92.0,106.0,265.7499999999993,2025-12-27,2026-01-24,seasonal_naive
47,2025-12-27,2026-01-03,1,1,1067.0,1067.0,1042.0,1063.0,1067.0,1081.0,1233.7999999999993,2025-12-27,2026-01-03,seasonal_naive
47,2025-12-27,2026-01-10,2,2,688.0,688.0,663.0,684.0,688.0,702.0,857.3999999999996,2025-12-27,2026-01-10,seasonal_naive
47,2025-12-27,2026-01-17,3,3,574.0,574.0,546.0,570.0,574.0,588.0,745.0,2025-12-27,2026-01-17,seasonal_naive
47,2025-12-27,2026-01-24,4,4,650.0,650.0,620.85,646.0,650.0,664.0,823.7499999999993,2025-12-27,2026-01-24,seasonal_naive
48,2025-12-27,2026-01-03,1,1,2531.0,2531.0,2506.0,2527.0,2531.0,2545.0,2697.7999999999993,2025-12-27,2026-01-03,seasonal_naive
48,2025-12-27,2026-01-10,2,2,2058.0,2058.0,2033.0,2054.0,2058.0,2072.0,2227.3999999999996,2025-12-27,2026-01-10,seasonal_naive
48,2025-12-27,2026-01-17,3,3,2449.0,2449.0,2421.0,2445.0,2449.0,2463.0,2620.0,2025-12-27,2026-01-17,seasonal_naive
48,2025-12-27,2026-01-24,4,4,3323.0,3323.0,3293.85,3319.0,3323.0,3337.0,3496.749999999999,2025-12-27,2026-01-24,seasonal_naive
49,2025-12-27,2026-01-03,1,1,392.0,392.0,367.0,388.0,392.0,406.0,558.7999999999993,2025-12-27,2026-01-03,seasonal_naive
49,2025-12-27,2026-01-10,2,2,260.0,260.0,235.0,256.0,260.0,274.0,429.39999999999964,2025-12-27,2026-01-10,seasonal_naive
49,2025-12-27,2026-01-17,3,3,203.0,203.0,175.0,199.0,203.0,217.0,374.0,2025-12-27,2026-01-17,seasonal_naive
49,2025-12-27,2026-01-24,4,4,189.0,189.0,159.85000000000002,185.0,189.0,203.0,362.7499999999993,2025-12-27,2026-01-24,seasonal_naive
50,2025-12-27,2026-01-03,1,1,39.0,39.0,14.0,35.0,39.0,53.0,205.79999999999927,2025-12-27,2026-01-03,seasonal_naive
50,2025-12-27,2026-01-10,2,2,39.0,39.0,14.0,35.0,39.0,53.0,208.39999999999964,2025-12-27,2026-01-10,seasonal_naive
50,2025-12-27,2026-01-17,3,3,45.0,45.0,17.0,41.0,45.0,59.0,216.0,2025-12-27,2026-01-17,seasonal_naive
50,2025-12-27,2026-01-24,4,4,62.0,62.0,32.85000000000001,58.0,62.0,76.0,235.74999999999932,2025-12-27,2026-01-24,seasonal_naive
51,2025-12-27,2026-01-03,1,1,673.0,673.0,648.0,669.0,673.0,687.0,839.7999999999993,2025-12-27,2026-01-03,seasonal_naive
51,2025-12-27,2026-01-10,2,2,468.0,468.0,443.0,464.0,468.0,482.0,637.3999999999996,2025-12-27,2026-01-10,seasonal_naive
51,2025-12-27,2026-01-17,3,3,497.0,497.0,469.0,493.0,497.0,511.0,668.0,2025-12-27,2026-01-17,seasonal_naive
51,2025-12-27,2026-01-24,4,4,689.0,689.0,659.85,685.0,689.0,703.0,862.7499999999993,2025-12-27,2026-01-24,seasonal_naive
53,2025-12-27,2026-01-03,1,1,535.0,535.0,510.0,531.0,535.0,549.0,701.7999999999993,2025-12-27,2026-01-03,seasonal_naive
53,2025-12-27,2026-01-10,2,2,396.0,396.0,371.0,392.0,396.0,410.0,565.3999999999996,2025-12-27,2026-01-10,seasonal_naive
53,2025-12-27,2026-01-17,3,3,364.0,364.0,336.0,360.0,364.0,378.0,535.0,2025-12-27,2026-01-17,seasonal_naive
53,2025-12-27,2026-01-24,4,4,421.0,421.0,391.85,417.0,421.0,435.0,594.7499999999993,2025-12-27,2026-01-24,seasonal_naive
54,2025-12-27,2026-01-03,1,1,203.0,203.0,178.0,199.0,203.0,217.0,369.7999999999993,2025-12-27,2026-01-03,seasonal_naive
54,2025-12-27,2026-01-10,2,2,148.0,148.0,123.0,144.0,148.0,162.0,317.39999999999964,2025-12-27,2026-01-10,seasonal_naive
54,2025-12-27,2026-01-17,3,3,137.0,137.0,109.0,133.0,137.0,151.0,308.0,2025-12-27,2026-01-17,seasonal_naive
54,2025-12-27,2026-01-24,4,4,164.0,164.0,134.85000000000002,160.0,164.0,178.0,337.7499999999993,2025-12-27,2026-01-24,seasonal_naive
55,2025-12-27,2026-01-03,1,1,393.0,393.0,368.0,389.0,393.0,407.0,559.7999999999993,2025-12-27,2026-01-03,seasonal_naive
55,2025-12-27,2026-01-10,2,2,392.0,392.0,367.0,388.0,392.0,406.0,561.3999999999996,2025-12-27,2026-01-10,seasonal_naive
55,2025-12-27,2026-01-17,3,3,597.0,597.0,569.0,593.0,597.0,611.0,768.0,2025-12-27,2026-01-17,seasonal_naive
55,2025-12-27,2026-01-24,4,4,861.0,861.0,831.85,857.0,861.0,875.0,1034.7499999999993,2025-12-27,2026-01-24,seasonal_naive
56,2025-12-27,2026-01-03,1,1,120.0,120.0,95.0,116.0,120.0,134.0,286.7999999999993,2025-12-27,2026-01-03,seasonal_naive
56,2025-12-27,2026-01-10,2,2,66.0,66.0,41.0,62.0,66.0,80.0,235.39999999999964,2025-12-27,2026-01-10,seasonal_naive
56,2025-12-27,2026-01-17,3,3,88.0,88.0,60.0,84.0,88.0,102.0,259.0,2025-12-27,2026-01-17,seasonal_naive
56,2025-12-27,2026-01-24,4,4,93.0,93.0,63.85000000000001,89.0,93.0,107.0,266.7499999999993,2025-12-27,2026-01-24,seasonal_naive
72,2025-12-27,2026-01-03,1,1,1014.0,1014.0,989.0,1010.0,1014.0,1028.0,1180.7999999999993,2025-12-27,2026-01-03,seasonal_naive
72,2025-12-27,2026-01-10,2,2,1253.0,1253.0,1228.0,1249.0,1253.0,1267.0,1422.3999999999996,2025-12-27,2026-01-10,seasonal_naive
72,2025-12-27,2026-01-17,3,3,647.0,647.0,619.0,643.0,647.0,661.0,818.0,2025-12-27,2026-01-17,seasonal_naive
72,2025-12-27,2026-01-24,4,4,509.0,509.0,479.85,505.0,509.0,523.0,682.7499999999993,2025-12-27,2026-01-24,seasonal_naive
01,2026-01-24,2026-01-31,1,1,738.0,738.0,498.8,733.0,738.0,753.0,992.1999999999962,2026-01-24,2026-01-31,seasonal_naive
01,2026-01-24,2026-02-07,2,2,664.0,664.0,405.0,659.0,664.0,679.0,936.6999999999998,2026-01-24,2026-02-07,seasonal_naive
01,2026-01-24,2026-02-14,3,3,419.0,419.0,150.0,414.0,419.0,435.0,704.5,2026-01-24,2026-02-14,seasonal_naive
01,2026-01-24,2026-02-21,4,4,290.0,290.0,14.700000000000045,284.0,290.0,307.0,591.1499999999999,2026-01-24,2026-02-21,seasonal_naive
02,2026-01-24,2026-01-31,1,1,34.0,34.0,0.0,29.0,34.0,49.0,288.1999999999962,2026-01-24,2026-01-31,seasonal_naive
02,2026-01-24,2026-02-07,2,2,30.0,30.0,0.0,25.0,30.0,45.0,302.6999999999998,2026-01-24,2026-02-07,seasonal_naive
02,2026-01-24,2026-02-14,3,3,57.0,57.0,0.0,52.0,57.0,73.0,342.5,2026-01-24,2026-02-14,seasonal_naive
02,2026-01-24,2026-02-21,4,4,56.0,56.0,0.0,50.0,56.0,73.0,357.14999999999986,2026-01-24,2026-02-21,seasonal_naive
04,2026-01-24,2026-01-31,1,1,840.0,840.0,600.8,835.0,840.0,855.0,1094.1999999999962,2026-01-24,2026-01-31,seasonal_naive
04,2026-01-24,2026-02-07,2,2,840.0,840.0,581.0,835.0,840.0,855.0,1112.6999999999998,2026-01-24,2026-02-07,seasonal_naive
04,2026-01-24,2026-02-14,3,3,715.0,715.0,446.0,710.0,715.0,731.0,1000.5,2026-01-24,2026-02-14,seasonal_naive
04,2026-01-24,2026-02-21,4,4,651.0,651.0,375.70000000000005,645.0,651.0,668.0,952.1499999999999,2026-01-24,2026-02-21,seasonal_naive
05,2026-01-24,2026-01-31,1,1,554.0,554.0,314.8,549.0,554.0,569.0,808.1999999999962,2026-01-24,2026-01-31,seasonal_naive
05,2026-01-24,2026-02-07,2,2,754.0,754.0,495.0,749.0,754.0,769.0,1026.6999999999998,2026-01-24,2026-02-07,seasonal_naive
05,2026-01-24,2026-02-14,3,3,546.0,546.0,277.0,541.0,546.0,562.0,831.5,2026-01-24,2026-02-14,seasonal_naive
05,2026-01-24,2026-02-21,4,4,396.0,396.0,120.70000000000005,390.0,396.0,413.0,697.1499999999999,2026-01-24,2026-02-21,seasonal_naive
06,2026-01-24,2026-01-31,1,1,4603.0,4603.0,4363.8,4598.0,4603.0,4618.0,4857.199999999996,2026-01-24,2026-01-31,seasonal_naive
06,2026-01-24,2026-02-07,2,2,3680.0,3680.0,3421.0,3675.0,3680.0,3695.0,3952.7,2026-01-24,2026-02-07,seasonal_naive
06,2026-01-24,2026-02-14,3,3,2804.0,2804.0,2535.0,2799.0,2804.0,2820.0,3089.5,2026-01-24,2026-02-14,seasonal_naive
06,2026-01-24,2026-02-21,4,4,2056.0,2056.0,1780.7,2050.0,2056.0,2073.0,2357.1499999999996,2026-01-24,2026-02-21,seasonal_naive
08,2026-01-24,2026-01-31,1,1,547.0,547.0,307.8,542.0,547.0,562.0,801.1999999999962,2026-01-24,2026-01-31,seasonal_naive
08,2026-01-24,2026-02-07,2,2,626.0,626.0,367.0,621.0,626.0,641.0,898.6999999999998,2026-01-24,2026-02-07,seasonal_naive
08,2026-01-24,2026-02-14,3,3,587.0,587.0,318.0,582.0,587.0,603.0,872.5,2026-01-24,2026-02-14,seasonal_naive
08,2026-01-24,2026-02-21,4,4,488.0,488.0,212.70000000000005,482.0,488.0,505.0,789.1499999999999,2026-01-24,2026-02-21,seasonal_naive
09,2026-01-24,2026-01-31,1,1,497.0,497.0,257.8,492.0,497.0,512.0,751.1999999999962,2026-01-24,2026-01-31,seasonal_naive
09,2026-01-24,2026-02-07,2,2,542.0,542.0,283.0,537.0,542.0,557.0,814.6999999999998,2026-01-24,2026-02-07,seasonal_naive
09,2026-01-24,2026-02-14,3,3,503.0,503.0,234.0,498.0,503.0,519.0,788.5,2026-01-24,2026-02-14,seasonal_naive
09,2026-01-24,2026-02-21,4,4,376.0,376.0,100.70000000000005,370.0,376.0,393.0,677.1499999999999,2026-01-24,2026-02-21,seasonal_naive
10,2026-01-24,2026-01-31,1,1,202.0,202.0,0.0,197.0,202.0,217.0,456.1999999999962,2026-01-24,2026-01-31,seasonal_naive
10,2026-01-24,2026-02-07,2,2,235.0,235.0,0.0,230.0,235.0,250.0,507.6999999999998,2026-01-24,2026-02-07,seasonal_naive
10,2026-01-24,2026-02-14,3,3,234.0,234.0,0.0,229.0,234.0,250.0,519.5,2026-01-24,2026-02-14,seasonal_naive
10,2026-01-24,2026-02-21,4,4,168.0,168.0,0.0,162.0,168.0,185.0,469.14999999999986,2026-01-24,2026-02-21,seasonal_naive
11,2026-01-24,2026-01-31,1,1,201.0,201.0,0.0,196.0,201.0,216.0,455.1999999999962,2026-01-24,2026-01-31,seasonal_naive
11,2026-01-24,2026-02-07,2,2,263.0,263.0,4.0,258.0,263.0,278.0,535.6999999999998,2026-01-24,2026-02-07,seasonal_naive
11,2026-01-24,2026-02-14,3,3,87.0,87.0,0.0,82.0,87.0,103.0,372.5,2026-01-24,2026-02-14,seasonal_naive
11,2026-01-24,2026-02-21,4,4,106.0,106.0,0.0,100.0,106.0,123.0,407.14999999999986,2026-01-24,2026-02-21,seasonal_naive
12,2026-01-24,2026-01-31,1,1,3791.0,3791.0,3551.8,3786.0,3791.0,3806.0,4045.199999999996,2026-01-24,2026-01-31,seasonal_naive
12,2026-01-24,2026-02-07,2,2,3353.0,3353.0,3094.0,3348.0,3353.0,3368.0,3625.7,2026-01-24,2026-02-07,seasonal_naive
12,2026-01-24,2026-02-14,3,3,2618.0,2618.0,2349.0,2613.0,2618.0,2634.0,2903.5,2026-01-24,2026-02-14,seasonal_naive
12,2026-01-24,2026-02-21,4,4,2080.0,2080.0,1804.7,2074.0,2080.0,2097.0,2381.1499999999996,2026-01-24,2026-02-21,seasonal_naive
13,2026-01-24,2026-01-31,1,1,1377.0,1377.0,1137.8,1372.0,1377.0,1392.0,1631.1999999999962,2026-01-24,2026-01-31,seasonal_naive
13,2026-01-24,2026-02-07,2,2,1305.0,1305.0,1046.0,1300.0,1305.0,1320.0,1577.6999999999998,2026-01-24,2026-02-07,seasonal_naive
13,2026-01-24,2026-02-14,3,3,748.0,748.0,479.0,743.0,748.0,764.0,1033.5,2026-01-24,2026-02-14,seasonal_naive
13,2026-01-24,2026-02-21,4,4,465.0,465.0,189.70000000000005,459.0,465.0,482.0,766.1499999999999,2026-01-24,2026-02-21,seasonal_naive
15,2026-01-24,2026-01-31,1,1,74.0,74.0,0.0,69.0,74.0,89.0,328.1999999999962,2026-01-24,2026-01-31,seasonal_naive
15,2026-01-24,2026-02-07,2,2,87.0,87.0,0.0,82.0,87.0,102.0,359.6999999999998,2026-01-24,2026-02-07,seasonal_naive
15,2026-01-24,2026-02-14,3,3,83.0,83.0,0.0,78.0,83.0,99.0,368.5,2026-01-24,2026-02-14,seasonal_naive
15,2026-01-24,2026-02-21,4,4,90.0,90.0,0.0,84.0,90.0,107.0,391.14999999999986,2026-01-24,2026-02-21,seasonal_naive
16,2026-01-24,2026-01-31,1,1,166.0,166.0,0.0,161.0,166.0,181.0,420.1999999999962,2026-01-24,2026-01-31,seasonal_naive
16,2026-01-24,2026-02-07,2,2,179.0,179.0,0.0,174.0,179.0,194.0,451.6999999999998,2026-01-24,2026-02-07,seasonal_naive
16,2026-01-24,2026-02-14,3,3,156.0,156.0,0.0,151.0,156.0,172.0,441.5,2026-01-24,2026-02-14,seasonal_naive
16,2026-01-24,2026-02-21,4,4,156.0,156.0,0.0,150.0,156.0,173.0,457.14999999999986,2026-01-24,2026-02-21,seasonal_naive
17,2026-01-24,2026-01-31,1,1,2150.0,2150.0,1910.8,2145.0,2150.0,2165.0,2404.199999999996,2026-01-24,2026-01-31,seasonal_naive
17,2026-01-24,2026-02-07,2,2,2373.0,2373.0,2114.0,2368.0,2373.0,2388.0,2645.7,2026-01-24,2026-02-07,seasonal_naive
17,2026-01-24,2026-02-14,3,3,2068.0,2068.0,1799.0,2063.0,2068.0,2084.0,2353.5,2026-01-24,2026-02-14,seasonal_naive
17,2026-01-24,2026-02-21,4,4,1710.0,1710.0,1434.7,1704.0,1710.0,1727.0,2011.1499999999999,2026-01-24,2026-02-21,seasonal_naive
18,2026-01-24,2026-01-31,1,1,1299.0,1299.0,1059.8,1294.0,1299.0,1314.0,1553.1999999999962,2026-01-24,2026-01-31,seasonal_naive
18,2026-01-24,2026-02-07,2,2,1715.0,1715.0,1456.0,1710.0,1715.0,1730.0,1987.6999999999998,2026-01-24,2026-02-07,seasonal_naive
18,2026-01-24,2026-02-14,3,3,1721.0,1721.0,1452.0,1716.0,1721.0,1737.0,2006.5,2026-01-24,2026-02-14,seasonal_naive
18,2026-01-24,2026-02-21,4,4,1653.0,1653.0,1377.7,1647.0,1653.0,1670.0,1954.1499999999999,2026-01-24,2026-02-21,seasonal_naive
19,2026-01-24,2026-01-31,1,1,461.0,461.0,221.8,456.0,461.0,476.0,715.1999999999962,2026-01-24,2026-01-31,seasonal_naive
19,2026-01-24,2026-02-07,2,2,611.0,611.0,352.0,606.0,611.0,626.0,883.6999999999998,2026-01-24,2026-02-07,seasonal_naive
19,2026-01-24,2026-02-14,3,3,520.0,520.0,251.0,515.0,520.0,536.0,805.5,2026-01-24,2026-02-14,seasonal_naive
19,2026-01-24,2026-02-21,4,4,408.0,408.0,132.70000000000005,402.0,408.0,425.0,709.1499999999999,2026-01-24,2026-02-21,seasonal_naive
20,2026-01-24,2026-01-31,1,1,394.0,394.0,154.8,389.0,394.0,409.0,648.1999999999962,2026-01-24,2026-01-31,seasonal_naive
20,2026-01-24,2026-02-07,2,2,487.0,487.0,228.0,482.0,487.0,502.0,759.6999999999998,2026-01-24,2026-02-07,seasonal_naive
20,2026-01-24,2026-02-14,3,3,523.0,523.0,254.0,518.0,523.0,539.0,808.5,2026-01-24,2026-02-14,seasonal_naive
20,2026-01-24,2026-02-21,4,4,417.0,417.0,141.70000000000005,411.0,417.0,434.0,718.1499999999999,2026-01-24,2026-02-21,seasonal_naive
21,2026-01-24,2026-01-31,1,1,745.0,745.0,505.8,740.0,745.0,760.0,999.1999999999962,2026-01-24,2026-01-31,seasonal_naive
21,2026-01-24,2026-02-07,2,2,1200.0,1200.0,941.0,1195.0,1200.0,1215.0,1472.6999999999998,2026-01-24,2026-02-07,seasonal_naive
21,2026-01-24,2026-02-14,3,3,1207.0,1207.0,938.0,1202.0,1207.0,1223.0,1492.5,2026-01-24,2026-02-14,seasonal_naive
21,2026-01-24,2026-02-21,4,4,900.0,900.0,624.7,894.0,900.0,917.0,1201.1499999999999,2026-01-24,2026-02-21,seasonal_naive
22,2026-01-24,2026-01-31,1,1,624.0,624.0,384.8,619.0,624.0,639.0,878.1999999999962,2026-01-24,2026-01-31,seasonal_naive
22,2026-01-24,2026-02-07,2,2,498.0,498.0,239.0,493.0,498.0,513.0,770.6999999999998,2026-01-24,2026-02-07,seasonal_naive
22,2026-01-24,2026-02-14,3,3,391.0,391.0,122.0,386.0,391.0,407.0,676.5,2026-01-24,2026-02-14,seasonal_naive
22,2026-01-24,2026-02-21,4,4,334.0,334.0,58.700000000000045,328.0,334.0,351.0,635.1499999999999,2026-01-24,2026-02-21,seasonal_naive
23,2026-01-24,2026-01-31,1,1,155.0,155.0,0.0,150.0,155.0,170.0,409.1999999999962,2026-01-24,2026-01-31,seasonal_naive
23,2026-01-24,2026-02-07,2,2,209.0,209.0,0.0,204.0,209.0,224.0,481.6999999999998,2026-01-24,2026-02-07,seasonal_naive
23,2026-01-24,2026-02-14,3,3,271.0,271.0,2.0,266.0,271.0,287.0,556.5,2026-01-24,2026-02-14,seasonal_naive
23,2026-01-24,2026-02-21,4,4,270.0,270.0,0.0,264.0,270.0,287.0,571.1499999999999,2026-01-24,2026-02-21,seasonal_naive
24,2026-01-24,2026-01-31,1,1,814.0,814.0,574.8,809.0,814.0,829.0,1068.1999999999962,2026-01-24,2026-01-31,seasonal_naive
24,2026-01-24,2026-02-07,2,2,1090.0,1090.0,831.0,1085.0,1090.0,1105.0,1362.6999999999998,2026-01-24,2026-02-07,seasonal_naive
24,2026-01-24,2026-02-14,3,3,1085.0,1085.0,816.0,1080.0,1085.0,1101.0,1370.5,2026-01-24,2026-02-14,seasonal_naive
24,2026-01-24,2026-02-21,4,4,768.0,768.0,492.70000000000005,762.0,768.0,785.0,1069.1499999999999,2026-01-24,2026-02-21,seasonal_naive
25,2026-01-24,2026-01-31,1,1,1428.0,1428.0,1188.8,1423.0,1428.0,1443.0,1682.1999999999962,2026-01-24,2026-01-31,seasonal_naive
25,2026-01-24,2026-02-07,2,2,1710.0,1710.0,1451.0,1705.0,1710.0,1725.0,1982.6999999999998,2026-01-24,2026-02-07,seasonal_naive
25,2026-01-24,2026-02-14,3,3,1618.0,1618.0,1349.0,1613.0,1618.0,1634.0,1903.5,2026-01-24,2026-02-14,seasonal_naive
25,2026-01-24,2026-02-21,4,4,1458.0,1458.0,1182.7,1452.0,1458.0,1475.0,1759.1499999999999,2026-01-24,2026-02-21,seasonal_naive
26,2026-01-24,2026-01-31,1,1,1383.0,1383.0,1143.8,1378.0,1383.0,1398.0,1637.1999999999962,2026-01-24,2026-01-31,seasonal_naive
26,2026-01-24,2026-02-07,2,2,1725.0,1725.0,1466.0,1720.0,1725.0,1740.0,1997.6999999999998,2026-01-24,2026-02-07,seasonal_naive
26,2026-01-24,2026-02-14,3,3,1804.0,1804.0,1535.0,1799.0,1804.0,1820.0,2089.5,2026-01-24,2026-02-14,seasonal_naive
26,2026-01-24,2026-02-21,4,4,1809.0,1809.0,1533.7,1803.0,1809.0,1826.0,2110.1499999999996,2026-01-24,2026-02-21,seasonal_naive
27,2026-01-24,2026-01-31,1,1,885.0,885.0,645.8,880.0,885.0,900.0,1139.1999999999962,2026-01-24,2026-01-31,seasonal_naive
27,2026-01-24,2026-02-07,2,2,720.0,720.0,461.0,715.0,720.0,735.0,992.6999999999998,2026-01-24,2026-02-07,seasonal_naive
27,2026-01-24,2026-02-14,3,3,511.0,511.0,242.0,506.0,511.0,527.0,796.5,2026-01-24,2026-02-14,seasonal_naive
27,2026-01-24,2026-02-21,4,4,401.0,401.0,125.70000000000005,395.0,401.0,418.0,702.1499999999999,2026-01-24,2026-02-21,seasonal_naive
28,2026-01-24,2026-01-31,1,1,593.0,593.0,353.8,588.0,593.0,608.0,847.1999999999962,2026-01-24,2026-01-31,seasonal_naive
28,2026-01-24,2026-02-07,2,2,507.0,507.0,248.0,502.0,507.0,522.0,779.6999999999998,2026-01-24,2026-02-07,seasonal_naive
28,2026-01-24,2026-02-14,3,3,293.0,293.0,24.0,288.0,293.0,309.0,578.5,2026-01-24,2026-02-14,seasonal_naive
28,2026-01-24,2026-02-21,4,4,227.0,227.0,0.0,221.0,227.0,244.0,528.1499999999999,2026-01-24,2026-02-21,seasonal_naive
29,2026-01-24,2026-01-31,1,1,1043.0,1043.0,803.8,1038.0,1043.0,1058.0,1297.1999999999962,2026-01-24,2026-01-31,seasonal_naive
29,2026-01-24,2026-02-07,2,2,1339.0,1339.0,1080.0,1334.0,1339.0,1354.0,1611.6999999999998,2026-01-24,2026-02-07,seasonal_naive
29,2026-01-24,2026-02-14,3,3,1429.0,1429.0,1160.0,1424.0,1429.0,1445.0,1714.5,2026-01-24,2026-02-14,seasonal_naive
29,2026-01-24,2026-02-21,4,4,1384.0,1384.0,1108.7,1378.0,1384.0,1401.0,1685.1499999999999,2026-01-24,2026-02-21,seasonal_naive
30,2026-01-24,2026-01-31,1,1,113.0,113.0,0.0,108.0,113.0,128.0,367.1999999999962,2026-01-24,2026-01-31,seasonal_naive
30,2026-01-24,2026-02-07,2,2,165.0,165.0,0.0,160.0,165.0,180.0,437.6999999999998,2026-01-24,2026-02-07,seasonal_naive
30,2026-01-24,2026-02-14,3,3,163.0,163.0,0.0,158.0,163.0,179.0,448.5,2026-01-24,2026-02-14,seasonal_naive
30,2026-01-24,2026-02-21,4,4,212.0,212.0,0.0,206.0,212.0,229.0,513.1499999999999,2026-01-24,2026-02-21,seasonal_naive
31,2026-01-24,2026-01-31,1,1,312.0,312.0,72.80000000000001,307.0,312.0,327.0,566.1999999999962,2026-01-24,2026-01-31,seasonal_naive
31,2026-01-24,2026-02-07,2,2,323.0,323.0,64.0,318.0,323.0,338.0,595.6999999999998,2026-01-24,2026-02-07,seasonal_naive
31,2026-01-24,2026-02-14,3,3,315.0,315.0,46.0,310.0,315.0,331.0,600.5,2026-01-24,2026-02-14,seasonal_naive
31,2026-01-24,2026-02-21,4,4,301.0,301.0,25.700000000000045,295.0,301.0,318.0,602.1499999999999,2026-01-24,2026-02-21,seasonal_naive
32,2026-01-24,2026-01-31,1,1,183.0,183.0,0.0,178.0,183.0,198.0,437.1999999999962,2026-01-24,2026-01-31,seasonal_naive
32,2026-01-24,2026-02-07,2,2,226.0,226.0,0.0,221.0,226.0,241.0,498.6999999999998,2026-01-24,2026-02-07,seasonal_naive
32,2026-01-24,2026-02-14,3,3,152.0,152.0,0.0,147.0,152.0,168.0,437.5,2026-01-24,2026-02-14,seasonal_naive
32,2026-01-24,2026-02-21,4,4,127.0,127.0,0.0,121.0,127.0,144.0,428.14999999999986,2026-01-24,2026-02-21,seasonal_naive
33,2026-01-24,2026-01-31,1,1,178.0,178.0,0.0,173.0,178.0,193.0,432.1999999999962,2026-01-24,2026-01-31,seasonal_naive
33,2026-01-24,2026-02-07,2,2,207.0,207.0,0.0,202.0,207.0,222.0,479.6999999999998,2026-01-24,2026-02-07,seasonal_naive
33,2026-01-24,2026-02-14,3,3,209.0,209.0,0.0,204.0,209.0,225.0,494.5,2026-01-24,2026-02-14,seasonal_naive
33,2026-01-24,2026-02-21,4,4,216.0,216.0,0.0,210.0,216.0,233.0,517.1499999999999,2026-01-24,2026-02-21,seasonal_naive
34,2026-01-24,2026-01-31,1,1,1798.0,1798.0,1558.8,1793.0,1798.0,1813.0,2052.199999999996,2026-01-24,2026-01-31,seasonal_naive
34,2026-01-24,2026-02-07,2,2,1892.0,1892.0,1633.0,1887.0,1892.0,1907.0,2164.7,2026-01-24,2026-02-07,seasonal_naive
34,2026-01-24,2026-02-14,3,3,1521.0,1521.0,1252.0,1516.0,1521.0,1537.0,1806.5,2026-01-24,2026-02-14,seasonal_naive
34,2026-01-24,2026-02-21,4,4,1209.0,1209.0,933.7,1203.0,1209.0,1226.0,1510.1499999999999,2026-01-24,2026-02-21,seasonal_naive
35,2026-01-24,2026-01-31,1,1,218.0,218.0,0.0,213.0,218.0,233.0,472.1999999999962,2026-01-24,2026-01-31,seasonal_naive
35,2026-01-24,2026-02-07,2,2,219.0,219.0,0.0,214.0,219.0,234.0,491.6999999999998,2026-01-24,2026-02-07,seasonal_naive
35,2026-01-24,2026-02-14,3,3,252.0,252.0,0.0,247.0,252.0,268.0,537.5,2026-01-24,2026-02-14,seasonal_naive
35,2026-01-24,2026-02-21,4,4,252.0,252.0,0.0,246.0,252.0,269.0,553.1499999999999,2026-01-24,2026-02-21,seasonal_naive
36,2026-01-24,2026-01-31,1,1,3132.0,3132.0,2892.8,3127.0,3132.0,3147.0,3386.199999999996,2026-01-24,2026-01-31,seasonal_naive
36,2026-01-24,2026-02-07,2,2,2946.0,2946.0,2687.0,2941.0,2946.0,2961.0,3218.7,2026-01-24,2026-02-07,seasonal_naive
36,2026-01-24,2026-02-14,3,3,2496.0,2496.0,2227.0,2491.0,2496.0,2512.0,2781.5,2026-01-24,2026-02-14,seasonal_naive
36,2026-01-24,2026-02-21,4,4,2039.0,2039.0,1763.7,2033.0,2039.0,2056.0,2340.1499999999996,2026-01-24,2026-02-21,seasonal_naive
37,2026-01-24,2026-01-31,1,1,2159.0,2159.0,1919.8,2154.0,2159.0,2174.0,2413.199999999996,2026-01-24,2026-01-31,seasonal_naive
37,2026-01-24,2026-02-07,2,2,2381.0,2381.0,2122.0,2376.0,2381.0,2396.0,2653.7,2026-01-24,2026-02-07,seasonal_naive
37,2026-01-24,2026-02-14,3,3,1772.0,1772.0,1503.0,1767.0,1772.0,1788.0,2057.5,2026-01-24,2026-02-14,seasonal_naive
37,2026-01-24,2026-02-21,4,4,1232.0,1232.0,956.7,1226.0,1232.0,1249.0,1533.1499999999999,2026-01-24,2026-02-21,seasonal_naive
38,2026-01-24,2026-01-31,1,1,107.0,107.0,0.0,102.0,107.0,122.0,361.1999999999962,2026-01-24,2026-01-31,seasonal_naive
38,2026-01-24,2026-02-07,2,2,129.0,129.0,0.0,124.0,129.0,144.0,401.6999999999998,2026-01-24,2026-02-07,seasonal_naive
38,2026-01-24,2026-02-14,3,3,89.0,89.0,0.0,84.0,89.0,105.0,374.5,2026-01-24,2026-02-14,seasonal_naive
38,2026-01-24,2026-02-21,4,4,67.0,67.0,0.0,61.0,67.0,84.0,368.14999999999986,2026-01-24,2026-02-21,seasonal_naive
39,2026-01-24,2026-01-31,1,1,2527.0,2527.0,2287.8,2522.0,2527.0,2542.0,2781.199999999996,2026-01-24,2026-01-31,seasonal_naive
39,2026-01-24,2026-02-07,2,2,3273.0,3273.0,3014.0,3268.0,3273.0,3288.0,3545.7,2026-01-24,2026-02-07,seasonal_naive
39,2026-01-24,2026-02-14,3,3,3709.0,3709.0,3440.0,3704.0,3709.0,3725.0,3994.5,2026-01-24,2026-02-14,seasonal_naive
39,2026-01-24,2026-02-21,4,4,3270.0,3270.0,2994.7,3264.0,3270.0,3287.0,3571.1499999999996,2026-01-24,2026-02-21,seasonal_naive
40,2026-01-24,2026-01-31,1,1,1118.0,1118.0,878.8,1113.0,1118.0,1133.0,1372.1999999999962,2026-01-24,2026-01-31,seasonal_naive
40,2026-01-24,2026-02-07,2,2,1080.0,1080.0,821.0,1075.0,1080.0,1095.0,1352.6999999999998,2026-01-24,2026-02-07,seasonal_naive
40,2026-01-24,2026-02-14,3,3,791.0,791.0,522.0,786.0,791.0,807.0,1076.5,2026-01-24,2026-02-14,seasonal_naive
40,2026-01-24,2026-02-21,4,4,504.0,504.0,228.70000000000005,498.0,504.0,521.0,805.1499999999999,2026-01-24,2026-02-21,seasonal_naive
41,2026-01-24,2026-01-31,1,1,504.0,504.0,264.8,499.0,504.0,519.0,758.1999999999962,2026-01-24,2026-01-31,seasonal_naive
41,2026-01-24,2026-02-07,2,2,570.0,570.0,311.0,565.0,570.0,585.0,842.6999999999998,2026-01-24,2026-02-07,seasonal_naive
41,2026-01-24,2026-02-14,3,3,506.0,506.0,237.0,501.0,506.0,522.0,791.5,2026-01-24,2026-02-14,seasonal_naive
41,2026-01-24,2026-02-21,4,4,490.0,490.0,214.70000000000005,484.0,490.0,507.0,791.1499999999999,2026-01-24,2026-02-21,seasonal_naive
42,2026-01-24,2026-01-31,1,1,3856.0,3856.0,3616.8,3851.0,3856.0,3871.0,4110.199999999996,2026-01-24,2026-01-31,seasonal_naive
42,2026-01-24,2026-02-07,2,2,4361.0,4361.0,4102.0,4356.0,4361.0,4376.0,4633.7,2026-01-24,2026-02-07,seasonal_naive
42,2026-01-24,2026-02-14,3,3,4573.0,4573.0,4304.0,4568.0,4573.0,4589.0,4858.5,2026-01-24,2026-02-14,seasonal_naive
42,2026-01-24,2026-02-21,4,4,3751.0,3751.0,3475.7,3745.0,3751.0,3768.0,4052.1499999999996,2026-01-24,2026-02-21,seasonal_naive
44,2026-01-24,2026-01-31,1,1,177.0,177.0,0.0,172.0,177.0,192.0,431.1999999999962,2026-01-24,2026-01-31,seasonal_naive
44,2026-01-24,2026-02-07,2,2,206.0,206.0,0.0,201.0,206.0,221.0,478.6999999999998,2026-01-24,2026-02-07,seasonal_naive
44,2026-01-24,2026-02-14,3,3,184.0,184.0,0.0,179.0,184.0,200.0,469.5,2026-01-24,2026-02-14,seasonal_naive
44,2026-01-24,2026-02-21,4,4,164.0,164.0,0.0,158.0,164.0,181.0,465.14999999999986,2026-01-24,2026-02-21,seasonal_naive
45,2026-01-24,2026-01-31,1,1,1291.0,1291.0,1051.8,1286.0,1291.0,1306.0,1545.1999999999962,2026-01-24,2026-01-31,seasonal_naive
45,2026-01-24,2026-02-07,2,2,1245.0,1245.0,986.0,1240.0,1245.0,1260.0,1517.6999999999998,2026-01-24,2026-02-07,seasonal_naive
45,2026-01-24,2026-02-14,3,3,694.0,694.0,425.0,689.0,694.0,710.0,979.5,2026-01-24,2026-02-14,seasonal_naive
45,2026-01-24,2026-02-21,4,4,483.0,483.0,207.70000000000005,477.0,483.0,500.0,784.1499999999999,2026-01-24,2026-02-21,seasonal_naive
46,2026-01-24,2026-01-31,1,1,143.0,143.0,0.0,138.0,143.0,158.0,397.1999999999962,2026-01-24,2026-01-31,seasonal_naive
46,2026-01-24,2026-02-07,2,2,211.0,211.0,0.0,206.0,211.0,226.0,483.6999999999998,2026-01-24,2026-02-07,seasonal_naive
46,2026-01-24,2026-02-14,3,3,187.0,187.0,0.0,182.0,187.0,203.0,472.5,2026-01-24,2026-02-14,seasonal_naive
46,2026-01-24,2026-02-21,4,4,114.0,114.0,0.0,108.0,114.0,131.0,415.14999999999986,2026-01-24,2026-02-21,seasonal_naive
47,2026-01-24,2026-01-31,1,1,948.0,948.0,708.8,943.0,948.0,963.0,1202.1999999999962,2026-01-24,2026-01-31,seasonal_naive
47,2026-01-24,2026-02-07,2,2,1071.0,1071.0,812.0,1066.0,1071.0,1086.0,1343.6999999999998,2026-01-24,2026-02-07,seasonal_naive
47,2026-01-24,2026-02-14,3,3,703.0,703.0,434.0,698.0,703.0,719.0,988.5,2026-01-24,2026-02-14,seasonal_naive
47,2026-01-24,2026-02-21,4,4,550.0,550.0,274.70000000000005,544.0,550.0,567.0,851.1499999999999,2026-01-24,2026-02-21,seasonal_naive
48,2026-01-24,2026-01-31,1,1,4733.0,4733.0,4493.8,4728.0,4733.0,4748.0,4987.199999999996,2026-01-24,2026-01-31,seasonal_naive
48,2026-01-24,2026-02-07,2,2,4265.0,4265.0,4006.0,4260.0,4265.0,4280.0,4537.7,2026-01-24,2026-02-07,seasonal_naive
48,2026-01-24,2026-02-14,3,3,2515.0,2515.0,2246.0,2510.0,2515.0,2531.0,2800.5,2026-01-24,2026-02-14,seasonal_naive
48,2026-01-24,2026-02-21,4,4,1778.0,1778.0,1502.7,1772.0,1778.0,1795.0,2079.1499999999996,2026-01-24,2026-02-21,seasonal_naive
49,2026-01-24,2026-01-31,1,1,199.0,199.0,0.0,194.0,199.0,214.0,453.1999999999962,2026-01-24,2026-01-31,seasonal_naive
49,2026-01-24,2026-02-07,2,2,222.0,222.0,0.0,217.0,222.0,237.0,494.6999999999998,2026-01-24,2026-02-07,seasonal_naive
49,2026-01-24,2026-02-14,3,3,207.0,207.0,0.0,202.0,207.0,223.0,492.5,2026-01-24,2026-02-14,seasonal_naive
49,2026-01-24,2026-02-21,4,4,187.0,187.0,0.0,181.0,187.0,204.0,488.14999999999986,2026-01-24,2026-02-21,seasonal_naive
50,2026-01-24,2026-01-31,1,1,88.0,88.0,0.0,83.0,88.0,103.0,342.1999999999962,2026-01-24,2026-01-31,seasonal_naive
50,2026-01-24,2026-02-07,2,2,138.0,138.0,0.0,133.0,138.0,153.0,410.6999999999998,2026-01-24,2026-02-07,seasonal_naive
50,2026-01-24,2026-02-14,3,3,119.0,119.0,0.0,114.0,119.0,135.0,404.5,2026-01-24,2026-02-14,seasonal_naive
50,2026-01-24,2026-02-21,4,4,111.0,111.0,0.0,105.0,111.0,128.0,412.14999999999986,2026-01-24,2026-02-21,seasonal_naive
51,2026-01-24,2026-01-31,1,1,1087.0,1087.0,847.8,1082.0,1087.0,1102.0,1341.1999999999962,2026-01-24,2026-01-31,seasonal_naive
51,2026-01-24,2026-02-07,2,2,1319.0,1319.0,1060.0,1314.0,1319.0,1334.0,1591.6999999999998,2026-01-24,2026-02-07,seasonal_naive
51,2026-01-24,2026-02-14,3,3,1194.0,1194.0,925.0,1189.0,1194.0,1210.0,1479.5,2026-01-24,2026-02-14,seasonal_naive
51,2026-01-24,2026-02-21,4,4,913.0,913.0,637.7,907.0,913.0,930.0,1214.1499999999999,2026-01-24,2026-02-21,seasonal_naive
53,2026-01-24,2026-01-31,1,1,606.0,606.0,366.8,601.0,606.0,621.0,860.1999999999962,2026-01-24,2026-01-31,seasonal_naive
53,2026-01-24,2026-02-07,2,2,751.0,751.0,492.0,746.0,751.0,766.0,1023.6999999999998,2026-01-24,2026-02-07,seasonal_naive
53,2026-01-24,2026-02-14,3,3,663.0,663.0,394.0,658.0,663.0,679.0,948.5,2026-01-24,2026-02-14,seasonal_naive
53,2026-01-24,2026-02-21,4,4,675.0,675.0,399.70000000000005,669.0,675.0,692.0,976.1499999999999,2026-01-24,2026-02-21,seasonal_naive
54,2026-01-24,2026-01-31,1,1,271.0,271.0,31.80000000000001,266.0,271.0,286.0,525.1999999999962,2026-01-24,2026-01-31,seasonal_naive
54,2026-01-24,2026-02-07,2,2,462.0,462.0,203.0,457.0,462.0,477.0,734.6999999999998,2026-01-24,2026-02-07,seasonal_naive
54,2026-01-24,2026-02-14,3,3,621.0,621.0,352.0,616.0,621.0,637.0,906.5,2026-01-24,2026-02-14,seasonal_naive
54,2026-01-24,2026-02-21,4,4,644.0,644.0,368.70000000000005,638.0,644.0,661.0,945.1499999999999,2026-01-24,2026-02-21,seasonal_naive
55,2026-01-24,2026-01-31,1,1,1072.0,1072.0,832.8,1067.0,1072.0,1087.0,1326.1999999999962,2026-01-24,2026-01-31,seasonal_naive
55,2026-01-24,2026-02-07,2,2,1157.0,1157.0,898.0,1152.0,1157.0,1172.0,1429.6999999999998,2026-01-24,2026-02-07,seasonal_naive
55,2026-01-24,2026-02-14,3,3,1111.0,1111.0,842.0,1106.0,1111.0,1127.0,1396.5,2026-01-24,2026-02-14,seasonal_naive
55,2026-01-24,2026-02-21,4,4,896.0,896.0,620.7,890.0,896.0,913.0,1197.1499999999999,2026-01-24,2026-02-21,seasonal_naive
56,2026-01-24,2026-01-31,1,1,106.0,106.0,0.0,101.0,106.0,121.0,360.1999999999962,2026-01-24,2026-01-31,seasonal_naive
56,2026-01-24,2026-02-07,2,2,110.0,110.0,0.0,105.0,110.0,125.0,382.6999999999998,2026-01-24,2026-02-07,seasonal_naive
56,2026-01-24,2026-02-14,3,3,76.0,76.0,0.0,71.0,76.0,92.0,361.5,2026-01-24,2026-02-14,seasonal_naive
56,2026-01-24,2026-02-21,4,4,103.0,103.0,0.0,97.0,103.0,120.0,404.14999999999986,2026-01-24,2026-02-21,seasonal_naive
72,2026-01-24,2026-01-31,1,1,352.0,352.0,112.80000000000001,347.0,352.0,367.0,606.1999999999962,2026-01-24,2026-01-31,seasonal_naive
72,2026-01-24,2026-02-07,2,2,255.0,255.0,0.0,250.0,255.0,270.0,527.6999999999998,2026-01-24,2026-02-07,seasonal_naive
72,2026-01-24,2026-02-14,3,3,359.0,359.0,90.0,354.0,359.0,375.0,644.5,2026-01-24,2026-02-14,seasonal_naive
72,2026-01-24,2026-02-21,4,4,244.0,244.0,0.0,238.0,244.0,261.0,545.1499999999999,2026-01-24,2026-02-21,seasonal_naive
01,2026-02-21,2026-02-28,1,1,331.0,331.0,0.0,302.0,331.0,346.0,560.3999999999996,2026-02-21,2026-02-28,seasonal_naive
01,2026-02-21,2026-03-07,2,2,316.0,316.0,0.0,279.75,316.0,331.0,555.4999999999991,2026-02-21,2026-03-07,seasonal_naive
01,2026-02-21,2026-03-14,3,3,274.0,274.0,0.0,230.5,274.0,289.0,525.0,2026-02-21,2026-03-14,seasonal_naive
01,2026-02-21,2026-03-21,4,4,194.0,194.0,0.0,141.5,194.0,210.0,467.2999999999997,2026-02-21,2026-03-21,seasonal_naive
02,2026-02-21,2026-02-28,1,1,59.0,59.0,0.0,30.0,59.0,74.0,288.39999999999964,2026-02-21,2026-02-28,seasonal_naive
02,2026-02-21,2026-03-07,2,2,64.0,64.0,0.0,27.75,64.0,79.0,303.4999999999991,2026-02-21,2026-03-07,seasonal_naive
02,2026-02-21,2026-03-14,3,3,33.0,33.0,0.0,0.0,33.0,48.0,284.0,2026-02-21,2026-03-14,seasonal_naive
02,2026-02-21,2026-03-21,4,4,28.0,28.0,0.0,0.0,28.0,44.0,301.2999999999997,2026-02-21,2026-03-21,seasonal_naive
04,2026-02-21,2026-02-28,1,1,659.0,659.0,0.0,630.0,659.0,674.0,888.3999999999996,2026-02-21,2026-02-28,seasonal_naive
04,2026-02-21,2026-03-07,2,2,501.0,501.0,0.0,464.75,501.0,516.0,740.4999999999991,2026-02-21,2026-03-07,seasonal_naive
04,2026-02-21,2026-03-14,3,3,395.0,395.0,0.0,351.5,395.0,410.0,646.0,2026-02-21,2026-03-14,seasonal_naive
04,2026-02-21,2026-03-21,4,4,348.0,348.0,0.0,295.5,348.0,364.0,621.2999999999997,2026-02-21,2026-03-21,seasonal_naive
05,2026-02-21,2026-02-28,1,1,363.0,363.0,0.0,334.0,363.0,378.0,592.3999999999996,2026-02-21,2026-02-28,seasonal_naive
05,2026-02-21,2026-03-07,2,2,327.0,327.0,0.0,290.75,327.0,342.0,566.4999999999991,2026-02-21,2026-03-07,seasonal_naive
05,2026-02-21,2026-03-14,3,3,231.0,231.0,0.0,187.5,231.0,246.0,482.0,2026-02-21,2026-03-14,seasonal_naive
05,2026-02-21,2026-03-21,4,4,166.0,166.0,0.0,113.5,166.0,182.0,439.2999999999997,2026-02-21,2026-03-21,seasonal_naive
06,2026-02-21,2026-02-28,1,1,1468.0,1468.0,503.20000000000016,1439.0,1468.0,1483.0,1697.3999999999996,2026-02-21,2026-02-28,seasonal_naive
06,2026-02-21,2026-03-07,2,2,1071.0,1071.0,89.75,1034.75,1071.0,1086.0,1310.499999999999,2026-02-21,2026-03-07,seasonal_naive
06,2026-02-21,2026-03-14,3,3,999.0,999.0,0.0,955.5,999.0,1014.0,1250.0,2026-02-21,2026-03-14,seasonal_naive
06,2026-02-21,2026-03-21,4,4,713.0,713.0,0.0,660.5,713.0,729.0,986.2999999999997,2026-02-21,2026-03-21,seasonal_naive
08,2026-02-21,2026-02-28,1,1,383.0,383.0,0.0,354.0,383.0,398.0,612.3999999999996,2026-02-21,2026-02-28,seasonal_naive
08,2026-02-21,2026-03-07,2,2,313.0,313.0,0.0,276.75,313.0,328.0,552.4999999999991,2026-02-21,2026-03-07,seasonal_naive
08,2026-02-21,2026-03-14,3,3,217.0,217.0,0.0,173.5,217.0,232.0,468.0,2026-02-21,2026-03-14,seasonal_naive
08,2026-02-21,2026-03-21,4,4,164.0,164.0,0.0,111.5,164.0,180.0,437.2999999999997,2026-02-21,2026-03-21,seasonal_naive
09,2026-02-21,2026-02-28,1,1,280.0,280.0,0.0,251.0,280.0,295.0,509.39999999999964,2026-02-21,2026-02-28,seasonal_naive
09,2026-02-21,2026-03-07,2,2,189.0,189.0,0.0,152.75,189.0,204.0,428.4999999999991,2026-02-21,2026-03-07,seasonal_naive
09,2026-02-21,2026-03-14,3,3,155.0,155.0,0.0,111.5,155.0,170.0,406.0,2026-02-21,2026-03-14,seasonal_naive
09,2026-02-21,2026-03-21,4,4,120.0,120.0,0.0,67.5,120.0,136.0,393.2999999999997,2026-02-21,2026-03-21,seasonal_naive
10,2026-02-21,2026-02-28,1,1,127.0,127.0,0.0,98.0,127.0,142.0,356.39999999999964,2026-02-21,2026-02-28,seasonal_naive
10,2026-02-21,2026-03-07,2,2,83.0,83.0,0.0,46.75,83.0,98.0,322.4999999999991,2026-02-21,2026-03-07,seasonal_naive
10,2026-02-21,2026-03-14,3,3,66.0,66.0,0.0,22.5,66.0,81.0,317.0,2026-02-21,2026-03-14,seasonal_naive
10,2026-02-21,2026-03-21,4,4,50.0,50.0,0.0,0.0,50.0,66.0,323.2999999999997,2026-02-21,2026-03-21,seasonal_naive
11,2026-02-21,2026-02-28,1,1,122.0,122.0,0.0,93.0,122.0,137.0,351.39999999999964,2026-02-21,2026-02-28,seasonal_naive
11,2026-02-21,2026-03-07,2,2,105.0,105.0,0.0,68.75,105.0,120.0,344.4999999999991,2026-02-21,2026-03-07,seasonal_naive
11,2026-02-21,2026-03-14,3,3,83.0,83.0,0.0,39.5,83.0,98.0,334.0,2026-02-21,2026-03-14,seasonal_naive
11,2026-02-21,2026-03-21,4,4,69.0,69.0,0.0,16.5,69.0,85.0,342.2999999999997,2026-02-21,2026-03-21,seasonal_naive
12,2026-02-21,2026-02-28,1,1,1632.0,1632.0,667.2000000000002,1603.0,1632.0,1647.0,1861.3999999999996,2026-02-21,2026-02-28,seasonal_naive
12,2026-02-21,2026-03-07,2,2,1324.0,1324.0,342.75,1287.75,1324.0,1339.0,1563.499999999999,2026-02-21,2026-03-07,seasonal_naive
12,2026-02-21,2026-03-14,3,3,1109.0,1109.0,110.0,1065.5,1109.0,1124.0,1360.0,2026-02-21,2026-03-14,seasonal_naive
12,2026-02-21,2026-03-21,4,4,922.0,922.0,0.0,869.5,922.0,938.0,1195.2999999999997,2026-02-21,2026-03-21,seasonal_naive
13,2026-02-21,2026-02-28,1,1,439.0,439.0,0.0,410.0,439.0,454.0,668.3999999999996,2026-02-21,2026-02-28,seasonal_naive
13,2026-02-21,2026-03-07,2,2,398.0,398.0,0.0,361.75,398.0,413.0,637.4999999999991,2026-02-21,2026-03-07,seasonal_naive
13,2026-02-21,2026-03-14,3,3,367.0,367.0,0.0,323.5,367.0,382.0,618.0,2026-02-21,2026-03-14,seasonal_naive
13,2026-02-21,2026-03-21,4,4,237.0,237.0,0.0,184.5,237.0,253.0,510.2999999999997,2026-02-21,2026-03-21,seasonal_naive
15,2026-02-21,2026-02-28,1,1,69.0,69.0,0.0,40.0,69.0,84.0,298.39999999999964,2026-02-21,2026-02-28,seasonal_naive
15,2026-02-21,2026-03-07,2,2,65.0,65.0,0.0,28.75,65.0,80.0,304.4999999999991,2026-02-21,2026-03-07,seasonal_naive
15,2026-02-21,2026-03-14,3,3,58.0,58.0,0.0,14.5,58.0,73.0,309.0,2026-02-21,2026-03-14,seasonal_naive
15,2026-02-21,2026-03-21,4,4,44.0,44.0,0.0,0.0,44.0,60.0,317.2999999999997,2026-02-21,2026-03-21,seasonal_naive
16,2026-02-21,2026-02-28,1,1,126.0,126.0,0.0,97.0,126.0,141.0,355.39999999999964,2026-02-21,2026-02-28,seasonal_naive
16,2026-02-21,2026-03-07,2,2,97.0,97.0,0.0,60.75,97.0,112.0,336.4999999999991,2026-02-21,2026-03-07,seasonal_naive
16,2026-02-21,2026-03-14,3,3,101.0,101.0,0.0,57.5,101.0,116.0,352.0,2026-02-21,2026-03-14,seasonal_naive
16,2026-02-21,2026-03-21,4,4,85.0,85.0,0.0,32.5,85.0,101.0,358.2999999999997,2026-02-21,2026-03-21,seasonal_naive
17,2026-02-21,2026-02-28,1,1,1313.0,1313.0,348.20000000000016,1284.0,1313.0,1328.0,1542.3999999999996,2026-02-21,2026-02-28,seasonal_naive
17,2026-02-21,2026-03-07,2,2,962.0,962.0,0.0,925.75,962.0,977.0,1201.499999999999,2026-02-21,2026-03-07,seasonal_naive
17,2026-02-21,2026-03-14,3,3,720.0,720.0,0.0,676.5,720.0,735.0,971.0,2026-02-21,2026-03-14,seasonal_naive
17,2026-02-21,2026-03-21,4,4,511.0,511.0,0.0,458.5,511.0,527.0,784.2999999999997,2026-02-21,2026-03-21,seasonal_naive
18,2026-02-21,2026-02-28,1,1,1212.0,1212.0,247.20000000000016,1183.0,1212.0,1227.0,1441.3999999999996,2026-02-21,2026-02-28,seasonal_naive
18,2026-02-21,2026-03-07,2,2,902.0,902.0,0.0,865.75,902.0,917.0,1141.499999999999,2026-02-21,2026-03-07,seasonal_naive
18,2026-02-21,2026-03-14,3,3,601.0,601.0,0.0,557.5,601.0,616.0,852.0,2026-02-21,2026-03-14,seasonal_naive
18,2026-02-21,2026-03-21,4,4,394.0,394.0,0.0,341.5,394.0,410.0,667.2999999999997,2026-02-21,2026-03-21,seasonal_naive
19,2026-02-21,2026-02-28,1,1,357.0,357.0,0.0,328.0,357.0,372.0,586.3999999999996,2026-02-21,2026-02-28,seasonal_naive
19,2026-02-21,2026-03-07,2,2,273.0,273.0,0.0,236.75,273.0,288.0,512.4999999999991,2026-02-21,2026-03-07,seasonal_naive
19,2026-02-21,2026-03-14,3,3,189.0,189.0,0.0,145.5,189.0,204.0,440.0,2026-02-21,2026-03-14,seasonal_naive
19,2026-02-21,2026-03-21,4,4,101.0,101.0,0.0,48.5,101.0,117.0,374.2999999999997,2026-02-21,2026-03-21,seasonal_naive
20,2026-02-21,2026-02-28,1,1,310.0,310.0,0.0,281.0,310.0,325.0,539.3999999999996,2026-02-21,2026-02-28,seasonal_naive
20,2026-02-21,2026-03-07,2,2,253.0,253.0,0.0,216.75,253.0,268.0,492.4999999999991,2026-02-21,2026-03-07,seasonal_naive
20,2026-02-21,2026-03-14,3,3,166.0,166.0,0.0,122.5,166.0,181.0,417.0,2026-02-21,2026-03-14,seasonal_naive
20,2026-02-21,2026-03-21,4,4,122.0,122.0,0.0,69.5,122.0,138.0,395.2999999999997,2026-02-21,2026-03-21,seasonal_naive
21,2026-02-21,2026-02-28,1,1,776.0,776.0,0.0,747.0,776.0,791.0,1005.3999999999996,2026-02-21,2026-02-28,seasonal_naive
21,2026-02-21,2026-03-07,2,2,635.0,635.0,0.0,598.75,635.0,650.0,874.4999999999991,2026-02-21,2026-03-07,seasonal_naive
21,2026-02-21,2026-03-14,3,3,496.0,496.0,0.0,452.5,496.0,511.0,747.0,2026-02-21,2026-03-14,seasonal_naive
21,2026-02-21,2026-03-21,4,4,374.0,374.0,0.0,321.5,374.0,390.0,647.2999999999997,2026-02-21,2026-03-21,seasonal_naive
22,2026-02-21,2026-02-28,1,1,361.0,361.0,0.0,332.0,361.0,376.0,590.3999999999996,2026-02-21,2026-02-28,seasonal_naive
22,2026-02-21,2026-03-07,2,2,400.0,400.0,0.0,363.75,400.0,415.0,639.4999999999991,2026-02-21,2026-03-07,seasonal_naive
22,2026-02-21,2026-03-14,3,3,329.0,329.0,0.0,285.5,329.0,344.0,580.0,2026-02-21,2026-03-14,seasonal_naive
22,2026-02-21,2026-03-21,4,4,232.0,232.0,0.0,179.5,232.0,248.0,505.2999999999997,2026-02-21,2026-03-21,seasonal_naive
23,2026-02-21,2026-02-28,1,1,207.0,207.0,0.0,178.0,207.0,222.0,436.39999999999964,2026-02-21,2026-02-28,seasonal_naive
23,2026-02-21,2026-03-07,2,2,202.0,202.0,0.0,165.75,202.0,217.0,441.4999999999991,2026-02-21,2026-03-07,seasonal_naive
23,2026-02-21,2026-03-14,3,3,117.0,117.0,0.0,73.5,117.0,132.0,368.0,2026-02-21,2026-03-14,seasonal_naive
23,2026-02-21,2026-03-21,4,4,85.0,85.0,0.0,32.5,85.0,101.0,358.2999999999997,2026-02-21,2026-03-21,seasonal_naive
24,2026-02-21,2026-02-28,1,1,550.0,550.0,0.0,521.0,550.0,565.0,779.3999999999996,2026-02-21,2026-02-28,seasonal_naive
24,2026-02-21,2026-03-07,2,2,381.0,381.0,0.0,344.75,381.0,396.0,620.4999999999991,2026-02-21,2026-03-07,seasonal_naive
24,2026-02-21,2026-03-14,3,3,293.0,293.0,0.0,249.5,293.0,308.0,544.0,2026-02-21,2026-03-14,seasonal_naive
24,2026-02-21,2026-03-21,4,4,212.0,212.0,0.0,159.5,212.0,228.0,485.2999999999997,2026-02-21,2026-03-21,seasonal_naive
25,2026-02-21,2026-02-28,1,1,1295.0,1295.0,330.20000000000016,1266.0,1295.0,1310.0,1524.3999999999996,2026-02-21,2026-02-28,seasonal_naive
25,2026-02-21,2026-03-07,2,2,782.0,782.0,0.0,745.75,782.0,797.0,1021.4999999999991,2026-02-21,2026-03-07,seasonal_naive
25,2026-02-21,2026-03-14,3,3,459.0,459.0,0.0,415.5,459.0,474.0,710.0,2026-02-21,2026-03-14,seasonal_naive
25,2026-02-21,2026-03-21,4,4,327.0,327.0,0.0,274.5,327.0,343.0,600.2999999999997,2026-02-21,2026-03-21,seasonal_naive
26,2026-02-21,2026-02-28,1,1,1668.0,1668.0,703.2000000000002,1639.0,1668.0,1683.0,1897.3999999999996,2026-02-21,2026-02-28,seasonal_naive
26,2026-02-21,2026-03-07,2,2,1263.0,1263.0,281.75,1226.75,1263.0,1278.0,1502.499999999999,2026-02-21,2026-03-07,seasonal_naive
26,2026-02-21,2026-03-14,3,3,851.0,851.0,0.0,807.5,851.0,866.0,1102.0,2026-02-21,2026-03-14,seasonal_naive
26,2026-02-21,2026-03-21,4,4,949.0,949.0,0.0,896.5,949.0,965.0,1222.2999999999997,2026-02-21,2026-03-21,seasonal_naive
27,2026-02-21,2026-02-28,1,1,298.0,298.0,0.0,269.0,298.0,313.0,527.3999999999996,2026-02-21,2026-02-28,seasonal_naive
27,2026-02-21,2026-03-07,2,2,215.0,215.0,0.0,178.75,215.0,230.0,454.4999999999991,2026-02-21,2026-03-07,seasonal_naive
27,2026-02-21,2026-03-14,3,3,178.0,178.0,0.0,134.5,178.0,193.0,429.0,2026-02-21,2026-03-14,seasonal_naive
27,2026-02-21,2026-03-21,4,4,199.0,199.0,0.0,146.5,199.0,215.0,472.2999999999997,2026-02-21,2026-03-21,seasonal_naive
28,2026-02-21,2026-02-28,1,1,216.0,216.0,0.0,187.0,216.0,231.0,445.39999999999964,2026-02-21,2026-02-28,seasonal_naive
28,2026-02-21,2026-03-07,2,2,183.0,183.0,0.0,146.75,183.0,198.0,422.4999999999991,2026-02-21,2026-03-07,seasonal_naive
28,2026-02-21,2026-03-14,3,3,198.0,198.0,0.0,154.5,198.0,213.0,449.0,2026-02-21,2026-03-14,seasonal_naive
28,2026-02-21,2026-03-21,4,4,108.0,108.0,0.0,55.5,108.0,124.0,381.2999999999997,2026-02-21,2026-03-21,seasonal_naive
29,2026-02-21,2026-02-28,1,1,863.0,863.0,0.0,834.0,863.0,878.0,1092.3999999999996,2026-02-21,2026-02-28,seasonal_naive
29,2026-02-21,2026-03-07,2,2,695.0,695.0,0.0,658.75,695.0,710.0,934.4999999999991,2026-02-21,2026-03-07,seasonal_naive
29,2026-02-21,2026-03-14,3,3,442.0,442.0,0.0,398.5,442.0,457.0,693.0,2026-02-21,2026-03-14,seasonal_naive
29,2026-02-21,2026-03-21,4,4,372.0,372.0,0.0,319.5,372.0,388.0,645.2999999999997,2026-02-21,2026-03-21,seasonal_naive
30,2026-02-21,2026-02-28,1,1,193.0,193.0,0.0,164.0,193.0,208.0,422.39999999999964,2026-02-21,2026-02-28,seasonal_naive
30,2026-02-21,2026-03-07,2,2,161.0,161.0,0.0,124.75,161.0,176.0,400.4999999999991,2026-02-21,2026-03-07,seasonal_naive
30,2026-02-21,2026-03-14,3,3,127.0,127.0,0.0,83.5,127.0,142.0,378.0,2026-02-21,2026-03-14,seasonal_naive
30,2026-02-21,2026-03-21,4,4,93.0,93.0,0.0,40.5,93.0,109.0,366.2999999999997,2026-02-21,2026-03-21,seasonal_naive
31,2026-02-21,2026-02-28,1,1,199.0,199.0,0.0,170.0,199.0,214.0,428.39999999999964,2026-02-21,2026-02-28,seasonal_naive
31,2026-02-21,2026-03-07,2,2,155.0,155.0,0.0,118.75,155.0,170.0,394.4999999999991,2026-02-21,2026-03-07,seasonal_naive
31,2026-02-21,2026-03-14,3,3,82.0,82.0,0.0,38.5,82.0,97.0,333.0,2026-02-21,2026-03-14,seasonal_naive
31,2026-02-21,2026-03-21,4,4,60.0,60.0,0.0,7.5,60.0,76.0,333.2999999999997,2026-02-21,2026-03-21,seasonal_naive
32,2026-02-21,2026-02-28,1,1,99.0,99.0,0.0,70.0,99.0,114.0,328.39999999999964,2026-02-21,2026-02-28,seasonal_naive
32,2026-02-21,2026-03-07,2,2,81.0,81.0,0.0,44.75,81.0,96.0,320.4999999999991,2026-02-21,2026-03-07,seasonal_naive
32,2026-02-21,2026-03-14,3,3,90.0,90.0,0.0,46.5,90.0,105.0,341.0,2026-02-21,2026-03-14,seasonal_naive
32,2026-02-21,2026-03-21,4,4,83.0,83.0,0.0,30.5,83.0,99.0,356.2999999999997,2026-02-21,2026-03-21,seasonal_naive
33,2026-02-21,2026-02-28,1,1,192.0,192.0,0.0,163.0,192.0,207.0,421.39999999999964,2026-02-21,2026-02-28,seasonal_naive
33,2026-02-21,2026-03-07,2,2,147.0,147.0,0.0,110.75,147.0,162.0,386.4999999999991,2026-02-21,2026-03-07,seasonal_naive
33,2026-02-21,2026-03-14,3,3,81.0,81.0,0.0,37.5,81.0,96.0,332.0,2026-02-21,2026-03-14,seasonal_naive
33,2026-02-21,2026-03-21,4,4,55.0,55.0,0.0,2.5,55.0,71.0,328.2999999999997,2026-02-21,2026-03-21,seasonal_naive
34,2026-02-21,2026-02-28,1,1,940.0,940.0,0.0,911.0,940.0,955.0,1169.3999999999996,2026-02-21,2026-02-28,seasonal_naive
34,2026-02-21,2026-03-07,2,2,632.0,632.0,0.0,595.75,632.0,647.0,871.4999999999991,2026-02-21,2026-03-07,seasonal_naive
34,2026-02-21,2026-03-14,3,3,467.0,467.0,0.0,423.5,467.0,482.0,718.0,2026-02-21,2026-03-14,seasonal_naive
34,2026-02-21,2026-03-21,4,4,347.0,347.0,0.0,294.5,347.0,363.0,620.2999999999997,2026-02-21,2026-03-21,seasonal_naive
35,2026-02-21,2026-02-28,1,1,186.0,186.0,0.0,157.0,186.0,201.0,415.39999999999964,2026-02-21,2026-02-28,seasonal_naive
35,2026-02-21,2026-03-07,2,2,180.0,180.0,0.0,143.75,180.0,195.0,419.4999999999991,2026-02-21,2026-03-07,seasonal_naive
35,2026-02-21,2026-03-14,3,3,148.0,148.0,0.0,104.5,148.0,163.0,399.0,2026-02-21,2026-03-14,seasonal_naive
35,2026-02-21,2026-03-21,4,4,112.0,112.0,0.0,59.5,112.0,128.0,385.2999999999997,2026-02-21,2026-03-21,seasonal_naive
36,2026-02-21,2026-02-28,1,1,1632.0,1632.0,667.2000000000002,1603.0,1632.0,1647.0,1861.3999999999996,2026-02-21,2026-02-28,seasonal_naive
36,2026-02-21,2026-03-07,2,2,1280.0,1280.0,298.75,1243.75,1280.0,1295.0,1519.499999999999,2026-02-21,2026-03-07,seasonal_naive
36,2026-02-21,2026-03-14,3,3,1109.0,1109.0,110.0,1065.5,1109.0,1124.0,1360.0,2026-02-21,2026-03-14,seasonal_naive
36,2026-02-21,2026-03-21,4,4,896.0,896.0,0.0,843.5,896.0,912.0,1169.2999999999997,2026-02-21,2026-03-21,seasonal_naive
37,2026-02-21,2026-02-28,1,1,962.0,962.0,0.0,933.0,962.0,977.0,1191.3999999999996,2026-02-21,2026-02-28,seasonal_naive
37,2026-02-21,2026-03-07,2,2,859.0,859.0,0.0,822.75,859.0,874.0,1098.499999999999,2026-02-21,2026-03-07,seasonal_naive
37,2026-02-21,2026-03-14,3,3,689.0,689.0,0.0,645.5,689.0,704.0,940.0,2026-02-21,2026-03-14,seasonal_naive
37,2026-02-21,2026-03-21,4,4,446.0,446.0,0.0,393.5,446.0,462.0,719.2999999999997,2026-02-21,2026-03-21,seasonal_naive
38,2026-02-21,2026-02-28,1,1,49.0,49.0,0.0,20.0,49.0,64.0,278.39999999999964,2026-02-21,2026-02-28,seasonal_naive
38,2026-02-21,2026-03-07,2,2,33.0,33.0,0.0,0.0,33.0,48.0,272.4999999999991,2026-02-21,2026-03-07,seasonal_naive
38,2026-02-21,2026-03-14,3,3,38.0,38.0,0.0,0.0,38.0,53.0,289.0,2026-02-21,2026-03-14,seasonal_naive
38,2026-02-21,2026-03-21,4,4,26.0,26.0,0.0,0.0,26.0,42.0,299.2999999999997,2026-02-21,2026-03-21,seasonal_naive
39,2026-02-21,2026-02-28,1,1,2613.0,2613.0,1648.2000000000003,2584.0,2613.0,2628.0,2842.3999999999996,2026-02-21,2026-02-28,seasonal_naive
39,2026-02-21,2026-03-07,2,2,1907.0,1907.0,925.75,1870.75,1907.0,1922.0,2146.499999999999,2026-02-21,2026-03-07,seasonal_naive
39,2026-02-21,2026-03-14,3,3,1363.0,1363.0,364.0,1319.5,1363.0,1378.0,1614.0,2026-02-21,2026-03-14,seasonal_naive
39,2026-02-21,2026-03-21,4,4,799.0,799.0,0.0,746.5,799.0,815.0,1072.2999999999997,2026-02-21,2026-03-21,seasonal_naive
40,2026-02-21,2026-02-28,1,1,336.0,336.0,0.0,307.0,336.0,351.0,565.3999999999996,2026-02-21,2026-02-28,seasonal_naive
40,2026-02-21,2026-03-07,2,2,238.0,238.0,0.0,201.75,238.0,253.0,477.4999999999991,2026-02-21,2026-03-07,seasonal_naive
40,2026-02-21,2026-03-14,3,3,145.0,145.0,0.0,101.5,145.0,160.0,396.0,2026-02-21,2026-03-14,seasonal_naive
40,2026-02-21,2026-03-21,4,4,88.0,88.0,0.0,35.5,88.0,104.0,361.2999999999997,2026-02-21,2026-03-21,seasonal_naive
41,2026-02-21,2026-02-28,1,1,325.0,325.0,0.0,296.0,325.0,340.0,554.3999999999996,2026-02-21,2026-02-28,seasonal_naive
41,2026-02-21,2026-03-07,2,2,210.0,210.0,0.0,173.75,210.0,225.0,449.4999999999991,2026-02-21,2026-03-07,seasonal_naive
41,2026-02-21,2026-03-14,3,3,186.0,186.0,0.0,142.5,186.0,201.0,437.0,2026-02-21,2026-03-14,seasonal_naive
41,2026-02-21,2026-03-21,4,4,128.0,128.0,0.0,75.5,128.0,144.0,401.2999999999997,2026-02-21,2026-03-21,seasonal_naive
42,2026-02-21,2026-02-28,1,1,3137.0,3137.0,2172.2000000000003,3108.0,3137.0,3152.0,3366.3999999999996,2026-02-21,2026-02-28,seasonal_naive
42,2026-02-21,2026-03-07,2,2,2430.0,2430.0,1448.75,2393.75,2430.0,2445.0,2669.499999999999,2026-02-21,2026-03-07,seasonal_naive
42,2026-02-21,2026-03-14,3,3,1648.0,1648.0,649.0,1604.5,1648.0,1663.0,1899.0,2026-02-21,2026-03-14,seasonal_naive
42,2026-02-21,2026-03-21,4,4,1348.0,1348.0,318.25,1295.5,1348.0,1364.0,1621.2999999999997,2026-02-21,2026-03-21,seasonal_naive
44,2026-02-21,2026-02-28,1,1,109.0,109.0,0.0,80.0,109.0,124.0,338.39999999999964,2026-02-21,2026-02-28,seasonal_naive
44,2026-02-21,2026-03-07,2,2,81.0,81.0,0.0,44.75,81.0,96.0,320.4999999999991,2026-02-21,2026-03-07,seasonal_naive
44,2026-02-21,2026-03-14,3,3,70.0,70.0,0.0,26.5,70.0,85.0,321.0,2026-02-21,2026-03-14,seasonal_naive
44,2026-02-21,2026-03-21,4,4,45.0,45.0,0.0,0.0,45.0,61.0,318.2999999999997,2026-02-21,2026-03-21,seasonal_naive
45,2026-02-21,2026-02-28,1,1,448.0,448.0,0.0,419.0,448.0,463.0,677.3999999999996,2026-02-21,2026-02-28,seasonal_naive
45,2026-02-21,2026-03-07,2,2,410.0,410.0,0.0,373.75,410.0,425.0,649.4999999999991,2026-02-21,2026-03-07,seasonal_naive
45,2026-02-21,2026-03-14,3,3,271.0,271.0,0.0,227.5,271.0,286.0,522.0,2026-02-21,2026-03-14,seasonal_naive
45,2026-02-21,2026-03-21,4,4,190.0,190.0,0.0,137.5,190.0,206.0,463.2999999999997,2026-02-21,2026-03-21,seasonal_naive
46,2026-02-21,2026-02-28,1,1,91.0,91.0,0.0,62.0,91.0,106.0,320.39999999999964,2026-02-21,2026-02-28,seasonal_naive
46,2026-02-21,2026-03-07,2,2,61.0,61.0,0.0,24.75,61.0,76.0,300.4999999999991,2026-02-21,2026-03-07,seasonal_naive
46,2026-02-21,2026-03-14,3,3,28.0,28.0,0.0,0.0,28.0,43.0,279.0,2026-02-21,2026-03-14,seasonal_naive
46,2026-02-21,2026-03-21,4,4,18.0,18.0,0.0,0.0,18.0,34.0,291.2999999999997,2026-02-21,2026-03-21,seasonal_naive
47,2026-02-21,2026-02-28,1,1,528.0,528.0,0.0,499.0,528.0,543.0,757.3999999999996,2026-02-21,2026-02-28,seasonal_naive
47,2026-02-21,2026-03-07,2,2,481.0,481.0,0.0,444.75,481.0,496.0,720.4999999999991,2026-02-21,2026-03-07,seasonal_naive
47,2026-02-21,2026-03-14,3,3,463.0,463.0,0.0,419.5,463.0,478.0,714.0,2026-02-21,2026-03-14,seasonal_naive
47,2026-02-21,2026-03-21,4,4,310.0,310.0,0.0,257.5,310.0,326.0,583.2999999999997,2026-02-21,2026-03-21,seasonal_naive
48,2026-02-21,2026-02-28,1,1,1555.0,1555.0,590.2000000000002,1526.0,1555.0,1570.0,1784.3999999999996,2026-02-21,2026-02-28,seasonal_naive
48,2026-02-21,2026-03-07,2,2,1211.0,1211.0,229.75,1174.75,1211.0,1226.0,1450.499999999999,2026-02-21,2026-03-07,seasonal_naive
48,2026-02-21,2026-03-14,3,3,911.0,911.0,0.0,867.5,911.0,926.0,1162.0,2026-02-21,2026-03-14,seasonal_naive
48,2026-02-21,2026-03-21,4,4,613.0,613.0,0.0,560.5,613.0,629.0,886.2999999999997,2026-02-21,2026-03-21,seasonal_naive
49,2026-02-21,2026-02-28,1,1,125.0,125.0,0.0,96.0,125.0,140.0,354.39999999999964,2026-02-21,2026-02-28,seasonal_naive
49,2026-02-21,2026-03-07,2,2,129.0,129.0,0.0,92.75,129.0,144.0,368.4999999999991,2026-02-21,2026-03-07,seasonal_naive
49,2026-02-21,2026-03-14,3,3,104.0,104.0,0.0,60.5,104.0,119.0,355.0,2026-02-21,2026-03-14,seasonal_naive
49,2026-02-21,2026-03-21,4,4,78.0,78.0,0.0,25.5,78.0,94.0,351.2999999999997,2026-02-21,2026-03-21,seasonal_naive
50,2026-02-21,2026-02-28,1,1,67.0,67.0,0.0,38.0,67.0,82.0,296.39999999999964,2026-02-21,2026-02-28,seasonal_naive
50,2026-02-21,2026-03-07,2,2,45.0,45.0,0.0,8.75,45.0,60.0,284.4999999999991,2026-02-21,2026-03-07,seasonal_naive
50,2026-02-21,2026-03-14,3,3,34.0,34.0,0.0,0.0,34.0,49.0,285.0,2026-02-21,2026-03-14,seasonal_naive
50,2026-02-21,2026-03-21,4,4,36.0,36.0,0.0,0.0,36.0,52.0,309.2999999999997,2026-02-21,2026-03-21,seasonal_naive
51,2026-02-21,2026-02-28,1,1,729.0,729.0,0.0,700.0,729.0,744.0,958.3999999999996,2026-02-21,2026-02-28,seasonal_naive
51,2026-02-21,2026-03-07,2,2,558.0,558.0,0.0,521.75,558.0,573.0,797.4999999999991,2026-02-21,2026-03-07,seasonal_naive
51,2026-02-21,2026-03-14,3,3,516.0,516.0,0.0,472.5,516.0,531.0,767.0,2026-02-21,2026-03-14,seasonal_naive
51,2026-02-21,2026-03-21,4,4,341.0,341.0,0.0,288.5,341.0,357.0,614.2999999999997,2026-02-21,2026-03-21,seasonal_naive
53,2026-02-21,2026-02-28,1,1,424.0,424.0,0.0,395.0,424.0,439.0,653.3999999999996,2026-02-21,2026-02-28,seasonal_naive
53,2026-02-21,2026-03-07,2,2,255.0,255.0,0.0,218.75,255.0,270.0,494.4999999999991,2026-02-21,2026-03-07,seasonal_naive
53,2026-02-21,2026-03-14,3,3,203.0,203.0,0.0,159.5,203.0,218.0,454.0,2026-02-21,2026-03-14,seasonal_naive
53,2026-02-21,2026-03-21,4,4,167.0,167.0,0.0,114.5,167.0,183.0,440.2999999999997,2026-02-21,2026-03-21,seasonal_naive
54,2026-02-21,2026-02-28,1,1,513.0,513.0,0.0,484.0,513.0,528.0,742.3999999999996,2026-02-21,2026-02-28,seasonal_naive
54,2026-02-21,2026-03-07,2,2,460.0,460.0,0.0,423.75,460.0,475.0,699.4999999999991,2026-02-21,2026-03-07,seasonal_naive
54,2026-02-21,2026-03-14,3,3,349.0,349.0,0.0,305.5,349.0,364.0,600.0,2026-02-21,2026-03-14,seasonal_naive
54,2026-02-21,2026-03-21,4,4,277.0,277.0,0.0,224.5,277.0,293.0,550.2999999999997,2026-02-21,2026-03-21,seasonal_naive
55,2026-02-21,2026-02-28,1,1,785.0,785.0,0.0,756.0,785.0,800.0,1014.3999999999996,2026-02-21,2026-02-28,seasonal_naive
55,2026-02-21,2026-03-07,2,2,503.0,503.0,0.0,466.75,503.0,518.0,742.4999999999991,2026-02-21,2026-03-07,seasonal_naive
55,2026-02-21,2026-03-14,3,3,328.0,328.0,0.0,284.5,328.0,343.0,579.0,2026-02-21,2026-03-14,seasonal_naive
55,2026-02-21,2026-03-21,4,4,188.0,188.0,0.0,135.5,188.0,204.0,461.2999999999997,2026-02-21,2026-03-21,seasonal_naive
56,2026-02-21,2026-02-28,1,1,59.0,59.0,0.0,30.0,59.0,74.0,288.39999999999964,2026-02-21,2026-02-28,seasonal_naive
56,2026-02-21,2026-03-07,2,2,55.0,55.0,0.0,18.75,55.0,70.0,294.4999999999991,2026-02-21,2026-03-07,seasonal_naive
56,2026-02-21,2026-03-14,3,3,46.0,46.0,0.0,2.5,46.0,61.0,297.0,2026-02-21,2026-03-14,seasonal_naive
56,2026-02-21,2026-03-21,4,4,32.0,32.0,0.0,0.0,32.0,48.0,305.2999999999997,2026-02-21,2026-03-21,seasonal_naive
72,2026-02-21,2026-02-28,1,1,317.0,317.0,0.0,288.0,317.0,332.0,546.3999999999996,2026-02-21,2026-02-28,seasonal_naive
72,2026-02-21,2026-03-07,2,2,285.0,285.0,0.0,248.75,285.0,300.0,524.4999999999991,2026-02-21,2026-03-07,seasonal_naive
72,2026-02-21,2026-03-14,3,3,348.0,348.0,0.0,304.5,348.0,363.0,599.0,2026-02-21,2026-03-14,seasonal_naive
72,2026-02-21,2026-03-21,4,4,245.0,245.0,0.0,192.5,245.0,261.0,518.2999999999997,2026-02-21,2026-03-21,seasonal_naive
01,2026-03-21,2026-03-28,1,1,169.0,169.0,0.0,40.0,169.0,183.0,367.7999999999993,2026-03-21,2026-03-28,seasonal_naive
01,2026-03-21,2026-04-04,2,2,84.0,84.0,0.0,0.0,84.0,99.0,302.29999999999836,2026-03-21,2026-04-04,seasonal_naive
01,2026-03-21,2026-04-11,3,3,52.0,52.0,0.0,0.0,52.0,68.0,284.5,2026-03-21,2026-04-11,seasonal_naive
01,2026-03-21,2026-04-18,4,4,46.0,46.0,0.0,0.0,46.0,63.0,283.49999999999864,2026-03-21,2026-04-18,seasonal_naive
02,2026-03-21,2026-03-28,1,1,32.0,32.0,0.0,0.0,32.0,46.0,230.79999999999927,2026-03-21,2026-03-28,seasonal_naive
02,2026-03-21,2026-04-04,2,2,16.0,16.0,0.0,0.0,16.0,31.0,234.29999999999836,2026-03-21,2026-04-04,seasonal_naive
02,2026-03-21,2026-04-11,3,3,14.0,14.0,0.0,0.0,14.0,30.0,246.5,2026-03-21,2026-04-11,seasonal_naive
02,2026-03-21,2026-04-18,4,4,9.0,9.0,0.0,0.0,9.0,26.0,246.49999999999864,2026-03-21,2026-04-18,seasonal_naive
04,2026-03-21,2026-03-28,1,1,238.0,238.0,0.0,109.0,238.0,252.0,436.7999999999993,2026-03-21,2026-03-28,seasonal_naive
04,2026-03-21,2026-04-04,2,2,110.0,110.0,0.0,0.0,110.0,125.0,328.29999999999836,2026-03-21,2026-04-04,seasonal_naive
04,2026-03-21,2026-04-11,3,3,91.0,91.0,0.0,0.0,91.0,107.0,323.5,2026-03-21,2026-04-11,seasonal_naive
04,2026-03-21,2026-04-18,4,4,85.0,85.0,0.0,0.0,85.0,102.0,322.49999999999864,2026-03-21,2026-04-18,seasonal_naive
05,2026-03-21,2026-03-28,1,1,111.0,111.0,0.0,0.0,111.0,125.0,309.7999999999993,2026-03-21,2026-03-28,seasonal_naive
05,2026-03-21,2026-04-04,2,2,70.0,70.0,0.0,0.0,70.0,85.0,288.29999999999836,2026-03-21,2026-04-04,seasonal_naive
05,2026-03-21,2026-04-11,3,3,30.0,30.0,0.0,0.0,30.0,46.0,262.5,2026-03-21,2026-04-11,seasonal_naive
05,2026-03-21,2026-04-18,4,4,26.0,26.0,0.0,0.0,26.0,43.0,263.49999999999864,2026-03-21,2026-04-18,seasonal_naive
06,2026-03-21,2026-03-28,1,1,596.0,596.0,0.0,467.0,596.0,610.0,794.7999999999993,2026-03-21,2026-03-28,seasonal_naive
06,2026-03-21,2026-04-04,2,2,453.0,453.0,0.0,311.75,453.0,468.0,671.2999999999984,2026-03-21,2026-04-04,seasonal_naive
06,2026-03-21,2026-04-11,3,3,420.0,420.0,0.0,269.0,420.0,436.0,652.5,2026-03-21,2026-04-11,seasonal_naive
06,2026-03-21,2026-04-18,4,4,351.0,351.0,0.0,195.0,351.0,368.0,588.4999999999986,2026-03-21,2026-04-18,seasonal_naive
08,2026-03-21,2026-03-28,1,1,121.0,121.0,0.0,0.0,121.0,135.0,319.7999999999993,2026-03-21,2026-03-28,seasonal_naive
08,2026-03-21,2026-04-04,2,2,85.0,85.0,0.0,0.0,85.0,100.0,303.29999999999836,2026-03-21,2026-04-04,seasonal_naive
08,2026-03-21,2026-04-11,3,3,60.0,60.0,0.0,0.0,60.0,76.0,292.5,2026-03-21,2026-04-11,seasonal_naive
08,2026-03-21,2026-04-18,4,4,37.0,37.0,0.0,0.0,37.0,54.0,274.49999999999864,2026-03-21,2026-04-18,seasonal_naive
09,2026-03-21,2026-03-28,1,1,77.0,77.0,0.0,0.0,77.0,91.0,275.7999999999993,2026-03-21,2026-03-28,seasonal_naive
09,2026-03-21,2026-04-04,2,2,52.0,52.0,0.0,0.0,52.0,67.0,270.29999999999836,2026-03-21,2026-04-04,seasonal_naive
09,2026-03-21,2026-04-11,3,3,38.0,38.0,0.0,0.0,38.0,54.0,270.5,2026-03-21,2026-04-11,seasonal_naive
09,2026-03-21,2026-04-18,4,4,31.0,31.0,0.0,0.0,31.0,48.0,268.49999999999864,2026-03-21,2026-04-18,seasonal_naive
10,2026-03-21,2026-03-28,1,1,34.0,34.0,0.0,0.0,34.0,48.0,232.79999999999927,2026-03-21,2026-03-28,seasonal_naive
10,2026-03-21,2026-04-04,2,2,23.0,23.0,0.0,0.0,23.0,38.0,241.29999999999836,2026-03-21,2026-04-04,seasonal_naive
10,2026-03-21,2026-04-11,3,3,12.0,12.0,0.0,0.0,12.0,28.0,244.5,2026-03-21,2026-04-11,seasonal_naive
10,2026-03-21,2026-04-18,4,4,7.0,7.0,0.0,0.0,7.0,24.0,244.49999999999864,2026-03-21,2026-04-18,seasonal_naive
11,2026-03-21,2026-03-28,1,1,69.0,69.0,0.0,0.0,69.0,83.0,267.7999999999993,2026-03-21,2026-03-28,seasonal_naive
11,2026-03-21,2026-04-04,2,2,27.0,27.0,0.0,0.0,27.0,42.0,245.29999999999836,2026-03-21,2026-04-04,seasonal_naive
11,2026-03-21,2026-04-11,3,3,6.0,6.0,0.0,0.0,6.0,22.0,238.5,2026-03-21,2026-04-11,seasonal_naive
11,2026-03-21,2026-04-18,4,4,4.0,4.0,0.0,0.0,4.0,21.0,241.49999999999864,2026-03-21,2026-04-18,seasonal_naive
12,2026-03-21,2026-03-28,1,1,724.0,724.0,0.0,595.0,724.0,738.0,922.7999999999993,2026-03-21,2026-03-28,seasonal_naive
12,2026-03-21,2026-04-04,2,2,590.0,590.0,0.0,448.75,590.0,605.0,808.2999999999984,2026-03-21,2026-04-04,seasonal_naive
12,2026-03-21,2026-04-11,3,3,407.0,407.0,0.0,256.0,407.0,423.0,639.5,2026-03-21,2026-04-11,seasonal_naive
12,2026-03-21,2026-04-18,4,4,340.0,340.0,0.0,184.0,340.0,357.0,577.4999999999986,2026-03-21,2026-04-18,seasonal_naive
13,2026-03-21,2026-03-28,1,1,190.0,190.0,0.0,61.0,190.0,204.0,388.7999999999993,2026-03-21,2026-03-28,seasonal_naive
13,2026-03-21,2026-04-04,2,2,161.0,161.0,0.0,19.75,161.0,176.0,379.29999999999836,2026-03-21,2026-04-04,seasonal_naive
13,2026-03-21,2026-04-11,3,3,82.0,82.0,0.0,0.0,82.0,98.0,314.5,2026-03-21,2026-04-11,seasonal_naive
13,2026-03-21,2026-04-18,4,4,61.0,61.0,0.0,0.0,61.0,78.0,298.49999999999864,2026-03-21,2026-04-18,seasonal_naive
15,2026-03-21,2026-03-28,1,1,31.0,31.0,0.0,0.0,31.0,45.0,229.79999999999927,2026-03-21,2026-03-28,seasonal_naive
15,2026-03-21,2026-04-04,2,2,38.0,38.0,0.0,0.0,38.0,53.0,256.29999999999836,2026-03-21,2026-04-04,seasonal_naive
15,2026-03-21,2026-04-11,3,3,22.0,22.0,0.0,0.0,22.0,38.0,254.5,2026-03-21,2026-04-11,seasonal_naive
15,2026-03-21,2026-04-18,4,4,21.0,21.0,0.0,0.0,21.0,38.0,258.49999999999864,2026-03-21,2026-04-18,seasonal_naive
16,2026-03-21,2026-03-28,1,1,50.0,50.0,0.0,0.0,50.0,64.0,248.79999999999927,2026-03-21,2026-03-28,seasonal_naive
16,2026-03-21,2026-04-04,2,2,26.0,26.0,0.0,0.0,26.0,41.0,244.29999999999836,2026-03-21,2026-04-04,seasonal_naive
16,2026-03-21,2026-04-11,3,3,25.0,25.0,0.0,0.0,25.0,41.0,257.5,2026-03-21,2026-04-11,seasonal_naive
16,2026-03-21,2026-04-18,4,4,10.0,10.0,0.0,0.0,10.0,27.0,247.49999999999864,2026-03-21,2026-04-18,seasonal_naive
17,2026-03-21,2026-03-28,1,1,355.0,355.0,0.0,226.0,355.0,369.0,553.7999999999993,2026-03-21,2026-03-28,seasonal_naive
17,2026-03-21,2026-04-04,2,2,296.0,296.0,0.0,154.75,296.0,311.0,514.2999999999984,2026-03-21,2026-04-04,seasonal_naive
17,2026-03-21,2026-04-11,3,3,154.0,154.0,0.0,3.0,154.0,170.0,386.5,2026-03-21,2026-04-11,seasonal_naive
17,2026-03-21,2026-04-18,4,4,153.0,153.0,0.0,0.0,153.0,170.0,390.49999999999864,2026-03-21,2026-04-18,seasonal_naive
18,2026-03-21,2026-03-28,1,1,237.0,237.0,0.0,108.0,237.0,251.0,435.7999999999993,2026-03-21,2026-03-28,seasonal_naive
18,2026-03-21,2026-04-04,2,2,125.0,125.0,0.0,0.0,125.0,140.0,343.29999999999836,2026-03-21,2026-04-04,seasonal_naive
18,2026-03-21,2026-04-11,3,3,85.0,85.0,0.0,0.0,85.0,101.0,317.5,2026-03-21,2026-04-11,seasonal_naive
18,2026-03-21,2026-04-18,4,4,49.0,49.0,0.0,0.0,49.0,66.0,286.49999999999864,2026-03-21,2026-04-18,seasonal_naive
19,2026-03-21,2026-03-28,1,1,55.0,55.0,0.0,0.0,55.0,69.0,253.79999999999927,2026-03-21,2026-03-28,seasonal_naive
19,2026-03-21,2026-04-04,2,2,42.0,42.0,0.0,0.0,42.0,57.0,260.29999999999836,2026-03-21,2026-04-04,seasonal_naive
19,2026-03-21,2026-04-11,3,3,22.0,22.0,0.0,0.0,22.0,38.0,254.5,2026-03-21,2026-04-11,seasonal_naive
19,2026-03-21,2026-04-18,4,4,8.0,8.0,0.0,0.0,8.0,25.0,245.49999999999864,2026-03-21,2026-04-18,seasonal_naive
20,2026-03-21,2026-03-28,1,1,68.0,68.0,0.0,0.0,68.0,82.0,266.7999999999993,2026-03-21,2026-03-28,seasonal_naive
20,2026-03-21,2026-04-04,2,2,39.0,39.0,0.0,0.0,39.0,54.0,257.29999999999836,2026-03-21,2026-04-04,seasonal_naive
20,2026-03-21,2026-04-11,3,3,27.0,27.0,0.0,0.0,27.0,43.0,259.5,2026-03-21,2026-04-11,seasonal_naive
20,2026-03-21,2026-04-18,4,4,26.0,26.0,0.0,0.0,26.0,43.0,263.49999999999864,2026-03-21,2026-04-18,seasonal_naive
21,2026-03-21,2026-03-28,1,1,267.0,267.0,0.0,138.0,267.0,281.0,465.7999999999993,2026-03-21,2026-03-28,seasonal_naive
21,2026-03-21,2026-04-04,2,2,174.0,174.0,0.0,32.75,174.0,189.0,392.29999999999836,2026-03-21,2026-04-04,seasonal_naive
21,2026-03-21,2026-04-11,3,3,86.0,86.0,0.0,0.0,86.0,102.0,318.5,2026-03-21,2026-04-11,seasonal_naive
21,2026-03-21,2026-04-18,4,4,46.0,46.0,0.0,0.0,46.0,63.0,283.49999999999864,2026-03-21,2026-04-18,seasonal_naive
22,2026-03-21,2026-03-28,1,1,178.0,178.0,0.0,49.0,178.0,192.0,376.7999999999993,2026-03-21,2026-03-28,seasonal_naive
22,2026-03-21,2026-04-04,2,2,120.0,120.0,0.0,0.0,120.0,135.0,338.29999999999836,2026-03-21,2026-04-04,seasonal_naive
22,2026-03-21,2026-04-11,3,3,78.0,78.0,0.0,0.0,78.0,94.0,310.5,2026-03-21,2026-04-11,seasonal_naive
22,2026-03-21,2026-04-18,4,4,67.0,67.0,0.0,0.0,67.0,84.0,304.49999999999864,2026-03-21,2026-04-18,seasonal_naive
23,2026-03-21,2026-03-28,1,1,59.0,59.0,0.0,0.0,59.0,73.0,257.7999999999993,2026-03-21,2026-03-28,seasonal_naive
23,2026-03-21,2026-04-04,2,2,54.0,54.0,0.0,0.0,54.0,69.0,272.29999999999836,2026-03-21,2026-04-04,seasonal_naive
23,2026-03-21,2026-04-11,3,3,38.0,38.0,0.0,0.0,38.0,54.0,270.5,2026-03-21,2026-04-11,seasonal_naive
23,2026-03-21,2026-04-18,4,4,20.0,20.0,0.0,0.0,20.0,37.0,257.49999999999864,2026-03-21,2026-04-18,seasonal_naive
24,2026-03-21,2026-03-28,1,1,135.0,135.0,0.0,6.0,135.0,149.0,333.7999999999993,2026-03-21,2026-03-28,seasonal_naive
24,2026-03-21,2026-04-04,2,2,128.0,128.0,0.0,0.0,128.0,143.0,346.29999999999836,2026-03-21,2026-04-04,seasonal_naive
24,2026-03-21,2026-04-11,3,3,92.0,92.0,0.0,0.0,92.0,108.0,324.5,2026-03-21,2026-04-11,seasonal_naive
24,2026-03-21,2026-04-18,4,4,59.0,59.0,0.0,0.0,59.0,76.0,296.49999999999864,2026-03-21,2026-04-18,seasonal_naive
25,2026-03-21,2026-03-28,1,1,236.0,236.0,0.0,107.0,236.0,250.0,434.7999999999993,2026-03-21,2026-03-28,seasonal_naive
25,2026-03-21,2026-04-04,2,2,149.0,149.0,0.0,7.75,149.0,164.0,367.29999999999836,2026-03-21,2026-04-04,seasonal_naive
25,2026-03-21,2026-04-11,3,3,120.0,120.0,0.0,0.0,120.0,136.0,352.5,2026-03-21,2026-04-11,seasonal_naive
25,2026-03-21,2026-04-18,4,4,87.0,87.0,0.0,0.0,87.0,104.0,324.49999999999864,2026-03-21,2026-04-18,seasonal_naive
26,2026-03-21,2026-03-28,1,1,635.0,635.0,0.0,506.0,635.0,649.0,833.7999999999993,2026-03-21,2026-03-28,seasonal_naive
26,2026-03-21,2026-04-04,2,2,304.0,304.0,0.0,162.75,304.0,319.0,522.2999999999984,2026-03-21,2026-04-04,seasonal_naive
26,2026-03-21,2026-04-11,3,3,253.0,253.0,0.0,102.0,253.0,269.0,485.5,2026-03-21,2026-04-11,seasonal_naive
26,2026-03-21,2026-04-18,4,4,193.0,193.0,0.0,37.0,193.0,210.0,430.49999999999864,2026-03-21,2026-04-18,seasonal_naive
27,2026-03-21,2026-03-28,1,1,83.0,83.0,0.0,0.0,83.0,97.0,281.7999999999993,2026-03-21,2026-03-28,seasonal_naive
27,2026-03-21,2026-04-04,2,2,67.0,67.0,0.0,0.0,67.0,82.0,285.29999999999836,2026-03-21,2026-04-04,seasonal_naive
27,2026-03-21,2026-04-11,3,3,57.0,57.0,0.0,0.0,57.0,73.0,289.5,2026-03-21,2026-04-11,seasonal_naive
27,2026-03-21,2026-04-18,4,4,35.0,35.0,0.0,0.0,35.0,52.0,272.49999999999864,2026-03-21,2026-04-18,seasonal_naive
28,2026-03-21,2026-03-28,1,1,58.0,58.0,0.0,0.0,58.0,72.0,256.7999999999993,2026-03-21,2026-03-28,seasonal_naive
28,2026-03-21,2026-04-04,2,2,54.0,54.0,0.0,0.0,54.0,69.0,272.29999999999836,2026-03-21,2026-04-04,seasonal_naive
28,2026-03-21,2026-04-11,3,3,45.0,45.0,0.0,0.0,45.0,61.0,277.5,2026-03-21,2026-04-11,seasonal_naive
28,2026-03-21,2026-04-18,4,4,26.0,26.0,0.0,0.0,26.0,43.0,263.49999999999864,2026-03-21,2026-04-18,seasonal_naive
29,2026-03-21,2026-03-28,1,1,189.0,189.0,0.0,60.0,189.0,203.0,387.7999999999993,2026-03-21,2026-03-28,seasonal_naive
29,2026-03-21,2026-04-04,2,2,129.0,129.0,0.0,0.0,129.0,144.0,347.29999999999836,2026-03-21,2026-04-04,seasonal_naive
29,2026-03-21,2026-04-11,3,3,97.0,97.0,0.0,0.0,97.0,113.0,329.5,2026-03-21,2026-04-11,seasonal_naive
29,2026-03-21,2026-04-18,4,4,97.0,97.0,0.0,0.0,97.0,114.0,334.49999999999864,2026-03-21,2026-04-18,seasonal_naive
30,2026-03-21,2026-03-28,1,1,59.0,59.0,0.0,0.0,59.0,73.0,257.7999999999993,2026-03-21,2026-03-28,seasonal_naive
30,2026-03-21,2026-04-04,2,2,31.0,31.0,0.0,0.0,31.0,46.0,249.29999999999836,2026-03-21,2026-04-04,seasonal_naive
30,2026-03-21,2026-04-11,3,3,32.0,32.0,0.0,0.0,32.0,48.0,264.5,2026-03-21,2026-04-11,seasonal_naive
30,2026-03-21,2026-04-18,4,4,19.0,19.0,0.0,0.0,19.0,36.0,256.49999999999864,2026-03-21,2026-04-18,seasonal_naive
31,2026-03-21,2026-03-28,1,1,39.0,39.0,0.0,0.0,39.0,53.0,237.79999999999927,2026-03-21,2026-03-28,seasonal_naive
31,2026-03-21,2026-04-04,2,2,13.0,13.0,0.0,0.0,13.0,28.0,231.29999999999836,2026-03-21,2026-04-04,seasonal_naive
31,2026-03-21,2026-04-11,3,3,14.0,14.0,0.0,0.0,14.0,30.0,246.5,2026-03-21,2026-04-11,seasonal_naive
31,2026-03-21,2026-04-18,4,4,11.0,11.0,0.0,0.0,11.0,28.0,248.49999999999864,2026-03-21,2026-04-18,seasonal_naive
32,2026-03-21,2026-03-28,1,1,70.0,70.0,0.0,0.0,70.0,84.0,268.7999999999993,2026-03-21,2026-03-28,seasonal_naive
32,2026-03-21,2026-04-04,2,2,40.0,40.0,0.0,0.0,40.0,55.0,258.29999999999836,2026-03-21,2026-04-04,seasonal_naive
32,2026-03-21,2026-04-11,3,3,47.0,47.0,0.0,0.0,47.0,63.0,279.5,2026-03-21,2026-04-11,seasonal_naive
32,2026-03-21,2026-04-18,4,4,38.0,38.0,0.0,0.0,38.0,55.0,275.49999999999864,2026-03-21,2026-04-18,seasonal_naive
33,2026-03-21,2026-03-28,1,1,34.0,34.0,0.0,0.0,34.0,48.0,232.79999999999927,2026-03-21,2026-03-28,seasonal_naive
33,2026-03-21,2026-04-04,2,2,16.0,16.0,0.0,0.0,16.0,31.0,234.29999999999836,2026-03-21,2026-04-04,seasonal_naive
33,2026-03-21,2026-04-11,3,3,20.0,20.0,0.0,0.0,20.0,36.0,252.5,2026-03-21,2026-04-11,seasonal_naive
33,2026-03-21,2026-04-18,4,4,19.0,19.0,0.0,0.0,19.0,36.0,256.49999999999864,2026-03-21,2026-04-18,seasonal_naive
34,2026-03-21,2026-03-28,1,1,282.0,282.0,0.0,153.0,282.0,296.0,480.7999999999993,2026-03-21,2026-03-28,seasonal_naive
34,2026-03-21,2026-04-04,2,2,247.0,247.0,0.0,105.75,247.0,262.0,465.29999999999836,2026-03-21,2026-04-04,seasonal_naive
34,2026-03-21,2026-04-11,3,3,159.0,159.0,0.0,8.0,159.0,175.0,391.5,2026-03-21,2026-04-11,seasonal_naive
34,2026-03-21,2026-04-18,4,4,134.0,134.0,0.0,0.0,134.0,151.0,371.49999999999864,2026-03-21,2026-04-18,seasonal_naive
35,2026-03-21,2026-03-28,1,1,90.0,90.0,0.0,0.0,90.0,104.0,288.7999999999993,2026-03-21,2026-03-28,seasonal_naive
35,2026-03-21,2026-04-04,2,2,57.0,57.0,0.0,0.0,57.0,72.0,275.29999999999836,2026-03-21,2026-04-04,seasonal_naive
35,2026-03-21,2026-04-11,3,3,35.0,35.0,0.0,0.0,35.0,51.0,267.5,2026-03-21,2026-04-11,seasonal_naive
35,2026-03-21,2026-04-18,4,4,28.0,28.0,0.0,0.0,28.0,45.0,265.49999999999864,2026-03-21,2026-04-18,seasonal_naive
36,2026-03-21,2026-03-28,1,1,611.0,611.0,0.0,482.0,611.0,625.0,809.7999999999993,2026-03-21,2026-03-28,seasonal_naive
36,2026-03-21,2026-04-04,2,2,507.0,507.0,0.0,365.75,507.0,522.0,725.2999999999984,2026-03-21,2026-04-04,seasonal_naive
36,2026-03-21,2026-04-11,3,3,393.0,393.0,0.0,242.0,393.0,409.0,625.5,2026-03-21,2026-04-11,seasonal_naive
36,2026-03-21,2026-04-18,4,4,280.0,280.0,0.0,124.0,280.0,297.0,517.4999999999986,2026-03-21,2026-04-18,seasonal_naive
37,2026-03-21,2026-03-28,1,1,312.0,312.0,0.0,183.0,312.0,326.0,510.7999999999993,2026-03-21,2026-03-28,seasonal_naive
37,2026-03-21,2026-04-04,2,2,191.0,191.0,0.0,49.75,191.0,206.0,409.29999999999836,2026-03-21,2026-04-04,seasonal_naive
37,2026-03-21,2026-04-11,3,3,101.0,101.0,0.0,0.0,101.0,117.0,333.5,2026-03-21,2026-04-11,seasonal_naive
37,2026-03-21,2026-04-18,4,4,61.0,61.0,0.0,0.0,61.0,78.0,298.49999999999864,2026-03-21,2026-04-18,seasonal_naive
38,2026-03-21,2026-03-28,1,1,25.0,25.0,0.0,0.0,25.0,39.0,223.79999999999927,2026-03-21,2026-03-28,seasonal_naive
38,2026-03-21,2026-04-04,2,2,13.0,13.0,0.0,0.0,13.0,28.0,231.29999999999836,2026-03-21,2026-04-04,seasonal_naive
38,2026-03-21,2026-04-11,3,3,10.0,10.0,0.0,0.0,10.0,26.0,242.5,2026-03-21,2026-04-11,seasonal_naive
38,2026-03-21,2026-04-18,4,4,10.0,10.0,0.0,0.0,10.0,27.0,247.49999999999864,2026-03-21,2026-04-18,seasonal_naive
39,2026-03-21,2026-03-28,1,1,453.0,453.0,0.0,324.0,453.0,467.0,651.7999999999993,2026-03-21,2026-03-28,seasonal_naive
39,2026-03-21,2026-04-04,2,2,273.0,273.0,0.0,131.75,273.0,288.0,491.29999999999836,2026-03-21,2026-04-04,seasonal_naive
39,2026-03-21,2026-04-11,3,3,167.0,167.0,0.0,16.0,167.0,183.0,399.5,2026-03-21,2026-04-11,seasonal_naive
39,2026-03-21,2026-04-18,4,4,104.0,104.0,0.0,0.0,104.0,121.0,341.49999999999864,2026-03-21,2026-04-18,seasonal_naive
40,2026-03-21,2026-03-28,1,1,75.0,75.0,0.0,0.0,75.0,89.0,273.7999999999993,2026-03-21,2026-03-28,seasonal_naive
40,2026-03-21,2026-04-04,2,2,39.0,39.0,0.0,0.0,39.0,54.0,257.29999999999836,2026-03-21,2026-04-04,seasonal_naive
40,2026-03-21,2026-04-11,3,3,18.0,18.0,0.0,0.0,18.0,34.0,250.5,2026-03-21,2026-04-11,seasonal_naive
40,2026-03-21,2026-04-18,4,4,18.0,18.0,0.0,0.0,18.0,35.0,255.49999999999864,2026-03-21,2026-04-18,seasonal_naive
41,2026-03-21,2026-03-28,1,1,95.0,95.0,0.0,0.0,95.0,109.0,293.7999999999993,2026-03-21,2026-03-28,seasonal_naive
41,2026-03-21,2026-04-04,2,2,84.0,84.0,0.0,0.0,84.0,99.0,302.29999999999836,2026-03-21,2026-04-04,seasonal_naive
41,2026-03-21,2026-04-11,3,3,48.0,48.0,0.0,0.0,48.0,64.0,280.5,2026-03-21,2026-04-11,seasonal_naive
41,2026-03-21,2026-04-18,4,4,40.0,40.0,0.0,0.0,40.0,57.0,277.49999999999864,2026-03-21,2026-04-18,seasonal_naive
42,2026-03-21,2026-03-28,1,1,958.0,958.0,0.0,829.0,958.0,972.0,1156.7999999999993,2026-03-21,2026-03-28,seasonal_naive
42,2026-03-21,2026-04-04,2,2,670.0,670.0,0.0,528.75,670.0,685.0,888.2999999999984,2026-03-21,2026-04-04,seasonal_naive
42,2026-03-21,2026-04-11,3,3,477.0,477.0,0.0,326.0,477.0,493.0,709.5,2026-03-21,2026-04-11,seasonal_naive
42,2026-03-21,2026-04-18,4,4,414.0,414.0,0.0,258.0,414.0,431.0,651.4999999999986,2026-03-21,2026-04-18,seasonal_naive
44,2026-03-21,2026-03-28,1,1,26.0,26.0,0.0,0.0,26.0,40.0,224.79999999999927,2026-03-21,2026-03-28,seasonal_naive
44,2026-03-21,2026-04-04,2,2,24.0,24.0,0.0,0.0,24.0,39.0,242.29999999999836,2026-03-21,2026-04-04,seasonal_naive
44,2026-03-21,2026-04-11,3,3,20.0,20.0,0.0,0.0,20.0,36.0,252.5,2026-03-21,2026-04-11,seasonal_naive
44,2026-03-21,2026-04-18,4,4,14.0,14.0,0.0,0.0,14.0,31.0,251.49999999999864,2026-03-21,2026-04-18,seasonal_naive
45,2026-03-21,2026-03-28,1,1,137.0,137.0,0.0,8.0,137.0,151.0,335.7999999999993,2026-03-21,2026-03-28,seasonal_naive
45,2026-03-21,2026-04-04,2,2,79.0,79.0,0.0,0.0,79.0,94.0,297.29999999999836,2026-03-21,2026-04-04,seasonal_naive
45,2026-03-21,2026-04-11,3,3,41.0,41.0,0.0,0.0,41.0,57.0,273.5,2026-03-21,2026-04-11,seasonal_naive
45,2026-03-21,2026-04-18,4,4,31.0,31.0,0.0,0.0,31.0,48.0,268.49999999999864,2026-03-21,2026-04-18,seasonal_naive
46,2026-03-21,2026-03-28,1,1,11.0,11.0,0.0,0.0,11.0,25.0,209.79999999999927,2026-03-21,2026-03-28,seasonal_naive
46,2026-03-21,2026-04-04,2,2,7.0,7.0,0.0,0.0,7.0,22.0,225.29999999999836,2026-03-21,2026-04-04,seasonal_naive
46,2026-03-21,2026-04-11,3,3,5.0,5.0,0.0,0.0,5.0,21.0,237.5,2026-03-21,2026-04-11,seasonal_naive
46,2026-03-21,2026-04-18,4,4,7.0,7.0,0.0,0.0,7.0,24.0,244.49999999999864,2026-03-21,2026-04-18,seasonal_naive
47,2026-03-21,2026-03-28,1,1,219.0,219.0,0.0,90.0,219.0,233.0,417.7999999999993,2026-03-21,2026-03-28,seasonal_naive
47,2026-03-21,2026-04-04,2,2,149.0,149.0,0.0,7.75,149.0,164.0,367.29999999999836,2026-03-21,2026-04-04,seasonal_naive
47,2026-03-21,2026-04-11,3,3,98.0,98.0,0.0,0.0,98.0,114.0,330.5,2026-03-21,2026-04-11,seasonal_naive
47,2026-03-21,2026-04-18,4,4,56.0,56.0,0.0,0.0,56.0,73.0,293.49999999999864,2026-03-21,2026-04-18,seasonal_naive
48,2026-03-21,2026-03-28,1,1,539.0,539.0,0.0,410.0,539.0,553.0,737.7999999999993,2026-03-21,2026-03-28,seasonal_naive
48,2026-03-21,2026-04-04,2,2,370.0,370.0,0.0,228.75,370.0,385.0,588.2999999999984,2026-03-21,2026-04-04,seasonal_naive
48,2026-03-21,2026-04-11,3,3,282.0,282.0,0.0,131.0,282.0,298.0,514.5,2026-03-21,2026-04-11,seasonal_naive
48,2026-03-21,2026-04-18,4,4,268.0,268.0,0.0,112.0,268.0,285.0,505.49999999999864,2026-03-21,2026-04-18,seasonal_naive
49,2026-03-21,2026-03-28,1,1,54.0,54.0,0.0,0.0,54.0,68.0,252.79999999999927,2026-03-21,2026-03-28,seasonal_naive
49,2026-03-21,2026-04-04,2,2,53.0,53.0,0.0,0.0,53.0,68.0,271.29999999999836,2026-03-21,2026-04-04,seasonal_naive
49,2026-03-21,2026-04-11,3,3,31.0,31.0,0.0,0.0,31.0,47.0,263.5,2026-03-21,2026-04-11,seasonal_naive
49,2026-03-21,2026-04-18,4,4,24.0,24.0,0.0,0.0,24.0,41.0,261.49999999999864,2026-03-21,2026-04-18,seasonal_naive
50,2026-03-21,2026-03-28,1,1,26.0,26.0,0.0,0.0,26.0,40.0,224.79999999999927,2026-03-21,2026-03-28,seasonal_naive
50,2026-03-21,2026-04-04,2,2,27.0,27.0,0.0,0.0,27.0,42.0,245.29999999999836,2026-03-21,2026-04-04,seasonal_naive
50,2026-03-21,2026-04-11,3,3,6.0,6.0,0.0,0.0,6.0,22.0,238.5,2026-03-21,2026-04-11,seasonal_naive
50,2026-03-21,2026-04-18,4,4,9.0,9.0,0.0,0.0,9.0,26.0,246.49999999999864,2026-03-21,2026-04-18,seasonal_naive
51,2026-03-21,2026-03-28,1,1,213.0,213.0,0.0,84.0,213.0,227.0,411.7999999999993,2026-03-21,2026-03-28,seasonal_naive
51,2026-03-21,2026-04-04,2,2,152.0,152.0,0.0,10.75,152.0,167.0,370.29999999999836,2026-03-21,2026-04-04,seasonal_naive
51,2026-03-21,2026-04-11,3,3,91.0,91.0,0.0,0.0,91.0,107.0,323.5,2026-03-21,2026-04-11,seasonal_naive
51,2026-03-21,2026-04-18,4,4,53.0,53.0,0.0,0.0,53.0,70.0,290.49999999999864,2026-03-21,2026-04-18,seasonal_naive
53,2026-03-21,2026-03-28,1,1,113.0,113.0,0.0,0.0,113.0,127.0,311.7999999999993,2026-03-21,2026-03-28,seasonal_naive
53,2026-03-21,2026-04-04,2,2,100.0,100.0,0.0,0.0,100.0,115.0,318.29999999999836,2026-03-21,2026-04-04,seasonal_naive
53,2026-03-21,2026-04-11,3,3,72.0,72.0,0.0,0.0,72.0,88.0,304.5,2026-03-21,2026-04-11,seasonal_naive
53,2026-03-21,2026-04-18,4,4,39.0,39.0,0.0,0.0,39.0,56.0,276.49999999999864,2026-03-21,2026-04-18,seasonal_naive
54,2026-03-21,2026-03-28,1,1,168.0,168.0,0.0,39.0,168.0,182.0,366.7999999999993,2026-03-21,2026-03-28,seasonal_naive
54,2026-03-21,2026-04-04,2,2,101.0,101.0,0.0,0.0,101.0,116.0,319.29999999999836,2026-03-21,2026-04-04,seasonal_naive
54,2026-03-21,2026-04-11,3,3,45.0,45.0,0.0,0.0,45.0,61.0,277.5,2026-03-21,2026-04-11,seasonal_naive
54,2026-03-21,2026-04-18,4,4,23.0,23.0,0.0,0.0,23.0,40.0,260.49999999999864,2026-03-21,2026-04-18,seasonal_naive
55,2026-03-21,2026-03-28,1,1,136.0,136.0,0.0,7.0,136.0,150.0,334.7999999999993,2026-03-21,2026-03-28,seasonal_naive
55,2026-03-21,2026-04-04,2,2,76.0,76.0,0.0,0.0,76.0,91.0,294.29999999999836,2026-03-21,2026-04-04,seasonal_naive
55,2026-03-21,2026-04-11,3,3,64.0,64.0,0.0,0.0,64.0,80.0,296.5,2026-03-21,2026-04-11,seasonal_naive
55,2026-03-21,2026-04-18,4,4,37.0,37.0,0.0,0.0,37.0,54.0,274.49999999999864,2026-03-21,2026-04-18,seasonal_naive
56,2026-03-21,2026-03-28,1,1,23.0,23.0,0.0,0.0,23.0,37.0,221.79999999999927,2026-03-21,2026-03-28,seasonal_naive
56,2026-03-21,2026-04-04,2,2,11.0,11.0,0.0,0.0,11.0,26.0,229.29999999999836,2026-03-21,2026-04-04,seasonal_naive
56,2026-03-21,2026-04-11,3,3,2.0,2.0,0.0,0.0,2.0,18.0,234.5,2026-03-21,2026-04-11,seasonal_naive
56,2026-03-21,2026-04-18,4,4,0.0,0.0,0.0,0.0,0.0,17.0,237.49999999999864,2026-03-21,2026-04-18,seasonal_naive
72,2026-03-21,2026-03-28,1,1,212.0,212.0,0.0,83.0,212.0,226.0,410.7999999999993,2026-03-21,2026-03-28,seasonal_naive
72,2026-03-21,2026-04-04,2,2,193.0,193.0,0.0,51.75,193.0,208.0,411.29999999999836,2026-03-21,2026-04-04,seasonal_naive
72,2026-03-21,2026-04-11,3,3,272.0,272.0,0.0,121.0,272.0,288.0,504.5,2026-03-21,2026-04-11,seasonal_naive
72,2026-03-21,2026-04-18,4,4,184.0,184.0,0.0,28.0,184.0,201.0,421.49999999999864,2026-03-21,2026-04-18,seasonal_naive
01,2026-04-18,2026-04-25,1,1,18.0,18.0,0.0,0.0,18.0,44.0,221.59999999999945,2026-04-18,2026-04-25,seasonal_naive
01,2026-04-18,2026-05-02,2,2,7.0,7.0,0.0,0.0,7.0,35.0,218.54999999999973,2026-04-18,2026-05-02,seasonal_naive
01,2026-04-18,2026-05-09,3,3,7.0,7.0,0.0,0.0,7.0,40.0,228.0,2026-04-18,2026-05-09,seasonal_naive
01,2026-04-18,2026-05-16,4,4,8.5,8.5,0.0,0.0,8.5,43.0,241.69999999999754,2026-04-18,2026-05-16,seasonal_naive
02,2026-04-18,2026-04-25,1,1,0.0,0.0,0.0,0.0,0.0,18.0,195.59999999999945,2026-04-18,2026-04-25,seasonal_naive
02,2026-04-18,2026-05-02,2,2,0.0,0.0,0.0,0.0,0.0,17.0,200.54999999999973,2026-04-18,2026-05-02,seasonal_naive
02,2026-04-18,2026-05-09,3,3,0.0,0.0,0.0,0.0,0.0,12.0,200.0,2026-04-18,2026-05-09,seasonal_naive
02,2026-04-18,2026-05-16,4,4,0.0,0.0,0.0,0.0,0.0,12.0,210.69999999999754,2026-04-18,2026-05-16,seasonal_naive
04,2026-04-18,2026-04-25,1,1,60.0,60.0,0.0,0.0,60.0,86.0,263.59999999999945,2026-04-18,2026-04-25,seasonal_naive
04,2026-04-18,2026-05-02,2,2,60.0,60.0,0.0,0.0,60.0,88.0,271.5499999999997,2026-04-18,2026-05-02,seasonal_naive
04,2026-04-18,2026-05-09,3,3,27.0,27.0,0.0,0.0,27.0,60.0,248.0,2026-04-18,2026-05-09,seasonal_naive
04,2026-04-18,2026-05-16,4,4,40.5,40.5,0.0,0.0,40.5,75.0,273.69999999999754,2026-04-18,2026-05-16,seasonal_naive
05,2026-04-18,2026-04-25,1,1,7.0,7.0,0.0,0.0,7.0,33.0,210.59999999999945,2026-04-18,2026-04-25,seasonal_naive
05,2026-04-18,2026-05-02,2,2,1.0,1.0,0.0,0.0,1.0,29.0,212.54999999999973,2026-04-18,2026-05-02,seasonal_naive
05,2026-04-18,2026-05-09,3,3,0.0,0.0,0.0,0.0,0.0,20.0,208.0,2026-04-18,2026-05-09,seasonal_naive
05,2026-04-18,2026-05-16,4,4,0.0,0.0,0.0,0.0,0.0,19.0,217.69999999999754,2026-04-18,2026-05-16,seasonal_naive
06,2026-04-18,2026-04-25,1,1,238.0,238.0,0.0,98.0,238.0,264.0,441.59999999999945,2026-04-18,2026-04-25,seasonal_naive
06,2026-04-18,2026-05-02,2,2,223.0,223.0,0.0,80.0,223.0,251.0,434.5499999999997,2026-04-18,2026-05-02,seasonal_naive
06,2026-04-18,2026-05-09,3,3,156.0,156.0,0.0,9.5,156.0,189.0,377.0,2026-04-18,2026-05-09,seasonal_naive
06,2026-04-18,2026-05-16,4,4,144.5,144.5,0.0,0.0,144.5,179.0,377.69999999999754,2026-04-18,2026-05-16,seasonal_naive
08,2026-04-18,2026-04-25,1,1,25.0,25.0,0.0,0.0,25.0,51.0,228.59999999999945,2026-04-18,2026-04-25,seasonal_naive
08,2026-04-18,2026-05-02,2,2,10.0,10.0,0.0,0.0,10.0,38.0,221.54999999999973,2026-04-18,2026-05-02,seasonal_naive
08,2026-04-18,2026-05-09,3,3,10.0,10.0,0.0,0.0,10.0,43.0,231.0,2026-04-18,2026-05-09,seasonal_naive
08,2026-04-18,2026-05-16,4,4,0.0,0.0,0.0,0.0,0.0,25.0,223.69999999999754,2026-04-18,2026-05-16,seasonal_naive
09,2026-04-18,2026-04-25,1,1,36.0,36.0,0.0,0.0,36.0,62.0,239.59999999999945,2026-04-18,2026-04-25,seasonal_naive
09,2026-04-18,2026-05-02,2,2,5.0,5.0,0.0,0.0,5.0,33.0,216.54999999999973,2026-04-18,2026-05-02,seasonal_naive
09,2026-04-18,2026-05-09,3,3,0.0,0.0,0.0,0.0,0.0,16.0,204.0,2026-04-18,2026-05-09,seasonal_naive
09,2026-04-18,2026-05-16,4,4,0.0,0.0,0.0,0.0,0.0,23.0,221.69999999999754,2026-04-18,2026-05-16,seasonal_naive
10,2026-04-18,2026-04-25,1,1,0.0,0.0,0.0,0.0,0.0,13.0,190.59999999999945,2026-04-18,2026-04-25,seasonal_naive
10,2026-04-18,2026-05-02,2,2,0.0,0.0,0.0,0.0,0.0,18.0,201.54999999999973,2026-04-18,2026-05-02,seasonal_naive
10,2026-04-18,2026-05-09,3,3,0.0,0.0,0.0,0.0,0.0,12.0,200.0,2026-04-18,2026-05-09,seasonal_naive
10,2026-04-18,2026-05-16,4,4,0.0,0.0,0.0,0.0,0.0,6.0,204.69999999999754,2026-04-18,2026-05-16,seasonal_naive
11,2026-04-18,2026-04-25,1,1,0.0,0.0,0.0,0.0,0.0,16.0,193.59999999999945,2026-04-18,2026-04-25,seasonal_naive
11,2026-04-18,2026-05-02,2,2,0.0,0.0,0.0,0.0,0.0,12.0,195.54999999999973,2026-04-18,2026-05-02,seasonal_naive
11,2026-04-18,2026-05-09,3,3,0.0,0.0,0.0,0.0,0.0,13.0,201.0,2026-04-18,2026-05-09,seasonal_naive
11,2026-04-18,2026-05-16,4,4,0.0,0.0,0.0,0.0,0.0,8.0,206.69999999999754,2026-04-18,2026-05-16,seasonal_naive
12,2026-04-18,2026-04-25,1,1,251.0,251.0,0.0,111.0,251.0,277.0,454.59999999999945,2026-04-18,2026-04-25,seasonal_naive
12,2026-04-18,2026-05-02,2,2,221.0,221.0,0.0,78.0,221.0,249.0,432.5499999999997,2026-04-18,2026-05-02,seasonal_naive
12,2026-04-18,2026-05-09,3,3,213.0,213.0,0.0,66.5,213.0,246.0,434.0,2026-04-18,2026-05-09,seasonal_naive
12,2026-04-18,2026-05-16,4,4,190.5,190.5,0.0,38.0,190.5,225.0,423.69999999999754,2026-04-18,2026-05-16,seasonal_naive
13,2026-04-18,2026-04-25,1,1,27.0,27.0,0.0,0.0,27.0,53.0,230.59999999999945,2026-04-18,2026-04-25,seasonal_naive
13,2026-04-18,2026-05-02,2,2,24.0,24.0,0.0,0.0,24.0,52.0,235.54999999999973,2026-04-18,2026-05-02,seasonal_naive
13,2026-04-18,2026-05-09,3,3,18.0,18.0,0.0,0.0,18.0,51.0,239.0,2026-04-18,2026-05-09,seasonal_naive
13,2026-04-18,2026-05-16,4,4,5.5,5.5,0.0,0.0,5.5,40.0,238.69999999999754,2026-04-18,2026-05-16,seasonal_naive
15,2026-04-18,2026-04-25,1,1,7.0,7.0,0.0,0.0,7.0,33.0,210.59999999999945,2026-04-18,2026-04-25,seasonal_naive
15,2026-04-18,2026-05-02,2,2,14.0,14.0,0.0,0.0,14.0,42.0,225.54999999999973,2026-04-18,2026-05-02,seasonal_naive
15,2026-04-18,2026-05-09,3,3,4.0,4.0,0.0,0.0,4.0,37.0,225.0,2026-04-18,2026-05-09,seasonal_naive
15,2026-04-18,2026-05-16,4,4,0.0,0.0,0.0,0.0,0.0,31.0,229.69999999999754,2026-04-18,2026-05-16,seasonal_naive
16,2026-04-18,2026-04-25,1,1,4.0,4.0,0.0,0.0,4.0,30.0,207.59999999999945,2026-04-18,2026-04-25,seasonal_naive
16,2026-04-18,2026-05-02,2,2,0.0,0.0,0.0,0.0,0.0,24.0,207.54999999999973,2026-04-18,2026-05-02,seasonal_naive
16,2026-04-18,2026-05-09,3,3,0.0,0.0,0.0,0.0,0.0,18.0,206.0,2026-04-18,2026-05-09,seasonal_naive
16,2026-04-18,2026-05-16,4,4,0.0,0.0,0.0,0.0,0.0,17.0,215.69999999999754,2026-04-18,2026-05-16,seasonal_naive
17,2026-04-18,2026-04-25,1,1,107.0,107.0,0.0,0.0,107.0,133.0,310.59999999999945,2026-04-18,2026-04-25,seasonal_naive
17,2026-04-18,2026-05-02,2,2,61.0,61.0,0.0,0.0,61.0,89.0,272.5499999999997,2026-04-18,2026-05-02,seasonal_naive
17,2026-04-18,2026-05-09,3,3,32.0,32.0,0.0,0.0,32.0,65.0,253.0,2026-04-18,2026-05-09,seasonal_naive
17,2026-04-18,2026-05-16,4,4,23.5,23.5,0.0,0.0,23.5,58.0,256.69999999999754,2026-04-18,2026-05-16,seasonal_naive
18,2026-04-18,2026-04-25,1,1,26.0,26.0,0.0,0.0,26.0,52.0,229.59999999999945,2026-04-18,2026-04-25,seasonal_naive
18,2026-04-18,2026-05-02,2,2,14.0,14.0,0.0,0.0,14.0,42.0,225.54999999999973,2026-04-18,2026-05-02,seasonal_naive
18,2026-04-18,2026-05-09,3,3,1.0,1.0,0.0,0.0,1.0,34.0,222.0,2026-04-18,2026-05-09,seasonal_naive
18,2026-04-18,2026-05-16,4,4,0.0,0.0,0.0,0.0,0.0,31.0,229.69999999999754,2026-04-18,2026-05-16,seasonal_naive
19,2026-04-18,2026-04-25,1,1,0.0,0.0,0.0,0.0,0.0,23.0,200.59999999999945,2026-04-18,2026-04-25,seasonal_naive
19,2026-04-18,2026-05-02,2,2,0.0,0.0,0.0,0.0,0.0,12.0,195.54999999999973,2026-04-18,2026-05-02,seasonal_naive
19,2026-04-18,2026-05-09,3,3,0.0,0.0,0.0,0.0,0.0,11.0,199.0,2026-04-18,2026-05-09,seasonal_naive
19,2026-04-18,2026-05-16,4,4,0.0,0.0,0.0,0.0,0.0,7.0,205.69999999999754,2026-04-18,2026-05-16,seasonal_naive
20,2026-04-18,2026-04-25,1,1,0.0,0.0,0.0,0.0,0.0,18.0,195.59999999999945,2026-04-18,2026-04-25,seasonal_naive
20,2026-04-18,2026-05-02,2,2,0.0,0.0,0.0,0.0,0.0,14.0,197.54999999999973,2026-04-18,2026-05-02,seasonal_naive
20,2026-04-18,2026-05-09,3,3,0.0,0.0,0.0,0.0,0.0,11.0,199.0,2026-04-18,2026-05-09,seasonal_naive
20,2026-04-18,2026-05-16,4,4,0.0,0.0,0.0,0.0,0.0,14.0,212.69999999999754,2026-04-18,2026-05-16,seasonal_naive
21,2026-04-18,2026-04-25,1,1,22.0,22.0,0.0,0.0,22.0,48.0,225.59999999999945,2026-04-18,2026-04-25,seasonal_naive
21,2026-04-18,2026-05-02,2,2,1.0,1.0,0.0,0.0,1.0,29.0,212.54999999999973,2026-04-18,2026-05-02,seasonal_naive
21,2026-04-18,2026-05-09,3,3,0.0,0.0,0.0,0.0,0.0,26.0,214.0,2026-04-18,2026-05-09,seasonal_naive
21,2026-04-18,2026-05-16,4,4,0.0,0.0,0.0,0.0,0.0,21.0,219.69999999999754,2026-04-18,2026-05-16,seasonal_naive
22,2026-04-18,2026-04-25,1,1,46.0,46.0,0.0,0.0,46.0,72.0,249.59999999999945,2026-04-18,2026-04-25,seasonal_naive
22,2026-04-18,2026-05-02,2,2,24.0,24.0,0.0,0.0,24.0,52.0,235.54999999999973,2026-04-18,2026-05-02,seasonal_naive
22,2026-04-18,2026-05-09,3,3,7.0,7.0,0.0,0.0,7.0,40.0,228.0,2026-04-18,2026-05-09,seasonal_naive
22,2026-04-18,2026-05-16,4,4,12.5,12.5,0.0,0.0,12.5,47.0,245.69999999999754,2026-04-18,2026-05-16,seasonal_naive
23,2026-04-18,2026-04-25,1,1,0.0,0.0,0.0,0.0,0.0,25.0,202.59999999999945,2026-04-18,2026-04-25,seasonal_naive
23,2026-04-18,2026-05-02,2,2,0.0,0.0,0.0,0.0,0.0,18.0,201.54999999999973,2026-04-18,2026-05-02,seasonal_naive
23,2026-04-18,2026-05-09,3,3,0.0,0.0,0.0,0.0,0.0,10.0,198.0,2026-04-18,2026-05-09,seasonal_naive
23,2026-04-18,2026-05-16,4,4,0.0,0.0,0.0,0.0,0.0,8.0,206.69999999999754,2026-04-18,2026-05-16,seasonal_naive
24,2026-04-18,2026-04-25,1,1,30.0,30.0,0.0,0.0,30.0,56.0,233.59999999999945,2026-04-18,2026-04-25,seasonal_naive
24,2026-04-18,2026-05-02,2,2,21.0,21.0,0.0,0.0,21.0,49.0,232.54999999999973,2026-04-18,2026-05-02,seasonal_naive
24,2026-04-18,2026-05-09,3,3,0.0,0.0,0.0,0.0,0.0,28.0,216.0,2026-04-18,2026-05-09,seasonal_naive
24,2026-04-18,2026-05-16,4,4,0.0,0.0,0.0,0.0,0.0,16.0,214.69999999999754,2026-04-18,2026-05-16,seasonal_naive
25,2026-04-18,2026-04-25,1,1,69.0,69.0,0.0,0.0,69.0,95.0,272.59999999999945,2026-04-18,2026-04-25,seasonal_naive
25,2026-04-18,2026-05-02,2,2,55.0,55.0,0.0,0.0,55.0,83.0,266.5499999999997,2026-04-18,2026-05-02,seasonal_naive
25,2026-04-18,2026-05-09,3,3,13.0,13.0,0.0,0.0,13.0,46.0,234.0,2026-04-18,2026-05-09,seasonal_naive
25,2026-04-18,2026-05-16,4,4,1.5,1.5,0.0,0.0,1.5,36.0,234.69999999999754,2026-04-18,2026-05-16,seasonal_naive
26,2026-04-18,2026-04-25,1,1,110.0,110.0,0.0,0.0,110.0,136.0,313.59999999999945,2026-04-18,2026-04-25,seasonal_naive
26,2026-04-18,2026-05-02,2,2,97.0,97.0,0.0,0.0,97.0,125.0,308.5499999999997,2026-04-18,2026-05-02,seasonal_naive
26,2026-04-18,2026-05-09,3,3,67.0,67.0,0.0,0.0,67.0,100.0,288.0,2026-04-18,2026-05-09,seasonal_naive
26,2026-04-18,2026-05-16,4,4,33.5,33.5,0.0,0.0,33.5,68.0,266.69999999999754,2026-04-18,2026-05-16,seasonal_naive
27,2026-04-18,2026-04-25,1,1,9.0,9.0,0.0,0.0,9.0,35.0,212.59999999999945,2026-04-18,2026-04-25,seasonal_naive
27,2026-04-18,2026-05-02,2,2,11.0,11.0,0.0,0.0,11.0,39.0,222.54999999999973,2026-04-18,2026-05-02,seasonal_naive
27,2026-04-18,2026-05-09,3,3,0.0,0.0,0.0,0.0,0.0,30.0,218.0,2026-04-18,2026-05-09,seasonal_naive
27,2026-04-18,2026-05-16,4,4,0.0,0.0,0.0,0.0,0.0,14.0,212.69999999999754,2026-04-18,2026-05-16,seasonal_naive
28,2026-04-18,2026-04-25,1,1,6.0,6.0,0.0,0.0,6.0,32.0,209.59999999999945,2026-04-18,2026-04-25,seasonal_naive
28,2026-04-18,2026-05-02,2,2,0.0,0.0,0.0,0.0,0.0,23.0,206.54999999999973,2026-04-18,2026-05-02,seasonal_naive
28,2026-04-18,2026-05-09,3,3,0.0,0.0,0.0,0.0,0.0,26.0,214.0,2026-04-18,2026-05-09,seasonal_naive
28,2026-04-18,2026-05-16,4,4,0.0,0.0,0.0,0.0,0.0,22.0,220.69999999999754,2026-04-18,2026-05-16,seasonal_naive
29,2026-04-18,2026-04-25,1,1,49.0,49.0,0.0,0.0,49.0,75.0,252.59999999999945,2026-04-18,2026-04-25,seasonal_naive
29,2026-04-18,2026-05-02,2,2,39.0,39.0,0.0,0.0,39.0,67.0,250.54999999999973,2026-04-18,2026-05-02,seasonal_naive
29,2026-04-18,2026-05-09,3,3,23.0,23.0,0.0,0.0,23.0,56.0,244.0,2026-04-18,2026-05-09,seasonal_naive
29,2026-04-18,2026-05-16,4,4,24.5,24.5,0.0,0.0,24.5,59.0,257.69999999999754,2026-04-18,2026-05-16,seasonal_naive
30,2026-04-18,2026-04-25,1,1,0.0,0.0,0.0,0.0,0.0,20.0,197.59999999999945,2026-04-18,2026-04-25,seasonal_naive
30,2026-04-18,2026-05-02,2,2,0.0,0.0,0.0,0.0,0.0,14.0,197.54999999999973,2026-04-18,2026-05-02,seasonal_naive
30,2026-04-18,2026-05-09,3,3,0.0,0.0,0.0,0.0,0.0,7.0,195.0,2026-04-18,2026-05-09,seasonal_naive
30,2026-04-18,2026-05-16,4,4,0.0,0.0,0.0,0.0,0.0,6.0,204.69999999999754,2026-04-18,2026-05-16,seasonal_naive
31,2026-04-18,2026-04-25,1,1,0.0,0.0,0.0,0.0,0.0,21.0,198.59999999999945,2026-04-18,2026-04-25,seasonal_naive
31,2026-04-18,2026-05-02,2,2,0.0,0.0,0.0,0.0,0.0,11.0,194.54999999999973,2026-04-18,2026-05-02,seasonal_naive
31,2026-04-18,2026-05-09,3,3,0.0,0.0,0.0,0.0,0.0,17.0,205.0,2026-04-18,2026-05-09,seasonal_naive
31,2026-04-18,2026-05-16,4,4,0.0,0.0,0.0,0.0,0.0,11.0,209.69999999999754,2026-04-18,2026-05-16,seasonal_naive
32,2026-04-18,2026-04-25,1,1,12.0,12.0,0.0,0.0,12.0,38.0,215.59999999999945,2026-04-18,2026-04-25,seasonal_naive
32,2026-04-18,2026-05-02,2,2,0.0,0.0,0.0,0.0,0.0,27.0,210.54999999999973,2026-04-18,2026-05-02,seasonal_naive
32,2026-04-18,2026-05-09,3,3,0.0,0.0,0.0,0.0,0.0,28.0,216.0,2026-04-18,2026-05-09,seasonal_naive
32,2026-04-18,2026-05-16,4,4,0.0,0.0,0.0,0.0,0.0,22.0,220.69999999999754,2026-04-18,2026-05-16,seasonal_naive
33,2026-04-18,2026-04-25,1,1,0.0,0.0,0.0,0.0,0.0,18.0,195.59999999999945,2026-04-18,2026-04-25,seasonal_naive
33,2026-04-18,2026-05-02,2,2,0.0,0.0,0.0,0.0,0.0,14.0,197.54999999999973,2026-04-18,2026-05-02,seasonal_naive
33,2026-04-18,2026-05-09,3,3,0.0,0.0,0.0,0.0,0.0,15.0,203.0,2026-04-18,2026-05-09,seasonal_naive
33,2026-04-18,2026-05-16,4,4,0.0,0.0,0.0,0.0,0.0,9.0,207.69999999999754,2026-04-18,2026-05-16,seasonal_naive
34,2026-04-18,2026-04-25,1,1,55.0,55.0,0.0,0.0,55.0,81.0,258.59999999999945,2026-04-18,2026-04-25,seasonal_naive
34,2026-04-18,2026-05-02,2,2,50.0,50.0,0.0,0.0,50.0,78.0,261.5499999999997,2026-04-18,2026-05-02,seasonal_naive
34,2026-04-18,2026-05-09,3,3,14.0,14.0,0.0,0.0,14.0,47.0,235.0,2026-04-18,2026-05-09,seasonal_naive
34,2026-04-18,2026-05-16,4,4,14.5,14.5,0.0,0.0,14.5,49.0,247.69999999999754,2026-04-18,2026-05-16,seasonal_naive
35,2026-04-18,2026-04-25,1,1,25.0,25.0,0.0,0.0,25.0,51.0,228.59999999999945,2026-04-18,2026-04-25,seasonal_naive
35,2026-04-18,2026-05-02,2,2,12.0,12.0,0.0,0.0,12.0,40.0,223.54999999999973,2026-04-18,2026-05-02,seasonal_naive
35,2026-04-18,2026-05-09,3,3,0.0,0.0,0.0,0.0,0.0,32.0,220.0,2026-04-18,2026-05-09,seasonal_naive
35,2026-04-18,2026-05-16,4,4,0.0,0.0,0.0,0.0,0.0,17.0,215.69999999999754,2026-04-18,2026-05-16,seasonal_naive
36,2026-04-18,2026-04-25,1,1,192.0,192.0,0.0,52.0,192.0,218.0,395.59999999999945,2026-04-18,2026-04-25,seasonal_naive
36,2026-04-18,2026-05-02,2,2,137.0,137.0,0.0,0.0,137.0,165.0,348.5499999999997,2026-04-18,2026-05-02,seasonal_naive
36,2026-04-18,2026-05-09,3,3,79.0,79.0,0.0,0.0,79.0,112.0,300.0,2026-04-18,2026-05-09,seasonal_naive
36,2026-04-18,2026-05-16,4,4,34.5,34.5,0.0,0.0,34.5,69.0,267.69999999999754,2026-04-18,2026-05-16,seasonal_naive
37,2026-04-18,2026-04-25,1,1,34.0,34.0,0.0,0.0,34.0,60.0,237.59999999999945,2026-04-18,2026-04-25,seasonal_naive
37,2026-04-18,2026-05-02,2,2,21.0,21.0,0.0,0.0,21.0,49.0,232.54999999999973,2026-04-18,2026-05-02,seasonal_naive
37,2026-04-18,2026-05-09,3,3,2.0,2.0,0.0,0.0,2.0,35.0,223.0,2026-04-18,2026-05-09,seasonal_naive
37,2026-04-18,2026-05-16,4,4,0.0,0.0,0.0,0.0,0.0,25.0,223.69999999999754,2026-04-18,2026-05-16,seasonal_naive
38,2026-04-18,2026-04-25,1,1,0.0,0.0,0.0,0.0,0.0,20.0,197.59999999999945,2026-04-18,2026-04-25,seasonal_naive
38,2026-04-18,2026-05-02,2,2,0.0,0.0,0.0,0.0,0.0,16.0,199.54999999999973,2026-04-18,2026-05-02,seasonal_naive
38,2026-04-18,2026-05-09,3,3,0.0,0.0,0.0,0.0,0.0,12.0,200.0,2026-04-18,2026-05-09,seasonal_naive
38,2026-04-18,2026-05-16,4,4,0.0,0.0,0.0,0.0,0.0,13.0,211.69999999999754,2026-04-18,2026-05-16,seasonal_naive
39,2026-04-18,2026-04-25,1,1,70.0,70.0,0.0,0.0,70.0,96.0,273.59999999999945,2026-04-18,2026-04-25,seasonal_naive
39,2026-04-18,2026-05-02,2,2,27.0,27.0,0.0,0.0,27.0,55.0,238.54999999999973,2026-04-18,2026-05-02,seasonal_naive
39,2026-04-18,2026-05-09,3,3,7.0,7.0,0.0,0.0,7.0,40.0,228.0,2026-04-18,2026-05-09,seasonal_naive
39,2026-04-18,2026-05-16,4,4,0.0,0.0,0.0,0.0,0.0,31.0,229.69999999999754,2026-04-18,2026-05-16,seasonal_naive
40,2026-04-18,2026-04-25,1,1,0.0,0.0,0.0,0.0,0.0,26.0,203.59999999999945,2026-04-18,2026-04-25,seasonal_naive
40,2026-04-18,2026-05-02,2,2,0.0,0.0,0.0,0.0,0.0,24.0,207.54999999999973,2026-04-18,2026-05-02,seasonal_naive
40,2026-04-18,2026-05-09,3,3,0.0,0.0,0.0,0.0,0.0,20.0,208.0,2026-04-18,2026-05-09,seasonal_naive
40,2026-04-18,2026-05-16,4,4,0.0,0.0,0.0,0.0,0.0,25.0,223.69999999999754,2026-04-18,2026-05-16,seasonal_naive
41,2026-04-18,2026-04-25,1,1,16.0,16.0,0.0,0.0,16.0,42.0,219.59999999999945,2026-04-18,2026-04-25,seasonal_naive
41,2026-04-18,2026-05-02,2,2,16.0,16.0,0.0,0.0,16.0,44.0,227.54999999999973,2026-04-18,2026-05-02,seasonal_naive
41,2026-04-18,2026-05-09,3,3,1.0,1.0,0.0,0.0,1.0,34.0,222.0,2026-04-18,2026-05-09,seasonal_naive
41,2026-04-18,2026-05-16,4,4,0.0,0.0,0.0,0.0,0.0,25.0,223.69999999999754,2026-04-18,2026-05-16,seasonal_naive
42,2026-04-18,2026-04-25,1,1,457.0,457.0,0.0,317.0,457.0,483.0,660.5999999999995,2026-04-18,2026-04-25,seasonal_naive
42,2026-04-18,2026-05-02,2,2,236.0,236.0,0.0,93.0,236.0,264.0,447.5499999999997,2026-04-18,2026-05-02,seasonal_naive
42,2026-04-18,2026-05-09,3,3,236.0,236.0,0.0,89.5,236.0,269.0,457.0,2026-04-18,2026-05-09,seasonal_naive
42,2026-04-18,2026-05-16,4,4,144.5,144.5,0.0,0.0,144.5,179.0,377.69999999999754,2026-04-18,2026-05-16,seasonal_naive
44,2026-04-18,2026-04-25,1,1,0.0,0.0,0.0,0.0,0.0,13.0,190.59999999999945,2026-04-18,2026-04-25,seasonal_naive
44,2026-04-18,2026-05-02,2,2,0.0,0.0,0.0,0.0,0.0,16.0,199.54999999999973,2026-04-18,2026-05-02,seasonal_naive
44,2026-04-18,2026-05-09,3,3,0.0,0.0,0.0,0.0,0.0,10.0,198.0,2026-04-18,2026-05-09,seasonal_naive
44,2026-04-18,2026-05-16,4,4,0.0,0.0,0.0,0.0,0.0,8.0,206.69999999999754,2026-04-18,2026-05-16,seasonal_naive
45,2026-04-18,2026-04-25,1,1,16.0,16.0,0.0,0.0,16.0,42.0,219.59999999999945,2026-04-18,2026-04-25,seasonal_naive
45,2026-04-18,2026-05-02,2,2,0.0,0.0,0.0,0.0,0.0,24.0,207.54999999999973,2026-04-18,2026-05-02,seasonal_naive
45,2026-04-18,2026-05-09,3,3,0.0,0.0,0.0,0.0,0.0,20.0,208.0,2026-04-18,2026-05-09,seasonal_naive
45,2026-04-18,2026-05-16,4,4,0.0,0.0,0.0,0.0,0.0,21.0,219.69999999999754,2026-04-18,2026-05-16,seasonal_naive
46,2026-04-18,2026-04-25,1,1,0.0,0.0,0.0,0.0,0.0,17.0,194.59999999999945,2026-04-18,2026-04-25,seasonal_naive
46,2026-04-18,2026-05-02,2,2,0.0,0.0,0.0,0.0,0.0,12.0,195.54999999999973,2026-04-18,2026-05-02,seasonal_naive
46,2026-04-18,2026-05-09,3,3,0.0,0.0,0.0,0.0,0.0,8.0,196.0,2026-04-18,2026-05-09,seasonal_naive
46,2026-04-18,2026-05-16,4,4,0.0,0.0,0.0,0.0,0.0,11.0,209.69999999999754,2026-04-18,2026-05-16,seasonal_naive
47,2026-04-18,2026-04-25,1,1,48.0,48.0,0.0,0.0,48.0,74.0,251.59999999999945,2026-04-18,2026-04-25,seasonal_naive
47,2026-04-18,2026-05-02,2,2,26.0,26.0,0.0,0.0,26.0,54.0,237.54999999999973,2026-04-18,2026-05-02,seasonal_naive
47,2026-04-18,2026-05-09,3,3,6.0,6.0,0.0,0.0,6.0,39.0,227.0,2026-04-18,2026-05-09,seasonal_naive
47,2026-04-18,2026-05-16,4,4,21.5,21.5,0.0,0.0,21.5,56.0,254.69999999999754,2026-04-18,2026-05-16,seasonal_naive
48,2026-04-18,2026-04-25,1,1,213.0,213.0,0.0,73.0,213.0,239.0,416.59999999999945,2026-04-18,2026-04-25,seasonal_naive
48,2026-04-18,2026-05-02,2,2,173.0,173.0,0.0,30.0,173.0,201.0,384.5499999999997,2026-04-18,2026-05-02,seasonal_naive
48,2026-04-18,2026-05-09,3,3,150.0,150.0,0.0,3.5,150.0,183.0,371.0,2026-04-18,2026-05-09,seasonal_naive
48,2026-04-18,2026-05-16,4,4,174.5,174.5,0.0,22.0,174.5,209.0,407.69999999999754,2026-04-18,2026-05-16,seasonal_naive
49,2026-04-18,2026-04-25,1,1,2.0,2.0,0.0,0.0,2.0,28.0,205.59999999999945,2026-04-18,2026-04-25,seasonal_naive
49,2026-04-18,2026-05-02,2,2,0.0,0.0,0.0,0.0,0.0,25.0,208.54999999999973,2026-04-18,2026-05-02,seasonal_naive
49,2026-04-18,2026-05-09,3,3,0.0,0.0,0.0,0.0,0.0,21.0,209.0,2026-04-18,2026-05-09,seasonal_naive
49,2026-04-18,2026-05-16,4,4,0.0,0.0,0.0,0.0,0.0,18.0,216.69999999999754,2026-04-18,2026-05-16,seasonal_naive
50,2026-04-18,2026-04-25,1,1,0.0,0.0,0.0,0.0,0.0,22.0,199.59999999999945,2026-04-18,2026-04-25,seasonal_naive
50,2026-04-18,2026-05-02,2,2,0.0,0.0,0.0,0.0,0.0,11.0,194.54999999999973,2026-04-18,2026-05-02,seasonal_naive
50,2026-04-18,2026-05-09,3,3,0.0,0.0,0.0,0.0,0.0,8.0,196.0,2026-04-18,2026-05-09,seasonal_naive
50,2026-04-18,2026-05-16,4,4,0.0,0.0,0.0,0.0,0.0,8.0,206.69999999999754,2026-04-18,2026-05-16,seasonal_naive
51,2026-04-18,2026-04-25,1,1,37.0,37.0,0.0,0.0,37.0,63.0,240.59999999999945,2026-04-18,2026-04-25,seasonal_naive
51,2026-04-18,2026-05-02,2,2,20.0,20.0,0.0,0.0,20.0,48.0,231.54999999999973,2026-04-18,2026-05-02,seasonal_naive
51,2026-04-18,2026-05-09,3,3,9.0,9.0,0.0,0.0,9.0,42.0,230.0,2026-04-18,2026-05-09,seasonal_naive
51,2026-04-18,2026-05-16,4,4,0.0,0.0,0.0,0.0,0.0,22.0,220.69999999999754,2026-04-18,2026-05-16,seasonal_naive
53,2026-04-18,2026-04-25,1,1,22.0,22.0,0.0,0.0,22.0,48.0,225.59999999999945,2026-04-18,2026-04-25,seasonal_naive
53,2026-04-18,2026-05-02,2,2,0.0,0.0,0.0,0.0,0.0,28.0,211.54999999999973,2026-04-18,2026-05-02,seasonal_naive
53,2026-04-18,2026-05-09,3,3,0.0,0.0,0.0,0.0,0.0,31.0,219.0,2026-04-18,2026-05-09,seasonal_naive
53,2026-04-18,2026-05-16,4,4,0.0,0.0,0.0,0.0,0.0,22.0,220.69999999999754,2026-04-18,2026-05-16,seasonal_naive
54,2026-04-18,2026-04-25,1,1,1.0,1.0,0.0,0.0,1.0,27.0,204.59999999999945,2026-04-18,2026-04-25,seasonal_naive
54,2026-04-18,2026-05-02,2,2,0.0,0.0,0.0,0.0,0.0,18.0,201.54999999999973,2026-04-18,2026-05-02,seasonal_naive
54,2026-04-18,2026-05-09,3,3,0.0,0.0,0.0,0.0,0.0,13.0,201.0,2026-04-18,2026-05-09,seasonal_naive
54,2026-04-18,2026-05-16,4,4,0.0,0.0,0.0,0.0,0.0,11.0,209.69999999999754,2026-04-18,2026-05-16,seasonal_naive
55,2026-04-18,2026-04-25,1,1,16.0,16.0,0.0,0.0,16.0,42.0,219.59999999999945,2026-04-18,2026-04-25,seasonal_naive
55,2026-04-18,2026-05-02,2,2,10.0,10.0,0.0,0.0,10.0,38.0,221.54999999999973,2026-04-18,2026-05-02,seasonal_naive
55,2026-04-18,2026-05-09,3,3,1.0,1.0,0.0,0.0,1.0,34.0,222.0,2026-04-18,2026-05-09,seasonal_naive
55,2026-04-18,2026-05-16,4,4,0.0,0.0,0.0,0.0,0.0,21.0,219.69999999999754,2026-04-18,2026-05-16,seasonal_naive
56,2026-04-18,2026-04-25,1,1,0.0,0.0,0.0,0.0,0.0,15.0,192.59999999999945,2026-04-18,2026-04-25,seasonal_naive
56,2026-04-18,2026-05-02,2,2,0.0,0.0,0.0,0.0,0.0,9.0,192.54999999999973,2026-04-18,2026-05-02,seasonal_naive
56,2026-04-18,2026-05-09,3,3,0.0,0.0,0.0,0.0,0.0,11.0,199.0,2026-04-18,2026-05-09,seasonal_naive
56,2026-04-18,2026-05-16,4,4,0.0,0.0,0.0,0.0,0.0,9.0,207.69999999999754,2026-04-18,2026-05-16,seasonal_naive
72,2026-04-18,2026-04-25,1,1,170.0,170.0,0.0,30.0,170.0,196.0,373.59999999999945,2026-04-18,2026-04-25,seasonal_naive
72,2026-04-18,2026-05-02,2,2,118.0,118.0,0.0,0.0,118.0,146.0,329.5499999999997,2026-04-18,2026-05-02,seasonal_naive
72,2026-04-18,2026-05-09,3,3,184.0,184.0,0.0,37.5,184.0,217.0,405.0,2026-04-18,2026-05-09,seasonal_naive
72,2026-04-18,2026-05-16,4,4,173.5,173.5,0.0,21.0,173.5,208.0,406.69999999999754,2026-04-18,2026-05-16,seasonal_naive
01,2026-05-16,2026-05-23,1,1,4.0,4.0,0.0,0.0,4.0,31.0,205.9999999999991,2026-05-16,2026-05-23,seasonal_naive
01,2026-05-16,2026-05-30,2,2,0.0,0.0,0.0,0.0,0.0,13.0,193.0,2026-05-16,2026-05-30,seasonal_naive
01,2026-05-16,2026-06-06,3,3,0.0,0.0,0.0,0.0,0.0,16.0,204.5,2026-05-16,2026-06-06,seasonal_naive
01,2026-05-16,2026-06-13,4,4,0.0,0.0,0.0,0.0,0.0,19.0,216.59999999999945,2026-05-16,2026-06-13,seasonal_naive
02,2026-05-16,2026-05-23,1,1,0.0,0.0,0.0,0.0,0.0,13.0,187.9999999999991,2026-05-16,2026-05-23,seasonal_naive
02,2026-05-16,2026-05-30,2,2,0.0,0.0,0.0,0.0,0.0,10.0,190.0,2026-05-16,2026-05-30,seasonal_naive
02,2026-05-16,2026-06-06,3,3,0.0,0.0,0.0,0.0,0.0,13.0,201.5,2026-05-16,2026-06-06,seasonal_naive
02,2026-05-16,2026-06-13,4,4,0.0,0.0,0.0,0.0,0.0,12.0,209.59999999999945,2026-05-16,2026-06-13,seasonal_naive
04,2026-05-16,2026-05-23,1,1,14.0,14.0,0.0,0.0,14.0,41.0,215.9999999999991,2026-05-16,2026-05-23,seasonal_naive
04,2026-05-16,2026-05-30,2,2,28.0,28.0,0.0,0.0,28.0,57.0,237.0,2026-05-16,2026-05-30,seasonal_naive
04,2026-05-16,2026-06-06,3,3,2.0,2.0,0.0,0.0,2.0,34.0,222.5,2026-05-16,2026-06-06,seasonal_naive
04,2026-05-16,2026-06-13,4,4,1.0,1.0,0.0,0.0,1.0,36.0,233.59999999999945,2026-05-16,2026-06-13,seasonal_naive
05,2026-05-16,2026-05-23,1,1,0.0,0.0,0.0,0.0,0.0,17.0,191.9999999999991,2026-05-16,2026-05-23,seasonal_naive
05,2026-05-16,2026-05-30,2,2,0.0,0.0,0.0,0.0,0.0,16.0,196.0,2026-05-16,2026-05-30,seasonal_naive
05,2026-05-16,2026-06-06,3,3,0.0,0.0,0.0,0.0,0.0,16.0,204.5,2026-05-16,2026-06-06,seasonal_naive
05,2026-05-16,2026-06-13,4,4,0.0,0.0,0.0,0.0,0.0,13.0,210.59999999999945,2026-05-16,2026-06-13,seasonal_naive
06,2026-05-16,2026-05-23,1,1,162.0,162.0,0.0,29.0,162.0,189.0,363.9999999999991,2026-05-16,2026-05-23,seasonal_naive
06,2026-05-16,2026-05-30,2,2,166.0,166.0,0.0,27.75,166.0,195.0,375.0,2026-05-16,2026-05-30,seasonal_naive
06,2026-05-16,2026-06-06,3,3,119.0,119.0,0.0,0.0,119.0,151.0,339.5,2026-05-16,2026-06-06,seasonal_naive
06,2026-05-16,2026-06-13,4,4,124.0,124.0,0.0,0.0,124.0,159.0,356.59999999999945,2026-05-16,2026-06-13,seasonal_naive
08,2026-05-16,2026-05-23,1,1,0.0,0.0,0.0,0.0,0.0,18.0,192.9999999999991,2026-05-16,2026-05-23,seasonal_naive
08,2026-05-16,2026-05-30,2,2,0.0,0.0,0.0,0.0,0.0,21.0,201.0,2026-05-16,2026-05-30,seasonal_naive
08,2026-05-16,2026-06-06,3,3,0.0,0.0,0.0,0.0,0.0,22.0,210.5,2026-05-16,2026-06-06,seasonal_naive
08,2026-05-16,2026-06-13,4,4,0.0,0.0,0.0,0.0,0.0,18.0,215.59999999999945,2026-05-16,2026-06-13,seasonal_naive
09,2026-05-16,2026-05-23,1,1,0.0,0.0,0.0,0.0,0.0,17.0,191.9999999999991,2026-05-16,2026-05-23,seasonal_naive
09,2026-05-16,2026-05-30,2,2,0.0,0.0,0.0,0.0,0.0,18.0,198.0,2026-05-16,2026-05-30,seasonal_naive
09,2026-05-16,2026-06-06,3,3,0.0,0.0,0.0,0.0,0.0,10.0,198.5,2026-05-16,2026-06-06,seasonal_naive
09,2026-05-16,2026-06-13,4,4,0.0,0.0,0.0,0.0,0.0,5.0,202.59999999999945,2026-05-16,2026-06-13,seasonal_naive
10,2026-05-16,2026-05-23,1,1,0.0,0.0,0.0,0.0,0.0,4.0,178.9999999999991,2026-05-16,2026-05-23,seasonal_naive
10,2026-05-16,2026-05-30,2,2,0.0,0.0,0.0,0.0,0.0,2.0,182.0,2026-05-16,2026-05-30,seasonal_naive
10,2026-05-16,2026-06-06,3,3,0.0,0.0,0.0,0.0,0.0,2.0,190.5,2026-05-16,2026-06-06,seasonal_naive
10,2026-05-16,2026-06-13,4,4,0.0,0.0,0.0,0.0,0.0,6.0,203.59999999999945,2026-05-16,2026-06-13,seasonal_naive
11,2026-05-16,2026-05-23,1,1,0.0,0.0,0.0,0.0,0.0,5.0,179.9999999999991,2026-05-16,2026-05-23,seasonal_naive
11,2026-05-16,2026-05-30,2,2,0.0,0.0,0.0,0.0,0.0,7.0,187.0,2026-05-16,2026-05-30,seasonal_naive
11,2026-05-16,2026-06-06,3,3,0.0,0.0,0.0,0.0,0.0,6.0,194.5,2026-05-16,2026-06-06,seasonal_naive
11,2026-05-16,2026-06-13,4,4,0.0,0.0,0.0,0.0,0.0,3.0,200.59999999999945,2026-05-16,2026-06-13,seasonal_naive
12,2026-05-16,2026-05-23,1,1,191.0,191.0,0.0,58.0,191.0,218.0,392.9999999999991,2026-05-16,2026-05-23,seasonal_naive
12,2026-05-16,2026-05-30,2,2,205.0,205.0,0.0,66.75,205.0,234.0,414.0,2026-05-16,2026-05-30,seasonal_naive
12,2026-05-16,2026-06-06,3,3,182.0,182.0,0.0,38.0,182.0,214.0,402.5,2026-05-16,2026-06-06,seasonal_naive
12,2026-05-16,2026-06-13,4,4,193.0,193.0,0.0,46.0,193.0,228.0,425.59999999999945,2026-05-16,2026-06-13,seasonal_naive
13,2026-05-16,2026-05-23,1,1,0.0,0.0,0.0,0.0,0.0,24.0,198.9999999999991,2026-05-16,2026-05-23,seasonal_naive
13,2026-05-16,2026-05-30,2,2,0.0,0.0,0.0,0.0,0.0,28.0,208.0,2026-05-16,2026-05-30,seasonal_naive
13,2026-05-16,2026-06-06,3,3,0.0,0.0,0.0,0.0,0.0,30.0,218.5,2026-05-16,2026-06-06,seasonal_naive
13,2026-05-16,2026-06-13,4,4,0.0,0.0,0.0,0.0,0.0,32.0,229.59999999999945,2026-05-16,2026-06-13,seasonal_naive
15,2026-05-16,2026-05-23,1,1,0.0,0.0,0.0,0.0,0.0,21.0,195.9999999999991,2026-05-16,2026-05-23,seasonal_naive
15,2026-05-16,2026-05-30,2,2,0.0,0.0,0.0,0.0,0.0,21.0,201.0,2026-05-16,2026-05-30,seasonal_naive
15,2026-05-16,2026-06-06,3,3,0.0,0.0,0.0,0.0,0.0,12.0,200.5,2026-05-16,2026-06-06,seasonal_naive
15,2026-05-16,2026-06-13,4,4,0.0,0.0,0.0,0.0,0.0,15.0,212.59999999999945,2026-05-16,2026-06-13,seasonal_naive
16,2026-05-16,2026-05-23,1,1,0.0,0.0,0.0,0.0,0.0,14.0,188.9999999999991,2026-05-16,2026-05-23,seasonal_naive
16,2026-05-16,2026-05-30,2,2,0.0,0.0,0.0,0.0,0.0,7.0,187.0,2026-05-16,2026-05-30,seasonal_naive
16,2026-05-16,2026-06-06,3,3,0.0,0.0,0.0,0.0,0.0,9.0,197.5,2026-05-16,2026-06-06,seasonal_naive
16,2026-05-16,2026-06-13,4,4,0.0,0.0,0.0,0.0,0.0,10.0,207.59999999999945,2026-05-16,2026-06-13,seasonal_naive
17,2026-05-16,2026-05-23,1,1,50.0,50.0,0.0,0.0,50.0,77.0,251.9999999999991,2026-05-16,2026-05-23,seasonal_naive
17,2026-05-16,2026-05-30,2,2,29.0,29.0,0.0,0.0,29.0,58.0,238.0,2026-05-16,2026-05-30,seasonal_naive
17,2026-05-16,2026-06-06,3,3,0.0,0.0,0.0,0.0,0.0,30.0,218.5,2026-05-16,2026-06-06,seasonal_naive
17,2026-05-16,2026-06-13,4,4,0.0,0.0,0.0,0.0,0.0,25.0,222.59999999999945,2026-05-16,2026-06-13,seasonal_naive
18,2026-05-16,2026-05-23,1,1,0.0,0.0,0.0,0.0,0.0,21.0,195.9999999999991,2026-05-16,2026-05-23,seasonal_naive
18,2026-05-16,2026-05-30,2,2,0.0,0.0,0.0,0.0,0.0,22.0,202.0,2026-05-16,2026-05-30,seasonal_naive
18,2026-05-16,2026-06-06,3,3,0.0,0.0,0.0,0.0,0.0,17.0,205.5,2026-05-16,2026-06-06,seasonal_naive
18,2026-05-16,2026-06-13,4,4,0.0,0.0,0.0,0.0,0.0,6.0,203.59999999999945,2026-05-16,2026-06-13,seasonal_naive
19,2026-05-16,2026-05-23,1,1,0.0,0.0,0.0,0.0,0.0,8.0,182.9999999999991,2026-05-16,2026-05-23,seasonal_naive
19,2026-05-16,2026-05-30,2,2,0.0,0.0,0.0,0.0,0.0,6.0,186.0,2026-05-16,2026-05-30,seasonal_naive
19,2026-05-16,2026-06-06,3,3,0.0,0.0,0.0,0.0,0.0,8.0,196.5,2026-05-16,2026-06-06,seasonal_naive
19,2026-05-16,2026-06-13,4,4,0.0,0.0,0.0,0.0,0.0,2.0,199.59999999999945,2026-05-16,2026-06-13,seasonal_naive
20,2026-05-16,2026-05-23,1,1,0.0,0.0,0.0,0.0,0.0,14.0,188.9999999999991,2026-05-16,2026-05-23,seasonal_naive
20,2026-05-16,2026-05-30,2,2,0.0,0.0,0.0,0.0,0.0,11.0,191.0,2026-05-16,2026-05-30,seasonal_naive
20,2026-05-16,2026-06-06,3,3,0.0,0.0,0.0,0.0,0.0,4.0,192.5,2026-05-16,2026-06-06,seasonal_naive
20,2026-05-16,2026-06-13,4,4,0.0,0.0,0.0,0.0,0.0,2.0,199.59999999999945,2026-05-16,2026-06-13,seasonal_naive
21,2026-05-16,2026-05-23,1,1,0.0,0.0,0.0,0.0,0.0,21.0,195.9999999999991,2026-05-16,2026-05-23,seasonal_naive
21,2026-05-16,2026-05-30,2,2,0.0,0.0,0.0,0.0,0.0,23.0,203.0,2026-05-16,2026-05-30,seasonal_naive
21,2026-05-16,2026-06-06,3,3,0.0,0.0,0.0,0.0,0.0,22.0,210.5,2026-05-16,2026-06-06,seasonal_naive
21,2026-05-16,2026-06-13,4,4,0.0,0.0,0.0,0.0,0.0,20.0,217.59999999999945,2026-05-16,2026-06-13,seasonal_naive
22,2026-05-16,2026-05-23,1,1,10.0,10.0,0.0,0.0,10.0,37.0,211.9999999999991,2026-05-16,2026-05-23,seasonal_naive
22,2026-05-16,2026-05-30,2,2,10.0,10.0,0.0,0.0,10.0,39.0,219.0,2026-05-16,2026-05-30,seasonal_naive
22,2026-05-16,2026-06-06,3,3,6.0,6.0,0.0,0.0,6.0,38.0,226.5,2026-05-16,2026-06-06,seasonal_naive
22,2026-05-16,2026-06-13,4,4,3.0,3.0,0.0,0.0,3.0,38.0,235.59999999999945,2026-05-16,2026-06-13,seasonal_naive
23,2026-05-16,2026-05-23,1,1,0.0,0.0,0.0,0.0,0.0,5.0,179.9999999999991,2026-05-16,2026-05-23,seasonal_naive
23,2026-05-16,2026-05-30,2,2,0.0,0.0,0.0,0.0,0.0,3.0,183.0,2026-05-16,2026-05-30,seasonal_naive
23,2026-05-16,2026-06-06,3,3,0.0,0.0,0.0,0.0,0.0,2.0,190.5,2026-05-16,2026-06-06,seasonal_naive
23,2026-05-16,2026-06-13,4,4,0.0,0.0,0.0,0.0,0.0,3.0,200.59999999999945,2026-05-16,2026-06-13,seasonal_naive
24,2026-05-16,2026-05-23,1,1,2.0,2.0,0.0,0.0,2.0,29.0,203.9999999999991,2026-05-16,2026-05-23,seasonal_naive
24,2026-05-16,2026-05-30,2,2,11.0,11.0,0.0,0.0,11.0,40.0,220.0,2026-05-16,2026-05-30,seasonal_naive
24,2026-05-16,2026-06-06,3,3,4.0,4.0,0.0,0.0,4.0,36.0,224.5,2026-05-16,2026-06-06,seasonal_naive
24,2026-05-16,2026-06-13,4,4,0.0,0.0,0.0,0.0,0.0,14.0,211.59999999999945,2026-05-16,2026-06-13,seasonal_naive
25,2026-05-16,2026-05-23,1,1,5.0,5.0,0.0,0.0,5.0,32.0,206.9999999999991,2026-05-16,2026-05-23,seasonal_naive
25,2026-05-16,2026-05-30,2,2,0.0,0.0,0.0,0.0,0.0,28.0,208.0,2026-05-16,2026-05-30,seasonal_naive
25,2026-05-16,2026-06-06,3,3,0.0,0.0,0.0,0.0,0.0,21.0,209.5,2026-05-16,2026-06-06,seasonal_naive
25,2026-05-16,2026-06-13,4,4,0.0,0.0,0.0,0.0,0.0,25.0,222.59999999999945,2026-05-16,2026-06-13,seasonal_naive
26,2026-05-16,2026-05-23,1,1,27.0,27.0,0.0,0.0,27.0,54.0,228.9999999999991,2026-05-16,2026-05-23,seasonal_naive
26,2026-05-16,2026-05-30,2,2,25.0,25.0,0.0,0.0,25.0,54.0,234.0,2026-05-16,2026-05-30,seasonal_naive
26,2026-05-16,2026-06-06,3,3,2.0,2.0,0.0,0.0,2.0,34.0,222.5,2026-05-16,2026-06-06,seasonal_naive
26,2026-05-16,2026-06-13,4,4,0.0,0.0,0.0,0.0,0.0,35.0,232.59999999999945,2026-05-16,2026-06-13,seasonal_naive
27,2026-05-16,2026-05-23,1,1,0.0,0.0,0.0,0.0,0.0,12.0,186.9999999999991,2026-05-16,2026-05-23,seasonal_naive
27,2026-05-16,2026-05-30,2,2,0.0,0.0,0.0,0.0,0.0,15.0,195.0,2026-05-16,2026-05-30,seasonal_naive
27,2026-05-16,2026-06-06,3,3,0.0,0.0,0.0,0.0,0.0,8.0,196.5,2026-05-16,2026-06-06,seasonal_naive
27,2026-05-16,2026-06-13,4,4,0.0,0.0,0.0,0.0,0.0,13.0,210.59999999999945,2026-05-16,2026-06-13,seasonal_naive
28,2026-05-16,2026-05-23,1,1,0.0,0.0,0.0,0.0,0.0,18.0,192.9999999999991,2026-05-16,2026-05-23,seasonal_naive
28,2026-05-16,2026-05-30,2,2,0.0,0.0,0.0,0.0,0.0,22.0,202.0,2026-05-16,2026-05-30,seasonal_naive
28,2026-05-16,2026-06-06,3,3,0.0,0.0,0.0,0.0,0.0,19.0,207.5,2026-05-16,2026-06-06,seasonal_naive
28,2026-05-16,2026-06-13,4,4,0.0,0.0,0.0,0.0,0.0,18.0,215.59999999999945,2026-05-16,2026-06-13,seasonal_naive
29,2026-05-16,2026-05-23,1,1,18.0,18.0,0.0,0.0,18.0,45.0,219.9999999999991,2026-05-16,2026-05-23,seasonal_naive
29,2026-05-16,2026-05-30,2,2,17.0,17.0,0.0,0.0,17.0,46.0,226.0,2026-05-16,2026-05-30,seasonal_naive
29,2026-05-16,2026-06-06,3,3,3.0,3.0,0.0,0.0,3.0,35.0,223.5,2026-05-16,2026-06-06,seasonal_naive
29,2026-05-16,2026-06-13,4,4,8.0,8.0,0.0,0.0,8.0,43.0,240.59999999999945,2026-05-16,2026-06-13,seasonal_naive
30,2026-05-16,2026-05-23,1,1,0.0,0.0,0.0,0.0,0.0,5.0,179.9999999999991,2026-05-16,2026-05-23,seasonal_naive
30,2026-05-16,2026-05-30,2,2,0.0,0.0,0.0,0.0,0.0,6.0,186.0,2026-05-16,2026-05-30,seasonal_naive
30,2026-05-16,2026-06-06,3,3,0.0,0.0,0.0,0.0,0.0,4.0,192.5,2026-05-16,2026-06-06,seasonal_naive
30,2026-05-16,2026-06-13,4,4,0.0,0.0,0.0,0.0,0.0,2.0,199.59999999999945,2026-05-16,2026-06-13,seasonal_naive
31,2026-05-16,2026-05-23,1,1,0.0,0.0,0.0,0.0,0.0,5.0,179.9999999999991,2026-05-16,2026-05-23,seasonal_naive
31,2026-05-16,2026-05-30,2,2,0.0,0.0,0.0,0.0,0.0,4.0,184.0,2026-05-16,2026-05-30,seasonal_naive
31,2026-05-16,2026-06-06,3,3,0.0,0.0,0.0,0.0,0.0,6.0,194.5,2026-05-16,2026-06-06,seasonal_naive
31,2026-05-16,2026-06-13,4,4,0.0,0.0,0.0,0.0,0.0,1.0,198.59999999999945,2026-05-16,2026-06-13,seasonal_naive
32,2026-05-16,2026-05-23,1,1,2.0,2.0,0.0,0.0,2.0,29.0,203.9999999999991,2026-05-16,2026-05-23,seasonal_naive
32,2026-05-16,2026-05-30,2,2,0.0,0.0,0.0,0.0,0.0,17.0,197.0,2026-05-16,2026-05-30,seasonal_naive
32,2026-05-16,2026-06-06,3,3,0.0,0.0,0.0,0.0,0.0,15.0,203.5,2026-05-16,2026-06-06,seasonal_naive
32,2026-05-16,2026-06-13,4,4,0.0,0.0,0.0,0.0,0.0,17.0,214.59999999999945,2026-05-16,2026-06-13,seasonal_naive
33,2026-05-16,2026-05-23,1,1,0.0,0.0,0.0,0.0,0.0,4.0,178.9999999999991,2026-05-16,2026-05-23,seasonal_naive
33,2026-05-16,2026-05-30,2,2,0.0,0.0,0.0,0.0,0.0,5.0,185.0,2026-05-16,2026-05-30,seasonal_naive
33,2026-05-16,2026-06-06,3,3,0.0,0.0,0.0,0.0,0.0,3.0,191.5,2026-05-16,2026-06-06,seasonal_naive
33,2026-05-16,2026-06-13,4,4,0.0,0.0,0.0,0.0,0.0,3.0,200.59999999999945,2026-05-16,2026-06-13,seasonal_naive
34,2026-05-16,2026-05-23,1,1,1.0,1.0,0.0,0.0,1.0,28.0,202.9999999999991,2026-05-16,2026-05-23,seasonal_naive
34,2026-05-16,2026-05-30,2,2,3.0,3.0,0.0,0.0,3.0,32.0,212.0,2026-05-16,2026-05-30,seasonal_naive
34,2026-05-16,2026-06-06,3,3,0.0,0.0,0.0,0.0,0.0,28.0,216.5,2026-05-16,2026-06-06,seasonal_naive
34,2026-05-16,2026-06-13,4,4,0.0,0.0,0.0,0.0,0.0,25.0,222.59999999999945,2026-05-16,2026-06-13,seasonal_naive
35,2026-05-16,2026-05-23,1,1,0.0,0.0,0.0,0.0,0.0,17.0,191.9999999999991,2026-05-16,2026-05-23,seasonal_naive
35,2026-05-16,2026-05-30,2,2,0.0,0.0,0.0,0.0,0.0,9.0,189.0,2026-05-16,2026-05-30,seasonal_naive
35,2026-05-16,2026-06-06,3,3,0.0,0.0,0.0,0.0,0.0,12.0,200.5,2026-05-16,2026-06-06,seasonal_naive
35,2026-05-16,2026-06-13,4,4,0.0,0.0,0.0,0.0,0.0,7.0,204.59999999999945,2026-05-16,2026-06-13,seasonal_naive
36,2026-05-16,2026-05-23,1,1,26.0,26.0,0.0,0.0,26.0,53.0,227.9999999999991,2026-05-16,2026-05-23,seasonal_naive
36,2026-05-16,2026-05-30,2,2,14.0,14.0,0.0,0.0,14.0,43.0,223.0,2026-05-16,2026-05-30,seasonal_naive
36,2026-05-16,2026-06-06,3,3,0.0,0.0,0.0,0.0,0.0,29.0,217.5,2026-05-16,2026-06-06,seasonal_naive
36,2026-05-16,2026-06-13,4,4,0.0,0.0,0.0,0.0,0.0,30.0,227.59999999999945,2026-05-16,2026-06-13,seasonal_naive
37,2026-05-16,2026-05-23,1,1,0.0,0.0,0.0,0.0,0.0,22.0,196.9999999999991,2026-05-16,2026-05-23,seasonal_naive
37,2026-05-16,2026-05-30,2,2,0.0,0.0,0.0,0.0,0.0,21.0,201.0,2026-05-16,2026-05-30,seasonal_naive
37,2026-05-16,2026-06-06,3,3,0.0,0.0,0.0,0.0,0.0,27.0,215.5,2026-05-16,2026-06-06,seasonal_naive
37,2026-05-16,2026-06-13,4,4,0.0,0.0,0.0,0.0,0.0,19.0,216.59999999999945,2026-05-16,2026-06-13,seasonal_naive
38,2026-05-16,2026-05-23,1,1,0.0,0.0,0.0,0.0,0.0,6.0,180.9999999999991,2026-05-16,2026-05-23,seasonal_naive
38,2026-05-16,2026-05-30,2,2,0.0,0.0,0.0,0.0,0.0,3.0,183.0,2026-05-16,2026-05-30,seasonal_naive
38,2026-05-16,2026-06-06,3,3,0.0,0.0,0.0,0.0,0.0,7.0,195.5,2026-05-16,2026-06-06,seasonal_naive
38,2026-05-16,2026-06-13,4,4,0.0,0.0,0.0,0.0,0.0,5.0,202.59999999999945,2026-05-16,2026-06-13,seasonal_naive
39,2026-05-16,2026-05-23,1,1,0.0,0.0,0.0,0.0,0.0,23.0,197.9999999999991,2026-05-16,2026-05-23,seasonal_naive
39,2026-05-16,2026-05-30,2,2,0.0,0.0,0.0,0.0,0.0,21.0,201.0,2026-05-16,2026-05-30,seasonal_naive
39,2026-05-16,2026-06-06,3,3,0.0,0.0,0.0,0.0,0.0,23.0,211.5,2026-05-16,2026-06-06,seasonal_naive
39,2026-05-16,2026-06-13,4,4,0.0,0.0,0.0,0.0,0.0,16.0,213.59999999999945,2026-05-16,2026-06-13,seasonal_naive
40,2026-05-16,2026-05-23,1,1,0.0,0.0,0.0,0.0,0.0,16.0,190.9999999999991,2026-05-16,2026-05-23,seasonal_naive
40,2026-05-16,2026-05-30,2,2,0.0,0.0,0.0,0.0,0.0,10.0,190.0,2026-05-16,2026-05-30,seasonal_naive
40,2026-05-16,2026-06-06,3,3,0.0,0.0,0.0,0.0,0.0,14.0,202.5,2026-05-16,2026-06-06,seasonal_naive
40,2026-05-16,2026-06-13,4,4,0.0,0.0,0.0,0.0,0.0,13.0,210.59999999999945,2026-05-16,2026-06-13,seasonal_naive
41,2026-05-16,2026-05-23,1,1,0.0,0.0,0.0,0.0,0.0,23.0,197.9999999999991,2026-05-16,2026-05-23,seasonal_naive
41,2026-05-16,2026-05-30,2,2,0.0,0.0,0.0,0.0,0.0,16.0,196.0,2026-05-16,2026-05-30,seasonal_naive
41,2026-05-16,2026-06-06,3,3,0.0,0.0,0.0,0.0,0.0,18.0,206.5,2026-05-16,2026-06-06,seasonal_naive
41,2026-05-16,2026-06-13,4,4,0.0,0.0,0.0,0.0,0.0,18.0,215.59999999999945,2026-05-16,2026-06-13,seasonal_naive
42,2026-05-16,2026-05-23,1,1,148.0,148.0,0.0,15.0,148.0,175.0,349.9999999999991,2026-05-16,2026-05-23,seasonal_naive
42,2026-05-16,2026-05-30,2,2,160.0,160.0,0.0,21.75,160.0,189.0,369.0,2026-05-16,2026-05-30,seasonal_naive
42,2026-05-16,2026-06-06,3,3,132.0,132.0,0.0,0.0,132.0,164.0,352.5,2026-05-16,2026-06-06,seasonal_naive
42,2026-05-16,2026-06-13,4,4,122.0,122.0,0.0,0.0,122.0,157.0,354.59999999999945,2026-05-16,2026-06-13,seasonal_naive
44,2026-05-16,2026-05-23,1,1,0.0,0.0,0.0,0.0,0.0,5.0,179.9999999999991,2026-05-16,2026-05-23,seasonal_naive
44,2026-05-16,2026-05-30,2,2,0.0,0.0,0.0,0.0,0.0,4.0,184.0,2026-05-16,2026-05-30,seasonal_naive
44,2026-05-16,2026-06-06,3,3,0.0,0.0,0.0,0.0,0.0,5.0,193.5,2026-05-16,2026-06-06,seasonal_naive
44,2026-05-16,2026-06-13,4,4,0.0,0.0,0.0,0.0,0.0,1.0,198.59999999999945,2026-05-16,2026-06-13,seasonal_naive
45,2026-05-16,2026-05-23,1,1,0.0,0.0,0.0,0.0,0.0,20.0,194.9999999999991,2026-05-16,2026-05-23,seasonal_naive
45,2026-05-16,2026-05-30,2,2,0.0,0.0,0.0,0.0,0.0,20.0,200.0,2026-05-16,2026-05-30,seasonal_naive
45,2026-05-16,2026-06-06,3,3,0.0,0.0,0.0,0.0,0.0,11.0,199.5,2026-05-16,2026-06-06,seasonal_naive
45,2026-05-16,2026-06-13,4,4,0.0,0.0,0.0,0.0,0.0,9.0,206.59999999999945,2026-05-16,2026-06-13,seasonal_naive
46,2026-05-16,2026-05-23,1,1,0.0,0.0,0.0,0.0,0.0,10.0,184.9999999999991,2026-05-16,2026-05-23,seasonal_naive
46,2026-05-16,2026-05-30,2,2,0.0,0.0,0.0,0.0,0.0,7.0,187.0,2026-05-16,2026-05-30,seasonal_naive
46,2026-05-16,2026-06-06,3,3,0.0,0.0,0.0,0.0,0.0,5.0,193.5,2026-05-16,2026-06-06,seasonal_naive
46,2026-05-16,2026-06-13,4,4,0.0,0.0,0.0,0.0,0.0,8.0,205.59999999999945,2026-05-16,2026-06-13,seasonal_naive
47,2026-05-16,2026-05-23,1,1,12.0,12.0,0.0,0.0,12.0,39.0,213.9999999999991,2026-05-16,2026-05-23,seasonal_naive
47,2026-05-16,2026-05-30,2,2,8.0,8.0,0.0,0.0,8.0,37.0,217.0,2026-05-16,2026-05-30,seasonal_naive
47,2026-05-16,2026-06-06,3,3,5.0,5.0,0.0,0.0,5.0,37.0,225.5,2026-05-16,2026-06-06,seasonal_naive
47,2026-05-16,2026-06-13,4,4,11.0,11.0,0.0,0.0,11.0,46.0,243.59999999999945,2026-05-16,2026-06-13,seasonal_naive
48,2026-05-16,2026-05-23,1,1,119.0,119.0,0.0,0.0,119.0,146.0,320.9999999999991,2026-05-16,2026-05-23,seasonal_naive
48,2026-05-16,2026-05-30,2,2,138.0,138.0,0.0,0.0,138.0,167.0,347.0,2026-05-16,2026-05-30,seasonal_naive
48,2026-05-16,2026-06-06,3,3,117.0,117.0,0.0,0.0,117.0,149.0,337.5,2026-05-16,2026-06-06,seasonal_naive
48,2026-05-16,2026-06-13,4,4,101.0,101.0,0.0,0.0,101.0,136.0,333.59999999999945,2026-05-16,2026-06-13,seasonal_naive
49,2026-05-16,2026-05-23,1,1,0.0,0.0,0.0,0.0,0.0,17.0,191.9999999999991,2026-05-16,2026-05-23,seasonal_naive
49,2026-05-16,2026-05-30,2,2,0.0,0.0,0.0,0.0,0.0,15.0,195.0,2026-05-16,2026-05-30,seasonal_naive
49,2026-05-16,2026-06-06,3,3,0.0,0.0,0.0,0.0,0.0,9.0,197.5,2026-05-16,2026-06-06,seasonal_naive
49,2026-05-16,2026-06-13,4,4,0.0,0.0,0.0,0.0,0.0,10.0,207.59999999999945,2026-05-16,2026-06-13,seasonal_naive
50,2026-05-16,2026-05-23,1,1,0.0,0.0,0.0,0.0,0.0,4.0,178.9999999999991,2026-05-16,2026-05-23,seasonal_naive
50,2026-05-16,2026-05-30,2,2,0.0,0.0,0.0,0.0,0.0,3.0,183.0,2026-05-16,2026-05-30,seasonal_naive
50,2026-05-16,2026-06-06,3,3,0.0,0.0,0.0,0.0,0.0,2.0,190.5,2026-05-16,2026-06-06,seasonal_naive
50,2026-05-16,2026-06-13,4,4,0.0,0.0,0.0,0.0,0.0,1.0,198.59999999999945,2026-05-16,2026-06-13,seasonal_naive
51,2026-05-16,2026-05-23,1,1,9.0,9.0,0.0,0.0,9.0,36.0,210.9999999999991,2026-05-16,2026-05-23,seasonal_naive
51,2026-05-16,2026-05-30,2,2,0.0,0.0,0.0,0.0,0.0,29.0,209.0,2026-05-16,2026-05-30,seasonal_naive
51,2026-05-16,2026-06-06,3,3,0.0,0.0,0.0,0.0,0.0,22.0,210.5,2026-05-16,2026-06-06,seasonal_naive
51,2026-05-16,2026-06-13,4,4,0.0,0.0,0.0,0.0,0.0,20.0,217.59999999999945,2026-05-16,2026-06-13,seasonal_naive
53,2026-05-16,2026-05-23,1,1,5.0,5.0,0.0,0.0,5.0,32.0,206.9999999999991,2026-05-16,2026-05-23,seasonal_naive
53,2026-05-16,2026-05-30,2,2,0.0,0.0,0.0,0.0,0.0,28.0,208.0,2026-05-16,2026-05-30,seasonal_naive
53,2026-05-16,2026-06-06,3,3,1.0,1.0,0.0,0.0,1.0,33.0,221.5,2026-05-16,2026-06-06,seasonal_naive
53,2026-05-16,2026-06-13,4,4,0.0,0.0,0.0,0.0,0.0,24.0,221.59999999999945,2026-05-16,2026-06-13,seasonal_naive
54,2026-05-16,2026-05-23,1,1,0.0,0.0,0.0,0.0,0.0,4.0,178.9999999999991,2026-05-16,2026-05-23,seasonal_naive
54,2026-05-16,2026-05-30,2,2,0.0,0.0,0.0,0.0,0.0,3.0,183.0,2026-05-16,2026-05-30,seasonal_naive
54,2026-05-16,2026-06-06,3,3,0.0,0.0,0.0,0.0,0.0,9.0,197.5,2026-05-16,2026-06-06,seasonal_naive
54,2026-05-16,2026-06-13,4,4,0.0,0.0,0.0,0.0,0.0,1.0,198.59999999999945,2026-05-16,2026-06-13,seasonal_naive
55,2026-05-16,2026-05-23,1,1,0.0,0.0,0.0,0.0,0.0,13.0,187.9999999999991,2026-05-16,2026-05-23,seasonal_naive
55,2026-05-16,2026-05-30,2,2,0.0,0.0,0.0,0.0,0.0,6.0,186.0,2026-05-16,2026-05-30,seasonal_naive
55,2026-05-16,2026-06-06,3,3,0.0,0.0,0.0,0.0,0.0,4.0,192.5,2026-05-16,2026-06-06,seasonal_naive
55,2026-05-16,2026-06-13,4,4,0.0,0.0,0.0,0.0,0.0,5.0,202.59999999999945,2026-05-16,2026-06-13,seasonal_naive
56,2026-05-16,2026-05-23,1,1,0.0,0.0,0.0,0.0,0.0,6.0,180.9999999999991,2026-05-16,2026-05-23,seasonal_naive
56,2026-05-16,2026-05-30,2,2,0.0,0.0,0.0,0.0,0.0,5.0,185.0,2026-05-16,2026-05-30,seasonal_naive
56,2026-05-16,2026-06-06,3,3,0.0,0.0,0.0,0.0,0.0,4.0,192.5,2026-05-16,2026-06-06,seasonal_naive
56,2026-05-16,2026-06-13,4,4,0.0,0.0,0.0,0.0,0.0,2.0,199.59999999999945,2026-05-16,2026-06-13,seasonal_naive
72,2026-05-16,2026-05-23,1,1,150.0,150.0,0.0,17.0,150.0,177.0,351.9999999999991,2026-05-16,2026-05-23,seasonal_naive
72,2026-05-16,2026-05-30,2,2,228.0,228.0,0.0,89.75,228.0,257.0,437.0,2026-05-16,2026-05-30,seasonal_naive
72,2026-05-16,2026-06-06,3,3,155.0,155.0,0.0,11.0,155.0,187.0,375.5,2026-05-16,2026-06-06,seasonal_naive
72,2026-05-16,2026-06-13,4,4,156.0,156.0,0.0,9.0,156.0,191.0,388.59999999999945,2026-05-16,2026-06-13,seasonal_naive
