location,cutoff_date,forecast_date,forecast_week,horizon,forecast,predicted,predicted_q05,predicted_q25,predicted_q50,predicted_q75,predicted_q95,reference_date,target_end_date,model_family
01,2025-10-04,2025-10-11,1,1,20.999699970016,20.999699970016,0.0,0.0,20.999699970016,54.264170165166945,102.12055382021441,2025-10-04,2025-10-11,sf_autoets
01,2025-10-04,2025-10-18,2,2,20.999699970016,20.999699970016,0.0,0.0,20.999699970016,68.04041277071607,135.7161757090769,2025-10-04,2025-10-18,sf_autoets
01,2025-10-04,2025-10-25,3,3,20.999699970016,20.999699970016,0.0,0.0,20.999699970016,78.61161144873547,161.4957735186951,2025-10-04,2025-10-25,sf_autoets
01,2025-10-04,2025-11-01,4,4,20.999699970016,20.999699970016,0.0,0.0,20.999699970016,87.52365075216417,183.2292396944483,2025-10-04,2025-11-01,sf_autoets
02,2025-10-04,2025-10-11,1,1,1.9222813492706254,1.9222813492706254,0.0,0.0,1.9222813492706254,6.717986618891635,13.61739340135623,2025-10-04,2025-10-11,sf_autoets
02,2025-10-04,2025-10-18,2,2,1.9222813492706254,1.9222813492706254,0.0,0.0,1.9222813492706254,8.42670102669946,17.784373092730146,2025-10-04,2025-10-18,sf_autoets
02,2025-10-04,2025-10-25,3,3,1.9222813492706254,1.9222813492706254,0.0,0.0,1.9222813492706254,9.771877622148367,21.064806340635155,2025-10-04,2025-10-25,sf_autoets
02,2025-10-04,2025-11-01,4,4,1.9222813492706254,1.9222813492706254,0.0,0.0,1.9222813492706254,10.91810526674638,23.860070016593145,2025-10-04,2025-11-01,sf_autoets
04,2025-10-04,2025-10-11,1,1,31.17976566921981,31.17976566921981,0.0,18.251010582540967,31.17976566921981,44.10852075589865,62.70865056348063,2025-10-04,2025-10-11,sf_autoets
04,2025-10-04,2025-10-18,2,2,43.3589132100433,43.3589132100433,0.0,19.830948749654095,43.3589132100433,66.8868776704325,100.73570457893508,2025-10-04,2025-10-18,sf_autoets
04,2025-10-04,2025-10-25,3,3,55.53806075086679,55.53806075086679,0.0,19.577577152119638,55.53806075086679,91.49854434961395,143.23358445175728,2025-10-04,2025-10-25,sf_autoets
04,2025-10-04,2025-11-01,4,4,67.71720829169028,67.71720829169028,0.0,17.017378072600643,67.71720829169028,118.41703851077992,191.3570406204246,2025-10-04,2025-11-01,sf_autoets
05,2025-10-04,2025-10-11,1,1,3.885827809376772,3.885827809376772,0.0,0.0,3.885827809376772,31.41271606747432,71.01464922861541,2025-10-04,2025-10-11,sf_autoets
05,2025-10-04,2025-10-18,2,2,3.7710485845383483,3.7710485845383483,0.0,0.0,3.7710485845383483,45.92827304138862,106.5783388804974,2025-10-04,2025-10-18,sf_autoets
05,2025-10-04,2025-10-25,3,3,3.679225092642611,3.679225092642611,0.0,0.0,3.679225092642611,58.76299089298357,138.0100017078491,2025-10-04,2025-10-25,sf_autoets
05,2025-10-04,2025-11-01,4,4,3.605766209505913,3.605766209505913,0.0,0.0,3.605766209505913,70.68100937782062,167.17972262912613,2025-10-04,2025-11-01,sf_autoets
06,2025-10-04,2025-10-11,1,1,96.72571732932876,96.72571732932876,41.250905388452104,73.97767979268514,96.72571732932876,119.47375486597238,152.2005292702054,2025-10-04,2025-10-11,sf_autoets
06,2025-10-04,2025-10-18,2,2,101.44963450882672,101.44963450882672,18.76358106052173,67.54333754645725,101.44963450882672,135.3559314711962,184.13568795713172,2025-10-04,2025-10-18,sf_autoets
06,2025-10-04,2025-10-25,3,3,106.17355168832466,106.17355168832466,0.0,62.43545495740472,106.17355168832466,149.9116484192446,212.8360577129061,2025-10-04,2025-10-25,sf_autoets
06,2025-10-04,2025-11-01,4,4,110.89746886782262,110.89746886782262,0.0,57.73664432215527,110.89746886782262,164.05829341349,240.53883857025545,2025-10-04,2025-11-01,sf_autoets
08,2025-10-04,2025-10-11,1,1,8.000099949997,8.000099949997,0.0,0.0,8.000099949997,41.07959602443264,88.66986413832541,2025-10-04,2025-10-11,sf_autoets
08,2025-10-04,2025-10-18,2,2,8.000099949997,8.000099949997,0.0,0.0,8.000099949997,54.77923291981194,122.07867046745346,2025-10-04,2025-10-18,sf_autoets
08,2025-10-04,2025-10-25,3,3,8.000099949997,8.000099949997,0.0,0.0,8.000099949997,65.29164821216787,147.71491537202758,2025-10-04,2025-10-25,sf_autoets
08,2025-10-04,2025-11-01,4,4,8.000099949997,8.000099949997,0.0,0.0,8.000099949997,74.1541302364858,169.3275280132927,2025-10-04,2025-11-01,sf_autoets
09,2025-10-04,2025-10-11,1,1,8.101491510713736,8.101491510713736,0.0,0.0,8.101491510713736,31.819584357347225,65.94194206139358,2025-10-04,2025-10-11,sf_autoets
09,2025-10-04,2025-10-18,2,2,8.203092140797773,8.203092140797773,0.0,0.0,8.203092140797773,44.52727540100159,96.78555698066643,2025-10-04,2025-10-18,sf_autoets
09,2025-10-04,2025-10-25,3,3,8.284373319327322,8.284373319327322,0.0,0.0,8.284373319327322,55.74664355212951,124.02888583872468,2025-10-04,2025-10-25,sf_autoets
09,2025-10-04,2025-11-01,4,4,8.349398801725291,8.349398801725291,0.0,0.0,8.349398801725291,66.1441023949926,149.2912408331793,2025-10-04,2025-11-01,sf_autoets
10,2025-10-04,2025-10-11,1,1,0.9999000199979998,0.9999000199979998,0.0,0.0,0.9999000199979998,11.754936102662148,27.22781542333995,2025-10-04,2025-10-11,sf_autoets
10,2025-10-04,2025-10-18,2,2,0.9999000199979998,0.9999000199979998,0.0,0.0,0.9999000199979998,16.209057435032392,38.089919148861746,2025-10-04,2025-10-18,sf_autoets
10,2025-10-04,2025-10-25,3,3,0.9999000199979998,0.9999000199979998,0.0,0.0,0.9999000199979998,19.626927088512808,46.42495358687995,2025-10-04,2025-10-25,sf_autoets
10,2025-10-04,2025-11-01,4,4,0.9999000199979998,0.9999000199979998,0.0,0.0,0.9999000199979998,22.508358950081096,53.45179668855243,2025-10-04,2025-11-01,sf_autoets
11,2025-10-04,2025-10-11,1,1,4.848540126077929,4.848540126077929,0.0,0.0,4.848540126077929,17.90654846794608,36.69263023365979,2025-10-04,2025-10-11,sf_autoets
11,2025-10-04,2025-10-18,2,2,4.848540126077929,4.848540126077929,0.0,0.0,4.848540126077929,21.40390089568157,45.22149642297683,2025-10-04,2025-10-18,sf_autoets
11,2025-10-04,2025-10-25,3,3,4.848540126077929,4.848540126077929,0.0,0.0,4.848540126077929,24.28171687531695,52.239521604865885,2025-10-04,2025-10-25,sf_autoets
11,2025-10-04,2025-11-01,4,4,4.848540126077929,4.848540126077929,0.0,0.0,4.848540126077929,26.785193173491454,58.34465821790155,2025-10-04,2025-11-01,sf_autoets
12,2025-10-04,2025-10-11,1,1,166.84609219563802,166.84609219563802,77.11410942120351,130.0505368620612,166.84609219563802,203.64164752921485,256.5780749700725,2025-10-04,2025-10-11,sf_autoets
12,2025-10-04,2025-10-18,2,2,183.85323808008897,183.85323808008897,56.14832003615567,131.48647616346472,183.85323808008897,236.21999999671323,311.5581561240223,2025-10-04,2025-10-18,sf_autoets
12,2025-10-04,2025-10-25,3,3,200.86038396453992,200.86038396453992,37.62660525589794,133.92463429007807,200.86038396453992,267.79613363900177,364.0941626731819,2025-10-04,2025-10-25,sf_autoets
12,2025-10-04,2025-11-01,4,4,217.86752984899087,217.86752984899087,19.504179266958346,136.52652503867034,217.86752984899087,299.2085346593114,416.23088043102337,2025-10-04,2025-11-01,sf_autoets
13,2025-10-04,2025-10-11,1,1,26.999499979996997,26.999499979996997,0.0,0.0,26.999499979996997,87.98340000451043,175.71871937777996,2025-10-04,2025-10-11,sf_autoets
13,2025-10-04,2025-10-18,2,2,26.999499979996997,26.999499979996997,0.0,0.0,26.999499979996997,113.23944637595444,237.3097212639426,2025-10-04,2025-10-18,sf_autoets
13,2025-10-04,2025-10-25,3,3,26.999499979996997,26.999499979996997,0.0,0.0,26.999499979996997,132.61967156930743,284.5715717088986,2025-10-04,2025-10-25,sf_autoets
13,2025-10-04,2025-11-01,4,4,26.999499979996997,26.999499979996997,0.0,0.0,26.999499979996997,148.9581525583735,324.41563117152253,2025-10-04,2025-11-01,sf_autoets
15,2025-10-04,2025-10-11,1,1,1.1437723356030645,1.1437723356030645,0.0,0.0,1.1437723356030645,6.496166439316149,14.196461204198544,2025-10-04,2025-10-11,sf_autoets
15,2025-10-04,2025-10-18,2,2,1.1437723356030645,1.1437723356030645,0.0,0.0,1.1437723356030645,8.428797081979743,18.909497275122714,2025-10-04,2025-10-18,sf_autoets
15,2025-10-04,2025-10-25,3,3,1.1437723356030645,1.1437723356030645,0.0,0.0,1.1437723356030645,9.946899533887693,22.611638520973813,2025-10-04,2025-10-25,sf_autoets
15,2025-10-04,2025-11-01,4,4,1.1437723356030645,1.1437723356030645,0.0,0.0,1.1437723356030645,11.239242180193587,25.76322753833448,2025-10-04,2025-11-01,sf_autoets
16,2025-10-04,2025-10-11,1,1,1.9998000100019993,1.9998000100019993,0.0,0.0,1.9998000100019993,18.87765755755803,43.15921747216093,2025-10-04,2025-10-11,sf_autoets
16,2025-10-04,2025-10-18,2,2,1.9998000100019993,1.9998000100019993,0.0,0.0,1.9998000100019993,25.867501642642075,60.20509606680733,2025-10-04,2025-10-18,sf_autoets
16,2025-10-04,2025-10-25,3,3,1.9998000100019993,1.9998000100019993,0.0,0.0,1.9998000100019993,31.231157950642825,73.28524966346525,2025-10-04,2025-10-25,sf_autoets
16,2025-10-04,2025-11-01,4,4,1.9998000100019993,1.9998000100019993,0.0,0.0,1.9998000100019993,35.75298345813028,84.31246109888023,2025-10-04,2025-11-01,sf_autoets
17,2025-10-04,2025-10-11,1,1,15.62000876484596,15.62000876484596,3.793396195899666,10.770380307583988,15.62000876484596,20.46963722210793,27.44662133379225,2025-10-04,2025-10-11,sf_autoets
17,2025-10-04,2025-10-18,2,2,17.24055715701034,17.24055715701034,0.0,9.668869149742783,17.24055715701034,24.812245164277897,35.70535736676652,2025-10-04,2025-10-18,sf_autoets
17,2025-10-04,2025-10-25,3,3,18.86110554917472,18.86110554917472,0.0,8.653063565467868,18.86110554917472,29.069147532881573,43.75508633404486,2025-10-04,2025-10-25,sf_autoets
17,2025-10-04,2025-11-01,4,4,20.4816539413391,20.4816539413391,0.0,7.538958910121755,20.4816539413391,33.424348972556444,52.044533671439886,2025-10-04,2025-11-01,sf_autoets
18,2025-10-04,2025-10-11,1,1,19.29209641572569,19.29209641572569,0.0,0.0,19.29209641572569,78.81996219058964,164.46053803548418,2025-10-04,2025-10-11,sf_autoets
18,2025-10-04,2025-10-18,2,2,20.585365761573698,20.585365761573698,0.0,0.0,20.585365761573698,111.75192511465764,242.90993891485437,2025-10-04,2025-10-18,sf_autoets
18,2025-10-04,2025-10-25,3,3,21.61998436286402,21.61998436286402,0.0,0.0,21.61998436286402,140.7407521484213,312.1154691057488,2025-10-04,2025-10-25,sf_autoets
18,2025-10-04,2025-11-01,4,4,22.447681743593357,22.447681743593357,0.0,0.0,22.447681743593357,167.5005692248481,376.1828838040615,2025-10-04,2025-11-01,sf_autoets
19,2025-10-04,2025-10-11,1,1,1.0004999699970023,1.0004999699970023,0.0,0.0,1.0004999699970023,22.055437343986085,52.34641011136543,2025-10-04,2025-10-11,sf_autoets
19,2025-10-04,2025-10-18,2,2,1.0004999699970023,1.0004999699970023,0.0,0.0,1.0004999699970023,30.77518918753114,73.61095185095789,2025-10-04,2025-10-18,sf_autoets
19,2025-10-04,2025-10-25,3,3,1.0004999699970023,1.0004999699970023,0.0,0.0,1.0004999699970023,37.46629007769774,89.92829627952663,2025-10-04,2025-10-25,sf_autoets
19,2025-10-04,2025-11-01,4,4,1.0004999699970023,1.0004999699970023,0.0,0.0,1.0004999699970023,43.10721651685003,103.68461846249343,2025-10-04,2025-11-01,sf_autoets
20,2025-10-04,2025-10-11,1,1,10.779507224054054,10.779507224054054,0.0,0.0,10.779507224054054,31.541050751806242,61.40992846145069,2025-10-04,2025-10-11,sf_autoets
20,2025-10-04,2025-10-18,2,2,11.559267634591498,11.559267634591498,0.0,0.0,11.559267634591498,43.35542187982179,89.09939277092053,2025-10-04,2025-10-18,sf_autoets
20,2025-10-04,2025-10-25,3,3,12.183077501281875,12.183077501281875,0.0,0.0,12.183077501281875,53.72879664255056,113.49911202064526,2025-10-04,2025-10-25,sf_autoets
20,2025-10-04,2025-11-01,4,4,12.682126625245553,12.682126625245553,0.0,0.0,12.682126625245553,63.27216249597436,136.0542074691462,2025-10-04,2025-11-01,sf_autoets
21,2025-10-04,2025-10-11,1,1,15.169381431231391,15.169381431231391,0.0,0.0,15.169381431231391,64.89178269929428,136.42559331989776,2025-10-04,2025-10-11,sf_autoets
21,2025-10-04,2025-10-18,2,2,15.338486452154877,15.338486452154877,0.0,0.0,15.338486452154877,91.48839578037159,201.04250124871754,2025-10-04,2025-10-18,sf_autoets
21,2025-10-04,2025-10-25,3,3,15.473776326808448,15.473776326808448,0.0,0.0,15.473776326808448,114.9738898826709,258.12108507666716,2025-10-04,2025-10-25,sf_autoets
21,2025-10-04,2025-11-01,4,4,15.582012913066054,15.582012913066054,0.0,0.0,15.582012913066054,136.74355515081385,311.0542601026739,2025-10-04,2025-11-01,sf_autoets
22,2025-10-04,2025-10-11,1,1,32.999799939994,32.999799939994,0.0,2.1423479889847137,32.999799939994,63.85725189100329,108.25074592596795,2025-10-04,2025-10-11,sf_autoets
22,2025-10-04,2025-10-18,2,2,32.999799939994,32.999799939994,0.0,0.0,32.999799939994,76.63664509258648,139.4153874223766,2025-10-04,2025-10-18,sf_autoets
22,2025-10-04,2025-10-25,3,3,32.999799939994,32.999799939994,0.0,0.0,32.999799939994,86.44291145900851,163.32957261936792,2025-10-04,2025-10-25,sf_autoets
22,2025-10-04,2025-11-01,4,4,32.999799939994,32.999799939994,0.0,0.0,32.999799939994,94.71007528208196,183.49040441115005,2025-10-04,2025-11-01,sf_autoets
23,2025-10-04,2025-10-11,1,1,0.9999000000019995,0.9999000000019995,0.0,0.0,0.9999000000019995,12.837611286260135,29.868096052418725,2025-10-04,2025-10-11,sf_autoets
23,2025-10-04,2025-10-18,2,2,0.9999000000019995,0.9999000000019995,0.0,0.0,0.9999000000019995,17.740114816820245,41.823653139891036,2025-10-04,2025-10-18,sf_autoets
23,2025-10-04,2025-10-25,3,3,0.9999000000019995,0.9999000000019995,0.0,0.0,0.9999000000019995,21.502050514756274,50.99774892905525,2025-10-04,2025-10-25,sf_autoets
23,2025-10-04,2025-11-01,4,4,0.9999000000019995,0.9999000000019995,0.0,0.0,0.9999000000019995,24.673546938022692,58.73196192955949,2025-10-04,2025-11-01,sf_autoets
24,2025-10-04,2025-10-11,1,1,2.6670368826236954,2.6670368826236954,0.0,0.0,2.6670368826236954,36.84941416068588,86.02635735754409,2025-10-04,2025-10-11,sf_autoets
24,2025-10-04,2025-10-18,2,2,2.334000770688723,2.334000770688723,0.0,0.0,2.334000770688723,54.684167990360606,129.99844993060657,2025-10-04,2025-10-18,sf_autoets
24,2025-10-04,2025-10-25,3,3,2.0675718658514115,2.0675718658514115,0.0,0.0,2.0675718658514115,70.46981773143521,168.8776415087533,2025-10-04,2025-10-25,sf_autoets
24,2025-10-04,2025-11-01,4,4,1.8544287297500945,1.8544287297500945,0.0,0.0,1.8544287297500945,85.14761926311748,204.97850364614496,2025-10-04,2025-11-01,sf_autoets
25,2025-10-04,2025-10-11,1,1,17.869456584087107,17.869456584087107,0.0,0.0,17.869456584087107,70.13042923195833,145.3163901851873,2025-10-04,2025-10-11,sf_autoets
25,2025-10-04,2025-10-18,2,2,18.739277329360334,18.739277329360334,0.0,0.0,18.739277329360334,98.77690014304386,213.9241176318098,2025-10-04,2025-10-18,sf_autoets
25,2025-10-04,2025-10-25,3,3,19.43515183941375,19.43515183941375,0.0,0.0,19.43515183941375,124.01490116683765,274.46998363171497,2025-10-04,2025-10-25,sf_autoets
25,2025-10-04,2025-11-01,4,4,19.99186577889328,19.99186577889328,0.0,0.0,19.99186577889328,147.33864587484706,330.5478276160105,2025-10-04,2025-11-01,sf_autoets
26,2025-10-04,2025-10-11,1,1,17.479120947140643,17.479120947140643,4.337241329900806,12.090153226914076,17.479120947140643,22.86808866736721,30.62100056438048,2025-10-04,2025-10-11,sf_autoets
26,2025-10-04,2025-10-18,2,2,20.957093967381397,20.957093967381397,0.0,12.190302117739442,20.957093967381397,29.72388581702335,42.33635045930005,2025-10-04,2025-10-18,sf_autoets
26,2025-10-04,2025-10-25,3,3,24.435066987622157,24.435066987622157,0.0,12.20083576662462,24.435066987622157,36.66929820861969,54.270241786009535,2025-10-04,2025-10-25,sf_autoets
26,2025-10-04,2025-11-01,4,4,27.91304000786291,27.91304000786291,0.0,11.94341878673141,27.91304000786291,43.88266122899441,66.85757456748081,2025-10-04,2025-11-01,sf_autoets
27,2025-10-04,2025-10-11,1,1,0.00020002000200047831,0.00020002000200047831,0.0,0.0,0.00020002000200047831,35.192438442740425,85.82223214629322,2025-10-04,2025-10-11,sf_autoets
27,2025-10-04,2025-10-18,2,2,0.00020002000200047831,0.00020002000200047831,0.0,0.0,0.00020002000200047831,49.76705248287762,121.36481342105427,2025-10-04,2025-10-18,sf_autoets
27,2025-10-04,2025-10-25,3,3,0.00020002000200047831,0.00020002000200047831,0.0,0.0,0.00020002000200047831,60.95088141832921,148.6384103620523,2025-10-04,2025-10-25,sf_autoets
27,2025-10-04,2025-11-01,4,4,0.00020002000200047831,0.00020002000200047831,0.0,0.0,0.00020002000200047831,70.37939809570582,171.63139112869382,2025-10-04,2025-11-01,sf_autoets
28,2025-10-04,2025-10-11,1,1,14.999500030001997,14.999500030001997,0.0,0.0,14.999500030001997,38.918773111592785,73.3305615040417,2025-10-04,2025-10-11,sf_autoets
28,2025-10-04,2025-10-18,2,2,14.999500030001997,14.999500030001997,0.0,0.0,14.999500030001997,48.824769118359484,97.48795374841633,2025-10-04,2025-10-18,sf_autoets
28,2025-10-04,2025-10-25,3,3,14.999500030001997,14.999500030001997,0.0,0.0,14.999500030001997,56.42613437371705,116.02512678391909,2025-10-04,2025-10-25,sf_autoets
28,2025-10-04,2025-11-01,4,4,14.999500030001997,14.999500030001997,0.0,0.0,14.999500030001997,62.83445834707332,131.65287342823922,2025-10-04,2025-11-01,sf_autoets
29,2025-10-04,2025-10-11,1,1,19.778916333735104,19.778916333735104,0.0,0.0,19.778916333735104,74.97380548698688,154.38068542884398,2025-10-04,2025-10-11,sf_autoets
29,2025-10-04,2025-10-18,2,2,20.557835977318547,20.557835977318547,0.0,0.0,20.557835977318547,105.08867288443497,226.70011410014112,2025-10-04,2025-10-18,sf_autoets
29,2025-10-04,2025-10-25,3,3,21.180989284054583,21.180989284054583,0.0,0.0,21.180989284054583,131.63165397345324,290.5330088821927,2025-10-04,2025-10-25,sf_autoets
29,2025-10-04,2025-11-01,4,4,21.679526003336147,21.679526003336147,0.0,0.0,21.679526003336147,156.17527200370387,349.669411029663,2025-10-04,2025-11-01,sf_autoets
30,2025-10-04,2025-10-11,1,1,6.820860761260839,6.820860761260839,0.0,0.0,6.820860761260839,15.829380218235285,28.78960957910374,2025-10-04,2025-10-11,sf_autoets
30,2025-10-04,2025-10-18,2,2,7.642343216750757,7.642343216750757,0.0,0.0,7.642343216750757,21.43885286252265,41.28738959962269,2025-10-04,2025-10-18,sf_autoets
30,2025-10-04,2025-10-25,3,3,8.299529181142692,8.299529181142692,0.0,0.0,8.299529181142692,26.326448473383138,52.26112173608233,2025-10-04,2025-10-25,sf_autoets
30,2025-10-04,2025-11-01,4,4,8.82527795265624,8.82527795265624,0.0,0.0,8.82527795265624,30.776598333974228,62.35716473831613,2025-10-04,2025-11-01,sf_autoets
31,2025-10-04,2025-10-11,1,1,0.6896167446021824,0.6896167446021824,0.0,0.0,0.6896167446021824,13.719995329581499,32.4663271687757,2025-10-04,2025-10-11,sf_autoets
31,2025-10-04,2025-10-18,2,2,0.37903200587161645,0.37903200587161645,0.0,0.0,0.37903200587161645,20.334902130415966,49.04468681202228,2025-10-04,2025-10-18,sf_autoets
31,2025-10-04,2025-10-25,3,3,0.13056186359833855,0.13056186359833855,0.0,0.0,0.13056186359833855,26.205391510735957,63.71830075031633,2025-10-04,2025-10-25,sf_autoets
31,2025-10-04,2025-11-01,4,4,0.0,0.0,0.0,0.0,0.0,31.682944934996303,77.36218577563072,2025-10-04,2025-11-01,sf_autoets
32,2025-10-04,2025-10-11,1,1,4.999900049998999,4.999900049998999,0.0,0.0,4.999900049998999,26.290234217615854,56.91986379212093,2025-10-04,2025-10-11,sf_autoets
32,2025-10-04,2025-10-18,2,2,4.999900049998999,4.999900049998999,0.0,0.0,4.999900049998999,35.10747396096991,78.42214572797005,2025-10-04,2025-10-18,sf_autoets
32,2025-10-04,2025-10-25,3,3,4.999900049998999,4.999900049998999,0.0,0.0,4.999900049998999,41.87338218337446,94.9219200774062,2025-10-04,2025-10-25,sf_autoets
32,2025-10-04,2025-11-01,4,4,4.999900049998999,4.999900049998999,0.0,0.0,4.999900049998999,47.57737487502993,108.83203963703875,2025-10-04,2025-11-01,sf_autoets
33,2025-10-04,2025-10-11,1,1,4.545091524203924,4.545091524203924,0.0,0.0,4.545091524203924,12.639980339283046,24.285802518523717,2025-10-04,2025-10-11,sf_autoets
33,2025-10-04,2025-10-18,2,2,5.090597828775085,5.090597828775085,0.0,0.0,5.090597828775085,17.487862444116672,35.32335623747392,2025-10-04,2025-10-18,sf_autoets
33,2025-10-04,2025-10-25,3,3,5.527006578080317,5.527006578080317,0.0,0.0,5.527006578080317,21.72561415917802,45.029961846987455,2025-10-04,2025-10-25,sf_autoets
33,2025-10-04,2025-11-01,4,4,5.876136542068319,5.876136542068319,0.0,0.0,5.876136542068319,25.601116712381806,53.97872841281797,2025-10-04,2025-11-01,sf_autoets
34,2025-10-04,2025-10-11,1,1,16.32048718096512,16.32048718096512,0.0,0.0,16.32048718096512,80.62800678455649,173.14489678758963,2025-10-04,2025-10-11,sf_autoets
34,2025-10-04,2025-10-18,2,2,16.640549421528945,16.640549421528945,0.0,0.0,16.640549421528945,115.12720089286752,256.8163650389534,2025-10-04,2025-10-18,sf_autoets
34,2025-10-04,2025-10-25,3,3,16.896599213980007,16.896599213980007,0.0,0.0,16.896599213980007,145.5820682105917,330.71717299363115,2025-10-04,2025-10-25,sf_autoets
34,2025-10-04,2025-11-01,4,4,17.101439047940854,17.101439047940854,0.0,0.0,17.101439047940854,173.8012706895032,399.23962030774294,2025-10-04,2025-11-01,sf_autoets
35,2025-10-04,2025-10-11,1,1,0.0,0.0,0.0,0.0,0.0,17.93005449193706,44.206950262319644,2025-10-04,2025-10-11,sf_autoets
35,2025-10-04,2025-10-18,2,2,0.0,0.0,0.0,0.0,0.0,27.302593733489143,67.54546343802325,2025-10-04,2025-10-18,sf_autoets
35,2025-10-04,2025-10-25,3,3,0.0,0.0,0.0,0.0,0.0,35.61163445627122,88.19405367606127,2025-10-04,2025-10-25,sf_autoets
35,2025-10-04,2025-11-01,4,4,0.0,0.0,0.0,0.0,0.0,43.35384715572534,107.38321466012428,2025-10-04,2025-11-01,sf_autoets
36,2025-10-04,2025-10-11,1,1,22.52646757804773,22.52646757804773,0.0,0.0,22.52646757804773,119.37946162161296,258.718342231969,2025-10-04,2025-10-11,sf_autoets
36,2025-10-04,2025-10-18,2,2,23.052228279916378,23.052228279916378,0.0,0.0,23.052228279916378,171.39288742723141,384.8051995473079,2025-10-04,2025-10-18,sf_autoets
36,2025-10-04,2025-10-25,3,3,23.47323868756817,23.47323868756817,0.0,0.0,23.47323868756817,217.31765744418766,496.19457383526094,2025-10-04,2025-10-25,sf_autoets
36,2025-10-04,2025-11-01,4,4,23.81036879775167,23.81036879775167,0.0,0.0,23.81036879775167,259.87859359661275,599.5013643325535,2025-10-04,2025-11-01,sf_autoets
37,2025-10-04,2025-10-11,1,1,19.000099989988,19.000099989988,0.0,0.0,19.000099989988,96.302544750611,207.51476103526304,2025-10-04,2025-10-11,sf_autoets
37,2025-10-04,2025-10-18,2,2,19.000099989988,19.000099989988,0.0,0.0,19.000099989988,128.31679980342832,285.58676068013176,2025-10-04,2025-10-18,sf_autoets
37,2025-10-04,2025-10-25,3,3,19.000099989988,19.000099989988,0.0,0.0,19.000099989988,152.8829358959938,345.49530345679045,2025-10-04,2025-10-25,sf_autoets
37,2025-10-04,2025-11-01,4,4,19.000099989988,19.000099989988,0.0,0.0,19.000099989988,173.59339428947283,396.00114523487275,2025-10-04,2025-11-01,sf_autoets
38,2025-10-04,2025-10-11,1,1,2.999700020001999,2.999700020001999,0.0,0.0,2.999700020001999,8.713044715010568,16.932625970139572,2025-10-04,2025-10-11,sf_autoets
38,2025-10-04,2025-10-18,2,2,2.999700020001999,2.999700020001999,0.0,0.0,2.999700020001999,11.079185589818147,22.702847680215882,2025-10-04,2025-10-18,sf_autoets
38,2025-10-04,2025-10-25,3,3,2.999700020001999,2.999700020001999,0.0,0.0,2.999700020001999,12.894843603687493,27.13062685484128,2025-10-04,2025-10-25,sf_autoets
38,2025-10-04,2025-11-01,4,4,2.999700020001999,2.999700020001999,0.0,0.0,2.999700020001999,14.425532419028206,30.863462007510815,2025-10-04,2025-11-01,sf_autoets
39,2025-10-04,2025-10-11,1,1,16.999600010002,16.999600010002,0.0,0.0,16.999600010002,127.54205091314857,286.5754553099332,2025-10-04,2025-10-11,sf_autoets
39,2025-10-04,2025-10-18,2,2,16.999600010002,16.999600010002,0.0,0.0,16.999600010002,173.32241695895266,398.21836924853017,2025-10-04,2025-10-18,sf_autoets
39,2025-10-04,2025-10-25,3,3,16.999600010002,16.999600010002,0.0,0.0,16.999600010002,208.45197723743604,483.8875504636273,2025-10-04,2025-10-25,sf_autoets
39,2025-10-04,2025-11-01,4,4,16.999600010002,16.999600010002,0.0,0.0,16.999600010002,238.06792065594232,556.1108747370621,2025-10-04,2025-11-01,sf_autoets
40,2025-10-04,2025-10-11,1,1,17.999099990001,17.999099990001,0.0,0.0,17.999099990001,67.20822970267139,138.00361520091508,2025-10-04,2025-10-11,sf_autoets
40,2025-10-04,2025-10-18,2,2,17.999099990001,17.999099990001,0.0,0.0,17.999099990001,87.58783909829931,187.70262755878684,2025-10-04,2025-10-18,sf_autoets
40,2025-10-04,2025-10-25,3,3,17.999099990001,17.999099990001,0.0,0.0,17.999099990001,103.22613076244545,225.83916077610837,2025-10-04,2025-10-25,sf_autoets
40,2025-10-04,2025-11-01,4,4,17.999099990001,17.999099990001,0.0,0.0,17.999099990001,116.4099781381589,257.99012995957287,2025-10-04,2025-11-01,sf_autoets
41,2025-10-04,2025-10-11,1,1,2.999999980002,2.999999980002,0.0,0.0,2.999999980002,36.60626126895256,84.95436734190694,2025-10-04,2025-10-11,sf_autoets
41,2025-10-04,2025-10-18,2,2,2.999999980002,2.999999980002,0.0,0.0,2.999999980002,50.52405421337604,118.89518289490742,2025-10-04,2025-10-18,sf_autoets
41,2025-10-04,2025-10-25,3,3,2.999999980002,2.999999980002,0.0,0.0,2.999999980002,61.20387153277876,144.93966503550612,2025-10-04,2025-10-25,sf_autoets
41,2025-10-04,2025-11-01,4,4,2.999999980002,2.999999980002,0.0,0.0,2.999999980002,70.20748168172622,166.89644170238353,2025-10-04,2025-11-01,sf_autoets
42,2025-10-04,2025-10-11,1,1,125.82952030660161,125.82952030660161,54.30047906528873,96.49827504070188,125.82952030660161,155.16076557250133,197.3585615479145,2025-10-04,2025-10-11,sf_autoets
42,2025-10-04,2025-10-18,2,2,139.22787132755553,139.22787132755553,30.799069556703458,94.76548621184935,139.22787132755553,183.69025644326172,247.65667309840762,2025-10-04,2025-10-18,sf_autoets
42,2025-10-04,2025-10-25,3,3,152.62622234850943,152.62622234850943,9.883291797092,94.09296322300145,152.62622234850943,211.1594814740174,295.36915289992686,2025-10-04,2025-10-25,sf_autoets
42,2025-10-04,2025-11-01,4,4,166.02457336946335,166.02457336946335,0.0,93.46483666717516,166.02457336946335,238.58431007175153,342.9733647346489,2025-10-04,2025-11-01,sf_autoets
44,2025-10-04,2025-10-11,1,1,3.1214381630268515,3.1214381630268515,0.0,0.0,3.1214381630268515,9.832776389367002,19.48813464742035,2025-10-04,2025-10-11,sf_autoets
44,2025-10-04,2025-10-18,2,2,3.2427323700812227,3.2427323700812227,0.0,0.0,3.2427323700812227,13.521118626332628,28.308259174437254,2025-10-04,2025-10-18,sf_autoets
44,2025-10-04,2025-10-25,3,3,3.3397677357247195,3.3397677357247195,0.0,0.0,3.3397677357247195,16.769805060614434,36.09111139590125,2025-10-04,2025-10-25,sf_autoets
44,2025-10-04,2025-11-01,4,4,3.417396028239517,3.417396028239517,0.0,0.0,3.417396028239517,19.7711083443872,43.298599574351975,2025-10-04,2025-11-01,sf_autoets
45,2025-10-04,2025-10-11,1,1,17.00019986001,17.00019986001,0.0,0.0,17.00019986001,65.28935253915415,134.76120053290813,2025-10-04,2025-10-11,sf_autoets
45,2025-10-04,2025-10-18,2,2,17.00019986001,17.00019986001,0.0,0.0,17.00019986001,85.28796002099726,183.53107737822063,2025-10-04,2025-10-18,sf_autoets
45,2025-10-04,2025-10-25,3,3,17.00019986001,17.00019986001,0.0,0.0,17.00019986001,100.63388989661752,220.95463853318086,2025-10-04,2025-10-25,sf_autoets
45,2025-10-04,2025-11-01,4,4,17.00019986001,17.00019986001,0.0,0.0,17.00019986001,113.57126193594539,252.50453727652376,2025-10-04,2025-11-01,sf_autoets
46,2025-10-04,2025-10-11,1,1,1.00000001,1.00000001,0.0,0.0,1.00000001,9.395577143968687,21.473988673496613,2025-10-04,2025-10-11,sf_autoets
46,2025-10-04,2025-10-18,2,2,1.00000001,1.00000001,0.0,0.0,1.00000001,12.872545414697779,29.953144760362765,2025-10-04,2025-10-18,sf_autoets
46,2025-10-04,2025-10-25,3,3,1.00000001,1.00000001,0.0,0.0,1.00000001,15.540596743311973,36.45962451559693,2025-10-04,2025-10-25,sf_autoets
46,2025-10-04,2025-11-01,4,4,1.00000001,1.00000001,0.0,0.0,1.00000001,17.789894957110164,41.9449062770853,2025-10-04,2025-11-01,sf_autoets
47,2025-10-04,2025-10-11,1,1,29.023929044661067,29.023929044661067,10.161957938301246,21.289376880701443,29.023929044661067,36.758481208620694,47.88590015102089,2025-10-04,2025-10-11,sf_autoets
47,2025-10-04,2025-10-18,2,2,32.04605567617733,32.04605567617733,2.9766167507860963,20.125822606280074,32.04605567617733,43.96628874607459,61.11549460156857,2025-10-04,2025-10-18,sf_autoets
47,2025-10-04,2025-10-25,3,3,35.06818230769359,35.06818230769359,0.0,19.205623068469038,35.06818230769359,50.93074154691814,73.75162870519034,2025-10-04,2025-10-25,sf_autoets
47,2025-10-04,2025-11-01,4,4,38.090308939209855,38.090308939209855,0.0,18.241693120006744,38.090308939209855,57.938924758412966,86.49440657107371,2025-10-04,2025-11-01,sf_autoets
48,2025-10-04,2025-10-11,1,1,98.34887190290164,98.34887190290164,0.0,0.0,98.34887190290164,258.86886442659375,489.8031405912859,2025-10-04,2025-10-11,sf_autoets
48,2025-10-04,2025-10-18,2,2,95.69403369802045,95.69403369802045,0.0,0.0,95.69403369802045,341.52997769435984,695.2052108506232,2025-10-04,2025-10-18,sf_autoets
48,2025-10-04,2025-10-25,3,3,93.57013575691681,93.57013575691681,0.0,0.0,93.57013575691681,414.786922327253,876.9098325785748,2025-10-04,2025-10-25,sf_autoets
48,2025-10-04,2025-11-01,4,4,91.87099550199264,91.87099550199264,0.0,0.0,91.87099550199264,483.0161792058879,1045.7425315674632,2025-10-04,2025-11-01,sf_autoets
49,2025-10-04,2025-10-11,1,1,1.9999999900029999,1.9999999900029999,0.0,0.0,1.9999999900029999,15.17752526004779,34.135551684267675,2025-10-04,2025-10-11,sf_autoets
49,2025-10-04,2025-10-18,2,2,1.9999999900029999,1.9999999900029999,0.0,0.0,1.9999999900029999,20.634903176962712,47.44426076053278,2025-10-04,2025-10-18,sf_autoets
49,2025-10-04,2025-10-25,3,3,1.9999999900029999,1.9999999900029999,0.0,0.0,1.9999999900029999,24.82262169155283,57.65669762169029,2025-10-04,2025-10-25,sf_autoets
49,2025-10-04,2025-11-01,4,4,1.9999999900029999,1.9999999900029999,0.0,0.0,1.9999999900029999,28.353073926011785,66.26628310603688,2025-10-04,2025-11-01,sf_autoets
50,2025-10-04,2025-10-11,1,1,9.999000100050244e-13,9.999000100050244e-13,0.0,0.0,9.999000100050244e-13,5.338842766194381,13.019641714562118,2025-10-04,2025-10-11,sf_autoets
50,2025-10-04,2025-10-18,2,2,9.999000100050244e-13,9.999000100050244e-13,0.0,0.0,9.999000100050244e-13,7.549886343575105,18.411633285294172,2025-10-04,2025-10-18,sf_autoets
50,2025-10-04,2025-10-25,3,3,9.999000100050244e-13,9.999000100050244e-13,0.0,0.0,9.999000100050244e-13,9.246530458483152,22.549177592292274,2025-10-04,2025-10-25,sf_autoets
50,2025-10-04,2025-11-01,4,4,9.999000100050244e-13,9.999000100050244e-13,0.0,0.0,9.999000100050244e-13,10.676884715983913,26.03733050727971,2025-10-04,2025-11-01,sf_autoets
51,2025-10-04,2025-10-11,1,1,17.827659071480355,17.827659071480355,7.205608098088748,13.47197392708767,17.827659071480355,22.18334421587304,28.449710044871964,2025-10-04,2025-10-11,sf_autoets
51,2025-10-04,2025-10-18,2,2,20.654967278664852,20.654967278664852,3.9493111456337253,13.804635037909039,20.654967278664852,27.505299519420667,37.36062341169598,2025-10-04,2025-10-18,sf_autoets
51,2025-10-04,2025-10-25,3,3,23.48227548584935,23.48227548584935,0.8666404284742804,14.208493435925527,23.48227548584935,32.756057535773174,46.097910543224415,2025-10-04,2025-10-25,sf_autoets
51,2025-10-04,2025-11-01,4,4,26.30958369303385,26.30958369303385,0.0,14.536080044359093,26.30958369303385,38.083087341708605,55.02119891449458,2025-10-04,2025-11-01,sf_autoets
53,2025-10-04,2025-10-11,1,1,9.002845556010778,9.002845556010778,2.523654357643565,6.34598419080902,9.002845556010778,11.659706921212535,15.48203675437799,2025-10-04,2025-10-11,sf_autoets
53,2025-10-04,2025-10-18,2,2,12.005124902508214,12.005124902508214,0.839880995634303,7.426697709820455,12.005124902508214,16.583552095195973,23.170368809382126,2025-10-04,2025-10-18,sf_autoets
53,2025-10-04,2025-10-25,3,3,15.00740424900565,15.00740424900565,0.0,8.329739059992338,15.00740424900565,21.68506943801896,31.29198352174185,2025-10-04,2025-10-25,sf_autoets
53,2025-10-04,2025-11-01,4,4,18.009683595503084,18.009683595503084,0.0,8.98859193794272,18.009683595503084,27.030775253063446,40.00909178174483,2025-10-04,2025-11-01,sf_autoets
54,2025-10-04,2025-10-11,1,1,0.0,0.0,0.0,0.0,0.0,21.473145336347734,52.57933142738433,2025-10-04,2025-10-11,sf_autoets
54,2025-10-04,2025-10-18,2,2,0.0,0.0,0.0,0.0,0.0,32.816261021868726,80.45525414364148,2025-10-04,2025-10-18,sf_autoets
54,2025-10-04,2025-10-25,3,3,0.0,0.0,0.0,0.0,0.0,42.85084604288513,105.09733491719109,2025-10-04,2025-10-25,sf_autoets
54,2025-10-04,2025-11-01,4,4,0.0,0.0,0.0,0.0,0.0,52.174758311358104,127.97210325649188,2025-10-04,2025-11-01,sf_autoets
55,2025-10-04,2025-10-11,1,1,6.9999999700040005,6.9999999700040005,0.0,0.0,6.9999999700040005,44.44191915785509,98.30824677176327,2025-10-04,2025-10-11,sf_autoets
55,2025-10-04,2025-10-18,2,2,6.9999999700040005,6.9999999700040005,0.0,0.0,6.9999999700040005,59.94822240943648,136.1229046469323,2025-10-04,2025-10-18,sf_autoets
55,2025-10-04,2025-10-25,3,3,6.9999999700040005,6.9999999700040005,0.0,0.0,6.9999999700040005,71.8469829878875,165.13997938824997,2025-10-04,2025-10-25,sf_autoets
55,2025-10-04,2025-11-01,4,4,6.9999999700040005,6.9999999700040005,0.0,0.0,6.9999999700040005,81.87822212803685,189.60279750771807,2025-10-04,2025-11-01,sf_autoets
56,2025-10-04,2025-10-11,1,1,1.799469137988699,1.799469137988699,0.0,0.0,1.799469137988699,9.263387052498645,20.001454341441644,2025-10-04,2025-10-11,sf_autoets
56,2025-10-04,2025-10-18,2,2,1.799469137988699,1.799469137988699,0.0,0.0,1.799469137988699,11.355771726776979,25.104076760038613,2025-10-04,2025-10-18,sf_autoets
56,2025-10-04,2025-10-25,3,3,1.799469137988699,1.799469137988699,0.0,0.0,1.799469137988699,13.066046599774541,29.274861901126656,2025-10-04,2025-10-25,sf_autoets
56,2025-10-04,2025-11-01,4,4,1.799469137988699,1.799469137988699,0.0,0.0,1.799469137988699,14.548924665043952,32.891102716166614,2025-10-04,2025-11-01,sf_autoets
72,2025-10-04,2025-10-11,1,1,64.998700250045,64.998700250045,0.0,20.66988542264683,64.998700250045,109.32751507744318,173.10176901589216,2025-10-04,2025-10-11,sf_autoets
72,2025-10-04,2025-10-18,2,2,64.998700250045,64.998700250045,0.0,2.3114235594026695,64.998700250045,127.68597694068734,217.87188238266882,2025-10-04,2025-10-18,sf_autoets
72,2025-10-04,2025-10-25,3,3,64.998700250045,64.998700250045,0.0,0.0,64.998700250045,141.77334120509306,252.22622534749232,2025-10-04,2025-10-25,sf_autoets
72,2025-10-04,2025-11-01,4,4,64.998700250045,64.998700250045,0.0,0.0,64.998700250045,153.64968066574,281.1886225241328,2025-10-04,2025-11-01,sf_autoets
01,2025-11-01,2025-11-08,1,1,14.999600010002,14.999600010002,0.0,0.0,14.999600010002,47.91826085217073,95.27714116594349,2025-11-01,2025-11-08,sf_autoets
01,2025-11-01,2025-11-15,2,2,14.999600010002,14.999600010002,0.0,0.0,14.999600010002,61.55128898552167,128.523511129245,2025-11-01,2025-11-15,sf_autoets
01,2025-11-01,2025-11-22,3,3,14.999600010002,14.999600010002,0.0,0.0,14.999600010002,72.01259204958284,154.0351105012995,2025-11-01,2025-11-22,sf_autoets
01,2025-11-01,2025-11-29,4,4,14.999600010002,14.999600010002,0.0,0.0,14.999600010002,80.83198395694026,175.54264084124327,2025-11-01,2025-11-29,sf_autoets
02,2025-11-01,2025-11-08,1,1,0.07639340794202598,0.07639340794202598,0.0,0.0,0.07639340794202598,4.823262626385757,11.652410757874513,2025-11-01,2025-11-08,sf_autoets
02,2025-11-01,2025-11-15,2,2,0.07639340794202598,0.07639340794202598,0.0,0.0,0.07639340794202598,6.516183776096524,15.780876005026297,2025-11-01,2025-11-15,sf_autoets
02,2025-11-01,2025-11-22,3,3,0.07639340794202598,0.07639340794202598,0.0,0.0,0.07639340794202598,7.8487181949373745,19.03047923655184,2025-11-01,2025-11-22,sf_autoets
02,2025-11-01,2025-11-29,4,4,0.07639340794202598,0.07639340794202598,0.0,0.0,0.07639340794202598,8.984095985111356,21.799283767065326,2025-11-01,2025-11-29,sf_autoets
04,2025-11-01,2025-11-08,1,1,22.5770009384359,22.5770009384359,0.0,13.128897999440326,22.5770009384359,32.02510387743148,45.617746009061314,2025-11-01,2025-11-08,sf_autoets
04,2025-11-01,2025-11-15,2,2,34.15244409099079,34.15244409099079,0.0,16.044490950736144,34.15244409099079,52.260397231245435,78.31165094440308,2025-11-01,2025-11-15,sf_autoets
04,2025-11-01,2025-11-22,3,3,45.72788724354568,45.72788724354568,0.0,17.086168210150007,45.72788724354568,74.36960627694135,115.57540593528276,2025-11-01,2025-11-22,sf_autoets
04,2025-11-01,2025-11-29,4,4,57.30333039610057,57.30333039610057,0.0,15.935498802806173,57.30333039610057,98.67116198939496,158.1855570208444,2025-11-01,2025-11-29,sf_autoets
05,2025-11-01,2025-11-08,1,1,9.888131494602346,9.888131494602346,0.0,0.0,9.888131494602346,37.1243859601348,76.30819485239323,2025-11-01,2025-11-08,sf_autoets
05,2025-11-01,2025-11-15,2,2,10.7768741872218,10.7768741872218,0.0,0.0,10.7768741872218,52.489093302446165,112.49894613853832,2025-11-01,2025-11-15,sf_autoets
05,2025-11-01,2025-11-22,3,3,11.487870660299794,11.487870660299794,0.0,0.0,11.487870660299794,65.99028207421222,144.4009194734409,2025-11-01,2025-11-22,sf_autoets
05,2025-11-01,2025-11-29,4,4,12.05666969395419,12.05666969395419,0.0,0.0,12.05666969395419,78.42410021582985,173.90450915129452,2025-11-01,2025-11-29,sf_autoets
06,2025-11-01,2025-11-08,1,1,143.7912799348334,143.7912799348334,62.100575598191085,110.29313647784758,143.7912799348334,177.2894233918192,225.4819842714757,2025-11-01,2025-11-08,sf_autoets
06,2025-11-01,2025-11-15,2,2,148.58578069375693,148.58578069375693,27.77479374487352,99.04594865464837,148.58578069375693,198.12561273286548,269.3967676426403,2025-11-01,2025-11-15,sf_autoets
06,2025-11-01,2025-11-22,3,3,153.3802814526805,153.3802814526805,0.0,89.94527687744113,153.3802814526805,216.81528602791985,308.0769203874197,2025-11-01,2025-11-22,sf_autoets
06,2025-11-01,2025-11-29,4,4,158.17478221160403,158.17478221160403,0.0,81.60818902679334,158.17478221160403,234.7413753964147,344.89494877713196,2025-11-01,2025-11-29,sf_autoets
08,2025-11-01,2025-11-08,1,1,17.999099979999,17.999099979999,0.0,0.0,17.999099979999,50.73546176171679,97.83207504626249,2025-11-01,2025-11-08,sf_autoets
08,2025-11-01,2025-11-15,2,2,17.999099979999,17.999099979999,0.0,0.0,17.999099979999,64.292992041989,130.89433114063192,2025-11-01,2025-11-15,sf_autoets
08,2025-11-01,2025-11-22,3,3,17.999099979999,17.999099979999,0.0,0.0,17.999099979999,74.6963618344382,156.26465074986663,2025-11-01,2025-11-22,sf_autoets
08,2025-11-01,2025-11-29,4,4,17.999099979999,17.999099979999,0.0,0.0,17.999099979999,83.46691315055261,177.65307531596406,2025-11-01,2025-11-29,sf_autoets
09,2025-11-01,2025-11-08,1,1,8.228165891625022,8.228165891625022,0.0,0.0,8.228165891625022,31.699261074458466,65.46627222131123,2025-11-01,2025-11-08,sf_autoets
09,2025-11-01,2025-11-15,2,2,8.456046248489196,8.456046248489196,0.0,0.0,8.456046248489196,44.401953377356065,96.11602284233504,2025-11-01,2025-11-15,sf_autoets
09,2025-11-01,2025-11-22,3,3,8.638352046734084,8.638352046734084,0.0,0.0,8.638352046734084,55.6063553103515,123.17751368168949,2025-11-01,2025-11-22,sf_autoets
09,2025-11-01,2025-11-29,4,4,8.784197895542874,8.784197895542874,0.0,0.0,8.784197895542874,65.97703367170281,148.25828676747648,2025-11-01,2025-11-29,sf_autoets
10,2025-11-01,2025-11-08,1,1,2.999700010005999,2.999700010005999,0.0,0.0,2.999700010005999,13.651238666512562,28.97522000371281,2025-11-01,2025-11-08,sf_autoets
10,2025-11-01,2025-11-15,2,2,2.999700010005999,2.999700010005999,0.0,0.0,2.999700010005999,18.062497279487847,39.73279597408738,2025-11-01,2025-11-15,sf_autoets
10,2025-11-01,2025-11-22,3,3,2.999700010005999,2.999700010005999,0.0,0.0,2.999700010005999,21.44747622861744,47.9876210474285,2025-11-01,2025-11-22,sf_autoets
10,2025-11-01,2025-11-29,4,4,2.999700010005999,2.999700010005999,0.0,0.0,2.999700010005999,24.30117961219378,54.94684371812832,2025-11-01,2025-11-29,sf_autoets
11,2025-11-01,2025-11-08,1,1,0.628367333559892,0.628367333559892,0.0,0.0,0.628367333559892,13.550921027456416,32.14212911674721,2025-11-01,2025-11-08,sf_autoets
11,2025-11-01,2025-11-15,2,2,0.628367333559892,0.628367333559892,0.0,0.0,0.628367333559892,17.01199436656453,40.58252281186565,2025-11-01,2025-11-15,sf_autoets
11,2025-11-01,2025-11-22,3,3,0.628367333559892,0.628367333559892,0.0,0.0,0.628367333559892,19.85995789548591,47.52774790774001,2025-11-01,2025-11-22,sf_autoets
11,2025-11-01,2025-11-29,4,4,0.628367333559892,0.628367333559892,0.0,0.0,0.628367333559892,22.3374648810519,53.56955410245407,2025-11-01,2025-11-29,sf_autoets
12,2025-11-01,2025-11-08,1,1,253.22519039723537,253.22519039723537,118.54167136740412,197.99677881247604,253.22519039723537,308.45360198199467,387.9087094270666,2025-11-01,2025-11-08,sf_autoets
12,2025-11-01,2025-11-15,2,2,270.3350688809079,270.3350688809079,82.24131584568005,193.20522193318476,270.3350688809079,347.46491582863104,458.42882191613575,2025-11-01,2025-11-15,sf_autoets
12,2025-11-01,2025-11-22,3,3,287.4449473645804,287.4449473645804,50.86344970214975,190.43218425623388,287.4449473645804,384.4577104729269,524.026445027011,2025-11-01,2025-11-22,sf_autoets
12,2025-11-01,2025-11-29,4,4,304.5548258482529,304.5548258482529,21.193184471278244,188.35936652234778,304.5548258482529,420.750285174158,587.9164672252275,2025-11-01,2025-11-29,sf_autoets
13,2025-11-01,2025-11-08,1,1,31.00009992999,31.00009992999,0.0,0.0,31.00009992999,91.3511787123464,178.1760811761608,2025-11-01,2025-11-08,sf_autoets
13,2025-11-01,2025-11-15,2,2,31.00009992999,31.00009992999,0.0,0.0,31.00009992999,116.34514668883162,239.12796201064216,2025-11-01,2025-11-15,sf_autoets
13,2025-11-01,2025-11-22,3,3,31.00009992999,31.00009992999,0.0,0.0,31.00009992999,135.52426604646058,285.8993829669431,2025-11-01,2025-11-22,sf_autoets
13,2025-11-01,2025-11-29,4,4,31.00009992999,31.00009992999,0.0,0.0,31.00009992999,151.69320494605216,325.32998630112024,2025-11-01,2025-11-29,sf_autoets
15,2025-11-01,2025-11-08,1,1,7.2028764509436805,7.2028764509436805,0.0,1.8970029667945916,7.2028764509436805,12.50874993509277,20.14211717626401,2025-11-01,2025-11-08,sf_autoets
15,2025-11-01,2025-11-15,2,2,7.2028764509436805,7.2028764509436805,0.0,0.0,7.2028764509436805,14.42001044025919,24.803038669968203,2025-11-01,2025-11-15,sf_autoets
15,2025-11-01,2025-11-22,3,3,7.2028764509436805,7.2028764509436805,0.0,0.0,7.2028764509436805,15.921921846494161,28.46569540150074,2025-11-01,2025-11-22,sf_autoets
15,2025-11-01,2025-11-29,4,4,7.2028764509436805,7.2028764509436805,0.0,0.0,7.2028764509436805,17.200700324147633,31.58420597401027,2025-11-01,2025-11-29,sf_autoets
16,2025-11-01,2025-11-08,1,1,7.999599999997,7.999599999997,0.0,0.0,7.999599999997,24.702565378353867,48.732514288832654,2025-11-01,2025-11-08,sf_autoets
16,2025-11-01,2025-11-15,2,2,7.999599999997,7.999599999997,0.0,0.0,7.999599999997,31.619979121437467,65.601759642268,2025-11-01,2025-11-15,sf_autoets
16,2025-11-01,2025-11-22,3,3,7.999599999997,7.999599999997,0.0,0.0,7.999599999997,36.92805601221053,78.54637373519849,2025-11-01,2025-11-22,sf_autoets
16,2025-11-01,2025-11-29,4,4,7.999599999997,7.999599999997,0.0,0.0,7.999599999997,41.40302534322439,89.45931871690492,2025-11-01,2025-11-29,sf_autoets
17,2025-11-01,2025-11-08,1,1,39.76259309256062,39.76259309256062,9.661199979035885,27.419196215767066,39.76259309256062,52.10598996935418,69.86398620608536,2025-11-01,2025-11-08,sf_autoets
17,2025-11-01,2025-11-15,2,2,41.52671415243453,41.52671415243453,0.0,22.768978917519405,41.52671415243453,60.28444938734965,87.27052097170204,2025-11-01,2025-11-15,sf_autoets
17,2025-11-01,2025-11-22,3,3,43.29083521230843,43.29083521230843,0.0,18.604407738962063,43.29083521230843,67.9772626856548,103.49272820505405,2025-11-01,2025-11-22,sf_autoets
17,2025-11-01,2025-11-29,4,4,45.05495627218233,45.05495627218233,0.0,14.422192996152894,45.05495627218233,75.68771954821176,119.75796215696411,2025-11-01,2025-11-29,sf_autoets
18,2025-11-01,2025-11-08,1,1,19.61294546373058,19.61294546373058,0.0,0.0,19.61294546373058,78.50920187299403,163.2411042911672,2025-11-01,2025-11-08,sf_autoets
18,2025-11-01,2025-11-15,2,2,20.226045132817422,20.226045132817422,0.0,0.0,20.226045132817422,110.42529863733024,240.19168468787663,2025-11-01,2025-11-15,sf_autoets
18,2025-11-01,2025-11-22,3,3,20.716526349370383,20.716526349370383,0.0,0.0,20.716526349370383,138.57338534882348,308.12976269581185,2025-11-01,2025-11-22,sf_autoets
18,2025-11-01,2025-11-29,4,4,21.108912507643126,21.108912507643126,0.0,0.0,21.108912507643126,164.62274326230443,371.0908728945568,2025-11-01,2025-11-29,sf_autoets
19,2025-11-01,2025-11-08,1,1,2.999800000002999,2.999800000002999,0.0,0.0,2.999800000002999,23.835511447017275,53.81109184509416,2025-11-01,2025-11-08,sf_autoets
19,2025-11-01,2025-11-15,2,2,2.999800000002999,2.999800000002999,0.0,0.0,2.999800000002999,32.46447243961195,74.8542252379529,2025-11-01,2025-11-15,sf_autoets
19,2025-11-01,2025-11-22,3,3,2.999800000002999,2.999800000002999,0.0,0.0,2.999800000002999,39.085904977454646,91.00167198909901,2025-11-01,2025-11-22,sf_autoets
19,2025-11-01,2025-11-29,4,4,2.999800000002999,2.999800000002999,0.0,0.0,2.999800000002999,44.668097576384376,104.61476209168686,2025-11-01,2025-11-29,sf_autoets
20,2025-11-01,2025-11-08,1,1,10.911868439687325,10.911868439687325,0.0,0.0,10.911868439687325,31.45934397561254,61.02024984969081,2025-11-01,2025-11-08,sf_autoets
20,2025-11-01,2025-11-15,2,2,10.823125788615174,10.823125788615174,0.0,0.0,10.823125788615174,42.29148731936639,87.56387475185569,2025-11-01,2025-11-15,sf_autoets
20,2025-11-01,2025-11-22,3,3,10.752131306100273,10.752131306100273,0.0,0.0,10.752131306100273,51.869602309414894,111.02381266406397,2025-11-01,2025-11-22,sf_autoets
20,2025-11-01,2025-11-29,4,4,10.695335430761132,10.695335430761132,0.0,0.0,10.695335430761132,60.7639511856369,132.79584799882514,2025-11-01,2025-11-29,sf_autoets
21,2025-11-01,2025-11-08,1,1,12.429499729758549,12.429499729758549,0.0,0.0,12.429499729758549,61.62581179413197,132.40275700786626,2025-11-01,2025-11-08,sf_autoets
21,2025-11-01,2025-11-15,2,2,11.8589635336292,11.8589635336292,0.0,0.0,11.8589635336292,87.20316669847045,195.59813200791638,2025-11-01,2025-11-15,sf_autoets
21,2025-11-01,2025-11-22,3,3,11.402514812957628,11.402514812957628,0.0,0.0,11.402514812957628,109.8498647417095,251.48248718762008,2025-11-01,2025-11-22,sf_autoets
21,2025-11-01,2025-11-29,4,4,11.037340024721264,11.037340024721264,0.0,0.0,11.037340024721264,130.91692930669768,303.38333515746876,2025-11-01,2025-11-29,sf_autoets
22,2025-11-01,2025-11-08,1,1,44.000899899993,44.000899899993,0.0,13.457299699689528,44.000899899993,74.54450010029647,118.48646703428915,2025-11-01,2025-11-08,sf_autoets
22,2025-11-01,2025-11-15,2,2,44.000899899993,44.000899899993,0.0,0.8078859577079385,44.000899899993,87.19391384227806,149.33413234908386,2025-11-01,2025-11-15,sf_autoets
22,2025-11-01,2025-11-22,3,3,44.000899899993,44.000899899993,0.0,0.0,44.000899899993,96.9004404806151,173.00508589808635,2025-11-01,2025-11-22,sf_autoets
22,2025-11-01,2025-11-29,4,4,44.000899899993,44.000899899993,0.0,0.0,44.000899899993,105.08351881784343,192.96086147318601,2025-11-01,2025-11-29,sf_autoets
23,2025-11-01,2025-11-08,1,1,2.0000999999980005,2.0000999999980005,0.0,0.0,2.0000999999980005,13.714358468032742,30.56723615379789,2025-11-01,2025-11-08,sf_autoets
23,2025-11-01,2025-11-15,2,2,2.0000999999980005,2.0000999999980005,0.0,0.0,2.0000999999980005,18.565734896185788,42.3981114357938,2025-11-01,2025-11-15,sf_autoets
23,2025-11-01,2025-11-22,3,3,2.0000999999980005,2.0000999999980005,0.0,0.0,2.0000999999980005,22.28843821611776,51.476532651348634,2025-11-01,2025-11-22,sf_autoets
23,2025-11-01,2025-11-29,4,4,2.0000999999980005,2.0000999999980005,0.0,0.0,2.0000999999980005,25.426859819263154,59.13008729074209,2025-11-01,2025-11-29,sf_autoets
24,2025-11-01,2025-11-08,1,1,14.646343578604359,14.646343578604359,0.0,0.0,14.646343578604359,48.4722493500181,97.13634995283591,2025-11-01,2025-11-08,sf_autoets
24,2025-11-01,2025-11-15,2,2,15.292211342203634,15.292211342203634,0.0,0.0,15.292211342203634,67.09644371148326,141.62530903460717,2025-11-01,2025-11-15,sf_autoets
24,2025-11-01,2025-11-22,3,3,15.808905553083054,15.808905553083054,0.0,0.0,15.808905553083054,83.49781672661814,180.879391821878,2025-11-01,2025-11-22,sf_autoets
24,2025-11-01,2025-11-29,4,4,16.222260921786592,16.222260921786592,0.0,0.0,16.222260921786592,98.6468256155677,217.2280495895144,2025-11-01,2025-11-29,sf_autoets
25,2025-11-01,2025-11-08,1,1,21.397251471871925,21.397251471871925,0.0,0.0,21.397251471871925,73.10816303860668,147.50277111658636,2025-11-01,2025-11-08,sf_autoets
25,2025-11-01,2025-11-15,2,2,22.795159608265237,22.795159608265237,0.0,0.0,22.795159608265237,101.99020310342826,215.92523236582636,2025-11-01,2025-11-15,sf_autoets
25,2025-11-01,2025-11-22,3,3,23.91348611737989,23.91348611737989,0.0,0.0,23.91348611737989,127.39202482664636,276.26283561912425,2025-11-01,2025-11-22,sf_autoets
25,2025-11-01,2025-11-29,4,4,24.80814732467161,24.80814732467161,0.0,0.0,24.80814732467161,150.81362385528826,332.09312093158024,2025-11-01,2025-11-29,sf_autoets
26,2025-11-01,2025-11-08,1,1,15.436703018331603,15.436703018331603,3.899649045178542,10.705811147561938,15.436703018331603,20.167594889101267,26.973756991484663,2025-11-01,2025-11-08,sf_autoets
26,2025-11-01,2025-11-15,2,2,18.872562331989467,18.872562331989467,0.0,11.097257572541473,18.872562331989467,26.647867091437462,37.833915311057126,2025-11-01,2025-11-15,sf_autoets
26,2025-11-01,2025-11-22,3,3,22.30842164564733,22.30842164564733,0.0,11.368362629753177,22.30842164564733,33.24848066154148,48.98754574816388,2025-11-01,2025-11-22,sf_autoets
26,2025-11-01,2025-11-29,4,4,25.744280959305193,25.744280959305193,0.0,11.368643730456384,25.744280959305193,40.119918188154,60.80162471988342,2025-11-01,2025-11-29,sf_autoets
27,2025-11-01,2025-11-08,1,1,4.000099960006,4.000099960006,0.0,0.0,4.000099960006,38.827292488732596,88.93190793894057,2025-11-01,2025-11-08,sf_autoets
27,2025-11-01,2025-11-15,2,2,4.000099960006,4.000099960006,0.0,0.0,4.000099960006,53.25072538067883,124.10580924509381,2025-11-01,2025-11-15,sf_autoets
27,2025-11-01,2025-11-22,3,3,4.000099960006,4.000099960006,0.0,0.0,4.000099960006,64.31854547397677,151.09649964122676,2025-11-01,2025-11-22,sf_autoets
27,2025-11-01,2025-11-29,4,4,4.000099960006,4.000099960006,0.0,0.0,4.000099960006,73.64926100388575,173.85097630593737,2025-11-01,2025-11-29,sf_autoets
28,2025-11-01,2025-11-08,1,1,16.000000019998,16.000000019998,0.0,0.0,16.000000019998,39.669253123344376,73.72134686471074,2025-11-01,2025-11-08,sf_autoets
28,2025-11-01,2025-11-15,2,2,16.000000019998,16.000000019998,0.0,0.0,16.000000019998,49.471705142898216,97.62623015269784,2025-11-01,2025-11-15,sf_autoets
28,2025-11-01,2025-11-22,3,3,16.000000019998,16.000000019998,0.0,0.0,16.000000019998,56.99361592782563,115.96964046041035,2025-11-01,2025-11-22,sf_autoets
28,2025-11-01,2025-11-29,4,4,16.000000019998,16.000000019998,0.0,0.0,16.000000019998,63.33495588310842,131.43403561563235,2025-11-01,2025-11-29,sf_autoets
29,2025-11-01,2025-11-08,1,1,25.500416982480775,25.500416982480775,0.0,0.0,25.500416982480775,80.10855966194295,158.67130878815232,2025-11-01,2025-11-08,sf_autoets
29,2025-11-01,2025-11-15,2,2,26.000880762659566,26.000880762659566,0.0,0.0,26.000880762659566,109.63311688911273,229.95177383800635,2025-11-01,2025-11-15,sf_autoets
29,2025-11-01,2025-11-22,3,3,26.401263089757244,26.401263089757244,0.0,0.0,26.401263089757244,135.67778758196695,292.88994968493375,2025-11-01,2025-11-22,sf_autoets
29,2025-11-01,2025-11-29,4,4,26.72157799405437,26.72157799405437,0.0,0.0,26.72157799405437,159.78757377812389,351.22478315870944,2025-11-01,2025-11-29,sf_autoets
30,2025-11-01,2025-11-08,1,1,0.4694806331148198,0.4694806331148198,0.0,0.0,0.4694806331148198,9.390636685125079,22.225179492116396,2025-11-01,2025-11-08,sf_autoets
30,2025-11-01,2025-11-15,2,2,0.0,0.0,0.0,0.0,0.0,13.601001279250697,33.25686125573726,2025-11-01,2025-11-15,sf_autoets
30,2025-11-01,2025-11-22,3,3,0.0,0.0,0.0,0.0,0.0,17.365369711994415,43.04811130036393,2025-11-01,2025-11-22,sf_autoets
30,2025-11-01,2025-11-29,4,4,0.0,0.0,0.0,0.0,0.0,20.91165586578645,52.18529301340088,2025-11-01,2025-11-29,sf_autoets
31,2025-11-01,2025-11-08,1,1,0.7753683016460577,0.7753683016460577,0.0,0.0,0.7753683016460577,13.673173791139924,32.22877753868955,2025-11-01,2025-11-08,sf_autoets
31,2025-11-01,2025-11-15,2,2,0.5505217634152362,0.5505217634152362,0.0,0.0,0.5505217634152362,20.303456604148252,48.72128567238553,2025-11-01,2025-11-15,sf_autoets
31,2025-11-01,2025-11-22,3,3,0.37064453283057897,0.37064453283057897,0.0,0.0,0.37064453283057897,26.18040158742771,63.31196052710447,2025-11-01,2025-11-22,sf_autoets
31,2025-11-01,2025-11-29,4,4,0.22674274836285324,0.22674274836285324,0.0,0.0,0.22674274836285324,31.655199096603923,76.87017639411057,2025-11-01,2025-11-29,sf_autoets
32,2025-11-01,2025-11-08,1,1,6.000399999993002,6.000399999993002,0.0,0.0,6.000399999993002,27.071672283463535,57.38614549111829,2025-11-01,2025-11-08,sf_autoets
32,2025-11-01,2025-11-15,2,2,6.000399999993002,6.000399999993002,0.0,0.0,6.000399999993002,35.79818911303229,78.66718475612774,2025-11-01,2025-11-15,sf_autoets
32,2025-11-01,2025-11-22,3,3,6.000399999993002,6.000399999993002,0.0,0.0,6.000399999993002,42.4944811146912,94.99718855952548,2025-11-01,2025-11-22,sf_autoets
32,2025-11-01,2025-11-29,4,4,6.000399999993002,6.000399999993002,0.0,0.0,6.000399999993002,48.139783915603125,108.7641832167754,2025-11-01,2025-11-29,sf_autoets
33,2025-11-01,2025-11-08,1,1,2.0753733802224845,2.0753733802224845,0.0,0.0,2.0753733802224845,10.086414317933055,21.611607605011308,2025-11-01,2025-11-08,sf_autoets
33,2025-11-01,2025-11-15,2,2,2.1509849398457126,2.1509849398457126,0.0,0.0,2.1509849398457126,14.41986806013345,32.07066406496552,2025-11-01,2025-11-15,sf_autoets
33,2025-11-01,2025-11-22,3,3,2.2114752385326226,2.2114752385326226,0.0,0.0,2.2114752385326226,18.24237245765013,41.30544134622528,2025-11-01,2025-11-22,sf_autoets
33,2025-11-01,2025-11-29,4,4,2.2598683182874213,2.2598683182874213,0.0,0.0,2.2598683182874213,21.78066815627007,49.86453303730661,2025-11-01,2025-11-29,sf_autoets
34,2025-11-01,2025-11-08,1,1,36.933491638683165,36.933491638683165,0.0,0.0,36.933491638683165,100.5628845624783,192.10417837039205,2025-11-01,2025-11-08,sf_autoets
34,2025-11-01,2025-11-15,2,2,38.867556065879754,38.867556065879754,0.0,0.0,38.867556065879754,136.31565984671192,276.5107031957624,2025-11-01,2025-11-15,sf_autoets
34,2025-11-01,2025-11-22,3,3,40.41480760763703,40.41480760763703,0.0,0.0,40.41480760763703,167.74328055827124,350.92612447517655,2025-11-01,2025-11-22,sf_autoets
34,2025-11-01,2025-11-29,4,4,41.65260884104285,41.65260884104285,0.0,0.0,41.65260884104285,196.70003128985837,419.76111988998196,2025-11-01,2025-11-29,sf_autoets
35,2025-11-01,2025-11-08,1,1,6.363681669904195,6.363681669904195,0.0,0.0,6.363681669904195,24.438068832909643,50.44103239517745,2025-11-01,2025-11-08,sf_autoets
35,2025-11-01,2025-11-15,2,2,6.727431533654181,6.727431533654181,0.0,0.0,6.727431533654181,34.408220541081974,74.23156511390461,2025-11-01,2025-11-15,sf_autoets
35,2025-11-01,2025-11-22,3,3,7.0184319805803215,7.0184319805803215,0.0,0.0,7.0184319805803215,43.18689766430696,95.22115402914025,2025-11-01,2025-11-22,sf_autoets
35,2025-11-01,2025-11-29,4,4,7.251232782863005,7.251232782863005,0.0,0.0,7.251232782863005,51.293405351103786,114.65527749463737,2025-11-01,2025-11-29,sf_autoets
36,2025-11-01,2025-11-08,1,1,64.17614351846451,64.17614351846451,0.0,0.0,64.17614351846451,160.00839355840426,297.878766888635,2025-11-01,2025-11-08,sf_autoets
36,2025-11-01,2025-11-15,2,2,69.35497878341349,69.35497878341349,0.0,0.0,69.35497878341349,216.13225994934814,427.29539701760916,2025-11-01,2025-11-15,sf_autoets
36,2025-11-01,2025-11-22,3,3,73.50200525060346,73.50200525060346,0.0,0.0,73.50200525060346,265.30347706442546,541.2412799777295,2025-11-01,2025-11-22,sf_autoets
36,2025-11-01,2025-11-29,4,4,76.82279605388915,76.82279605388915,0.0,0.0,76.82279605388915,310.40307272797094,646.4465229674546,2025-11-01,2025-11-29,sf_autoets
37,2025-11-01,2025-11-08,1,1,27.999499999999,27.999499999999,0.0,0.0,27.999499999999,104.49301485233273,214.5414530935041,2025-11-01,2025-11-08,sf_autoets
37,2025-11-01,2025-11-15,2,2,27.999499999999,27.999499999999,0.0,0.0,27.999499999999,136.1722573646797,291.796469838178,2025-11-01,2025-11-15,sf_autoets
37,2025-11-01,2025-11-22,3,3,27.999499999999,27.999499999999,0.0,0.0,27.999499999999,160.48132161070893,351.0781008507374,2025-11-01,2025-11-22,sf_autoets
37,2025-11-01,2025-11-29,4,4,27.999499999999,27.999499999999,0.0,0.0,27.999499999999,180.9750558208747,401.05542524383753,2025-11-01,2025-11-29,sf_autoets
38,2025-11-01,2025-11-08,1,1,1.999999990002,1.999999990002,0.0,0.0,1.999999990002,7.654565038159829,15.78958215280217,2025-11-01,2025-11-08,sf_autoets
38,2025-11-01,2025-11-15,2,2,1.999999990002,1.999999990002,0.0,0.0,1.999999990002,9.996362742295107,21.5004390577644,2025-11-01,2025-11-15,sf_autoets
38,2025-11-01,2025-11-22,3,3,1.999999990002,1.999999990002,0.0,0.0,1.999999990002,11.793341026066914,25.88266465386251,2025-11-01,2025-11-22,sf_autoets
38,2025-11-01,2025-11-29,4,4,1.999999990002,1.999999990002,0.0,0.0,1.999999990002,13.308281912163537,29.577095904135323,2025-11-01,2025-11-29,sf_autoets
39,2025-11-01,2025-11-08,1,1,21.99929998,21.99929998,0.0,0.0,21.99929998,131.38495373127867,288.7541161309391,2025-11-01,2025-11-08,sf_autoets
39,2025-11-01,2025-11-15,2,2,21.99929998,21.99929998,0.0,0.0,21.99929998,176.6862405037305,399.22871686664206,2025-11-01,2025-11-15,sf_autoets
39,2025-11-01,2025-11-22,3,3,21.99929998,21.99929998,0.0,0.0,21.99929998,211.44817933955082,484.00139303754304,2025-11-01,2025-11-22,sf_autoets
39,2025-11-01,2025-11-29,4,4,21.99929998,21.99929998,0.0,0.0,21.99929998,240.75419983960808,555.4689195596584,2025-11-01,2025-11-29,sf_autoets
40,2025-11-01,2025-11-08,1,1,13.000499890001002,13.000499890001002,0.0,0.0,13.000499890001002,61.700345033457744,131.7630413413762,2025-11-01,2025-11-08,sf_autoets
40,2025-11-01,2025-11-15,2,2,13.000499890001002,13.000499890001002,0.0,0.0,13.000499890001002,81.86903786436693,180.94769914254655,2025-11-01,2025-11-15,sf_autoets
40,2025-11-01,2025-11-22,3,3,13.000499890001002,13.000499890001002,0.0,0.0,13.000499890001002,97.34548271919303,218.6895424313062,2025-11-01,2025-11-22,sf_autoets
40,2025-11-01,2025-11-29,4,4,13.000499890001002,13.000499890001002,0.0,0.0,13.000499890001002,110.39288529146202,250.50776863423016,2025-11-01,2025-11-29,sf_autoets
41,2025-11-01,2025-11-08,1,1,4.0001999900000005,4.0001999900000005,0.0,0.0,4.0001999900000005,37.25487417871208,85.09716467551367,2025-11-01,2025-11-08,sf_autoets
41,2025-11-01,2025-11-15,2,2,4.0001999900000005,4.0001999900000005,0.0,0.0,4.0001999900000005,51.02705983820208,118.68289303754679,2025-11-01,2025-11-15,sf_autoets
41,2025-11-01,2025-11-22,3,3,4.0001999900000005,4.0001999900000005,0.0,0.0,4.0001999900000005,61.59514541898263,144.4548990501319,2025-11-01,2025-11-22,sf_autoets
41,2025-11-01,2025-11-29,4,4,4.0001999900000005,4.0001999900000005,0.0,0.0,4.0001999900000005,70.50456022865303,166.1819649683927,2025-11-01,2025-11-29,sf_autoets
42,2025-11-01,2025-11-08,1,1,130.9013442740735,130.9013442740735,56.97101821289965,100.58542659005748,130.9013442740735,161.21726195808952,204.83167033524734,2025-11-01,2025-11-08,sf_autoets
42,2025-11-01,2025-11-15,2,2,143.91253564886597,143.91253564886597,32.87572987155059,98.38071071066929,143.91253564886597,189.44436058706265,254.94934142618135,2025-11-01,2025-11-15,sf_autoets
42,2025-11-01,2025-11-22,3,3,156.92372702365842,156.92372702365842,11.568907579806137,97.31943503678671,156.92372702365842,216.5280190105301,302.2785464675107,2025-11-01,2025-11-22,sf_autoets
42,2025-11-01,2025-11-29,4,4,169.93491839845086,169.93491839845086,0.0,96.37788061047185,169.93491839845086,243.4919561864299,349.315791655888,2025-11-01,2025-11-29,sf_autoets
44,2025-11-01,2025-11-08,1,1,10.934575818369836,10.934575818369836,0.0,4.279758179496059,10.934575818369836,17.589393457243613,27.16343760139913,2025-11-01,2025-11-08,sf_autoets
44,2025-11-01,2025-11-15,2,2,11.86988044752476,11.86988044752476,0.0,1.678325517681273,11.86988044752476,22.061435377368248,36.72365485366636,2025-11-01,2025-11-15,sf_autoets
44,2025-11-01,2025-11-22,3,3,12.618128662688722,12.618128662688722,0.0,0.0,12.618128662688722,25.934445829471482,45.092147108560155,2025-11-01,2025-11-22,sf_autoets
44,2025-11-01,2025-11-29,4,4,13.216730844313675,13.216730844313675,0.0,0.0,13.216730844313675,29.4317218871289,52.75963986555027,2025-11-01,2025-11-29,sf_autoets
45,2025-11-01,2025-11-08,1,1,11.999400000012997,11.999400000012997,0.0,0.0,11.999400000012997,59.78807462371563,128.53990303827206,2025-11-01,2025-11-08,sf_autoets
45,2025-11-01,2025-11-15,2,2,11.999400000012997,11.999400000012997,0.0,0.0,11.999400000012997,79.57941269558265,176.80431951053046,2025-11-01,2025-11-15,sf_autoets
45,2025-11-01,2025-11-22,3,3,11.999400000012997,11.999400000012997,0.0,0.0,11.999400000012997,94.76629440578726,213.84001568804987,2025-11-01,2025-11-22,sf_autoets
45,2025-11-01,2025-11-29,4,4,11.999400000012997,11.999400000012997,0.0,0.0,11.999400000012997,107.56958103583516,245.06292521960515,2025-11-01,2025-11-29,sf_autoets
46,2025-11-01,2025-11-08,1,1,0.00020000000000042206,0.00020000000000042206,0.0,0.0,0.00020000000000042206,8.308575912935947,20.261534216711315,2025-11-01,2025-11-08,sf_autoets
46,2025-11-01,2025-11-15,2,2,0.00020000000000042206,0.00020000000000042206,0.0,0.0,0.00020000000000042206,11.749430421161094,28.652620984184242,2025-11-01,2025-11-15,sf_autoets
46,2025-11-01,2025-11-22,3,3,0.00020000000000042206,0.00020000000000042206,0.0,0.0,0.00020000000000042206,14.389769856963078,35.091520754120474,2025-11-01,2025-11-22,sf_autoets
46,2025-11-01,2025-11-29,4,4,0.00020000000000042206,0.00020000000000042206,0.0,0.0,0.00020000000000042206,16.61570558506432,40.519829271282966,2025-11-01,2025-11-29,sf_autoets
47,2025-11-01,2025-11-08,1,1,37.040118512238195,37.040118512238195,13.025765729070326,27.192777360150778,37.040118512238195,46.88745966432561,61.05447129540606,2025-11-01,2025-11-08,sf_autoets
47,2025-11-01,2025-11-15,2,2,40.081132802213894,40.081132802213894,3.4539085311545605,25.061749348167787,40.081132802213894,55.10051625626,76.70835707327322,2025-11-01,2025-11-15,sf_autoets
47,2025-11-01,2025-11-22,3,3,43.1221470921896,43.1221470921896,0.0,23.321116876093622,43.1221470921896,62.923177308285574,91.41019944413824,2025-11-01,2025-11-22,sf_autoets
47,2025-11-01,2025-11-29,4,4,46.1631613821653,46.1631613821653,0.0,21.593512497320162,46.1631613821653,70.73281026701044,106.08027067761874,2025-11-01,2025-11-29,sf_autoets
48,2025-11-01,2025-11-08,1,1,175.2838728231676,175.2838728231676,0.0,16.457683067615022,175.2838728231676,334.1100625787202,562.6075262935967,2025-11-01,2025-11-08,sf_autoets
48,2025-11-01,2025-11-15,2,2,181.57051359615068,181.57051359615068,0.0,0.0,181.57051359615068,424.81240313296394,774.7556644673742,2025-11-01,2025-11-15,sf_autoets
48,2025-11-01,2025-11-22,3,3,186.59989104357763,186.59989104357763,0.0,0.0,186.59989104357763,504.42720647258284,961.673807846125,2025-11-01,2025-11-22,sf_autoets
48,2025-11-01,2025-11-29,4,4,190.62344486542014,190.62344486542014,0.0,0.0,190.62344486542014,577.6412748080429,1134.4297533985712,2025-11-01,2025-11-29,sf_autoets
49,2025-11-01,2025-11-08,1,1,1.000000009999,1.000000009999,0.0,0.0,1.000000009999,14.039809450893637,32.79970911955367,2025-11-01,2025-11-08,sf_autoets
49,2025-11-01,2025-11-15,2,2,1.000000009999,1.000000009999,0.0,0.0,1.000000009999,19.44015334135731,45.96933138947263,2025-11-01,2025-11-15,sf_autoets
49,2025-11-01,2025-11-22,3,3,1.000000009999,1.000000009999,0.0,0.0,1.000000009999,23.58410680024344,56.07504000073827,2025-11-01,2025-11-22,sf_autoets
49,2025-11-01,2025-11-29,4,4,1.000000009999,1.000000009999,0.0,0.0,1.000000009999,27.077662944823608,64.59464833237081,2025-11-01,2025-11-29,sf_autoets
50,2025-11-01,2025-11-08,1,1,9.999000000016078e-05,9.999000000016078e-05,0.0,0.0,9.999000000016078e-05,5.283485550979184,12.884500234826929,2025-11-01,2025-11-08,sf_autoets
50,2025-11-01,2025-11-15,2,2,9.999000000016078e-05,9.999000000016078e-05,0.0,0.0,9.999000000016078e-05,7.471561923147426,18.22048251737676,2025-11-01,2025-11-15,sf_autoets
50,2025-11-01,2025-11-22,3,3,9.999000000016078e-05,9.999000000016078e-05,0.0,0.0,9.999000000016078e-05,9.150582154945125,22.31504810150087,2025-11-01,2025-11-22,sf_autoets
50,2025-11-01,2025-11-29,4,4,9.999000000016078e-05,9.999000000016078e-05,0.0,0.0,9.999000000016078e-05,10.56607861403131,25.76696784377719,2025-11-01,2025-11-29,sf_autoets
51,2025-11-01,2025-11-08,1,1,17.723935803637332,17.723935803637332,7.2027567024181405,13.409614244884473,17.723935803637332,22.03825736239019,28.24511490485652,2025-11-01,2025-11-08,sf_autoets
51,2025-11-01,2025-11-15,2,2,20.447899176451816,20.447899176451816,3.9419144448236523,13.679444320678392,20.447899176451816,27.21635403222524,36.95388390807998,2025-11-01,2025-11-15,sf_autoets
51,2025-11-01,2025-11-22,3,3,23.1718625492663,23.1718625492663,0.8747524214882425,14.02869503955132,23.1718625492663,32.31503005898128,45.46897267704436,2025-11-01,2025-11-22,sf_autoets
51,2025-11-01,2025-11-29,4,4,25.89582592208079,25.89582592208079,0.0,14.310055205249533,25.89582592208079,37.481596638912045,54.1496236692934,2025-11-01,2025-11-29,sf_autoets
53,2025-11-01,2025-11-08,1,1,18.97077668540491,18.97077668540491,5.42753535720291,13.417226320419323,18.97077668540491,24.524327050390497,32.514018013606915,2025-11-01,2025-11-08,sf_autoets
53,2025-11-01,2025-11-15,2,2,21.94165627343257,21.94165627343257,0.4164041876336917,13.114997375420785,21.94165627343257,30.768315171444357,43.466908359231454,2025-11-01,2025-11-15,sf_autoets
53,2025-11-01,2025-11-22,3,3,24.912535861460235,24.912535861460235,0.0,12.83857141754983,24.912535861460235,36.98650030537064,54.356873898436554,2025-11-01,2025-11-22,sf_autoets
53,2025-11-01,2025-11-29,4,4,27.88341544948789,27.88341544948789,0.0,12.395053300970591,27.88341544948789,43.371777598005195,65.654321009017,2025-11-01,2025-11-29,sf_autoets
54,2025-11-01,2025-11-08,1,1,0.9697956800487133,0.9697956800487133,0.0,0.0,0.9697956800487133,22.362233950417572,53.1387569846828,2025-11-01,2025-11-08,sf_autoets
54,2025-11-01,2025-11-15,2,2,0.9395960800569887,0.9395960800569887,0.0,0.0,0.9395960800569887,33.70202528425035,80.83614082160723,2025-11-01,2025-11-15,sf_autoets
54,2025-11-01,2025-11-22,3,3,0.9154364000636092,0.9154364000636092,0.0,0.0,0.9154364000636092,43.72377577325669,105.31057696564844,2025-11-01,2025-11-22,sf_autoets
54,2025-11-01,2025-11-29,4,4,0.8961086560689054,0.8961086560689054,0.0,0.0,0.8961086560689054,53.02368283218656,128.01772825494763,2025-11-01,2025-11-29,sf_autoets
55,2025-11-01,2025-11-08,1,1,6.000199989996001,6.000199989996001,0.0,0.0,6.000199989996001,43.051229420564,96.355198154814,2025-11-01,2025-11-08,sf_autoets
55,2025-11-01,2025-11-15,2,2,6.000199989996001,6.000199989996001,0.0,0.0,6.000199989996001,58.39564847267477,133.77507491942063,2025-11-01,2025-11-15,sf_autoets
55,2025-11-01,2025-11-22,3,3,6.000199989996001,6.000199989996001,0.0,0.0,6.000199989996001,70.17018722341592,162.48921440665066,2025-11-01,2025-11-22,sf_autoets
55,2025-11-01,2025-11-29,4,4,6.000199989996001,6.000199989996001,0.0,0.0,6.000199989996001,80.09670126619329,186.69664323933554,2025-11-01,2025-11-29,sf_autoets
56,2025-11-01,2025-11-08,1,1,4.64169157090094,4.64169157090094,0.0,0.0,4.64169157090094,12.030977578234367,22.6616746562047,2025-11-01,2025-11-08,sf_autoets
56,2025-11-01,2025-11-15,2,2,4.64169157090094,4.64169157090094,0.0,0.0,4.64169157090094,14.102440444344804,27.71327582201414,2025-11-01,2025-11-15,sf_autoets
56,2025-11-01,2025-11-22,3,3,4.64169157090094,4.64169157090094,0.0,0.0,4.64169157090094,15.795614234904178,31.8423571752165,2025-11-01,2025-11-22,sf_autoets
56,2025-11-01,2025-11-29,4,4,4.64169157090094,4.64169157090094,0.0,0.0,4.64169157090094,17.26366496426384,35.42243910534813,2025-11-01,2025-11-29,sf_autoets
72,2025-11-01,2025-11-08,1,1,60.998900409962,60.998900409962,0.0,17.042824148386877,60.998900409962,104.95497667153711,168.19298518943944,2025-11-01,2025-11-08,sf_autoets
72,2025-11-01,2025-11-15,2,2,60.998900409962,60.998900409962,0.0,0.0,60.998900409962,123.15907152153568,212.58664933434892,2025-11-01,2025-11-15,sf_autoets
72,2025-11-01,2025-11-22,3,3,60.998900409962,60.998900409962,0.0,0.0,60.998900409962,137.12798227048904,246.65212401843087,2025-11-01,2025-11-22,sf_autoets
72,2025-11-01,2025-11-29,4,4,60.998900409962,60.998900409962,0.0,0.0,60.998900409962,148.90445960409684,275.370991057204,2025-11-01,2025-11-29,sf_autoets
01,2025-11-29,2025-12-06,1,1,45.999099939987,45.999099939987,0.0,13.407567659423158,45.999099939987,78.59063222055084,125.47888456830327,2025-11-29,2025-12-06,sf_autoets
01,2025-11-29,2025-12-13,2,2,45.999099939987,45.999099939987,0.0,0.0,45.999099939987,92.08818239794954,158.39486936688547,2025-11-29,2025-12-13,sf_autoets
01,2025-11-29,2025-12-20,3,3,45.999099939987,45.999099939987,0.0,0.0,45.999099939987,102.44552646318425,183.65294770882167,2025-11-29,2025-12-20,sf_autoets
01,2025-11-29,2025-12-27,4,4,45.999099939987,45.999099939987,0.0,0.0,45.999099939987,111.1772758323863,204.94674737796106,2025-11-29,2025-12-27,sf_autoets
02,2025-11-29,2025-12-06,1,1,7.5621811900722395,7.5621811900722395,0.0,2.8513734244343274,7.5621811900722395,12.27298895571015,19.05025678637015,2025-11-29,2025-12-06,sf_autoets
02,2025-11-29,2025-12-13,2,2,7.5621811900722395,7.5621811900722395,0.0,1.1727670951385498,7.5621811900722395,13.95159528500593,23.1438130015138,2025-11-29,2025-12-13,sf_autoets
02,2025-11-29,2025-12-20,3,3,7.5621811900722395,7.5621811900722395,0.0,0.0,7.5621811900722395,15.273051124669772,26.366399304857005,2025-11-29,2025-12-20,sf_autoets
02,2025-11-29,2025-12-27,4,4,7.5621811900722395,7.5621811900722395,0.0,0.0,7.5621811900722395,16.399059474852617,29.112354922770344,2025-11-29,2025-12-27,sf_autoets
04,2025-11-29,2025-12-06,1,1,58.48125358016204,58.48125358016204,0.0,34.11826521782901,58.48125358016204,82.84424194249507,117.8943873742785,2025-11-29,2025-12-06,sf_autoets
04,2025-11-29,2025-12-13,2,2,69.96135921016057,69.96135921016057,0.0,29.102456106299904,69.96135921016057,110.82026231402122,169.60248043417647,2025-11-29,2025-12-13,sf_autoets
04,2025-11-29,2025-12-20,3,3,81.44146484015909,81.44146484015909,0.0,22.640112436575556,81.44146484015909,140.24281724374262,224.83818471999206,2025-11-29,2025-12-20,sf_autoets
04,2025-11-29,2025-12-27,4,4,92.92157047015762,92.92157047015762,0.0,13.70291454986264,92.92157047015762,172.1402263904526,286.1092259902561,2025-11-29,2025-12-27,sf_autoets
05,2025-11-29,2025-12-06,1,1,88.00402491217967,88.00402491217967,21.853004203845245,60.8780942508147,88.00402491217967,115.12995557354465,154.1550456205141,2025-11-29,2025-12-06,sf_autoets
05,2025-11-29,2025-12-13,2,2,98.01398606010838,98.01398606010838,0.0,56.47073738228927,98.01398606010838,139.5572347379275,199.32399595009213,2025-11-29,2025-12-13,sf_autoets
05,2025-11-29,2025-12-20,3,3,106.02195497845133,106.02195497845133,0.0,51.740342434366454,106.02195497845133,160.3035675225362,238.39654961677803,2025-11-29,2025-12-20,sf_autoets
05,2025-11-29,2025-12-27,4,4,112.4283301131257,112.4283301131257,0.0,46.32978890078046,112.4283301131257,178.52687132547095,273.62043898908803,2025-11-29,2025-12-27,sf_autoets
06,2025-11-29,2025-12-06,1,1,221.8478041447897,221.8478041447897,96.70381775171342,170.5311795298396,221.8478041447897,273.1644287597398,346.991790537866,2025-11-29,2025-12-06,sf_autoets
06,2025-11-29,2025-12-13,2,2,226.7020893316577,226.7020893316577,42.699921533797124,151.25004049279892,226.7020893316577,302.1541381705165,410.7042571295183,2025-11-29,2025-12-13,sf_autoets
06,2025-11-29,2025-12-20,3,3,231.55637451852573,231.55637451852573,0.0,135.47260126479063,231.55637451852573,327.64014777226083,465.8723784038983,2025-11-29,2025-12-20,sf_autoets
06,2025-11-29,2025-12-27,4,4,236.41065970539373,236.41065970539373,0.0,121.04323166067172,236.41065970539373,351.77808775011573,517.7530113071163,2025-11-29,2025-12-27,sf_autoets
08,2025-11-29,2025-12-06,1,1,148.99479949998099,148.99479949998099,69.48728071133768,116.39189453155947,148.99479949998099,181.5977044684025,228.50231828862428,2025-11-29,2025-12-06,sf_autoets
08,2025-11-29,2025-12-13,2,2,148.99479949998099,148.99479949998099,36.55981000845922,102.88963443675985,148.99479949998099,195.09996456320212,261.42978899150273,2025-11-29,2025-12-13,sf_autoets
08,2025-11-29,2025-12-20,3,3,148.99479949998099,148.99479949998099,11.292917958766196,92.52867621677862,148.99479949998099,205.46092278318335,286.6966810411958,2025-11-29,2025-12-20,sf_autoets
08,2025-11-29,2025-12-27,4,4,148.99479949998099,148.99479949998099,0.0,83.79387993774819,148.99479949998099,214.19571906221378,307.9979110985371,2025-11-29,2025-12-27,sf_autoets
09,2025-11-29,2025-12-06,1,1,83.03040051450036,83.03040051450036,26.125559205638062,59.695964203290174,83.03040051450036,106.36483682571054,139.93524182336265,2025-11-29,2025-12-06,sf_autoets
09,2025-11-29,2025-12-13,2,2,92.0648899332731,92.0648899332731,4.915362490192024,56.32829791582148,92.0648899332731,127.8014819507247,179.21441737635416,2025-11-29,2025-12-13,sf_autoets
09,2025-11-29,2025-12-20,3,3,99.29248398388278,99.29248398388278,0.0,52.59801565258353,99.29248398388278,145.986952315182,213.16458592609908,2025-11-29,2025-12-20,sf_autoets
09,2025-11-29,2025-12-27,4,4,105.07456123684442,105.07456123684442,0.0,48.21485840785678,105.07456123684442,161.93426406583205,243.73625090441044,2025-11-29,2025-12-27,sf_autoets
10,2025-11-29,2025-12-06,1,1,12.999999939997,12.999999939997,0.0,2.4526474808903185,12.999999939997,23.54735239910368,38.72144484268625,2025-11-29,2025-12-06,sf_autoets
10,2025-11-29,2025-12-13,2,2,12.999999939997,12.999999939997,0.0,0.0,12.999999939997,27.915463042996336,49.373797429872994,2025-11-29,2025-12-13,sf_autoets
10,2025-11-29,2025-12-20,3,3,12.999999939997,12.999999939997,0.0,0.0,12.999999939997,31.26733240144975,57.54787934841484,2025-11-29,2025-12-20,sf_autoets
10,2025-11-29,2025-12-27,4,4,12.999999939997,12.999999939997,0.0,0.0,12.999999939997,34.09312277511927,64.43903157687143,2025-11-29,2025-12-27,sf_autoets
11,2025-11-29,2025-12-06,1,1,13.591001393277237,13.591001393277237,0.0,0.7897994783267617,13.591001393277237,26.392203308227714,44.8088270059321,2025-11-29,2025-12-06,sf_autoets
11,2025-11-29,2025-12-13,2,2,13.591001393277237,13.591001393277237,0.0,0.0,13.591001393277237,29.831405508737795,53.195884350664095,2025-11-29,2025-12-13,sf_autoets
11,2025-11-29,2025-12-20,3,3,13.591001393277237,13.591001393277237,0.0,0.0,13.591001393277237,32.660104182858205,60.094128945674115,2025-11-29,2025-12-20,sf_autoets
11,2025-11-29,2025-12-27,4,4,13.591001393277237,13.591001393277237,0.0,0.0,13.591001393277237,35.12029856168804,66.09371551588879,2025-11-29,2025-12-27,sf_autoets
12,2025-11-29,2025-12-06,1,1,731.0261309211606,731.0261309211606,342.76242324132596,571.8144619238789,731.0261309211606,890.2377999184424,1119.2898386009954,2025-11-29,2025-12-06,sf_autoets
12,2025-11-29,2025-12-13,2,2,748.8518998555313,748.8518998555313,215.8149730199532,530.2744302645406,748.8518998555313,967.4293694465221,1281.8888266911094,2025-11-29,2025-12-13,sf_autoets
12,2025-11-29,2025-12-20,3,3,766.6776687899019,766.6776687899019,107.9918748340425,496.5765428639396,766.6776687899019,1036.778794715864,1425.3634627457614,2025-11-29,2025-12-20,sf_autoets
12,2025-11-29,2025-12-27,4,4,784.5034377242725,784.5034377242725,9.00729600958698,466.5029844726378,784.5034377242725,1102.5038909759073,1559.999579438958,2025-11-29,2025-12-27,sf_autoets
13,2025-11-29,2025-12-06,1,1,181.90528786508054,181.90528786508054,37.22557433521541,122.5778302492556,181.90528786508054,241.23274548090546,326.58500139494566,2025-11-29,2025-12-06,sf_autoets
13,2025-11-29,2025-12-13,2,2,197.8155898953189,197.8155898953189,0.0,106.96009524353225,197.8155898953189,288.6710845471056,419.38158087296733,2025-11-29,2025-12-13,sf_autoets
13,2025-11-29,2025-12-20,3,3,210.54405032033023,210.54405032033023,0.0,91.83375174081297,210.54405032033023,329.2543488998475,500.03853873656874,2025-11-29,2025-12-20,sf_autoets
13,2025-11-29,2025-12-27,4,4,220.7269937040048,220.7269937040048,0.0,76.17764500979203,220.7269937040048,365.2763423982176,573.2342340349791,2025-11-29,2025-12-27,sf_autoets
15,2025-11-29,2025-12-06,1,1,29.86982355146299,29.86982355146299,16.555240087894006,24.410036779461983,29.86982355146299,35.329610323463996,43.18440701503197,2025-11-29,2025-12-06,sf_autoets
15,2025-11-29,2025-12-13,2,2,29.86982355146299,29.86982355146299,11.779505273987926,22.451695849391324,29.86982355146299,37.28795125353465,47.96014182893805,2025-11-29,2025-12-13,sf_autoets
15,2025-11-29,2025-12-20,3,3,29.86982355146299,29.86982355146299,8.023975022455197,20.91170066702069,29.86982355146299,38.82794643590529,51.71567208047078,2025-11-29,2025-12-20,sf_autoets
15,2025-11-29,2025-12-27,4,4,29.86982355146299,29.86982355146299,4.825411389777983,19.600095579345385,29.86982355146299,40.13955152358059,54.914235713147995,2025-11-29,2025-12-27,sf_autoets
16,2025-11-29,2025-12-06,1,1,28.999799840008997,28.999799840008997,0.0,12.434140963643408,28.999799840008997,45.565458716374586,69.39786975539239,2025-11-29,2025-12-06,sf_autoets
16,2025-11-29,2025-12-13,2,2,28.999799840008997,28.999799840008997,0.0,5.573591727093476,28.999799840008997,52.42600795292452,86.12844170454025,2025-11-29,2025-12-13,sf_autoets
16,2025-11-29,2025-12-20,3,3,28.999799840008997,28.999799840008997,0.0,0.3091498109290072,28.999799840008997,57.69044986908899,98.96664477161599,2025-11-29,2025-12-20,sf_autoets
16,2025-11-29,2025-12-27,4,4,28.999799840008997,28.999799840008997,0.0,0.0,28.999799840008997,62.128632774971656,109.78988003604053,2025-11-29,2025-12-27,sf_autoets
17,2025-11-29,2025-12-06,1,1,134.34763193557455,134.34763193557455,31.356055660675693,92.1148390501036,134.34763193557455,176.5804248210455,237.33920821047343,2025-11-29,2025-12-06,sf_autoets
17,2025-11-29,2025-12-13,2,2,136.6995295449162,136.6995295449162,0.0,73.31420542428194,136.6995295449162,200.08485366555047,291.27501456156836,2025-11-29,2025-12-13,sf_autoets
17,2025-11-29,2025-12-20,3,3,139.05142715425785,139.05142715425785,0.0,56.579215413376275,139.05142715425785,221.5236388951394,340.1734109431331,2025-11-29,2025-12-20,sf_autoets
17,2025-11-29,2025-12-27,4,4,141.40332476359953,141.40332476359953,0.0,40.13056990031893,141.40332476359953,242.67607962688012,388.37350941030184,2025-11-29,2025-12-27,sf_autoets
18,2025-11-29,2025-12-06,1,1,93.57980313014689,93.57980313014689,0.0,35.27690061413135,93.57980313014689,151.88270564616244,235.76097139458255,2025-11-29,2025-12-06,sf_autoets
18,2025-11-29,2025-12-13,2,2,101.16167194899514,101.16167194899514,0.0,11.87098200715127,101.16167194899514,190.452361890839,318.91163058238345,2025-11-29,2025-12-13,sf_autoets
18,2025-11-29,2025-12-20,3,3,107.22721530495335,107.22721530495335,0.0,0.0,107.22721530495335,223.89709604704677,391.7458109379325,2025-11-29,2025-12-20,sf_autoets
18,2025-11-29,2025-12-27,4,4,112.07968863073131,112.07968863073131,0.0,0.0,112.07968863073131,254.14832920205018,458.53731626979464,2025-11-29,2025-12-27,sf_autoets
19,2025-11-29,2025-12-06,1,1,18.998600030000993,18.998600030000993,0.0,0.0,18.998600030000993,39.63422047931975,69.32193723503404,2025-11-29,2025-12-06,sf_autoets
19,2025-11-29,2025-12-13,2,2,18.998600030000993,18.998600030000993,0.0,0.0,18.998600030000993,48.18031521517658,90.1629877008987,2025-11-29,2025-12-13,sf_autoets
19,2025-11-29,2025-12-20,3,3,18.998600030000993,18.998600030000993,0.0,0.0,18.998600030000993,54.73816033744003,106.15536613393678,2025-11-29,2025-12-20,sf_autoets
19,2025-11-29,2025-12-27,4,4,18.998600030000993,18.998600030000993,0.0,0.0,18.998600030000993,60.266745624265795,119.63772603384965,2025-11-29,2025-12-27,sf_autoets
20,2025-11-29,2025-12-06,1,1,13.632389003972108,13.632389003972108,0.0,0.0,13.632389003972108,33.970445484056484,63.230067777719924,2025-11-29,2025-12-06,sf_autoets
20,2025-11-29,2025-12-13,2,2,14.265304127539373,14.265304127539373,0.0,0.0,14.265304127539373,45.412941365464135,90.22391442054263,2025-11-29,2025-12-13,sf_autoets
20,2025-11-29,2025-12-20,3,3,14.771638805742544,14.771638805742544,0.0,0.0,14.771638805742544,55.470042175127034,114.02135516363387,2025-11-29,2025-12-20,sf_autoets
20,2025-11-29,2025-12-27,4,4,15.176708611795075,15.176708611795075,0.0,0.0,15.176708611795075,64.7350270203953,136.03277759772752,2025-11-29,2025-12-27,sf_autoets
21,2025-11-29,2025-12-06,1,1,53.14511843495764,53.14511843495764,0.0,4.449430705354402,53.14511843495764,101.84080616456087,171.8975213523467,2025-11-29,2025-12-06,sf_autoets
21,2025-11-29,2025-12-13,2,2,57.29221408546395,57.29221408546395,0.0,0.0,57.29221408546395,131.8697105602014,239.16164283478338,2025-11-29,2025-12-13,sf_autoets
21,2025-11-29,2025-12-20,3,3,60.61003426412812,60.61003426412812,0.0,0.0,60.61003426412812,158.0555786306362,298.24693984336807,2025-11-29,2025-12-20,sf_autoets
21,2025-11-29,2025-12-27,4,4,63.26440533864317,63.26440533864317,0.0,0.0,63.26440533864317,181.92409343050022,352.6354717990024,2025-11-29,2025-12-27,sf_autoets
22,2025-11-29,2025-12-06,1,1,116.000099899976,116.000099899976,42.07299949433687,85.68550493037066,116.000099899976,146.31469486958133,189.92720030561512,2025-11-29,2025-12-06,sf_autoets
22,2025-11-29,2025-12-13,2,2,116.000099899976,116.000099899976,11.456619184112228,73.13093206808831,116.000099899976,158.86926773186366,220.54358061583974,2025-11-29,2025-12-13,sf_autoets
22,2025-11-29,2025-12-20,3,3,116.000099899976,116.000099899976,0.0,63.497181571316524,116.000099899976,168.50301822863545,244.037057634807,2025-11-29,2025-12-20,sf_autoets
22,2025-11-29,2025-12-27,4,4,116.000099899976,116.000099899976,0.0,55.375457093166645,116.000099899976,176.62474270678536,263.8432117848171,2025-11-29,2025-12-27,sf_autoets
23,2025-11-29,2025-12-06,1,1,12.999499959999,12.999499959999,0.0,1.4010869946743032,12.999499959999,24.597912925323698,41.284127898895335,2025-11-29,2025-12-06,sf_autoets
23,2025-11-29,2025-12-13,2,2,12.999499959999,12.999499959999,0.0,0.0,12.999499959999,29.401312766423565,52.9980044226444,2025-11-29,2025-12-13,sf_autoets
23,2025-11-29,2025-12-20,3,3,12.999499959999,12.999499959999,0.0,0.0,12.999499959999,33.08720125606007,61.98664665027615,2025-11-29,2025-12-20,sf_autoets
23,2025-11-29,2025-12-27,4,4,12.999499959999,12.999499959999,0.0,0.0,12.999499959999,36.19458615045224,69.56451319663847,2025-11-29,2025-12-27,sf_autoets
24,2025-11-29,2025-12-06,1,1,111.11779317950577,111.11779317950577,29.336391897872687,77.5824584741511,111.11779317950577,144.65312788486045,192.89919446113885,2025-11-29,2025-12-06,sf_autoets
24,2025-11-29,2025-12-13,2,2,121.23838057371543,121.23838057371543,0.0,69.87915554474452,121.23838057371543,172.59760560268634,246.48625504736134,2025-11-29,2025-12-13,sf_autoets
24,2025-11-29,2025-12-20,3,3,129.33485253017437,129.33485253017437,0.0,62.227399133127605,129.33485253017437,196.44230592722113,292.98735886332474,2025-11-29,2025-12-20,sf_autoets
24,2025-11-29,2025-12-27,4,4,135.8120317282149,135.8120317282149,0.0,54.095503976989704,135.8120317282149,217.52855947944008,335.09115645087877,2025-11-29,2025-12-27,sf_autoets
25,2025-11-29,2025-12-06,1,1,83.81255727204153,83.81255727204153,0.0,32.62286540874925,83.81255727204153,135.0022491353338,208.64699737937724,2025-11-29,2025-12-06,sf_autoets
25,2025-11-29,2025-12-13,2,2,90.6273001923937,90.6273001923937,0.0,12.229536413443086,90.6273001923937,169.0250639713443,281.81307589796023,2025-11-29,2025-12-13,sf_autoets
25,2025-11-29,2025-12-20,3,3,96.07994329682386,96.07994329682386,0.0,0.0,96.07994329682386,198.51834492674277,345.89274832625534,2025-11-29,2025-12-20,sf_autoets
25,2025-11-29,2025-12-27,4,4,100.44273690059978,100.44273690059978,0.0,0.0,100.44273690059978,225.1837925291338,404.64421323245097,2025-11-29,2025-12-27,sf_autoets
26,2025-11-29,2025-12-06,1,1,79.51887322235706,79.51887322235706,20.24822631677538,55.214313126393336,79.51887322235706,103.82343331832078,138.78952012793874,2025-11-29,2025-12-06,sf_autoets
26,2025-11-29,2025-12-13,2,2,83.03969461222214,83.03969461222214,0.0,46.21320384978043,83.03969461222214,119.86618537466384,172.84711849210694,2025-11-29,2025-12-13,sf_autoets
26,2025-11-29,2025-12-20,3,3,86.5605160020872,86.5605160020872,0.0,38.24092983660498,86.5605160020872,134.88010216756942,204.39573371144792,2025-11-29,2025-12-20,sf_autoets
26,2025-11-29,2025-12-27,4,4,90.08133739195227,90.08133739195227,0.0,30.31004345589689,90.08133739195227,149.85263132800765,235.84341841649263,2025-11-29,2025-12-27,sf_autoets
27,2025-11-29,2025-12-06,1,1,73.99599982999197,73.99599982999197,0.0,39.459480940578864,73.99599982999197,108.53251871940509,158.21895257466244,2025-11-29,2025-12-06,sf_autoets
27,2025-11-29,2025-12-13,2,2,73.99599982999197,73.99599982999197,0.0,25.156428459044342,73.99599982999197,122.8355712009396,193.0992865514055,2025-11-29,2025-12-13,sf_autoets
27,2025-11-29,2025-12-20,3,3,73.99599982999197,73.99599982999197,0.0,14.180982264191776,73.99599982999197,133.81101739579216,219.86470808044393,2025-11-29,2025-12-20,sf_autoets
27,2025-11-29,2025-12-27,4,4,73.99599982999197,73.99599982999197,0.0,4.928142464238363,73.99599982999197,143.06385719574558,242.42927203435104,2025-11-29,2025-12-27,sf_autoets
28,2025-11-29,2025-12-06,1,1,24.000299939996,24.000299939996,0.0,0.5707434360354604,24.000299939996,47.42985644395654,81.1371074040093,2025-11-29,2025-12-06,sf_autoets
28,2025-11-29,2025-12-13,2,2,24.000299939996,24.000299939996,0.0,0.0,24.000299939996,57.1330398298754,104.79990788491217,2025-11-29,2025-12-13,sf_autoets
28,2025-11-29,2025-12-20,3,3,24.000299939996,24.000299939996,0.0,0.0,24.000299939996,64.57877683660378,122.95755596968084,2025-11-29,2025-12-20,sf_autoets
28,2025-11-29,2025-12-27,4,4,24.000299939996,24.000299939996,0.0,0.0,24.000299939996,70.8558985583752,138.26534445404255,2025-11-29,2025-12-27,sf_autoets
29,2025-11-29,2025-12-06,1,1,60.88398113192314,60.88398113192314,0.0,6.837199038042897,60.88398113192314,114.93076322580339,192.68590329060808,2025-11-29,2025-12-06,sf_autoets
29,2025-11-29,2025-12-13,2,2,64.76960527036084,64.76960527036084,0.0,0.0,64.76960527036084,147.54211904146774,266.62392470029425,2025-11-29,2025-12-13,sf_autoets
29,2025-11-29,2025-12-20,3,3,67.87819233777817,67.87819233777817,0.0,0.0,67.87819233777817,176.0313764128018,331.627429506225,2025-11-29,2025-12-20,sf_autoets
29,2025-11-29,2025-12-27,4,4,70.36513219902776,70.36513219902776,0.0,0.0,70.36513219902776,202.0632366458502,391.53251050094366,2025-11-29,2025-12-27,sf_autoets
30,2025-11-29,2025-12-06,1,1,14.436422052929093,14.436422052929093,0.0,5.590128597586858,14.436422052929093,23.282715508271327,36.009556219707235,2025-11-29,2025-12-06,sf_autoets
30,2025-11-29,2025-12-13,2,2,15.873744541974162,15.873744541974162,0.0,2.3256976054768117,15.873744541974162,29.421791478471512,48.91287395072808,2025-11-29,2025-12-13,sf_autoets
30,2025-11-29,2025-12-20,3,3,17.02361303597558,17.02361303597558,0.0,0.0,17.02361303597558,34.725876307156284,60.19347875800706,2025-11-29,2025-12-20,sf_autoets
30,2025-11-29,2025-12-27,4,4,17.943516233465747,17.943516233465747,0.0,0.0,17.943516233465747,39.49950350546388,70.51131854114843,2025-11-29,2025-12-27,sf_autoets
31,2025-11-29,2025-12-06,1,1,14.800553138947672,14.800553138947672,0.0,2.025709273578867,14.800553138947672,27.57539700431648,45.95410033456036,2025-11-29,2025-12-06,sf_autoets
31,2025-11-29,2025-12-13,2,2,16.602199866983383,16.602199866983383,0.0,0.0,16.602199866983383,36.166819497719516,64.31372632114662,2025-11-29,2025-12-13,sf_autoets
31,2025-11-29,2025-12-20,3,3,18.043517249411956,18.043517249411956,0.0,0.0,18.043517249411956,43.60721619371337,80.38478027765771,2025-11-29,2025-12-20,sf_autoets
31,2025-11-29,2025-12-27,4,4,19.19657115535481,19.19657115535481,0.0,0.0,19.19657115535481,50.32540335129562,95.10932227629013,2025-11-29,2025-12-27,sf_autoets
32,2025-11-29,2025-12-06,1,1,12.999900059995,12.999900059995,0.0,0.0,12.999900059995,33.861226732845,63.87365882487081,2025-11-29,2025-12-06,sf_autoets
32,2025-11-29,2025-12-13,2,2,12.999900059995,12.999900059995,0.0,0.0,12.999900059995,42.500796088159376,84.94266244613621,2025-11-29,2025-12-13,sf_autoets
32,2025-11-29,2025-12-20,3,3,12.999900059995,12.999900059995,0.0,0.0,12.999900059995,49.130368952299264,101.10996071501198,2025-11-29,2025-12-20,sf_autoets
32,2025-11-29,2025-12-27,4,4,12.999900059995,12.999900059995,0.0,0.0,12.999900059995,54.71942424581198,114.73978662132731,2025-11-29,2025-12-27,sf_autoets
33,2025-11-29,2025-12-06,1,1,11.813833821972837,11.813833821972837,0.0,3.8745159297259404,11.813833821972837,19.753151714219733,31.17515966389501,2025-11-29,2025-12-06,sf_autoets
33,2025-11-29,2025-12-13,2,2,12.627415583102245,12.627415583102245,0.0,0.4683901385268161,12.627415583102245,24.786441027677675,42.279188789279154,2025-11-29,2025-12-13,sf_autoets
33,2025-11-29,2025-12-20,3,3,13.278281362041193,13.278281362041193,0.0,0.0,13.278281362041193,29.165610291048615,52.02213270129719,2025-11-29,2025-12-20,sf_autoets
33,2025-11-29,2025-12-27,4,4,13.798974281220861,13.798974281220861,0.0,0.0,13.798974281220861,33.14491718093589,60.97722174330839,2025-11-29,2025-12-27,sf_autoets
34,2025-11-29,2025-12-06,1,1,170.11542843925855,170.11542843925855,16.282721041641963,107.03468819314392,170.11542843925855,233.19616868537318,323.94813583687517,2025-11-29,2025-12-06,sf_autoets
34,2025-11-29,2025-12-13,2,2,186.23846338568413,186.23846338568413,0.0,89.63060865380645,186.23846338568413,282.8463181175618,421.8325257143322,2025-11-29,2025-12-13,sf_autoets
34,2025-11-29,2025-12-20,3,3,199.13689134282458,199.13689134282458,0.0,72.90630204843195,199.13689134282458,325.3674806372172,506.9708392608512,2025-11-29,2025-12-20,sf_autoets
34,2025-11-29,2025-12-27,4,4,209.45563370853694,209.45563370853694,0.0,55.74509109365573,209.45563370853694,363.16617632341814,584.3039445201769,2025-11-29,2025-12-27,sf_autoets
35,2025-11-29,2025-12-06,1,1,43.388280891838214,43.388280891838214,0.0,25.471032856420106,43.388280891838214,61.30552892725632,87.08242214080306,2025-11-29,2025-12-06,sf_autoets
35,2025-11-29,2025-12-13,2,2,47.77862598312503,47.77862598312503,0.0,20.338390139407817,47.77862598312503,75.21886182684224,114.69613131040504,2025-11-29,2025-12-13,sf_autoets
35,2025-11-29,2025-12-20,3,3,51.29100121588335,51.29100121588335,0.0,15.43670689497224,51.29100121588335,87.14529553679446,138.72756498633575,2025-11-29,2025-12-20,sf_autoets
35,2025-11-29,2025-12-27,4,4,54.1009807321127,54.1009807321127,0.0,10.441202223724538,54.1009807321127,97.76075924050087,160.57249495533566,2025-11-29,2025-12-27,sf_autoets
36,2025-11-29,2025-12-06,1,1,782.3819462364626,782.3819462364626,547.3521066276454,686.0054570407749,782.3819462364626,878.7584354321502,1017.4117858452797,2025-11-29,2025-12-06,sf_autoets
36,2025-11-29,2025-12-13,2,2,863.7944287426328,863.7944287426328,503.84090428352926,716.1916519261989,863.7944287426328,1011.3972055590667,1223.7479532017364,2025-11-29,2025-12-13,sf_autoets
36,2025-11-29,2025-12-20,3,3,928.9390315871036,928.9390315871036,458.6027375713886,736.0726243513612,928.9390315871036,1121.8054388228459,1399.2753256028186,2025-11-29,2025-12-20,sf_autoets
36,2025-11-29,2025-12-27,4,4,981.0664099586229,981.0664099586229,408.3252899324269,746.2078130332138,981.0664099586229,1215.925006884032,1553.8075299848188,2025-11-29,2025-12-27,sf_autoets
37,2025-11-29,2025-12-06,1,1,173.76973260664744,173.76973260664744,0.0,101.27480242506078,173.76973260664744,246.2646627882341,350.56048266639425,2025-11-29,2025-12-06,sf_autoets
37,2025-11-29,2025-12-13,2,2,184.54353105506468,184.54353105506468,0.0,73.51785049825824,184.54353105506468,295.5692116118711,455.29782093942345,2025-11-29,2025-12-13,sf_autoets
37,2025-11-29,2025-12-20,3,3,193.16256981379846,193.16256981379846,0.0,48.093198345849856,193.16256981379846,338.231941281747,546.9379707732004,2025-11-29,2025-12-20,sf_autoets
37,2025-11-29,2025-12-27,4,4,200.05780082078547,200.05780082078547,0.0,23.407303917518192,200.05780082078547,376.7082977240527,630.8489439769991,2025-11-29,2025-12-27,sf_autoets
38,2025-11-29,2025-12-06,1,1,9.999199990003998,9.999199990003998,0.0,4.384000191750933,9.999199990003998,15.614399788257064,23.692783549322236,2025-11-29,2025-12-06,sf_autoets
38,2025-11-29,2025-12-13,2,2,9.999199990003998,9.999199990003998,0.0,2.0585053245384923,9.999199990003998,17.9398946554695,29.363883318710005,2025-11-29,2025-12-13,sf_autoets
38,2025-11-29,2025-12-20,3,3,9.999199990003998,9.999199990003998,0.0,0.27403702139501895,9.999199990003998,19.72436295861298,33.71560127995728,2025-11-29,2025-12-20,sf_autoets
38,2025-11-29,2025-12-27,4,4,9.999199990003998,9.999199990003998,0.0,0.0,9.999199990003998,21.22875731706968,37.38431309678397,2025-11-29,2025-12-27,sf_autoets
39,2025-11-29,2025-12-06,1,1,124.99649957999398,124.99649957999398,0.0,16.696066709378613,124.99649957999398,233.29693245060935,389.1048270317593,2025-11-29,2025-12-06,sf_autoets
39,2025-11-29,2025-12-13,2,2,124.99649957999398,124.99649957999398,0.0,0.0,124.99649957999398,278.14878275090587,498.48340338592925,2025-11-29,2025-12-13,sf_autoets
39,2025-11-29,2025-12-20,3,3,124.99649957999398,124.99649957999398,0.0,0.0,124.99649957999398,312.56584654522624,582.4150453340102,2025-11-29,2025-12-20,sf_autoets
39,2025-11-29,2025-12-27,4,4,124.99649957999398,124.99649957999398,0.0,0.0,124.99649957999398,341.58112045937264,653.173538729647,2025-11-29,2025-12-27,sf_autoets
40,2025-11-29,2025-12-06,1,1,20.999399950007998,20.999399950007998,0.0,0.0,20.999399950007998,69.20335745246116,138.5526382435101,2025-11-29,2025-12-06,sf_autoets
40,2025-11-29,2025-12-13,2,2,20.999399950007998,20.999399950007998,0.0,0.0,20.999399950007998,89.16668196072817,187.2364717841773,2025-11-29,2025-12-13,sf_autoets
40,2025-11-29,2025-12-20,3,3,20.999399950007998,20.999399950007998,0.0,0.0,20.999399950007998,104.48553744935457,224.5940076160968,2025-11-29,2025-12-20,sf_autoets
40,2025-11-29,2025-12-27,4,4,20.999399950007998,20.999399950007998,0.0,0.0,20.999399950007998,117.40008445167815,256.0882437716971,2025-11-29,2025-12-27,sf_autoets
41,2025-11-29,2025-12-06,1,1,28.999099919996997,28.999099919996997,0.0,0.0,28.999099919996997,61.91900326057737,109.27967111163328,2025-11-29,2025-12-06,sf_autoets
41,2025-11-29,2025-12-13,2,2,28.999099919996997,28.999099919996997,0.0,0.0,28.999099919996997,75.55254596576593,142.52729594256354,2025-11-29,2025-12-13,sf_autoets
41,2025-11-29,2025-12-20,3,3,28.999099919996997,28.999099919996997,0.0,0.0,28.999099919996997,86.01424388648613,168.03985823719404,2025-11-29,2025-12-20,sf_autoets
41,2025-11-29,2025-12-27,4,4,28.999099919996997,28.999099919996997,0.0,0.0,28.999099919996997,94.83396867738608,189.54820036812816,2025-11-29,2025-12-27,sf_autoets
42,2025-11-29,2025-12-06,1,1,363.069830478847,363.069830478847,159.35892407323848,279.5360034425827,363.069830478847,446.6036575151113,566.7807368844556,2025-11-29,2025-12-06,sf_autoets
42,2025-11-29,2025-12-13,2,2,377.15631824923986,377.15631824923986,75.3232826801119,253.38646698334819,377.15631824923986,500.9261695151315,678.9893538183678,2025-11-29,2025-12-13,sf_autoets
42,2025-11-29,2025-12-20,3,3,391.24280601963267,391.24280601963267,4.078644686310213,232.48201771376085,391.24280601963267,550.0035943255045,778.4069673529551,2025-11-29,2025-12-20,sf_autoets
42,2025-11-29,2025-12-27,4,4,405.32929379002553,405.32929379002553,0.0,213.39963393512522,405.32929379002553,597.2589536449259,873.3811760315551,2025-11-29,2025-12-27,sf_autoets
44,2025-11-29,2025-12-06,1,1,20.562603769144907,20.562603769144907,4.4760597685185886,13.966145052869823,20.562603769144907,27.15906248541999,36.649147769771226,2025-11-29,2025-12-06,sf_autoets
44,2025-11-29,2025-12-13,2,2,22.125963327033347,22.125963327033347,0.0,12.023514557100759,22.125963327033347,32.22841209696593,46.762437781217855,2025-11-29,2025-12-13,sf_autoets
44,2025-11-29,2025-12-20,3,3,23.376650973344095,23.376650973344095,0.0,10.176498666316196,23.376650973344095,36.57680328037199,55.567382399899756,2025-11-29,2025-12-20,sf_autoets
44,2025-11-29,2025-12-27,4,4,24.377201090392695,24.377201090392695,0.0,8.303419005037238,24.377201090392695,40.45098317574815,63.57574896193322,2025-11-29,2025-12-27,sf_autoets
45,2025-11-29,2025-12-06,1,1,52.998799789996,52.998799789996,0.0,5.685139777110628,52.998799789996,100.31245980288136,168.38090197007955,2025-11-29,2025-12-06,sf_autoets
45,2025-11-29,2025-12-13,2,2,52.998799789996,52.998799789996,0.0,0.0,52.998799789996,119.90707396838799,216.16557500547935,2025-11-29,2025-12-13,sf_autoets
45,2025-11-29,2025-12-20,3,3,52.998799789996,52.998799789996,0.0,0.0,52.998799789996,134.9429996045457,252.83314009452153,2025-11-29,2025-12-20,sf_autoets
45,2025-11-29,2025-12-27,4,4,52.998799789996,52.998799789996,0.0,0.0,52.998799789996,147.61902285548456,283.74569705119376,2025-11-29,2025-12-27,sf_autoets
46,2025-11-29,2025-12-06,1,1,1.0001999799990005,1.0001999799990005,0.0,0.0,1.0001999799990005,9.224629563061484,21.05681733463571,2025-11-29,2025-12-06,sf_autoets
46,2025-11-29,2025-12-13,2,2,1.0001999799990005,1.0001999799990005,0.0,0.0,1.0001999799990005,12.630718298695108,29.363122076697106,2025-11-29,2025-12-13,sf_autoets
46,2025-11-29,2025-12-20,3,3,1.0001999799990005,1.0001999799990005,0.0,0.0,1.0001999799990005,15.244380221637975,35.73696436611328,2025-11-29,2025-12-20,sf_autoets
46,2025-11-29,2025-12-27,4,4,1.0001999799990005,1.0001999799990005,0.0,0.0,1.0001999799990005,17.447825497108468,41.1104262342782,2025-11-29,2025-12-27,sf_autoets
47,2025-11-29,2025-12-06,1,1,65.08073110231686,65.08073110231686,23.022691926925255,47.834384149413296,65.08073110231686,82.32707805522043,107.13877027770846,2025-11-29,2025-12-06,sf_autoets
47,2025-11-29,2025-12-13,2,2,68.1616542817754,68.1616542817754,5.056438974461884,42.28468856806232,68.1616542817754,94.03861999548847,131.2668695890889,2025-11-29,2025-12-13,sf_autoets
47,2025-11-29,2025-12-20,3,3,71.24257746123392,71.24257746123392,0.0,37.63479491647923,71.24257746123392,104.85036000598862,153.2006546543501,2025-11-29,2025-12-20,sf_autoets
47,2025-11-29,2025-12-27,4,4,74.32350064069246,74.32350064069246,0.0,33.19054239364207,74.32350064069246,115.45645888774285,174.6329501767832,2025-11-29,2025-12-27,sf_autoets
48,2025-11-29,2025-12-06,1,1,637.722335425466,637.722335425466,253.7978417006588,480.29000733038856,637.722335425466,795.1546635205434,1021.6468291502731,2025-11-29,2025-12-06,sf_autoets
48,2025-11-29,2025-12-13,2,2,684.4559962442564,684.4559962442564,96.47674109393961,443.34883969936845,684.4559962442564,925.5631527891444,1272.4352513945732,2025-11-29,2025-12-13,sf_autoets
48,2025-11-29,2025-12-20,3,3,721.8433332710472,721.8433332710472,0.0,406.8053880959164,721.8433332710472,1036.881278446178,1490.114914266917,2025-11-29,2025-12-20,sf_autoets
48,2025-11-29,2025-12-27,4,4,751.753529593455,751.753529593455,0.0,368.1323950624181,751.753529593455,1135.374664124492,1687.2764405423254,2025-11-29,2025-12-27,sf_autoets
49,2025-11-29,2025-12-06,1,1,31.99829995999099,31.99829995999099,0.4399935105166932,19.057480251207686,31.99829995999099,44.939119668774296,63.55660640946529,2025-11-29,2025-12-06,sf_autoets
49,2025-11-29,2025-12-13,2,2,31.99829995999099,31.99829995999099,0.0,13.69813225086412,31.99829995999099,50.29846766911786,76.62625349290505,2025-11-29,2025-12-13,sf_autoets
49,2025-11-29,2025-12-20,3,3,31.99829995999099,31.99829995999099,0.0,9.585636985031833,31.99829995999099,54.41096293495015,86.65524615270232,2025-11-29,2025-12-20,sf_autoets
49,2025-11-29,2025-12-27,4,4,31.99829995999099,31.99829995999099,0.0,6.118601641114854,31.99829995999099,57.877998278867125,95.1101791721484,2025-11-29,2025-12-27,sf_autoets
50,2025-11-29,2025-12-06,1,1,3.000099960012671e-08,3.000099960012671e-08,0.0,0.0,3.000099960012671e-08,5.234962549324159,12.766312763975792,2025-11-29,2025-12-06,sf_autoets
50,2025-11-29,2025-12-13,2,2,3.000099960012671e-08,3.000099960012671e-08,0.0,0.0,3.000099960012671e-08,7.402984864847626,18.053389947822996,2025-11-29,2025-12-13,sf_autoets
50,2025-11-29,2025-12-20,3,3,3.000099960012671e-08,3.000099960012671e-08,0.0,0.0,3.000099960012671e-08,9.066616617858896,22.110428208310594,2025-11-29,2025-12-20,sf_autoets
50,2025-11-29,2025-12-27,4,4,3.000099960012671e-08,3.000099960012671e-08,0.0,0.0,3.000099960012671e-08,10.469139834085707,25.530710574979118,2025-11-29,2025-12-27,sf_autoets
51,2025-11-29,2025-12-06,1,1,101.78474488548268,101.78474488548268,40.99605472360353,76.85769498255382,101.78474488548268,126.71179478841154,162.57343504736184,2025-11-29,2025-12-06,sf_autoets
51,2025-11-29,2025-12-13,2,2,104.57308150573594,104.57308150573594,14.62087152571705,67.68721966071816,104.57308150573594,141.4589433507537,194.52529148575485,2025-11-29,2025-12-13,sf_autoets
51,2025-11-29,2025-12-20,3,3,107.3614181259892,107.3614181259892,0.0,60.09078205123919,107.3614181259892,154.63205420073922,222.63859939264586,2025-11-29,2025-12-20,sf_autoets
51,2025-11-29,2025-12-27,4,4,110.14975474624246,110.14975474624246,0.0,53.033844961389484,110.14975474624246,167.26566453109544,249.43624700047906,2025-11-29,2025-12-27,sf_autoets
53,2025-11-29,2025-12-06,1,1,38.98636174501996,38.98636174501996,11.22616754647548,27.602998421030165,38.98636174501996,50.36972506900976,66.74655594356445,2025-11-29,2025-12-06,sf_autoets
53,2025-11-29,2025-12-13,2,2,41.972317365363736,41.972317365363736,0.0,24.535178345562336,41.972317365363736,59.409456385165136,84.4956342164194,2025-11-29,2025-12-13,sf_autoets
53,2025-11-29,2025-12-20,3,3,44.9582729857075,44.9582729857075,0.0,21.86319504998732,44.9582729857075,68.0533509214277,101.27939972818612,2025-11-29,2025-12-20,sf_autoets
53,2025-11-29,2025-12-27,4,4,47.944228606051276,47.944228606051276,0.0,19.145302544056623,47.944228606051276,76.74315466804593,118.17512236182472,2025-11-29,2025-12-27,sf_autoets
54,2025-11-29,2025-12-06,1,1,11.39025744784099,11.39025744784099,0.0,0.0,11.39025744784099,32.56385337961332,63.02553589922728,2025-11-29,2025-12-06,sf_autoets
54,2025-11-29,2025-12-13,2,2,12.781297632231032,12.781297632231032,0.0,0.0,12.781297632231032,45.20857071562446,91.86050932945778,2025-11-29,2025-12-13,sf_autoets
54,2025-11-29,2025-12-20,3,3,13.894129779743066,13.894129779743066,0.0,0.0,13.894129779743066,56.26454445349506,117.22131930530409,2025-11-29,2025-12-20,sf_autoets
54,2025-11-29,2025-12-27,4,4,14.784395497752694,14.784395497752694,0.0,0.0,14.784395497752694,66.37871020648807,140.6055746247414,2025-11-29,2025-12-27,sf_autoets
55,2025-11-29,2025-12-06,1,1,50.99679987999899,50.99679987999899,0.0,14.288811062808328,50.99679987999899,87.70478869718966,140.51523737515322,2025-11-29,2025-12-06,sf_autoets
55,2025-11-29,2025-12-13,2,2,50.99679987999899,50.99679987999899,0.0,0.0,50.99679987999899,102.9071399308227,177.58865851693054,2025-11-29,2025-12-13,sf_autoets
55,2025-11-29,2025-12-20,3,3,50.99679987999899,50.99679987999899,0.0,0.0,50.99679987999899,114.57266295224765,206.0369453092777,2025-11-29,2025-12-20,sf_autoets
55,2025-11-29,2025-12-27,4,4,50.99679987999899,50.99679987999899,0.0,0.0,50.99679987999899,124.40727138489036,230.02024727254286,2025-11-29,2025-12-27,sf_autoets
56,2025-11-29,2025-12-06,1,1,8.513117340672384,8.513117340672384,0.0,1.1863518476079973,8.513117340672384,15.83988283373677,26.380633921297004,2025-11-29,2025-12-06,sf_autoets
56,2025-11-29,2025-12-13,2,2,8.513117340672384,8.513117340672384,0.0,0.0,8.513117340672384,17.883093205153777,31.363336755659002,2025-11-29,2025-12-13,sf_autoets
56,2025-11-29,2025-12-20,3,3,8.513117340672384,8.513117340672384,0.0,0.0,8.513117340672384,19.554467023187144,35.439255308586894,2025-11-29,2025-12-20,sf_autoets
56,2025-11-29,2025-12-27,4,4,8.513117340672384,8.513117340672384,0.0,0.0,8.513117340672384,21.004168454256607,38.97458947222412,2025-11-29,2025-12-27,sf_autoets
72,2025-11-29,2025-12-06,1,1,172.998099669971,172.998099669971,66.69208818236228,129.40618732120464,172.998099669971,216.59001201873735,279.3041111575797,2025-11-29,2025-12-06,sf_autoets
72,2025-11-29,2025-12-13,2,2,172.998099669971,172.998099669971,22.66621324463145,111.35290835318492,172.998099669971,234.64329098675708,323.3299860953106,2025-11-29,2025-12-13,sf_autoets
72,2025-11-29,2025-12-20,3,3,172.998099669971,172.998099669971,0.0,97.49972615938609,172.998099669971,248.4964731805559,357.1132377602399,2025-11-29,2025-12-20,sf_autoets
72,2025-11-29,2025-12-27,4,4,172.998099669971,172.998099669971,0.0,85.82081367754967,172.998099669971,260.17538566239233,385.594176942804,2025-11-29,2025-12-27,sf_autoets
01,2025-12-27,2026-01-03,1,1,555.0078333257164,555.0078333257164,471.4012981065547,520.7240830085242,555.0078333257164,589.2915836429087,638.6143685448782,2025-12-27,2026-01-03,sf_autoets
01,2025-12-27,2026-01-10,2,2,612.034634716492,612.034634716492,483.99151048898955,559.529187751829,612.034634716492,664.5400816811549,740.0777589439944,2025-12-27,2026-01-10,sf_autoets
01,2025-12-27,2026-01-17,3,3,657.6563788095568,657.6563788095568,490.3514100362216,589.0511942840286,657.6563788095568,726.261563335085,824.9613475828921,2025-12-27,2026-01-17,sf_autoets
01,2025-12-27,2026-01-24,4,4,694.1540164699741,694.1540164699741,490.42715598425804,610.6136472932238,694.1540164699741,777.6943856467243,897.8808769556902,2025-12-27,2026-01-24,sf_autoets
02,2025-12-27,2026-01-03,1,1,85.99589967999998,85.99589967999998,73.06359530511912,80.69287052023242,85.99589967999998,91.29892883976754,98.92820405488084,2025-12-27,2026-01-03,sf_autoets
02,2025-12-27,2026-01-10,2,2,85.99589967999998,85.99589967999998,67.7077738694561,78.49665889200968,85.99589967999998,93.49514046799028,104.28402549054385,2025-12-27,2026-01-10,sf_autoets
02,2025-12-27,2026-01-17,3,3,85.99589967999998,85.99589967999998,63.597984712753586,76.81139607211949,85.99589967999998,95.18040328788047,108.39381464724637,2025-12-27,2026-01-17,sf_autoets
02,2025-12-27,2026-01-24,4,4,85.99589967999998,85.99589967999998,60.133230751644604,75.39063680489491,85.99589967999998,96.60116255510505,111.85856860835536,2025-12-27,2026-01-24,sf_autoets
04,2025-12-27,2026-01-03,1,1,327.5402632817543,327.5402632817543,0.0,190.8064429442317,327.5402632817543,464.2740836192769,660.9880588097396,2025-12-27,2026-01-03,sf_autoets
04,2025-12-27,2026-01-10,2,2,339.0977729418457,339.0977729418457,0.0,124.86240346097179,339.0977729418457,553.3331424227196,861.5457781331204,2025-12-27,2026-01-10,sf_autoets
04,2025-12-27,2026-01-17,3,3,350.6552826019371,350.6552826019371,0.0,59.25954753650774,350.6552826019371,642.0510176673664,1061.2714655183163,2025-12-27,2026-01-17,sf_autoets
04,2025-12-27,2026-01-24,4,4,362.2127922620284,362.2127922620284,0.0,0.0,362.2127922620284,736.7987268451518,1275.7018896500003,2025-12-27,2026-01-24,sf_autoets
05,2025-12-27,2026-01-03,1,1,330.041906055235,330.041906055235,262.1378516572251,302.1971252566539,330.041906055235,357.8866868538161,397.94596045324494,2025-12-27,2026-01-03,sf_autoets
05,2025-12-27,2026-01-10,2,2,363.09764868404517,363.09764868404517,259.1032183991573,320.453624829692,363.09764868404517,405.74167253839835,467.09207896893304,2025-12-27,2026-01-10,sf_autoets
05,2025-12-27,2026-01-17,3,3,389.54224278709324,389.54224278709324,253.6604459990812,333.82246464391324,389.54224278709324,445.26202093027325,525.4240395751053,2025-12-27,2026-01-17,sf_autoets
05,2025-12-27,2026-01-24,4,4,410.69791806953174,410.69791806953174,245.23541938771163,342.8482580304425,410.69791806953174,478.547578108621,576.1604167513518,2025-12-27,2026-01-24,sf_autoets
06,2025-12-27,2026-01-03,1,1,1251.9192136800523,1251.9192136800523,531.970609119162,956.6966197132647,1251.9192136800523,1547.1418076468399,1971.8678182409426,2025-12-27,2026-01-03,sf_autoets
06,2025-12-27,2026-01-10,2,2,1256.8907438651254,1256.8907438651254,206.0540524667506,825.9839653745687,1256.8907438651254,1687.797522355682,2307.7274352635004,2025-12-27,2026-01-10,sf_autoets
06,2025-12-27,2026-01-17,3,3,1261.8622740501983,1261.8622740501983,0.0,716.8967812362778,1261.8622740501983,1806.8277668641188,2590.8498044875155,2025-12-27,2026-01-17,sf_autoets
06,2025-12-27,2026-01-24,4,4,1266.8338042352711,1266.8338042352711,0.0,616.7204353545152,1266.8338042352711,1916.947173116027,2852.241636485179,2025-12-27,2026-01-24,sf_autoets
08,2025-12-27,2026-01-03,1,1,902.5646910690486,902.5646910690486,814.7690301682796,866.5631451448613,902.5646910690486,938.566236993236,990.3603519698177,2025-12-27,2026-01-03,sf_autoets
08,2025-12-27,2026-01-10,2,2,987.15405631316,987.15405631316,852.4801959054138,931.9296053492673,987.15405631316,1042.378507277053,1121.8279167209064,2025-12-27,2026-01-10,sf_autoets
08,2025-12-27,2026-01-17,3,3,1056.1929441172344,1056.1929441172344,879.8620243114912,983.8865722292695,1056.1929441172344,1128.4993160051995,1232.5238639229779,2025-12-27,2026-01-17,sf_autoets
08,2025-12-27,2026-01-24,4,4,1112.5400749352586,1112.5400749352586,897.3351646127778,1024.2930091623584,1112.5400749352586,1200.7871407081589,1327.7449852577395,2025-12-27,2026-01-24,sf_autoets
09,2025-12-27,2026-01-03,1,1,720.4450151928617,720.4450151928617,655.3589772046645,693.7557920397506,720.4450151928617,747.1342383459727,785.5310531810588,2025-12-27,2026-01-03,sf_autoets
09,2025-12-27,2026-01-10,2,2,788.9051436416372,788.9051436416372,689.0900650445263,747.9749074639997,788.9051436416372,829.8353798192747,888.7202222387481,2025-12-27,2026-01-10,sf_autoets
09,2025-12-27,2026-01-17,3,3,844.6174336332533,844.6174336332533,713.9674179526153,791.0430030604425,844.6174336332533,898.1918642060641,975.2674493138913,2025-12-27,2026-01-17,sf_autoets
09,2025-12-27,2026-01-24,4,4,889.9556374380029,889.9556374380029,730.5561201288892,824.5921674917668,889.9556374380029,955.319107384239,1049.3551547471166,2025-12-27,2026-01-24,sf_autoets
10,2025-12-27,2026-01-03,1,1,210.98879939997798,210.98879939997798,181.43311988614823,198.86917819750937,210.98879939997798,223.10842060244659,240.54447891380772,2025-12-27,2026-01-03,sf_autoets
10,2025-12-27,2026-01-10,2,2,210.98879939997798,210.98879939997798,169.1928464362578,193.84992368983038,210.98879939997798,228.12767511012558,252.78475236369815,2025-12-27,2026-01-10,sf_autoets
10,2025-12-27,2026-01-17,3,3,210.98879939997798,210.98879939997798,159.8002735688232,189.9983991388003,210.98879939997798,231.97919966115566,262.1773252311327,2025-12-27,2026-01-17,sf_autoets
10,2025-12-27,2026-01-24,4,4,210.98879939997798,210.98879939997798,151.8818736688245,186.75137491549512,210.98879939997798,235.22622388446084,270.0957251311314,2025-12-27,2026-01-24,sf_autoets
11,2025-12-27,2026-01-03,1,1,87.28578950804072,87.28578950804072,55.63467422645209,74.30691254907838,87.28578950804072,100.26466646700307,118.93690478962935,2025-12-27,2026-01-03,sf_autoets
11,2025-12-27,2026-01-10,2,2,87.28578950804072,87.28578950804072,46.71097689591421,70.64765540626787,87.28578950804072,103.92392360981357,127.86060212016724,2025-12-27,2026-01-10,sf_autoets
11,2025-12-27,2026-01-17,3,3,87.28578950804072,87.28578950804072,39.4230927761395,67.65918089469977,87.28578950804072,106.91239812138167,135.14848623994195,2025-12-27,2026-01-17,sf_autoets
11,2025-12-27,2026-01-24,4,4,87.28578950804072,87.28578950804072,33.106826262231785,65.06912853178324,87.28578950804072,109.50245048429821,141.46475275384967,2025-12-27,2026-01-24,sf_autoets
12,2025-12-27,2026-01-03,1,1,2120.958766642609,2120.958766642609,988.6300749337138,1656.6353253975108,2120.958766642609,2585.2822078877075,3253.2874583515045,2025-12-27,2026-01-03,sf_autoets
12,2025-12-27,2026-01-10,2,2,2139.5010185909987,2139.5010185909987,587.5954835721388,1503.12562354579,2139.5010185909987,2775.8764136362074,3691.4065536098587,2025-12-27,2026-01-10,sf_autoets
12,2025-12-27,2026-01-17,3,3,2158.043270539388,2158.043270539388,248.84563075010533,1375.1564421696962,2158.043270539388,2940.9300989090793,4067.24091032867,2025-12-27,2026-01-17,sf_autoets
12,2025-12-27,2026-01-24,4,4,2176.5855224877773,2176.5855224877773,0.0,1259.5449929471624,2176.5855224877773,3093.626052028392,4412.9389150157895,2025-12-27,2026-01-24,sf_autoets
13,2025-12-27,2026-01-03,1,1,1564.365032753629,1564.365032753629,1397.3389482103878,1495.8742076772382,1564.365032753629,1632.8558578300199,1731.3911172968703,2025-12-27,2026-01-03,sf_autoets
13,2025-12-27,2026-01-10,2,2,1728.7950083050157,1728.7950083050157,1472.9945036488743,1623.9012866640671,1728.7950083050157,1833.6887299459643,1984.595512961157,2025-12-27,2026-01-10,sf_autoets
13,2025-12-27,2026-01-17,3,3,1860.3471650185902,1860.3471650185902,1526.1092074763749,1723.2893303305748,1860.3471650185902,1997.4049997066056,2194.5851225608058,2025-12-27,2026-01-17,sf_autoets
13,2025-12-27,2026-01-24,4,4,1965.595431813987,1965.595431813987,1558.5926317911287,1798.6995983985175,1965.595431813987,2132.4912652294565,2372.5982318368456,2025-12-27,2026-01-24,sf_autoets
15,2025-12-27,2026-01-03,1,1,87.999499879969,87.999499879969,74.1504949709541,82.32056790177337,87.999499879969,93.67843185816461,101.84850478898389,2025-12-27,2026-01-03,sf_autoets
15,2025-12-27,2026-01-10,2,2,87.999499879969,87.999499879969,68.41502856031391,79.96867880770212,87.999499879969,96.03032095223587,107.58397119962407,2025-12-27,2026-01-10,sf_autoets
15,2025-12-27,2026-01-17,3,3,87.999499879969,87.999499879969,64.01391886197266,78.16395689665798,87.999499879969,97.83504286328001,111.98508089796533,2025-12-27,2026-01-17,sf_autoets
15,2025-12-27,2026-01-24,4,4,87.999499879969,87.999499879969,60.30356738670673,76.64248775272569,87.999499879969,99.3565120072123,115.69543237323126,2025-12-27,2026-01-24,sf_autoets
16,2025-12-27,2026-01-03,1,1,151.99499933001,151.99499933001,110.77932317877412,135.09407230774806,151.99499933001,168.8959263522719,193.21067548124586,2025-12-27,2026-01-03,sf_autoets
16,2025-12-27,2026-01-10,2,2,151.99499933001,151.99499933001,93.71014545010132,128.09467416458142,151.99499933001,175.89532449543856,210.27985320991866,2025-12-27,2026-01-10,sf_autoets
16,2025-12-27,2026-01-17,3,3,151.99499933001,151.99499933001,80.61211326478386,122.7236865508637,151.99499933001,181.26631210915627,223.37788539523612,2025-12-27,2026-01-17,sf_autoets
16,2025-12-27,2026-01-24,4,4,151.99499933001,151.99499933001,69.56982930167577,118.19568039284786,151.99499933001,185.79431826717212,234.4201693583442,2025-12-27,2026-01-24,sf_autoets
17,2025-12-27,2026-01-03,1,1,1493.3313996299294,1493.3313996299294,302.6593293709939,1005.0836345550285,1493.3313996299294,1981.5791647048302,2684.003469888865,2025-12-27,2026-01-03,sf_autoets
17,2025-12-27,2026-01-10,2,2,1495.750569611977,1495.750569611977,0.0,765.299184866427,1495.750569611977,2226.201954357527,3277.075799774715,2025-12-27,2026-01-10,sf_autoets
17,2025-12-27,2026-01-17,3,3,1498.1697395940246,1498.1697395940246,0.0,550.053846444795,1498.1697395940246,2446.285632743254,3810.305491343369,2025-12-27,2026-01-17,sf_autoets
17,2025-12-27,2026-01-24,4,4,1500.5889095760722,1500.5889095760722,0.0,338.2688900339149,1500.5889095760722,2662.9089291182295,4335.096475134227,2025-12-27,2026-01-24,sf_autoets
18,2025-12-27,2026-01-03,1,1,779.4886022177029,779.4886022177029,632.6514923608697,719.276481258096,779.4886022177029,839.7007231773098,926.3257120745361,2025-12-27,2026-01-03,sf_autoets
18,2025-12-27,2026-01-10,2,2,860.0081278051905,860.0081278051905,635.1276614370008,767.7934972147607,860.0081278051905,952.2227583956203,1084.8885941733802,2025-12-27,2026-01-10,sf_autoets
18,2025-12-27,2026-01-17,3,3,924.4240707604819,924.4240707604819,630.588626497173,803.9337169973741,924.4240707604819,1044.9144245235898,1218.2595150237908,2025-12-27,2026-01-17,sf_autoets
18,2025-12-27,2026-01-24,4,4,975.9570831142478,975.9570831142478,618.1544658149729,829.2363086894898,975.9570831142478,1122.6778575390058,1333.7597004135228,2025-12-27,2026-01-24,sf_autoets
19,2025-12-27,2026-01-03,1,1,297.8302372803586,297.8302372803586,247.0914643924459,277.0242630041845,297.8302372803586,318.63621155653266,348.56901016827123,2025-12-27,2026-01-03,sf_autoets
19,2025-12-27,2026-01-10,2,2,332.6766568319932,332.6766568319932,254.97033625682616,300.81235237680573,332.6766568319932,364.5409612871807,410.3829774071603,2025-12-27,2026-01-10,sf_autoets
19,2025-12-27,2026-01-17,3,3,360.5542610239405,360.5542610239405,259.0207583678314,318.9193667567969,360.5542610239405,402.18915529108415,462.08776368004965,2025-12-27,2026-01-17,sf_autoets
19,2025-12-27,2026-01-24,4,4,382.8567192243102,382.8567192243102,259.2194766006416,332.1579509413675,382.8567192243102,433.5554875072529,506.4939618479788,2025-12-27,2026-01-24,sf_autoets
20,2025-12-27,2026-01-03,1,1,304.15303937827184,304.15303937827184,251.17923578361666,282.43056695395234,304.15303937827184,325.87551180259135,357.126842972927,2025-12-27,2026-01-03,sf_autoets
20,2025-12-27,2026-01-10,2,2,339.32158559289275,339.32158559289275,258.19259064398904,306.0537770535013,339.32158559289275,372.5893941322842,420.45058054179646,2025-12-27,2026-01-10,sf_autoets
20,2025-12-27,2026-01-17,3,3,367.4564225645895,367.4564225645895,261.4510873269474,323.987805714831,367.4564225645895,410.925039414348,473.4617578022316,2025-12-27,2026-01-17,sf_autoets
20,2025-12-27,2026-01-24,4,4,389.9642921419469,389.9642921419469,260.8820945220294,337.0327620648405,389.9642921419469,442.8958222190533,519.0464897618644,2025-12-27,2026-01-24,sf_autoets
21,2025-12-27,2026-01-03,1,1,614.431551985143,614.431551985143,491.2499866028063,563.9196390087394,614.431551985143,664.9434649615465,737.6131173674796,2025-12-27,2026-01-03,sf_autoets
21,2025-12-27,2026-01-10,2,2,681.8920668475004,681.8920668475004,493.24013894883143,604.5333343515198,681.8920668475004,759.2507993434809,870.5439947461693,2025-12-27,2026-01-10,sf_autoets
21,2025-12-27,2026-01-17,3,3,735.8604787373863,735.8604787373863,489.3625228705145,634.781366315308,735.8604787373863,836.9395911594646,982.358434604258,2025-12-27,2026-01-17,sf_autoets
21,2025-12-27,2026-01-24,4,4,779.035208249295,779.035208249295,478.875569966363,655.9515513651107,779.035208249295,902.1188651334793,1079.194846532227,2025-12-27,2026-01-24,sf_autoets
22,2025-12-27,2026-01-03,1,1,755.5778464030792,755.5778464030792,675.0793803713137,722.5685929623564,755.5778464030792,788.587099843802,836.0763124348447,2025-12-27,2026-01-03,sf_autoets
22,2025-12-27,2026-01-10,2,2,823.1770091091228,823.1770091091228,699.8939470719683,772.6234763483006,823.1770091091228,873.7305418699449,946.4600711462772,2025-12-27,2026-01-10,sf_autoets
22,2025-12-27,2026-01-17,3,3,877.2563392739576,877.2563392739576,716.1711179748777,811.201628451046,877.2563392739576,943.3110500968692,1038.3415605730374,2025-12-27,2026-01-17,sf_autoets
22,2025-12-27,2026-01-24,4,4,920.5198034058253,920.5198034058253,724.3668587951692,840.0851991086183,920.5198034058253,1000.9544077030323,1116.6727480164816,2025-12-27,2026-01-24,sf_autoets
23,2025-12-27,2026-01-03,1,1,146.99349948998898,146.99349948998898,117.35112315961902,134.83832733443077,146.99349948998898,159.14867164554718,176.63587582035893,2025-12-27,2026-01-03,sf_autoets
23,2025-12-27,2026-01-10,2,2,146.99349948998898,146.99349948998898,105.07494484274052,129.80434965359592,146.99349948998898,164.18264932638203,188.91205413723742,2025-12-27,2026-01-10,sf_autoets
23,2025-12-27,2026-01-17,3,3,146.99349948998898,146.99349948998898,95.65482037845132,125.94152727680466,146.99349948998898,168.0454717031733,198.33217860152664,2025-12-27,2026-01-17,sf_autoets
23,2025-12-27,2026-01-24,4,4,146.99349948998898,146.99349948998898,87.71319313011503,122.68497843190323,146.99349948998898,171.30202054807472,206.27380584986292,2025-12-27,2026-01-24,sf_autoets
24,2025-12-27,2026-01-03,1,1,727.3358453302221,727.3358453302221,640.4284233826393,691.6985312500314,727.3358453302221,762.9731594104129,814.243267277805,2025-12-27,2026-01-03,sf_autoets
24,2025-12-27,2026-01-10,2,2,794.6926694993034,794.6926694993034,661.5943185977995,740.1142729902781,794.6926694993034,849.2710660083287,927.7910204008073,2025-12-27,2026-01-10,sf_autoets
24,2025-12-27,2026-01-17,3,3,848.5781288345686,848.5781288345686,674.6679668360591,777.2644144706123,848.5781288345686,919.8918431985248,1022.488290833078,2025-12-27,2026-01-17,sf_autoets
24,2025-12-27,2026-01-24,4,4,891.6864963027806,891.6864963027806,679.9166636927416,804.8480207352368,891.6864963027806,978.5249718703244,1103.4563289128196,2025-12-27,2026-01-24,sf_autoets
25,2025-12-27,2026-01-03,1,1,1061.907978789744,1061.907978789744,926.3610951378439,1006.3255353454164,1061.907978789744,1117.4904222340717,1197.454862441644,2025-12-27,2026-01-03,sf_autoets
25,2025-12-27,2026-01-10,2,2,1171.8564093169452,1171.8564093169452,964.2666764345684,1086.7320281678396,1171.8564093169452,1256.9807904660508,1379.4461421993221,2025-12-27,2026-01-10,sf_autoets
25,2025-12-27,2026-01-17,3,3,1259.8167216596587,1259.8167216596587,988.57351415891,1148.5905552264546,1259.8167216596587,1371.0428880928628,1531.0599291604074,2025-12-27,2026-01-17,sf_autoets
25,2025-12-27,2026-01-24,4,4,1330.1862258929511,1330.1862258929511,999.8936505590448,1194.746237204426,1330.1862258929511,1465.6262145814762,1660.4788012268575,2025-12-27,2026-01-24,sf_autoets
26,2025-12-27,2026-01-03,1,1,923.4856248330568,923.4856248330568,209.05829121636384,630.5270868277826,923.4856248330568,1216.444162838331,1637.9129584497498,2025-12-27,2026-01-03,sf_autoets
26,2025-12-27,2026-01-10,2,2,927.0159036591433,927.0159036591433,0.0,489.6465234292169,927.0159036591433,1364.3852838890698,1993.612706916082,2025-12-27,2026-01-10,sf_autoets
26,2025-12-27,2026-01-17,3,3,930.5461824852297,930.5461824852297,0.0,364.18024225889303,930.5461824852297,1496.9121227115663,2311.7222058306506,2025-12-27,2026-01-17,sf_autoets
26,2025-12-27,2026-01-24,4,4,934.076461311316,934.076461311316,0.0,241.5602631289454,934.076461311316,1626.5926594936868,2622.8905314610424,2025-12-27,2026-01-24,sf_autoets
27,2025-12-27,2026-01-03,1,1,1055.3174956247726,1055.3174956247726,962.147801841923,1017.1122702747764,1055.3174956247726,1093.5227209747688,1148.4871894076223,2025-12-27,2026-01-03,sf_autoets
27,2025-12-27,2026-01-10,2,2,1166.6683558528116,1166.6683558528116,1023.639742928256,1108.0179496271994,1166.6683558528116,1225.3187620784238,1309.6969687773671,2025-12-27,2026-01-10,sf_autoets
27,2025-12-27,2026-01-17,3,3,1258.425788285176,1258.425788285176,1070.9663651943017,1181.5560550878185,1258.425788285176,1335.2955214825333,1445.8852113760502,2025-12-27,2026-01-17,sf_autoets
27,2025-12-27,2026-01-24,4,4,1334.0374754273992,1334.0374754273992,1104.99300184706,1240.1153493259294,1334.0374754273992,1427.959601528869,1563.0819490077383,2025-12-27,2026-01-24,sf_autoets
28,2025-12-27,2026-01-03,1,1,246.98999926996794,246.98999926996794,188.46691239140858,222.99198412585952,246.98999926996794,270.98801441407636,305.5130861485273,2025-12-27,2026-01-03,sf_autoets
28,2025-12-27,2026-01-10,2,2,246.98999926996794,246.98999926996794,164.22999419806885,213.05337765663424,246.98999926996794,280.92662088330167,329.750004341867,2025-12-27,2026-01-10,sf_autoets
28,2025-12-27,2026-01-17,3,3,246.98999926996794,246.98999926996794,145.63179693189306,205.42698876547826,246.98999926996794,288.5530097744576,348.3482016080428,2025-12-27,2026-01-17,sf_autoets
28,2025-12-27,2026-01-24,4,4,246.98999926996794,246.98999926996794,129.95260386614206,198.9975686390231,246.98999926996794,294.9824299009128,364.0273946737938,2025-12-27,2026-01-24,sf_autoets
29,2025-12-27,2026-01-03,1,1,915.2670343722876,915.2670343722876,770.4273927089007,855.8739965218078,915.2670343722876,974.6600722227674,1060.1066760356746,2025-12-27,2026-01-03,sf_autoets
29,2025-12-27,2026-01-10,2,2,1021.585961700411,1021.585961700411,799.7650254989578,930.6259240440066,1021.585961700411,1112.5459993568152,1243.406897901864,2025-12-27,2026-01-10,sf_autoets
29,2025-12-27,2026-01-17,3,3,1106.6411035629098,1106.6411035629098,816.8038018414607,987.7902307360512,1106.6411035629098,1225.4919763897685,1396.478405284359,2025-12-27,2026-01-17,sf_autoets
29,2025-12-27,2026-01-24,4,4,1174.6852170529087,1174.6852170529087,821.7516266328449,1029.9610389633174,1174.6852170529087,1319.4093951425,1527.6188074729725,2025-12-27,2026-01-24,sf_autoets
30,2025-12-27,2026-01-03,1,1,137.64661656626242,137.64661656626242,114.34715085791119,128.09242247395633,137.64661656626242,147.2008106585685,160.94608227461367,2025-12-27,2026-01-03,sf_autoets
30,2025-12-27,2026-01-10,2,2,153.301037899958,153.301037899958,117.61798964193632,138.66882387712457,153.301037899958,167.93325192279144,188.98408615797968,2025-12-27,2026-01-10,sf_autoets
30,2025-12-27,2026-01-17,3,3,165.82463951100402,165.82463951100402,119.20011036698054,146.70575470564492,165.82463951100402,184.94352431636312,212.4491686550275,2025-12-27,2026-01-17,sf_autoets
30,2025-12-27,2026-01-24,4,4,175.84357243537863,175.84357243537863,119.06900411624248,152.56255595123267,175.84357243537863,199.1245889195246,232.6181407545148,2025-12-27,2026-01-24,sf_autoets
31,2025-12-27,2026-01-03,1,1,187.94178430416696,187.94178430416696,155.11856082927682,174.4822718956127,187.94178430416696,201.4012967127212,220.7650077790571,2025-12-27,2026-01-03,sf_autoets
31,2025-12-27,2026-01-10,2,2,208.8921712939468,208.8921712939468,158.62351084922548,188.27897163259357,208.8921712939468,229.50537095530004,259.1608317386681,2025-12-27,2026-01-10,sf_autoets
31,2025-12-27,2026-01-17,3,3,225.65261481367955,225.65261481367955,159.97007337522786,198.71878906702415,225.65261481367955,252.58644056033495,291.33515625213124,2025-12-27,2026-01-17,sf_autoets
31,2025-12-27,2026-01-24,4,4,239.06107677264902,239.06107677264902,159.0795911431892,206.26381665260465,239.06107677264902,271.8583368926934,319.04256240210884,2025-12-27,2026-01-24,sf_autoets
32,2025-12-27,2026-01-03,1,1,306.03280431007715,306.03280431007715,253.4911469315703,284.48753804477514,306.03280431007715,327.5780705753792,358.574461688584,2025-12-27,2026-01-03,sf_autoets
32,2025-12-27,2026-01-10,2,2,339.0785719736274,339.0785719736274,258.6113894799262,306.0821466809103,339.0785719736274,372.0749972663445,419.5457544673286,2025-12-27,2026-01-10,sf_autoets
32,2025-12-27,2026-01-17,3,3,365.5151861044676,365.5151861044676,260.37457674754233,322.40115931288574,365.5151861044676,408.62921289604947,470.65579546139287,2025-12-27,2026-01-17,sf_autoets
32,2025-12-27,2026-01-24,4,4,386.66447740913975,386.66447740913975,258.6352372609341,334.1647237590813,386.66447740913975,439.1642310591982,514.6937175573454,2025-12-27,2026-01-24,sf_autoets
33,2025-12-27,2026-01-03,1,1,219.27547609704177,219.27547609704177,196.65713250075387,210.00058338188623,219.27547609704177,228.55036881219732,241.89381969332968,2025-12-27,2026-01-03,sf_autoets
33,2025-12-27,2026-01-10,2,2,242.55994019278143,242.55994019278143,207.92007422953057,228.35549418156918,242.55994019278143,256.7643862039937,277.1998061560323,2025-12-27,2026-01-10,sf_autoets
33,2025-12-27,2026-01-17,3,3,261.18751146937313,261.18751146937313,215.92609053920228,242.6275837065052,261.18751146937313,279.74743923224105,306.448932399544,2025-12-27,2026-01-17,sf_autoets
33,2025-12-27,2026-01-24,4,4,276.0895684906465,276.0895684906465,220.9749147545212,253.48921766215335,276.0895684906465,298.6899193191397,331.20422222677183,2025-12-27,2026-01-24,sf_autoets
34,2025-12-27,2026-01-03,1,1,1610.833382148396,1610.833382148396,1443.9985431324385,1542.420979337555,1610.833382148396,1679.2457849592367,1777.6682211643533,2025-12-27,2026-01-03,sf_autoets
34,2025-12-27,2026-01-10,2,2,1755.6925231076352,1755.6925231076352,1499.8347940644085,1650.7753359972262,1755.6925231076352,1860.6097102180443,2011.550252150862,2025-12-27,2026-01-10,sf_autoets
34,2025-12-27,2026-01-17,3,3,1873.5895752717388,1873.5895752717388,1538.6886329875645,1736.2598766283777,1873.5895752717388,2010.9192739151,2208.490517555913,2025-12-27,2026-01-17,sf_autoets
34,2025-12-27,2026-01-24,4,4,1969.542891140818,1969.542891140818,1560.9423684776032,1801.9918945382303,1969.542891140818,2137.0938877434055,2378.1434138040327,2025-12-27,2026-01-24,sf_autoets
35,2025-12-27,2026-01-03,1,1,433.601026560128,433.601026560128,383.31414027010084,412.9803531967711,433.601026560128,454.2216999234849,483.88791285015515,2025-12-27,2026-01-03,sf_autoets
35,2025-12-27,2026-01-10,2,2,481.2216151577545,481.2216151577545,404.2073724956967,449.6411046226342,481.2216151577545,512.8021256928748,558.2358578198124,2025-12-27,2026-01-10,sf_autoets
35,2025-12-27,2026-01-17,3,3,519.3186352984739,519.3186352984739,418.68944753863,478.0545649870223,519.3186352984739,560.5827056099254,619.9478230583177,2025-12-27,2026-01-17,sf_autoets
35,2025-12-27,2026-01-24,4,4,549.7966908274791,549.7966908274791,427.260663959798,499.54948779508373,549.7966908274791,600.0438938598745,672.3327176951601,2025-12-27,2026-01-24,sf_autoets
36,2025-12-27,2026-01-03,1,1,4274.148700415698,4274.148700415698,3996.5922107629553,4160.333705388968,4274.148700415698,4387.963695442428,4551.705190068441,2025-12-27,2026-01-03,sf_autoets
36,2025-12-27,2026-01-10,2,2,4678.327150454416,4678.327150454416,4249.452027569442,4502.462338072218,4678.327150454416,4854.191962836615,5107.202273339391,2025-12-27,2026-01-10,sf_autoets
36,2025-12-27,2026-01-17,3,3,5038.055678230023,5038.055678230023,4471.021822642695,4805.5374058797615,5038.055678230023,5270.573950580284,5605.0895338173505,2025-12-27,2026-01-17,sf_autoets
36,2025-12-27,2026-01-24,4,4,5358.222707628074,5358.222707628074,4658.439295897776,5071.269065774776,5358.222707628074,5645.176349481372,6058.006119358372,2025-12-27,2026-01-24,sf_autoets
37,2025-12-27,2026-01-03,1,1,2854.117801345021,2854.117801345021,2619.6961620036254,2757.9907111473476,2854.117801345021,2950.244891542694,3088.539440686416,2025-12-27,2026-01-03,sf_autoets
37,2025-12-27,2026-01-10,2,2,3182.348923427156,3182.348923427156,2821.5861200772238,3034.414293181353,3182.348923427156,3330.283553672959,3543.1117267770883,2025-12-27,2026-01-10,sf_autoets
37,2025-12-27,2026-01-17,3,3,3461.0486133349573,3461.0486133349573,2986.6719819549257,3266.5254227265714,3461.0486133349573,3655.571803943343,3935.425244714989,2025-12-27,2026-01-17,sf_autoets
37,2025-12-27,2026-01-24,4,4,3697.69136878722,3697.69136878722,3115.9459062707706,3459.1404453122523,3697.69136878722,3936.242292262188,4279.43683130367,2025-12-27,2026-01-24,sf_autoets
38,2025-12-27,2026-01-03,1,1,114.01247941738598,114.01247941738598,99.06722519490297,107.88401873129911,114.01247941738598,120.14094010347284,128.957733639869,2025-12-27,2026-01-03,sf_autoets
38,2025-12-27,2026-01-10,2,2,126.02908190815668,126.02908190815668,103.14056419740565,116.64340141955566,126.02908190815668,135.4147623967577,148.9175996189077,2025-12-27,2026-01-10,sf_autoets
38,2025-12-27,2026-01-17,3,3,135.64257164555335,135.64257164555335,105.7358198984953,123.3789895343382,135.64257164555335,147.90615375676848,165.5493233926114,2025-12-27,2026-01-17,sf_autoets
38,2025-12-27,2026-01-24,4,4,143.3335296348863,143.3335296348863,106.91619630486056,128.40021419690345,143.3335296348863,158.26684507286916,179.75086296491205,2025-12-27,2026-01-24,sf_autoets
39,2025-12-27,2026-01-03,1,1,1805.0513148274722,1805.0513148274722,1545.5308411275682,1698.6321802561858,1805.0513148274722,1911.4704493987585,2064.571788527376,2025-12-27,2026-01-03,sf_autoets
39,2025-12-27,2026-01-10,2,2,2000.1802763488747,2000.1802763488747,1602.7257627879374,1837.1998195024669,2000.1802763488747,2163.1607331952823,2397.634789909812,2025-12-27,2026-01-10,sf_autoets
39,2025-12-27,2026-01-17,3,3,2156.2834455659968,2156.2834455659968,1636.9578608884644,1943.3284578758264,2156.2834455659968,2369.2384332561674,2675.609030243529,2025-12-27,2026-01-17,sf_autoets
39,2025-12-27,2026-01-24,4,4,2281.1659809396942,2281.1659809396942,1648.7849231080995,2021.8513922512807,2281.1659809396942,2540.480569628108,2913.547038771289,2025-12-27,2026-01-24,sf_autoets
40,2025-12-27,2026-01-03,1,1,230.985599659972,230.985599659972,113.30222909154858,182.72828003205922,230.985599659972,279.2429192878848,348.66897022839544,2025-12-27,2026-01-03,sf_autoets
40,2025-12-27,2026-01-10,2,2,230.985599659972,230.985599659972,64.56450219921786,162.7428559808875,230.985599659972,299.2283433390565,397.4066971207261,2025-12-27,2026-01-10,sf_autoets
40,2025-12-27,2026-01-17,3,3,230.985599659972,230.985599659972,27.16561130814526,147.40704240975427,230.985599659972,314.5641569101897,434.8055880117987,2025-12-27,2026-01-17,sf_autoets
40,2025-12-27,2026-01-24,4,4,230.985599659972,230.985599659972,0.0,134.47819891160134,230.985599659972,327.49300040834265,466.3346885119065,2025-12-27,2026-01-24,sf_autoets
41,2025-12-27,2026-01-03,1,1,136.99199983000096,136.99199983000096,56.9387486663628,104.16531148824282,136.99199983000096,169.8186881717591,217.04525099363912,2025-12-27,2026-01-03,sf_autoets
41,2025-12-27,2026-01-10,2,2,136.99199983000096,136.99199983000096,23.785266800476947,90.57037310865203,136.99199983000096,183.4136265513499,250.19873285952497,2025-12-27,2026-01-10,sf_autoets
41,2025-12-27,2026-01-17,3,3,136.99199983000096,136.99199983000096,0.0,80.13829821413788,136.99199983000096,193.84570144586405,275.6390545573456,2025-12-27,2026-01-17,sf_autoets
41,2025-12-27,2026-01-24,4,4,136.99199983000096,136.99199983000096,0.0,71.3435470881813,136.99199983000096,202.64045257182062,297.0864943197138,2025-12-27,2026-01-24,sf_autoets
42,2025-12-27,2026-01-03,1,1,2391.113895569912,2391.113895569912,1016.1592586666798,1827.2991011224508,2391.113895569912,2954.9286900173734,3766.0685324731444,2025-12-27,2026-01-03,sf_autoets
42,2025-12-27,2026-01-10,2,2,2405.3395485839005,2405.3395485839005,396.7071836783334,1581.6784520327901,2405.3395485839005,3229.000645135011,4413.971913489468,2025-12-27,2026-01-10,sf_autoets
42,2025-12-27,2026-01-17,3,3,2419.5652015978894,2419.5652015978894,0.0,1377.0214322381867,2419.5652015978894,3462.108970957592,4961.9787813275225,2025-12-27,2026-01-17,sf_autoets
42,2025-12-27,2026-01-24,4,4,2433.790854611878,2433.790854611878,0.0,1189.114582466548,2433.790854611878,3678.4671267572076,5469.137618626464,2025-12-27,2026-01-24,sf_autoets
44,2025-12-27,2026-01-03,1,1,218.03630255389385,218.03630255389385,199.7584615786123,210.5412791721537,218.03630255389385,225.531325935634,236.3141435291754,2025-12-27,2026-01-03,sf_autoets
44,2025-12-27,2026-01-10,2,2,239.07650603355967,239.07650603355967,210.94975714056375,227.54283305268447,239.07650603355967,250.61017901443486,267.2032549265556,2025-12-27,2026-01-10,sf_autoets
44,2025-12-27,2026-01-17,3,3,256.9272352190076,256.9272352190076,219.94595651592354,241.76266797383306,256.9272352190076,272.0918024641822,293.90851392209174,2025-12-27,2026-01-17,sf_autoets
44,2025-12-27,2026-01-24,4,4,272.0719809796729,272.0719809796729,226.7251315571031,253.4770223535393,272.0719809796729,290.66693960580653,317.4188304022427,2025-12-27,2026-01-24,sf_autoets
45,2025-12-27,2026-01-03,1,1,962.4083629205331,962.4083629205331,835.3442118280426,910.3043543175964,962.4083629205331,1014.5123715234698,1089.4725140130236,2025-12-27,2026-01-03,sf_autoets
45,2025-12-27,2026-01-10,2,2,1068.858224373039,1068.858224373039,874.2600115865698,989.0611544208555,1068.858224373039,1148.6552943252227,1263.4564371595084,2025-12-27,2026-01-10,sf_autoets
45,2025-12-27,2026-01-17,3,3,1154.018113535044,1154.018113535044,899.7504497284242,1049.7529496117813,1154.018113535044,1258.2832774583067,1408.2857773416638,2025-12-27,2026-01-17,sf_autoets
45,2025-12-27,2026-01-24,4,4,1222.1460248646476,1222.1460248646476,912.5251262327398,1095.18267739599,1222.1460248646476,1349.1093723333054,1531.7669234965556,2025-12-27,2026-01-24,sf_autoets
46,2025-12-27,2026-01-03,1,1,59.99659983999499,59.99659983999499,39.65255806508603,51.65430881184515,59.99659983999499,68.33889086814483,80.34064161490394,2025-12-27,2026-01-03,sf_autoets
46,2025-12-27,2026-01-10,2,2,59.99659983999499,59.99659983999499,31.227218553458187,48.199408601029795,59.99659983999499,71.7937910789602,88.7659811265318,2025-12-27,2026-01-10,sf_autoets
46,2025-12-27,2026-01-17,3,3,59.99659983999499,59.99659983999499,24.76203494299326,45.5482911964518,59.99659983999499,74.44490848353819,95.23116473699673,2025-12-27,2026-01-17,sf_autoets
46,2025-12-27,2026-01-24,4,4,59.99659983999499,59.99659983999499,19.311567858295376,43.31326911170656,59.99659983999499,76.67993056828342,100.68163182169461,2025-12-27,2026-01-24,sf_autoets
47,2025-12-27,2026-01-03,1,1,863.9769665815826,863.9769665815826,273.8686020229561,621.996746045212,863.9769665815826,1105.9571871179533,1454.085331140209,2025-12-27,2026-01-03,sf_autoets
47,2025-12-27,2026-01-10,2,2,867.0051372369716,867.0051372369716,0.0,509.7707860273376,867.0051372369716,1224.2394884466055,1738.1795592174408,2025-12-27,2026-01-10,sf_autoets
47,2025-12-27,2026-01-17,3,3,870.0333078923604,870.0333078923604,0.0,412.85411746343897,870.0333078923604,1327.2124983212818,1984.9395749262724,2025-12-27,2026-01-17,sf_autoets
47,2025-12-27,2026-01-24,4,4,873.0614785477494,873.0614785477494,0.0,320.90713743283527,873.0614785477494,1425.2158196626635,2219.5801919245487,2025-12-27,2026-01-24,sf_autoets
48,2025-12-27,2026-01-03,1,1,3118.886875289701,3118.886875289701,2713.400846858344,2952.6130102215016,3118.886875289701,3285.1607403579005,3524.3729037210583,2025-12-27,2026-01-03,sf_autoets
48,2025-12-27,2026-01-10,2,2,3406.873268215438,3406.873268215438,2785.873121721019,3152.2255434467293,3406.873268215438,3661.520992984147,4027.8734147098576,2025-12-27,2026-01-10,sf_autoets
48,2025-12-27,2026-01-17,3,3,3637.2623825560286,3637.2623825560286,2825.845596082419,3304.532286305562,3637.2623825560286,3969.992478806495,4448.679169029638,2025-12-27,2026-01-17,sf_autoets
48,2025-12-27,2026-01-24,4,4,3821.5736740285,3821.5736740285,2833.5141196525847,3416.4093292563653,3821.5736740285,4226.7380188006355,4809.633228404416,2025-12-27,2026-01-24,sf_autoets
49,2025-12-27,2026-01-03,1,1,259.76918220925165,259.76918220925165,225.99747099050614,245.9207322983357,259.76918220925165,273.61763212016757,293.54089342799716,2025-12-27,2026-01-03,sf_autoets
49,2025-12-27,2026-01-10,2,2,285.547338007291,285.547338007291,233.82610436740376,264.33849523490613,285.547338007291,306.75618077967584,337.2685716471782,2025-12-27,2026-01-10,sf_autoets
49,2025-12-27,2026-01-17,3,3,306.16986264572245,306.16986264572245,238.58940001711144,278.45777409898136,306.16986264572245,333.88195119246353,373.7503252743335,2025-12-27,2026-01-17,sf_autoets
49,2025-12-27,2026-01-24,4,4,322.66788235646766,322.66788235646766,240.3753750994523,288.922963201767,322.66788235646766,356.4128015111683,404.960389613483,2025-12-27,2026-01-24,sf_autoets
50,2025-12-27,2026-01-03,1,1,48.64398049805092,48.64398049805092,35.742486457853346,43.35358544420226,48.64398049805092,53.934375551899585,61.5454745382485,2025-12-27,2026-01-03,sf_autoets
50,2025-12-27,2026-01-10,2,2,54.290828908753625,54.290828908753625,34.53228699751007,46.188628336260585,54.290828908753625,62.393029481246664,74.04937081999718,2025-12-27,2026-01-10,sf_autoets
50,2025-12-27,2026-01-17,3,3,58.80831166289466,58.80831166289466,32.99126874106851,48.221758217760794,58.80831166289466,69.39486510802853,84.62535458472081,2025-12-27,2026-01-17,sf_autoets
50,2025-12-27,2026-01-24,4,4,62.42230108667346,62.42230108667346,30.985009878869125,49.5311049667533,62.42230108667346,75.31349720659361,93.85959229447779,2025-12-27,2026-01-24,sf_autoets
51,2025-12-27,2026-01-03,1,1,848.0786295296654,848.0786295296654,317.60005370980343,630.5502390234212,848.0786295296654,1065.6070200359095,1378.5572053495273,2025-12-27,2026-01-03,sf_autoets
51,2025-12-27,2026-01-10,2,2,853.2055384432716,853.2055384432716,72.56154810852979,533.0941550317149,853.2055384432716,1173.3169218548283,1633.8495287780133,2025-12-27,2026-01-10,sf_autoets
51,2025-12-27,2026-01-17,3,3,858.332447356878,858.332447356878,0.0,450.0765665627673,858.332447356878,1266.5883281509887,1853.9312182103151,2025-12-27,2026-01-17,sf_autoets
51,2025-12-27,2026-01-24,4,4,863.4593562704844,863.4593562704844,0.0,372.22112517361813,863.4593562704844,1354.6975873673505,2061.4241672731823,2025-12-27,2026-01-24,sf_autoets
53,2025-12-27,2026-01-03,1,1,167.00388021992984,167.00388021992984,47.387529701125146,117.9539215738674,167.00388021992984,216.05383886599228,286.62023073873456,2025-12-27,2026-01-03,sf_autoets
53,2025-12-27,2026-01-10,2,2,170.01235862978373,170.01235862978373,0.0,96.83112348867685,170.01235862978373,243.19359377089063,348.4767756378177,2025-12-27,2026-01-10,sf_autoets
53,2025-12-27,2026-01-17,3,3,173.02083703963766,173.02083703963766,0.0,78.39508732355016,173.02083703963766,267.64658675572514,403.7812119426823,2025-12-27,2026-01-17,sf_autoets
53,2025-12-27,2026-01-24,4,4,176.02931544949155,176.02931544949155,0.0,60.589848876104014,176.02931544949155,291.46878202287905,457.54734479149295,2025-12-27,2026-01-24,sf_autoets
54,2025-12-27,2026-01-03,1,1,217.37903069868656,217.37903069868656,164.2177207585696,195.57966930015172,217.37903069868656,239.1783920972214,270.5403406388035,2025-12-27,2026-01-03,sf_autoets
54,2025-12-27,2026-01-10,2,2,242.76997040956948,242.76997040956948,161.3536511650963,209.38434148229152,242.76997040956948,276.15559933684744,324.18628965404264,2025-12-27,2026-01-10,sf_autoets
54,2025-12-27,2026-01-17,3,3,263.0827221782758,263.0827221782758,156.70180342698592,219.46009330814832,263.0827221782758,306.70535104840326,369.46364092956566,2025-12-27,2026-01-17,sf_autoets
54,2025-12-27,2026-01-24,4,4,279.3329235932409,279.3329235932409,149.7932314471076,226.21379301257156,279.3329235932409,332.4520541739102,408.87261573937417,2025-12-27,2026-01-24,sf_autoets
55,2025-12-27,2026-01-03,1,1,851.4948469953107,851.4948469953107,757.7864828724053,813.0687341346271,851.4948469953107,889.9209598559943,945.2032111182161,2025-12-27,2026-01-03,sf_autoets
55,2025-12-27,2026-01-10,2,2,946.0294066390247,946.0294066390247,802.4350184058206,887.1469982216402,946.0294066390247,1004.9118150564093,1089.6237948722287,2025-12-27,2026-01-10,sf_autoets
55,2025-12-27,2026-01-17,3,3,1022.1938735577228,1022.1938735577228,834.4345518243866,945.2011637275976,1022.1938735577228,1099.186583387848,1209.9531952910588,2025-12-27,2026-01-17,sf_autoets
55,2025-12-27,2026-01-24,4,4,1083.557950810239,1083.557950810239,854.7436459508839,989.7302078444937,1083.557950810239,1177.3856937759842,1312.3722556695939,2025-12-27,2026-01-24,sf_autoets
56,2025-12-27,2026-01-03,1,1,51.54245887858686,51.54245887858686,33.427706850712795,44.11431185690344,51.54245887858686,58.97060590027027,69.65721090646092,2025-12-27,2026-01-03,sf_autoets
56,2025-12-27,2026-01-10,2,2,51.54245887858686,51.54245887858686,28.14946665009941,41.949913240483774,51.54245887858686,61.13500451668994,74.9354511070743,2025-12-27,2026-01-10,sf_autoets
56,2025-12-27,2026-01-17,3,3,51.54245887858686,51.54245887858686,23.859974709481282,40.19096137991133,51.54245887858686,62.893956377262384,79.22494304769243,2025-12-27,2026-01-17,sf_autoets
56,2025-12-27,2026-01-24,4,4,51.54245887858686,51.54245887858686,20.151253515563795,38.67016075021121,51.54245887858686,64.4147570069625,82.93366424160992,2025-12-27,2026-01-24,sf_autoets
72,2025-12-27,2026-01-03,1,1,358.98849968004396,358.98849968004396,252.27820121090636,315.23080514816365,358.98849968004396,402.74619421192426,465.6987981491816,2025-12-27,2026-01-03,sf_autoets
72,2025-12-27,2026-01-10,2,2,358.98849968004396,358.98849968004396,208.0848937090273,297.1088686737758,358.98849968004396,420.8681306863121,509.8921056510606,2025-12-27,2026-01-10,sf_autoets
72,2025-12-27,2026-01-17,3,3,358.98849968004396,358.98849968004396,174.17316267918983,283.2030021478745,358.98849968004396,434.77399721221343,543.803836680898,2025-12-27,2026-01-17,sf_autoets
72,2025-12-27,2026-01-24,4,4,358.98849968004396,358.98849968004396,145.58390908644236,271.4796741884113,358.98849968004396,446.4973251716766,572.3930902736456,2025-12-27,2026-01-24,sf_autoets
01,2026-01-24,2026-01-31,1,1,249.99560110018498,249.99560110018498,161.78566582056294,213.82417755422827,249.99560110018498,286.1670246461417,338.20553637980703,2026-01-24,2026-01-31,sf_autoets
01,2026-01-24,2026-02-07,2,2,249.99560110018498,249.99560110018498,125.25415152008857,198.84404099309307,249.99560110018498,301.1471612072769,374.7370506802814,2026-01-24,2026-02-07,sf_autoets
01,2026-01-24,2026-02-14,3,3,249.99560110018498,249.99560110018498,97.22169689972162,187.3490343831024,249.99560110018498,312.64216781726753,402.76950530064835,2026-01-24,2026-02-14,sf_autoets
01,2026-01-24,2026-02-21,4,4,249.99560110018498,249.99560110018498,73.58896186582686,177.65817965397693,249.99560110018498,322.33302254639307,426.4022403345431,2026-01-24,2026-02-21,sf_autoets
02,2026-01-24,2026-01-31,1,1,26.001200080029008,26.001200080029008,12.604080986556536,20.50756869384245,26.001200080029008,31.494831466215565,39.39831917350148,2026-01-24,2026-01-31,sf_autoets
02,2026-01-24,2026-02-07,2,2,26.001200080029008,26.001200080029008,7.055759857004464,18.23242051569418,26.001200080029008,33.769979644363836,44.946640303053556,2026-01-24,2026-02-07,sf_autoets
02,2026-01-24,2026-02-14,3,3,26.001200080029008,26.001200080029008,2.7982560753621044,16.486585740437576,26.001200080029008,35.51581441962044,49.20414408469591,2026-01-24,2026-02-14,sf_autoets
02,2026-01-24,2026-02-21,4,4,26.001200080029008,26.001200080029008,0.0,15.01476134206249,26.001200080029008,36.987638817995524,52.793428724231404,2026-01-24,2026-02-21,sf_autoets
04,2026-01-24,2026-01-31,1,1,209.58691433962977,209.58691433962977,0.0,122.82806281211113,209.58691433962977,296.34576586714843,421.16257069867333,2026-01-24,2026-01-31,sf_autoets
04,2026-01-24,2026-02-07,2,2,221.17796909171622,221.17796909171622,0.0,84.26584031259287,221.17796909171622,358.0900978708396,555.0605989323028,2026-01-24,2026-02-07,sf_autoets
04,2026-01-24,2026-02-14,3,3,232.76902384380267,232.76902384380267,0.0,45.44106593929362,232.76902384380267,420.0969817483117,689.5989028732,2026-01-24,2026-02-14,sf_autoets
04,2026-01-24,2026-02-21,4,4,244.36007859588912,244.36007859588912,0.0,2.3961507957890547,244.36007859588912,486.32400639598916,834.4287106510346,2026-01-24,2026-02-21,sf_autoets
05,2026-01-24,2026-01-31,1,1,166.05855228993192,166.05855228993192,96.69348847880747,137.61466901928944,166.05855228993192,194.5024355605744,235.42361610105638,2026-01-24,2026-01-31,sf_autoets
05,2026-01-24,2026-02-07,2,2,165.12037514790813,165.12037514790813,58.89839853965209,121.56292219653352,165.12037514790813,208.67782809928275,271.3423517561642,2026-01-24,2026-02-07,sf_autoets
05,2026-01-24,2026-02-14,3,3,164.36976711101318,164.36976711101318,25.58675647810054,107.4603153279123,164.36976711101318,221.27921889411405,303.1527777439258,2026-01-24,2026-02-14,sf_autoets
05,2026-01-24,2026-02-21,4,4,163.76922761818787,163.76922761818787,0.0,94.47431162100082,163.76922761818787,233.06414361537492,332.75621945036244,2026-01-24,2026-02-21,sf_autoets
06,2026-01-24,2026-01-31,1,1,1629.0635349010408,1629.0635349010408,700.3767632314418,1248.2456320978795,1629.0635349010408,2009.8814377042022,2557.7503065706396,2026-01-24,2026-01-31,sf_autoets
06,2026-01-24,2026-02-07,2,2,1634.1493644199907,1634.1493644199907,279.8665002017681,1078.811250551253,1634.1493644199907,2189.487478288728,2988.432228638213,2026-01-24,2026-02-07,sf_autoets
06,2026-01-24,2026-02-14,3,3,1639.2351939389407,1639.2351939389407,0.0,937.5384504823718,1639.2351939389407,2340.9319373955095,3350.437526011502,2026-01-24,2026-02-14,sf_autoets
06,2026-01-24,2026-02-21,4,4,1644.3210234578905,1644.3210234578905,0.0,807.9948600574662,1644.3210234578905,2480.647186858315,3683.839226341901,2026-01-24,2026-02-21,sf_autoets
08,2026-01-24,2026-01-31,1,1,183.008702050355,183.008702050355,80.74667995502773,141.07507062719952,183.008702050355,224.94233347351047,285.27072414568227,2026-01-24,2026-01-31,sf_autoets
08,2026-01-24,2026-02-07,2,2,183.008702050355,183.008702050355,38.39559432358976,123.70855685355528,183.008702050355,242.30884724715472,327.62180977712023,2026-01-24,2026-02-07,sf_autoets
08,2026-01-24,2026-02-14,3,3,183.008702050355,183.008702050355,5.8974921008974945,110.38236387755431,183.008702050355,255.63504022315567,360.11991199981253,2026-01-24,2026-02-14,sf_autoets
08,2026-01-24,2026-02-21,4,4,183.008702050355,183.008702050355,0.0,99.14772917012611,183.008702050355,266.86967493058387,387.5174071294509,2026-01-24,2026-02-21,sf_autoets
09,2026-01-24,2026-01-31,1,1,117.01230238030001,117.01230238030001,32.643293084478216,82.41589144633875,117.01230238030001,151.60871331426128,201.3813116761218,2026-01-24,2026-01-31,sf_autoets
09,2026-01-24,2026-02-07,2,2,117.01230238030001,117.01230238030001,0.0,68.08803510257533,117.01230238030001,165.9365696580247,236.32213392972562,2026-01-24,2026-02-07,sf_autoets
09,2026-01-24,2026-02-14,3,3,117.01230238030001,117.01230238030001,0.0,57.093555665995574,117.01230238030001,176.93104909460445,263.13397113324766,2026-01-24,2026-02-14,sf_autoets
09,2026-01-24,2026-02-21,4,4,117.01230238030001,117.01230238030001,0.0,47.824669909144475,117.01230238030001,186.19993485145557,285.737665778753,2026-01-24,2026-02-21,sf_autoets
10,2026-01-24,2026-01-31,1,1,101.00330040003502,101.00330040003502,70.86397146649838,88.64434753616513,101.00330040003502,113.3622532639049,131.14262933357165,2026-01-24,2026-01-31,sf_autoets
10,2026-01-24,2026-02-07,2,2,101.00330040003502,101.00330040003502,58.38198378050864,83.52597553130943,101.00330040003502,118.4806252687606,143.62461701956138,2026-01-24,2026-02-07,sf_autoets
10,2026-01-24,2026-02-14,3,3,101.00330040003502,101.00330040003502,48.80393151304643,79.59839317662967,101.00330040003502,122.40820762344036,153.2026692870236,2026-01-24,2026-02-14,sf_autoets
10,2026-01-24,2026-02-21,4,4,101.00330040003502,101.00330040003502,40.7291633757863,76.28724849205005,101.00330040003502,125.71935230801998,161.27743742428373,2026-01-24,2026-02-21,sf_autoets
11,2026-01-24,2026-01-31,1,1,36.94242475999352,36.94242475999352,5.054751738494467,23.866544780042105,36.94242475999352,50.01830473994494,68.83009778149258,2026-01-24,2026-01-31,sf_autoets
11,2026-01-24,2026-02-07,2,2,36.94242475999352,36.94242475999352,0.0,19.94932047943414,36.94242475999352,53.93552904055291,78.38289023914568,2026-01-24,2026-02-07,sf_autoets
11,2026-01-24,2026-02-14,3,3,36.94242475999352,36.94242475999352,0.0,16.779276470853826,36.94242475999352,57.10557304913321,86.11356128876989,2026-01-24,2026-02-14,sf_autoets
11,2026-01-24,2026-02-21,4,4,36.94242475999352,36.94242475999352,0.0,14.043964008892623,36.94242475999352,59.84088551109442,92.78406832404283,2026-01-24,2026-02-21,sf_autoets
12,2026-01-24,2026-01-31,1,1,1591.485697576578,1591.485697576578,747.620309886182,1245.4497067648515,1591.485697576578,1937.5216883883047,2435.351085266974,2026-01-24,2026-01-31,sf_autoets
12,2026-01-24,2026-02-07,2,2,1610.217021516344,1610.217021516344,448.9957377513233,1134.0458651438082,1610.217021516344,2086.38817788888,2771.4383052813646,2026-01-24,2026-02-07,sf_autoets
12,2026-01-24,2026-02-14,3,3,1628.94834545611,1628.94834545611,196.99436669061038,1041.7603637389248,1628.94834545611,2216.1363271732953,3060.90232422161,2026-01-24,2026-02-14,sf_autoets
12,2026-01-24,2026-02-21,4,4,1647.6796693958759,1647.6796693958759,0.0,958.6028383648796,1647.6796693958759,2336.756500426872,3328.1062799411957,2026-01-24,2026-02-21,sf_autoets
13,2026-01-24,2026-01-31,1,1,342.00070358061004,342.00070358061004,152.16371820907256,264.1560256450194,342.00070358061004,419.8453815162007,531.8376889521476,2026-01-24,2026-01-31,sf_autoets
13,2026-01-24,2026-02-07,2,2,342.00070358061004,342.00070358061004,73.54408739452225,231.91720859787875,342.00070358061004,452.0841985633413,610.4573197666978,2026-01-24,2026-02-07,sf_autoets
13,2026-01-24,2026-02-14,3,3,342.00070358061004,342.00070358061004,13.215319882952997,207.1787548766612,342.00070358061004,476.8226522845589,670.7860872782671,2026-01-24,2026-02-14,sf_autoets
13,2026-01-24,2026-02-21,4,4,342.00070358061004,342.00070358061004,0.0,186.3230242651494,342.00070358061004,497.6783828960707,721.6461991318502,2026-01-24,2026-02-21,sf_autoets
15,2026-01-24,2026-01-31,1,1,45.000500330027,45.000500330027,30.205314215095093,38.933576669919844,45.000500330027,51.06742399013416,59.79568644495891,2026-01-24,2026-01-31,sf_autoets
15,2026-01-24,2026-02-07,2,2,45.000500330027,45.000500330027,24.077993619943538,36.4210035935819,45.000500330027,53.5799970664721,65.92300704011046,2026-01-24,2026-02-07,sf_autoets
15,2026-01-24,2026-02-14,3,3,45.000500330027,45.000500330027,19.37619464398935,34.49298084140476,45.000500330027,55.508019818649245,70.62480601606465,2026-01-24,2026-02-14,sf_autoets
15,2026-01-24,2026-02-21,4,4,45.000500330027,45.000500330027,15.412347350337388,32.86756303698537,45.000500330027,57.13343762306863,74.58865330971662,2026-01-24,2026-02-21,sf_autoets
16,2026-01-24,2026-01-31,1,1,97.00230037007799,97.00230037007799,53.84383189146534,79.30471065996105,97.00230037007799,114.69989008019493,140.16076884869062,2026-01-24,2026-01-31,sf_autoets
16,2026-01-24,2026-02-07,2,2,97.00230037007799,97.00230037007799,35.97006060464703,71.97538035799877,97.00230037007799,122.0292203821572,158.03454013550896,2026-01-24,2026-02-07,sf_autoets
16,2026-01-24,2026-02-14,3,3,97.00230037007799,97.00230037007799,22.254623615875772,66.35121932822261,97.00230037007799,127.65338141193337,171.7499771242802,2026-01-24,2026-02-14,sf_autoets
16,2026-01-24,2026-02-21,4,4,97.00230037007799,97.00230037007799,10.691837102196303,61.60977555511516,97.00230037007799,132.39482518504082,183.31276363795968,2026-01-24,2026-02-21,sf_autoets
17,2026-01-24,2026-01-31,1,1,656.3504488875665,656.3504488875665,136.84410781370968,443.32134011172286,656.3504488875665,869.3795576634101,1175.8567899614231,2026-01-24,2026-01-31,sf_autoets
17,2026-01-24,2026-02-07,2,2,658.6909582821588,658.6909582821588,0.0,339.9506243828108,658.6909582821588,977.4312921815068,1435.9914200277249,2026-01-24,2026-02-07,sf_autoets
17,2026-01-24,2026-02-14,3,3,661.0314676767513,661.0314676767513,0.0,247.3133381101634,661.0314676767513,1074.7495972433392,1669.9508259847917,2026-01-24,2026-02-14,sf_autoets
17,2026-01-24,2026-02-21,4,4,663.3719770713436,663.3719770713436,0.0,156.243650989601,663.3719770713436,1170.5003031530862,1900.0873848931615,2026-01-24,2026-02-21,sf_autoets
18,2026-01-24,2026-01-31,1,1,283.6303267845831,283.6303267845831,128.75355453884197,220.1214566264439,283.6303267845831,347.13919694272226,438.5070990303242,2026-01-24,2026-01-31,sf_autoets
18,2026-01-24,2026-02-07,2,2,251.25733321170844,251.25733321170844,14.06420214181037,153.99376330970279,251.25733321170844,348.5209031137141,488.4504642816065,2026-01-24,2026-02-07,sf_autoets
18,2026-01-24,2026-02-14,3,3,225.35893006762575,225.35893006762575,0.0,98.2715270647088,225.35893006762575,352.44633307054266,535.2823584198298,2026-01-24,2026-02-14,sf_autoets
18,2026-01-24,2026-02-21,4,4,204.64020092373113,204.64020092373113,0.0,49.88628244490792,204.64020092373113,359.39411940255434,582.0329545139006,2026-01-24,2026-02-21,sf_autoets
19,2026-01-24,2026-01-31,1,1,240.00494574880886,240.00494574880886,186.02404788894896,217.8695035937901,240.00494574880886,262.1403879038276,293.9858436086688,2026-01-24,2026-01-31,sf_autoets
19,2026-01-24,2026-02-07,2,2,239.00754680095812,239.00754680095812,156.33602884864948,205.1072102735495,239.00754680095812,272.9078833283667,321.67906475326674,2026-01-24,2026-02-07,sf_autoets
19,2026-01-24,2026-02-14,3,3,238.20962764267756,238.20962764267756,130.18862666798543,193.91446558720287,238.20962764267756,282.50478969815225,346.2306286173697,2026-01-24,2026-02-14,sf_autoets
19,2026-01-24,2026-02-21,4,4,237.5712923160531,237.5712923160531,106.03447441246396,183.63321904578223,237.5712923160531,291.509365586324,369.10811021964224,2026-01-24,2026-02-21,sf_autoets
20,2026-01-24,2026-01-31,1,1,212.59574277567717,212.59574277567717,156.9428386491117,189.77467664130978,212.59574277567717,235.41680891004455,268.2486469022426,2026-01-24,2026-01-31,sf_autoets
20,2026-01-24,2026-02-07,2,2,212.1945473625593,212.1945473625593,126.96235884761619,177.2441805954832,212.1945473625593,247.1449141296354,297.4267358775024,2026-01-24,2026-02-07,sf_autoets
20,2026-01-24,2026-02-14,3,3,211.873591032065,211.873591032065,100.50674369827045,166.20642903813496,211.873591032065,257.54075302599506,323.2404383658596,2026-01-24,2026-02-14,sf_autoets
20,2026-01-24,2026-02-21,4,4,211.61682596766954,211.61682596766954,76.00578194786664,156.00807288106722,211.61682596766954,267.22557905427186,347.22786998747245,2026-01-24,2026-02-21,sf_autoets
21,2026-01-24,2026-01-31,1,1,266.6616354124172,266.6616354124172,140.5506908157018,214.94849928632954,266.6616354124172,318.37477153850483,392.7725800091325,2026-01-24,2026-01-31,sf_autoets
21,2026-01-24,2026-02-07,2,2,250.32007252453366,250.32007252453366,57.18169147580815,171.12162212608138,250.32007252453366,329.51852292298594,443.45845357325913,2026-01-24,2026-02-07,sf_autoets
21,2026-01-24,2026-02-14,3,3,237.24682221422685,237.24682221422685,0.0,133.7638319463989,237.24682221422685,340.7298124820548,489.60702756996056,2026-01-24,2026-02-14,sf_autoets
21,2026-01-24,2026-02-21,4,4,226.7882219659814,226.7882219659814,0.0,100.77732478713337,226.7882219659814,352.79911914482943,534.0864147106179,2026-01-24,2026-02-21,sf_autoets
22,2026-01-24,2026-01-31,1,1,333.996201420224,333.996201420224,246.5657666159765,298.14442034718905,333.996201420224,369.84798249325894,421.4266362244715,2026-01-24,2026-01-31,sf_autoets
22,2026-01-24,2026-02-07,2,2,333.996201420224,333.996201420224,210.35707686664938,283.2966614318776,333.996201420224,384.69574140857037,457.6353259737986,2026-01-24,2026-02-07,sf_autoets
22,2026-01-24,2026-02-14,3,3,333.996201420224,333.996201420224,182.57234164017183,271.90323479798053,333.996201420224,396.08916804246746,485.42006120027617,2026-01-24,2026-02-14,sf_autoets
22,2026-01-24,2026-02-21,4,4,333.996201420224,333.996201420224,159.14844621300534,262.29801697408794,333.996201420224,405.69438586636005,508.84395662744265,2026-01-24,2026-02-21,sf_autoets
23,2026-01-24,2026-01-31,1,1,81.003700540083,81.003700540083,46.88124578850732,67.01142450752002,81.003700540083,94.99597657264599,115.12615529165868,2026-01-24,2026-01-31,sf_autoets
23,2026-01-24,2026-02-07,2,2,81.003700540083,81.003700540083,32.749675010533416,61.216623384954794,81.003700540083,100.7907776952112,129.25772606963258,2026-01-24,2026-02-07,sf_autoets
23,2026-01-24,2026-02-14,3,3,81.003700540083,81.003700540083,21.90581528739805,56.76998320009249,81.003700540083,105.23741788007351,140.10158579276796,2026-01-24,2026-02-14,sf_autoets
23,2026-01-24,2026-02-21,4,4,81.003700540083,81.003700540083,12.763909341159987,53.021247290124435,81.003700540083,108.98615379004157,149.243491739006,2026-01-24,2026-02-21,sf_autoets
24,2026-01-24,2026-01-31,1,1,121.07451448380954,121.07451448380954,20.517086165193888,79.83986989559264,121.07451448380954,162.30915907202643,221.6319428024252,2026-01-24,2026-01-31,sf_autoets
24,2026-01-24,2026-02-07,2,2,73.14088902511173,73.14088902511173,0.0,9.990204501572904,73.14088902511173,136.29157354865055,227.14416698865946,2026-01-24,2026-02-07,sf_autoets
24,2026-01-24,2026-02-14,3,3,34.79398865815347,34.79398865815347,0.0,0.0,34.79398865815347,117.30850283882184,236.01913386866926,2026-01-24,2026-02-14,sf_autoets
24,2026-01-24,2026-02-21,4,4,4.116468364586893,4.116468364586893,0.0,0.0,4.116468364586893,104.59412095990906,249.1476660231718,2026-01-24,2026-02-21,sf_autoets
25,2026-01-24,2026-01-31,1,1,178.34766424212827,178.34766424212827,20.9424590663574,113.8019832289563,178.34766424212827,242.89334525530023,335.75286941789915,2026-01-24,2026-01-31,sf_autoets
25,2026-01-24,2026-02-07,2,2,102.6727707719993,102.6727707719993,0.0,3.8213318708257162,102.6727707719993,201.5242096731729,343.7381802295911,2026-01-24,2026-02-07,sf_autoets
25,2026-01-24,2026-02-14,3,3,42.13285599589611,42.13285599589611,0.0,0.0,42.13285599589611,171.29501053687488,357.11590547860965,2026-01-24,2026-02-14,sf_autoets
25,2026-01-24,2026-02-21,4,4,0.0,0.0,0.0,0.0,0.0,150.9812553012951,377.2547484191698,2026-01-24,2026-02-21,sf_autoets
26,2026-01-24,2026-01-31,1,1,415.4939604054731,415.4939604054731,95.69697135891255,284.3577986697654,415.4939604054731,546.6301221411809,735.2909494520336,2026-01-24,2026-01-31,sf_autoets
26,2026-01-24,2026-02-07,2,2,418.97556746922794,418.97556746922794,0.0,222.89349632128983,418.97556746922794,615.057638617166,897.1537841346119,2026-01-24,2026-02-07,sf_autoets
26,2026-01-24,2026-02-14,3,3,422.4571745329828,422.4571745329828,0.0,168.19569072753652,422.4571745329828,676.718658338429,1042.5154092353919,2026-01-24,2026-02-14,sf_autoets
26,2026-01-24,2026-02-21,4,4,425.9387815967376,425.9387815967376,0.0,114.67369754825967,425.9387815967376,737.2038656452155,1185.0096233577192,2026-01-24,2026-02-21,sf_autoets
27,2026-01-24,2026-01-31,1,1,284.88263231910054,284.88263231910054,173.8716323934945,239.3613893452731,284.88263231910054,330.403875292928,395.89363224470657,2026-01-24,2026-01-31,sf_autoets
27,2026-01-24,2026-02-07,2,2,240.7614046719444,240.7614046719444,70.7485005405089,171.04580240874955,240.7614046719444,310.47700693513923,410.7743088033799,2026-01-24,2026-02-07,sf_autoets
27,2026-01-24,2026-02-14,3,3,205.46435746502874,205.46435746502874,0.0,114.37191438558413,205.46435746502874,296.55680054447333,427.6081859569171,2026-01-24,2026-02-14,sf_autoets
27,2026-01-24,2026-02-21,4,4,177.2266676280476,177.2266676280476,0.0,66.30367639289274,177.2266676280476,288.1496588632025,447.73053279784443,2026-01-24,2026-02-21,sf_autoets
28,2026-01-24,2026-01-31,1,1,115.00270052003602,115.00270052003602,56.484731904445745,91.0067841741762,115.00270052003602,138.99861686589583,173.5206691356263,2026-01-24,2026-01-31,sf_autoets
28,2026-01-24,2026-02-07,2,2,115.00270052003602,115.00270052003602,32.249933403136794,81.06904690724642,115.00270052003602,148.9363541328256,197.75546763693524,2026-01-24,2026-02-07,sf_autoets
28,2026-01-24,2026-02-14,3,3,115.00270052003602,115.00270052003602,13.65336268247384,73.44332499840343,115.00270052003602,156.5620760416686,216.3520383575982,2026-01-24,2026-02-14,sf_autoets
28,2026-01-24,2026-02-21,4,4,115.00270052003602,115.00270052003602,0.0,67.01446717077258,115.00270052003602,162.99093386929945,232.0298601656536,2026-01-24,2026-02-21,sf_autoets
29,2026-01-24,2026-01-31,1,1,438.96886745886434,438.96886745886434,283.72525041862235,375.30956868522446,438.96886745886434,502.6281662325042,594.2124844991063,2026-01-24,2026-01-31,sf_autoets
29,2026-01-24,2026-02-07,2,2,423.9314592184893,423.9314592184893,186.17698831028966,326.43770593657234,423.9314592184893,521.4252125004062,661.685930126689,2026-01-24,2026-02-07,sf_autoets
29,2026-01-24,2026-02-14,3,3,411.90153262618924,411.90153262618924,101.24512127213819,284.51356213586007,411.90153262618924,539.2895031165184,722.5579439802402,2026-01-24,2026-02-14,sf_autoets
29,2026-01-24,2026-02-21,4,4,402.27759135234925,402.27759135234925,23.992741490707544,247.15785929507933,402.27759135234925,557.3973234096192,780.562441213991,2026-01-24,2026-02-21,sf_autoets
30,2026-01-24,2026-01-31,1,1,58.92754068633189,58.92754068633189,34.633841297538396,48.96565048309531,58.92754068633189,68.88943088956847,83.22124007512538,2026-01-24,2026-01-31,sf_autoets
30,2026-01-24,2026-02-07,2,2,53.853623498721504,53.853623498721504,16.648032110667174,38.59707444776657,53.853623498721504,69.11017254967643,91.05921488677583,2026-01-24,2026-02-07,sf_autoets
30,2026-01-24,2026-02-14,3,3,49.79445569279994,49.79445569279994,1.1806408275070055,29.859843088187084,49.79445569279994,69.7290682974128,98.40827055809288,2026-01-24,2026-02-14,sf_autoets
30,2026-01-24,2026-02-21,4,4,46.54709420316752,46.54709420316752,0.0,22.27280953689866,46.54709420316752,70.82137886943637,105.74390951927488,2026-01-24,2026-02-21,sf_autoets
31,2026-01-24,2026-01-31,1,1,146.65781876879015,146.65781876879015,112.94792101250479,132.8347161265736,146.65781876879015,160.4809214110067,180.3677165250755,2026-01-24,2026-01-31,sf_autoets
31,2026-01-24,2026-02-07,2,2,148.31787774661979,148.31787774661979,96.69125816080862,127.14783247490806,148.31787774661979,169.48792301833151,199.94449733243096,2026-01-24,2026-02-07,sf_autoets
31,2026-01-24,2026-02-14,3,3,149.645942155039,149.645942155039,82.18901657013767,121.98451128894885,149.645942155039,177.30737302112914,217.10286773994034,2026-01-24,2026-02-14,sf_autoets
31,2026-01-24,2026-02-21,4,4,150.70840746287752,150.70840746287752,68.56621287894339,117.02512562085727,150.70840746287752,184.39168930489777,232.85060204681164,2026-01-24,2026-02-21,sf_autoets
32,2026-01-24,2026-01-31,1,1,95.00320072005002,95.00320072005002,40.48264105531684,72.6464644936348,95.00320072005002,117.35993694646524,149.5237603847832,2026-01-24,2026-01-31,sf_autoets
32,2026-01-24,2026-02-07,2,2,95.00320072005002,95.00320072005002,17.903340903373703,63.387581958711344,95.00320072005002,126.6188194813887,172.10306053672633,2026-01-24,2026-02-07,sf_autoets
32,2026-01-24,2026-02-14,3,3,95.00320072005002,95.00320072005002,0.5771167106696993,56.28277917499045,95.00320072005002,133.72362226510958,189.42928472943032,2026-01-24,2026-02-14,sf_autoets
32,2026-01-24,2026-02-21,4,4,95.00320072005002,95.00320072005002,0.0,50.293081735731526,95.00320072005002,139.7133197043685,204.03614206780034,2026-01-24,2026-02-21,sf_autoets
33,2026-01-24,2026-01-31,1,1,108.59256025561272,108.59256025561272,80.5180111161327,97.08029233968213,108.59256025561272,120.10482817154332,136.66710939509275,2026-01-24,2026-01-31,sf_autoets
33,2026-01-24,2026-02-07,2,2,99.18208968728709,99.18208968728709,56.18603580146687,81.55109981093395,99.18208968728709,116.81307956364023,142.17814357310732,2026-01-24,2026-02-07,sf_autoets
33,2026-01-24,2026-02-14,3,3,91.65371323262659,91.65371323262659,35.473823305029086,68.61655095725864,91.65371323262659,114.69087550799453,147.83360316022407,2026-01-24,2026-02-14,sf_autoets
33,2026-01-24,2026-02-21,4,4,85.63101206889817,85.63101206889817,17.220944724850995,57.57873527190338,85.63101206889817,113.68328886589296,154.04107941294535,2026-01-24,2026-02-21,sf_autoets
34,2026-01-24,2026-01-31,1,1,302.065385337145,302.065385337145,108.03189384793825,222.49988536813788,302.065385337145,381.63088530615215,496.0988768263518,2026-01-24,2026-01-31,sf_autoets
34,2026-01-24,2026-02-07,2,2,205.1141611321208,205.1141611321208,0.0,83.26208811663582,205.1141611321208,326.9662341476058,502.27038061923565,2026-01-24,2026-02-07,sf_autoets
34,2026-01-24,2026-02-14,3,3,127.54684398893437,127.54684398893437,0.0,0.0,127.54684398893437,286.7606989183323,515.8158824219324,2026-01-24,2026-02-14,sf_autoets
34,2026-01-24,2026-02-21,4,4,65.4879196367458,65.4879196367458,0.0,0.0,65.4879196367458,259.36112894487803,538.2794652554855,2026-01-24,2026-02-21,sf_autoets
35,2026-01-24,2026-01-31,1,1,124.64777187819352,124.64777187819352,68.70378296895424,101.70734332814698,124.64777187819352,147.58820042824007,180.5917607874328,2026-01-24,2026-01-31,sf_autoets
35,2026-01-24,2026-02-07,2,2,111.2965037250477,111.2965037250477,25.619013048780815,76.16353606350191,111.2965037250477,146.4294713865935,196.9739944013146,2026-01-24,2026-02-07,sf_autoets
35,2026-01-24,2026-02-14,3,3,100.61538762262268,100.61538762262268,0.0,54.70981581895841,100.61538762262268,146.52095942628694,212.5636362899855,2026-01-24,2026-02-14,sf_autoets
35,2026-01-24,2026-02-21,4,4,92.07041347598314,92.07041347598314,0.0,36.171502895522686,92.07041347598314,147.9693240564436,228.38905402489706,2026-01-24,2026-02-21,sf_autoets
36,2026-01-24,2026-01-31,1,1,445.53693711558594,445.53693711558594,85.48388177343463,297.8933466003866,445.53693711558594,593.1805276307853,805.5899924577373,2026-01-24,2026-01-31,sf_autoets
36,2026-01-24,2026-02-07,2,2,199.04474829628407,199.04474829628407,0.0,0.0,199.04474829628407,425.16028597237937,750.4644876599799,2026-01-24,2026-02-07,sf_autoets
36,2026-01-24,2026-02-14,3,3,1.8509972408425028,1.8509972408425028,0.0,0.0,1.8509972408425028,297.30011104316674,722.3520074875871,2026-01-24,2026-02-14,sf_autoets
36,2026-01-24,2026-02-21,4,4,0.0,0.0,0.0,0.0,0.0,203.8634113559013,721.4477088323143,2026-01-24,2026-02-21,sf_autoets
37,2026-01-24,2026-01-31,1,1,526.0119077410391,526.0119077410391,234.2086486663291,406.3548731607151,526.0119077410391,645.668942321363,817.8151668157491,2026-01-24,2026-01-31,sf_autoets
37,2026-01-24,2026-02-07,2,2,526.0119077410391,526.0119077410391,113.3604143033748,356.799767422719,526.0119077410391,695.2240480593591,938.6634011787033,2026-01-24,2026-02-07,sf_autoets
37,2026-01-24,2026-02-14,3,3,526.0119077410391,526.0119077410391,20.627531185879832,318.77366093882154,526.0119077410391,733.2501545432566,1031.3962842961982,2026-01-24,2026-02-14,sf_autoets
37,2026-01-24,2026-02-21,4,4,526.0119077410391,526.0119077410391,0.0,286.7157869112044,526.0119077410391,765.3080285708737,1109.5746559487698,2026-01-24,2026-02-21,sf_autoets
38,2026-01-24,2026-01-31,1,1,72.002200090056,72.002200090056,54.13425818846805,64.67526018960021,72.002200090056,79.32913999051178,89.87014199164393,2026-01-24,2026-01-31,sf_autoets
38,2026-01-24,2026-02-07,2,2,72.002200090056,72.002200090056,46.73437774383633,61.64086039207478,72.002200090056,82.3635397880372,97.27002243627565,2026-01-24,2026-02-07,sf_autoets
38,2026-01-24,2026-02-14,3,3,72.002200090056,72.002200090056,41.05608006764102,59.31241394650606,72.002200090056,84.69198623360592,102.94832011247097,2026-01-24,2026-02-14,sf_autoets
38,2026-01-24,2026-02-21,4,4,72.002200090056,72.002200090056,36.26899644466046,57.34941931639046,72.002200090056,86.65498086372153,107.73540373545153,2026-01-24,2026-02-21,sf_autoets
39,2026-01-24,2026-01-31,1,1,658.6328775100894,658.6328775100894,379.09977271169015,544.0073503885992,658.6328775100894,773.2584046315797,938.1659823084888,2026-01-24,2026-01-31,sf_autoets
39,2026-01-24,2026-02-07,2,2,593.2592123939721,593.2592123939721,165.1554385071438,417.71069988463034,593.2592123939721,768.8077249033139,1021.3629862808004,2026-01-24,2026-02-07,sf_autoets
39,2026-01-24,2026-02-14,3,3,540.9602803010785,540.9602803010785,0.0,311.5835068902328,540.9602803010785,770.3370537119241,1100.333076660953,2026-01-24,2026-02-14,sf_autoets
39,2026-01-24,2026-02-21,4,4,499.12113462676336,499.12113462676336,0.0,219.80979143226728,499.12113462676336,778.4324778212595,1180.2675505190641,2026-01-24,2026-02-21,sf_autoets
40,2026-01-24,2026-01-31,1,1,166.000200010076,166.000200010076,49.136639284378106,118.07905214052997,166.000200010076,213.921347879622,282.8637607357739,2026-01-24,2026-01-31,sf_autoets
40,2026-01-24,2026-02-07,2,2,166.000200010076,166.000200010076,0.7384307796106668,98.23285122062187,166.000200010076,233.76754879953012,331.2619692405413,2026-01-24,2026-02-07,sf_autoets
40,2026-01-24,2026-02-14,3,3,166.000200010076,166.000200010076,0.0,83.00387050829524,166.000200010076,248.99652951185675,368.4003307236659,2026-01-24,2026-02-14,sf_autoets
40,2026-01-24,2026-02-21,4,4,166.000200010076,166.000200010076,0.0,70.16509235330547,166.000200010076,261.8353076668465,399.70979214649856,2026-01-24,2026-02-21,sf_autoets
41,2026-01-24,2026-01-31,1,1,258.4101371715327,258.4101371715327,181.01863290712686,226.67492649789742,258.4101371715327,290.14534784516803,335.80164143593856,2026-01-24,2026-01-31,sf_autoets
41,2026-01-24,2026-02-07,2,2,271.8234290575082,271.8234290575082,153.2987452221474,223.22111996308283,271.8234290575082,320.4257381519335,390.3481128928689,2026-01-24,2026-02-07,sf_autoets
41,2026-01-24,2026-02-14,3,3,282.55406256628856,282.55406256628856,127.68635451521473,219.04890927772166,282.55406256628856,346.0592158548555,437.4217706173624,2026-01-24,2026-02-14,sf_autoets
41,2026-01-24,2026-02-21,4,4,291.13856937331286,291.13856937331286,102.5567438561288,213.8085831055687,291.13856937331286,368.46855564105704,479.7203948904969,2026-01-24,2026-02-21,sf_autoets
42,2026-01-24,2026-01-31,1,1,1247.1526681031328,1247.1526681031328,531.0950253080453,953.5256044537161,1247.1526681031328,1540.7797317525494,1963.2103108982203,2026-01-24,2026-01-31,sf_autoets
42,2026-01-24,2026-02-07,2,2,1261.238195590788,1261.238195590788,212.62260523098644,831.2422032395696,1261.238195590788,1691.2341879420067,2309.8537859505896,2026-01-24,2026-02-07,sf_autoets
42,2026-01-24,2026-02-14,3,3,1275.3237230784434,1275.3237230784434,0.0,729.796937695157,1275.3237230784434,1820.85050846173,2605.6800572940747,2026-01-24,2026-02-14,sf_autoets
42,2026-01-24,2026-02-21,4,4,1289.4092505660988,1289.4092505660988,0.0,636.6772738732574,1289.4092505660988,1942.14122725894,2881.2029864654246,2026-01-24,2026-02-21,sf_autoets
44,2026-01-24,2026-01-31,1,1,61.002200760125994,61.002200760125994,33.13177014095149,49.5736338176531,61.002200760125994,72.43076770259889,88.8726313793005,2026-01-24,2026-01-31,sf_autoets
44,2026-01-24,2026-02-07,2,2,61.002200760125994,61.002200760125994,21.58943047708869,44.84057449310639,61.002200760125994,77.1638270271456,100.41497104316329,2026-01-24,2026-02-07,sf_autoets
44,2026-01-24,2026-02-14,3,3,61.002200760125994,61.002200760125994,12.732417045376273,41.208661793305225,61.002200760125994,80.79573972694676,109.27198447487572,2026-01-24,2026-02-14,sf_autoets
44,2026-01-24,2026-02-21,4,4,61.002200760125994,61.002200760125994,5.265520034108889,38.14678113879141,61.002200760125994,83.85762038146058,116.7388814861431,2026-01-24,2026-02-21,sf_autoets
45,2026-01-24,2026-01-31,1,1,241.00590259033203,241.00590259033203,102.95393096539956,184.3962211392515,241.00590259033203,297.61558404141255,379.0578742152645,2026-01-24,2026-01-31,sf_autoets
45,2026-01-24,2026-02-07,2,2,241.00590259033203,241.00590259033203,45.780693510480205,160.9517261294791,241.00590259033203,321.06007905118497,436.23111167018385,2026-01-24,2026-02-07,sf_autoets
45,2026-01-24,2026-02-14,3,3,241.00590259033203,241.00590259033203,1.9088142537891883,142.96159473078342,241.00590259033203,339.05021044988064,480.1029909268749,2026-01-24,2026-02-14,sf_autoets
45,2026-01-24,2026-02-21,4,4,241.00590259033203,241.00590259033203,0.0,127.7950310342376,241.00590259033203,354.2167741464265,517.0891383033199,2026-01-24,2026-02-21,sf_autoets
46,2026-01-24,2026-01-31,1,1,67.001099860044,67.001099860044,45.40946971234497,58.14722193071177,67.001099860044,75.85497778937622,88.59273000774301,2026-01-24,2026-01-31,sf_autoets
46,2026-01-24,2026-02-07,2,2,67.001099860044,67.001099860044,36.4674503920628,54.48045166084653,67.001099860044,79.52174805924145,97.53474932802519,2026-01-24,2026-02-07,sf_autoets
46,2026-01-24,2026-02-14,3,3,67.001099860044,67.001099860044,29.605792571133115,51.6667557831486,67.001099860044,82.33544393693938,104.39640714895486,2026-01-24,2026-02-14,sf_autoets
46,2026-01-24,2026-02-21,4,4,67.001099860044,67.001099860044,23.82107826868078,49.29467206646669,67.001099860044,84.7075276536213,110.18112145140721,2026-01-24,2026-02-21,sf_autoets
47,2026-01-24,2026-01-31,1,1,314.9919059884059,314.9919059884059,101.12728858049388,227.294441601504,314.9919059884059,402.6893703753078,528.8565233963179,2026-01-24,2026-01-31,sf_autoets
47,2026-01-24,2026-02-07,2,2,317.9832107157398,317.9832107157398,1.5311089758109802,188.21865564880628,317.9832107157398,447.74776578267335,634.4353124556686,2026-01-24,2026-02-07,sf_autoets
47,2026-01-24,2026-02-14,3,3,320.97451544307364,320.97451544307364,0.0,154.5550350148692,320.97451544307364,487.3939958712781,726.8156507577817,2026-01-24,2026-02-14,sf_autoets
47,2026-01-24,2026-02-21,4,4,323.96582017040754,323.96582017040754,0.0,122.58682007331001,323.96582017040754,525.344820267505,815.0614648488877,2026-01-24,2026-02-21,sf_autoets
48,2026-01-24,2026-01-31,1,1,1336.2121564113208,1336.2121564113208,911.4794458890331,1162.045984342118,1336.2121564113208,1510.3783284805238,1760.9448669336086,2026-01-24,2026-01-31,sf_autoets
48,2026-01-24,2026-02-07,2,2,1293.45236359499,1293.45236359499,642.9760044570992,1026.7176038604591,1293.45236359499,1560.1871233295208,1943.9287227328807,2026-01-24,2026-02-07,sf_autoets
48,2026-01-24,2026-02-14,3,3,1259.2445293419253,1259.2445293419253,409.3132692798729,910.7211629524321,1259.2445293419253,1607.7678957314183,2109.1757894039774,2026-01-24,2026-02-14,sf_autoets
48,2026-01-24,2026-02-21,4,4,1231.8782619394735,1231.8782619394735,196.9197596428428,807.4825040195742,1231.8782619394735,1656.2740198593729,2266.8367642361045,2026-01-24,2026-02-21,sf_autoets
49,2026-01-24,2026-01-31,1,1,77.00180065010201,77.00180065010201,39.938872242399064,61.803752073841466,77.00180065010201,92.19984922636256,114.06472905780495,2026-01-24,2026-01-31,sf_autoets
49,2026-01-24,2026-02-07,2,2,77.00180065010201,77.00180065010201,24.589525313944335,55.509588869402194,77.00180065010201,98.49401243080183,129.4140759862597,2026-01-24,2026-02-07,sf_autoets
49,2026-01-24,2026-02-14,3,3,77.00180065010201,77.00180065010201,12.811205157678884,50.67976323035563,77.00180065010201,103.32383806984839,141.19239614252513,2026-01-24,2026-02-14,sf_autoets
49,2026-01-24,2026-02-21,4,4,77.00180065010201,77.00180065010201,2.8815032044590936,46.60798317636888,77.00180065010201,107.39561812383513,151.12209809574495,2026-01-24,2026-02-21,sf_autoets
50,2026-01-24,2026-01-31,1,1,26.5269247514094,26.5269247514094,13.424075363706633,21.153961792542265,26.5269247514094,31.899887710276534,39.629774139112165,2026-01-24,2026-01-31,sf_autoets
50,2026-01-24,2026-02-07,2,2,25.053329509943687,25.053329509943687,4.986370801808615,16.82465934472635,25.053329509943687,33.281999675161025,45.120288218078755,2026-01-24,2026-02-07,sf_autoets
50,2026-01-24,2026-02-14,3,3,23.874453316771117,23.874453316771117,0.0,13.122634432181009,23.874453316771117,34.626272201361225,50.0945230561587,2026-01-24,2026-02-14,sf_autoets
50,2026-01-24,2026-02-21,4,4,22.931352362233064,22.931352362233064,0.0,9.838897839560735,22.931352362233064,36.02380688490539,54.85944511835615,2026-01-24,2026-02-21,sf_autoets
51,2026-01-24,2026-01-31,1,1,451.98587900136073,451.98587900136073,170.00250049322148,336.3555910456451,451.98587900136073,567.6161669570764,733.9692575095,2026-01-24,2026-01-31,sf_autoets
51,2026-01-24,2026-02-07,2,2,454.9702543903785,454.9702543903785,40.67501800686773,285.0840797684801,454.9702543903785,624.856429012277,869.2654907738893,2026-01-24,2026-02-07,sf_autoets
51,2026-01-24,2026-02-14,3,3,457.9546297793962,457.9546297793962,0.0,241.65553548337064,457.9546297793962,674.2537240754218,985.4353656329905,2026-01-24,2026-02-14,sf_autoets
51,2026-01-24,2026-02-21,4,4,460.939005168414,460.939005168414,0.0,201.13599122541717,460.939005168414,720.7420191114109,1094.5111679074776,2026-01-24,2026-02-21,sf_autoets
53,2026-01-24,2026-01-31,1,1,239.0288424140385,239.0288424140385,68.9559893290095,169.2886574438652,239.0288424140385,308.7690273842118,409.10169549906755,2026-01-24,2026-01-31,sf_autoets
53,2026-01-24,2026-02-07,2,2,242.0603876052919,242.0603876052919,0.0,138.32167758599164,242.0603876052919,345.79909762459215,495.0442074200594,2026-01-24,2026-02-07,sf_autoets
53,2026-01-24,2026-02-14,3,3,245.09193279654534,245.09193279654534,0.0,111.3370650869141,245.09193279654534,378.8468005061766,571.275064876229,2026-01-24,2026-02-14,sf_autoets
53,2026-01-24,2026-02-21,4,4,248.12347798779874,248.12347798779874,0.0,85.39138683292384,248.12347798779874,410.85556914267363,644.9723111682566,2026-01-24,2026-02-21,sf_autoets
54,2026-01-24,2026-01-31,1,1,189.28514955242383,189.28514955242383,136.07957699812204,167.467637797471,189.28514955242383,211.10266130737665,242.49072210672563,2026-01-24,2026-01-31,sf_autoets
54,2026-01-24,2026-02-07,2,2,192.5717851415746,192.5717851415746,111.0876746326125,159.1583576842017,192.5717851415746,225.9852125989475,274.0558956505367,2026-01-24,2026-02-07,sf_autoets
54,2026-01-24,2026-02-14,3,3,195.2010936128952,195.2010936128952,88.73159361184055,151.542141057762,195.2010936128952,238.8600461680284,301.67059361394985,2026-01-24,2026-02-14,sf_autoets
54,2026-01-24,2026-02-21,4,4,197.30454038995168,197.30454038995168,67.65698012335116,144.14117733750743,197.30454038995168,250.46790344239594,326.9521006565522,2026-01-24,2026-02-21,sf_autoets
55,2026-01-24,2026-01-31,1,1,325.36131558755,325.36131558755,211.2164744693701,278.55500765201475,325.36131558755,372.16762352308524,439.5061567057299,2026-01-24,2026-01-31,sf_autoets
55,2026-01-24,2026-02-07,2,2,289.7170716501582,289.7170716501582,114.90473991442556,218.03341297582466,289.7170716501582,361.4007303244917,464.52940338589076,2026-01-24,2026-02-07,sf_autoets
55,2026-01-24,2026-02-14,3,3,261.2016597031838,261.2016597031838,32.7868079228823,167.53771672735334,261.2016597031838,354.8656026790143,489.6165114834853,2026-01-24,2026-02-14,sf_autoets
55,2026-01-24,2026-02-21,4,4,238.38931670794767,238.38931670794767,0.0,124.33504144976071,238.38931670794767,352.44359196613465,516.5293303600636,2026-01-24,2026-02-21,sf_autoets
56,2026-01-24,2026-01-31,1,1,20.07063197323534,20.07063197323534,1.724328858419522,12.547534961941947,20.07063197323534,27.59372898452873,38.41693508805116,2026-01-24,2026-01-31,sf_autoets
56,2026-01-24,2026-02-07,2,2,20.07063197323534,20.07063197323534,0.0,10.250552031378446,20.07063197323534,29.890711915092233,44.01850383432882,2026-01-24,2026-02-07,sf_autoets
56,2026-01-24,2026-02-14,3,3,20.07063197323534,20.07063197323534,0.0,8.397117014681141,20.07063197323534,31.744146931789537,48.53840841204428,2026-01-24,2026-02-14,sf_autoets
56,2026-01-24,2026-02-21,4,4,20.07063197323534,20.07063197323534,0.0,6.800065560654556,20.07063197323534,33.34119838581613,52.43307971849494,2026-01-24,2026-02-21,sf_autoets
72,2026-01-24,2026-01-31,1,1,212.00850012007402,212.00850012007402,105.51054322423573,168.33787851212088,212.00850012007402,255.67912172802716,318.5064570159123,2026-01-24,2026-01-31,sf_autoets
72,2026-01-24,2026-02-07,2,2,212.00850012007402,212.00850012007402,61.405175467431604,150.25200266690757,212.00850012007402,273.76499757324046,362.61182477271643,2026-01-24,2026-02-07,sf_autoets
72,2026-01-24,2026-02-14,3,3,212.00850012007402,212.00850012007402,27.560924994049145,136.37380726196238,212.00850012007402,287.64319297818565,396.45607524609886,2026-01-24,2026-02-14,sf_autoets
72,2026-01-24,2026-02-21,4,4,212.00850012007402,212.00850012007402,0.0,124.6738074155204,212.00850012007402,299.34319282462764,424.98843941791483,2026-01-24,2026-02-21,sf_autoets
01,2026-02-21,2026-02-28,1,1,333.01039917990704,333.01039917990704,243.7137892712137,296.3933731273825,333.01039917990704,369.62742523243156,422.30700908860035,2026-02-21,2026-02-28,sf_autoets
01,2026-02-21,2026-03-07,2,2,333.01039917990704,333.01039917990704,206.73223643907008,281.22869347266715,333.01039917990704,384.79210488714693,459.288561920744,2026-02-21,2026-03-07,sf_autoets
01,2026-02-21,2026-03-14,3,3,333.01039917990704,333.01039917990704,178.3544447868826,269.5920777343568,333.01039917990704,396.4287206254573,487.6663535729315,2026-02-21,2026-03-14,sf_autoets
01,2026-02-21,2026-03-21,4,4,333.01039917990704,333.01039917990704,154.43057368656298,259.7818395601038,333.01039917990704,406.2389587997103,511.5902246732511,2026-02-21,2026-03-21,sf_autoets
02,2026-02-21,2026-02-28,1,1,8.000700010012004,8.000700010012004,0.0,2.5204944231371478,8.000700010012004,13.48090559688686,21.36507809491295,2026-02-21,2026-02-28,sf_autoets
02,2026-02-21,2026-03-07,2,2,8.000700010012004,8.000700010012004,0.0,0.25090644382584504,8.000700010012004,15.750493576198163,26.899839769749956,2026-02-21,2026-03-07,sf_autoets
02,2026-02-21,2026-03-14,3,3,8.000700010012004,8.000700010012004,0.0,0.0,8.000700010012004,17.49206173331527,31.146938704884985,2026-02-21,2026-03-14,sf_autoets
02,2026-02-21,2026-03-21,4,4,8.000700010012004,8.000700010012004,0.0,0.0,8.000700010012004,18.96028916319984,34.72745154816124,2026-02-21,2026-03-21,sf_autoets
04,2026-02-21,2026-02-28,1,1,365.76245159395285,365.76245159395285,0.8031709883593408,216.10701114990724,365.76245159395285,515.4178920379984,730.7217321995463,2026-02-21,2026-02-28,sf_autoets
04,2026-02-21,2026-03-07,2,2,377.51762751525035,377.51762751525035,0.0,144.06950191292998,377.51762751525035,610.9657531175708,946.8190824155952,2026-02-21,2026-03-07,sf_autoets
04,2026-02-21,2026-03-14,3,3,389.27280343654786,389.27280343654786,0.0,73.1598588785393,389.27280343654786,705.3857479945564,1160.165946336632,2026-02-21,2026-03-14,sf_autoets
04,2026-02-21,2026-03-21,4,4,401.0279793578453,401.0279793578453,0.0,0.0,401.0279793578453,805.5503862083476,1387.5220630674262,2026-02-21,2026-03-21,sf_autoets
05,2026-02-21,2026-02-28,1,1,164.96165362282244,164.96165362282244,94.57402826671465,136.09845809865487,164.96165362282244,193.82484914699,235.34927897893022,2026-02-21,2026-02-28,sf_autoets
05,2026-02-21,2026-03-07,2,2,156.91193986639524,156.91193986639524,49.113587783502666,112.70807736058907,156.91193986639524,201.11580237220141,264.7102919492878,2026-02-21,2026-03-07,sf_autoets
05,2026-02-21,2026-03-14,3,3,150.4721688612535,150.4721688612535,9.619718297399231,92.71412119144532,150.4721688612535,208.23021653106167,291.32461942510776,2026-02-21,2026-03-14,sf_autoets
05,2026-02-21,2026-03-21,4,4,145.32035205714007,145.32035205714007,0.0,74.9885672166133,145.32035205714007,215.65213689766682,316.83591823331983,2026-02-21,2026-03-21,sf_autoets
06,2026-02-21,2026-02-28,1,1,1573.4381267675421,1573.4381267675421,682.711197295672,1208.1860615938856,1573.4381267675421,1938.6901919411987,2464.1650562394125,2026-02-21,2026-02-28,sf_autoets
06,2026-02-21,2026-03-07,2,2,1580.8168285210727,1580.8168285210727,279.4077611770829,1047.160178255705,1580.8168285210727,2114.4734787864404,2882.2258958650627,2026-02-21,2026-03-07,sf_autoets
06,2026-02-21,2026-03-14,3,3,1588.195530274603,1588.195530274603,0.0,912.6024158971837,1588.195530274603,2263.7886446520224,3235.7398913328484,2026-02-21,2026-03-14,sf_autoets
06,2026-02-21,2026-03-21,4,4,1595.5742320281336,1595.5742320281336,0.0,788.8129466420085,1595.5742320281336,2402.335517414259,3562.9936419830283,2026-02-21,2026-03-21,sf_autoets
08,2026-02-21,2026-02-28,1,1,119.00089984003701,119.00089984003701,17.54326690265964,77.39711675919978,119.00089984003701,160.60468292087424,220.45853277741438,2026-02-21,2026-02-28,sf_autoets
08,2026-02-21,2026-03-07,2,2,119.00089984003701,119.00089984003701,0.0,60.167207319253166,119.00089984003701,177.83459236082086,262.4764863876844,2026-02-21,2026-03-07,sf_autoets
08,2026-02-21,2026-03-14,3,3,119.00089984003701,119.00089984003701,0.0,46.945837667952844,119.00089984003701,191.05596201212117,294.718959780179,2026-02-21,2026-03-14,sf_autoets
08,2026-02-21,2026-03-21,4,4,119.00089984003701,119.00089984003701,0.0,35.79957416781173,119.00089984003701,202.2022255122623,321.90094726009846,2026-02-21,2026-03-21,sf_autoets
09,2026-02-21,2026-02-28,1,1,32.999900230028004,32.999900230028004,0.0,0.0,32.999900230028004,67.34082342958868,116.7458608784119,2026-02-21,2026-02-28,sf_autoets
09,2026-02-21,2026-03-07,2,2,32.999900230028004,32.999900230028004,0.0,0.0,32.999900230028004,81.56287135400271,151.42865198731963,2026-02-21,2026-03-07,sf_autoets
09,2026-02-21,2026-03-14,3,3,32.999900230028004,32.999900230028004,0.0,0.0,32.999900230028004,92.47615870833071,178.0424890122879,2026-02-21,2026-03-14,sf_autoets
09,2026-02-21,2026-03-21,4,4,32.999900230028004,32.999900230028004,0.0,0.0,32.999900230028004,101.6765955550635,200.479259789734,2026-02-21,2026-03-21,sf_autoets
10,2026-02-21,2026-02-28,1,1,48.999900030023,48.999900030023,18.876689147724274,36.647556544747644,48.999900030023,61.352243515298355,79.12311091232172,2026-02-21,2026-02-28,sf_autoets
10,2026-02-21,2026-03-07,2,2,48.999900030023,48.999900030023,6.401376637466463,31.53192176680269,48.999900030023,66.4678782932433,91.59842342257954,2026-02-21,2026-03-07,sf_autoets
10,2026-02-21,2026-03-14,3,3,48.999900030023,48.999900030023,0.0,27.606439822977254,48.999900030023,70.39336023706875,101.17135349446974,2026-02-21,2026-03-14,sf_autoets
10,2026-02-21,2026-03-21,4,4,48.999900030023,48.999900030023,0.0,24.297065887832705,48.999900030023,73.7027341722133,109.24180336947335,2026-02-21,2026-03-21,sf_autoets
11,2026-02-21,2026-02-28,1,1,7.368411757729394,7.368411757729394,0.0,0.0,7.368411757729394,20.364889949713792,39.062450526245335,2026-02-21,2026-02-28,sf_autoets
11,2026-02-21,2026-03-07,2,2,7.368411757729394,7.368411757729394,0.0,0.0,7.368411757729394,24.37417045456187,48.839737101687064,2026-02-21,2026-03-07,sf_autoets
11,2026-02-21,2026-03-14,3,3,7.368411757729394,7.368411757729394,0.0,0.0,7.368411757729394,27.60410330299319,56.716456887284224,2026-02-21,2026-03-14,sf_autoets
11,2026-02-21,2026-03-21,4,4,7.368411757729394,7.368411757729394,0.0,0.0,7.368411757729394,30.385157743537814,63.49851322238713,2026-02-21,2026-03-21,sf_autoets
12,2026-02-21,2026-02-28,1,1,2091.9054206818973,2091.9054206818973,989.9811071495355,1640.049618565981,2091.9054206818973,2543.7612227978134,3193.829734214259,2026-02-21,2026-02-28,sf_autoets
12,2026-02-21,2026-03-07,2,2,2110.8038073863977,2110.8038073863977,596.5805620839346,1489.8804366193217,2110.8038073863977,2731.7271781534737,3625.0270526888607,2026-02-21,2026-03-07,sf_autoets
12,2026-02-21,2026-03-14,3,3,2129.7021940908976,2129.7021940908976,265.126608681775,1365.11311441991,2129.7021940908976,2894.2912737618853,3994.27777950002,2026-02-21,2026-03-14,sf_autoets
12,2026-02-21,2026-03-21,4,4,2148.6005807953975,2148.6005807953975,0.0,1252.6169102676786,2148.6005807953975,3044.5842513231164,4333.603376951117,2026-02-21,2026-03-21,sf_autoets
13,2026-02-21,2026-02-28,1,1,384.00589919997805,384.00589919997805,195.64489427320015,306.76646276744157,384.00589919997805,461.2453356325145,572.3669041267559,2026-02-21,2026-02-28,sf_autoets
13,2026-02-21,2026-03-07,2,2,384.00589919997805,384.00589919997805,117.6365302116979,274.77830216340993,384.00589919997805,493.23349623654616,650.3752681882581,2026-02-21,2026-03-07,sf_autoets
13,2026-02-21,2026-03-14,3,3,384.00589919997805,384.00589919997805,57.77681819492199,250.23218964406428,384.00589919997805,517.7796087558918,710.2349802050342,2026-02-21,2026-03-14,sf_autoets
13,2026-02-21,2026-03-21,4,4,384.00589919997805,384.00589919997805,7.3121431439579965,229.53861210553515,384.00589919997805,538.4731862944209,760.6996552559981,2026-02-21,2026-03-21,sf_autoets
15,2026-02-21,2026-02-28,1,1,20.000300089994003,20.000300089994003,5.133475997350141,13.904000514060801,20.000300089994003,26.096599665927204,34.867124182637866,2026-02-21,2026-02-28,sf_autoets
15,2026-02-21,2026-03-07,2,2,20.000300089994003,20.000300089994003,0.0,11.379261612119576,20.000300089994003,28.621338567868428,41.02411313429536,2026-02-21,2026-03-07,sf_autoets
15,2026-02-21,2026-03-14,3,3,20.000300089994003,20.000300089994003,0.0,9.44190341462423,20.000300089994003,30.558696765363777,45.74867812127698,2026-02-21,2026-03-14,sf_autoets
15,2026-02-21,2026-03-21,4,4,20.000300089994003,20.000300089994003,0.0,7.808615371632575,20.000300089994003,32.19198480835543,49.731718279545206,2026-02-21,2026-03-21,sf_autoets
16,2026-02-21,2026-02-28,1,1,118.99969990999399,118.99969990999399,76.23662902810939,101.4642471960665,118.99969990999399,136.53515262392148,161.7627707918786,2026-02-21,2026-02-28,sf_autoets
16,2026-02-21,2026-03-07,2,2,118.99969990999399,118.99969990999399,58.52660883025238,94.202064772358,118.99969990999399,143.79733504762999,179.4727909897356,2026-02-21,2026-03-07,sf_autoets
16,2026-02-21,2026-03-14,3,3,118.99969990999399,118.99969990999399,44.93682622669459,88.62942966166972,118.99969990999399,149.36997015831827,193.0625735932934,2026-02-21,2026-03-14,sf_autoets
16,2026-02-21,2026-03-21,4,4,118.99969990999399,118.99969990999399,33.47997252667031,83.93142476716466,118.99969990999399,154.06797505282333,204.51942729331768,2026-02-21,2026-03-21,sf_autoets
17,2026-02-21,2026-02-28,1,1,581.35182935019,581.35182935019,126.05362081313666,394.65194924593993,581.35182935019,768.05170945444,1036.6500378872433,2026-02-21,2026-02-28,sf_autoets
17,2026-02-21,2026-03-07,2,2,583.7056687805723,583.7056687805723,0.0,304.60236161049687,583.7056687805723,862.8089759506477,1264.3447547850496,2026-02-21,2026-03-07,sf_autoets
17,2026-02-21,2026-03-14,3,3,586.0595082109545,586.0595082109545,0.0,224.1328929492028,586.0595082109545,947.9861234727061,1468.6767839078752,2026-02-21,2026-03-14,sf_autoets
17,2026-02-21,2026-03-21,4,4,588.4133476413368,588.4133476413368,0.0,145.22585802233328,588.4133476413368,1031.6008372603403,1669.1985626982205,2026-02-21,2026-03-21,sf_autoets
18,2026-02-21,2026-02-28,1,1,361.04459357273333,361.04459357273333,206.9114467255803,297.8406549301496,361.04459357273333,424.2485322153171,515.1777404198864,2026-02-21,2026-02-28,sf_autoets
18,2026-02-21,2026-03-07,2,2,363.0992410477758,363.0992410477758,127.0449455398566,266.30266279847865,363.0992410477758,459.895819297073,599.153536555695,2026-02-21,2026-03-07,sf_autoets
18,2026-02-21,2026-03-14,3,3,364.74296163306883,364.74296163306883,56.30752944526,238.26572730703032,364.74296163306883,491.22019595910734,673.1783938208777,2026-02-21,2026-03-14,sf_autoets
18,2026-02-21,2026-03-21,4,4,366.0579401855137,366.0579401855137,0.0,212.04700055228764,366.0579401855137,520.0688798187398,741.6388182822848,2026-02-21,2026-03-21,sf_autoets
19,2026-02-21,2026-02-28,1,1,194.00099238259483,194.00099238259483,140.4352726784846,172.03579845268865,194.00099238259483,215.966186312501,247.56671208670505,2026-02-21,2026-02-28,sf_autoets
19,2026-02-21,2026-03-07,2,2,188.99989092527773,188.99989092527773,106.96417977324082,155.36027374873504,188.99989092527773,222.6395081018204,271.03560207731465,2026-02-21,2026-03-07,sf_autoets
19,2026-02-21,2026-03-14,3,3,184.9989837523821,184.9989837523821,77.80868130208641,141.04445847517613,184.9989837523821,228.95350902958805,292.18928620267775,2026-02-21,2026-03-14,sf_autoets
19,2026-02-21,2026-03-21,4,4,181.79823720829683,181.79823720829683,51.27286924100292,128.2749197580511,181.79823720829683,235.32155465854254,312.3236051755907,2026-02-21,2026-03-21,sf_autoets
20,2026-02-21,2026-02-28,1,1,185.68595485989263,185.68595485989263,130.47739982410621,163.04709880326624,185.68595485989263,208.32481091651903,240.89450989567905,2026-02-21,2026-02-28,sf_autoets
20,2026-02-21,2026-03-07,2,2,181.36908415283727,181.36908415283727,96.81902591226452,146.69843217060435,181.36908415283727,216.0397361350702,265.91914239341,2026-02-21,2026-03-07,sf_autoets
20,2026-02-21,2026-03-14,3,3,177.91558758719296,177.91558758719296,67.44162417876018,132.61456215757687,177.91558758719296,223.21661301680905,288.38955099562577,2026-02-21,2026-03-14,sf_autoets
20,2026-02-21,2026-03-21,4,4,175.15279033467752,175.15279033467752,40.63050418795126,119.99049401103746,175.15279033467752,230.31508665831757,309.6750764814038,2026-02-21,2026-03-21,sf_autoets
21,2026-02-21,2026-02-28,1,1,238.0173249678942,238.0173249678942,113.00306540782935,186.75389622262998,238.0173249678942,289.28075371315845,363.03158452795907,2026-02-21,2026-02-28,sf_autoets
21,2026-02-21,2026-03-07,2,2,233.03792787945585,233.03792787945585,41.579028838958465,154.5281669677928,233.03792787945585,311.5476887911189,424.49682691995326,2026-02-21,2026-03-07,sf_autoets
21,2026-02-21,2026-03-14,3,3,229.0543874678676,229.0543874678676,0.0,126.47119966080518,229.0543874678676,331.63757527493,479.22027728255745,2026-02-21,2026-03-14,sf_autoets
21,2026-02-21,2026-03-21,4,4,225.86753694582308,225.86753694582308,0.0,100.95224730464409,225.86753694582308,350.7828265870021,530.4939114285417,2026-02-21,2026-03-21,sf_autoets
22,2026-02-21,2026-02-28,1,1,342.008299009992,342.008299009992,254.1543613265534,305.982856070325,342.008299009992,378.03374194965903,429.86223669343065,2026-02-21,2026-02-28,sf_autoets
22,2026-02-21,2026-03-07,2,2,342.008299009992,342.008299009992,217.77028088638838,291.06317633402887,342.008299009992,392.95342168595516,466.24631713359565,2026-02-21,2026-03-07,sf_autoets
22,2026-02-21,2026-03-14,3,3,342.008299009992,342.008299009992,189.85095962711432,279.6145612638154,342.008299009992,404.4020367561686,494.1656383928697,2026-02-21,2026-03-14,sf_autoets
22,2026-02-21,2026-03-21,4,4,342.008299009992,342.008299009992,166.3136015690289,269.96281687954615,342.008299009992,414.0537811404379,517.7029964509552,2026-02-21,2026-03-21,sf_autoets
23,2026-02-21,2026-02-28,1,1,58.998800210000994,58.998800210000994,25.065826124364122,45.08422274279481,58.998800210000994,72.91337767720718,92.93177429563787,2026-02-21,2026-02-28,sf_autoets
23,2026-02-21,2026-03-07,2,2,58.998800210000994,58.998800210000994,11.012727410058147,39.32159992579642,58.998800210000994,78.67600049420557,106.98487300994384,2026-02-21,2026-03-07,sf_autoets
23,2026-02-21,2026-03-14,3,3,58.998800210000994,58.998800210000994,0.22908321879603477,34.89965176117569,58.998800210000994,83.0979486588263,117.76851720120595,2026-02-21,2026-03-14,sf_autoets
23,2026-02-21,2026-03-21,4,4,58.998800210000994,58.998800210000994,0.0,31.171732436116912,58.998800210000994,86.82586798388508,126.85965849879098,2026-02-21,2026-03-21,sf_autoets
24,2026-02-21,2026-02-28,1,1,72.001100070023,72.001100070023,0.0,29.357853686079935,72.001100070023,114.64434645396607,175.99363436609343,2026-02-21,2026-02-28,sf_autoets
24,2026-02-21,2026-03-07,2,2,72.001100070023,72.001100070023,0.0,11.69745794771518,72.001100070023,132.30474219233082,219.06139925829942,2026-02-21,2026-03-07,sf_autoets
24,2026-02-21,2026-03-14,3,3,72.001100070023,72.001100070023,0.0,0.0,72.001100070023,145.85644547080685,252.1094452552791,2026-02-21,2026-03-14,sf_autoets
24,2026-02-21,2026-03-21,4,4,72.001100070023,72.001100070023,0.0,0.0,72.001100070023,157.2811964309136,279.9705699770201,2026-02-21,2026-03-21,sf_autoets
25,2026-02-21,2026-02-28,1,1,62.92886135219598,62.92886135219598,0.0,0.0,62.92886135219598,127.01105212577565,219.20376973483047,2026-02-21,2026-02-28,sf_autoets
25,2026-02-21,2026-03-07,2,2,38.861983696081296,38.861983696081296,0.0,0.0,38.861983696081296,137.003587446947,278.19634398475364,2026-02-21,2026-03-07,sf_autoets
25,2026-02-21,2026-03-14,3,3,19.608481571189543,19.608481571189543,0.0,0.0,19.608481571189543,147.84314315797062,332.3296877134512,2026-02-21,2026-03-14,sf_autoets
25,2026-02-21,2026-03-21,4,4,4.205679871276146,4.205679871276146,0.0,0.0,4.205679871276146,160.35660420558898,385.0052608411153,2026-02-21,2026-03-21,sf_autoets
26,2026-02-21,2026-02-28,1,1,343.49055784202756,343.49055784202756,81.6630501799392,236.12539942074582,343.49055784202756,450.8557162633093,605.3180655041159,2026-02-21,2026-02-28,sf_autoets
26,2026-02-21,2026-03-07,2,2,346.9866663833083,346.9866663833083,0.0,186.4688780578099,346.9866663833083,507.50445470880675,738.4355597737101,2026-02-21,2026-03-07,sf_autoets
26,2026-02-21,2026-03-14,3,3,350.482774924589,350.482774924589,0.0,142.387771118359,350.482774924589,558.5777787308191,857.9564936306947,2026-02-21,2026-03-14,sf_autoets
26,2026-02-21,2026-03-21,4,4,353.9788834658698,353.9788834658698,0.0,99.31932055204695,353.9788834658698,608.6384463796926,975.0078992143013,2026-02-21,2026-03-21,sf_autoets
27,2026-02-21,2026-02-28,1,1,196.00039983002802,196.00039983002802,80.27069554419637,148.5442018711321,196.00039983002802,243.45659778892394,311.73010411585966,2026-02-21,2026-02-28,sf_autoets
27,2026-02-21,2026-03-07,2,2,196.00039983002802,196.00039983002802,32.34206558085239,128.89055663393793,196.00039983002802,263.1102430261181,359.65873407920367,2026-02-21,2026-03-07,sf_autoets
27,2026-02-21,2026-03-14,3,3,196.00039983002802,196.00039983002802,0.0,113.80933350957153,196.00039983002802,278.19146615048453,396.4367645055623,2026-02-21,2026-03-14,sf_autoets
27,2026-02-21,2026-03-21,4,4,196.00039983002802,196.00039983002802,0.0,101.095122252943,196.00039983002802,290.90567740711305,427.44244916305786,2026-02-21,2026-03-21,sf_autoets
28,2026-02-21,2026-02-28,1,1,227.001599569932,227.001599569932,168.26665747953223,202.9167109395932,227.001599569932,251.08648820027082,285.7365416603318,2026-02-21,2026-02-28,sf_autoets
28,2026-02-21,2026-03-07,2,2,227.001599569932,227.001599569932,143.94200096423992,192.9421264368902,227.001599569932,261.06107270297383,310.0611981756241,2026-02-21,2026-03-07,sf_autoets
28,2026-02-21,2026-03-14,3,3,227.001599569932,227.001599569932,125.27647770362621,185.28812980457957,227.001599569932,268.71506933528445,328.7267214362378,2026-02-21,2026-03-14,sf_autoets
28,2026-02-21,2026-03-21,4,4,227.001599569932,227.001599569932,109.54052552030976,178.8354349973864,227.001599569932,275.1677641424776,344.46267361955427,2026-02-21,2026-03-21,sf_autoets
29,2026-02-21,2026-02-28,1,1,427.67399670444536,427.67399670444536,272.4561436571167,364.0252627305295,427.67399670444536,491.3227306783612,582.8918497517741,2026-02-21,2026-02-28,sf_autoets
29,2026-02-21,2026-03-07,2,2,414.3327027693538,414.3327027693538,176.6173603666859,316.85499454791466,414.3327027693538,511.8104109907929,652.0480451720216,2026-02-21,2026-03-07,sf_autoets
29,2026-02-21,2026-03-14,3,3,403.65966762128045,403.65966762128045,93.05405759652865,276.29252875715025,403.65966762128045,531.0268064854107,714.2652776460322,2026-02-21,2026-03-14,sf_autoets
29,2026-02-21,2026-03-21,4,4,395.1212395028218,395.1212395028218,16.897944879943168,240.02674882687378,395.1212395028218,550.2157301787698,773.3445341257004,2026-02-21,2026-03-21,sf_autoets
30,2026-02-21,2026-02-28,1,1,47.687967081710575,47.687967081710575,23.05432001024473,37.586677710178165,47.687967081710575,57.789256453242984,72.32161415317643,2026-02-21,2026-02-28,sf_autoets
30,2026-02-21,2026-03-07,2,2,42.371889647188326,42.371889647188326,4.645719961081028,26.90187192008012,42.371889647188326,57.84190737429653,80.09805933329562,2026-02-21,2026-03-07,sf_autoets
30,2026-02-21,2026-03-14,3,3,38.11902769957053,38.11902769957053,0.0,17.9055179485417,38.11902769957053,58.33253745059936,87.41297889413364,2026-02-21,2026-03-14,sf_autoets
30,2026-02-21,2026-03-21,4,4,34.71673814147629,34.71673814147629,0.0,10.102873571832063,34.71673814147629,59.33060271112052,94.74167461960937,2026-02-21,2026-03-21,sf_autoets
31,2026-02-21,2026-02-28,1,1,140.68804066115814,140.68804066115814,107.15314480134785,126.93669941065647,140.68804066115814,154.4393819116598,174.22293652096843,2026-02-21,2026-02-28,sf_autoets
31,2026-02-21,2026-03-07,2,2,140.37475526624456,140.37475526624456,89.01587498289877,119.31449934738379,140.37475526624456,161.43501118510534,191.73363554959036,2026-02-21,2026-03-07,sf_autoets
31,2026-02-21,2026-03-14,3,3,140.1241067051306,140.1241067051306,73.01655766774248,112.60594141379758,140.1241067051306,167.64227199646362,207.23165574251874,2026-02-21,2026-03-14,sf_autoets
31,2026-02-21,2026-03-21,4,4,139.92357165878468,139.92357165878468,58.20619877815976,106.41449248127384,139.92357165878468,173.43265083629552,221.6409445394096,2026-02-21,2026-03-21,sf_autoets
32,2026-02-21,2026-02-28,1,1,90.00299984001101,90.00299984001101,35.807634448974405,67.77961298939242,90.00299984001101,112.22638669062961,144.19836523104763,2026-02-21,2026-02-28,sf_autoets
32,2026-02-21,2026-03-07,2,2,90.00299984001101,90.00299984001101,13.363011181469716,58.575956145468865,90.00299984001101,121.43004353455316,166.6429884985523,2026-02-21,2026-03-07,sf_autoets
32,2026-02-21,2026-03-14,3,3,90.00299984001101,90.00299984001101,0.0,51.51353079138583,90.00299984001101,128.4924688886362,183.86586839459284,2026-02-21,2026-03-14,sf_autoets
32,2026-02-21,2026-03-21,4,4,90.00299984001101,90.00299984001101,0.0,45.559559605129444,90.00299984001101,134.4464400748926,198.3856014188995,2026-02-21,2026-03-21,sf_autoets
33,2026-02-21,2026-02-28,1,1,55.00050000998801,55.00050000998801,25.305673458482737,42.82382008256996,55.00050000998801,67.17717993740605,84.69532656149329,2026-02-21,2026-02-28,sf_autoets
33,2026-02-21,2026-03-07,2,2,55.00050000998801,55.00050000998801,13.007773257358494,37.78093511172547,55.00050000998801,72.22006490825055,96.99322676261752,2026-02-21,2026-03-07,sf_autoets
33,2026-02-21,2026-03-14,3,3,55.00050000998801,55.00050000998801,3.570980506904654,33.911277726647036,55.00050000998801,76.08972229332898,106.43001951307136,2026-02-21,2026-03-14,sf_autoets
33,2026-02-21,2026-03-21,4,4,55.00050000998801,55.00050000998801,0.0,30.648966634308042,55.00050000998801,79.35203338566798,114.3856989446978,2026-02-21,2026-03-21,sf_autoets
34,2026-02-21,2026-02-28,1,1,209.35593964065896,209.35593964065896,16.881240310360738,130.42963900017716,209.35593964065896,288.28224028114073,401.8306389709572,2026-02-21,2026-02-28,sf_autoets
34,2026-02-21,2026-03-07,2,2,187.72001115086675,187.72001115086675,0.0,66.84454537095458,187.72001115086675,308.59547693077894,482.4946140855106,2026-02-21,2026-03-07,sf_autoets
34,2026-02-21,2026-03-14,3,3,170.41096365618455,170.41096365618455,0.0,12.47129642500056,170.41096365618455,328.35063088736854,555.5726868835552,2026-02-21,2026-03-14,sf_autoets
34,2026-02-21,2026-03-21,4,4,156.5634818938688,156.5634818938688,0.0,0.0,156.5634818938688,348.8864705459955,625.5745607703573,2026-02-21,2026-03-21,sf_autoets
35,2026-02-21,2026-02-28,1,1,87.91947298723053,87.91947298723053,30.79293292666904,64.49412674142056,87.91947298723053,111.34481923304051,145.04601304779203,2026-02-21,2026-02-28,sf_autoets
35,2026-02-21,2026-03-07,2,2,81.8418944309795,81.8418944309795,0.0,45.9671340728539,81.8418944309795,117.71665478910509,169.3283679821688,2026-02-21,2026-03-07,sf_autoets
35,2026-02-21,2026-03-14,3,3,76.97983158597866,76.97983158597866,0.0,30.10587666459965,76.97983158597866,123.85378650735767,191.28964094865023,2026-02-21,2026-03-14,sf_autoets
35,2026-02-21,2026-03-21,4,4,73.090181309978,73.090181309978,0.0,16.012903435808703,73.090181309978,130.16745918414728,212.28246332842426,2026-02-21,2026-03-21,sf_autoets
36,2026-02-21,2026-02-28,1,1,271.6382823463541,271.6382823463541,0.0,125.07936353217019,271.6382823463541,418.19720116053804,629.0461882537688,2026-02-21,2026-02-28,sf_autoets
36,2026-02-21,2026-03-07,2,2,217.29218390703673,217.29218390703673,0.0,0.0,217.29218390703673,441.7466243472702,764.6610658450531,2026-02-21,2026-03-07,sf_autoets
36,2026-02-21,2026-03-14,3,3,173.81512672732504,173.81512672732504,0.0,0.0,173.81512672732504,467.09392437626184,889.0234658912357,2026-02-21,2026-03-14,sf_autoets
36,2026-02-21,2026-03-21,4,4,139.03333824036363,139.03333824036363,0.0,0.0,139.03333824036363,496.15812864012344,1009.9405782578143,2026-02-21,2026-03-21,sf_autoets
37,2026-02-21,2026-02-28,1,1,306.996501140054,306.996501140054,17.460987052273254,188.2693795469283,306.996501140054,425.72362273317975,596.5320152278348,2026-02-21,2026-02-28,sf_autoets
37,2026-02-21,2026-03-07,2,2,306.996501140054,306.996501140054,0.0,139.09939062692263,306.996501140054,474.8936116531854,716.4410792109761,2026-02-21,2026-03-07,sf_autoets
37,2026-02-21,2026-03-14,3,3,306.996501140054,306.996501140054,0.0,101.36880350296903,306.996501140054,512.624198777139,808.4532900115134,2026-02-21,2026-03-14,sf_autoets
37,2026-02-21,2026-03-21,4,4,306.996501140054,306.996501140054,0.0,69.56006679941149,306.996501140054,544.4329354806965,886.024099531422,2026-02-21,2026-03-21,sf_autoets
38,2026-02-21,2026-02-28,1,1,22.000800120019,22.000800120019,4.0536330831774166,14.641373108971186,22.000800120019,29.360227131066814,39.947967156860585,2026-02-21,2026-02-28,sf_autoets
38,2026-02-21,2026-03-07,2,2,22.000800120019,22.000800120019,0.0,11.593519006764405,22.000800120019,32.4080812332736,47.38065812507223,2026-02-21,2026-03-07,sf_autoets
38,2026-02-21,2026-03-14,3,3,22.000800120019,22.000800120019,0.0,9.25474840155844,22.000800120019,34.746851838479564,53.08413295395165,2026-02-21,2026-03-14,sf_autoets
38,2026-02-21,2026-03-21,4,4,22.000800120019,22.000800120019,0.0,7.283049998175068,22.000800120019,36.718550241862935,57.8924421523001,2026-02-21,2026-03-21,sf_autoets
39,2026-02-21,2026-02-28,1,1,663.9849406932389,663.9849406932389,386.3291384039457,550.1292214620448,663.9849406932389,777.8406599244329,941.640742982532,2026-02-21,2026-02-28,sf_autoets
39,2026-02-21,2026-03-07,2,2,664.9866019786197,664.9866019786197,239.75790323094117,490.6170446544844,664.9866019786197,839.3561593027549,1090.2153007262982,2026-02-21,2026-03-07,sf_autoets
39,2026-02-21,2026-03-14,3,3,665.7879311439409,665.7879311439409,110.17178167311283,437.9516108045725,665.7879311439409,893.6242514833093,1221.404080614769,2026-02-21,2026-03-14,sf_autoets
39,2026-02-21,2026-03-21,4,4,666.4289945858112,666.4289945858112,0.0,388.993450781423,666.4289945858112,943.8645383901994,1343.0009667162085,2026-02-21,2026-03-21,sf_autoets
40,2026-02-21,2026-02-28,1,1,254.00909917997598,254.00909917997598,137.1055898489074,206.0715699592777,254.00909917997598,301.9466284006743,370.91260851104454,2026-02-21,2026-02-28,sf_autoets
40,2026-02-21,2026-03-07,2,2,254.00909917997598,254.00909917997598,88.69083691471988,186.2185848198598,254.00909917997598,321.79961354009214,419.3273614452321,2026-02-21,2026-03-07,sf_autoets
40,2026-02-21,2026-03-14,3,3,254.00909917997598,254.00909917997598,51.53978006498326,170.98439823722686,254.00909917997598,337.0338001227251,456.4784182949687,2026-02-21,2026-03-14,sf_autoets
40,2026-02-21,2026-03-21,4,4,254.00909917997598,254.00909917997598,20.219615825027915,158.1412312780729,254.00909917997598,349.87696708187906,487.79858253492404,2026-02-21,2026-03-21,sf_autoets
41,2026-02-21,2026-02-28,1,1,296.06020968344654,296.06020968344654,211.4173908054404,261.35152021377684,296.06020968344654,330.76889915311625,380.7030285614527,2026-02-21,2026-02-28,sf_autoets
41,2026-02-21,2026-03-07,2,2,283.1110642166608,283.1110642166608,153.4809432325032,229.95485232774,283.1110642166608,336.2672761055816,412.7411852008184,2026-02-21,2026-03-07,sf_autoets
41,2026-02-21,2026-03-14,3,3,272.7517478432322,272.7517478432322,103.37327540176767,203.29630105227722,272.7517478432322,342.20719463418715,442.1302202846967,2026-02-21,2026-03-14,sf_autoets
41,2026-02-21,2026-03-21,4,4,264.4642947444893,264.4642947444893,58.21268547139249,179.88862543464182,264.4642947444893,349.03996405433674,470.71590401758607,2026-02-21,2026-03-21,sf_autoets
42,2026-02-21,2026-02-28,1,1,788.1143902217754,788.1143902217754,339.6729649086915,604.226207114817,788.1143902217754,972.0025733287337,1236.5558155348592,2026-02-21,2026-02-28,sf_autoets
42,2026-02-21,2026-03-07,2,2,802.2261948455258,802.2261948455258,143.79662353110473,532.2301357428885,802.2261948455258,1072.2222539481631,1460.6557661599468,2026-02-21,2026-03-07,sf_autoets
42,2026-02-21,2026-03-14,3,3,816.3379994692764,816.3379994692764,0.0,472.9593516986766,816.3379994692764,1159.7166472398762,1653.7230213157422,2026-02-21,2026-03-14,sf_autoets
42,2026-02-21,2026-03-21,4,4,830.449804093027,830.449804093027,0.0,418.6486514823635,830.449804093027,1242.2509567036905,1834.69430040677,2026-02-21,2026-03-21,sf_autoets
44,2026-02-21,2026-02-28,1,1,20.999300100006003,20.999300100006003,0.0,9.570946299755127,20.999300100006003,32.42765390025688,48.86921093699428,2026-02-21,2026-02-28,sf_autoets
44,2026-02-21,2026-03-07,2,2,20.999300100006003,20.999300100006003,0.0,4.837975246536434,20.999300100006003,37.160624953475576,60.4113353367793,2026-02-21,2026-03-07,sf_autoets
44,2026-02-21,2026-03-14,3,3,20.999300100006003,20.999300100006003,0.0,1.2061302817318769,20.999300100006003,40.79246991828013,69.2681835856186,2026-02-21,2026-03-14,sf_autoets
44,2026-02-21,2026-03-21,4,4,20.999300100006003,20.999300100006003,0.0,0.0,20.999300100006003,43.85429346886749,76.73494133961702,2026-02-21,2026-03-21,sf_autoets
45,2026-02-21,2026-02-28,1,1,257.997600210005,257.997600210005,121.21278596630574,201.90753014046192,257.997600210005,314.08767027954804,394.7824144537042,2026-02-21,2026-02-28,sf_autoets
45,2026-02-21,2026-03-07,2,2,257.997600210005,257.997600210005,64.56433268503676,178.67822847093117,257.997600210005,337.3169719490788,451.43086773497316,2026-02-21,2026-03-07,sf_autoets
45,2026-02-21,2026-03-14,3,3,257.997600210005,257.997600210005,21.09514652265176,160.85322566491612,257.997600210005,355.1419747550938,494.9000538973582,2026-02-21,2026-03-14,sf_autoets
45,2026-02-21,2026-03-21,4,4,257.997600210005,257.997600210005,0.0,145.8258734762525,257.997600210005,370.1693269437575,531.5467112317576,2026-02-21,2026-03-21,sf_autoets
46,2026-02-21,2026-02-28,1,1,54.999200100003996,54.999200100003996,33.55059012789651,46.20396911707911,54.999200100003996,63.79443108292888,76.44781007211148,2026-02-21,2026-02-28,sf_autoets
46,2026-02-21,2026-03-07,2,2,54.999200100003996,54.999200100003996,24.667801591236582,42.56148706094589,54.999200100003996,67.4369131390621,85.33059860877141,2026-02-21,2026-03-07,sf_autoets
46,2026-02-21,2026-03-14,3,3,54.999200100003996,54.999200100003996,17.851594507452972,39.7664287421417,54.999200100003996,70.2319714578663,92.14680569255502,2026-02-21,2026-03-14,sf_autoets
46,2026-02-21,2026-03-21,4,4,54.999200100003996,54.999200100003996,12.105197407065702,37.41005740230937,54.999200100003996,72.58834279769863,97.89320279294229,2026-02-21,2026-03-21,sf_autoets
47,2026-02-21,2026-02-28,1,1,324.02633388035457,324.02633388035457,106.23165036983895,234.71730402624928,324.02633388035457,413.33536373445986,541.8210173908702,2026-02-21,2026-02-28,sf_autoets
47,2026-02-21,2026-03-07,2,2,327.0521651470017,327.0521651470017,5.058402552633538,195.01519301867305,327.0521651470017,459.08913727533036,649.0459277413698,2026-02-21,2026-03-07,sf_autoets
47,2026-02-21,2026-03-14,3,3,330.0779964136488,330.0779964136488,0.0,160.8928045105705,330.0779964136488,499.2631883167271,742.6637717310034,2026-02-21,2026-03-14,sf_autoets
47,2026-02-21,2026-03-21,4,4,333.1038276802959,333.1038276802959,0.0,128.56362287519636,333.1038276802959,537.6440324853954,831.9085873275085,2026-02-21,2026-03-21,sf_autoets
48,2026-02-21,2026-02-28,1,1,979.8245809121713,979.8245809121713,557.6816354968637,806.7203696104508,979.8245809121713,1152.9287922138917,1401.967526327479,2026-02-21,2026-02-28,sf_autoets
48,2026-02-21,2026-03-07,2,2,920.619535298552,920.619535298552,274.1116211189226,655.5120786897864,920.619535298552,1185.7269919073176,1567.1274494781815,2026-02-21,2026-03-07,sf_autoets
48,2026-02-21,2026-03-14,3,3,873.2554988076565,873.2554988076565,28.511728536297937,526.8593178623506,873.2554988076565,1219.6516797529625,1717.999269079015,2026-02-21,2026-03-14,sf_autoets
48,2026-02-21,2026-03-21,4,4,835.3642696149402,835.3642696149402,0.0,413.5596275629409,835.3642696149402,1257.1689116669395,1864.003911866733,2026-02-21,2026-03-21,sf_autoets
49,2026-02-21,2026-02-28,1,1,65.00090016997501,65.00090016997501,28.098874690308115,49.86883155324314,65.00090016997501,80.13296878670688,101.9029256496419,2026-02-21,2026-02-28,sf_autoets
49,2026-02-21,2026-03-07,2,2,65.00090016997501,65.00090016997501,12.81616455960075,43.60199347751444,65.00090016997501,86.39980686243558,117.18563578034927,2026-02-21,2026-03-07,sf_autoets
49,2026-02-21,2026-03-14,3,3,65.00090016997501,65.00090016997501,1.0889781448368367,38.793135773831146,65.00090016997501,91.20866456611887,128.9128221951132,2026-02-21,2026-03-14,sf_autoets
49,2026-02-21,2026-03-21,4,4,65.00090016997501,65.00090016997501,0.0,34.73903271842903,65.00090016997501,95.262767621521,138.7994158946833,2026-02-21,2026-03-21,sf_autoets
50,2026-02-21,2026-02-28,1,1,22.000300069995,22.000300069995,8.795614751398185,16.585578202940383,22.000300069995,27.415021937049616,35.204985388591815,2026-02-21,2026-02-28,sf_autoets
50,2026-02-21,2026-03-07,2,2,22.000300069995,22.000300069995,3.326988694475741,14.343109838210793,22.000300069995,29.657490301779205,40.673611445514254,2026-02-21,2026-03-07,sf_autoets
50,2026-02-21,2026-03-14,3,3,22.000300069995,22.000300069995,0.0,12.622351915206368,22.000300069995,31.378248224783633,44.869961219452975,2026-02-21,2026-03-14,sf_autoets
50,2026-02-21,2026-03-21,4,4,22.000300069995,22.000300069995,0.0,11.171668534012463,22.000300069995,32.82893160597754,48.407690029151475,2026-02-21,2026-03-21,sf_autoets
51,2026-02-21,2026-02-28,1,1,286.84050498764736,286.84050498764736,108.7438519035696,213.81007536086463,286.84050498764736,359.8709346144301,464.9371580717251,2026-02-21,2026-02-28,sf_autoets
51,2026-02-21,2026-03-07,2,2,289.6876252562191,289.6876252562191,27.79243199110448,182.29471163245066,289.6876252562191,397.08053887998756,551.5828185213338,2026-02-21,2026-03-07,sf_autoets
51,2026-02-21,2026-03-14,3,3,292.53474552479094,292.53474552479094,0.0,155.6950717574508,292.53474552479094,429.37441929213105,626.2406819628643,2026-02-21,2026-03-14,sf_autoets
51,2026-02-21,2026-03-21,4,4,295.38186579336275,295.38186579336275,0.0,130.9080854242302,295.38186579336275,459.8556461624953,696.4780931266023,2026-02-21,2026-03-21,sf_autoets
53,2026-02-21,2026-02-28,1,1,233.05545299888956,233.05545299888956,68.70711910759582,165.66266809988934,233.05545299888956,300.4482378978898,397.4037868901833,2026-02-21,2026-02-28,sf_autoets
53,2026-02-21,2026-03-07,2,2,236.10609983189556,236.10609983189556,0.0,135.91598604429106,236.10609983189556,336.29621361950007,480.4360870560355,2026-02-21,2026-03-07,sf_autoets
53,2026-02-21,2026-03-14,3,3,239.1567466649016,239.1567466649016,0.0,110.05645567347395,239.1567466649016,368.2570376563292,553.988931758904,2026-02-21,2026-03-14,sf_autoets
53,2026-02-21,2026-03-21,4,4,242.2073934979076,242.2073934979076,0.0,85.24173480009688,242.2073934979076,399.1730521957183,624.9938375333631,2026-02-21,2026-03-21,sf_autoets
54,2026-02-21,2026-02-28,1,1,145.36048241731712,145.36048241731712,91.73287666615548,123.36991145462676,145.36048241731712,167.35105338000747,198.98808816847875,2026-02-21,2026-02-28,sf_autoets
54,2026-02-21,2026-03-07,2,2,143.72422042738708,143.72422042738708,61.593767853103145,110.0457535214961,143.72422042738708,177.40268733327807,225.85467300167102,2026-02-21,2026-03-07,sf_autoets
54,2026-02-21,2026-03-14,3,3,142.41521083544305,142.41521083544305,35.10118156242811,98.40995005668177,142.41521083544305,186.42047161420433,249.729240108458,2026-02-21,2026-03-14,sf_autoets
54,2026-02-21,2026-03-21,4,4,141.36800316188783,141.36800316188783,10.692062376149948,87.78294172358474,141.36800316188783,194.9530646001909,272.04394394762573,2026-02-21,2026-03-21,sf_autoets
55,2026-02-21,2026-02-28,1,1,253.000600199988,253.000600199988,133.40895701239367,203.96077305826313,253.000600199988,302.0404273417129,372.59224338758236,2026-02-21,2026-02-28,sf_autoets
55,2026-02-21,2026-03-07,2,2,253.000600199988,253.000600199988,83.88093265237458,183.65127911246515,253.000600199988,322.3499212875109,422.1202677476015,2026-02-21,2026-03-07,sf_autoets
55,2026-02-21,2026-03-14,3,3,253.000600199988,253.000600199988,45.875607061734144,168.06679053322205,253.000600199988,337.934409866754,460.12559333824186,2026-02-21,2026-03-14,sf_autoets
55,2026-02-21,2026-03-21,4,4,253.000600199988,253.000600199988,13.835252347026398,154.92830179865294,253.000600199988,351.0728986013231,492.1659480529496,2026-02-21,2026-03-21,sf_autoets
56,2026-02-21,2026-02-28,1,1,15.344512725352818,15.344512725352818,0.0,7.82265566285143,15.344512725352818,22.866369787854204,33.68779202213854,2026-02-21,2026-02-28,sf_autoets
56,2026-02-21,2026-03-07,2,2,15.344512725352818,15.344512725352818,0.0,5.531607334253243,15.344512725352818,25.15741811645239,39.27488827040666,2026-02-21,2026-03-07,sf_autoets
56,2026-02-21,2026-03-14,3,3,15.344512725352818,15.344512725352818,0.0,3.6822706269979655,15.344512725352818,27.00675482370767,43.78479844991499,2026-02-21,2026-03-14,sf_autoets
56,2026-02-21,2026-03-21,4,4,15.344512725352818,15.344512725352818,0.0,2.088469978491702,15.344512725352818,28.600555472213934,47.67154213515411,2026-02-21,2026-03-21,sf_autoets
72,2026-02-21,2026-02-28,1,1,176.996000130039,176.996000130039,71.29176310226157,133.65085180843914,176.996000130039,220.34114845163884,282.70023715781645,2026-02-21,2026-02-28,sf_autoets
72,2026-02-21,2026-03-07,2,2,176.996000130039,176.996000130039,27.515108756466304,115.69976839876213,176.996000130039,238.29223186131586,326.4768915036117,2026-02-21,2026-03-07,sf_autoets
72,2026-02-21,2026-03-14,3,3,176.996000130039,176.996000130039,0.0,101.9250059586062,176.996000130039,252.06699430147177,360.0689037669539,2026-02-21,2026-03-14,sf_autoets
72,2026-02-21,2026-03-21,4,4,176.996000130039,176.996000130039,0.0,90.31220517780933,176.996000130039,263.67979508226864,388.38861874825,2026-02-21,2026-03-21,sf_autoets
01,2026-03-21,2026-03-28,1,1,58.00470040003503,58.00470040003503,0.0,20.90273975996252,58.00470040003503,95.10666104010753,148.48390265343133,2026-03-21,2026-03-28,sf_autoets
01,2026-03-21,2026-04-04,2,2,58.00470040003503,58.00470040003503,0.0,5.537227911417226,58.00470040003503,110.47217288865284,185.95521765369355,2026-03-21,2026-04-04,sf_autoets
01,2026-03-21,2026-04-11,3,3,58.00470040003503,58.00470040003503,0.0,0.0,58.00470040003503,122.26289719507622,214.70882826700137,2026-03-21,2026-04-11,sf_autoets
01,2026-03-21,2026-04-18,4,4,58.00470040003503,58.00470040003503,0.0,0.0,58.00470040003503,132.20305645565543,238.94953319615087,2026-03-21,2026-04-18,sf_autoets
02,2026-03-21,2026-03-28,1,1,10.000300029989003,10.000300029989003,0.0,4.542866465228041,10.000300029989003,15.457733594749964,23.309144812632695,2026-03-21,2026-03-28,sf_autoets
02,2026-03-21,2026-04-04,2,2,10.000300029989003,10.000300029989003,0.0,2.282709356134105,10.000300029989003,17.7178907038439,28.82090776721067,2026-03-21,2026-04-04,sf_autoets
02,2026-03-21,2026-04-11,3,3,10.000300029989003,10.000300029989003,0.0,0.5483779765352903,10.000300029989003,19.452222083442713,33.05035863616686,2026-03-21,2026-04-11,sf_autoets
02,2026-03-21,2026-04-18,4,4,10.000300029989003,10.000300029989003,0.0,0.0,10.000300029989003,20.91434855470966,36.61599329351494,2026-03-21,2026-04-18,sf_autoets
04,2026-03-21,2026-03-28,1,1,147.82337584190964,147.82337584190964,1.7373874296002896,87.91926023133973,147.82337584190964,207.72749145247954,293.909364254219,2026-03-21,2026-03-28,sf_autoets
04,2026-03-21,2026-04-04,2,2,159.63956881788968,159.63956881788968,0.0,64.40835905056964,159.63956881788968,254.87077858520973,391.87645713118934,2026-03-21,2026-04-04,sf_autoets
04,2026-03-21,2026-04-11,3,3,171.4557617938697,171.4557617938697,0.0,40.41671971207481,171.4557617938697,302.4948038756646,491.01590867204993,2026-03-21,2026-04-11,sf_autoets
04,2026-03-21,2026-04-18,4,4,183.27195476984974,183.27195476984974,0.0,13.307228138532082,183.27195476984974,353.2366814011674,597.7587530823,2026-03-21,2026-04-18,sf_autoets
05,2026-03-21,2026-03-28,1,1,33.36552793856776,33.36552793856776,0.0,4.690346706487929,33.36552793856776,62.04070917064759,103.29464967743107,2026-03-21,2026-03-28,sf_autoets
05,2026-03-21,2026-04-04,2,2,20.729029935340336,20.729029935340336,0.0,0.0,20.729029935340336,64.64498253588641,127.82526660170562,2026-03-21,2026-04-04,sf_autoets
05,2026-03-21,2026-04-11,3,3,10.619735000799174,10.619735000799174,0.0,0.0,10.619735000799174,68.00164661657004,150.55491624732042,2026-03-21,2026-04-11,sf_autoets
05,2026-03-21,2026-04-18,4,4,2.532221826861445,2.532221826861445,0.0,0.0,2.532221826861445,72.40606091131957,172.9310123402568,2026-03-21,2026-04-18,sf_autoets
06,2026-03-21,2026-03-28,1,1,705.9799558478172,705.9799558478172,308.9338033583019,543.16695180848,705.9799558478172,868.7929598871544,1103.0261083373325,2026-03-21,2026-03-28,sf_autoets
06,2026-03-21,2026-04-04,2,2,710.9624108490949,710.9624108490949,131.31884337030692,473.2733918230464,710.9624108490949,948.6514298751434,1290.605978327883,2026-03-21,2026-04-04,sf_autoets
06,2026-03-21,2026-04-11,3,3,715.9448658503725,715.9448658503725,0.0,415.31204446673604,715.9448658503725,1016.5776872340089,1449.087195277577,2026-03-21,2026-04-11,sf_autoets
06,2026-03-21,2026-04-18,4,4,720.92732085165,720.92732085165,0.0,362.2912415244811,720.92732085165,1079.563400178819,1595.5200862205204,2026-03-21,2026-04-18,sf_autoets
08,2026-03-21,2026-03-28,1,1,97.001299890019,97.001299890019,0.0,55.77490352507959,97.001299890019,138.2276962549584,197.53861356646263,2026-03-21,2026-03-28,sf_autoets
08,2026-03-21,2026-04-04,2,2,97.001299890019,97.001299890019,0.0,38.70128609651387,97.001299890019,155.30131368352414,239.1754235319128,2026-03-21,2026-04-04,sf_autoets
08,2026-03-21,2026-04-11,3,3,97.001299890019,97.001299890019,0.0,25.59984710783334,97.001299890019,168.40275267220466,271.1254263785828,2026-03-21,2026-04-11,sf_autoets
08,2026-03-21,2026-04-18,4,4,97.001299890019,97.001299890019,0.0,14.554691042289633,97.001299890019,179.44790873774838,298.06084683437643,2026-03-21,2026-04-18,sf_autoets
09,2026-03-21,2026-03-28,1,1,32.000400000003,32.000400000003,0.0,0.0,32.000400000003,66.01773349215193,114.95723419579713,2026-03-21,2026-03-28,sf_autoets
09,2026-03-21,2026-04-04,2,2,32.000400000003,32.000400000003,0.0,0.0,32.000400000003,80.10576905178723,149.31321422388632,2026-03-21,2026-04-04,sf_autoets
09,2026-03-21,2026-04-11,3,3,32.000400000003,32.000400000003,0.0,0.0,32.000400000003,90.91622202856036,175.676272791736,2026-03-21,2026-04-11,sf_autoets
09,2026-03-21,2026-04-18,4,4,32.000400000003,32.000400000003,0.0,0.0,32.000400000003,100.0299644480643,197.9016250220176,2026-03-21,2026-04-18,sf_autoets
10,2026-03-21,2026-03-28,1,1,24.001399930009004,24.001399930009004,0.0,11.73050476262095,24.001399930009004,36.27229509739706,53.92598576122715,2026-03-21,2026-03-28,sf_autoets
10,2026-03-21,2026-04-04,2,2,24.001399930009004,24.001399930009004,0.0,6.648601223455589,24.001399930009004,41.354198636562415,66.31903912606126,2026-03-21,2026-04-04,sf_autoets
10,2026-03-21,2026-04-11,3,3,24.001399930009004,24.001399930009004,0.0,2.7490029430501863,24.001399930009004,45.25379691696782,75.8288476491913,2026-03-21,2026-04-11,sf_autoets
10,2026-03-21,2026-04-18,4,4,24.001399930009004,24.001399930009004,0.0,0.0,24.001399930009004,48.54134965351966,83.84608296068342,2026-03-21,2026-04-18,sf_autoets
11,2026-03-21,2026-03-28,1,1,2.174398129209803,2.174398129209803,0.0,0.0,2.174398129209803,15.057187205383293,33.59118738513921,2026-03-21,2026-03-28,sf_autoets
11,2026-03-21,2026-04-04,2,2,2.174398129209803,2.174398129209803,0.0,0.0,2.174398129209803,19.02141113626724,43.258596132072256,2026-03-21,2026-04-04,sf_autoets
11,2026-03-21,2026-04-11,3,3,2.174398129209803,2.174398129209803,0.0,0.0,2.174398129209803,22.216290258915265,51.04983167128012,2026-03-21,2026-04-11,sf_autoets
11,2026-03-21,2026-04-18,4,4,2.174398129209803,2.174398129209803,0.0,0.0,2.174398129209803,24.967665403068047,57.75951018551727,2026-03-21,2026-04-18,sf_autoets
12,2026-03-21,2026-03-28,1,1,547.1775000102376,547.1775000102376,259.1734600763672,429.07837570670483,547.1775000102376,665.2766243137704,835.1815399441081,2026-03-21,2026-03-28,sf_autoets
12,2026-03-21,2026-04-04,2,2,566.5915401203885,566.5915401203885,161.70556909158023,400.56373498172746,566.5915401203885,732.6193452590494,971.4775111491967,2026-03-21,2026-04-04,sf_autoets
12,2026-03-21,2026-04-11,3,3,586.0055802305394,586.0055802305394,79.19309304851987,378.1817214539916,586.0055802305394,793.8294390070872,1092.818067412559,2026-03-21,2026-04-11,sf_autoets
12,2026-03-21,2026-04-18,4,4,605.4196203406904,605.4196203406904,3.0064034945722824,358.3936640564089,605.4196203406904,852.4455766249719,1207.8328371868083,2026-03-21,2026-04-18,sf_autoets
13,2026-03-21,2026-03-28,1,1,101.00510074002304,101.00510074002304,0.0,24.122396119437383,101.00510074002304,177.8878053606087,288.49615676903676,2026-03-21,2026-03-28,sf_autoets
13,2026-03-21,2026-04-04,2,2,101.00510074002304,101.00510074002304,0.0,0.0,101.00510074002304,209.72822803411805,366.14423771165207,2026-03-21,2026-04-04,sf_autoets
13,2026-03-21,2026-04-11,3,3,101.00510074002304,101.00510074002304,0.0,0.0,101.00510074002304,234.16097386411678,425.7274865055348,2026-03-21,2026-04-11,sf_autoets
13,2026-03-21,2026-04-18,4,4,101.00510074002304,101.00510074002304,0.0,0.0,101.00510074002304,254.75897771966712,475.95908949121815,2026-03-21,2026-04-18,sf_autoets
15,2026-03-21,2026-03-28,1,1,23.999499989990998,23.999499989990998,9.175134024598488,17.92061082138786,23.999499989990998,30.078389158594135,38.82386595538351,2026-03-21,2026-03-28,sf_autoets
15,2026-03-21,2026-04-04,2,2,23.999499989990998,23.999499989990998,3.035728802913553,15.403082315218258,23.999499989990998,32.59591766476374,44.96327117706844,2026-03-21,2026-04-04,sf_autoets
15,2026-03-21,2026-04-11,3,3,23.999499989990998,23.999499989990998,0.0,13.471257014350204,23.999499989990998,34.52774296563179,49.67434329024093,2026-03-21,2026-04-11,sf_autoets
15,2026-03-21,2026-04-18,4,4,23.999499989990998,23.999499989990998,0.0,11.842633474761247,23.999499989990998,36.156366505220745,53.64600829367897,2026-03-21,2026-04-18,sf_autoets
16,2026-03-21,2026-03-28,1,1,50.002499930038006,50.002499930038006,7.301638640392497,32.492556922045196,50.002499930038006,67.51244293803082,92.70336121968352,2026-03-21,2026-03-28,sf_autoets
16,2026-03-21,2026-04-04,2,2,50.002499930038006,50.002499930038006,0.0,25.240939160743505,50.002499930038006,74.7640606993325,110.38761775949789,2026-03-21,2026-04-04,sf_autoets
16,2026-03-21,2026-04-11,3,3,50.002499930038006,50.002499930038006,0.0,19.676410842920742,50.002499930038006,80.32858901715527,123.95763062208638,2026-03-21,2026-04-11,sf_autoets
16,2026-03-21,2026-04-18,4,4,50.002499930038006,50.002499930038006,0.0,14.985240372669992,50.002499930038006,85.01975948740602,135.3978174602057,2026-03-21,2026-04-18,sf_autoets
17,2026-03-21,2026-03-28,1,1,187.32856241621064,187.32856241621064,41.616270044979814,127.57768484777793,187.32856241621064,247.07943998464336,333.0408547874415,2026-03-21,2026-03-28,sf_autoets
17,2026-03-21,2026-04-04,2,2,189.65139026371446,189.65139026371446,0.0,100.0509256782267,189.65139026371446,279.25185484920223,408.15678505604683,2026-03-21,2026-04-04,sf_autoets
17,2026-03-21,2026-04-11,3,3,191.9742181112183,191.9742181112183,0.0,75.4629829281242,191.9742181112183,308.4854532943124,476.10593058838384,2026-03-21,2026-04-11,sf_autoets
17,2026-03-21,2026-04-18,4,4,194.29704595872215,194.29704595872215,0.0,51.276354500364306,194.29704595872215,337.31773741708,543.0764054760433,2026-03-21,2026-04-18,sf_autoets
18,2026-03-21,2026-03-28,1,1,168.21234279804816,168.21234279804816,15.198899622911085,105.46755057290665,168.21234279804816,230.95713502318966,321.2257859731852,2026-03-21,2026-03-28,sf_autoets
18,2026-03-21,2026-04-04,2,2,151.41968368547205,151.41968368547205,0.0,55.32663981826374,151.41968368547205,247.51272755268036,385.75829547880915,2026-03-21,2026-04-04,sf_autoets
18,2026-03-21,2026-04-11,3,3,137.98552813571354,137.98552813571354,0.0,12.427899056296951,137.98552813571354,263.5431572151301,444.1783524487104,2026-03-21,2026-04-11,sf_autoets
18,2026-03-21,2026-04-18,4,4,127.23818108810107,127.23818108810107,0.0,0.0,127.23818108810107,280.1289971945294,500.0874546717549,2026-03-21,2026-04-18,sf_autoets
19,2026-03-21,2026-03-28,1,1,68.00439965004202,68.00439965004202,10.989633999349564,44.62488769158479,68.00439965004202,91.38391160849925,125.01916530073447,2026-03-21,2026-03-28,sf_autoets
19,2026-03-21,2026-04-04,2,2,68.00439965004202,68.00439965004202,0.0,34.942429896540915,68.00439965004202,101.06636940354312,148.63142303682687,2026-03-21,2026-04-04,sf_autoets
19,2026-03-21,2026-04-11,3,3,68.00439965004202,68.00439965004202,0.0,27.512596670337608,68.00439965004202,108.49620262974642,166.7502871503472,2026-03-21,2026-04-11,sf_autoets
19,2026-03-21,2026-04-18,4,4,68.00439965004202,68.00439965004202,0.0,21.248882616081467,68.00439965004202,114.75991668400258,182.02537884349,2026-03-21,2026-04-18,sf_autoets
20,2026-03-21,2026-03-28,1,1,33.10686606206809,33.10686606206809,0.0,10.486797492712189,33.10686606206809,55.726934631424,88.26960473582801,2026-03-21,2026-03-28,sf_autoets
20,2026-03-21,2026-04-04,2,2,21.21346509859125,21.21346509859125,0.0,0.0,21.21346509859125,55.855275346702115,105.6931880509488,2026-03-21,2026-04-04,sf_autoets
20,2026-03-21,2026-04-11,3,3,11.698627018362394,11.698627018362394,0.0,0.0,11.698627018362394,56.96192200374202,122.08057856444916,2026-03-21,2026-04-11,sf_autoets
20,2026-03-21,2026-04-18,4,4,4.0866627054643345,4.0866627054643345,0.0,0.0,4.0866627054643345,59.20299479391798,138.49685754326492,2026-03-21,2026-04-18,sf_autoets
21,2026-03-21,2026-03-28,1,1,104.28306278708527,104.28306278708527,0.0,53.19784373194286,104.28306278708527,155.36828184222767,228.8627288561896,2026-03-21,2026-03-28,sf_autoets
21,2026-03-21,2026-04-04,2,2,86.55651937143458,86.55651937143458,0.0,8.319722172520486,86.55651937143458,164.79331657034868,277.34975173158466,2026-03-21,2026-04-04,sf_autoets
21,2026-03-21,2026-04-11,3,3,72.37528463891402,72.37528463891402,0.0,0.0,72.37528463891402,174.60175013244515,321.67124871929,2026-03-21,2026-04-11,sf_autoets
21,2026-03-21,2026-04-18,4,4,61.030296852897585,61.030296852897585,0.0,0.0,61.030296852897585,185.51112715674466,364.59717114815516,2026-03-21,2026-04-18,sf_autoets
22,2026-03-21,2026-03-28,1,1,98.00410047002904,98.00410047002904,9.46627937021914,61.69822385096743,98.00410047002904,134.30997708909067,186.54192156983896,2026-03-21,2026-03-28,sf_autoets
22,2026-03-21,2026-04-04,2,2,98.00410047002904,98.00410047002904,0.0,46.66240451047975,98.00410047002904,149.34579642957834,223.20922743949592,2026-03-21,2026-04-04,sf_autoets
22,2026-03-21,2026-04-11,3,3,98.00410047002904,98.00410047002904,0.0,35.124669724139856,98.00410047002904,160.88353121591823,251.3458817097769,2026-03-21,2026-04-11,sf_autoets
22,2026-03-21,2026-04-18,4,4,98.00410047002904,98.00410047002904,0.0,25.39779304532007,98.00410047002904,170.61040789473802,275.06646216250465,2026-03-21,2026-04-18,sf_autoets
23,2026-03-21,2026-03-28,1,1,26.000400050008004,26.000400050008004,0.0,12.189642580801454,26.000400050008004,39.811157519214554,59.68019208178838,2026-03-21,2026-03-28,sf_autoets
23,2026-03-21,2026-04-04,2,2,26.000400050008004,26.000400050008004,0.0,6.470016074021139,26.000400050008004,45.53078402599487,73.62843725786465,2026-03-21,2026-04-04,sf_autoets
23,2026-03-21,2026-04-11,3,3,26.000400050008004,26.000400050008004,0.0,2.0810611246588273,26.000400050008004,49.91973897535718,84.33162209482697,2026-03-21,2026-04-11,sf_autoets
23,2026-03-21,2026-04-18,4,4,26.000400050008004,26.000400050008004,0.0,0.0,26.000400050008004,53.61984340069783,93.35493220791832,2026-03-21,2026-04-18,sf_autoets
24,2026-03-21,2026-03-28,1,1,52.39823731499097,52.39823731499097,0.0,11.906192556153556,52.39823731499097,92.89028207382839,151.14471443327585,2026-03-21,2026-03-28,sf_autoets
24,2026-03-21,2026-04-04,2,2,49.797006227787335,49.797006227787335,0.0,0.0,49.797006227787335,111.81040240908976,201.02682046698143,2026-03-21,2026-04-04,sf_autoets
24,2026-03-21,2026-04-11,3,3,47.71602135802442,47.71602135802442,0.0,0.0,47.71602135802442,128.74452180492315,245.31727891275284,2026-03-21,2026-04-11,sf_autoets
24,2026-03-21,2026-04-18,4,4,46.0512334622141,46.0512334622141,0.0,0.0,46.0512334622141,144.7193721770339,286.6696354207931,2026-03-21,2026-04-18,sf_autoets
25,2026-03-21,2026-03-28,1,1,27.053863108558332,27.053863108558332,0.0,0.0,27.053863108558332,90.53475048939066,181.8623947728347,2026-03-21,2026-03-28,sf_autoets
25,2026-03-21,2026-04-04,2,2,17.10678020876618,17.10678020876618,0.0,0.0,17.10678020876618,114.32749214204082,254.1953951087885,2026-03-21,2026-04-04,sf_autoets
25,2026-03-21,2026-04-11,3,3,9.149113888932458,9.149113888932458,0.0,0.0,9.149113888932458,136.18051331917908,318.93596836495493,2026-03-21,2026-04-11,sf_autoets
25,2026-03-21,2026-04-18,4,4,2.78298083306548,2.78298083306548,0.0,0.0,2.78298083306548,157.46869846318828,380.00941549353524,2026-03-21,2026-04-18,sf_autoets
26,2026-03-21,2026-03-28,1,1,168.5000510771037,168.5000510771037,41.245590855317175,116.31800418858607,168.5000510771037,220.68209796562132,295.75451129889024,2026-03-21,2026-03-28,sf_autoets
26,2026-03-21,2026-04-04,2,2,171.99455162195838,171.99455162195838,0.0,93.6727630653714,171.99455162195838,250.31634017854537,362.99504931547665,2026-03-21,2026-04-04,sf_autoets
26,2026-03-21,2026-04-11,3,3,175.48905216681305,175.48905216681305,0.0,73.5960467872693,175.48905216681305,277.3820575463568,423.9718191930065,2026-03-21,2026-04-11,sf_autoets
26,2026-03-21,2026-04-18,4,4,178.98355271166773,178.98355271166773,0.0,53.901406438880954,178.98355271166773,304.0656989844545,484.01683439438636,2026-03-21,2026-04-18,sf_autoets
27,2026-03-21,2026-03-28,1,1,114.00160026997901,114.00160026997901,0.0,66.88065611559149,114.00160026997901,161.12254442436654,228.91373329377944,2026-03-21,2026-03-28,sf_autoets
27,2026-03-21,2026-04-04,2,2,114.00160026997901,114.00160026997901,0.0,47.365853845630724,114.00160026997901,180.63734669432728,276.5037719617567,2026-03-21,2026-04-04,sf_autoets
27,2026-03-21,2026-04-11,3,3,114.00160026997901,114.00160026997901,0.0,32.39117186123222,114.00160026997901,195.61202867872578,313.02198438429116,2026-03-21,2026-04-11,sf_autoets
27,2026-03-21,2026-04-18,4,4,114.00160026997901,114.00160026997901,0.0,19.76678001446878,114.00160026997901,208.23642052548922,343.8086297131026,2026-03-21,2026-04-18,sf_autoets
28,2026-03-21,2026-03-28,1,1,64.003600350016,64.003600350016,4.894667728855062,39.76535291890881,64.003600350016,88.2418477811232,123.11253297117693,2026-03-21,2026-03-28,sf_autoets
28,2026-03-21,2026-04-04,2,2,64.003600350016,64.003600350016,0.0,29.727255964851928,64.003600350016,98.27994473518007,147.59207499204678,2026-03-21,2026-04-04,sf_autoets
28,2026-03-21,2026-04-11,3,3,64.003600350016,64.003600350016,0.0,22.024523057998692,64.003600350016,105.98267764203331,166.37644963316288,2026-03-21,2026-04-11,sf_autoets
28,2026-03-21,2026-04-18,4,4,64.003600350016,64.003600350016,0.0,15.530741179466162,64.003600350016,112.47645952056584,182.21259936328227,2026-03-21,2026-04-18,sf_autoets
29,2026-03-21,2026-03-28,1,1,93.96428613525315,93.96428613525315,0.0,30.562868796898577,93.96428613525315,157.3657034736077,248.5790170967531,2026-03-21,2026-03-28,sf_autoets
29,2026-03-21,2026-04-04,2,2,63.92114101731581,63.92114101731581,0.0,0.0,63.92114101731581,161.0198439383166,300.7122169757885,2026-03-21,2026-04-04,sf_autoets
29,2026-03-21,2026-04-11,3,3,39.886624922965936,39.886624922965936,0.0,0.0,39.886624922965936,166.7583063712853,349.28398096437763,2026-03-21,2026-04-11,sf_autoets
29,2026-03-21,2026-04-18,4,4,20.659012047486044,20.659012047486044,0.0,0.0,20.659012047486044,175.14996220389438,397.41047435224795,2026-03-21,2026-04-18,sf_autoets
30,2026-03-21,2026-03-28,1,1,30.8797207156503,30.8797207156503,6.327710911607294,20.81190757519918,30.8797207156503,40.94753385610142,55.4317305196933,2026-03-21,2026-03-28,sf_autoets
30,2026-03-21,2026-04-04,2,2,27.757804440307,27.757804440307,0.0,12.339339707471051,27.757804440307,43.176269173142956,65.3582537139332,2026-03-21,2026-04-04,sf_autoets
30,2026-03-21,2026-04-11,3,3,25.26027120940106,25.26027120940106,0.0,5.11440300087925,25.26027120940106,45.40613941792287,74.38926743393992,2026-03-21,2026-04-11,sf_autoets
30,2026-03-21,2026-04-18,4,4,23.26224445617125,23.26224445617125,0.0,0.0,23.26224445617125,47.79347835617566,83.08567252499941,2026-03-21,2026-04-18,sf_autoets
31,2026-03-21,2026-03-28,1,1,34.325354928066744,34.325354928066744,0.43444307029753304,20.42802552543134,34.325354928066744,48.22268433070215,68.21626678583596,2026-03-21,2026-03-28,sf_autoets
31,2026-03-21,2026-04-04,2,2,27.650127884854548,27.650127884854548,0.0,6.366515100392441,27.650127884854548,48.933740669316656,79.55370043429045,2026-03-21,2026-04-04,sf_autoets
31,2026-03-21,2026-04-11,3,3,22.309936695007448,22.309936695007448,0.0,0.0,22.309936695007448,50.11963626491656,90.12843977633348,2026-03-21,2026-04-11,sf_autoets
31,2026-03-21,2026-04-18,4,4,18.037776098894202,18.037776098894202,0.0,0.0,18.037776098894202,51.90147741969791,100.61995310504217,2026-03-21,2026-04-18,sf_autoets
32,2026-03-21,2026-03-28,1,1,48.000300090008004,48.000300090008004,0.0,25.956481107965676,48.000300090008004,70.04411907205034,101.7577598496755,2026-03-21,2026-03-28,sf_autoets
32,2026-03-21,2026-04-04,2,2,48.000300090008004,48.000300090008004,0.0,16.827191013524537,48.000300090008004,79.17340916649147,124.0210276294575,2026-03-21,2026-04-04,sf_autoets
32,2026-03-21,2026-04-11,3,3,48.000300090008004,48.000300090008004,0.0,9.82183097879792,48.000300090008004,86.17876920121809,141.104744406282,2026-03-21,2026-04-11,sf_autoets
32,2026-03-21,2026-04-18,4,4,48.000300090008004,48.000300090008004,0.0,3.9159686574354,48.000300090008004,92.08463152258061,155.5071560911818,2026-03-21,2026-04-18,sf_autoets
33,2026-03-21,2026-03-28,1,1,26.999400139997,26.999400139997,0.0,14.869837614475463,26.999400139997,39.128962665518536,56.57932319685395,2026-03-21,2026-03-28,sf_autoets
33,2026-03-21,2026-04-04,2,2,26.999400139997,26.999400139997,0.0,9.846465978900142,26.999400139997,44.15233430109386,68.82963693683169,2026-03-21,2026-04-04,sf_autoets
33,2026-03-21,2026-04-11,3,3,26.999400139997,26.999400139997,0.0,5.991782150103177,26.999400139997,48.007018129890824,78.22991422007381,2026-03-21,2026-04-11,sf_autoets
33,2026-03-21,2026-04-18,4,4,26.999400139997,26.999400139997,0.0,2.7420945005881165,26.999400139997,51.256705779405884,86.15480932071888,2026-03-21,2026-04-18,sf_autoets
34,2026-03-21,2026-03-28,1,1,152.0243016756119,152.0243016756119,0.0,73.83835027134981,152.0243016756119,230.21025307987398,342.6935382452785,2026-03-21,2026-03-28,sf_autoets
34,2026-03-21,2026-04-04,2,2,143.04875598549455,143.04875598549455,0.0,23.307300370651646,143.04875598549455,262.79021160033744,435.0578895672361,2026-03-21,2026-04-04,sf_autoets
34,2026-03-21,2026-04-11,3,3,135.86831943340064,135.86831943340064,0.0,0.0,135.86831943340064,292.32597515400414,517.4159150811402,2026-03-21,2026-04-11,sf_autoets
34,2026-03-21,2026-04-18,4,4,130.12397019172553,130.12397019172553,0.0,0.0,130.12397019172553,320.64194340477763,594.7332235537384,2026-03-21,2026-04-18,sf_autoets
35,2026-03-21,2026-03-28,1,1,42.47934669111917,42.47934669111917,0.0,19.251873080313676,42.47934669111917,65.70682030192467,99.12334195204963,2026-03-21,2026-03-28,sf_autoets
35,2026-03-21,2026-04-04,2,2,36.957931042554065,36.957931042554065,0.0,1.3853936260140074,36.957931042554065,72.53046845909412,123.70738449600223,2026-03-21,2026-04-04,sf_autoets
35,2026-03-21,2026-04-11,3,3,32.540695988448945,32.540695988448945,0.0,0.0,32.540695988448945,79.02061072477076,145.88957388052737,2026-03-21,2026-04-11,sf_autoets
35,2026-03-21,2026-04-18,4,4,29.006825915058293,29.006825915058293,0.0,0.0,29.006825915058293,85.60512669581783,167.03104391312075,2026-03-21,2026-04-18,sf_autoets
36,2026-03-21,2026-03-28,1,1,237.0235301134184,237.0235301134184,0.0,91.8438465844095,237.0235301134184,382.2032136424273,591.0679450847882,2026-03-21,2026-03-28,sf_autoets
36,2026-03-21,2026-04-04,2,2,222.04715082435024,222.04715082435024,0.0,0.0,222.04715082435024,444.3892975422078,764.2648588721381,2026-03-21,2026-04-04,sf_autoets
36,2026-03-21,2026-04-11,3,3,210.06599822288217,210.06599822288217,0.0,0.0,210.06599822288217,500.58481054043165,918.5436615220439,2026-03-21,2026-04-11,sf_autoets
36,2026-03-21,2026-04-18,4,4,200.48103680537548,200.48103680537548,0.0,0.0,200.48103680537548,554.2450006098286,1063.1923512164874,2026-03-21,2026-04-18,sf_autoets
37,2026-03-21,2026-03-28,1,1,88.00560061003502,88.00560061003502,0.0,0.0,88.00560061003502,205.72196957204895,375.0762290108921,2026-03-21,2026-03-28,sf_autoets
37,2026-03-21,2026-04-04,2,2,88.00560061003502,88.00560061003502,0.0,0.0,88.00560061003502,254.4733625132609,493.9644782021913,2026-03-21,2026-04-04,sf_autoets
37,2026-03-21,2026-04-11,3,3,88.00560061003502,88.00560061003502,0.0,0.0,88.00560061003502,291.88274004586583,585.1933668526324,2026-03-21,2026-04-11,sf_autoets
37,2026-03-21,2026-04-18,4,4,88.00560061003502,88.00560061003502,0.0,0.0,88.00560061003502,323.4206812994533,662.1037973557869,2026-03-21,2026-04-18,sf_autoets
38,2026-03-21,2026-03-28,1,1,23.999800049991,23.999800049991,6.1775866047712,16.69161159015414,23.999800049991,31.307988509827858,41.8220134952108,2026-03-21,2026-03-28,sf_autoets
38,2026-03-21,2026-04-04,2,2,23.999800049991,23.999800049991,0.0,13.664977567753168,23.999800049991,34.33462253222883,49.202955826437766,2026-03-21,2026-04-04,sf_autoets
38,2026-03-21,2026-04-11,3,3,23.999800049991,23.999800049991,0.0,11.342490189114383,23.999800049991,36.65710991086762,54.86672134280397,2026-03-21,2026-04-11,sf_autoets
38,2026-03-21,2026-04-18,4,4,23.999800049991,23.999800049991,0.0,9.384519344882378,23.999800049991,38.61508075509962,59.64155364183296,2026-03-21,2026-04-18,sf_autoets
39,2026-03-21,2026-03-28,1,1,217.22760372292473,217.22760372292473,0.0,104.07048863121378,217.22760372292473,330.3847188146357,493.17974550099734,2026-03-21,2026-03-28,sf_autoets
39,2026-03-21,2026-04-04,2,2,177.44142277915813,177.44142277915813,0.0,4.141777115203752,177.44142277915813,350.7410684431125,600.0609668669554,2026-03-21,2026-04-04,sf_autoets
39,2026-03-21,2026-04-11,3,3,145.61247802414482,145.61247802414482,0.0,0.0,145.61247802414482,372.0508168481515,697.8194208090516,2026-03-21,2026-04-11,sf_autoets
39,2026-03-21,2026-04-18,4,4,120.1493222201342,120.1493222201342,0.0,0.0,120.1493222201342,395.88254327464756,792.5699017629352,2026-03-21,2026-04-18,sf_autoets
40,2026-03-21,2026-03-28,1,1,67.005000390027,67.005000390027,0.0,19.301082917981574,67.005000390027,114.70891786207244,183.3388092446118,2026-03-21,2026-03-28,sf_autoets
40,2026-03-21,2026-04-04,2,2,67.005000390027,67.005000390027,0.0,0.0,67.005000390027,134.46515436530075,231.51762479784918,2026-03-21,2026-04-04,sf_autoets
40,2026-03-21,2026-04-11,3,3,67.005000390027,67.005000390027,0.0,0.0,67.005000390027,149.62510088957595,268.48763511690186,2026-03-21,2026-04-11,sf_autoets
40,2026-03-21,2026-04-18,4,4,67.005000390027,67.005000390027,0.0,0.0,67.005000390027,162.4056798359486,299.6551682460107,2026-03-21,2026-04-18,sf_autoets
41,2026-03-21,2026-03-28,1,1,49.00530045005002,49.00530045005002,0.0,13.301471452335171,49.00530045005002,84.70912944776487,136.07492990827924,2026-03-21,2026-03-28,sf_autoets
41,2026-03-21,2026-04-04,2,2,49.00530045005002,49.00530045005002,0.0,0.0,49.00530045005002,99.4956150684275,172.1341947020617,2026-03-21,2026-04-04,sf_autoets
41,2026-03-21,2026-04-11,3,3,49.00530045005002,49.00530045005002,0.0,0.0,49.00530045005002,110.84202364450317,199.80426870067438,2026-03-21,2026-04-11,sf_autoets
41,2026-03-21,2026-04-18,4,4,49.00530045005002,49.00530045005002,0.0,0.0,49.00530045005002,120.40760293807978,223.13149908535752,2026-03-21,2026-04-18,sf_autoets
42,2026-03-21,2026-03-28,1,1,698.1583990580092,698.1583990580092,304.33813261416105,536.6682039528235,698.1583990580092,859.6485941631948,1091.9786655018574,2026-03-21,2026-03-28,sf_autoets
42,2026-03-21,2026-04-04,2,2,712.2940478627143,712.2940478627143,133.69905384187996,475.03500755217505,712.2940478627143,949.5530881732534,1290.8890418835485,2026-03-21,2026-04-04,sf_autoets
42,2026-03-21,2026-04-11,3,3,726.4296966674194,726.4296966674194,0.0,424.51615323401074,726.4296966674194,1028.343240100828,1462.6952763857842,2026-03-21,2026-04-11,sf_autoets
42,2026-03-21,2026-04-18,4,4,740.5653454721245,740.5653454721245,0.0,378.31165906633254,740.5653454721245,1102.8190318779164,1623.9802376745436,2026-03-21,2026-04-18,sf_autoets
44,2026-03-21,2026-03-28,1,1,11.000300030006,11.000300030006,0.0,0.0,11.000300030006,22.325822474653716,38.619439779399514,2026-03-21,2026-03-28,sf_autoets
44,2026-03-21,2026-04-04,2,2,11.000300030006,11.000300030006,0.0,0.0,11.000300030006,27.01620665683747,50.05770912540206,2026-03-21,2026-04-04,sf_autoets
44,2026-03-21,2026-04-11,3,3,11.000300030006,11.000300030006,0.0,0.0,11.000300030006,30.615372589508524,58.83486420690349,2026-03-21,2026-04-11,sf_autoets
44,2026-03-21,2026-04-18,4,4,11.000300030006,11.000300030006,0.0,0.0,11.000300030006,33.64964611217168,66.23443670962038,2026-03-21,2026-04-18,sf_autoets
45,2026-03-21,2026-03-28,1,1,53.00190024008801,53.00190024008801,0.0,0.0,53.00190024008801,108.83306247293824,189.15532535725632,2026-03-21,2026-03-28,sf_autoets
45,2026-03-21,2026-04-04,2,2,53.00190024008801,53.00190024008801,0.0,0.0,53.00190024008801,131.9551393121971,245.54229334401836,2026-03-21,2026-04-04,sf_autoets
45,2026-03-21,2026-04-11,3,3,53.00190024008801,53.00190024008801,0.0,0.0,53.00190024008801,149.69786315315065,288.8108287862643,2026-03-21,2026-04-11,sf_autoets
45,2026-03-21,2026-04-18,4,4,53.00190024008801,53.00190024008801,0.0,0.0,53.00190024008801,164.6558501361448,325.28832771596376,2026-03-21,2026-04-18,sf_autoets
46,2026-03-21,2026-03-28,1,1,26.999400190009,26.999400190009,5.600273031438665,18.22446016185042,26.999400190009,35.77434021816758,48.398527348579336,2026-03-21,2026-03-28,sf_autoets
46,2026-03-21,2026-04-04,2,2,26.999400190009,26.999400190009,0.0,14.590381459623606,26.999400190009,39.40841892039439,57.26082293164363,2026-03-21,2026-04-04,sf_autoets
46,2026-03-21,2026-04-11,3,3,26.999400190009,26.999400190009,0.0,11.801771453777436,26.999400190009,42.19702892624056,64.06130474910015,2026-03-21,2026-04-11,sf_autoets
46,2026-03-21,2026-04-18,4,4,26.999400190009,26.999400190009,0.0,9.45083635824182,26.999400190009,44.54796402177618,69.79444467820225,2026-03-21,2026-04-18,sf_autoets
47,2026-03-21,2026-03-28,1,1,148.03805315190522,148.03805315190522,49.352542617411004,107.57100839014808,148.03805315190522,188.50509791366235,246.72356368639942,2026-03-21,2026-03-28,sf_autoets
47,2026-03-21,2026-04-04,2,2,151.07270223803664,151.07270223803664,4.509983286891952,90.97309819203322,151.07270223803664,211.17230628404008,297.63542118918133,2026-03-21,2026-04-04,sf_autoets
47,2026-03-21,2026-04-11,3,3,154.10735132416804,154.10735132416804,0.0,76.77547603039218,154.10735132416804,231.4392266179439,342.69378354044386,2026-03-21,2026-04-11,sf_autoets
47,2026-03-21,2026-04-18,4,4,157.14200041029946,157.14200041029946,0.0,63.288390111646606,157.14200041029946,250.9956107089523,386.019386993788,2026-03-21,2026-04-18,sf_autoets
48,2026-03-21,2026-03-28,1,1,357.1632872946371,357.1632872946371,0.0,185.12419159634166,357.1632872946371,529.2023829929325,776.7087740192721,2026-03-21,2026-03-28,sf_autoets
48,2026-03-21,2026-04-04,2,2,299.3323579336434,299.3323579336434,0.0,35.859310273939116,299.3323579336434,562.8054055933476,941.8544984421326,2026-03-21,2026-04-04,sf_autoets
48,2026-03-21,2026-04-11,3,3,253.067433876245,253.067433876245,0.0,0.0,253.067433876245,597.3249523076713,1092.5957256443985,2026-03-21,2026-04-11,sf_autoets
48,2026-03-21,2026-04-18,4,4,216.05535017487972,216.05535017487972,0.0,0.0,216.05535017487972,635.2528950880201,1238.3371594374828,2026-03-21,2026-04-18,sf_autoets
49,2026-03-21,2026-03-28,1,1,48.99700000002399,48.99700000002399,12.104164958106686,33.868700020184995,48.99700000002399,64.12529997986299,85.8898350419413,2026-03-21,2026-03-28,sf_autoets
49,2026-03-21,2026-04-04,2,2,48.99700000002399,48.99700000002399,0.0,27.60342269849278,48.99700000002399,70.3905773015552,101.16873901853447,2026-03-21,2026-04-04,sf_autoets
49,2026-03-21,2026-04-11,3,3,48.99700000002399,48.99700000002399,0.0,22.795762639296417,48.99700000002399,75.19823736075156,112.89300478123872,2026-03-21,2026-04-11,sf_autoets
49,2026-03-21,2026-04-18,4,4,48.99700000002399,48.99700000002399,0.0,18.742669256975297,48.99700000002399,79.25133074307269,122.77713622778154,2026-03-21,2026-04-18,sf_autoets
50,2026-03-21,2026-03-28,1,1,6.000600029999002,6.000600029999002,0.0,0.6152415991600284,6.000600029999002,11.385958460837976,19.133677804455942,2026-03-21,2026-03-28,sf_autoets
50,2026-03-21,2026-04-04,2,2,6.000600029999002,6.000600029999002,0.0,0.0,6.000600029999002,13.616266168305746,24.572648108718834,2026-03-21,2026-04-04,sf_autoets
50,2026-03-21,2026-04-11,3,3,6.000600029999002,6.000600029999002,0.0,0.0,6.000600029999002,15.32769261191838,28.74624154319065,2026-03-21,2026-04-11,sf_autoets
50,2026-03-21,2026-04-18,4,4,6.000600029999002,6.000600029999002,0.0,0.0,6.000600029999002,16.770509098010628,32.264785641873075,2026-03-21,2026-04-18,sf_autoets
51,2026-03-21,2026-03-28,1,1,91.83481894132959,91.83481894132959,35.08411582295851,68.56358863696195,91.83481894132959,115.10604924569722,148.58552205970068,2026-03-21,2026-03-28,sf_autoets
51,2026-03-21,2026-04-04,2,2,94.66605372232416,94.66605372232416,10.419309645675625,60.119778943815646,94.66605372232416,129.21232850083268,178.9127977989727,2026-03-21,2026-04-04,sf_autoets
51,2026-03-21,2026-04-11,3,3,97.49728850331873,97.49728850331873,0.0,53.08543456722185,97.49728850331873,141.9091424394156,205.8028617239514,2026-03-21,2026-04-11,sf_autoets
51,2026-03-21,2026-04-18,4,4,100.3285232843133,100.3285232843133,0.0,46.50061402764506,100.3285232843133,154.15643254098154,231.59668821388595,2026-03-21,2026-04-18,sf_autoets
53,2026-03-21,2026-03-28,1,1,82.04118125904456,82.04118125904456,24.54209006858457,58.463066454122,82.04118125904456,105.61929606396713,139.54027244950456,2026-03-21,2026-03-28,sf_autoets
53,2026-03-21,2026-04-04,2,2,85.0808576994463,85.0808576994463,0.0,49.65850018772002,85.0808576994463,120.50321521117257,171.46407288010178,2026-03-21,2026-04-04,sf_autoets
53,2026-03-21,2026-04-11,3,3,88.12053413984803,88.12053413984803,0.0,42.033147036579585,88.12053413984803,134.2079212431165,200.51216916690316,2026-03-21,2026-04-11,sf_autoets
53,2026-03-21,2026-04-18,4,4,91.16021058024975,91.16021058024975,0.0,34.6239240064087,91.16021058024975,147.69649715409082,229.03319678695772,2026-03-21,2026-04-18,sf_autoets
54,2026-03-21,2026-03-28,1,1,59.49518656837118,59.49518656837118,6.126893533625783,37.61094954716498,59.49518656837118,81.37942358957739,112.86347960311659,2026-03-21,2026-03-28,sf_autoets
54,2026-03-21,2026-04-04,2,2,50.987077415845505,50.987077415845505,0.0,17.471487676738455,50.987077415845505,84.50266715495255,132.72032736628785,2026-03-21,2026-04-04,sf_autoets
54,2026-03-21,2026-04-11,3,3,44.18059009382496,44.18059009382496,0.0,0.38817620714400647,44.18059009382496,87.97300398050592,150.97555739099536,2026-03-21,2026-04-11,sf_autoets
54,2026-03-21,2026-04-18,4,4,38.735400236208534,38.735400236208534,0.0,0.0,38.735400236208534,92.06125347831912,168.77921941962578,2026-03-21,2026-04-18,sf_autoets
55,2026-03-21,2026-03-28,1,1,137.00110018004102,137.00110018004102,18.314734807836956,88.3324918492521,137.00110018004102,185.66970851082993,255.6874655522451,2026-03-21,2026-03-28,sf_autoets
55,2026-03-21,2026-04-04,2,2,137.00110018004102,137.00110018004102,0.0,68.17673552107424,137.00110018004102,205.8254648390078,304.8405755746219,2026-03-21,2026-04-04,sf_autoets
55,2026-03-21,2026-04-11,3,3,137.00110018004102,137.00110018004102,0.0,52.71021749059983,137.00110018004102,221.2919828694822,342.55821067780977,2026-03-21,2026-04-11,sf_autoets
55,2026-03-21,2026-04-18,4,4,137.00110018004102,137.00110018004102,0.0,39.671183718452326,137.00110018004102,234.33101664162973,374.3560281921969,2026-03-21,2026-04-18,sf_autoets
56,2026-03-21,2026-03-28,1,1,12.672625813420744,12.672625813420744,0.0,5.217770705922293,12.672625813420744,20.127480920919197,30.85250987897073,2026-03-21,2026-03-28,sf_autoets
56,2026-03-21,2026-04-04,2,2,12.672625813420744,12.672625813420744,0.0,2.942831900816122,12.672625813420744,22.402419726025364,36.40032041809857,2026-03-21,2026-04-04,sf_autoets
56,2026-03-21,2026-04-11,3,3,12.672625813420744,12.672625813420744,0.0,1.107033978597931,12.672625813420744,24.238217648243555,40.87721405485544,2026-03-21,2026-04-11,sf_autoets
56,2026-03-21,2026-04-18,4,4,12.672625813420744,12.672625813420744,0.0,0.0,12.672625813420744,25.82013277853327,44.73497295901968,2026-03-21,2026-04-18,sf_autoets
72,2026-03-21,2026-03-28,1,1,150.99719966002,150.99719966002,45.87137552357841,107.88923570558501,150.99719966002,194.10516361445497,256.12302379646155,2026-03-21,2026-03-28,sf_autoets
72,2026-03-21,2026-04-04,2,2,150.99719966002,150.99719966002,2.3342667430806614,90.03638050652242,150.99719966002,211.95801881351755,299.6601325769593,2026-03-21,2026-04-04,sf_autoets
72,2026-03-21,2026-04-11,3,3,150.99719966002,150.99719966002,0.0,76.33699347604265,150.99719966002,225.6574058439973,333.06832956964286,2026-03-21,2026-04-11,sf_autoets
72,2026-03-21,2026-04-18,4,4,150.99719966002,150.99719966002,0.0,64.7877378649097,150.99719966002,237.20666145513027,361.23307925640836,2026-03-21,2026-04-18,sf_autoets
01,2026-04-18,2026-04-25,1,1,26.000699970015003,26.000699970015003,0.0,0.0,26.000699970015003,62.77047048251296,115.66980223891248,2026-04-18,2026-04-25,sf_autoets
01,2026-04-18,2026-05-02,2,2,26.000699970015003,26.000699970015003,0.0,0.0,26.000699970015003,77.99840816373236,152.80562012000416,2026-04-18,2026-05-02,sf_autoets
01,2026-04-18,2026-05-09,3,3,26.000699970015003,26.000699970015003,0.0,0.0,26.000699970015003,89.68356494369687,181.3017870453483,2026-04-18,2026-05-09,sf_autoets
01,2026-04-18,2026-05-16,4,4,26.000699970015003,26.000699970015003,0.0,0.0,26.000699970015003,99.53472559838254,205.32545431061178,2026-04-18,2026-05-16,sf_autoets
02,2026-04-18,2026-04-25,1,1,3.000699970002003,3.000699970002003,0.0,0.0,3.000699970002003,8.41962180368407,16.215627594487422,2026-04-18,2026-04-25,sf_autoets
02,2026-04-18,2026-05-02,2,2,3.000699970002003,3.000699970002003,0.0,0.0,3.000699970002003,10.663829554577202,21.688495429196614,2026-04-18,2026-05-02,sf_autoets
02,2026-04-18,2026-05-09,3,3,3.000699970002003,3.000699970002003,0.0,0.0,3.000699970002003,12.385922195417184,25.88810013098581,2026-04-18,2026-05-09,sf_autoets
02,2026-04-18,2026-05-16,4,4,3.000699970002003,3.000699970002003,0.0,0.0,3.000699970002003,13.837730809252326,29.428573004609017,2026-04-18,2026-05-16,sf_autoets
04,2026-04-18,2026-04-25,1,1,72.80441192395098,72.80441192395098,1.372758893623768,43.51310173131459,72.80441192395098,102.09572211658737,144.2360649542782,2026-04-18,2026-04-25,sf_autoets
04,2026-04-18,2026-05-02,2,2,84.60703244007479,84.60703244007479,0.0,36.42027162927507,84.60703244007479,132.7937932508745,202.1183337869747,2026-04-18,2026-05-02,sf_autoets
04,2026-04-18,2026-05-09,3,3,96.40965295619861,96.40965295619861,0.0,28.197500377841735,96.40965295619861,164.6218055345555,262.7561490120097,2026-04-18,2026-05-09,sf_autoets
04,2026-04-18,2026-05-16,4,4,108.21227347232244,108.21227347232244,0.0,17.633531587992522,108.21227347232244,198.79101535665234,329.1033575396913,2026-04-18,2026-05-16,sf_autoets
05,2026-04-18,2026-04-25,1,1,0.0,0.0,0.0,0.0,0.0,25.774185781928267,66.64091235373233,2026-04-18,2026-04-25,sf_autoets
05,2026-04-18,2026-05-02,2,2,0.0,0.0,0.0,0.0,0.0,35.2402536926878,97.82761477943359,2026-04-18,2026-05-02,sf_autoets
05,2026-04-18,2026-05-09,3,3,0.0,0.0,0.0,0.0,0.0,44.074368555283414,125.85318512025346,2026-04-18,2026-05-09,sf_autoets
05,2026-04-18,2026-05-16,4,4,0.0,0.0,0.0,0.0,0.0,52.8446481965719,152.4269902766316,2026-04-18,2026-05-16,sf_autoets
06,2026-04-18,2026-04-25,1,1,198.8963188269199,198.8963188269199,87.28418598076709,153.12857489594305,198.8963188269199,244.66406275789674,310.5084516730727,2026-04-18,2026-04-25,sf_autoets
06,2026-04-18,2026-05-02,2,2,203.78564731582347,203.78564731582347,39.51439636603922,136.4244710980525,203.78564731582347,271.14682353359444,368.05689826560774,2026-04-18,2026-05-02,sf_autoets
06,2026-04-18,2026-05-09,3,3,208.674975804727,208.674975804727,0.0,122.814254090599,208.674975804727,294.53569751885505,418.06039564705645,2026-04-18,2026-05-09,sf_autoets
06,2026-04-18,2026-05-16,4,4,213.56430429363058,213.56430429363058,0.0,110.3823729867599,213.56430429363058,316.7462356005013,465.1903281088548,2026-04-18,2026-05-16,sf_autoets
08,2026-04-18,2026-04-25,1,1,20.000500090000006,20.000500090000006,0.0,0.0,20.000500090000006,60.948326259518296,119.85847476067548,2026-04-18,2026-04-25,sf_autoets
08,2026-04-18,2026-05-02,2,2,20.000500090000006,20.000500090000006,0.0,0.0,20.000500090000006,77.9065758324626,161.21394133180817,2026-04-18,2026-05-02,sf_autoets
08,2026-04-18,2026-05-09,3,3,20.000500090000006,20.000500090000006,0.0,0.0,20.000500090000006,90.91948730622117,192.9480553470141,2026-04-18,2026-05-09,sf_autoets
08,2026-04-18,2026-05-16,4,4,20.000500090000006,20.000500090000006,0.0,0.0,20.000500090000006,101.89001033189406,219.70147092239807,2026-04-18,2026-05-16,sf_autoets
09,2026-04-18,2026-04-25,1,1,33.999500050007,33.999500050007,0.0,0.29299008855429065,33.999500050007,67.70601001145971,116.19834020414386,2026-04-18,2026-04-25,sf_autoets
09,2026-04-18,2026-05-02,2,2,33.999500050007,33.999500050007,0.0,0.0,33.999500050007,81.66532022716909,150.24040241691324,2026-04-18,2026-05-02,sf_autoets
09,2026-04-18,2026-05-09,3,3,33.999500050007,33.999500050007,0.0,0.0,33.999500050007,92.37699582142216,176.36257617390908,2026-04-18,2026-05-09,sf_autoets
09,2026-04-18,2026-05-16,4,4,33.999500050007,33.999500050007,0.0,0.0,33.999500050007,101.40746405962264,198.38485068639199,2026-04-18,2026-05-16,sf_autoets
10,2026-04-18,2026-04-25,1,1,2.0004000099970027,2.0004000099970027,0.0,0.0,2.0004000099970027,14.193995605470775,31.736478186075775,2026-04-18,2026-04-25,sf_autoets
10,2026-04-18,2026-05-02,2,2,2.0004000099970027,2.0004000099970027,0.0,0.0,2.0004000099970027,19.243886079352094,44.051462452710865,2026-04-18,2026-05-02,sf_autoets
10,2026-04-18,2026-05-09,3,3,2.0004000099970027,2.0004000099970027,0.0,0.0,2.0004000099970027,23.118919136633913,53.50136465948851,2026-04-18,2026-05-09,sf_autoets
10,2026-04-18,2026-05-16,4,4,2.0004000099970027,2.0004000099970027,0.0,0.0,2.0004000099970027,26.385762184469925,61.46809600618746,2026-04-18,2026-05-16,sf_autoets
11,2026-04-18,2026-04-25,1,1,4.373029748775967,4.373029748775967,0.0,0.0,4.373029748775967,17.13773058839929,35.501841516339724,2026-04-18,2026-04-25,sf_autoets
11,2026-04-18,2026-05-02,2,2,4.373029748775967,4.373029748775967,0.0,0.0,4.373029748775967,21.07551015225709,45.10476134701755,2026-04-18,2026-05-02,sf_autoets
11,2026-04-18,2026-05-09,3,3,4.373029748775967,4.373029748775967,0.0,0.0,4.373029748775967,24.247840835482208,52.84100882694641,2026-04-18,2026-05-09,sf_autoets
11,2026-04-18,2026-05-16,4,4,4.373029748775967,4.373029748775967,0.0,0.0,4.373029748775967,26.97929834480596,59.50211492940221,2026-04-18,2026-05-16,sf_autoets
12,2026-04-18,2026-04-25,1,1,190.89003498708666,190.89003498708666,90.37175491056048,149.67144355253333,190.89003498708666,232.10862642164,291.40831506361286,2026-04-18,2026-04-25,sf_autoets
12,2026-04-18,2026-05-02,2,2,210.96758325368046,210.96758325368046,63.023566081363214,150.30156315893007,210.96758325368046,271.6336033484308,358.9116004259977,2026-04-18,2026-05-02,sf_autoets
12,2026-04-18,2026-05-09,3,3,231.04513152027425,231.04513152027425,39.084879003158704,152.32978527526402,231.04513152027425,309.76047776528446,423.00538403738983,2026-04-18,2026-05-09,sf_autoets
12,2026-04-18,2026-05-16,4,4,251.12267978686805,251.12267978686805,15.624984389376579,154.55434134158145,251.12267978686805,347.69101823215465,486.62037518435955,2026-04-18,2026-05-16,sf_autoets
13,2026-04-18,2026-04-25,1,1,38.000400309982005,38.000400309982005,0.0,0.0,38.000400309982005,114.2151333090826,223.8624982355094,2026-04-18,2026-04-25,sf_autoets
13,2026-04-18,2026-05-02,2,2,38.000400309982005,38.000400309982005,0.0,0.0,38.000400309982005,145.77892030923795,300.8359578209755,2026-04-18,2026-05-02,sf_autoets
13,2026-04-18,2026-05-09,3,3,38.000400309982005,38.000400309982005,0.0,0.0,38.000400309982005,169.99938977708297,359.90153596959914,2026-04-18,2026-05-09,sf_autoets
13,2026-04-18,2026-05-16,4,4,38.000400309982005,38.000400309982005,0.0,0.0,38.000400309982005,190.41843424114663,409.69671719486547,2026-04-18,2026-05-16,sf_autoets
15,2026-04-18,2026-04-25,1,1,3.999999980001002,3.999999980001002,0.0,0.0,3.999999980001002,10.099828168402084,18.875429171557357,2026-04-18,2026-04-25,sf_autoets
15,2026-04-18,2026-05-02,2,2,3.999999980001002,3.999999980001002,0.0,0.0,3.999999980001002,12.626028419979521,25.035981863432802,2026-04-18,2026-05-02,sf_autoets
15,2026-04-18,2026-05-09,3,3,3.999999980001002,3.999999980001002,0.0,0.0,3.999999980001002,14.564507984003086,29.763281486189904,2026-04-18,2026-05-09,sf_autoets
15,2026-04-18,2026-05-16,4,4,3.999999980001002,3.999999980001002,0.0,0.0,3.999999980001002,16.198741394012938,33.74862707662849,2026-04-18,2026-05-16,sf_autoets
16,2026-04-18,2026-04-25,1,1,7.000800110021002,7.000800110021002,0.0,0.0,7.000800110021002,24.386368345506384,49.39835316466276,2026-04-18,2026-04-25,sf_autoets
16,2026-04-18,2026-05-02,2,2,7.000800110021002,7.000800110021002,0.0,0.0,7.000800110021002,31.586477183623067,66.95699676655389,2026-04-18,2026-05-02,sf_autoets
16,2026-04-18,2026-05-09,3,3,7.000800110021002,7.000800110021002,0.0,0.0,7.000800110021002,37.11148013329789,80.43062055112331,2026-04-18,2026-05-09,sf_autoets
16,2026-04-18,2026-05-16,4,4,7.000800110021002,7.000800110021002,0.0,0.0,7.000800110021002,41.76932877835683,91.78954666584768,2026-04-18,2026-05-16,sf_autoets
17,2026-04-18,2026-04-25,1,1,88.32849679554022,88.32849679554022,20.128441910577862,60.362337844379965,88.32849679554022,116.29465574670047,156.52855168050257,2026-04-18,2026-04-25,sf_autoets
17,2026-04-18,2026-05-02,2,2,90.65576064391932,90.65576064391932,0.0,48.4857209224895,90.65576064391932,132.82580036534915,193.49430305959982,2026-04-18,2026-05-02,sf_autoets
17,2026-04-18,2026-05-09,3,3,92.98302449229841,92.98302449229841,0.0,37.87336868152013,92.98302449229841,148.0926803030767,227.37693813450534,2026-04-18,2026-05-09,sf_autoets
17,2026-04-18,2026-05-16,4,4,95.31028834067752,95.31028834067752,0.0,27.358935862235114,95.31028834067752,163.26164081911992,261.0207806764485,2026-04-18,2026-05-16,sf_autoets
18,2026-04-18,2026-04-25,1,1,29.384243275648164,29.384243275648164,0.0,0.0,29.384243275648164,91.76966911740966,181.52131271947917,2026-04-18,2026-04-25,sf_autoets
18,2026-04-18,2026-05-02,2,2,19.770863768791436,19.770863768791436,0.0,0.0,19.770863768791436,115.3138501519646,252.76807037786293,2026-04-18,2026-05-02,sf_autoets
18,2026-04-18,2026-05-09,3,3,12.080154468033616,12.080154468033616,0.0,0.0,12.080154468033616,136.91936243221275,316.5209913316537,2026-04-18,2026-05-09,sf_autoets
18,2026-04-18,2026-05-16,4,4,5.92758247120603,5.92758247120603,0.0,0.0,5.92758247120603,157.9438544189591,376.6441370166417,2026-04-18,2026-05-16,sf_autoets
19,2026-04-18,2026-04-25,1,1,11.584605171436785,11.584605171436785,0.0,0.0,11.584605171436785,33.69495129350223,65.50430224831467,2026-04-18,2026-04-25,sf_autoets
19,2026-04-18,2026-05-02,2,2,7.169775285411699,7.169775285411699,0.0,0.0,7.169775285411699,41.031677343941766,89.74756449608051,2026-04-18,2026-05-02,sf_autoets
19,2026-04-18,2026-05-09,3,3,3.6379113765916298,3.6379113765916298,0.0,0.0,3.6379113765916298,47.88285384129279,111.53644366142767,2026-04-18,2026-05-09,sf_autoets
19,2026-04-18,2026-05-16,4,4,0.8124202495355757,0.8124202495355757,0.0,0.0,0.8124202495355757,54.68934128915532,132.20010843194885,2026-04-18,2026-05-16,sf_autoets
20,2026-04-18,2026-04-25,1,1,2.6860603544449075,2.6860603544449075,0.0,0.0,2.6860603544449075,25.110487435274845,57.37169524435847,2026-04-18,2026-04-25,sf_autoets
20,2026-04-18,2026-05-02,2,2,0.0,0.0,0.0,0.0,0.0,32.71443748706963,82.1212293841548,2026-04-18,2026-05-02,sf_autoets
20,2026-04-18,2026-05-09,3,3,0.0,0.0,0.0,0.0,0.0,39.7929308343397,104.34822119721062,2026-04-18,2026-05-09,sf_autoets
20,2026-04-18,2026-05-16,4,4,0.0,0.0,0.0,0.0,0.0,46.79979325440637,125.40760886637247,2026-04-18,2026-05-16,sf_autoets
21,2026-04-18,2026-04-25,1,1,26.98632781669017,26.98632781669017,0.0,0.0,26.98632781669017,77.62722084262509,150.48243215564452,2026-04-18,2026-04-25,sf_autoets
21,2026-04-18,2026-05-02,2,2,18.973657701908184,18.973657701908184,0.0,0.0,18.973657701908184,96.5299141900272,208.10728017752857,2026-04-18,2026-05-02,sf_autoets
21,2026-04-18,2026-05-09,3,3,12.563521610082592,12.563521610082592,0.0,0.0,12.563521610082592,113.90071629097244,259.69085329672714,2026-04-18,2026-05-09,sf_autoets
21,2026-04-18,2026-05-16,4,4,7.435412736622119,7.435412736622119,0.0,0.0,7.435412736622119,130.83332773083626,308.36142084493883,2026-04-18,2026-05-16,sf_autoets
22,2026-04-18,2026-04-25,1,1,20.000200040012007,20.000200040012007,0.0,0.0,20.000200040012007,56.0783951276872,107.98278246854194,2026-04-18,2026-04-25,sf_autoets
22,2026-04-18,2026-05-02,2,2,20.000200040012007,20.000200040012007,0.0,0.0,20.000200040012007,71.0199217890857,144.4201402105221,2026-04-18,2026-05-02,sf_autoets
22,2026-04-18,2026-05-09,3,3,20.000200040012007,20.000200040012007,0.0,0.0,20.000200040012007,82.4853010955553,172.3803438031466,2026-04-18,2026-05-09,sf_autoets
22,2026-04-18,2026-05-16,4,4,20.000200040012007,20.000200040012007,0.0,0.0,20.000200040012007,92.1511785537509,195.95216767468725,2026-04-18,2026-05-16,sf_autoets
23,2026-04-18,2026-04-25,1,1,3.0003000200020025,3.0003000200020025,0.0,0.0,3.0003000200020025,16.703580231477762,36.41799117161052,2026-04-18,2026-04-25,sf_autoets
23,2026-04-18,2026-05-02,2,2,3.0003000200020025,3.0003000200020025,0.0,0.0,3.0003000200020025,22.378695800059084,50.25768914127729,2026-04-18,2026-05-02,sf_autoets
23,2026-04-18,2026-05-09,3,3,3.0003000200020025,3.0003000200020025,0.0,0.0,3.0003000200020025,26.73349528450116,60.8775802879531,2026-04-18,2026-05-09,sf_autoets
23,2026-04-18,2026-05-16,4,4,3.0003000200020025,3.0003000200020025,0.0,0.0,3.0003000200020025,30.404804976617367,69.83066973220915,2026-04-18,2026-05-16,sf_autoets
24,2026-04-18,2026-04-25,1,1,3.1168944931667815,3.1168944931667815,0.0,0.0,3.1168944931667815,43.28033747453068,101.06202240585903,2026-04-18,2026-04-25,sf_autoets
24,2026-04-18,2026-05-02,2,2,0.23386451931916596,0.23386451931916596,0.0,0.0,0.23386451931916596,61.7440500107686,150.23651714770327,2026-04-18,2026-05-02,sf_autoets
24,2026-04-18,2026-05-09,3,3,0.0,0.0,0.0,0.0,0.0,78.2984809479298,193.92540252297727,2026-04-18,2026-05-09,sf_autoets
24,2026-04-18,2026-05-16,4,4,0.0,0.0,0.0,0.0,0.0,93.94991841783757,234.7485738949578,2026-04-18,2026-05-16,sf_autoets
25,2026-04-18,2026-04-25,1,1,40.211311390732384,40.211311390732384,0.0,0.0,40.211311390732384,103.1077942164784,193.59467691755268,2026-04-18,2026-04-25,sf_autoets
25,2026-04-18,2026-05-02,2,2,38.421777593408095,38.421777593408095,0.0,0.0,38.421777593408095,134.74747640940086,273.3277565501825,2026-04-18,2026-05-02,sf_autoets
25,2026-04-18,2026-05-09,3,3,36.99015055554866,36.99015055554866,0.0,0.0,36.99015055554866,162.85209991146567,343.92510966067704,2026-04-18,2026-05-09,sf_autoets
25,2026-04-18,2026-05-16,4,4,35.84484892526112,35.84484892526112,0.0,0.0,35.84484892526112,189.10653104297023,409.59853996461516,2026-04-18,2026-05-16,sf_autoets
26,2026-04-18,2026-04-25,1,1,53.39577169720488,53.39577169720488,13.27214438944241,36.94265093537078,53.39577169720488,69.84889245903898,93.51939900496734,2026-04-18,2026-04-25,sf_autoets
26,2026-04-18,2026-05-02,2,2,56.789003188744424,56.789003188744424,0.0,31.618690562871116,56.789003188744424,81.95931581461772,118.17092930716842,2026-04-18,2026-05-02,sf_autoets
26,2026-04-18,2026-05-09,3,3,60.18223468028397,60.18223468028397,0.0,26.86488223928921,60.18223468028397,93.49958712127872,141.43205054043472,2026-04-18,2026-05-09,sf_autoets
26,2026-04-18,2026-05-16,4,4,63.57546617182351,63.57546617182351,0.0,22.02793383952711,63.57546617182351,105.1229985041199,164.8959224542121,2026-04-18,2026-05-16,sf_autoets
27,2026-04-18,2026-04-25,1,1,23.000200080003008,23.000200080003008,0.0,0.0,23.000200080003008,69.821584378927,137.18180737734878,2026-04-18,2026-04-25,sf_autoets
27,2026-04-18,2026-05-02,2,2,23.000200080003008,23.000200080003008,0.0,0.0,23.000200080003008,89.2123260755632,184.469304036444,2026-04-18,2026-05-02,sf_autoets
27,2026-04-18,2026-05-09,3,3,23.000200080003008,23.000200080003008,0.0,0.0,23.000200080003008,104.0918101887951,220.75536087229844,2026-04-18,2026-05-09,sf_autoets
27,2026-04-18,2026-05-16,4,4,23.000200080003008,23.000200080003008,0.0,0.0,23.000200080003008,116.63594555800282,251.34628764770645,2026-04-18,2026-05-16,sf_autoets
28,2026-04-18,2026-04-25,1,1,13.999900050013004,13.999900050013004,0.0,0.0,13.999900050013004,38.068929861426184,72.69616781538203,2026-04-18,2026-04-25,sf_autoets
28,2026-04-18,2026-05-02,2,2,13.999900050013004,13.999900050013004,0.0,0.0,13.999900050013004,48.036946547606796,97.00480763535037,2026-04-18,2026-05-02,sf_autoets
28,2026-04-18,2026-05-09,3,3,13.999900050013004,13.999900050013004,0.0,0.0,13.999900050013004,55.68590336642638,115.65804048606907,2026-04-18,2026-05-09,sf_autoets
28,2026-04-18,2026-05-16,4,4,13.999900050013004,13.999900050013004,0.0,0.0,13.999900050013004,62.134349363500455,131.38363125064998,2026-04-18,2026-05-16,sf_autoets
29,2026-04-18,2026-04-25,1,1,12.453351535800197,12.453351535800197,0.0,0.0,12.453351535800197,75.2845805746986,165.67758502549552,2026-04-18,2026-04-25,sf_autoets
29,2026-04-18,2026-05-02,2,2,0.9068823995158688,0.9068823995158688,0.0,0.0,0.9068823995158688,97.13259871177672,235.56903766015958,2026-04-18,2026-05-02,sf_autoets
29,2026-04-18,2026-05-09,3,3,0.0,0.0,0.0,0.0,0.0,117.40096897374852,298.28596791021505,2026-04-18,2026-05-09,sf_autoets
29,2026-04-18,2026-05-16,4,4,0.0,0.0,0.0,0.0,0.0,137.38246701255264,357.64547835837686,2026-04-18,2026-05-16,sf_autoets
30,2026-04-18,2026-04-25,1,1,2.508667388443887,2.508667388443887,0.0,0.0,2.508667388443887,12.520428683810117,26.923985596123273,2026-04-18,2026-04-25,sf_autoets
30,2026-04-18,2026-05-02,2,2,0.01722403635907721,0.01722403635907721,0.0,0.0,0.01722403635907721,15.350134292757446,37.40903471936269,2026-04-18,2026-05-02,sf_autoets
30,2026-04-18,2026-05-09,3,3,0.0,0.0,0.0,0.0,0.0,18.05843486144588,46.881147995066236,2026-04-18,2026-05-09,sf_autoets
30,2026-04-18,2026-05-16,4,4,0.0,0.0,0.0,0.0,0.0,20.825270907374577,55.922513778095755,2026-04-18,2026-05-16,sf_autoets
31,2026-04-18,2026-04-25,1,1,6.127516759326808,6.127516759326808,0.0,0.0,6.127516759326808,19.921457646655675,39.76629880439294,2026-04-18,2026-04-25,sf_autoets
31,2026-04-18,2026-05-02,2,2,3.2554823016093186,3.2554823016093186,0.0,0.0,3.2554823016093186,24.380844733712667,54.77313547129484,2026-04-18,2026-05-02,sf_autoets
31,2026-04-18,2026-05-09,3,3,0.957854735435328,0.957854735435328,0.0,0.0,0.957854735435328,28.56086545050875,68.27231322241713,2026-04-18,2026-05-09,sf_autoets
31,2026-04-18,2026-05-16,4,4,0.0,0.0,0.0,0.0,0.0,32.73184812003131,81.08834757040395,2026-04-18,2026-05-16,sf_autoets
32,2026-04-18,2026-04-25,1,1,20.000100130011,20.000100130011,0.0,0.0,20.000100130011,41.853319389338374,73.29275127677889,2026-04-18,2026-04-25,sf_autoets
32,2026-04-18,2026-05-02,2,2,20.000100130011,20.000100130011,0.0,0.0,20.000100130011,50.90367397074512,95.36352189130056,2026-04-18,2026-05-02,sf_autoets
32,2026-04-18,2026-05-09,3,3,20.000100130011,20.000100130011,0.0,0.0,20.000100130011,57.84846284576365,112.29952598352824,2026-04-18,2026-05-09,sf_autoets
32,2026-04-18,2026-05-16,4,4,20.000100130011,20.000100130011,0.0,0.0,20.000100130011,63.703260706754705,126.57740862580596,2026-04-18,2026-05-16,sf_autoets
33,2026-04-18,2026-04-25,1,1,8.999700109998,8.999700109998,0.0,0.0,8.999700109998,21.040762464626972,38.36380101828094,2026-04-18,2026-04-25,sf_autoets
33,2026-04-18,2026-05-02,2,2,8.999700109998,8.999700109998,0.0,0.0,8.999700109998,26.027482386896892,50.524733557807764,2026-04-18,2026-05-02,sf_autoets
33,2026-04-18,2026-05-09,3,3,8.999700109998,8.999700109998,0.0,0.0,8.999700109998,29.85404152637654,59.85642418392569,2026-04-18,2026-05-09,sf_autoets
33,2026-04-18,2026-05-16,4,4,8.999700109998,8.999700109998,0.0,0.0,8.999700109998,33.08001868248143,67.72349736648945,2026-04-18,2026-05-16,sf_autoets
34,2026-04-18,2026-04-25,1,1,18.445675356659116,18.445675356659116,0.0,0.0,18.445675356659116,96.01339805619725,207.60726006511496,2026-04-18,2026-04-25,sf_autoets
34,2026-04-18,2026-05-02,2,2,7.88999995225268,7.88999995225268,0.0,0.0,7.88999995225268,126.68448702714224,297.58979579076174,2026-04-18,2026-05-02,sf_autoets
34,2026-04-18,2026-05-09,3,3,0.0,0.0,0.0,0.0,0.0,154.6656157232686,377.9752750762832,2026-04-18,2026-05-09,sf_autoets
34,2026-04-18,2026-05-16,4,4,0.0,0.0,0.0,0.0,0.0,181.7007613252631,453.62408825456697,2026-04-18,2026-05-16,sf_autoets
35,2026-04-18,2026-04-25,1,1,8.589139201751932,8.589139201751932,0.0,0.0,8.589139201751932,31.642745699551057,64.80913105662178,2026-04-18,2026-04-25,sf_autoets
35,2026-04-18,2026-05-02,2,2,6.1789050823376686,6.1789050823376686,0.0,0.0,6.1789050823376686,41.48515127776186,92.27896381814861,2026-04-18,2026-05-02,sf_autoets
35,2026-04-18,2026-05-09,3,3,4.2506996020109815,4.2506996020109815,0.0,0.0,4.2506996020109815,50.382629697504505,116.75096000446344,2026-04-18,2026-05-09,sf_autoets
35,2026-04-18,2026-05-16,4,4,2.7081206697762106,2.7081206697762106,0.0,0.0,2.7081206697762106,58.88261766105636,139.69882377745182,2026-04-18,2026-05-16,sf_autoets
36,2026-04-18,2026-04-25,1,1,129.4205262003471,129.4205262003471,0.0,0.0,129.4205262003471,273.2762768624509,480.2363142321142,2026-04-18,2026-04-25,sf_autoets
36,2026-04-18,2026-05-02,2,2,116.83964255619352,116.83964255619352,0.0,0.0,116.83964255619352,337.15415427796427,654.1126308710609,2026-04-18,2026-05-02,sf_autoets
36,2026-04-18,2026-05-09,3,3,106.77491553027795,106.77491553027795,0.0,0.0,106.77491553027795,394.64429884736035,808.7915126686837,2026-04-18,2026-05-09,sf_autoets
36,2026-04-18,2026-05-16,4,4,98.72311782103915,98.72311782103915,0.0,0.0,98.72311782103915,449.2607974341263,953.5666102938609,2026-04-18,2026-05-16,sf_autoets
37,2026-04-18,2026-04-25,1,1,15.001600080011007,15.001600080011007,0.0,0.0,15.001600080011007,131.63993459808881,299.44326508361644,2026-04-18,2026-04-25,sf_autoets
37,2026-04-18,2026-05-02,2,2,15.001600080011007,15.001600080011007,0.0,0.0,15.001600080011007,179.94486727855784,417.24274787192843,2026-04-18,2026-05-02,sf_autoets
37,2026-04-18,2026-05-09,3,3,15.001600080011007,15.001600080011007,0.0,0.0,15.001600080011007,217.01165356525567,507.63617170881486,2026-04-18,2026-05-09,sf_autoets
37,2026-04-18,2026-05-16,4,4,15.001600080011007,15.001600080011007,0.0,0.0,15.001600080011007,248.26077358470215,583.8422643708394,2026-04-18,2026-05-16,sf_autoets
38,2026-04-18,2026-04-25,1,1,10.000000000005,10.000000000005,0.0,2.744393976486892,10.000000000005,17.255606023523107,27.693982569859088,2026-04-18,2026-04-25,sf_autoets
38,2026-04-18,2026-05-02,2,2,10.000000000005,10.000000000005,0.0,0.0,10.000000000005,20.260463405705007,35.02181900046007,2026-04-18,2026-05-02,sf_autoets
38,2026-04-18,2026-05-09,3,3,10.000000000005,10.000000000005,0.0,0.0,10.000000000005,22.566240481187336,40.64483370816482,2026-04-18,2026-05-09,sf_autoets
38,2026-04-18,2026-05-16,4,4,10.000000000005,10.000000000005,0.0,0.0,10.000000000005,24.51012371974297,45.38531107550641,2026-04-18,2026-05-16,sf_autoets
39,2026-04-18,2026-04-25,1,1,9.899635562877755,9.899635562877755,0.0,0.0,9.899635562877755,122.25700622553373,283.90146968337234,2026-04-18,2026-04-25,sf_autoets
39,2026-04-18,2026-05-02,2,2,0.0,0.0,0.0,0.0,0.0,163.87518352266355,411.4329895257963,2026-04-18,2026-05-02,sf_autoets
39,2026-04-18,2026-05-09,3,3,0.0,0.0,0.0,0.0,0.0,202.15887859766144,525.6250719761275,2026-04-18,2026-05-09,sf_autoets
39,2026-04-18,2026-05-16,4,4,0.0,0.0,0.0,0.0,0.0,239.52181392370318,633.4055256282744,2026-04-18,2026-05-16,sf_autoets
40,2026-04-18,2026-04-25,1,1,8.999900369978004,8.999900369978004,0.0,0.0,8.999900369978004,56.34442942058392,124.45728174984241,2026-04-18,2026-04-25,sf_autoets
40,2026-04-18,2026-05-02,2,2,8.999900369978004,8.999900369978004,0.0,0.0,8.999900369978004,75.95182777745579,172.2731311278459,2026-04-18,2026-05-02,sf_autoets
40,2026-04-18,2026-05-09,3,3,8.999900369978004,8.999900369978004,0.0,0.0,8.999900369978004,90.99756336185041,208.96461938092875,2026-04-18,2026-05-09,sf_autoets
40,2026-04-18,2026-05-16,4,4,8.999900369978004,8.999900369978004,0.0,0.0,8.999900369978004,103.6818568806099,239.89734473899867,2026-04-18,2026-05-16,sf_autoets
41,2026-04-18,2026-04-25,1,1,9.999500080011002,9.999500080011002,0.0,0.0,9.999500080011002,45.396054092978325,96.31978920655021,2026-04-18,2026-04-25,sf_autoets
41,2026-04-18,2026-05-02,2,2,9.999500080011002,9.999500080011002,0.0,0.0,9.999500080011002,60.055283974659844,132.06872005715178,2026-04-18,2026-05-02,sf_autoets
41,2026-04-18,2026-05-09,3,3,9.999500080011002,9.999500080011002,0.0,0.0,9.999500080011002,71.30404286945411,159.500659328914,2026-04-18,2026-05-09,sf_autoets
41,2026-04-18,2026-05-16,4,4,9.999500080011002,9.999500080011002,0.0,0.0,9.999500080011002,80.7872986892172,182.62713045158307,2026-04-18,2026-05-16,sf_autoets
42,2026-04-18,2026-04-25,1,1,324.0734856200677,324.0734856200677,141.5338739965419,249.22117351918428,324.0734856200677,398.9257977209511,506.6130972435935,2026-04-18,2026-04-25,sf_autoets
42,2026-04-18,2026-05-02,2,2,338.14206233077834,338.14206233077834,67.02470147512878,226.96750065487606,338.14206233077834,449.3166240066806,609.259423186428,2026-04-18,2026-05-02,sf_autoets
42,2026-04-18,2026-05-09,3,3,352.210639041489,352.210639041489,3.6570578665637754,209.28253039735068,352.210639041489,495.1387476856273,700.7642202164143,2026-04-18,2026-05-09,sf_autoets
42,2026-04-18,2026-05-16,4,4,366.2792157521997,366.2792157521997,0.0,193.120180738606,366.2792157521997,539.4382507657934,788.5558577600669,2026-04-18,2026-05-16,sf_autoets
44,2026-04-18,2026-04-25,1,1,11.000699979995002,11.000699979995002,0.0,0.0,11.000699979995002,22.22818483845618,38.38075903295152,2026-04-18,2026-04-25,sf_autoets
44,2026-04-18,2026-05-02,2,2,11.000699979995002,11.000699979995002,0.0,0.0,11.000699979995002,26.877967454950024,49.720014817123754,2026-04-18,2026-05-02,sf_autoets
44,2026-04-18,2026-05-09,3,3,11.000699979995002,11.000699979995002,0.0,0.0,11.000699979995002,30.445977779387697,58.4211918497554,2026-04-18,2026-05-09,sf_autoets
44,2026-04-18,2026-05-16,4,4,11.000699979995002,11.000699979995002,0.0,0.0,11.000699979995002,33.45398559524169,65.75671112839153,2026-04-18,2026-05-16,sf_autoets
45,2026-04-18,2026-04-25,1,1,4.000700020002006,4.000700020002006,0.0,0.0,4.000700020002006,59.34106491810247,138.9572355240567,2026-04-18,2026-04-25,sf_autoets
45,2026-04-18,2026-05-02,2,2,4.000700020002006,4.000700020002006,0.0,0.0,4.000700020002006,82.2598815486761,194.84852023116383,2026-04-18,2026-05-02,sf_autoets
45,2026-04-18,2026-05-09,3,3,4.000700020002006,4.000700020002006,0.0,0.0,4.000700020002006,99.84663368450872,237.73669314781858,2026-04-18,2026-05-09,sf_autoets
45,2026-04-18,2026-05-16,4,4,4.000700020002006,4.000700020002006,0.0,0.0,4.000700020002006,114.67312886523915,273.89352780084823,2026-04-18,2026-05-16,sf_autoets
46,2026-04-18,2026-04-25,1,1,5.0005000100020025,5.0005000100020025,0.0,0.0,5.0005000100020025,13.721144032044766,26.267217472854032,2026-04-18,2026-04-25,sf_autoets
46,2026-04-18,2026-05-02,2,2,5.0005000100020025,5.0005000100020025,0.0,0.0,5.0005000100020025,17.332736431367138,35.07467652670739,2026-04-18,2026-05-02,sf_autoets
46,2026-04-18,2026-05-09,3,3,5.0005000100020025,5.0005000100020025,0.0,0.0,5.0005000100020025,20.104091574451147,41.83307953779414,2026-04-18,2026-05-09,sf_autoets
46,2026-04-18,2026-05-16,4,4,5.0005000100020025,5.0005000100020025,0.0,0.0,5.0005000100020025,22.440479973836656,47.53074496796471,2026-04-18,2026-05-16,sf_autoets
47,2026-04-18,2026-04-25,1,1,50.00865496775981,50.00865496775981,16.808465916067384,36.39456380911875,50.00865496775981,63.62274612640087,83.20884401945224,2026-04-18,2026-04-25,sf_autoets
47,2026-04-18,2026-05-02,2,2,53.01670890989926,53.01670890989926,2.81054561094642,32.42913686886837,53.01670890989926,73.60428095093015,103.2228722088521,2026-04-18,2026-05-02,sf_autoets
47,2026-04-18,2026-05-09,3,3,56.024762852038705,56.024762852038705,0.0,29.088570045695175,56.024762852038705,82.96095565838223,121.71307675287713,2026-04-18,2026-05-09,sf_autoets
47,2026-04-18,2026-05-16,4,4,59.03281679417816,59.03281679417816,0.0,25.834553548066225,59.03281679417816,92.2310800402901,139.9922141652758,2026-04-18,2026-05-16,sf_autoets
48,2026-04-18,2026-04-25,1,1,96.5046193728958,96.5046193728958,0.0,0.0,96.5046193728958,266.99470650004645,512.2725952225536,2026-04-18,2026-04-25,sf_autoets
48,2026-04-18,2026-05-02,2,2,69.01228451940341,69.01228451940341,0.0,0.0,69.01228451940341,330.111132466008,705.7445505219214,2026-04-18,2026-05-02,sf_autoets
48,2026-04-18,2026-05-09,3,3,47.01822188103975,47.01822188103975,0.0,0.0,47.01822188103975,388.17173373970934,878.9768856929551,2026-04-18,2026-05-09,sf_autoets
48,2026-04-18,2026-05-16,4,4,29.422815964513376,29.422815964513376,0.0,0.0,29.422815964513376,444.83899055472136,1042.4831349246858,2026-04-18,2026-05-16,sf_autoets
49,2026-04-18,2026-04-25,1,1,5.000099970005005,5.000099970005005,0.0,0.0,5.000099970005005,20.10774667119343,41.842568612304,2026-04-18,2026-04-25,sf_autoets
49,2026-04-18,2026-05-02,2,2,5.000099970005005,5.000099970005005,0.0,0.0,5.000099970005005,26.364470585131933,57.10061370444059,2026-04-18,2026-05-02,sf_autoets
49,2026-04-18,2026-05-09,3,3,5.000099970005005,5.000099970005005,0.0,0.0,5.000099970005005,31.16556718756236,68.80887340380045,2026-04-18,2026-05-09,sf_autoets
49,2026-04-18,2026-05-16,4,4,5.000099970005005,5.000099970005005,0.0,0.0,5.000099970005005,35.21312725370563,78.67951095339144,2026-04-18,2026-05-16,sf_autoets
50,2026-04-18,2026-04-25,1,1,3.0000000400039997,3.0000000400039997,0.0,0.0,3.0000000400039997,8.346498718499872,16.038311949500937,2026-04-18,2026-04-25,sf_autoets
50,2026-04-18,2026-05-02,2,2,3.0000000400039997,3.0000000400039997,0.0,0.0,3.0000000400039997,10.56071293724741,21.438035648038422,2026-04-18,2026-05-02,sf_autoets
50,2026-04-18,2026-05-09,3,3,3.0000000400039997,3.0000000400039997,0.0,0.0,3.0000000400039997,12.259790043558484,25.581513202698847,2026-04-18,2026-05-09,sf_autoets
50,2026-04-18,2026-05-16,4,4,3.0000000400039997,3.0000000400039997,0.0,0.0,3.0000000400039997,13.692195432219403,29.074668136660115,2026-04-18,2026-05-16,sf_autoets
51,2026-04-18,2026-04-25,1,1,17.697532550075653,17.697532550075653,6.699263059158756,13.187574995210145,17.697532550075653,22.20749010494116,28.69580204099255,2026-04-18,2026-04-25,sf_autoets
51,2026-04-18,2026-05-02,2,2,20.39408848199257,20.39408848199257,3.1065007412507484,13.305128986942128,20.39408848199257,27.483047977043007,37.68167622273439,2026-04-18,2026-05-02,sf_autoets
51,2026-04-18,2026-05-09,3,3,23.090644413909487,23.090644413909487,0.0,13.496029542888076,23.090644413909487,32.6852592849309,46.48868280547018,2026-04-18,2026-05-09,sf_autoets
51,2026-04-18,2026-05-16,4,4,25.787200345826403,25.787200345826403,0.0,13.605516867377647,25.787200345826403,37.96888382427516,55.49422887528331,2026-04-18,2026-05-16,sf_autoets
53,2026-04-18,2026-04-25,1,1,43.03375026629614,43.03375026629614,13.048230922420458,30.73786866299821,43.03375026629614,55.32963186959407,73.01926961017182,2026-04-18,2026-04-25,sf_autoets
53,2026-04-18,2026-05-02,2,2,46.06709698721507,46.06709698721507,0.3414259899931409,27.316798539306827,46.06709698721507,64.81739543512332,91.792767984437,2026-04-18,2026-05-02,sf_autoets
53,2026-04-18,2026-05-09,3,3,49.10044370813401,49.10044370813401,0.0,24.37148492012183,49.10044370813401,73.82940249614619,109.40605627136495,2026-04-18,2026-05-09,sf_autoets
53,2026-04-18,2026-05-16,4,4,52.133790429052944,52.133790429052944,0.0,21.42166729610792,52.133790429052944,82.84591356199797,127.03032831108746,2026-04-18,2026-05-16,sf_autoets
54,2026-04-18,2026-04-25,1,1,27.495144378778296,27.495144378778296,0.0,5.722820346548069,27.495144378778296,49.26746841100852,80.59051927686319,2026-04-18,2026-04-25,sf_autoets
54,2026-04-18,2026-05-02,2,2,25.992773709222618,25.992773709222618,0.0,0.0,25.992773709222618,59.336994779658426,107.30811311895211,2026-04-18,2026-05-02,sf_autoets
54,2026-04-18,2026-05-09,3,3,24.79087133006568,24.79087133006568,0.0,0.0,24.79087133006568,68.35940397686659,131.03986758866057,2026-04-18,2026-05-09,sf_autoets
54,2026-04-18,2026-05-16,4,4,23.829344751907485,23.829344751907485,0.0,0.0,23.829344751907485,76.88261896167296,153.20843536109004,2026-04-18,2026-05-16,sf_autoets
55,2026-04-18,2026-04-25,1,1,21.277632074226148,21.277632074226148,0.0,0.0,21.277632074226148,66.96020945152769,132.68207234289048,2026-04-18,2026-04-25,sf_autoets
55,2026-04-18,2026-05-02,2,2,10.553564664410601,10.553564664410601,0.0,0.0,10.553564664410601,80.5162397121634,181.16899621110036,2026-04-18,2026-05-02,sf_autoets
55,2026-04-18,2026-05-09,3,3,1.9743107365581665,1.9743107365581665,0.0,0.0,1.9743107365581665,93.38956930100221,224.90537761299288,2026-04-18,2026-05-09,sf_autoets
55,2026-04-18,2026-05-16,4,4,0.0,0.0,0.0,0.0,0.0,106.42696753541642,266.5733351239802,2026-04-18,2026-05-16,sf_autoets
56,2026-04-18,2026-04-25,1,1,6.499906860259756,6.499906860259756,0.0,0.0,6.499906860259756,13.900440990901398,24.5473203348534,2026-04-18,2026-04-25,sf_autoets
56,2026-04-18,2026-05-02,2,2,6.499906860259756,6.499906860259756,0.0,0.0,6.499906860259756,16.143977382825845,30.018550950858668,2026-04-18,2026-05-02,sf_autoets
56,2026-04-18,2026-05-09,3,3,6.499906860259756,6.499906860259756,0.0,0.0,6.499906860259756,17.95627133899665,34.43812632030377,2026-04-18,2026-05-09,sf_autoets
56,2026-04-18,2026-05-16,4,4,6.499906860259756,6.499906860259756,0.0,0.0,6.499906860259756,19.51868091525821,38.24831773915102,2026-04-18,2026-05-16,sf_autoets
72,2026-04-18,2026-04-25,1,1,84.99800045994401,84.99800045994401,0.0,41.92604231380765,84.99800045994401,128.06995860608038,190.0360185409873,2026-04-18,2026-04-25,sf_autoets
72,2026-04-18,2026-05-02,2,2,84.99800045994401,84.99800045994401,0.0,24.08809866293509,84.99800045994401,145.90790225695292,233.53676307115103,2026-04-18,2026-05-02,sf_autoets
72,2026-04-18,2026-05-09,3,3,84.99800045994401,84.99800045994401,0.0,10.400154007784153,84.99800045994401,159.59584691210387,266.9170559592057,2026-04-18,2026-05-09,sf_autoets
72,2026-04-18,2026-05-16,4,4,84.99800045994401,84.99800045994401,0.0,0.0,84.99800045994401,171.13545603926076,295.05828111627943,2026-04-18,2026-05-16,sf_autoets
01,2026-05-16,2026-05-23,1,1,23.999600000007998,23.999600000007998,0.0,0.0,23.999600000007998,60.43595004521758,112.85560189968608,2026-05-16,2026-05-23,sf_autoets
01,2026-05-16,2026-05-30,2,2,23.999600000007998,23.999600000007998,0.0,0.0,23.999600000007998,75.52580402271126,149.65468007371754,2026-05-16,2026-05-30,sf_autoets
01,2026-05-16,2026-06-06,3,3,23.999600000007998,23.999600000007998,0.0,0.0,23.999600000007998,87.10500228350062,177.89244981137875,2026-05-16,2026-06-06,sf_autoets
01,2026-05-16,2026-06-13,4,4,23.999600000007998,23.999600000007998,0.0,0.0,23.999600000007998,96.86683470624367,201.6982755656967,2026-05-16,2026-06-13,sf_autoets
02,2026-05-16,2026-05-23,1,1,0.0003999900020015268,0.0003999900020015268,0.0,0.0,0.0003999900020015268,5.374643876254986,13.106373128741554,2026-05-16,2026-05-23,sf_autoets
02,2026-05-16,2026-05-30,2,2,0.0003999900020015268,0.0003999900020015268,0.0,0.0,0.0003999900020015268,7.600348574512974,18.534118241826373,2026-05-16,2026-05-30,sf_autoets
02,2026-05-16,2026-06-06,3,3,0.0003999900020015268,0.0003999900020015268,0.0,0.0,0.0003999900020015268,9.308242899371125,22.699098026732056,2026-05-16,2026-06-06,sf_autoets
02,2026-05-16,2026-06-13,4,4,0.0003999900020015268,0.0003999900020015268,0.0,0.0,0.0003999900020015268,10.748081636002492,26.210380396085828,2026-05-16,2026-06-13,sf_autoets
04,2026-05-16,2026-05-23,1,1,74.80549252359583,74.80549252359583,2.0170314042866693,44.95780872177844,74.80549252359583,104.65317632541323,147.59395364290498,2026-05-16,2026-05-23,sf_autoets
04,2026-05-16,2026-05-30,2,2,86.61100417984277,86.61100417984277,0.0,37.65273909728338,86.61100417984277,135.56926926240214,206.0037449396374,2026-05-16,2026-05-30,sf_autoets
04,2026-05-16,2026-06-06,3,3,98.4165158360897,98.4165158360897,0.0,29.293670145972598,98.4165158360897,167.5393615262068,266.9838860675025,2026-05-16,2026-06-06,sf_autoets
04,2026-05-16,2026-06-13,4,4,110.22202749233662,110.22202749233662,0.0,18.653420884859386,110.22202749233662,201.79063409981387,333.5270586650348,2026-05-16,2026-06-13,sf_autoets
05,2026-05-16,2026-05-23,1,1,8.543135998566013,8.543135998566013,0.0,0.0,8.543135998566013,36.69037545107939,77.18478531744569,2026-05-16,2026-05-23,sf_autoets
05,2026-05-16,2026-05-30,2,2,8.086593377388395,8.086593377388395,0.0,0.0,8.086593377388395,51.19408413401176,113.21126354353395,2026-05-16,2026-05-30,sf_autoets
05,2026-05-16,2026-06-06,3,3,7.721347295566913,7.721347295566913,0.0,0.0,7.721347295566913,64.04703064562037,145.08074307870802,2026-05-16,2026-06-06,sf_autoets
05,2026-05-16,2026-06-13,4,4,7.4291408418916,7.4291408418916,0.0,0.0,7.4291408418916,76.01698957483114,174.69183344823202,2026-05-16,2026-06-13,sf_autoets
06,2026-05-16,2026-05-23,1,1,181.91976005663233,181.91976005663233,80.6961344080291,140.41193415712914,181.91976005663233,223.42758595613552,283.1433857052356,2026-05-16,2026-05-23,sf_autoets
06,2026-05-16,2026-05-30,2,2,186.83732786014266,186.83732786014266,37.75052938401129,125.70269811921548,186.83732786014266,247.97195760106985,335.92412633627407,2026-05-16,2026-05-30,sf_autoets
06,2026-05-16,2026-06-06,3,3,191.75489566365297,191.75489566365297,1.6029285787974175,113.78105612142988,191.75489566365297,269.7287352058761,381.9068627485085,2026-05-16,2026-06-06,sf_autoets
06,2026-05-16,2026-06-13,4,4,196.6724634671633,196.6724634671633,0.0,102.91503817400653,196.6724634671633,290.42988876032007,425.3152871753782,2026-05-16,2026-06-13,sf_autoets
08,2026-05-16,2026-05-23,1,1,12.000300130010999,12.000300130010999,0.0,0.0,12.000300130010999,52.59098043231492,110.98731616140769,2026-05-16,2026-05-23,sf_autoets
08,2026-05-16,2026-05-30,2,2,12.000300130010999,12.000300130010999,0.0,0.0,12.000300130010999,69.40132059670862,151.98208143642137,2026-05-16,2026-05-30,sf_autoets
08,2026-05-16,2026-06-06,3,3,12.000300130010999,12.000300130010999,0.0,0.0,12.000300130010999,82.3007337974688,183.4394113404679,2026-05-16,2026-06-06,sf_autoets
08,2026-05-16,2026-06-13,4,4,12.000300130010999,12.000300130010999,0.0,0.0,12.000300130010999,93.17557220868673,209.95948432601423,2026-05-16,2026-06-13,sf_autoets
09,2026-05-16,2026-05-23,1,1,5.000300010009003,5.000300010009003,0.0,0.0,5.000300010009003,38.40972258080099,86.47464394769811,2026-05-16,2026-05-23,sf_autoets
09,2026-05-16,2026-05-30,2,2,5.000300010009003,5.000300010009003,0.0,0.0,5.000300010009003,52.245996176814316,120.21666123006484,2026-05-16,2026-05-30,sf_autoets
09,2026-05-16,2026-06-06,3,3,5.000300010009003,5.000300010009003,0.0,0.0,5.000300010009003,62.86325963063693,146.10859553335487,2026-05-16,2026-06-06,sf_autoets
09,2026-05-16,2026-06-13,4,4,5.000300010009003,5.000300010009003,0.0,0.0,5.000300010009003,71.8141338008547,167.9367668865724,2026-05-16,2026-06-13,sf_autoets
10,2026-05-16,2026-05-23,1,1,4.9999000000019995,4.9999000000019995,0.0,0.0,4.9999000000019995,17.08393277193618,34.4687913024096,2026-05-16,2026-05-23,sf_autoets
10,2026-05-16,2026-05-30,2,2,4.9999000000019995,4.9999000000019995,0.0,0.0,4.9999000000019995,22.08844858544337,46.67312203477471,2026-05-16,2026-05-30,sf_autoets
10,2026-05-16,2026-06-06,3,3,4.9999000000019995,4.9999000000019995,0.0,0.0,4.9999000000019995,25.9286634006619,56.038114260748,2026-05-16,2026-06-06,sf_autoets
10,2026-05-16,2026-06-13,4,4,4.9999000000019995,4.9999000000019995,0.0,0.0,4.9999000000019995,29.16615296161383,63.93326232638015,2026-05-16,2026-06-13,sf_autoets
11,2026-05-16,2026-05-23,1,1,0.87277659766508,0.87277659766508,0.0,0.0,0.87277659766508,13.521692405641451,31.719227618907908,2026-05-16,2026-05-23,sf_autoets
11,2026-05-16,2026-05-30,2,2,0.87277659766508,0.87277659766508,0.0,0.0,0.87277659766508,17.413950087516806,41.21113489133305,2026-05-16,2026-05-30,sf_autoets
11,2026-05-16,2026-06-06,3,3,0.87277659766508,0.87277659766508,0.0,0.0,0.87277659766508,20.550829593972225,48.8609288756048,2026-05-16,2026-06-06,sf_autoets
11,2026-05-16,2026-06-13,4,4,0.87277659766508,0.87277659766508,0.0,0.0,0.87277659766508,23.252256462701524,55.448800346864054,2026-05-16,2026-06-13,sf_autoets
12,2026-05-16,2026-05-23,1,1,148.43907722642015,148.43907722642015,70.59458187624456,116.5181127329461,148.43907722642015,180.3600417198942,226.28357257659576,2026-05-16,2026-05-23,sf_autoets
12,2026-05-16,2026-05-30,2,2,168.18717981870347,168.18717981870347,52.07776429701943,120.57527722298136,168.18717981870347,215.79908241442558,284.2965953403875,2026-05-16,2026-05-30,sf_autoets
12,2026-05-16,2026-06-06,3,3,187.93528241098682,187.93528241098682,35.51504770979818,125.43374163925836,187.93528241098682,250.43682318271527,340.35551711217545,2026-05-16,2026-06-06,sf_autoets
12,2026-05-16,2026-06-13,4,4,207.68338500327013,207.68338500327013,18.74625845369539,130.20770376263908,207.68338500327013,285.1590662439012,396.62051155284485,2026-05-16,2026-06-13,sf_autoets
13,2026-05-16,2026-05-23,1,1,27.998800030011996,27.998800030011996,0.0,0.0,27.998800030011996,103.52223082644775,212.17504441211312,2026-05-16,2026-05-23,sf_autoets
13,2026-05-16,2026-05-30,2,2,27.998800030011996,27.998800030011996,0.0,0.0,27.998800030011996,134.79971995978633,288.4503198005842,2026-05-16,2026-05-30,sf_autoets
13,2026-05-16,2026-06-06,3,3,27.998800030011996,27.998800030011996,0.0,0.0,27.998800030011996,158.80049878208527,346.98014636064954,2026-05-16,2026-06-06,sf_autoets
13,2026-05-16,2026-06-13,4,4,27.998800030011996,27.998800030011996,0.0,0.0,27.998800030011996,179.03433324988106,396.3236627029131,2026-05-16,2026-06-13,sf_autoets
15,2026-05-16,2026-05-23,1,1,8.999600159995996,8.999600159995996,0.0,2.877803677055785,8.999600159995996,15.121396642936208,23.928602632599425,2026-05-16,2026-05-23,sf_autoets
15,2026-05-16,2026-05-30,2,2,8.999600159995996,8.999600159995996,0.0,0.34250541329219963,8.999600159995996,17.65669490669979,30.111342315957074,2026-05-16,2026-05-30,sf_autoets
15,2026-05-16,2026-06-06,3,3,8.999600159995996,8.999600159995996,0.0,0.0,8.999600159995996,19.602155829657615,34.85566712488006,2026-05-16,2026-06-06,sf_autoets
15,2026-05-16,2026-06-13,4,4,8.999600159995996,8.999600159995996,0.0,0.0,8.999600159995996,21.2422748678832,38.85536578282593,2026-05-16,2026-06-13,sf_autoets
16,2026-05-16,2026-05-23,1,1,7.99999999,7.99999999,0.0,0.0,7.99999999,25.226852606666128,50.010499036492924,2026-05-16,2026-05-23,sf_autoets
16,2026-05-16,2026-05-30,2,2,7.99999999,7.99999999,0.0,0.0,7.99999999,32.361230505515884,67.40884698700506,2026-05-16,2026-05-30,sf_autoets
16,2026-05-16,2026-06-06,3,3,7.99999999,7.99999999,0.0,0.0,7.99999999,37.835794824122786,80.75946791611759,2026-05-16,2026-06-06,sf_autoets
16,2026-05-16,2026-06-13,4,4,7.99999999,7.99999999,0.0,0.0,7.99999999,42.45112122774252,92.01469658690445,2026-05-16,2026-06-13,sf_autoets
17,2026-05-16,2026-05-23,1,1,26.318305846126496,26.318305846126496,5.987480769105755,17.981434465725833,26.318305846126496,34.65517722652716,46.64913092314724,2026-05-16,2026-05-23,sf_autoets
17,2026-05-16,2026-05-30,2,2,28.6341663486598,28.6341663486598,0.0,15.707130559769597,28.6341663486598,41.561202137550005,60.15885845392325,2026-05-16,2026-05-30,sf_autoets
17,2026-05-16,2026-06-06,3,3,30.950026851193105,30.950026851193105,0.0,13.626419541535551,30.950026851193105,48.27363416085066,73.19647804913868,2026-05-16,2026-06-06,sf_autoets
17,2026-05-16,2026-06-13,4,4,33.26588735372641,33.26588735372641,0.0,11.416590879596498,33.26588735372641,55.11518382785633,86.5489721468797,2026-05-16,2026-06-13,sf_autoets
18,2026-05-16,2026-05-23,1,1,15.24097016717662,15.24097016717662,0.0,0.0,15.24097016717662,77.05080690328505,165.97437138952318,2026-05-16,2026-05-23,sf_autoets
18,2026-05-16,2026-05-30,2,2,12.482371418607103,12.482371418607103,0.0,0.0,12.482371418607103,107.14384579249779,243.32986674556048,2026-05-16,2026-05-30,sf_autoets
18,2026-05-16,2026-06-06,3,3,10.275490785469662,10.275490785469662,0.0,0.0,10.275490785469662,133.96288986010467,311.9074531940356,2026-05-16,2026-06-06,sf_autoets
18,2026-05-16,2026-06-13,4,4,8.509984971533278,8.509984971533278,0.0,0.0,8.509984971533278,159.12370321648632,375.80618280380287,2026-05-16,2026-06-13,sf_autoets
19,2026-05-16,2026-05-23,1,1,2.153962898474484,2.153962898474484,0.0,0.0,2.153962898474484,24.063095464574737,55.58296779326223,2026-05-16,2026-05-23,sf_autoets
19,2026-05-16,2026-05-30,2,2,0.3082141459974359,0.3082141459974359,0.0,0.0,0.3082141459974359,33.86197819700679,82.13455840272188,2026-05-16,2026-05-30,sf_autoets
19,2026-05-16,2026-06-06,3,3,0.0,0.0,0.0,0.0,0.0,42.673957477302125,105.74835689141726,2026-05-16,2026-06-06,sf_autoets
19,2026-05-16,2026-06-13,4,4,0.0,0.0,0.0,0.0,0.0,51.037040844112674,127.8425928393395,2026-05-16,2026-06-13,sf_autoets
20,2026-05-16,2026-05-23,1,1,1.9301062212711435,1.9301062212711435,0.0,0.0,1.9301062212711435,24.149201075215974,56.11500487609174,2026-05-16,2026-05-23,sf_autoets
20,2026-05-16,2026-05-30,2,2,0.8603796147427332,0.8603796147427332,0.0,0.0,0.8603796147427332,34.88870300147249,83.8440144668194,2026-05-16,2026-05-30,sf_autoets
20,2026-05-16,2026-06-06,3,3,0.004597632007683927,0.004597632007683927,0.0,0.0,0.004597632007683927,44.466867099892326,108.43311737672273,2026-05-16,2026-06-06,sf_autoets
20,2026-05-16,2026-06-13,4,4,0.0,0.0,0.0,0.0,0.0,53.46141594810934,131.35274331722107,2026-05-16,2026-06-13,sf_autoets
21,2026-05-16,2026-05-23,1,1,16.8340715712612,16.8340715712612,0.0,0.0,16.8340715712612,67.00866712401287,139.19303321860193,2026-05-16,2026-05-23,sf_autoets
21,2026-05-16,2026-05-30,2,2,14.668981490596003,14.668981490596003,0.0,0.0,14.668981490596003,91.51110589554972,202.0610760233894,2026-05-16,2026-05-30,sf_autoets
21,2026-05-16,2026-06-06,3,3,12.936909426063846,12.936909426063846,0.0,0.0,12.936909426063846,113.34099896216532,257.7887115271423,2026-05-16,2026-06-06,sf_autoets
21,2026-05-16,2026-06-13,4,4,11.551251774438118,11.551251774438118,0.0,0.0,11.551251774438118,133.8129281970217,309.70635619580423,2026-05-16,2026-06-13,sf_autoets
22,2026-05-16,2026-05-23,1,1,20.000000060008997,20.000000060008997,0.0,0.0,20.000000060008997,55.75859653992177,107.2031889855334,2026-05-16,2026-05-23,sf_autoets
22,2026-05-16,2026-05-30,2,2,20.000000060008997,20.000000060008997,0.0,0.0,20.000000060008997,70.5677637219388,143.31776647820845,2026-05-16,2026-05-30,sf_autoets
22,2026-05-16,2026-06-06,3,3,20.000000060008997,20.000000060008997,0.0,0.0,20.000000060008997,81.93157699233285,171.0302846719586,2026-05-16,2026-06-06,sf_autoets
22,2026-05-16,2026-06-13,4,4,20.000000060008997,20.000000060008997,0.0,0.0,20.000000060008997,91.51182929741495,194.39329759623718,2026-05-16,2026-06-13,sf_autoets
23,2026-05-16,2026-05-23,1,1,3.999900030003999,3.999900030003999,0.0,0.0,3.999900030003999,17.58374279198458,37.12632341670005,2026-05-16,2026-05-23,sf_autoets
23,2026-05-16,2026-05-30,2,2,3.999900030003999,3.999900030003999,0.0,0.0,3.999900030003999,23.20939419442165,50.84539492308424,2026-05-16,2026-05-30,sf_autoets
23,2026-05-16,2026-06-06,3,3,3.999900030003999,3.999900030003999,0.0,0.0,3.999900030003999,27.52623735486992,61.372723362663606,2026-05-16,2026-06-06,sf_autoets
23,2026-05-16,2026-06-13,4,4,3.999900030003999,3.999900030003999,0.0,0.0,3.999900030003999,31.165548003022476,70.2477779020048,2026-05-16,2026-06-13,sf_autoets
24,2026-05-16,2026-05-23,1,1,12.491803760107281,12.491803760107281,0.0,0.0,12.491803760107281,52.288636420576864,109.54289241449268,2026-05-16,2026-05-23,sf_autoets
24,2026-05-16,2026-05-30,2,2,11.982812096833252,11.982812096833252,0.0,0.0,11.982812096833252,72.93149564125676,160.61615034521765,2026-05-16,2026-05-30,sf_autoets
24,2026-05-16,2026-06-06,3,3,11.575618617089805,11.575618617089805,0.0,0.0,11.575618617089805,91.2129376271253,205.7842525900561,2026-05-16,2026-06-06,sf_autoets
24,2026-05-16,2026-06-13,4,4,11.249863713995623,11.249863713995623,0.0,0.0,11.249863713995623,108.22396929736372,247.73708867598685,2026-05-16,2026-06-13,sf_autoets
25,2026-05-16,2026-05-23,1,1,13.822465236184094,13.822465236184094,0.0,0.0,13.822465236184094,76.14104766407156,165.7965260772653,2026-05-16,2026-05-23,sf_autoets
25,2026-05-16,2026-05-30,2,2,11.64527054785604,11.64527054785604,0.0,0.0,11.64527054785604,107.08591733599555,244.39290530795148,2026-05-16,2026-05-30,sf_autoets
25,2026-05-16,2026-06-06,3,3,9.903514797193598,9.903514797193598,0.0,0.0,9.903514797193598,134.6090295268764,314.0183188314101,2026-05-16,2026-06-06,sf_autoets
25,2026-05-16,2026-06-13,4,4,8.510110196663643,8.510110196663643,0.0,0.0,8.510110196663643,160.363605670333,378.8297076738841,2026-05-16,2026-06-13,sf_autoets
26,2026-05-16,2026-05-23,1,1,26.130314316702222,26.130314316702222,6.599694035823116,18.1215754364898,26.130314316702222,34.139053196914645,45.66093459758133,2026-05-16,2026-05-23,sf_autoets
26,2026-05-16,2026-05-30,2,2,29.260515418910426,29.260515418910426,0.0,16.693786071556236,29.260515418910426,41.82724476626461,59.906541307226625,2026-05-16,2026-05-30,sf_autoets
26,2026-05-16,2026-06-06,3,3,32.39071652111863,32.39071652111863,0.0,15.379631010137206,32.39071652111863,49.40180203210005,73.87503217303937,2026-05-16,2026-06-06,sf_autoets
26,2026-05-16,2026-06-13,4,4,35.52091762332683,35.52091762332683,0.0,13.883104016268724,35.52091762332683,57.15873123038494,88.28826683882303,2026-05-16,2026-06-13,sf_autoets
27,2026-05-16,2026-05-23,1,1,17.999800179988,17.999800179988,0.0,0.0,17.999800179988,64.40412203337698,131.16433245728476,2026-05-16,2026-05-23,sf_autoets
27,2026-05-16,2026-05-30,2,2,17.999800179988,17.999800179988,0.0,0.0,17.999800179988,83.62214029874711,178.0306147653911,2026-05-16,2026-05-30,sf_autoets
27,2026-05-16,2026-06-06,3,3,17.999800179988,17.999800179988,0.0,0.0,17.999800179988,98.36908510060483,213.99345280219922,2026-05-16,2026-06-06,sf_autoets
27,2026-05-16,2026-06-13,4,4,17.999800179988,17.999800179988,0.0,0.0,17.999800179988,110.80148332550253,244.31189026693923,2026-05-16,2026-06-13,sf_autoets
28,2026-05-16,2026-05-23,1,1,15.000300089991999,15.000300089991999,0.0,0.0,15.000300089991999,38.857275815541044,73.17943926720665,2026-05-16,2026-05-23,sf_autoets
28,2026-05-16,2026-05-30,2,2,15.000300089991999,15.000300089991999,0.0,0.0,15.000300089991999,48.73747181751344,97.27391397806954,2026-05-16,2026-05-30,sf_autoets
28,2026-05-16,2026-06-06,3,3,15.000300089991999,15.000300089991999,0.0,0.0,15.000300089991999,56.31903944122473,115.76280724918898,2026-05-16,2026-06-06,sf_autoets
28,2026-05-16,2026-06-13,4,4,15.000300089991999,15.000300089991999,0.0,0.0,15.000300089991999,62.71067303946644,131.34985168263879,2026-05-16,2026-06-13,sf_autoets
29,2026-05-16,2026-05-23,1,1,6.075604329105246,6.075604329105246,0.0,0.0,6.075604329105246,68.32768105922052,157.88748014341365,2026-05-16,2026-05-23,sf_autoets
29,2026-05-16,2026-05-30,2,2,3.151165746951377,3.151165746951377,0.0,0.0,3.151165746951377,98.4895156255641,235.64933275366414,2026-05-16,2026-05-30,sf_autoets
29,2026-05-16,2026-06-06,3,3,0.811614587846945,0.811614587846945,0.0,0.0,0.811614587846945,125.38302730942385,304.59938893132255,2026-05-16,2026-06-06,sf_autoets
29,2026-05-16,2026-06-13,4,4,0.0,0.0,0.0,0.0,0.0,150.62976263088993,368.86034637869557,2026-05-16,2026-06-13,sf_autoets
30,2026-05-16,2026-05-23,1,1,1.1378524567814607,1.1378524567814607,0.0,0.0,1.1378524567814607,11.071736907064706,25.363255234236668,2026-05-16,2026-05-23,sf_autoets
30,2026-05-16,2026-05-30,2,2,0.27508980259464155,0.27508980259464155,0.0,0.0,0.27508980259464155,15.488741421317354,37.37606878256783,2026-05-16,2026-05-30,sf_autoets
30,2026-05-16,2026-06-06,3,3,0.0,0.0,0.0,0.0,0.0,19.463427707346614,48.061971900507544,2026-05-16,2026-06-06,sf_autoets
30,2026-05-16,2026-06-13,4,4,0.0,0.0,0.0,0.0,0.0,23.238707194654637,58.06299286835538,2026-05-16,2026-06-13,sf_autoets
31,2026-05-16,2026-05-23,1,1,1.8104865911103991,1.8104865911103991,0.0,0.0,1.8104865911103991,15.483649197900283,35.15473103535494,2026-05-16,2026-05-23,sf_autoets
31,2026-05-16,2026-05-30,2,2,0.6206591203137792,0.6206591203137792,0.0,0.0,0.6206591203137792,21.5611618620434,51.68750168524222,2026-05-16,2026-05-30,sf_autoets
31,2026-05-16,2026-06-06,3,3,0.0,0.0,0.0,0.0,0.0,27.03038707909937,66.39460396564121,2026-05-16,2026-06-06,sf_autoets
31,2026-05-16,2026-06-13,4,4,0.0,0.0,0.0,0.0,0.0,32.22558578618472,80.15962137004378,2026-05-16,2026-06-13,sf_autoets
32,2026-05-16,2026-05-23,1,1,35.001099979986,35.001099979986,0.0,13.327363246490599,35.001099979986,56.674836713481405,87.85605361763191,2026-05-16,2026-05-23,sf_autoets
32,2026-05-16,2026-05-30,2,2,35.001099979986,35.001099979986,0.0,4.351340070478624,35.001099979986,65.65085988949338,109.74555493677224,2026-05-16,2026-05-30,sf_autoets
32,2026-05-16,2026-06-06,3,3,35.001099979986,35.001099979986,0.0,0.0,35.001099979986,72.53861056643836,126.54246204947017,2026-05-16,2026-06-06,sf_autoets
32,2026-05-16,2026-06-13,4,4,35.001099979986,35.001099979986,0.0,0.0,35.001099979986,78.34532242710807,140.70307911134262,2026-05-16,2026-06-13,sf_autoets
33,2026-05-16,2026-05-23,1,1,2.9999999800020007,2.9999999800020007,0.0,0.0,2.9999999800020007,14.934908240510111,32.10522675909368,2026-05-16,2026-05-23,sf_autoets
33,2026-05-16,2026-05-30,2,2,2.9999999800020007,2.9999999800020007,0.0,0.0,2.9999999800020007,19.87766520333406,44.15894842806952,2026-05-16,2026-05-30,sf_autoets
33,2026-05-16,2026-06-06,3,3,2.9999999800020007,2.9999999800020007,0.0,0.0,2.9999999800020007,23.670489369346416,53.40837080111667,2026-05-16,2026-06-06,sf_autoets
33,2026-05-16,2026-06-13,4,4,2.9999999800020007,2.9999999800020007,0.0,0.0,2.9999999800020007,26.868026287158777,61.20608780874488,2026-05-16,2026-06-13,sf_autoets
34,2026-05-16,2026-05-23,1,1,35.001729535120376,35.001729535120376,0.0,0.0,35.001729535120376,111.86057898592463,222.43461082904722,2026-05-16,2026-05-23,sf_autoets
34,2026-05-16,2026-05-30,2,2,33.00314639323747,33.00314639323747,0.0,0.0,33.00314639323747,150.71215095002907,320.05581548687496,2026-05-16,2026-05-30,sf_autoets
34,2026-05-16,2026-06-06,3,3,31.404279879731142,31.404279879731142,0.0,0.0,31.404279879731142,185.2062761524287,406.4756154011067,2026-05-16,2026-06-06,sf_autoets
34,2026-05-16,2026-06-13,4,4,30.125186668926084,30.125186668926084,0.0,0.0,30.125186668926084,217.4093720994062,486.8483193576322,2026-05-16,2026-06-13,sf_autoets
35,2026-05-16,2026-05-23,1,1,2.554305306348846,2.554305306348846,0.0,0.0,2.554305306348846,25.399197960213577,58.26531429959527,2026-05-16,2026-05-23,sf_autoets
35,2026-05-16,2026-05-30,2,2,1.1080865241148312,1.1080865241148312,0.0,0.0,1.1080865241148312,36.09469065576715,86.42864578233022,2026-05-16,2026-05-30,sf_autoets
35,2026-05-16,2026-06-06,3,3,0.0,0.0,0.0,0.0,0.0,45.665379220346,111.43284955621122,2026-05-16,2026-06-06,sf_autoets
35,2026-05-16,2026-06-13,4,4,0.0,0.0,0.0,0.0,0.0,54.69142912129062,134.7759726653958,2026-05-16,2026-06-13,sf_autoets
36,2026-05-16,2026-05-23,1,1,40.600792414223825,40.600792414223825,0.0,0.0,40.600792414223825,183.15440620604147,388.24110661076236,2026-05-16,2026-05-23,sf_autoets
36,2026-05-16,2026-05-30,2,2,31.199178832560147,31.199178832560147,0.0,0.0,31.199178832560147,249.51943857244342,563.6088573573097,2026-05-16,2026-05-30,sf_autoets
36,2026-05-16,2026-06-06,3,3,23.677887967229204,23.677887967229204,0.0,0.0,23.677887967229204,308.94146573002746,719.3398018567813,2026-05-16,2026-06-06,sf_autoets
36,2026-05-16,2026-06-13,4,4,17.660855274964455,17.660855274964455,0.0,0.0,17.660855274964455,365.02537647119544,864.7660817039506,2026-05-16,2026-06-13,sf_autoets
37,2026-05-16,2026-05-23,1,1,15.000699950002002,15.000699950002002,0.0,0.0,15.000699950002002,130.57466262162075,296.8467200360023,2026-05-16,2026-05-23,sf_autoets
37,2026-05-16,2026-05-30,2,2,15.000699950002002,15.000699950002002,0.0,0.0,15.000699950002002,178.43879330845175,413.57123503156106,2026-05-16,2026-05-30,sf_autoets
37,2026-05-16,2026-06-06,3,3,15.000699950002002,15.000699950002002,0.0,0.0,15.000699950002002,215.1673302200596,503.1397824173685,2026-05-16,2026-06-06,sf_autoets
37,2026-05-16,2026-06-13,4,4,15.000699950002002,15.000699950002002,0.0,0.0,15.000699950002002,246.13128941555618,578.6504637474907,2026-05-16,2026-06-13,sf_autoets
38,2026-05-16,2026-05-23,1,1,6.999600020001999,6.999600020001999,0.0,0.0,6.999600020001999,14.193687850864263,24.543560410447064,2026-05-16,2026-05-23,sf_autoets
38,2026-05-16,2026-05-30,2,2,6.999600020001999,6.999600020001999,0.0,0.0,6.999600020001999,17.173067913199795,31.809266227584878,2026-05-16,2026-05-30,sf_autoets
38,2026-05-16,2026-06-06,3,3,6.999600020001999,6.999600020001999,0.0,0.0,6.999600020001999,19.459294969305223,37.38460501394357,2026-05-16,2026-06-06,sf_autoets
38,2026-05-16,2026-06-13,4,4,6.999600020001999,6.999600020001999,0.0,0.0,6.999600020001999,21.38669658204182,42.084889239730956,2026-05-16,2026-06-13,sf_autoets
39,2026-05-16,2026-05-23,1,1,8.894388240136777,8.894388240136777,0.0,0.0,8.894388240136777,120.21843480449563,280.37629245746194,2026-05-16,2026-05-23,sf_autoets
39,2026-05-16,2026-05-30,2,2,3.7885742871954413,3.7885742871954413,0.0,0.0,3.7885742871954413,174.2808765493849,419.5619521061222,2026-05-16,2026-05-30,sf_autoets
39,2026-05-16,2026-06-06,3,3,0.0,0.0,0.0,0.0,0.0,222.47409912318432,542.9654506142771,2026-05-16,2026-06-06,sf_autoets
39,2026-05-16,2026-06-13,4,4,0.0,0.0,0.0,0.0,0.0,267.70270724404344,657.963963841036,2026-05-16,2026-06-13,sf_autoets
40,2026-05-16,2026-05-23,1,1,10.99969999,10.99969999,0.0,0.0,10.99969999,57.91215841973258,125.40340645836861,2026-05-16,2026-05-23,sf_autoets
40,2026-05-16,2026-05-30,2,2,10.99969999,10.99969999,0.0,0.0,10.99969999,77.34061781677852,172.78288390190303,2026-05-16,2026-05-30,sf_autoets
40,2026-05-16,2026-06-06,3,3,10.99969999,10.99969999,0.0,0.0,10.99969999,92.24904460444824,209.13952218545023,2026-05-16,2026-06-06,sf_autoets
40,2026-05-16,2026-06-13,4,4,10.99969999,10.99969999,0.0,0.0,10.99969999,104.81758006866818,239.78995258529005,2026-05-16,2026-06-13,sf_autoets
41,2026-05-16,2026-05-23,1,1,12.000200009995,12.000200009995,0.0,0.0,12.000200009995,47.07437540978615,97.53431613541707,2026-05-16,2026-05-23,sf_autoets
41,2026-05-16,2026-05-30,2,2,12.000200009995,12.000200009995,0.0,0.0,12.000200009995,61.600094492711506,132.95765905602056,2026-05-16,2026-05-30,sf_autoets
41,2026-05-16,2026-06-06,3,3,12.000200009995,12.000200009995,0.0,0.0,12.000200009995,72.74640388659876,160.13975845534992,2026-05-16,2026-06-06,sf_autoets
41,2026-05-16,2026-06-13,4,4,12.000200009995,12.000200009995,0.0,0.0,12.000200009995,82.14328974903633,183.05560230380883,2026-05-16,2026-06-13,sf_autoets
42,2026-05-16,2026-05-23,1,1,155.0042484313823,155.0042484313823,68.08128554907147,119.36056162536912,155.0042484313823,190.6479352373955,241.92721131369314,2026-05-16,2026-05-23,sf_autoets
42,2026-05-16,2026-05-30,2,2,169.00145171054083,169.00145171054083,37.03509269622319,114.88724053247861,169.00145171054083,223.11566288860305,300.9678107248585,2026-05-16,2026-05-30,sf_autoets
42,2026-05-16,2026-06-06,3,3,182.9986549896994,182.9986549896994,9.875621004441825,112.00771085181765,182.9986549896994,253.98959912758113,356.12168897495695,2026-05-16,2026-06-06,sf_autoets
42,2026-05-16,2026-06-13,4,4,196.99585826885792,196.99585826885792,0.0,109.37118082788868,196.99585826885792,284.62053570982715,410.68297279851674,2026-05-16,2026-06-13,sf_autoets
44,2026-05-16,2026-05-23,1,1,9.99959998,9.99959998,0.0,0.0,9.99959998,21.130960615002493,37.14524438462725,2026-05-16,2026-05-23,sf_autoets
44,2026-05-16,2026-05-30,2,2,9.99959998,9.99959998,0.0,0.0,9.99959998,25.740934071306267,48.38741901744693,2026-05-16,2026-05-30,sf_autoets
44,2026-05-16,2026-06-06,3,3,9.99959998,9.99959998,0.0,0.0,9.99959998,29.278396839808412,57.014100836236636,2026-05-16,2026-06-06,sf_autoets
44,2026-05-16,2026-06-13,4,4,9.99959998,9.99959998,0.0,0.0,9.99959998,32.260651566782606,64.2868169934957,2026-05-16,2026-06-13,sf_autoets
45,2026-05-16,2026-05-23,1,1,7.999900079997999,7.999900079997999,0.0,0.0,7.999900079997999,62.837690939171445,141.730826550705,2026-05-16,2026-05-23,sf_autoets
45,2026-05-16,2026-05-30,2,2,7.999900079997999,7.999900079997999,0.0,0.0,7.999900079997999,85.54837012318752,197.1145340355117,2026-05-16,2026-05-30,sf_autoets
45,2026-05-16,2026-06-06,3,3,7.999900079997999,7.999900079997999,0.0,0.0,7.999900079997999,102.9754080058021,239.61321761062322,2026-05-16,2026-06-06,sf_autoets
45,2026-05-16,2026-06-13,4,4,7.999900079997999,7.999900079997999,0.0,0.0,7.999900079997999,117.66725623254457,275.44169363320566,2026-05-16,2026-06-13,sf_autoets
46,2026-05-16,2026-05-23,1,1,4.000299980003,4.000299980003,0.0,0.0,4.000299980003,12.645009423676672,25.081838547838284,2026-05-16,2026-05-23,sf_autoets
46,2026-05-16,2026-05-30,2,2,4.000299980003,4.000299980003,0.0,0.0,4.000299980003,16.225154060036775,33.81260708570833,2026-05-16,2026-05-30,sf_autoets
46,2026-05-16,2026-06-06,3,3,4.000299980003,4.000299980003,0.0,0.0,4.000299980003,18.97237776468927,40.51216163539726,2026-05-16,2026-06-06,sf_autoets
46,2026-05-16,2026-06-13,4,4,4.000299980003,4.000299980003,0.0,0.0,4.000299980003,21.28842217714384,46.16021492441924,2026-05-16,2026-06-13,sf_autoets
47,2026-05-16,2026-05-23,1,1,38.99299172436909,38.99299172436909,13.261925715970026,28.4416940283851,38.99299172436909,49.54428942035308,64.72405773276816,2026-05-16,2026-05-23,sf_autoets
47,2026-05-16,2026-05-30,2,2,41.98478422963584,41.98478422963584,2.7899541368067418,25.91252665904162,41.98478422963584,58.05704180023007,81.17961432246494,2026-05-16,2026-05-30,sf_autoets
47,2026-05-16,2026-06-06,3,3,44.976576734902594,44.976576734902594,0.0,23.809658126590772,44.976576734902594,66.14349534321441,96.59557144037701,2026-05-16,2026-06-06,sf_autoets
47,2026-05-16,2026-06-13,4,4,47.96836924016934,47.96836924016934,0.0,21.725469572759906,47.96836924016934,74.21126890757877,111.96597437369914,2026-05-16,2026-06-13,sf_autoets
48,2026-05-16,2026-05-23,1,1,116.07653623459339,116.07653623459339,0.0,0.0,116.07653623459339,284.99763499724236,528.0182772137509,2026-05-16,2026-05-23,sf_autoets
48,2026-05-16,2026-05-30,2,2,110.15224829921397,110.15224829921397,0.0,0.0,110.15224829921397,368.85420033296026,741.0392913987243,2026-05-16,2026-05-30,sf_autoets
48,2026-05-16,2026-06-06,3,3,105.41281795091042,105.41281795091042,0.0,0.0,105.41281795091042,443.4402850274561,929.7481100267921,2026-05-16,2026-06-06,sf_autoets
48,2026-05-16,2026-06-13,4,4,101.62127367226759,101.62127367226759,0.0,0.0,101.62127367226759,513.2362094908697,1105.411649866717,2026-05-16,2026-06-13,sf_autoets
49,2026-05-16,2026-05-23,1,1,7.000399990003,7.000399990003,0.0,0.0,7.000399990003,21.97628884228488,43.52155555735868,2026-05-16,2026-05-23,sf_autoets
49,2026-05-16,2026-05-30,2,2,7.000399990003,7.000399990003,0.0,0.0,7.000399990003,28.178446184711106,58.646531135783334,2026-05-16,2026-05-30,sf_autoets
49,2026-05-16,2026-06-06,3,3,7.000399990003,7.000399990003,0.0,0.0,7.000399990003,32.93767113279056,70.2526799542801,2026-05-16,2026-06-06,sf_autoets
49,2026-05-16,2026-06-13,4,4,7.000399990003,7.000399990003,0.0,0.0,7.000399990003,36.94993133932081,80.03723301986155,2026-05-16,2026-06-13,sf_autoets
50,2026-05-16,2026-05-23,1,1,9.999000200033858e-05,9.999000200033858e-05,0.0,0.0,9.999000200033858e-05,5.299137148591843,12.922669216774162,2026-05-16,2026-05-23,sf_autoets
50,2026-05-16,2026-05-30,2,2,9.999000200033858e-05,9.999000200033858e-05,0.0,0.0,9.999000200033858e-05,7.493695518055816,18.27445891042056,2026-05-16,2026-05-30,sf_autoets
50,2026-05-16,2026-06-06,3,3,9.999000200033858e-05,9.999000200033858e-05,0.0,0.0,9.999000200033858e-05,9.177689709967717,22.381154310204252,2026-05-16,2026-06-06,sf_autoets
50,2026-05-16,2026-06-13,4,4,9.999000200033858e-05,9.999000200033858e-05,0.0,0.0,9.999000200033858e-05,10.597379461544337,25.843300082393935,2026-05-16,2026-06-13,sf_autoets
51,2026-05-16,2026-05-23,1,1,20.670133642103604,20.670133642103604,7.887667636098573,15.428547301524862,20.670133642103604,25.911719982682346,33.45259964810863,2026-05-16,2026-05-23,sf_autoets
51,2026-05-16,2026-05-30,2,2,23.34040015061364,23.34040015061364,3.4698635391662656,15.192274958369621,23.34040015061364,31.488525342857656,43.21093676206101,2026-05-16,2026-05-30,sf_autoets
51,2026-05-16,2026-06-06,3,3,26.01066665912368,26.01066665912368,0.0,15.08843127862145,26.01066665912368,36.93290203962591,52.64632491014086,2026-05-16,2026-06-06,sf_autoets
51,2026-05-16,2026-06-13,4,4,28.680933167633718,28.680933167633718,0.0,14.930220935091599,28.680933167633718,42.43164540017584,62.2142950642194,2026-05-16,2026-06-13,sf_autoets
53,2026-05-16,2026-05-23,1,1,31.025086030922004,31.025086030922004,9.564855169345428,22.225089778488247,31.025086030922004,39.82508228335576,52.48531689249858,2026-05-16,2026-05-23,sf_autoets
53,2026-05-16,2026-05-30,2,2,34.049769522974,34.049769522974,0.9332826597996231,20.470001338304215,34.049769522974,47.62953770764379,67.16625638614838,2026-05-16,2026-05-30,sf_autoets
53,2026-05-16,2026-06-06,3,3,37.074453015025995,37.074453015025995,0.0,18.974093094968904,37.074453015025995,55.17481293508308,81.21514255845906,2026-05-16,2026-06-06,sf_autoets
53,2026-05-16,2026-06-13,4,4,40.09913650707799,40.09913650707799,0.0,17.40625177580709,40.09913650707799,62.792021238348894,95.4394493070448,2026-05-16,2026-06-13,sf_autoets
54,2026-05-16,2026-05-23,1,1,3.485785445508599,3.485785445508599,0.0,0.0,3.485785445508599,25.06541164977731,56.11123515772369,2026-05-16,2026-05-23,sf_autoets
54,2026-05-16,2026-05-30,2,2,1.9720574245921552,1.9720574245921552,0.0,0.0,1.9720574245921552,35.021172465635914,82.56773249155046,2026-05-16,2026-05-30,sf_autoets
54,2026-05-16,2026-06-06,3,3,0.7610711637961103,0.7610711637961103,0.0,0.0,0.7610711637961103,43.94401641104261,106.06974945243007,2026-05-16,2026-06-06,sf_autoets
54,2026-05-16,2026-06-13,4,4,0.0,0.0,0.0,0.0,0.0,52.37602808050769,128.02635563512092,2026-05-16,2026-06-13,sf_autoets
55,2026-05-16,2026-05-23,1,1,3.6076665159874297,3.6076665159874297,0.0,0.0,3.6076665159874297,48.871567406116846,113.99109565995465,2026-05-16,2026-05-23,sf_autoets
55,2026-05-16,2026-05-30,2,2,0.21623798807465366,0.21623798807465366,0.0,0.0,0.21623798807465366,69.53771175726928,169.26799529310884,2026-05-16,2026-05-30,sf_autoets
55,2026-05-16,2026-06-06,3,3,0.0,0.0,0.0,0.0,0.0,88.08054155918103,218.39101996658042,2026-05-16,2026-06-06,sf_autoets
55,2026-05-16,2026-06-13,4,4,0.0,0.0,0.0,0.0,0.0,105.62843972163935,264.30708104638967,2026-05-16,2026-06-13,sf_autoets
56,2026-05-16,2026-05-23,1,1,7.471896263067608,7.471896263067608,0.0,0.13234990466441587,7.471896263067608,14.8114426214708,25.370581075236146,2026-05-16,2026-05-23,sf_autoets
56,2026-05-16,2026-05-30,2,2,7.471896263067608,7.471896263067608,0.0,0.0,7.471896263067608,17.038450348043547,30.801503836089417,2026-05-16,2026-05-30,sf_autoets
56,2026-05-16,2026-06-06,3,3,7.471896263067608,7.471896263067608,0.0,0.0,7.471896263067608,18.837149158379265,35.18792521775446,2026-05-16,2026-06-06,sf_autoets
56,2026-05-16,2026-06-13,4,4,7.471896263067608,7.471896263067608,0.0,0.0,7.471896263067608,20.387738848358367,38.96929190973789,2026-05-16,2026-06-13,sf_autoets
72,2026-05-16,2026-05-23,1,1,71.99920039997,71.99920039997,0.0,29.255613483463364,71.99920039997,114.74278731647662,176.23643150406372,2026-05-16,2026-05-23,sf_autoets
72,2026-05-16,2026-05-30,2,2,71.99920039997,71.99920039997,0.0,11.553662430624748,71.99920039997,132.44473836931525,219.40553583057775,2026-05-16,2026-05-30,sf_autoets
72,2026-05-16,2026-06-06,3,3,71.99920039997,71.99920039997,0.0,0.0,71.99920039997,146.02832911507886,252.53134463448973,2026-05-16,2026-06-06,sf_autoets
72,2026-05-16,2026-06-13,4,4,71.99920039997,71.99920039997,0.0,0.0,71.99920039997,157.479962775096,280.4580272189513,2026-05-16,2026-06-13,sf_autoets
