location,cutoff_date,forecast_date,forecast_week,horizon,forecast,predicted,predicted_q05,predicted_q25,predicted_q50,predicted_q75,predicted_q95,reference_date,target_end_date,model_family
01,2025-10-04,2025-10-11,1,1,22.330814361572266,22.330814361572266,7.419945240020752,19.33403205871582,22.330814361572266,31.644044876098633,42.862552642822266,2025-10-04,2025-10-11,xgboost_direct
01,2025-10-04,2025-10-18,2,2,23.63824462890625,23.63824462890625,6.2666401863098145,17.537181854248047,23.63824462890625,37.63041305541992,55.26145935058594,2025-10-04,2025-10-18,xgboost_direct
01,2025-10-04,2025-10-25,3,3,29.18122100830078,29.18122100830078,3.947932004928589,19.214141845703125,29.18122100830078,42.13164520263672,84.29932403564453,2025-10-04,2025-10-25,xgboost_direct
01,2025-10-04,2025-11-01,4,4,35.16612243652344,35.16612243652344,7.569375038146973,28.840261459350586,35.16612243652344,56.942054748535156,124.86925506591797,2025-10-04,2025-11-01,xgboost_direct
02,2025-10-04,2025-10-11,1,1,4.9247002601623535,4.9247002601623535,0.6,1.6031579971313477,4.9247002601623535,6.948242664337158,15.115151405334473,2025-10-04,2025-10-11,xgboost_direct
02,2025-10-04,2025-10-18,2,2,6.648393154144287,6.648393154144287,0.17099999999999999,1.8293062448501587,6.648393154144287,10.753164291381836,21.40285873413086,2025-10-04,2025-10-18,xgboost_direct
02,2025-10-04,2025-10-25,3,3,8.571341514587402,8.571341514587402,0.046169999999999996,2.658742904663086,8.571341514587402,17.196077346801758,32.97623062133789,2025-10-04,2025-10-25,xgboost_direct
02,2025-10-04,2025-11-01,4,4,10.534997940063477,10.534997940063477,0.3757288157939911,4.445497035980225,10.534997940063477,30.407590866088867,58.88338851928711,2025-10-04,2025-11-01,xgboost_direct
04,2025-10-04,2025-10-11,1,1,18.85700035095215,18.85700035095215,7.451070308685303,16.435325622558594,18.85700035095215,27.034109115600586,38.863136291503906,2025-10-04,2025-10-11,xgboost_direct
04,2025-10-04,2025-10-18,2,2,22.545486450195312,22.545486450195312,7.17831563949585,16.307077407836914,22.545486450195312,34.76842498779297,51.55495834350586,2025-10-04,2025-10-18,xgboost_direct
04,2025-10-04,2025-10-25,3,3,29.126331329345703,29.126331329345703,7.646268844604492,19.186511993408203,29.126331329345703,54.49323272705078,76.88516998291016,2025-10-04,2025-10-25,xgboost_direct
04,2025-10-04,2025-11-01,4,4,34.599212646484375,34.599212646484375,6.449438571929932,25.688636779785156,34.599212646484375,62.456031799316406,115.74183654785156,2025-10-04,2025-11-01,xgboost_direct
05,2025-10-04,2025-10-11,1,1,6.596889019012451,6.596889019012451,1.2,2.625274419784546,6.596889019012451,8.687414169311523,15.800405502319336,2025-10-04,2025-10-11,xgboost_direct
05,2025-10-04,2025-10-18,2,2,9.301666259765625,9.301666259765625,0.5157492756843567,3.5753116607666016,9.301666259765625,13.874815940856934,24.098764419555664,2025-10-04,2025-10-18,xgboost_direct
05,2025-10-04,2025-10-25,3,3,12.01839828491211,12.01839828491211,0.5996473431587219,5.262564182281494,12.01839828491211,24.784456253051758,38.142913818359375,2025-10-04,2025-10-25,xgboost_direct
05,2025-10-04,2025-11-01,4,4,14.871111869812012,14.871111869812012,0.8055254817008972,8.8272123336792,14.871111869812012,35.056331634521484,56.79343795776367,2025-10-04,2025-11-01,xgboost_direct
06,2025-10-04,2025-10-11,1,1,95.28643798828125,95.28643798828125,46.24232482910156,78.65434265136719,95.28643798828125,96.80245208740234,136.98362731933594,2025-10-04,2025-10-11,xgboost_direct
06,2025-10-04,2025-10-18,2,2,93.4767837524414,93.4767837524414,34.89423370361328,61.87340545654297,93.4767837524414,103.395263671875,141.22792053222656,2025-10-04,2025-10-18,xgboost_direct
06,2025-10-04,2025-10-25,3,3,84.69624328613281,84.69624328613281,30.52593994140625,80.81927490234375,84.69624328613281,109.84757995605469,155.56370544433594,2025-10-04,2025-10-25,xgboost_direct
06,2025-10-04,2025-11-01,4,4,110.90645599365234,110.90645599365234,36.91069030761719,100.97505187988281,110.90645599365234,113.99271392822266,214.5803985595703,2025-10-04,2025-11-01,xgboost_direct
08,2025-10-04,2025-10-11,1,1,8.617371559143066,8.617371559143066,2.4,4.386892318725586,8.617371559143066,12.313248634338379,19.960100173950195,2025-10-04,2025-10-11,xgboost_direct
08,2025-10-04,2025-10-18,2,2,11.540498733520508,11.540498733520508,1.9467504024505615,5.438315391540527,11.540498733520508,22.414602279663086,32.3273811340332,2025-10-04,2025-10-18,xgboost_direct
08,2025-10-04,2025-10-25,3,3,13.426629066467285,13.426629066467285,1.032446026802063,6.061259746551514,13.426629066467285,31.641944885253906,46.28658676147461,2025-10-04,2025-10-25,xgboost_direct
08,2025-10-04,2025-11-01,4,4,17.806812286376953,17.806812286376953,2.143127202987671,10.036126136779785,17.806812286376953,40.74125289916992,68.81731414794922,2025-10-04,2025-11-01,xgboost_direct
09,2025-10-04,2025-10-11,1,1,8.908156394958496,8.908156394958496,2.4,5.88082218170166,8.908156394958496,12.986549377441406,22.58486557006836,2025-10-04,2025-10-11,xgboost_direct
09,2025-10-04,2025-10-18,2,2,11.322759628295898,11.322759628295898,1.5953391790390015,6.7445526123046875,11.322759628295898,16.757850646972656,31.30791473388672,2025-10-04,2025-10-18,xgboost_direct
09,2025-10-04,2025-10-25,3,3,14.586525917053223,14.586525917053223,1.5278838872909546,8.48924732208252,14.586525917053223,24.56036949157715,42.24699401855469,2025-10-04,2025-10-25,xgboost_direct
09,2025-10-04,2025-11-01,4,4,16.521757125854492,16.521757125854492,1.347415804862976,12.914891242980957,16.521757125854492,36.53244400024414,64.52033996582031,2025-10-04,2025-11-01,xgboost_direct
10,2025-10-04,2025-10-11,1,1,1.742607831954956,1.742607831954956,0.3,0.3,1.742607831954956,2.8949897289276123,9.557663917541504,2025-10-04,2025-10-11,xgboost_direct
10,2025-10-04,2025-10-18,2,2,2.742659091949463,2.742659091949463,0.08549999999999999,0.6657569408416748,2.742659091949463,4.197426795959473,14.339981079101562,2025-10-04,2025-10-18,xgboost_direct
10,2025-10-04,2025-10-25,3,3,3.552959442138672,3.552959442138672,0.023084999999999998,0.9156058430671692,3.552959442138672,6.796418190002441,18.839065551757812,2025-10-04,2025-10-25,xgboost_direct
10,2025-10-04,2025-11-01,4,4,5.126749038696289,5.126749038696289,0.019393322989344597,1.6042306423187256,5.126749038696289,13.926485061645508,29.725711822509766,2025-10-04,2025-11-01,xgboost_direct
11,2025-10-04,2025-10-11,1,1,5.00957727432251,5.00957727432251,1.7999999999999998,1.8921393156051636,5.00957727432251,6.767391681671143,13.455774307250977,2025-10-04,2025-10-11,xgboost_direct
11,2025-10-04,2025-10-18,2,2,6.913335800170898,6.913335800170898,0.5129999999999999,2.3507637977600098,6.913335800170898,14.225590705871582,22.362995147705078,2025-10-04,2025-10-18,xgboost_direct
11,2025-10-04,2025-10-25,3,3,8.3629789352417,8.3629789352417,1.794289469718933,3.099329710006714,8.3629789352417,22.764522552490234,31.772857666015625,2025-10-04,2025-10-25,xgboost_direct
11,2025-10-04,2025-11-01,4,4,11.835968971252441,11.835968971252441,1.724027395248413,4.994804859161377,11.835968971252441,30.401330947875977,40.6450080871582,2025-10-04,2025-11-01,xgboost_direct
12,2025-10-04,2025-10-11,1,1,136.0622100830078,136.0622100830078,68.95467376708984,105.61622619628906,136.0622100830078,140.44244384765625,196.59634399414062,2025-10-04,2025-10-11,xgboost_direct
12,2025-10-04,2025-10-18,2,2,139.1141815185547,139.1141815185547,55.68471908569336,108.50503540039062,139.1141815185547,147.8708953857422,185.09207153320312,2025-10-04,2025-10-18,xgboost_direct
12,2025-10-04,2025-10-25,3,3,129.78074645996094,129.78074645996094,46.04032897949219,121.90489959716797,129.78074645996094,164.12303161621094,217.8449249267578,2025-10-04,2025-10-25,xgboost_direct
12,2025-10-04,2025-11-01,4,4,143.45108032226562,143.45108032226562,47.19744110107422,122.54312896728516,143.45108032226562,153.37112426757812,252.82424926757812,2025-10-04,2025-11-01,xgboost_direct
13,2025-10-04,2025-10-11,1,1,29.895200729370117,29.895200729370117,12.18784236907959,24.270280838012695,29.895200729370117,39.0168571472168,49.20638656616211,2025-10-04,2025-10-11,xgboost_direct
13,2025-10-04,2025-10-18,2,2,30.541757583618164,30.541757583618164,10.287285804748535,26.250764846801758,30.541757583618164,51.774505615234375,74.42086029052734,2025-10-04,2025-10-18,xgboost_direct
13,2025-10-04,2025-10-25,3,3,40.846656799316406,40.846656799316406,9.363286972045898,29.421329498291016,40.846656799316406,70.63406372070312,107.08552551269531,2025-10-04,2025-10-25,xgboost_direct
13,2025-10-04,2025-11-01,4,4,53.93293380737305,53.93293380737305,16.370718002319336,36.52008819580078,53.93293380737305,89.93749237060547,160.99575805664062,2025-10-04,2025-11-01,xgboost_direct
15,2025-10-04,2025-10-11,1,1,2.9556820392608643,2.9556820392608643,0.3,1.181814432144165,2.9556820392608643,4.513040065765381,9.94955825805664,2025-10-04,2025-10-11,xgboost_direct
15,2025-10-04,2025-10-18,2,2,4.565756320953369,4.565756320953369,0.08549999999999999,1.3455605506896973,4.565756320953369,7.2820000648498535,17.43076515197754,2025-10-04,2025-10-18,xgboost_direct
15,2025-10-04,2025-10-25,3,3,5.884496688842773,5.884496688842773,0.023084999999999998,2.2393171787261963,5.884496688842773,11.517229080200195,22.06945037841797,2025-10-04,2025-10-25,xgboost_direct
15,2025-10-04,2025-11-01,4,4,8.310667991638184,8.310667991638184,0.406206339597702,3.644479751586914,8.310667991638184,20.031808853149414,35.26033401489258,2025-10-04,2025-11-01,xgboost_direct
16,2025-10-04,2025-10-11,1,1,2.703432321548462,2.703432321548462,0.6,0.606857180595398,2.703432321548462,4.172283172607422,9.731329917907715,2025-10-04,2025-10-11,xgboost_direct
16,2025-10-04,2025-10-18,2,2,4.175041198730469,4.175041198730469,0.17099999999999999,1.0293657779693604,4.175041198730469,5.965421676635742,15.375516891479492,2025-10-04,2025-10-18,xgboost_direct
16,2025-10-04,2025-10-25,3,3,5.2912445068359375,5.2912445068359375,0.046169999999999996,1.3075100183486938,5.2912445068359375,9.862011909484863,21.260540008544922,2025-10-04,2025-10-25,xgboost_direct
16,2025-10-04,2025-11-01,4,4,8.163395881652832,8.163395881652832,0.34593841433525085,2.4245028495788574,8.163395881652832,18.53045654296875,31.330167770385742,2025-10-04,2025-11-01,xgboost_direct
17,2025-10-04,2025-10-11,1,1,14.28928279876709,14.28928279876709,4.2,9.64116382598877,14.28928279876709,20.883808135986328,29.227718353271484,2025-10-04,2025-10-11,xgboost_direct
17,2025-10-04,2025-10-18,2,2,16.61809539794922,16.61809539794922,3.134065628051758,10.309552192687988,16.61809539794922,28.128129959106445,42.97748565673828,2025-10-04,2025-10-18,xgboost_direct
17,2025-10-04,2025-10-25,3,3,20.0589542388916,20.0589542388916,4.091017723083496,12.586465835571289,20.0589542388916,37.78849792480469,58.61361312866211,2025-10-04,2025-10-25,xgboost_direct
17,2025-10-04,2025-11-01,4,4,23.535099029541016,23.535099029541016,2.406778573989868,16.701892852783203,23.535099029541016,51.853694915771484,88.61805725097656,2025-10-04,2025-11-01,xgboost_direct
18,2025-10-04,2025-10-11,1,1,15.08303165435791,15.08303165435791,5.3999999999999995,9.613659858703613,15.08303165435791,22.213642120361328,32.7459716796875,2025-10-04,2025-10-11,xgboost_direct
18,2025-10-04,2025-10-18,2,2,18.01426887512207,18.01426887512207,2.5913894176483154,10.338473320007324,18.01426887512207,28.702247619628906,43.491424560546875,2025-10-04,2025-10-18,xgboost_direct
18,2025-10-04,2025-10-25,3,3,22.455541610717773,22.455541610717773,5.294572830200195,13.825708389282227,22.455541610717773,41.52714538574219,57.794036865234375,2025-10-04,2025-10-25,xgboost_direct
18,2025-10-04,2025-11-01,4,4,24.8884220123291,24.8884220123291,2.9000837802886963,19.313119888305664,24.8884220123291,49.1646614074707,100.77617645263672,2025-10-04,2025-11-01,xgboost_direct
19,2025-10-04,2025-10-11,1,1,3.4732632637023926,3.4732632637023926,0.3,1.294836401939392,3.4732632637023926,3.860722780227661,8.989645957946777,2025-10-04,2025-10-11,xgboost_direct
19,2025-10-04,2025-10-18,2,2,4.766931056976318,4.766931056976318,0.13759362697601318,1.4318548440933228,4.766931056976318,7.082094669342041,17.140661239624023,2025-10-04,2025-10-18,xgboost_direct
19,2025-10-04,2025-10-25,3,3,6.590832710266113,6.590832710266113,0.04435840994119644,2.872589111328125,6.590832710266113,12.009542465209961,21.86274528503418,2025-10-04,2025-10-25,xgboost_direct
19,2025-10-04,2025-11-01,4,4,8.618961334228516,8.618961334228516,0.3624159097671509,4.061697006225586,8.618961334228516,21.312463760375977,37.760746002197266,2025-10-04,2025-11-01,xgboost_direct
20,2025-10-04,2025-10-11,1,1,10.138199806213379,10.138199806213379,3.0,6.58939790725708,10.138199806213379,15.173711776733398,26.07095718383789,2025-10-04,2025-10-11,xgboost_direct
20,2025-10-04,2025-10-18,2,2,12.998632431030273,12.998632431030273,2.4408621788024902,8.41545295715332,12.998632431030273,20.228160858154297,34.6301383972168,2025-10-04,2025-10-18,xgboost_direct
20,2025-10-04,2025-10-25,3,3,15.395678520202637,15.395678520202637,1.9751681089401245,10.322627067565918,15.395678520202637,34.53400421142578,51.64414978027344,2025-10-04,2025-10-25,xgboost_direct
20,2025-10-04,2025-11-01,4,4,20.4266300201416,20.4266300201416,2.171048879623413,15.363503456115723,20.4266300201416,44.27732467651367,68.21954345703125,2025-10-04,2025-11-01,xgboost_direct
21,2025-10-04,2025-10-11,1,1,18.72542381286621,18.72542381286621,6.3938069343566895,13.782506942749023,18.72542381286621,25.223548889160156,35.00949478149414,2025-10-04,2025-10-11,xgboost_direct
21,2025-10-04,2025-10-18,2,2,19.258161544799805,19.258161544799805,5.132421970367432,14.27432632446289,19.258161544799805,30.321304321289062,46.52638244628906,2025-10-04,2025-10-18,xgboost_direct
21,2025-10-04,2025-10-25,3,3,23.20911979675293,23.20911979675293,3.4869813919067383,16.09198570251465,23.20911979675293,39.933982849121094,67.44048309326172,2025-10-04,2025-10-25,xgboost_direct
21,2025-10-04,2025-11-01,4,4,27.4422607421875,27.4422607421875,4.664183616638184,23.139720916748047,27.4422607421875,50.869327545166016,96.13801574707031,2025-10-04,2025-11-01,xgboost_direct
22,2025-10-04,2025-10-11,1,1,32.742889404296875,32.742889404296875,15.512543678283691,29.633146286010742,32.742889404296875,43.235774993896484,60.77170944213867,2025-10-04,2025-10-11,xgboost_direct
22,2025-10-04,2025-10-18,2,2,36.96551513671875,36.96551513671875,12.158686637878418,32.38927459716797,36.96551513671875,57.37807083129883,98.63797760009766,2025-10-04,2025-10-18,xgboost_direct
22,2025-10-04,2025-10-25,3,3,47.29365921020508,47.29365921020508,12.235882759094238,33.997215270996094,47.29365921020508,87.15493774414062,137.0923614501953,2025-10-04,2025-10-25,xgboost_direct
22,2025-10-04,2025-11-01,4,4,61.08428192138672,61.08428192138672,16.862516403198242,37.60262680053711,61.08428192138672,91.74800872802734,191.02528381347656,2025-10-04,2025-11-01,xgboost_direct
23,2025-10-04,2025-10-11,1,1,1.8036777973175049,1.8036777973175049,0.3,0.3,1.8036777973175049,2.8627119064331055,9.557663917541504,2025-10-04,2025-10-11,xgboost_direct
23,2025-10-04,2025-10-18,2,2,2.687452793121338,2.687452793121338,0.08549999999999999,0.6820675134658813,2.687452793121338,4.0082173347473145,14.339981079101562,2025-10-04,2025-10-18,xgboost_direct
23,2025-10-04,2025-10-25,3,3,3.565783977508545,3.565783977508545,0.023084999999999998,0.8963537812232971,3.565783977508545,7.034722328186035,18.839065551757812,2025-10-04,2025-10-25,xgboost_direct
23,2025-10-04,2025-11-01,4,4,5.570876121520996,5.570876121520996,0.019393322989344597,1.6823934316635132,5.570876121520996,14.236336708068848,29.725711822509766,2025-10-04,2025-11-01,xgboost_direct
24,2025-10-04,2025-10-11,1,1,4.557183265686035,4.557183265686035,0.8999999999999999,2.5923759937286377,4.557183265686035,7.192017078399658,13.89094352722168,2025-10-04,2025-10-11,xgboost_direct
24,2025-10-04,2025-10-18,2,2,6.307055950164795,6.307055950164795,0.25649999999999995,2.6838767528533936,6.307055950164795,11.846810340881348,22.084383010864258,2025-10-04,2025-10-18,xgboost_direct
24,2025-10-04,2025-10-25,3,3,8.941349983215332,8.941349983215332,0.07636041194200516,3.4691660404205322,8.941349983215332,16.89181137084961,32.10744094848633,2025-10-04,2025-10-25,xgboost_direct
24,2025-10-04,2025-11-01,4,4,12.888330459594727,12.888330459594727,0.5169175863265991,6.501593589782715,12.888330459594727,25.477680206298828,51.27277755737305,2025-10-04,2025-11-01,xgboost_direct
25,2025-10-04,2025-10-11,1,1,15.813761711120605,15.813761711120605,5.28036642074585,11.844623565673828,15.813761711120605,23.905445098876953,34.076698303222656,2025-10-04,2025-10-11,xgboost_direct
25,2025-10-04,2025-10-18,2,2,19.548383712768555,19.548383712768555,3.702282428741455,12.730918884277344,19.548383712768555,29.362564086914062,44.279052734375,2025-10-04,2025-10-18,xgboost_direct
25,2025-10-04,2025-10-25,3,3,24.981952667236328,24.981952667236328,4.794816493988037,19.07771873474121,24.981952667236328,41.896366119384766,64.39942169189453,2025-10-04,2025-10-25,xgboost_direct
25,2025-10-04,2025-11-01,4,4,26.304874420166016,26.304874420166016,3.882610559463501,25.3682918548584,26.304874420166016,51.93231201171875,92.099609375,2025-10-04,2025-11-01,xgboost_direct
26,2025-10-04,2025-10-11,1,1,21.033370971679688,21.033370971679688,7.072691440582275,15.117721557617188,21.033370971679688,24.604583740234375,37.104793548583984,2025-10-04,2025-10-11,xgboost_direct
26,2025-10-04,2025-10-18,2,2,21.652511596679688,21.652511596679688,4.887495517730713,14.111639976501465,21.652511596679688,29.378442764282227,52.736846923828125,2025-10-04,2025-10-18,xgboost_direct
26,2025-10-04,2025-10-25,3,3,26.790185928344727,26.790185928344727,3.2333292961120605,15.465485572814941,26.790185928344727,35.82899856567383,70.56721496582031,2025-10-04,2025-10-25,xgboost_direct
26,2025-10-04,2025-11-01,4,4,32.4124870300293,32.4124870300293,4.925930023193359,19.386356353759766,32.4124870300293,52.387847900390625,112.31982421875,2025-10-04,2025-11-01,xgboost_direct
27,2025-10-04,2025-10-11,1,1,2.705629348754883,2.705629348754883,0.000994341797195375,1.3964903354644775,2.705629348754883,4.605841636657715,10.260004043579102,2025-10-04,2025-10-11,xgboost_direct
27,2025-10-04,2025-10-18,2,2,4.114664554595947,4.114664554595947,0.0002833874023053795,1.2344247102737427,4.114664554595947,8.114869117736816,16.97087287902832,2025-10-04,2025-10-18,xgboost_direct
27,2025-10-04,2025-10-25,3,3,6.205996036529541,6.205996036529541,0.005841379519551992,2.1490397453308105,6.205996036529541,12.971588134765625,22.675107955932617,2025-10-04,2025-10-25,xgboost_direct
27,2025-10-04,2025-11-01,4,4,8.883329391479492,8.883329391479492,0.4353443384170532,4.607997417449951,8.883329391479492,21.36989974975586,36.750919342041016,2025-10-04,2025-11-01,xgboost_direct
28,2025-10-04,2025-10-11,1,1,13.917558670043945,13.917558670043945,4.5,10.028944969177246,13.917558670043945,22.226707458496094,28.72658348083496,2025-10-04,2025-10-11,xgboost_direct
28,2025-10-04,2025-10-18,2,2,16.292442321777344,16.292442321777344,2.8572633266448975,10.70201301574707,16.292442321777344,24.983625411987305,41.000022888183594,2025-10-04,2025-10-18,xgboost_direct
28,2025-10-04,2025-10-25,3,3,18.24078369140625,18.24078369140625,2.5978660583496094,13.767085075378418,18.24078369140625,33.28505325317383,54.20063400268555,2025-10-04,2025-10-25,xgboost_direct
28,2025-10-04,2025-11-01,4,4,21.298551559448242,21.298551559448242,2.5931389331817627,17.546222686767578,21.298551559448242,48.75140380859375,78.72003936767578,2025-10-04,2025-11-01,xgboost_direct
29,2025-10-04,2025-10-11,1,1,19.30423355102539,19.30423355102539,7.913089752197266,14.748116493225098,19.30423355102539,30.320064544677734,39.95166778564453,2025-10-04,2025-10-11,xgboost_direct
29,2025-10-04,2025-10-18,2,2,22.08420753479004,22.08420753479004,7.447560787200928,17.25709342956543,22.08420753479004,41.55788803100586,54.974308013916016,2025-10-04,2025-10-18,xgboost_direct
29,2025-10-04,2025-10-25,3,3,26.85310173034668,26.85310173034668,4.278994560241699,21.44562339782715,26.85310173034668,56.58327865600586,89.31012725830078,2025-10-04,2025-10-25,xgboost_direct
29,2025-10-04,2025-11-01,4,4,36.76093673706055,36.76093673706055,11.016755104064941,27.116159439086914,36.76093673706055,75.4080581665039,123.53221893310547,2025-10-04,2025-11-01,xgboost_direct
30,2025-10-04,2025-10-11,1,1,4.54826545715332,4.54826545715332,1.7999999999999998,1.7999999999999998,4.54826545715332,6.512873649597168,12.872028350830078,2025-10-04,2025-10-11,xgboost_direct
30,2025-10-04,2025-10-18,2,2,7.045280456542969,7.045280456542969,0.5129999999999999,2.0394811630249023,7.045280456542969,10.348710060119629,19.098705291748047,2025-10-04,2025-10-18,xgboost_direct
30,2025-10-04,2025-10-25,3,3,9.265497207641602,9.265497207641602,1.5217366218566895,3.031928062438965,9.265497207641602,20.286046981811523,30.48820686340332,2025-10-04,2025-10-25,xgboost_direct
30,2025-10-04,2025-11-01,4,4,11.653843879699707,11.653843879699707,0.8644915819168091,4.823568344116211,11.653843879699707,32.194095611572266,38.12017822265625,2025-10-04,2025-11-01,xgboost_direct
31,2025-10-04,2025-10-11,1,1,2.2321934700012207,2.2321934700012207,0.3,0.7956864237785339,2.2321934700012207,3.300501585006714,8.348448753356934,2025-10-04,2025-10-11,xgboost_direct
31,2025-10-04,2025-10-18,2,2,3.8730368614196777,3.8730368614196777,0.08549999999999999,0.9860092997550964,3.8730368614196777,5.689963340759277,16.278318405151367,2025-10-04,2025-10-18,xgboost_direct
31,2025-10-04,2025-10-25,3,3,4.694150924682617,4.694150924682617,0.023084999999999998,1.897594928741455,4.694150924682617,8.686018943786621,19.775375366210938,2025-10-04,2025-10-25,xgboost_direct
31,2025-10-04,2025-11-01,4,4,6.5679192543029785,6.5679192543029785,0.2892000675201416,2.4772863388061523,6.5679192543029785,14.713607788085938,32.16225051879883,2025-10-04,2025-11-01,xgboost_direct
32,2025-10-04,2025-10-11,1,1,6.949343681335449,6.949343681335449,1.5,4.066380977630615,6.949343681335449,9.481289863586426,17.47425651550293,2025-10-04,2025-10-11,xgboost_direct
32,2025-10-04,2025-10-18,2,2,8.706089973449707,8.706089973449707,0.7085142731666565,4.650381088256836,8.706089973449707,14.32643985748291,27.577396392822266,2025-10-04,2025-10-18,xgboost_direct
32,2025-10-04,2025-10-25,3,3,11.54504108428955,11.54504108428955,0.3681280016899109,7.091945648193359,11.54504108428955,22.442447662353516,39.786781311035156,2025-10-04,2025-10-25,xgboost_direct
32,2025-10-04,2025-11-01,4,4,16.186620712280273,16.186620712280273,0.9641634225845337,9.617271423339844,16.186620712280273,34.107749938964844,61.248802185058594,2025-10-04,2025-11-01,xgboost_direct
33,2025-10-04,2025-10-11,1,1,3.615800619125366,3.615800619125366,1.2,1.2,3.615800619125366,4.978827953338623,11.619837760925293,2025-10-04,2025-10-11,xgboost_direct
33,2025-10-04,2025-10-18,2,2,4.5788373947143555,4.5788373947143555,0.34199999999999997,1.2292348146438599,4.5788373947143555,6.509827136993408,16.179157257080078,2025-10-04,2025-10-18,xgboost_direct
33,2025-10-04,2025-10-25,3,3,6.912811279296875,6.912811279296875,0.1259249448776245,1.9395509958267212,6.912811279296875,14.126036643981934,22.67425537109375,2025-10-04,2025-10-25,xgboost_direct
33,2025-10-04,2025-11-01,4,4,10.848763465881348,10.848763465881348,0.4714560806751251,2.8147783279418945,10.848763465881348,21.838632583618164,32.83505630493164,2025-10-04,2025-11-01,xgboost_direct
34,2025-10-04,2025-10-11,1,1,16.5101261138916,16.5101261138916,6.077428340911865,12.67294979095459,16.5101261138916,27.66119384765625,35.26496887207031,2025-10-04,2025-10-11,xgboost_direct
34,2025-10-04,2025-10-18,2,2,19.68981170654297,19.68981170654297,4.977537631988525,13.555723190307617,19.68981170654297,35.52492141723633,50.812904357910156,2025-10-04,2025-10-18,xgboost_direct
34,2025-10-04,2025-10-25,3,3,24.570707321166992,24.570707321166992,3.36006498336792,17.892271041870117,24.570707321166992,43.88837814331055,76.12577819824219,2025-10-04,2025-10-25,xgboost_direct
34,2025-10-04,2025-11-01,4,4,31.398448944091797,31.398448944091797,9.004338264465332,25.679895401000977,31.398448944091797,60.994407653808594,130.01332092285156,2025-10-04,2025-11-01,xgboost_direct
35,2025-10-04,2025-10-11,1,1,1.68667471408844,1.68667471408844,0.0,0.4935433566570282,1.68667471408844,2.9731574058532715,8.039999961853027,2025-10-04,2025-10-11,xgboost_direct
35,2025-10-04,2025-10-18,2,2,2.4868719577789307,2.4868719577789307,0.0,0.5383232235908508,2.4868719577789307,4.424225330352783,13.347639083862305,2025-10-04,2025-10-18,xgboost_direct
35,2025-10-04,2025-10-25,3,3,4.212190628051758,4.212190628051758,0.0,0.9142596125602722,4.212190628051758,7.783570766448975,16.295156478881836,2025-10-04,2025-10-25,xgboost_direct
35,2025-10-04,2025-11-01,4,4,5.790900707244873,5.790900707244873,0.1308305561542511,1.8631197214126587,5.790900707244873,12.397140502929688,27.618114471435547,2025-10-04,2025-11-01,xgboost_direct
36,2025-10-04,2025-10-11,1,1,25.458723068237305,25.458723068237305,10.03381061553955,17.28685188293457,25.458723068237305,35.61608123779297,46.156620025634766,2025-10-04,2025-10-11,xgboost_direct
36,2025-10-04,2025-10-18,2,2,25.406246185302734,25.406246185302734,5.892849922180176,20.729110717773438,25.406246185302734,48.654090881347656,61.02406692504883,2025-10-04,2025-10-18,xgboost_direct
36,2025-10-04,2025-10-25,3,3,31.139516830444336,31.139516830444336,6.659261703491211,20.98941421508789,31.139516830444336,54.29945373535156,86.55462646484375,2025-10-04,2025-10-25,xgboost_direct
36,2025-10-04,2025-11-01,4,4,34.201866149902344,34.201866149902344,9.924460411071777,28.636821746826172,34.201866149902344,63.8757209777832,138.7071533203125,2025-10-04,2025-11-01,xgboost_direct
37,2025-10-04,2025-10-11,1,1,20.94932746887207,20.94932746887207,6.975649833679199,13.189358711242676,20.94932746887207,31.42870330810547,40.7735595703125,2025-10-04,2025-10-11,xgboost_direct
37,2025-10-04,2025-10-18,2,2,21.136568069458008,21.136568069458008,5.571512699127197,14.096562385559082,21.136568069458008,40.470191955566406,54.710693359375,2025-10-04,2025-10-18,xgboost_direct
37,2025-10-04,2025-10-25,3,3,26.62216567993164,26.62216567993164,3.7164673805236816,19.432767868041992,26.62216567993164,49.584720611572266,83.68045043945312,2025-10-04,2025-10-25,xgboost_direct
37,2025-10-04,2025-11-01,4,4,32.99087142944336,32.99087142944336,10.01707649230957,32.42971420288086,32.99087142944336,62.50797653198242,127.59378051757812,2025-10-04,2025-11-01,xgboost_direct
38,2025-10-04,2025-10-11,1,1,3.2562899589538574,3.2562899589538574,0.8999999999999999,1.0009140968322754,3.2562899589538574,4.445184230804443,10.039422988891602,2025-10-04,2025-10-11,xgboost_direct
38,2025-10-04,2025-10-18,2,2,4.687789440155029,4.687789440155029,0.25649999999999995,1.2250272035598755,4.687789440155029,6.676589488983154,16.254985809326172,2025-10-04,2025-10-18,xgboost_direct
38,2025-10-04,2025-10-25,3,3,7.0271687507629395,7.0271687507629395,0.069255,1.6808253526687622,7.0271687507629395,10.95784854888916,25.259235382080078,2025-10-04,2025-10-25,xgboost_direct
38,2025-10-04,2025-11-01,4,4,9.303243637084961,9.303243637084961,0.35939791798591614,2.9655745029449463,9.303243637084961,20.796531677246094,32.68972396850586,2025-10-04,2025-11-01,xgboost_direct
39,2025-10-04,2025-10-11,1,1,17.479459762573242,17.479459762573242,6.237544059753418,14.778976440429688,17.479459762573242,23.910219192504883,32.14085388183594,2025-10-04,2025-10-11,xgboost_direct
39,2025-10-04,2025-10-18,2,2,19.84806251525879,19.84806251525879,5.5965189933776855,15.302498817443848,19.84806251525879,30.059389114379883,50.91242980957031,2025-10-04,2025-10-18,xgboost_direct
39,2025-10-04,2025-10-25,3,3,24.12588119506836,24.12588119506836,3.8861348628997803,16.855892181396484,24.12588119506836,44.37038803100586,71.97530364990234,2025-10-04,2025-10-25,xgboost_direct
39,2025-10-04,2025-11-01,4,4,27.403606414794922,27.403606414794922,4.2418107986450195,19.54147720336914,27.403606414794922,62.9039421081543,99.21419525146484,2025-10-04,2025-11-01,xgboost_direct
40,2025-10-04,2025-10-11,1,1,16.80903434753418,16.80903434753418,5.517837047576904,10.907782554626465,16.80903434753418,25.33116340637207,36.843746185302734,2025-10-04,2025-10-11,xgboost_direct
40,2025-10-04,2025-10-18,2,2,19.0930233001709,19.0930233001709,4.138533592224121,12.73844051361084,19.0930233001709,34.22938537597656,48.55897903442383,2025-10-04,2025-10-18,xgboost_direct
40,2025-10-04,2025-10-25,3,3,23.17578125,23.17578125,5.595391273498535,16.105735778808594,23.17578125,42.706153869628906,62.34115219116211,2025-10-04,2025-10-25,xgboost_direct
40,2025-10-04,2025-11-01,4,4,25.730487823486328,25.730487823486328,5.337132453918457,19.942182540893555,25.730487823486328,56.67082214355469,103.60813903808594,2025-10-04,2025-11-01,xgboost_direct
41,2025-10-04,2025-10-11,1,1,2.9243195056915283,2.9243195056915283,0.8999999999999999,1.0350538492202759,2.9243195056915283,4.580219745635986,9.970407485961914,2025-10-04,2025-10-11,xgboost_direct
41,2025-10-04,2025-10-18,2,2,4.845090866088867,4.845090866088867,0.25649999999999995,1.3878180980682373,4.845090866088867,7.364593029022217,18.967079162597656,2025-10-04,2025-10-18,xgboost_direct
41,2025-10-04,2025-10-25,3,3,6.834387302398682,6.834387302398682,0.069255,2.056711435317993,6.834387302398682,11.347009658813477,24.513280868530273,2025-10-04,2025-10-25,xgboost_direct
41,2025-10-04,2025-11-01,4,4,9.252042770385742,9.252042770385742,0.3605879247188568,2.945586919784546,9.252042770385742,19.335554122924805,36.91514587402344,2025-10-04,2025-11-01,xgboost_direct
42,2025-10-04,2025-10-11,1,1,105.70894622802734,105.70894622802734,59.51573181152344,91.38448333740234,105.70894622802734,114.88433074951172,148.34320068359375,2025-10-04,2025-10-11,xgboost_direct
42,2025-10-04,2025-10-18,2,2,108.2904281616211,108.2904281616211,45.438453674316406,78.2376708984375,108.2904281616211,120.20246887207031,155.56399536132812,2025-10-04,2025-10-18,xgboost_direct
42,2025-10-04,2025-10-25,3,3,97.63944244384766,97.63944244384766,39.58845138549805,96.85600280761719,97.63944244384766,141.3170623779297,200.6010284423828,2025-10-04,2025-10-25,xgboost_direct
42,2025-10-04,2025-11-01,4,4,146.15003967285156,146.15003967285156,46.63025665283203,100.39935302734375,146.15003967285156,192.2938690185547,332.98455810546875,2025-10-04,2025-11-01,xgboost_direct
44,2025-10-04,2025-10-11,1,1,3.6305415630340576,3.6305415630340576,0.8999999999999999,1.2497352361679077,3.6305415630340576,4.976962566375732,10.596616744995117,2025-10-04,2025-10-11,xgboost_direct
44,2025-10-04,2025-10-18,2,2,4.901664733886719,4.901664733886719,0.25649999999999995,1.632309913635254,4.901664733886719,7.377835750579834,19.4306640625,2025-10-04,2025-10-18,xgboost_direct
44,2025-10-04,2025-10-25,3,3,7.989434242248535,7.989434242248535,0.069255,2.971346139907837,7.989434242248535,15.414429664611816,26.83675193786621,2025-10-04,2025-10-25,xgboost_direct
44,2025-10-04,2025-11-01,4,4,10.412160873413086,10.412160873413086,0.4495716392993927,4.212344646453857,10.412160873413086,21.88864517211914,37.05500411987305,2025-10-04,2025-11-01,xgboost_direct
45,2025-10-04,2025-10-11,1,1,16.52741050720215,16.52741050720215,5.1,11.360310554504395,16.52741050720215,28.010419845581055,36.85255432128906,2025-10-04,2025-10-11,xgboost_direct
45,2025-10-04,2025-10-18,2,2,20.182411193847656,20.182411193847656,4.376138687133789,12.335657119750977,20.182411193847656,37.79644012451172,54.14551544189453,2025-10-04,2025-10-18,xgboost_direct
45,2025-10-04,2025-10-25,3,3,23.889198303222656,23.889198303222656,3.0407583713531494,16.022443771362305,23.889198303222656,48.936622619628906,80.29656219482422,2025-10-04,2025-10-25,xgboost_direct
45,2025-10-04,2025-11-01,4,4,31.314123153686523,31.314123153686523,7.554081439971924,23.754493713378906,31.314123153686523,66.57520294189453,124.9405746459961,2025-10-04,2025-11-01,xgboost_direct
46,2025-10-04,2025-10-11,1,1,2.3885610103607178,2.3885610103607178,0.3,0.5758864879608154,2.3885610103607178,3.722623586654663,9.364544868469238,2025-10-04,2025-10-11,xgboost_direct
46,2025-10-04,2025-10-18,2,2,3.773160457611084,3.773160457611084,0.08549999999999999,0.8256036639213562,3.773160457611084,5.320010185241699,15.074188232421875,2025-10-04,2025-10-18,xgboost_direct
46,2025-10-04,2025-10-25,3,3,5.7450175285339355,5.7450175285339355,0.023084999999999998,1.4191536903381348,5.7450175285339355,9.233529090881348,20.965578079223633,2025-10-04,2025-10-25,xgboost_direct
46,2025-10-04,2025-11-01,4,4,7.5698018074035645,7.5698018074035645,0.25566360354423523,2.46757173538208,7.5698018074035645,17.23355484008789,30.622936248779297,2025-10-04,2025-11-01,xgboost_direct
47,2025-10-04,2025-10-11,1,1,31.679134368896484,31.679134368896484,11.294191360473633,23.216272354125977,31.679134368896484,38.62580490112305,58.902809143066406,2025-10-04,2025-10-11,xgboost_direct
47,2025-10-04,2025-10-18,2,2,32.17206954956055,32.17206954956055,9.540435791015625,21.274837493896484,32.17206954956055,47.84699630737305,77.63288116455078,2025-10-04,2025-10-18,xgboost_direct
47,2025-10-04,2025-10-25,3,3,39.717933654785156,39.717933654785156,9.2186861038208,26.741840362548828,39.717933654785156,59.40053176879883,93.26807403564453,2025-10-04,2025-10-25,xgboost_direct
47,2025-10-04,2025-11-01,4,4,50.22614288330078,50.22614288330078,10.769170761108398,29.021953582763672,50.22614288330078,63.007049560546875,134.56884765625,2025-10-04,2025-11-01,xgboost_direct
48,2025-10-04,2025-10-11,1,1,103.62979125976562,103.62979125976562,50.958839416503906,91.65655517578125,103.62979125976562,116.15170288085938,151.5984649658203,2025-10-04,2025-10-11,xgboost_direct
48,2025-10-04,2025-10-18,2,2,106.67096710205078,106.67096710205078,36.49169921875,89.45580291748047,106.67096710205078,124.78837585449219,158.15029907226562,2025-10-04,2025-10-18,xgboost_direct
48,2025-10-04,2025-10-25,3,3,97.91380310058594,97.91380310058594,28.22174072265625,89.7347412109375,97.91380310058594,139.49853515625,176.10910034179688,2025-10-04,2025-10-25,xgboost_direct
48,2025-10-04,2025-11-01,4,4,113.39118194580078,113.39118194580078,26.615001678466797,102.26943969726562,113.39118194580078,124.96790313720703,203.0751190185547,2025-10-04,2025-11-01,xgboost_direct
49,2025-10-04,2025-10-11,1,1,3.109290361404419,3.109290361404419,0.6,0.9818864464759827,3.109290361404419,4.580219745635986,9.990620613098145,2025-10-04,2025-10-11,xgboost_direct
49,2025-10-04,2025-10-18,2,2,4.504134654998779,4.504134654998779,0.17099999999999999,1.167647123336792,4.504134654998779,7.0612993240356445,17.061513900756836,2025-10-04,2025-10-18,xgboost_direct
49,2025-10-04,2025-10-25,3,3,7.295141220092773,7.295141220092773,0.046169999999999996,1.8167533874511719,7.295141220092773,11.278905868530273,25.319332122802734,2025-10-04,2025-10-25,xgboost_direct
49,2025-10-04,2025-11-01,4,4,9.721522331237793,9.721522331237793,0.42381909489631653,4.1659955978393555,9.721522331237793,19.87158203125,33.768218994140625,2025-10-04,2025-11-01,xgboost_direct
50,2025-10-04,2025-10-11,1,1,0.941619873046875,0.941619873046875,0.0,0.05844845622777939,0.941619873046875,1.7610905170440674,7.96182918548584,2025-10-04,2025-10-11,xgboost_direct
50,2025-10-04,2025-10-18,2,2,1.4951046705245972,1.4951046705245972,0.0,0.2234015017747879,1.4951046705245972,2.6743929386138916,12.67852783203125,2025-10-04,2025-10-18,xgboost_direct
50,2025-10-04,2025-10-25,3,3,2.0105719566345215,2.0105719566345215,0.0,0.6047642230987549,2.0105719566345215,5.106850624084473,15.95588207244873,2025-10-04,2025-10-25,xgboost_direct
50,2025-10-04,2025-11-01,4,4,3.4860105514526367,3.4860105514526367,0.0,1.3823658227920532,3.4860105514526367,9.166691780090332,25.01219367980957,2025-10-04,2025-11-01,xgboost_direct
51,2025-10-04,2025-10-11,1,1,16.559328079223633,16.559328079223633,4.938310146331787,11.921317100524902,16.559328079223633,23.221393585205078,32.22966384887695,2025-10-04,2025-10-11,xgboost_direct
51,2025-10-04,2025-10-18,2,2,19.330425262451172,19.330425262451172,4.126561164855957,11.47486686706543,19.330425262451172,26.078296661376953,43.16020965576172,2025-10-04,2025-10-18,xgboost_direct
51,2025-10-04,2025-10-25,3,3,22.496747970581055,22.496747970581055,2.5093131065368652,14.44456672668457,22.496747970581055,37.958614349365234,59.987571716308594,2025-10-04,2025-10-25,xgboost_direct
51,2025-10-04,2025-11-01,4,4,24.528852462768555,24.528852462768555,2.922891616821289,19.792278289794922,24.528852462768555,50.978614807128906,87.8346939086914,2025-10-04,2025-11-01,xgboost_direct
53,2025-10-04,2025-10-11,1,1,9.999095916748047,9.999095916748047,1.7999999999999998,5.845613479614258,9.999095916748047,18.595989227294922,23.646188735961914,2025-10-04,2025-10-11,xgboost_direct
53,2025-10-04,2025-10-18,2,2,12.18198013305664,12.18198013305664,1.522046685218811,6.901296615600586,12.18198013305664,18.921201705932617,34.84722137451172,2025-10-04,2025-10-18,xgboost_direct
53,2025-10-04,2025-10-25,3,3,15.384459495544434,15.384459495544434,1.4405401945114136,9.070756912231445,15.384459495544434,28.576717376708984,46.536048889160156,2025-10-04,2025-10-25,xgboost_direct
53,2025-10-04,2025-11-01,4,4,20.719322204589844,20.719322204589844,1.436340570449829,12.551623344421387,20.719322204589844,46.68722915649414,81.69338989257812,2025-10-04,2025-11-01,xgboost_direct
54,2025-10-04,2025-10-11,1,1,1.1193560361862183,1.1193560361862183,0.0,0.23576650023460388,1.1193560361862183,1.9720972776412964,7.96182918548584,2025-10-04,2025-10-11,xgboost_direct
54,2025-10-04,2025-10-18,2,2,1.7395601272583008,1.7395601272583008,0.0,0.31146007776260376,1.7395601272583008,3.1163856983184814,12.733144760131836,2025-10-04,2025-10-18,xgboost_direct
54,2025-10-04,2025-10-25,3,3,2.4138858318328857,2.4138858318328857,0.0,0.6642547249794006,2.4138858318328857,5.223911762237549,16.031152725219727,2025-10-04,2025-10-25,xgboost_direct
54,2025-10-04,2025-11-01,4,4,3.8622195720672607,3.8622195720672607,0.032265804708004,1.5103294849395752,3.8622195720672607,10.059006690979004,25.694299697875977,2025-10-04,2025-11-01,xgboost_direct
55,2025-10-04,2025-10-11,1,1,7.3525285720825195,7.3525285720825195,2.1,4.906960964202881,7.3525285720825195,9.92834186553955,17.842533111572266,2025-10-04,2025-10-11,xgboost_direct
55,2025-10-04,2025-10-18,2,2,9.94952392578125,9.94952392578125,1.454879641532898,5.398924827575684,9.94952392578125,15.392422676086426,28.64422035217285,2025-10-04,2025-10-18,xgboost_direct
55,2025-10-04,2025-10-25,3,3,12.245918273925781,12.245918273925781,0.44893521070480347,7.066190242767334,12.245918273925781,23.39278793334961,41.30552291870117,2025-10-04,2025-10-25,xgboost_direct
55,2025-10-04,2025-11-01,4,4,16.32515525817871,16.32515525817871,0.9270177483558655,11.020840644836426,16.32515525817871,34.82404327392578,62.97278594970703,2025-10-04,2025-11-01,xgboost_direct
56,2025-10-04,2025-10-11,1,1,2.3116469383239746,2.3116469383239746,0.6,0.6116236448287964,2.3116469383239746,3.76835036277771,9.768760681152344,2025-10-04,2025-10-11,xgboost_direct
56,2025-10-04,2025-10-18,2,2,3.22145938873291,3.22145938873291,0.17099999999999999,1.0133901834487915,3.22145938873291,4.895885944366455,15.184195518493652,2025-10-04,2025-10-18,xgboost_direct
56,2025-10-04,2025-10-25,3,3,4.655898094177246,4.655898094177246,0.046169999999999996,1.2603607177734375,4.655898094177246,8.773364067077637,19.442232131958008,2025-10-04,2025-10-25,xgboost_direct
56,2025-10-04,2025-11-01,4,4,6.818649768829346,6.818649768829346,0.04819594323635101,2.0942165851593018,6.818649768829346,16.502422332763672,31.258577346801758,2025-10-04,2025-11-01,xgboost_direct
72,2025-10-04,2025-10-11,1,1,60.716773986816406,60.716773986816406,25.966896057128906,46.31732940673828,60.716773986816406,69.53279113769531,106.13180541992188,2025-10-04,2025-10-11,xgboost_direct
72,2025-10-04,2025-10-18,2,2,54.168609619140625,54.168609619140625,13.632819175720215,34.08732986450195,54.168609619140625,62.266563415527344,121.96082305908203,2025-10-04,2025-10-18,xgboost_direct
72,2025-10-04,2025-10-25,3,3,51.64303207397461,51.64303207397461,13.560738563537598,41.985111236572266,51.64303207397461,65.5020751953125,130.0333709716797,2025-10-04,2025-10-25,xgboost_direct
72,2025-10-04,2025-11-01,4,4,56.91617202758789,56.91617202758789,11.954760551452637,43.801029205322266,56.91617202758789,66.78720092773438,157.7202911376953,2025-10-04,2025-11-01,xgboost_direct
01,2025-11-01,2025-11-08,1,1,15.521872520446777,15.521872520446777,4.732401371002197,11.527640342712402,15.521872520446777,26.595144271850586,35.01588439941406,2025-11-01,2025-11-08,xgboost_direct
01,2025-11-01,2025-11-15,2,2,20.172176361083984,20.172176361083984,4.878378868103027,13.417015075683594,20.172176361083984,30.1878604888916,50.97764587402344,2025-11-01,2025-11-15,xgboost_direct
01,2025-11-01,2025-11-22,3,3,22.79971694946289,22.79971694946289,3.252816677093506,16.615915298461914,22.79971694946289,34.12653732299805,73.86273193359375,2025-11-01,2025-11-22,xgboost_direct
01,2025-11-01,2025-11-29,4,4,25.251598358154297,25.251598358154297,6.576321125030518,20.422365188598633,25.251598358154297,50.50633239746094,99.12854766845703,2025-11-01,2025-11-29,xgboost_direct
02,2025-11-01,2025-11-08,1,1,1.2445001602172852,1.2445001602172852,0.04484179988503456,0.29708561301231384,1.2445001602172852,2.8069982528686523,8.153773307800293,2025-11-01,2025-11-08,xgboost_direct
02,2025-11-01,2025-11-15,2,2,2.9068808555603027,2.9068808555603027,0.09503675252199173,0.5749677419662476,2.9068808555603027,5.567781925201416,13.989139556884766,2025-11-01,2025-11-15,xgboost_direct
02,2025-11-01,2025-11-22,3,3,4.328018665313721,4.328018665313721,0.44185078144073486,1.664721965789795,4.328018665313721,7.8122406005859375,23.037187576293945,2025-11-01,2025-11-22,xgboost_direct
02,2025-11-01,2025-11-29,4,4,6.223214149475098,6.223214149475098,1.6922067403793335,3.101043224334717,6.223214149475098,14.82953929901123,32.17984390258789,2025-11-01,2025-11-29,xgboost_direct
04,2025-11-01,2025-11-08,1,1,15.644941329956055,15.644941329956055,5.703537464141846,12.241368293762207,15.644941329956055,26.83828353881836,37.11534118652344,2025-11-01,2025-11-08,xgboost_direct
04,2025-11-01,2025-11-15,2,2,22.224048614501953,22.224048614501953,5.681139945983887,14.795360565185547,22.224048614501953,33.83687973022461,54.899864196777344,2025-11-01,2025-11-15,xgboost_direct
04,2025-11-01,2025-11-22,3,3,31.190698623657227,31.190698623657227,6.34520959854126,21.10369110107422,31.190698623657227,43.75926208496094,86.22467803955078,2025-11-01,2025-11-22,xgboost_direct
04,2025-11-01,2025-11-29,4,4,38.77945327758789,38.77945327758789,13.345573425292969,37.31117630004883,38.77945327758789,75.82270812988281,161.0795135498047,2025-11-01,2025-11-29,xgboost_direct
05,2025-11-01,2025-11-08,1,1,10.110505104064941,10.110505104064941,2.6999999999999997,7.10377311706543,10.110505104064941,13.776008605957031,21.50699806213379,2025-11-01,2025-11-08,xgboost_direct
05,2025-11-01,2025-11-15,2,2,14.072811126708984,14.072811126708984,0.7694999999999999,8.279460906982422,14.072811126708984,20.80025863647461,34.239166259765625,2025-11-01,2025-11-15,xgboost_direct
05,2025-11-01,2025-11-22,3,3,19.409320831298828,19.409320831298828,2.749479055404663,10.571903228759766,19.409320831298828,33.22779846191406,51.813690185546875,2025-11-01,2025-11-22,xgboost_direct
05,2025-11-01,2025-11-29,4,4,23.879682540893555,23.879682540893555,4.657643795013428,15.02285099029541,23.879682540893555,44.63978576660156,71.88616943359375,2025-11-01,2025-11-29,xgboost_direct
06,2025-11-01,2025-11-08,1,1,145.89077758789062,145.89077758789062,104.8580322265625,144.58694458007812,145.89077758789062,175.99166870117188,219.37779235839844,2025-11-01,2025-11-08,xgboost_direct
06,2025-11-01,2025-11-15,2,2,185.89517211914062,185.89517211914062,110.56205749511719,164.35098266601562,185.89517211914062,220.14370727539062,321.4052429199219,2025-11-01,2025-11-15,xgboost_direct
06,2025-11-01,2025-11-22,3,3,307.6980895996094,307.6980895996094,106.27012634277344,231.6615753173828,307.6980895996094,328.66424560546875,460.9107360839844,2025-11-01,2025-11-22,xgboost_direct
06,2025-11-01,2025-11-29,4,4,542.1604614257812,542.1604614257812,127.02991485595703,394.18212890625,542.1604614257812,549.1784057617188,778.0010375976562,2025-11-01,2025-11-29,xgboost_direct
08,2025-11-01,2025-11-08,1,1,18.54007911682129,18.54007911682129,7.077157497406006,14.836451530456543,18.54007911682129,32.18700408935547,45.560115814208984,2025-11-01,2025-11-08,xgboost_direct
08,2025-11-01,2025-11-15,2,2,26.265172958374023,26.265172958374023,8.161399841308594,19.857887268066406,26.265172958374023,46.90958786010742,70.24150848388672,2025-11-01,2025-11-15,xgboost_direct
08,2025-11-01,2025-11-22,3,3,32.32411575317383,32.32411575317383,10.620800971984863,30.008337020874023,32.32411575317383,57.47633361816406,106.77143859863281,2025-11-01,2025-11-22,xgboost_direct
08,2025-11-01,2025-11-29,4,4,45.570316314697266,45.570316314697266,16.72919464111328,40.09438705444336,45.570316314697266,77.1043701171875,150.4697265625,2025-11-01,2025-11-29,xgboost_direct
09,2025-11-01,2025-11-08,1,1,11.587002754211426,11.587002754211426,2.4,6.640738487243652,11.587002754211426,16.367319107055664,29.10674285888672,2025-11-01,2025-11-08,xgboost_direct
09,2025-11-01,2025-11-15,2,2,16.529712677001953,16.529712677001953,2.592078447341919,11.513297080993652,16.529712677001953,24.766830444335938,38.16191864013672,2025-11-01,2025-11-15,xgboost_direct
09,2025-11-01,2025-11-22,3,3,21.856035232543945,21.856035232543945,1.7385135889053345,12.543725967407227,21.856035232543945,36.54156494140625,58.405189514160156,2025-11-01,2025-11-22,xgboost_direct
09,2025-11-01,2025-11-29,4,4,24.55783462524414,24.55783462524414,7.273012638092041,18.03923797607422,24.55783462524414,52.67589569091797,93.21127319335938,2025-11-01,2025-11-29,xgboost_direct
10,2025-11-01,2025-11-08,1,1,6.0263824462890625,6.0263824462890625,0.8999999999999999,2.0682075023651123,6.0263824462890625,9.397135734558105,15.9556884765625,2025-11-01,2025-11-08,xgboost_direct
10,2025-11-01,2025-11-15,2,2,9.561445236206055,9.561445236206055,0.258247435092926,4.365744590759277,9.561445236206055,12.679803848266602,25.252912521362305,2025-11-01,2025-11-15,xgboost_direct
10,2025-11-01,2025-11-22,3,3,12.271530151367188,12.271530151367188,0.7269723415374756,5.271185398101807,12.271530151367188,19.677724838256836,41.85298538208008,2025-11-01,2025-11-22,xgboost_direct
10,2025-11-01,2025-11-29,4,4,17.13615608215332,17.13615608215332,3.9034690856933594,7.638815879821777,17.13615608215332,36.411869049072266,49.88318634033203,2025-11-01,2025-11-29,xgboost_direct
11,2025-11-01,2025-11-08,1,1,2.5070724487304688,2.5070724487304688,0.052592933177948,0.8457149267196655,2.5070724487304688,4.072516918182373,9.043017387390137,2025-11-01,2025-11-08,xgboost_direct
11,2025-11-01,2025-11-15,2,2,4.09168004989624,4.09168004989624,0.12698069214820862,1.2214303016662598,4.09168004989624,6.782304286956787,16.94448471069336,2025-11-01,2025-11-15,xgboost_direct
11,2025-11-01,2025-11-22,3,3,5.955596446990967,5.955596446990967,0.47542640566825867,2.291727304458618,5.955596446990967,8.533835411071777,24.123382568359375,2025-11-01,2025-11-22,xgboost_direct
11,2025-11-01,2025-11-29,4,4,6.967108726501465,6.967108726501465,2.6654253005981445,3.358112096786499,6.967108726501465,18.982484817504883,32.86717987060547,2025-11-01,2025-11-29,xgboost_direct
12,2025-11-01,2025-11-08,1,1,252.0373077392578,252.0373077392578,177.1217803955078,240.46714782714844,252.0373077392578,256.18463134765625,321.2386474609375,2025-11-01,2025-11-08,xgboost_direct
12,2025-11-01,2025-11-15,2,2,282.09930419921875,282.09930419921875,142.37069702148438,249.97274780273438,282.09930419921875,326.59063720703125,449.0324401855469,2025-11-01,2025-11-15,xgboost_direct
12,2025-11-01,2025-11-22,3,3,366.7749328613281,366.7749328613281,145.87698364257812,338.64886474609375,366.7749328613281,458.2820129394531,627.066162109375,2025-11-01,2025-11-22,xgboost_direct
12,2025-11-01,2025-11-29,4,4,542.7780151367188,542.7780151367188,147.26123046875,522.4224243164062,542.7780151367188,578.3037109375,855.7246704101562,2025-11-01,2025-11-29,xgboost_direct
13,2025-11-01,2025-11-08,1,1,36.198204040527344,36.198204040527344,15.587862014770508,31.573740005493164,36.198204040527344,50.019981384277344,64.64446258544922,2025-11-01,2025-11-08,xgboost_direct
13,2025-11-01,2025-11-15,2,2,39.70083236694336,39.70083236694336,12.341015815734863,30.21198272705078,39.70083236694336,60.332515716552734,88.41087341308594,2025-11-01,2025-11-15,xgboost_direct
13,2025-11-01,2025-11-22,3,3,54.75028991699219,54.75028991699219,12.176534652709961,28.529720306396484,54.75028991699219,69.19013977050781,140.91873168945312,2025-11-01,2025-11-22,xgboost_direct
13,2025-11-01,2025-11-29,4,4,65.95051574707031,65.95051574707031,19.825904846191406,37.0431022644043,65.95051574707031,95.54978942871094,180.8017120361328,2025-11-01,2025-11-29,xgboost_direct
15,2025-11-01,2025-11-08,1,1,10.865609169006348,10.865609169006348,2.1077380180358887,7.1923956871032715,10.865609169006348,15.969365119934082,29.285154342651367,2025-11-01,2025-11-08,xgboost_direct
15,2025-11-01,2025-11-15,2,2,15.377043724060059,15.377043724060059,2.474820613861084,11.354589462280273,15.377043724060059,22.420503616333008,44.41612243652344,2025-11-01,2025-11-15,xgboost_direct
15,2025-11-01,2025-11-22,3,3,18.816133499145508,18.816133499145508,1.9899803400039673,14.228967666625977,18.816133499145508,30.070425033569336,72.98345947265625,2025-11-01,2025-11-22,xgboost_direct
15,2025-11-01,2025-11-29,4,4,24.598413467407227,24.598413467407227,6.346149444580078,17.688444137573242,24.598413467407227,42.03756332397461,109.68057250976562,2025-11-01,2025-11-29,xgboost_direct
16,2025-11-01,2025-11-08,1,1,9.13576602935791,9.13576602935791,2.4,5.398271083831787,9.13576602935791,13.025542259216309,21.32503890991211,2025-11-01,2025-11-08,xgboost_direct
16,2025-11-01,2025-11-15,2,2,13.541719436645508,13.541719436645508,0.9742246270179749,8.484678268432617,13.541719436645508,26.401987075805664,34.96918487548828,2025-11-01,2025-11-15,xgboost_direct
16,2025-11-01,2025-11-22,3,3,19.29487419128418,19.29487419128418,3.803590774536133,12.39179801940918,19.29487419128418,38.173030853271484,55.03514099121094,2025-11-01,2025-11-22,xgboost_direct
16,2025-11-01,2025-11-29,4,4,24.600915908813477,24.600915908813477,7.576448917388916,16.483428955078125,24.600915908813477,49.35126495361328,76.02165985107422,2025-11-01,2025-11-29,xgboost_direct
17,2025-11-01,2025-11-08,1,1,41.06632614135742,41.06632614135742,19.090547561645508,39.11619567871094,41.06632614135742,58.807735443115234,78.9845199584961,2025-11-01,2025-11-08,xgboost_direct
17,2025-11-01,2025-11-15,2,2,59.975852966308594,59.975852966308594,18.507219314575195,38.20269775390625,59.975852966308594,74.3069076538086,139.95773315429688,2025-11-01,2025-11-15,xgboost_direct
17,2025-11-01,2025-11-22,3,3,79.32628631591797,79.32628631591797,17.797456741333008,48.083290100097656,79.32628631591797,110.02865600585938,227.32464599609375,2025-11-01,2025-11-22,xgboost_direct
17,2025-11-01,2025-11-29,4,4,127.20829772949219,127.20829772949219,34.644100189208984,69.76403045654297,127.20829772949219,194.90975952148438,333.4578857421875,2025-11-01,2025-11-29,xgboost_direct
18,2025-11-01,2025-11-08,1,1,20.32832908630371,20.32832908630371,7.544646263122559,13.775733947753906,20.32832908630371,30.936426162719727,45.90220260620117,2025-11-01,2025-11-08,xgboost_direct
18,2025-11-01,2025-11-15,2,2,26.058916091918945,26.058916091918945,6.128354072570801,17.972291946411133,26.058916091918945,37.83363342285156,56.212066650390625,2025-11-01,2025-11-15,xgboost_direct
18,2025-11-01,2025-11-22,3,3,33.255287170410156,33.255287170410156,4.7737603187561035,20.051454544067383,33.255287170410156,44.36543273925781,83.44898986816406,2025-11-01,2025-11-22,xgboost_direct
18,2025-11-01,2025-11-29,4,4,31.689638137817383,31.689638137817383,12.028432846069336,25.743024826049805,31.689638137817383,58.12155532836914,125.0285873413086,2025-11-01,2025-11-29,xgboost_direct
19,2025-11-01,2025-11-08,1,1,4.611905097961426,4.611905097961426,0.8999999999999999,1.6683557033538818,4.611905097961426,6.5915422439575195,11.854430198669434,2025-11-01,2025-11-08,xgboost_direct
19,2025-11-01,2025-11-15,2,2,7.505307197570801,7.505307197570801,0.25649999999999995,2.5600132942199707,7.505307197570801,10.136677742004395,21.285259246826172,2025-11-01,2025-11-15,xgboost_direct
19,2025-11-01,2025-11-22,3,3,10.323798179626465,10.323798179626465,0.5877730250358582,3.917631149291992,10.323798179626465,15.426084518432617,33.683685302734375,2025-11-01,2025-11-22,xgboost_direct
19,2025-11-01,2025-11-29,4,4,13.537376403808594,13.537376403808594,3.072974443435669,6.8746724128723145,13.537376403808594,29.511478424072266,42.463340759277344,2025-11-01,2025-11-29,xgboost_direct
20,2025-11-01,2025-11-08,1,1,14.916573524475098,14.916573524475098,4.4103102684021,11.427408218383789,14.916573524475098,25.218128204345703,34.47752380371094,2025-11-01,2025-11-08,xgboost_direct
20,2025-11-01,2025-11-15,2,2,20.642858505249023,20.642858505249023,3.350832462310791,12.626107215881348,20.642858505249023,29.136913299560547,48.2900505065918,2025-11-01,2025-11-15,xgboost_direct
20,2025-11-01,2025-11-22,3,3,27.17795181274414,27.17795181274414,3.1115784645080566,15.360016822814941,27.17795181274414,32.88246154785156,71.7436752319336,2025-11-01,2025-11-22,xgboost_direct
20,2025-11-01,2025-11-29,4,4,27.70957374572754,27.70957374572754,6.072604656219482,20.669330596923828,27.70957374572754,46.71444320678711,105.40149688720703,2025-11-01,2025-11-29,xgboost_direct
21,2025-11-01,2025-11-08,1,1,19.832927703857422,19.832927703857422,5.928330421447754,15.33486557006836,19.832927703857422,27.987506866455078,42.221256256103516,2025-11-01,2025-11-08,xgboost_direct
21,2025-11-01,2025-11-15,2,2,24.502487182617188,24.502487182617188,4.599946975708008,14.81231689453125,24.502487182617188,31.187236785888672,53.20452880859375,2025-11-01,2025-11-15,xgboost_direct
21,2025-11-01,2025-11-22,3,3,29.09358024597168,29.09358024597168,3.725856065750122,16.64659309387207,29.09358024597168,33.98733901977539,74.93978881835938,2025-11-01,2025-11-22,xgboost_direct
21,2025-11-01,2025-11-29,4,4,26.58740234375,26.58740234375,5.648992538452148,19.456628799438477,26.58740234375,51.805931091308594,126.20821380615234,2025-11-01,2025-11-29,xgboost_direct
22,2025-11-01,2025-11-08,1,1,45.97402572631836,45.97402572631836,22.6683292388916,35.57270812988281,45.97402572631836,65.32040405273438,96.74706268310547,2025-11-01,2025-11-08,xgboost_direct
22,2025-11-01,2025-11-15,2,2,50.18380355834961,50.18380355834961,19.330698013305664,36.839317321777344,50.18380355834961,78.8702163696289,132.94834899902344,2025-11-01,2025-11-15,xgboost_direct
22,2025-11-01,2025-11-22,3,3,64.73285675048828,64.73285675048828,19.136194229125977,42.77143478393555,64.73285675048828,84.53502655029297,195.70889282226562,2025-11-01,2025-11-22,xgboost_direct
22,2025-11-01,2025-11-29,4,4,92.97831726074219,92.97831726074219,28.167129516601562,59.81562423706055,92.97831726074219,98.84882354736328,244.8765106201172,2025-11-01,2025-11-29,xgboost_direct
23,2025-11-01,2025-11-08,1,1,4.14060640335083,4.14060640335083,0.6,1.3498696088790894,4.14060640335083,6.57761287689209,11.243388175964355,2025-11-01,2025-11-08,xgboost_direct
23,2025-11-01,2025-11-15,2,2,6.49426794052124,6.49426794052124,0.17099999999999999,2.3212385177612305,6.49426794052124,9.338339805603027,20.700252532958984,2025-11-01,2025-11-15,xgboost_direct
23,2025-11-01,2025-11-22,3,3,8.101099967956543,8.101099967956543,0.5832619071006775,3.0154919624328613,8.101099967956543,13.047602653503418,30.43217658996582,2025-11-01,2025-11-22,xgboost_direct
23,2025-11-01,2025-11-29,4,4,10.504779815673828,10.504779815673828,3.2908549308776855,5.947564601898193,10.504779815673828,22.792240142822266,38.715999603271484,2025-11-01,2025-11-29,xgboost_direct
24,2025-11-01,2025-11-08,1,1,18.664915084838867,18.664915084838867,6.017879962921143,12.81460952758789,18.664915084838867,30.72111701965332,40.97944259643555,2025-11-01,2025-11-08,xgboost_direct
24,2025-11-01,2025-11-15,2,2,27.67430305480957,27.67430305480957,7.445639610290527,19.337644577026367,27.67430305480957,43.257843017578125,63.8910026550293,2025-11-01,2025-11-15,xgboost_direct
24,2025-11-01,2025-11-22,3,3,34.02420425415039,34.02420425415039,5.551898002624512,23.12043571472168,34.02420425415039,51.01983642578125,101.09527587890625,2025-11-01,2025-11-22,xgboost_direct
24,2025-11-01,2025-11-29,4,4,43.055049896240234,43.055049896240234,15.446084976196289,31.427614212036133,43.055049896240234,61.563934326171875,150.8915252685547,2025-11-01,2025-11-29,xgboost_direct
25,2025-11-01,2025-11-08,1,1,19.736469268798828,19.736469268798828,6.469752788543701,13.395973205566406,19.736469268798828,35.21052169799805,50.2143440246582,2025-11-01,2025-11-08,xgboost_direct
25,2025-11-01,2025-11-15,2,2,28.551969528198242,28.551969528198242,5.3048529624938965,18.75009536743164,28.551969528198242,38.958927154541016,65.84642791748047,2025-11-01,2025-11-15,xgboost_direct
25,2025-11-01,2025-11-22,3,3,37.36079025268555,37.36079025268555,7.433212757110596,25.910877227783203,37.36079025268555,51.31450653076172,97.01739501953125,2025-11-01,2025-11-22,xgboost_direct
25,2025-11-01,2025-11-29,4,4,39.72221374511719,39.72221374511719,14.138779640197754,28.953432083129883,39.72221374511719,65.15878295898438,141.46060180664062,2025-11-01,2025-11-29,xgboost_direct
26,2025-11-01,2025-11-08,1,1,16.865468978881836,16.865468978881836,5.6756157875061035,12.373496055603027,16.865468978881836,24.800094604492188,36.30488204956055,2025-11-01,2025-11-08,xgboost_direct
26,2025-11-01,2025-11-15,2,2,21.280181884765625,21.280181884765625,5.361400604248047,14.948500633239746,21.280181884765625,28.241024017333984,50.7865104675293,2025-11-01,2025-11-15,xgboost_direct
26,2025-11-01,2025-11-22,3,3,28.67708969116211,28.67708969116211,4.204469680786133,18.082483291625977,28.67708969116211,32.6982536315918,78.29867553710938,2025-11-01,2025-11-22,xgboost_direct
26,2025-11-01,2025-11-29,4,4,32.461490631103516,32.461490631103516,8.76212215423584,27.799692153930664,32.461490631103516,54.22740936279297,110.03654479980469,2025-11-01,2025-11-29,xgboost_direct
27,2025-11-01,2025-11-08,1,1,7.410844326019287,7.410844326019287,1.2,3.051903247833252,7.410844326019287,11.1868314743042,17.03840446472168,2025-11-01,2025-11-08,xgboost_direct
27,2025-11-01,2025-11-15,2,2,10.738957405090332,10.738957405090332,0.34199999999999997,5.045538425445557,10.738957405090332,18.97999382019043,28.935932159423828,2025-11-01,2025-11-15,xgboost_direct
27,2025-11-01,2025-11-22,3,3,15.987593650817871,15.987593650817871,0.649462878704071,6.876945972442627,15.987593650817871,28.307106018066406,48.86750030517578,2025-11-01,2025-11-22,xgboost_direct
27,2025-11-01,2025-11-29,4,4,23.285747528076172,23.285747528076172,3.444171667098999,12.264744758605957,23.285747528076172,40.66246795654297,68.87117004394531,2025-11-01,2025-11-29,xgboost_direct
28,2025-11-01,2025-11-08,1,1,21.2439022064209,21.2439022064209,7.126650333404541,16.382905960083008,21.2439022064209,28.612144470214844,39.87730026245117,2025-11-01,2025-11-08,xgboost_direct
28,2025-11-01,2025-11-15,2,2,23.798200607299805,23.798200607299805,6.315001010894775,16.047250747680664,23.798200607299805,31.975629806518555,53.11293029785156,2025-11-01,2025-11-15,xgboost_direct
28,2025-11-01,2025-11-22,3,3,27.6824951171875,27.6824951171875,5.097011566162109,17.08624267578125,27.6824951171875,33.21738052368164,76.26030731201172,2025-11-01,2025-11-22,xgboost_direct
28,2025-11-01,2025-11-29,4,4,26.066633224487305,26.066633224487305,6.942294597625732,22.113649368286133,26.066633224487305,51.09601974487305,113.29020690917969,2025-11-01,2025-11-29,xgboost_direct
29,2025-11-01,2025-11-08,1,1,30.736268997192383,30.736268997192383,11.60457706451416,24.390159606933594,30.736268997192383,36.961368560791016,47.632469177246094,2025-11-01,2025-11-08,xgboost_direct
29,2025-11-01,2025-11-15,2,2,36.27857971191406,36.27857971191406,10.225666999816895,24.256855010986328,36.27857971191406,41.79282760620117,68.42733001708984,2025-11-01,2025-11-15,xgboost_direct
29,2025-11-01,2025-11-22,3,3,40.30046844482422,40.30046844482422,8.397109985351562,28.07827377319336,40.30046844482422,41.75312042236328,91.56165313720703,2025-11-01,2025-11-22,xgboost_direct
29,2025-11-01,2025-11-29,4,4,44.35422897338867,44.35422897338867,15.657013893127441,30.10663414001465,44.35422897338867,53.68003845214844,121.78177642822266,2025-11-01,2025-11-29,xgboost_direct
30,2025-11-01,2025-11-08,1,1,4.254934310913086,4.254934310913086,0.3,2.557474374771118,4.254934310913086,6.01223087310791,12.408945083618164,2025-11-01,2025-11-08,xgboost_direct
30,2025-11-01,2025-11-15,2,2,6.632908821105957,6.632908821105957,0.2683664858341217,3.2932939529418945,6.632908821105957,10.041431427001953,21.83775520324707,2025-11-01,2025-11-15,xgboost_direct
30,2025-11-01,2025-11-22,3,3,9.257638931274414,9.257638931274414,0.5649464726448059,4.854399681091309,9.257638931274414,13.8990478515625,30.807785034179688,2025-11-01,2025-11-22,xgboost_direct
30,2025-11-01,2025-11-29,4,4,10.609990119934082,10.609990119934082,2.9286835193634033,6.406116485595703,10.609990119934082,24.675312042236328,47.86620330810547,2025-11-01,2025-11-29,xgboost_direct
31,2025-11-01,2025-11-08,1,1,3.5311806201934814,3.5311806201934814,0.3,1.4431146383285522,3.5311806201934814,4.7637810707092285,9.226012229919434,2025-11-01,2025-11-08,xgboost_direct
31,2025-11-01,2025-11-15,2,2,5.9418864250183105,5.9418864250183105,0.1324080377817154,2.128546714782715,5.9418864250183105,7.7640604972839355,17.325504302978516,2025-11-01,2025-11-15,xgboost_direct
31,2025-11-01,2025-11-22,3,3,7.832403659820557,7.832403659820557,0.5424632430076599,3.399193048477173,7.832403659820557,11.478523254394531,27.630603790283203,2025-11-01,2025-11-22,xgboost_direct
31,2025-11-01,2025-11-29,4,4,10.052509307861328,10.052509307861328,2.8569960594177246,5.21876335144043,10.052509307861328,21.500463485717773,35.619571685791016,2025-11-01,2025-11-29,xgboost_direct
32,2025-11-01,2025-11-08,1,1,9.870613098144531,9.870613098144531,1.7999999999999998,5.388392925262451,9.870613098144531,14.767870903015137,26.195466995239258,2025-11-01,2025-11-08,xgboost_direct
32,2025-11-01,2025-11-15,2,2,13.819135665893555,13.819135665893555,1.5511956214904785,8.991132736206055,13.819135665893555,19.345947265625,32.02437210083008,2025-11-01,2025-11-15,xgboost_direct
32,2025-11-01,2025-11-22,3,3,18.508094787597656,18.508094787597656,1.1486965417861938,11.41265869140625,18.508094787597656,27.347698211669922,50.61094284057617,2025-11-01,2025-11-22,xgboost_direct
32,2025-11-01,2025-11-29,4,4,22.790435791015625,22.790435791015625,4.350354194641113,16.690750122070312,22.790435791015625,45.324676513671875,79.16531372070312,2025-11-01,2025-11-29,xgboost_direct
33,2025-11-01,2025-11-08,1,1,4.481986999511719,4.481986999511719,0.6,1.1297568082809448,4.481986999511719,6.5915422439575195,11.692597389221191,2025-11-01,2025-11-08,xgboost_direct
33,2025-11-01,2025-11-15,2,2,6.824789047241211,6.824789047241211,0.17099999999999999,2.3199591636657715,6.824789047241211,9.684412002563477,20.13140869140625,2025-11-01,2025-11-15,xgboost_direct
33,2025-11-01,2025-11-22,3,3,9.73128890991211,9.73128890991211,0.5730258226394653,3.2265193462371826,9.73128890991211,13.961857795715332,31.948139190673828,2025-11-01,2025-11-22,xgboost_direct
33,2025-11-01,2025-11-29,4,4,12.2075777053833,12.2075777053833,3.262347936630249,5.192601680755615,12.2075777053833,25.14433479309082,40.20534133911133,2025-11-01,2025-11-29,xgboost_direct
34,2025-11-01,2025-11-08,1,1,44.059940338134766,44.059940338134766,19.316194534301758,40.29746627807617,44.059940338134766,53.673545837402344,73.61038208007812,2025-11-01,2025-11-08,xgboost_direct
34,2025-11-01,2025-11-15,2,2,57.107208251953125,57.107208251953125,18.934295654296875,39.71616744995117,57.107208251953125,66.58499908447266,125.99118041992188,2025-11-01,2025-11-15,xgboost_direct
34,2025-11-01,2025-11-22,3,3,78.08128356933594,78.08128356933594,21.64754867553711,41.95124053955078,78.08128356933594,89.30608367919922,211.40670776367188,2025-11-01,2025-11-22,xgboost_direct
34,2025-11-01,2025-11-29,4,4,113.65729522705078,113.65729522705078,33.48401641845703,57.12688446044922,113.65729522705078,159.26451110839844,283.5581359863281,2025-11-01,2025-11-29,xgboost_direct
35,2025-11-01,2025-11-08,1,1,7.6523542404174805,7.6523542404174805,1.7999999999999998,4.480917453765869,7.6523542404174805,10.866333961486816,17.260265350341797,2025-11-01,2025-11-08,xgboost_direct
35,2025-11-01,2025-11-15,2,2,10.097493171691895,10.097493171691895,0.6923187375068665,6.379830837249756,10.097493171691895,17.375747680664062,30.494266510009766,2025-11-01,2025-11-15,xgboost_direct
35,2025-11-01,2025-11-22,3,3,14.614011764526367,14.614011764526367,1.0652154684066772,7.83327579498291,14.614011764526367,25.255598068237305,46.843292236328125,2025-11-01,2025-11-22,xgboost_direct
35,2025-11-01,2025-11-29,4,4,19.37642478942871,19.37642478942871,3.810182809829712,12.580742835998535,19.37642478942871,35.28634262084961,69.70685577392578,2025-11-01,2025-11-29,xgboost_direct
36,2025-11-01,2025-11-08,1,1,73.79379272460938,73.79379272460938,34.78180694580078,71.89079284667969,73.79379272460938,82.26585388183594,106.93241119384766,2025-11-01,2025-11-08,xgboost_direct
36,2025-11-01,2025-11-15,2,2,96.35693359375,96.35693359375,37.410125732421875,88.27880096435547,96.35693359375,110.19761657714844,175.31114196777344,2025-11-01,2025-11-15,xgboost_direct
36,2025-11-01,2025-11-22,3,3,127.66487121582031,127.66487121582031,38.940250396728516,90.63175964355469,127.66487121582031,193.09213256835938,305.0941467285156,2025-11-01,2025-11-22,xgboost_direct
36,2025-11-01,2025-11-29,4,4,174.5909423828125,174.5909423828125,43.353031158447266,112.11241149902344,174.5909423828125,295.068359375,473.3653259277344,2025-11-01,2025-11-29,xgboost_direct
37,2025-11-01,2025-11-08,1,1,29.27377700805664,29.27377700805664,12.425697326660156,26.494632720947266,29.27377700805664,39.32484817504883,56.043312072753906,2025-11-01,2025-11-08,xgboost_direct
37,2025-11-01,2025-11-15,2,2,36.38283920288086,36.38283920288086,12.111759185791016,28.466276168823242,36.38283920288086,57.09626388549805,77.81614685058594,2025-11-01,2025-11-15,xgboost_direct
37,2025-11-01,2025-11-22,3,3,47.8277587890625,47.8277587890625,10.459590911865234,32.3441047668457,47.8277587890625,61.83588409423828,118.25326538085938,2025-11-01,2025-11-22,xgboost_direct
37,2025-11-01,2025-11-29,4,4,54.84737777709961,54.84737777709961,19.371774673461914,39.44435501098633,54.84737777709961,68.61914825439453,149.98521423339844,2025-11-01,2025-11-29,xgboost_direct
38,2025-11-01,2025-11-08,1,1,4.049629211425781,4.049629211425781,0.6,1.322576642036438,4.049629211425781,6.537591457366943,11.692597389221191,2025-11-01,2025-11-08,xgboost_direct
38,2025-11-01,2025-11-15,2,2,6.500704765319824,6.500704765319824,0.17099999999999999,2.2891733646392822,6.500704765319824,9.630729675292969,21.0367431640625,2025-11-01,2025-11-15,xgboost_direct
38,2025-11-01,2025-11-22,3,3,8.368648529052734,8.368648529052734,0.5594856142997742,2.981018543243408,8.368648529052734,13.1813325881958,30.981115341186523,2025-11-01,2025-11-22,xgboost_direct
38,2025-11-01,2025-11-29,4,4,10.2269926071167,10.2269926071167,3.116966724395752,5.39418888092041,10.2269926071167,23.58898162841797,40.09052658081055,2025-11-01,2025-11-29,xgboost_direct
39,2025-11-01,2025-11-08,1,1,22.92082977294922,22.92082977294922,10.03408432006836,19.512710571289062,22.92082977294922,38.86945724487305,53.0053596496582,2025-11-01,2025-11-08,xgboost_direct
39,2025-11-01,2025-11-15,2,2,29.106922149658203,29.106922149658203,7.591507911682129,20.123056411743164,29.106922149658203,49.94822692871094,73.4568862915039,2025-11-01,2025-11-15,xgboost_direct
39,2025-11-01,2025-11-22,3,3,37.91549301147461,37.91549301147461,8.84872817993164,24.17345428466797,37.91549301147461,65.39374542236328,107.12712860107422,2025-11-01,2025-11-22,xgboost_direct
39,2025-11-01,2025-11-29,4,4,41.648460388183594,41.648460388183594,14.151732444763184,33.96776580810547,41.648460388183594,79.44017028808594,156.02957153320312,2025-11-01,2025-11-29,xgboost_direct
40,2025-11-01,2025-11-08,1,1,17.301136016845703,17.301136016845703,5.418106555938721,11.326423645019531,17.301136016845703,30.46793556213379,38.152687072753906,2025-11-01,2025-11-08,xgboost_direct
40,2025-11-01,2025-11-15,2,2,25.10040283203125,25.10040283203125,4.744945049285889,15.9225435256958,25.10040283203125,36.590782165527344,55.32155990600586,2025-11-01,2025-11-15,xgboost_direct
40,2025-11-01,2025-11-22,3,3,30.64286994934082,30.64286994934082,4.472343444824219,18.634017944335938,30.64286994934082,39.7205924987793,81.79621124267578,2025-11-01,2025-11-22,xgboost_direct
40,2025-11-01,2025-11-29,4,4,38.528133392333984,38.528133392333984,14.811261177062988,24.832136154174805,38.528133392333984,52.61098861694336,124.72151184082031,2025-11-01,2025-11-29,xgboost_direct
41,2025-11-01,2025-11-08,1,1,7.259014129638672,7.259014129638672,1.2,4.319344520568848,7.259014129638672,10.834488868713379,17.116104125976562,2025-11-01,2025-11-08,xgboost_direct
41,2025-11-01,2025-11-15,2,2,9.96240234375,9.96240234375,0.9019589424133301,6.0216851234436035,9.96240234375,14.71847152709961,30.224651336669922,2025-11-01,2025-11-15,xgboost_direct
41,2025-11-01,2025-11-22,3,3,14.3289213180542,14.3289213180542,0.8749235272407532,8.098270416259766,14.3289213180542,21.131649017333984,44.54008865356445,2025-11-01,2025-11-22,xgboost_direct
41,2025-11-01,2025-11-29,4,4,17.28144645690918,17.28144645690918,4.18467903137207,12.4019775390625,17.28144645690918,33.45510482788086,71.64253234863281,2025-11-01,2025-11-29,xgboost_direct
42,2025-11-01,2025-11-08,1,1,105.65176391601562,105.65176391601562,65.62062072753906,96.41725158691406,105.65176391601562,131.89993286132812,171.64187622070312,2025-11-01,2025-11-08,xgboost_direct
42,2025-11-01,2025-11-15,2,2,109.30228424072266,109.30228424072266,60.756839752197266,102.15314483642578,109.30228424072266,138.3601837158203,187.24078369140625,2025-11-01,2025-11-15,xgboost_direct
42,2025-11-01,2025-11-22,3,3,113.2285385131836,113.2285385131836,49.69820022583008,109.18006896972656,113.2285385131836,153.82928466796875,217.30014038085938,2025-11-01,2025-11-22,xgboost_direct
42,2025-11-01,2025-11-29,4,4,155.50405883789062,155.50405883789062,61.207584381103516,143.2444610595703,155.50405883789062,165.73202514648438,284.17822265625,2025-11-01,2025-11-29,xgboost_direct
44,2025-11-01,2025-11-08,1,1,10.153144836425781,10.153144836425781,3.0,6.876242160797119,10.153144836425781,14.463261604309082,29.186803817749023,2025-11-01,2025-11-08,xgboost_direct
44,2025-11-01,2025-11-15,2,2,13.670437812805176,13.670437812805176,1.457176685333252,9.811199188232422,13.670437812805176,23.18620491027832,43.16299819946289,2025-11-01,2025-11-15,xgboost_direct
44,2025-11-01,2025-11-22,3,3,18.334197998046875,18.334197998046875,3.2011399269104004,11.476874351501465,18.334197998046875,32.45557403564453,67.31639099121094,2025-11-01,2025-11-22,xgboost_direct
44,2025-11-01,2025-11-29,4,4,23.127960205078125,23.127960205078125,5.444904804229736,13.620749473571777,23.127960205078125,39.3204460144043,98.52909851074219,2025-11-01,2025-11-29,xgboost_direct
45,2025-11-01,2025-11-08,1,1,14.637832641601562,14.637832641601562,3.5999999999999996,9.515816688537598,14.637832641601562,26.485797882080078,35.247432708740234,2025-11-01,2025-11-08,xgboost_direct
45,2025-11-01,2025-11-15,2,2,18.872459411621094,18.872459411621094,1.9929773807525635,11.388143539428711,18.872459411621094,28.491437911987305,48.77604675292969,2025-11-01,2025-11-15,xgboost_direct
45,2025-11-01,2025-11-22,3,3,23.86214256286621,23.86214256286621,2.969350576400757,14.410968780517578,23.86214256286621,32.72126388549805,69.26129913330078,2025-11-01,2025-11-22,xgboost_direct
45,2025-11-01,2025-11-29,4,4,28.18867301940918,28.18867301940918,5.868397235870361,15.796160697937012,28.18867301940918,50.899967193603516,116.40374755859375,2025-11-01,2025-11-29,xgboost_direct
46,2025-11-01,2025-11-08,1,1,2.394010543823242,2.394010543823242,0.04913203790783882,0.7801761627197266,2.394010543823242,3.9028968811035156,8.719243049621582,2025-11-01,2025-11-08,xgboost_direct
46,2025-11-01,2025-11-15,2,2,3.850555896759033,3.850555896759033,0.1045931801199913,1.1601873636245728,3.850555896759033,6.542146682739258,15.532258987426758,2025-11-01,2025-11-15,xgboost_direct
46,2025-11-01,2025-11-22,3,3,5.133053302764893,5.133053302764893,0.4402020275592804,2.2497141361236572,5.133053302764893,8.653160095214844,23.72197723388672,2025-11-01,2025-11-22,xgboost_direct
46,2025-11-01,2025-11-29,4,4,6.71367883682251,6.71367883682251,2.061647415161133,3.37235951423645,6.71367883682251,17.91986656188965,31.737199783325195,2025-11-01,2025-11-29,xgboost_direct
47,2025-11-01,2025-11-08,1,1,30.764551162719727,30.764551162719727,15.861468315124512,28.003393173217773,30.764551162719727,45.518924713134766,68.10474395751953,2025-11-01,2025-11-08,xgboost_direct
47,2025-11-01,2025-11-15,2,2,39.16922378540039,39.16922378540039,17.174558639526367,30.00658416748047,39.16922378540039,55.5489501953125,94.9041976928711,2025-11-01,2025-11-15,xgboost_direct
47,2025-11-01,2025-11-22,3,3,57.366546630859375,57.366546630859375,17.999378204345703,36.93235397338867,57.366546630859375,60.898292541503906,141.1866912841797,2025-11-01,2025-11-22,xgboost_direct
47,2025-11-01,2025-11-29,4,4,71.10771179199219,71.10771179199219,24.59235954284668,49.66712188720703,71.10771179199219,71.7411117553711,193.18544006347656,2025-11-01,2025-11-29,xgboost_direct
48,2025-11-01,2025-11-08,1,1,185.77392578125,185.77392578125,138.6875,176.3772735595703,185.77392578125,221.3931121826172,252.74038696289062,2025-11-01,2025-11-08,xgboost_direct
48,2025-11-01,2025-11-15,2,2,258.4700927734375,258.4700927734375,130.8335723876953,222.88665771484375,258.4700927734375,310.3994445800781,374.83514404296875,2025-11-01,2025-11-15,xgboost_direct
48,2025-11-01,2025-11-22,3,3,341.9385070800781,341.9385070800781,119.0539779663086,313.151123046875,341.9385070800781,373.15948486328125,552.405029296875,2025-11-01,2025-11-22,xgboost_direct
48,2025-11-01,2025-11-29,4,4,598.5621948242188,598.5621948242188,127.0048828125,388.9491271972656,598.5621948242188,621.2177124023438,790.43115234375,2025-11-01,2025-11-29,xgboost_direct
49,2025-11-01,2025-11-08,1,1,3.305234432220459,3.305234432220459,0.3,1.0423640012741089,3.305234432220459,5.680544376373291,11.010327339172363,2025-11-01,2025-11-08,xgboost_direct
49,2025-11-01,2025-11-15,2,2,5.073150157928467,5.073150157928467,0.12610980868339539,1.8160929679870605,5.073150157928467,7.656012535095215,17.33378028869629,2025-11-01,2025-11-15,xgboost_direct
49,2025-11-01,2025-11-22,3,3,7.881923198699951,7.881923198699951,0.5177343487739563,2.5480282306671143,7.881923198699951,11.219962120056152,27.053678512573242,2025-11-01,2025-11-22,xgboost_direct
49,2025-11-01,2025-11-29,4,4,9.166025161743164,9.166025161743164,2.325345277786255,4.849128723144531,9.166025161743164,19.340829849243164,38.43448257446289,2025-11-01,2025-11-29,xgboost_direct
50,2025-11-01,2025-11-08,1,1,1.4707317352294922,1.4707317352294922,0.04620153084397316,0.40218305587768555,1.4707317352294922,2.622722625732422,8.219862937927246,2025-11-01,2025-11-08,xgboost_direct
50,2025-11-01,2025-11-15,2,2,2.572805166244507,2.572805166244507,0.08497148007154465,0.6548537015914917,2.572805166244507,4.025256156921387,14.089595794677734,2025-11-01,2025-11-15,xgboost_direct
50,2025-11-01,2025-11-22,3,3,3.836284875869751,3.836284875869751,0.39962345361709595,1.7000768184661865,3.836284875869751,6.35505485534668,22.72121238708496,2025-11-01,2025-11-22,xgboost_direct
50,2025-11-01,2025-11-29,4,4,6.1744489669799805,6.1744489669799805,1.2239775657653809,2.7675411701202393,6.1744489669799805,13.288667678833008,31.221689224243164,2025-11-01,2025-11-29,xgboost_direct
51,2025-11-01,2025-11-08,1,1,17.444290161132812,17.444290161132812,5.239102840423584,12.322437286376953,17.444290161132812,27.625839233398438,36.72513961791992,2025-11-01,2025-11-08,xgboost_direct
51,2025-11-01,2025-11-15,2,2,21.65937614440918,21.65937614440918,5.195452690124512,14.712038040161133,21.65937614440918,30.78542137145996,53.05944061279297,2025-11-01,2025-11-15,xgboost_direct
51,2025-11-01,2025-11-22,3,3,24.234210968017578,24.234210968017578,3.29188871383667,16.794349670410156,24.234210968017578,35.47896194458008,75.88566589355469,2025-11-01,2025-11-22,xgboost_direct
51,2025-11-01,2025-11-29,4,4,26.91136932373047,26.91136932373047,6.790158748626709,22.328123092651367,26.91136932373047,55.01774978637695,114.53722381591797,2025-11-01,2025-11-29,xgboost_direct
53,2025-11-01,2025-11-08,1,1,18.22078514099121,18.22078514099121,7.720787048339844,14.259716033935547,18.22078514099121,31.107044219970703,42.86599349975586,2025-11-01,2025-11-08,xgboost_direct
53,2025-11-01,2025-11-15,2,2,26.18733024597168,26.18733024597168,7.712486743927002,20.357582092285156,26.18733024597168,44.5388298034668,66.94010162353516,2025-11-01,2025-11-15,xgboost_direct
53,2025-11-01,2025-11-22,3,3,31.251794815063477,31.251794815063477,7.800151348114014,25.067304611206055,31.251794815063477,48.66291046142578,99.93090057373047,2025-11-01,2025-11-22,xgboost_direct
53,2025-11-01,2025-11-29,4,4,39.192955017089844,39.192955017089844,14.560275077819824,33.02825164794922,39.192955017089844,73.42131805419922,129.34873962402344,2025-11-01,2025-11-29,xgboost_direct
54,2025-11-01,2025-11-08,1,1,3.4495351314544678,3.4495351314544678,0.3,1.0457005500793457,3.4495351314544678,5.893726825714111,10.478414535522461,2025-11-01,2025-11-08,xgboost_direct
54,2025-11-01,2025-11-15,2,2,5.655116558074951,5.655116558074951,0.15052573382854462,1.7882368564605713,5.655116558074951,8.140618324279785,18.393665313720703,2025-11-01,2025-11-15,xgboost_direct
54,2025-11-01,2025-11-22,3,3,7.431491851806641,7.431491851806641,0.5271983742713928,2.777498483657837,7.431491851806641,11.769981384277344,28.746957778930664,2025-11-01,2025-11-22,xgboost_direct
54,2025-11-01,2025-11-29,4,4,9.05453872680664,9.05453872680664,2.36185622215271,4.812485694885254,9.05453872680664,20.973896026611328,37.30807113647461,2025-11-01,2025-11-29,xgboost_direct
55,2025-11-01,2025-11-08,1,1,9.27284049987793,9.27284049987793,1.7999999999999998,5.135397434234619,9.27284049987793,13.551725387573242,19.97368812561035,2025-11-01,2025-11-08,xgboost_direct
55,2025-11-01,2025-11-15,2,2,11.811198234558105,11.811198234558105,1.6057546138763428,8.947158813476562,11.811198234558105,17.565906524658203,31.28005027770996,2025-11-01,2025-11-15,xgboost_direct
55,2025-11-01,2025-11-22,3,3,16.97998809814453,16.97998809814453,0.9638371467590332,10.466423988342285,16.97998809814453,25.296525955200195,47.666141510009766,2025-11-01,2025-11-22,xgboost_direct
55,2025-11-01,2025-11-29,4,4,21.304969787597656,21.304969787597656,4.018313884735107,14.301043510437012,21.304969787597656,37.746246337890625,69.62689208984375,2025-11-01,2025-11-29,xgboost_direct
56,2025-11-01,2025-11-08,1,1,6.000880718231201,6.000880718231201,1.5,2.5463333129882812,6.000880718231201,8.1327543258667,15.350478172302246,2025-11-01,2025-11-08,xgboost_direct
56,2025-11-01,2025-11-15,2,2,9.833433151245117,9.833433151245117,0.4275,4.020249843597412,9.833433151245117,15.295694351196289,26.731603622436523,2025-11-01,2025-11-15,xgboost_direct
56,2025-11-01,2025-11-22,3,3,13.085771560668945,13.085771560668945,1.0198761224746704,5.903295993804932,13.085771560668945,26.85662269592285,43.46818923950195,2025-11-01,2025-11-22,xgboost_direct
56,2025-11-01,2025-11-29,4,4,16.15968894958496,16.15968894958496,4.040768623352051,9.083209037780762,16.15968894958496,33.93223571777344,58.266353607177734,2025-11-01,2025-11-29,xgboost_direct
72,2025-11-01,2025-11-08,1,1,56.462066650390625,56.462066650390625,26.76966667175293,40.0119743347168,56.462066650390625,73.998291015625,112.01013946533203,2025-11-01,2025-11-08,xgboost_direct
72,2025-11-01,2025-11-15,2,2,52.128639221191406,52.128639221191406,16.00601577758789,39.49582290649414,52.128639221191406,77.07648468017578,150.5492706298828,2025-11-01,2025-11-15,xgboost_direct
72,2025-11-01,2025-11-22,3,3,63.1011848449707,63.1011848449707,17.127777099609375,37.82992935180664,63.1011848449707,77.92449951171875,208.2305450439453,2025-11-01,2025-11-22,xgboost_direct
72,2025-11-01,2025-11-29,4,4,66.3453369140625,66.3453369140625,19.335874557495117,47.602054595947266,66.3453369140625,74.11786651611328,194.06820678710938,2025-11-01,2025-11-29,xgboost_direct
01,2025-11-29,2025-12-06,1,1,60.527278900146484,60.527278900146484,33.746681213378906,56.79487228393555,60.527278900146484,73.22030639648438,109.10165405273438,2025-11-29,2025-12-06,xgboost_direct
01,2025-11-29,2025-12-13,2,2,85.94330596923828,85.94330596923828,40.47911071777344,77.26923370361328,85.94330596923828,111.92686462402344,181.27053833007812,2025-11-29,2025-12-13,xgboost_direct
01,2025-11-29,2025-12-20,3,3,146.9388427734375,146.9388427734375,42.53960037231445,84.9937515258789,146.9388427734375,189.25991821289062,322.5186767578125,2025-11-29,2025-12-20,xgboost_direct
01,2025-11-29,2025-12-27,4,4,203.99217224121094,203.99217224121094,57.60359191894531,129.5950469970703,203.99217224121094,387.8689880371094,553.5025024414062,2025-11-29,2025-12-27,xgboost_direct
02,2025-11-29,2025-12-06,1,1,9.331095695495605,9.331095695495605,2.4,5.138617038726807,9.331095695495605,16.445213317871094,24.966693878173828,2025-11-29,2025-12-06,xgboost_direct
02,2025-11-29,2025-12-13,2,2,15.286896705627441,15.286896705627441,1.3158001899719238,9.155324935913086,15.286896705627441,32.76334762573242,46.401790618896484,2025-11-29,2025-12-13,xgboost_direct
02,2025-11-29,2025-12-20,3,3,23.860795974731445,23.860795974731445,5.037974834442139,12.929244041442871,23.860795974731445,47.76012420654297,86.42987823486328,2025-11-29,2025-12-20,xgboost_direct
02,2025-11-29,2025-12-27,4,4,34.753238677978516,34.753238677978516,5.9580488204956055,18.866628646850586,34.753238677978516,58.856666564941406,110.90885162353516,2025-11-29,2025-12-27,xgboost_direct
04,2025-11-29,2025-12-06,1,1,68.51810455322266,68.51810455322266,40.59404373168945,60.7476806640625,68.51810455322266,76.89456939697266,114.44625091552734,2025-11-29,2025-12-06,xgboost_direct
04,2025-11-29,2025-12-13,2,2,114.85405731201172,114.85405731201172,51.18857192993164,98.89006042480469,114.85405731201172,141.0296173095703,195.11557006835938,2025-11-29,2025-12-13,xgboost_direct
04,2025-11-29,2025-12-20,3,3,244.41629028320312,244.41629028320312,65.43086242675781,137.8534698486328,244.41629028320312,279.2389221191406,422.7912902832031,2025-11-29,2025-12-20,xgboost_direct
04,2025-11-29,2025-12-27,4,4,429.9118957519531,429.9118957519531,77.68907165527344,225.4129180908203,429.9118957519531,528.7403564453125,784.3118896484375,2025-11-29,2025-12-27,xgboost_direct
05,2025-11-29,2025-12-06,1,1,58.195743560791016,58.195743560791016,26.99672508239746,55.332542419433594,58.195743560791016,109.9136734008789,140.14195251464844,2025-11-29,2025-12-06,xgboost_direct
05,2025-11-29,2025-12-13,2,2,80.13363647460938,80.13363647460938,26.085960388183594,65.28986358642578,80.13363647460938,160.6274871826172,312.389404296875,2025-11-29,2025-12-13,xgboost_direct
05,2025-11-29,2025-12-20,3,3,126.8572006225586,126.8572006225586,29.093660354614258,76.96673583984375,126.8572006225586,225.84486389160156,538.6378784179688,2025-11-29,2025-12-20,xgboost_direct
05,2025-11-29,2025-12-27,4,4,233.0364227294922,233.0364227294922,55.441627502441406,112.92478942871094,233.0364227294922,361.6664733886719,724.1728515625,2025-11-29,2025-12-27,xgboost_direct
06,2025-11-29,2025-12-06,1,1,247.4263153076172,247.4263153076172,166.33311462402344,233.60972595214844,247.4263153076172,259.9728698730469,326.26666259765625,2025-11-29,2025-12-06,xgboost_direct
06,2025-11-29,2025-12-13,2,2,451.1985778808594,451.1985778808594,176.50799560546875,339.9461975097656,451.1985778808594,456.69720458984375,593.2896118164062,2025-11-29,2025-12-13,xgboost_direct
06,2025-11-29,2025-12-20,3,3,605.9207153320312,605.9207153320312,192.56448364257812,512.653564453125,605.9207153320312,642.599609375,921.1046752929688,2025-11-29,2025-12-20,xgboost_direct
06,2025-11-29,2025-12-27,4,4,1192.1646728515625,1192.1646728515625,223.2328338623047,817.52294921875,1192.1646728515625,1312.242431640625,1316.661376953125,2025-11-29,2025-12-27,xgboost_direct
08,2025-11-29,2025-12-06,1,1,219.25277709960938,219.25277709960938,97.33897399902344,193.51832580566406,219.25277709960938,275.9772033691406,346.240478515625,2025-11-29,2025-12-06,xgboost_direct
08,2025-11-29,2025-12-13,2,2,302.99896240234375,302.99896240234375,108.59896087646484,219.38693237304688,302.99896240234375,411.5303649902344,566.12646484375,2025-11-29,2025-12-13,xgboost_direct
08,2025-11-29,2025-12-20,3,3,493.5768127441406,493.5768127441406,111.91463470458984,230.4528045654297,493.5768127441406,534.7141723632812,795.5597534179688,2025-11-29,2025-12-20,xgboost_direct
08,2025-11-29,2025-12-27,4,4,601.395751953125,601.395751953125,136.09600830078125,366.23834228515625,601.395751953125,698.3780517578125,1026.1180419921875,2025-11-29,2025-12-27,xgboost_direct
09,2025-11-29,2025-12-06,1,1,74.22956085205078,74.22956085205078,36.96855545043945,69.18775939941406,74.22956085205078,124.71443939208984,151.5583038330078,2025-11-29,2025-12-06,xgboost_direct
09,2025-11-29,2025-12-13,2,2,101.54570770263672,101.54570770263672,36.60946273803711,85.29073333740234,101.54570770263672,174.6703338623047,310.73712158203125,2025-11-29,2025-12-13,xgboost_direct
09,2025-11-29,2025-12-20,3,3,160.0697021484375,160.0697021484375,46.50481414794922,87.94757080078125,160.0697021484375,301.3169250488281,578.9612426757812,2025-11-29,2025-12-20,xgboost_direct
09,2025-11-29,2025-12-27,4,4,261.5889892578125,261.5889892578125,59.43400955200195,121.33704376220703,261.5889892578125,414.11669921875,752.1340942382812,2025-11-29,2025-12-27,xgboost_direct
10,2025-11-29,2025-12-06,1,1,17.27071762084961,17.27071762084961,8.134653091430664,13.620627403259277,17.27071762084961,31.832365036010742,46.91334533691406,2025-11-29,2025-12-06,xgboost_direct
10,2025-11-29,2025-12-13,2,2,26.26458168029785,26.26458168029785,9.506356239318848,20.665719985961914,26.26458168029785,46.238956451416016,79.4642562866211,2025-11-29,2025-12-13,xgboost_direct
10,2025-11-29,2025-12-20,3,3,36.25421142578125,36.25421142578125,9.811884880065918,26.936107635498047,36.25421142578125,61.0614013671875,132.0903778076172,2025-11-29,2025-12-20,xgboost_direct
10,2025-11-29,2025-12-27,4,4,48.051063537597656,48.051063537597656,15.407144546508789,32.662696838378906,48.051063537597656,95.57935333251953,178.6147918701172,2025-11-29,2025-12-27,xgboost_direct
11,2025-11-29,2025-12-06,1,1,17.975648880004883,17.975648880004883,6.4142913818359375,12.138310432434082,17.975648880004883,32.611148834228516,45.60032653808594,2025-11-29,2025-12-06,xgboost_direct
11,2025-11-29,2025-12-13,2,2,29.264244079589844,29.264244079589844,7.717535972595215,18.124914169311523,29.264244079589844,46.90544128417969,86.76424407958984,2025-11-29,2025-12-13,xgboost_direct
11,2025-11-29,2025-12-20,3,3,44.65993118286133,44.65993118286133,8.785957336425781,27.145387649536133,44.65993118286133,73.6219482421875,153.95025634765625,2025-11-29,2025-12-20,xgboost_direct
11,2025-11-29,2025-12-27,4,4,58.41119384765625,58.41119384765625,13.084190368652344,32.25285339355469,58.41119384765625,103.27033996582031,193.67041015625,2025-11-29,2025-12-27,xgboost_direct
12,2025-11-29,2025-12-06,1,1,778.437255859375,778.437255859375,327.2149658203125,566.3926391601562,778.437255859375,977.96142578125,1076.776611328125,2025-11-29,2025-12-06,xgboost_direct
12,2025-11-29,2025-12-13,2,2,1000.4306640625,1000.4306640625,328.0719909667969,741.984619140625,1000.4306640625,1473.557861328125,1547.0743408203125,2025-11-29,2025-12-13,xgboost_direct
12,2025-11-29,2025-12-20,3,3,1336.7677001953125,1336.7677001953125,328.5240783691406,925.0081176757812,1336.7677001953125,1693.40380859375,2274.442626953125,2025-11-29,2025-12-20,xgboost_direct
12,2025-11-29,2025-12-27,4,4,1615.1439208984375,1615.1439208984375,313.26513671875,1330.497314453125,1615.1439208984375,2461.6279296875,2681.51416015625,2025-11-29,2025-12-27,xgboost_direct
13,2025-11-29,2025-12-06,1,1,240.3706817626953,240.3706817626953,115.97274780273438,208.59451293945312,240.3706817626953,291.251220703125,356.5299072265625,2025-11-29,2025-12-06,xgboost_direct
13,2025-11-29,2025-12-13,2,2,307.7278137207031,307.7278137207031,124.9835205078125,234.28001403808594,307.7278137207031,444.68682861328125,577.6295776367188,2025-11-29,2025-12-13,xgboost_direct
13,2025-11-29,2025-12-20,3,3,514.088623046875,514.088623046875,121.38447570800781,280.462158203125,514.088623046875,556.2169189453125,822.775634765625,2025-11-29,2025-12-20,xgboost_direct
13,2025-11-29,2025-12-27,4,4,708.2239379882812,708.2239379882812,141.868896484375,412.1699523925781,708.2239379882812,713.1653442382812,1067.73681640625,2025-11-29,2025-12-27,xgboost_direct
15,2025-11-29,2025-12-06,1,1,49.62543869018555,49.62543869018555,16.487747192382812,28.59235382080078,49.62543869018555,65.52970123291016,107.17694854736328,2025-11-29,2025-12-06,xgboost_direct
15,2025-11-29,2025-12-13,2,2,55.96280288696289,55.96280288696289,17.948667526245117,42.60453796386719,55.96280288696289,87.82308959960938,190.56434631347656,2025-11-29,2025-12-13,xgboost_direct
15,2025-11-29,2025-12-20,3,3,82.44511413574219,82.44511413574219,21.24251937866211,63.4170036315918,82.44511413574219,141.5413818359375,325.5145568847656,2025-11-29,2025-12-20,xgboost_direct
15,2025-11-29,2025-12-27,4,4,130.5777130126953,130.5777130126953,30.478118896484375,70.68415832519531,130.5777130126953,180.6856689453125,389.76495361328125,2025-11-29,2025-12-27,xgboost_direct
16,2025-11-29,2025-12-06,1,1,38.129634857177734,38.129634857177734,20.242107391357422,32.90410232543945,38.129634857177734,53.09908676147461,77.96658325195312,2025-11-29,2025-12-06,xgboost_direct
16,2025-11-29,2025-12-13,2,2,51.220359802246094,51.220359802246094,23.308340072631836,38.57725524902344,51.220359802246094,77.61668395996094,127.86521911621094,2025-11-29,2025-12-13,xgboost_direct
16,2025-11-29,2025-12-20,3,3,75.68732452392578,75.68732452392578,21.031023025512695,48.343971252441406,75.68732452392578,115.71138763427734,263.4232177734375,2025-11-29,2025-12-20,xgboost_direct
16,2025-11-29,2025-12-27,4,4,131.93524169921875,131.93524169921875,37.817203521728516,71.53986358642578,131.93524169921875,180.70465087890625,358.3883972167969,2025-11-29,2025-12-27,xgboost_direct
17,2025-11-29,2025-12-06,1,1,185.0890655517578,185.0890655517578,94.68274688720703,160.5420379638672,185.0890655517578,194.56591796875,278.0135498046875,2025-11-29,2025-12-06,xgboost_direct
17,2025-11-29,2025-12-13,2,2,250.03343200683594,250.03343200683594,103.57721710205078,209.00157165527344,250.03343200683594,316.8002624511719,489.9728088378906,2025-11-29,2025-12-13,xgboost_direct
17,2025-11-29,2025-12-20,3,3,448.07489013671875,448.07489013671875,103.77302551269531,251.146484375,448.07489013671875,539.4918212890625,704.8689575195312,2025-11-29,2025-12-20,xgboost_direct
17,2025-11-29,2025-12-27,4,4,588.099365234375,588.099365234375,122.77374267578125,376.8066101074219,588.099365234375,747.2276611328125,981.8886108398438,2025-11-29,2025-12-27,xgboost_direct
18,2025-11-29,2025-12-06,1,1,129.9802703857422,129.9802703857422,64.8532943725586,94.3743667602539,129.9802703857422,143.63035583496094,199.2333221435547,2025-11-29,2025-12-06,xgboost_direct
18,2025-11-29,2025-12-13,2,2,185.884033203125,185.884033203125,65.98164367675781,122.5166244506836,185.884033203125,213.65138244628906,389.5622863769531,2025-11-29,2025-12-13,xgboost_direct
18,2025-11-29,2025-12-20,3,3,278.3301086425781,278.3301086425781,72.0869140625,148.86868286132812,278.3301086425781,349.9866943359375,623.8174438476562,2025-11-29,2025-12-20,xgboost_direct
18,2025-11-29,2025-12-27,4,4,457.203369140625,457.203369140625,75.2125473022461,243.20074462890625,457.203369140625,496.9481506347656,862.3114624023438,2025-11-29,2025-12-27,xgboost_direct
19,2025-11-29,2025-12-06,1,1,18.092052459716797,18.092052459716797,6.770466327667236,12.865904808044434,18.092052459716797,36.2388916015625,47.824745178222656,2025-11-29,2025-12-06,xgboost_direct
19,2025-11-29,2025-12-13,2,2,26.48968505859375,26.48968505859375,6.63696813583374,19.94733238220215,26.48968505859375,51.23682403564453,73.35782623291016,2025-11-29,2025-12-13,xgboost_direct
19,2025-11-29,2025-12-20,3,3,36.445743560791016,36.445743560791016,11.369449615478516,31.270315170288086,36.445743560791016,74.64275360107422,143.12351989746094,2025-11-29,2025-12-20,xgboost_direct
19,2025-11-29,2025-12-27,4,4,56.59955978393555,56.59955978393555,15.63300895690918,32.69913101196289,56.59955978393555,106.15602111816406,195.83509826660156,2025-11-29,2025-12-27,xgboost_direct
20,2025-11-29,2025-12-06,1,1,15.499789237976074,15.499789237976074,4.347197532653809,10.451621055603027,15.499789237976074,27.984527587890625,39.15415573120117,2025-11-29,2025-12-06,xgboost_direct
20,2025-11-29,2025-12-13,2,2,22.417322158813477,22.417322158813477,3.6302452087402344,15.796128273010254,22.417322158813477,34.94358825683594,54.791587829589844,2025-11-29,2025-12-13,xgboost_direct
20,2025-11-29,2025-12-20,3,3,28.194032669067383,28.194032669067383,7.572464466094971,20.997798919677734,28.194032669067383,50.437252044677734,79.47162628173828,2025-11-29,2025-12-20,xgboost_direct
20,2025-11-29,2025-12-27,4,4,38.84287643432617,38.84287643432617,8.98292064666748,31.603172302246094,38.84287643432617,62.54302215576172,127.14859008789062,2025-11-29,2025-12-27,xgboost_direct
21,2025-11-29,2025-12-06,1,1,65.531005859375,65.531005859375,36.454139709472656,63.59050750732422,65.531005859375,72.76780700683594,111.39823913574219,2025-11-29,2025-12-06,xgboost_direct
21,2025-11-29,2025-12-13,2,2,96.19588470458984,96.19588470458984,34.63642501831055,79.60472869873047,96.19588470458984,104.5024642944336,177.4941864013672,2025-11-29,2025-12-13,xgboost_direct
21,2025-11-29,2025-12-20,3,3,151.95755004882812,151.95755004882812,38.28455352783203,77.81877899169922,151.95755004882812,168.49758911132812,301.0634460449219,2025-11-29,2025-12-20,xgboost_direct
21,2025-11-29,2025-12-27,4,4,172.54632568359375,172.54632568359375,49.19904708862305,135.18630981445312,172.54632568359375,312.6805114746094,483.8609924316406,2025-11-29,2025-12-27,xgboost_direct
22,2025-11-29,2025-12-06,1,1,145.6645050048828,145.6645050048828,92.33968353271484,109.74456024169922,145.6645050048828,148.57489013671875,219.1929168701172,2025-11-29,2025-12-06,xgboost_direct
22,2025-11-29,2025-12-13,2,2,222.18051147460938,222.18051147460938,91.177978515625,137.92401123046875,222.18051147460938,226.49371337890625,348.3588562011719,2025-11-29,2025-12-13,xgboost_direct
22,2025-11-29,2025-12-20,3,3,264.23114013671875,264.23114013671875,82.37332153320312,210.4439697265625,264.23114013671875,345.43951416015625,559.567626953125,2025-11-29,2025-12-20,xgboost_direct
22,2025-11-29,2025-12-27,4,4,385.61077880859375,385.61077880859375,100.41192626953125,297.5125732421875,385.61077880859375,534.2482299804688,825.47900390625,2025-11-29,2025-12-27,xgboost_direct
23,2025-11-29,2025-12-06,1,1,14.481322288513184,14.481322288513184,6.03508996963501,11.422325134277344,14.481322288513184,30.52962303161621,42.001129150390625,2025-11-29,2025-12-06,xgboost_direct
23,2025-11-29,2025-12-13,2,2,21.656675338745117,21.656675338745117,8.737027168273926,18.922954559326172,21.656675338745117,42.19120788574219,76.81293487548828,2025-11-29,2025-12-13,xgboost_direct
23,2025-11-29,2025-12-20,3,3,31.699148178100586,31.699148178100586,9.310431480407715,28.11220932006836,31.699148178100586,65.92121124267578,121.92646789550781,2025-11-29,2025-12-20,xgboost_direct
23,2025-11-29,2025-12-27,4,4,49.304542541503906,49.304542541503906,13.214652061462402,26.61079978942871,49.304542541503906,91.52096557617188,157.77682495117188,2025-11-29,2025-12-27,xgboost_direct
24,2025-11-29,2025-12-06,1,1,155.2201385498047,155.2201385498047,64.93180847167969,106.48870849609375,155.2201385498047,160.847900390625,227.66403198242188,2025-11-29,2025-12-06,xgboost_direct
24,2025-11-29,2025-12-13,2,2,224.7305450439453,224.7305450439453,62.78849792480469,135.83065795898438,224.7305450439453,240.2163848876953,421.3001403808594,2025-11-29,2025-12-13,xgboost_direct
24,2025-11-29,2025-12-20,3,3,285.99981689453125,285.99981689453125,67.08984375,143.15464782714844,285.99981689453125,357.445556640625,648.278076171875,2025-11-29,2025-12-20,xgboost_direct
24,2025-11-29,2025-12-27,4,4,365.808349609375,365.808349609375,82.06083679199219,221.6753692626953,365.808349609375,492.8392028808594,857.9691772460938,2025-11-29,2025-12-27,xgboost_direct
25,2025-11-29,2025-12-06,1,1,123.2703857421875,123.2703857421875,59.009132385253906,94.30876159667969,123.2703857421875,131.70672607421875,182.7679901123047,2025-11-29,2025-12-06,xgboost_direct
25,2025-11-29,2025-12-13,2,2,166.4258575439453,166.4258575439453,65.7979965209961,119.14892578125,166.4258575439453,170.14601135253906,362.8399963378906,2025-11-29,2025-12-13,xgboost_direct
25,2025-11-29,2025-12-20,3,3,253.84405517578125,253.84405517578125,73.41663360595703,174.77842712402344,253.84405517578125,355.8459167480469,615.2282104492188,2025-11-29,2025-12-20,xgboost_direct
25,2025-11-29,2025-12-27,4,4,459.60626220703125,459.60626220703125,86.6148910522461,280.6851501464844,459.60626220703125,554.5953369140625,805.6502685546875,2025-11-29,2025-12-27,xgboost_direct
26,2025-11-29,2025-12-06,1,1,122.38458251953125,122.38458251953125,58.6751594543457,91.5456771850586,122.38458251953125,130.22332763671875,190.11326599121094,2025-11-29,2025-12-06,xgboost_direct
26,2025-11-29,2025-12-13,2,2,167.60049438476562,167.60049438476562,61.13664245605469,114.06681823730469,167.60049438476562,195.27096557617188,362.2696533203125,2025-11-29,2025-12-13,xgboost_direct
26,2025-11-29,2025-12-20,3,3,259.6700134277344,259.6700134277344,69.80628204345703,141.6702423095703,259.6700134277344,326.43194580078125,617.5984497070312,2025-11-29,2025-12-20,xgboost_direct
26,2025-11-29,2025-12-27,4,4,422.1352233886719,422.1352233886719,83.89327239990234,289.26617431640625,422.1352233886719,502.6141357421875,850.0759887695312,2025-11-29,2025-12-27,xgboost_direct
27,2025-11-29,2025-12-06,1,1,80.25614166259766,80.25614166259766,36.38711929321289,63.870399475097656,80.25614166259766,123.96145629882812,151.58042907714844,2025-11-29,2025-12-06,xgboost_direct
27,2025-11-29,2025-12-13,2,2,101.95197296142578,101.95197296142578,33.52152633666992,93.45845031738281,101.95197296142578,189.3211669921875,327.0949401855469,2025-11-29,2025-12-13,xgboost_direct
27,2025-11-29,2025-12-20,3,3,162.39154052734375,162.39154052734375,49.99043273925781,96.84513092041016,162.39154052734375,307.5042724609375,592.8641357421875,2025-11-29,2025-12-20,xgboost_direct
27,2025-11-29,2025-12-27,4,4,256.6195983886719,256.6195983886719,53.36946105957031,125.78607177734375,256.6195983886719,452.40252685546875,789.8291015625,2025-11-29,2025-12-27,xgboost_direct
28,2025-11-29,2025-12-06,1,1,32.965850830078125,32.965850830078125,15.405266761779785,27.678146362304688,32.965850830078125,44.76530075073242,59.95282745361328,2025-11-29,2025-12-06,xgboost_direct
28,2025-11-29,2025-12-13,2,2,41.53831100463867,41.53831100463867,15.752931594848633,33.48424530029297,41.53831100463867,56.6988525390625,84.58190155029297,2025-11-29,2025-12-13,xgboost_direct
28,2025-11-29,2025-12-20,3,3,48.13899230957031,48.13899230957031,14.946709632873535,31.990074157714844,48.13899230957031,68.05648803710938,140.3309326171875,2025-11-29,2025-12-20,xgboost_direct
28,2025-11-29,2025-12-27,4,4,76.91072845458984,76.91072845458984,24.07063102722168,46.45750427246094,76.91072845458984,88.42425537109375,190.83876037597656,2025-11-29,2025-12-27,xgboost_direct
29,2025-11-29,2025-12-06,1,1,70.99687957763672,70.99687957763672,41.7392463684082,65.45345306396484,70.99687957763672,84.98641204833984,121.41879272460938,2025-11-29,2025-12-06,xgboost_direct
29,2025-11-29,2025-12-13,2,2,104.19789123535156,104.19789123535156,42.97612380981445,91.63945770263672,104.19789123535156,122.58519744873047,192.37701416015625,2025-11-29,2025-12-13,xgboost_direct
29,2025-11-29,2025-12-20,3,3,148.64544677734375,148.64544677734375,51.02729034423828,97.0567626953125,148.64544677734375,205.0811309814453,310.5938720703125,2025-11-29,2025-12-20,xgboost_direct
29,2025-11-29,2025-12-27,4,4,198.53050231933594,198.53050231933594,57.16603469848633,142.18118286132812,198.53050231933594,348.1726379394531,542.5322265625,2025-11-29,2025-12-27,xgboost_direct
30,2025-11-29,2025-12-06,1,1,13.023857116699219,13.023857116699219,4.405797481536865,8.529809951782227,13.023857116699219,28.91441535949707,40.65733337402344,2025-11-29,2025-12-06,xgboost_direct
30,2025-11-29,2025-12-13,2,2,19.91515350341797,19.91515350341797,5.003782272338867,16.25758171081543,19.91515350341797,41.16922378540039,75.30342102050781,2025-11-29,2025-12-13,xgboost_direct
30,2025-11-29,2025-12-20,3,3,29.4553279876709,29.4553279876709,8.26166820526123,24.192949295043945,29.4553279876709,63.29986572265625,133.13990783691406,2025-11-29,2025-12-20,xgboost_direct
30,2025-11-29,2025-12-27,4,4,49.04610061645508,49.04610061645508,11.897679328918457,22.82524871826172,49.04610061645508,92.02980041503906,157.88702392578125,2025-11-29,2025-12-27,xgboost_direct
31,2025-11-29,2025-12-06,1,1,12.3406343460083,12.3406343460083,3.9,6.491084575653076,12.3406343460083,28.129650115966797,39.60599136352539,2025-11-29,2025-12-06,xgboost_direct
31,2025-11-29,2025-12-13,2,2,18.631580352783203,18.631580352783203,3.944575786590576,11.515952110290527,18.631580352783203,40.3619384765625,69.03484344482422,2025-11-29,2025-12-13,xgboost_direct
31,2025-11-29,2025-12-20,3,3,29.343849182128906,29.343849182128906,7.464580535888672,17.848234176635742,29.343849182128906,66.85081481933594,124.22551727294922,2025-11-29,2025-12-20,xgboost_direct
31,2025-11-29,2025-12-27,4,4,50.4966926574707,50.4966926574707,11.282554626464844,21.33243751525879,50.4966926574707,92.98333740234375,153.93112182617188,2025-11-29,2025-12-27,xgboost_direct
32,2025-11-29,2025-12-06,1,1,17.620227813720703,17.620227813720703,6.847972869873047,13.649605751037598,17.620227813720703,28.11667251586914,38.040306091308594,2025-11-29,2025-12-06,xgboost_direct
32,2025-11-29,2025-12-13,2,2,23.86346435546875,23.86346435546875,8.825417518615723,16.62101173400879,23.86346435546875,36.203208923339844,59.49095153808594,2025-11-29,2025-12-13,xgboost_direct
32,2025-11-29,2025-12-20,3,3,33.4908561706543,33.4908561706543,7.702836990356445,21.7247371673584,33.4908561706543,51.161888122558594,102.3598861694336,2025-11-29,2025-12-20,xgboost_direct
32,2025-11-29,2025-12-27,4,4,56.83327102661133,56.83327102661133,13.105973243713379,32.975868225097656,56.83327102661133,80.5365982055664,180.52833557128906,2025-11-29,2025-12-27,xgboost_direct
33,2025-11-29,2025-12-06,1,1,13.92119026184082,13.92119026184082,5.614325046539307,10.739294052124023,13.92119026184082,23.9683895111084,41.346221923828125,2025-11-29,2025-12-06,xgboost_direct
33,2025-11-29,2025-12-13,2,2,22.283042907714844,22.283042907714844,7.449947834014893,18.13330078125,22.283042907714844,44.999595642089844,71.50542449951172,2025-11-29,2025-12-13,xgboost_direct
33,2025-11-29,2025-12-20,3,3,32.7795295715332,32.7795295715332,7.806206703186035,26.73835563659668,32.7795295715332,60.17140579223633,119.72943115234375,2025-11-29,2025-12-20,xgboost_direct
33,2025-11-29,2025-12-27,4,4,48.550411224365234,48.550411224365234,13.00747013092041,33.23849868774414,48.550411224365234,86.96514129638672,160.49037170410156,2025-11-29,2025-12-27,xgboost_direct
34,2025-11-29,2025-12-06,1,1,207.5373077392578,207.5373077392578,93.66027069091797,159.4324188232422,207.5373077392578,254.3203582763672,330.3897399902344,2025-11-29,2025-12-06,xgboost_direct
34,2025-11-29,2025-12-13,2,2,263.2681579589844,263.2681579589844,113.3331069946289,216.18223571777344,263.2681579589844,409.7075500488281,566.6979370117188,2025-11-29,2025-12-13,xgboost_direct
34,2025-11-29,2025-12-20,3,3,397.66693115234375,397.66693115234375,104.4892349243164,258.6656494140625,397.66693115234375,539.5552368164062,792.0094604492188,2025-11-29,2025-12-20,xgboost_direct
34,2025-11-29,2025-12-27,4,4,610.006591796875,610.006591796875,135.9427947998047,426.90667724609375,610.006591796875,709.9368896484375,1003.0628662109375,2025-11-29,2025-12-27,xgboost_direct
35,2025-11-29,2025-12-06,1,1,46.98827362060547,46.98827362060547,19.9110107421875,36.105281829833984,46.98827362060547,62.399986267089844,98.5451431274414,2025-11-29,2025-12-06,xgboost_direct
35,2025-11-29,2025-12-13,2,2,61.394920349121094,61.394920349121094,25.510324478149414,47.765541076660156,61.394920349121094,94.97405242919922,170.43115234375,2025-11-29,2025-12-13,xgboost_direct
35,2025-11-29,2025-12-20,3,3,111.36688995361328,111.36688995361328,22.314233779907227,52.68292236328125,111.36688995361328,152.15145874023438,330.17584228515625,2025-11-29,2025-12-20,xgboost_direct
35,2025-11-29,2025-12-27,4,4,145.95138549804688,145.95138549804688,36.11180877685547,87.45343017578125,145.95138549804688,288.83740234375,535.068603515625,2025-11-29,2025-12-27,xgboost_direct
36,2025-11-29,2025-12-06,1,1,695.2366333007812,695.2366333007812,223.65609741210938,504.9136657714844,695.2366333007812,841.18408203125,1174.125732421875,2025-11-29,2025-12-06,xgboost_direct
36,2025-11-29,2025-12-13,2,2,906.5706787109375,906.5706787109375,212.9558868408203,572.6857299804688,906.5706787109375,1117.5513916015625,1377.5604248046875,2025-11-29,2025-12-13,xgboost_direct
36,2025-11-29,2025-12-20,3,3,966.3214111328125,966.3214111328125,203.30596923828125,608.1773071289062,966.3214111328125,1305.217041015625,1513.51025390625,2025-11-29,2025-12-20,xgboost_direct
36,2025-11-29,2025-12-27,4,4,1127.4638671875,1127.4638671875,220.60848999023438,820.7057495117188,1127.4638671875,1475.8187255859375,1862.5963134765625,2025-11-29,2025-12-27,xgboost_direct
37,2025-11-29,2025-12-06,1,1,249.0262451171875,249.0262451171875,119.29493713378906,204.26361083984375,249.0262451171875,269.4787292480469,326.4132080078125,2025-11-29,2025-12-06,xgboost_direct
37,2025-11-29,2025-12-13,2,2,338.67266845703125,338.67266845703125,118.74028015136719,233.90391540527344,338.67266845703125,402.98626708984375,554.5307006835938,2025-11-29,2025-12-13,xgboost_direct
37,2025-11-29,2025-12-20,3,3,493.49969482421875,493.49969482421875,112.20510864257812,247.19815063476562,493.49969482421875,543.09521484375,767.0216064453125,2025-11-29,2025-12-20,xgboost_direct
37,2025-11-29,2025-12-27,4,4,574.6323852539062,574.6323852539062,116.51200866699219,348.2782287597656,574.6323852539062,602.1281127929688,1086.6768798828125,2025-11-29,2025-12-27,xgboost_direct
38,2025-11-29,2025-12-06,1,1,10.575236320495605,10.575236320495605,3.0,5.522665023803711,10.575236320495605,17.349388122558594,32.179630279541016,2025-11-29,2025-12-06,xgboost_direct
38,2025-11-29,2025-12-13,2,2,16.25511360168457,16.25511360168457,1.2506232261657715,10.225287437438965,16.25511360168457,29.848102569580078,45.77775192260742,2025-11-29,2025-12-13,xgboost_direct
38,2025-11-29,2025-12-20,3,3,23.02650260925293,23.02650260925293,5.204824447631836,15.07828140258789,23.02650260925293,41.716060638427734,86.1319351196289,2025-11-29,2025-12-20,xgboost_direct
38,2025-11-29,2025-12-27,4,4,30.95062255859375,30.95062255859375,5.502011299133301,16.67461585998535,30.95062255859375,49.272518157958984,107.02107238769531,2025-11-29,2025-12-27,xgboost_direct
39,2025-11-29,2025-12-06,1,1,203.0059356689453,203.0059356689453,99.6688003540039,184.4622344970703,203.0059356689453,213.4268341064453,253.5445556640625,2025-11-29,2025-12-06,xgboost_direct
39,2025-11-29,2025-12-13,2,2,270.42498779296875,270.42498779296875,103.05622100830078,190.9541473388672,270.42498779296875,275.8294677734375,444.381103515625,2025-11-29,2025-12-13,xgboost_direct
39,2025-11-29,2025-12-20,3,3,399.4427795410156,399.4427795410156,96.24678039550781,201.99588012695312,399.4427795410156,486.0909118652344,662.8707275390625,2025-11-29,2025-12-20,xgboost_direct
39,2025-11-29,2025-12-27,4,4,565.72802734375,565.72802734375,113.84075927734375,307.0003967285156,565.72802734375,588.6119384765625,993.895751953125,2025-11-29,2025-12-27,xgboost_direct
40,2025-11-29,2025-12-06,1,1,23.19921112060547,23.19921112060547,10.029841423034668,16.953310012817383,23.19921112060547,36.95989227294922,49.67361068725586,2025-11-29,2025-12-06,xgboost_direct
40,2025-11-29,2025-12-13,2,2,29.48575210571289,29.48575210571289,8.847620010375977,21.36850357055664,29.48575210571289,45.831260681152344,66.70557403564453,2025-11-29,2025-12-13,xgboost_direct
40,2025-11-29,2025-12-20,3,3,46.594181060791016,46.594181060791016,12.650423049926758,26.83868980407715,46.594181060791016,61.84724044799805,117.74150848388672,2025-11-29,2025-12-20,xgboost_direct
40,2025-11-29,2025-12-27,4,4,58.94166564941406,58.94166564941406,14.382318496704102,35.05170822143555,58.94166564941406,74.54434967041016,176.20176696777344,2025-11-29,2025-12-27,xgboost_direct
41,2025-11-29,2025-12-06,1,1,36.91753387451172,36.91753387451172,16.80900001525879,28.038908004760742,36.91753387451172,51.215030670166016,77.103515625,2025-11-29,2025-12-06,xgboost_direct
41,2025-11-29,2025-12-13,2,2,51.52279281616211,51.52279281616211,18.291526794433594,40.634525299072266,51.52279281616211,80.63140106201172,120.3811264038086,2025-11-29,2025-12-13,xgboost_direct
41,2025-11-29,2025-12-20,3,3,74.2298812866211,74.2298812866211,18.806365966796875,56.797183990478516,74.2298812866211,128.36019897460938,247.8761444091797,2025-11-29,2025-12-20,xgboost_direct
41,2025-11-29,2025-12-27,4,4,148.3448486328125,148.3448486328125,42.80604553222656,101.79151916503906,148.3448486328125,267.0059509277344,448.4838562011719,2025-11-29,2025-12-27,xgboost_direct
42,2025-11-29,2025-12-06,1,1,386.54583740234375,386.54583740234375,206.87332153320312,319.7381591796875,386.54583740234375,533.3997192382812,585.5657348632812,2025-11-29,2025-12-06,xgboost_direct
42,2025-11-29,2025-12-13,2,2,474.4180908203125,474.4180908203125,182.42193603515625,387.2786865234375,474.4180908203125,599.800537109375,1011.8980712890625,2025-11-29,2025-12-13,xgboost_direct
42,2025-11-29,2025-12-20,3,3,606.0234375,606.0234375,170.9208526611328,436.6445617675781,606.0234375,743.8792724609375,1304.2103271484375,2025-11-29,2025-12-20,xgboost_direct
42,2025-11-29,2025-12-27,4,4,804.9762573242188,804.9762573242188,181.68017578125,672.8089599609375,804.9762573242188,976.8622436523438,1307.51123046875,2025-11-29,2025-12-27,xgboost_direct
44,2025-11-29,2025-12-06,1,1,19.825979232788086,19.825979232788086,9.026535987854004,14.872591972351074,19.825979232788086,35.11089324951172,52.821983337402344,2025-11-29,2025-12-06,xgboost_direct
44,2025-11-29,2025-12-13,2,2,27.600353240966797,27.600353240966797,9.646135330200195,22.41570281982422,27.600353240966797,51.93262481689453,82.06423950195312,2025-11-29,2025-12-13,xgboost_direct
44,2025-11-29,2025-12-20,3,3,33.12801742553711,33.12801742553711,11.149893760681152,27.737712860107422,33.12801742553711,55.63309097290039,128.8855743408203,2025-11-29,2025-12-20,xgboost_direct
44,2025-11-29,2025-12-27,4,4,42.201351165771484,42.201351165771484,14.365226745605469,29.250659942626953,42.201351165771484,82.64704895019531,169.374755859375,2025-11-29,2025-12-27,xgboost_direct
45,2025-11-29,2025-12-06,1,1,70.37925720214844,70.37925720214844,37.33872604370117,65.48533630371094,70.37925720214844,87.62838745117188,132.12826538085938,2025-11-29,2025-12-06,xgboost_direct
45,2025-11-29,2025-12-13,2,2,101.39506530761719,101.39506530761719,33.806575775146484,87.4803466796875,101.39506530761719,128.00755310058594,213.94625854492188,2025-11-29,2025-12-13,xgboost_direct
45,2025-11-29,2025-12-20,3,3,151.127685546875,151.127685546875,41.35588455200195,79.77032470703125,151.127685546875,233.1809844970703,389.5516662597656,2025-11-29,2025-12-20,xgboost_direct
45,2025-11-29,2025-12-27,4,4,195.97377014160156,195.97377014160156,47.89086151123047,110.04025268554688,195.97377014160156,376.71868896484375,690.114990234375,2025-11-29,2025-12-27,xgboost_direct
46,2025-11-29,2025-12-06,1,1,3.840568780899048,3.840568780899048,0.3,1.1451926231384277,3.840568780899048,6.79251766204834,12.250097274780273,2025-11-29,2025-12-06,xgboost_direct
46,2025-11-29,2025-12-13,2,2,6.493298053741455,6.493298053741455,0.41301167011260986,1.7802913188934326,6.493298053741455,8.359478950500488,17.032804489135742,2025-11-29,2025-12-13,xgboost_direct
46,2025-11-29,2025-12-20,3,3,9.505635261535645,9.505635261535645,1.1393622159957886,3.251816511154175,9.505635261535645,14.275447845458984,27.99519920349121,2025-11-29,2025-12-20,xgboost_direct
46,2025-11-29,2025-12-27,4,4,13.214455604553223,13.214455604553223,2.5619945526123047,5.599284648895264,13.214455604553223,26.230579376220703,44.25831985473633,2025-11-29,2025-12-27,xgboost_direct
47,2025-11-29,2025-12-06,1,1,59.6877555847168,59.6877555847168,39.740909576416016,51.56074905395508,59.6877555847168,81.48250579833984,123.3009033203125,2025-11-29,2025-12-06,xgboost_direct
47,2025-11-29,2025-12-13,2,2,69.72357940673828,69.72357940673828,40.98538589477539,60.46760177612305,69.72357940673828,116.24234771728516,178.7733917236328,2025-11-29,2025-12-13,xgboost_direct
47,2025-11-29,2025-12-20,3,3,110.75687408447266,110.75687408447266,41.6656379699707,69.27902221679688,110.75687408447266,167.67930603027344,317.6250915527344,2025-11-29,2025-12-20,xgboost_direct
47,2025-11-29,2025-12-27,4,4,179.00808715820312,179.00808715820312,51.92249298095703,102.61605072021484,179.00808715820312,338.7946472167969,512.4694213867188,2025-11-29,2025-12-27,xgboost_direct
48,2025-11-29,2025-12-06,1,1,710.66845703125,710.66845703125,258.85479736328125,546.4275512695312,710.66845703125,889.1890258789062,914.8384399414062,2025-11-29,2025-12-06,xgboost_direct
48,2025-11-29,2025-12-13,2,2,918.7969360351562,918.7969360351562,291.2510681152344,697.1452026367188,918.7969360351562,1064.3887939453125,1501.3624267578125,2025-11-29,2025-12-13,xgboost_direct
48,2025-11-29,2025-12-20,3,3,1118.45263671875,1118.45263671875,296.897705078125,839.279541015625,1118.45263671875,1450.40625,2070.19873046875,2025-11-29,2025-12-20,xgboost_direct
48,2025-11-29,2025-12-27,4,4,1649.4039306640625,1649.4039306640625,290.61920166015625,1014.566162109375,1649.4039306640625,2122.954833984375,2613.111328125,2025-11-29,2025-12-27,xgboost_direct
49,2025-11-29,2025-12-06,1,1,35.98448944091797,35.98448944091797,10.191271781921387,21.912593841552734,35.98448944091797,51.52302932739258,82.27800750732422,2025-11-29,2025-12-06,xgboost_direct
49,2025-11-29,2025-12-13,2,2,49.382728576660156,49.382728576660156,10.221755027770996,34.59772872924805,49.382728576660156,77.42599487304688,126.9326400756836,2025-11-29,2025-12-13,xgboost_direct
49,2025-11-29,2025-12-20,3,3,77.55406951904297,77.55406951904297,14.733109474182129,50.02556610107422,77.55406951904297,115.36807250976562,264.3102111816406,2025-11-29,2025-12-20,xgboost_direct
49,2025-11-29,2025-12-27,4,4,100.73299407958984,100.73299407958984,21.035865783691406,74.26935577392578,100.73299407958984,248.93017578125,460.6187744140625,2025-11-29,2025-12-27,xgboost_direct
50,2025-11-29,2025-12-06,1,1,2.7215373516082764,2.7215373516082764,0.19715487957000732,1.0659226179122925,2.7215373516082764,3.8034074306488037,10.37092113494873,2025-11-29,2025-12-06,xgboost_direct
50,2025-11-29,2025-12-13,2,2,4.510769367218018,4.510769367218018,0.37945809960365295,1.46794593334198,4.510769367218018,6.610915184020996,15.979467391967773,2025-11-29,2025-12-13,xgboost_direct
50,2025-11-29,2025-12-20,3,3,6.603979587554932,6.603979587554932,1.094090461730957,2.947786808013916,6.603979587554932,12.923118591308594,26.250537872314453,2025-11-29,2025-12-20,xgboost_direct
50,2025-11-29,2025-12-27,4,4,10.805015563964844,10.805015563964844,2.5779340267181396,4.451416015625,10.805015563964844,20.150068283081055,37.64461898803711,2025-11-29,2025-12-27,xgboost_direct
51,2025-11-29,2025-12-06,1,1,146.5622100830078,146.5622100830078,70.5345230102539,108.81082153320312,146.5622100830078,152.86734008789062,219.51339721679688,2025-11-29,2025-12-06,xgboost_direct
51,2025-11-29,2025-12-13,2,2,203.75010681152344,203.75010681152344,73.68488311767578,137.6764678955078,203.75010681152344,231.18170166015625,414.0161437988281,2025-11-29,2025-12-13,xgboost_direct
51,2025-11-29,2025-12-20,3,3,287.77435302734375,287.77435302734375,78.27099609375,155.17478942871094,287.77435302734375,354.2779541015625,653.6756591796875,2025-11-29,2025-12-20,xgboost_direct
51,2025-11-29,2025-12-27,4,4,479.75982666015625,479.75982666015625,95.49028015136719,265.45758056640625,479.75982666015625,543.5618896484375,926.3850708007812,2025-11-29,2025-12-27,xgboost_direct
53,2025-11-29,2025-12-06,1,1,47.6053466796875,47.6053466796875,22.509355545043945,42.39995574951172,47.6053466796875,64.26988220214844,91.7991943359375,2025-11-29,2025-12-06,xgboost_direct
53,2025-11-29,2025-12-13,2,2,69.02803039550781,69.02803039550781,26.181114196777344,50.33784484863281,69.02803039550781,89.13524627685547,160.3035888671875,2025-11-29,2025-12-13,xgboost_direct
53,2025-11-29,2025-12-20,3,3,95.85421752929688,95.85421752929688,27.158174514770508,53.85032653808594,95.85421752929688,156.94137573242188,279.4774169921875,2025-11-29,2025-12-20,xgboost_direct
53,2025-11-29,2025-12-27,4,4,176.35739135742188,176.35739135742188,40.64268493652344,85.23696899414062,176.35739135742188,218.21934509277344,404.77520751953125,2025-11-29,2025-12-27,xgboost_direct
54,2025-11-29,2025-12-06,1,1,10.584181785583496,10.584181785583496,3.0,5.81654691696167,10.584181785583496,17.474332809448242,30.844974517822266,2025-11-29,2025-12-06,xgboost_direct
54,2025-11-29,2025-12-13,2,2,16.36937141418457,16.36937141418457,3.6398401260375977,10.464879035949707,16.36937141418457,35.074951171875,48.453834533691406,2025-11-29,2025-12-13,xgboost_direct
54,2025-11-29,2025-12-20,3,3,23.227758407592773,23.227758407592773,6.657799243927002,13.914767265319824,23.227758407592773,47.903873443603516,86.5177230834961,2025-11-29,2025-12-20,xgboost_direct
54,2025-11-29,2025-12-27,4,4,34.22642135620117,34.22642135620117,9.396517753601074,16.869638442993164,34.22642135620117,63.279109954833984,99.0548095703125,2025-11-29,2025-12-27,xgboost_direct
55,2025-11-29,2025-12-06,1,1,51.198726654052734,51.198726654052734,19.073223114013672,38.7631721496582,51.198726654052734,70.53572082519531,115.60441589355469,2025-11-29,2025-12-06,xgboost_direct
55,2025-11-29,2025-12-13,2,2,73.25822448730469,73.25822448730469,22.174407958984375,50.48668670654297,73.25822448730469,104.11590576171875,216.02767944335938,2025-11-29,2025-12-13,xgboost_direct
55,2025-11-29,2025-12-20,3,3,114.1744613647461,114.1744613647461,21.24171257019043,67.13593292236328,114.1744613647461,169.30685424804688,392.73193359375,2025-11-29,2025-12-20,xgboost_direct
55,2025-11-29,2025-12-27,4,4,175.2080078125,175.2080078125,45.488502502441406,104.28104400634766,175.2080078125,292.50921630859375,663.4242553710938,2025-11-29,2025-12-27,xgboost_direct
56,2025-11-29,2025-12-06,1,1,11.40820598602295,11.40820598602295,3.0,7.625450611114502,11.40820598602295,18.495437622070312,32.30295181274414,2025-11-29,2025-12-06,xgboost_direct
56,2025-11-29,2025-12-13,2,2,16.612916946411133,16.612916946411133,1.2404969930648804,11.705277442932129,16.612916946411133,33.13279342651367,47.76994705200195,2025-11-29,2025-12-13,xgboost_direct
56,2025-11-29,2025-12-20,3,3,23.717639923095703,23.717639923095703,5.509992599487305,15.940535545349121,23.717639923095703,40.04662322998047,78.3537826538086,2025-11-29,2025-12-20,xgboost_direct
56,2025-11-29,2025-12-27,4,4,31.12949562072754,31.12949562072754,6.945343494415283,17.355762481689453,31.12949562072754,46.325836181640625,101.17451477050781,2025-11-29,2025-12-27,xgboost_direct
72,2025-11-29,2025-12-06,1,1,242.50552368164062,242.50552368164062,158.26576232910156,211.953125,242.50552368164062,271.6721496582031,318.4289245605469,2025-11-29,2025-12-06,xgboost_direct
72,2025-11-29,2025-12-13,2,2,427.4123840332031,427.4123840332031,153.25323486328125,292.1838684082031,427.4123840332031,434.491455078125,582.3516235351562,2025-11-29,2025-12-13,xgboost_direct
72,2025-11-29,2025-12-20,3,3,519.4456176757812,519.4456176757812,167.4552001953125,379.806640625,519.4456176757812,647.67431640625,918.94873046875,2025-11-29,2025-12-20,xgboost_direct
72,2025-11-29,2025-12-27,4,4,673.8877563476562,673.8877563476562,182.0155029296875,473.2334899902344,673.8877563476562,765.6989135742188,1222.421142578125,2025-11-29,2025-12-27,xgboost_direct
01,2025-12-27,2026-01-03,1,1,701.0958862304688,701.0958862304688,233.50750732421875,527.5570068359375,701.0958862304688,862.375732421875,1028.4515380859375,2025-12-27,2026-01-03,xgboost_direct
01,2025-12-27,2026-01-10,2,2,546.1681518554688,546.1681518554688,203.3602294921875,374.8388977050781,546.1681518554688,746.3760986328125,1265.2125244140625,2025-12-27,2026-01-10,xgboost_direct
01,2025-12-27,2026-01-17,3,3,501.3398742675781,501.3398742675781,179.05821228027344,323.845458984375,501.3398742675781,874.9743041992188,1400.7078857421875,2025-12-27,2026-01-17,xgboost_direct
01,2025-12-27,2026-01-24,4,4,588.0106201171875,588.0106201171875,154.79515075683594,372.6812744140625,588.0106201171875,1118.896728515625,1658.4156494140625,2025-12-27,2026-01-24,xgboost_direct
02,2025-12-27,2026-01-03,1,1,139.46665954589844,139.46665954589844,61.93651580810547,101.50698852539062,139.46665954589844,153.6885528564453,207.42774963378906,2025-12-27,2026-01-03,xgboost_direct
02,2025-12-27,2026-01-10,2,2,105.58638763427734,105.58638763427734,51.1038932800293,79.8188705444336,105.58638763427734,173.1966552734375,403.27398681640625,2025-12-27,2026-01-10,xgboost_direct
02,2025-12-27,2026-01-17,3,3,80.53861999511719,80.53861999511719,38.68463134765625,70.95881652832031,80.53861999511719,157.80075073242188,478.8522033691406,2025-12-27,2026-01-17,xgboost_direct
02,2025-12-27,2026-01-24,4,4,82.04915618896484,82.04915618896484,31.158472061157227,53.54576873779297,82.04915618896484,165.82180786132812,446.9044494628906,2025-12-27,2026-01-24,xgboost_direct
04,2025-12-27,2026-01-03,1,1,453.5047302246094,453.5047302246094,159.28758239746094,331.3338317871094,453.5047302246094,583.1998291015625,700.4283447265625,2025-12-27,2026-01-03,xgboost_direct
04,2025-12-27,2026-01-10,2,2,399.4074401855469,399.4074401855469,156.71063232421875,303.2939758300781,399.4074401855469,625.2144775390625,1247.0126953125,2025-12-27,2026-01-10,xgboost_direct
04,2025-12-27,2026-01-17,3,3,429.5325622558594,429.5325622558594,140.29750061035156,254.40097045898438,429.5325622558594,680.6904907226562,1234.215087890625,2025-12-27,2026-01-17,xgboost_direct
04,2025-12-27,2026-01-24,4,4,472.15380859375,472.15380859375,133.9537353515625,286.0864562988281,472.15380859375,807.1852416992188,1246.12158203125,2025-12-27,2026-01-24,xgboost_direct
05,2025-12-27,2026-01-03,1,1,414.4652404785156,414.4652404785156,171.38973999023438,306.7485046386719,414.4652404785156,479.25048828125,629.5547485351562,2025-12-27,2026-01-03,xgboost_direct
05,2025-12-27,2026-01-10,2,2,294.0338134765625,294.0338134765625,136.59957885742188,237.6355438232422,294.0338134765625,441.63848876953125,1066.7318115234375,2025-12-27,2026-01-10,xgboost_direct
05,2025-12-27,2026-01-17,3,3,236.18763732910156,236.18763732910156,110.81353759765625,183.75619506835938,236.18763732910156,420.2000732421875,1004.22265625,2025-12-27,2026-01-17,xgboost_direct
05,2025-12-27,2026-01-24,4,4,221.55828857421875,221.55828857421875,96.37744903564453,171.4560089111328,221.55828857421875,411.3215026855469,913.3626708984375,2025-12-27,2026-01-24,xgboost_direct
06,2025-12-27,2026-01-03,1,1,1242.7845458984375,1242.7845458984375,374.09999999999997,935.4778442382812,1242.7845458984375,1443.152099609375,1768.4466552734375,2025-12-27,2026-01-03,xgboost_direct
06,2025-12-27,2026-01-10,2,2,899.9769287109375,899.9769287109375,315.09564208984375,740.4977416992188,899.9769287109375,1316.3472900390625,2079.141357421875,2025-12-27,2026-01-10,xgboost_direct
06,2025-12-27,2026-01-17,3,3,970.1184692382812,970.1184692382812,286.6800842285156,709.8873901367188,970.1184692382812,1630.4180908203125,2395.463134765625,2025-12-27,2026-01-17,xgboost_direct
06,2025-12-27,2026-01-24,4,4,1124.1981201171875,1124.1981201171875,253.85365295410156,756.5443725585938,1124.1981201171875,2131.542236328125,2416.38916015625,2025-12-27,2026-01-24,xgboost_direct
08,2025-12-27,2026-01-03,1,1,900.1342163085938,900.1342163085938,315.1426696777344,724.6287231445312,900.1342163085938,1130.392822265625,1487.0091552734375,2025-12-27,2026-01-03,xgboost_direct
08,2025-12-27,2026-01-10,2,2,678.1361083984375,678.1361083984375,299.6637878417969,559.73046875,678.1361083984375,968.6193237304688,1492.20068359375,2025-12-27,2026-01-10,xgboost_direct
08,2025-12-27,2026-01-17,3,3,671.1928100585938,671.1928100585938,292.78240966796875,526.98291015625,671.1928100585938,976.2884521484375,1751.1842041015625,2025-12-27,2026-01-17,xgboost_direct
08,2025-12-27,2026-01-24,4,4,749.721435546875,749.721435546875,264.7352294921875,476.94244384765625,749.721435546875,1091.5703125,2144.993896484375,2025-12-27,2026-01-24,xgboost_direct
09,2025-12-27,2026-01-03,1,1,720.0713500976562,720.0713500976562,270.4209899902344,551.468505859375,720.0713500976562,920.7098999023438,1150.6298828125,2025-12-27,2026-01-03,xgboost_direct
09,2025-12-27,2026-01-10,2,2,490.81610107421875,490.81610107421875,216.6776123046875,369.6474304199219,490.81610107421875,657.4434814453125,1242.302490234375,2025-12-27,2026-01-10,xgboost_direct
09,2025-12-27,2026-01-17,3,3,428.87835693359375,428.87835693359375,192.01783752441406,280.7097473144531,428.87835693359375,614.99609375,1159.2958984375,2025-12-27,2026-01-17,xgboost_direct
09,2025-12-27,2026-01-24,4,4,417.3423767089844,417.3423767089844,151.52659606933594,253.05479431152344,417.3423767089844,682.2075805664062,1197.8316650390625,2025-12-27,2026-01-24,xgboost_direct
10,2025-12-27,2026-01-03,1,1,265.7848205566406,265.7848205566406,117.56368255615234,223.60865783691406,265.7848205566406,355.3587341308594,489.88104248046875,2025-12-27,2026-01-03,xgboost_direct
10,2025-12-27,2026-01-10,2,2,235.33448791503906,235.33448791503906,108.82051086425781,190.5352020263672,235.33448791503906,308.41546630859375,835.3094482421875,2025-12-27,2026-01-10,xgboost_direct
10,2025-12-27,2026-01-17,3,3,197.0255126953125,197.0255126953125,88.45803833007812,135.09283447265625,197.0255126953125,309.5789489746094,796.1220703125,2025-12-27,2026-01-17,xgboost_direct
10,2025-12-27,2026-01-24,4,4,206.41815185546875,206.41815185546875,76.57412719726562,113.10588073730469,206.41815185546875,353.32952880859375,631.4807739257812,2025-12-27,2026-01-24,xgboost_direct
11,2025-12-27,2026-01-03,1,1,155.7919464111328,155.7919464111328,76.29203796386719,106.9928970336914,155.7919464111328,167.2632598876953,236.23379516601562,2025-12-27,2026-01-03,xgboost_direct
11,2025-12-27,2026-01-10,2,2,104.7098388671875,104.7098388671875,65.35810852050781,95.81889343261719,104.7098388671875,174.19744873046875,412.8507995605469,2025-12-27,2026-01-10,xgboost_direct
11,2025-12-27,2026-01-17,3,3,89.98181915283203,89.98181915283203,48.23141098022461,76.29922485351562,89.98181915283203,171.304931640625,504.38153076171875,2025-12-27,2026-01-17,xgboost_direct
11,2025-12-27,2026-01-24,4,4,115.7701187133789,115.7701187133789,39.59872055053711,66.70079040527344,115.7701187133789,177.9199981689453,453.9833068847656,2025-12-27,2026-01-24,xgboost_direct
12,2025-12-27,2026-01-03,1,1,1979.36474609375,1979.36474609375,655.5,1415.1656494140625,1979.36474609375,2543.0224609375,2972.911865234375,2025-12-27,2026-01-03,xgboost_direct
12,2025-12-27,2026-01-10,2,2,1384.5743408203125,1384.5743408203125,328.6875305175781,1138.7880859375,1384.5743408203125,1901.43603515625,3079.344970703125,2025-12-27,2026-01-10,xgboost_direct
12,2025-12-27,2026-01-17,3,3,1227.6705322265625,1227.6705322265625,295.980224609375,966.7975463867188,1227.6705322265625,1929.0035400390625,3028.790283203125,2025-12-27,2026-01-17,xgboost_direct
12,2025-12-27,2026-01-24,4,4,1272.1629638671875,1272.1629638671875,259.5356750488281,853.196044921875,1272.1629638671875,2437.607421875,2883.15869140625,2025-12-27,2026-01-24,xgboost_direct
13,2025-12-27,2026-01-03,1,1,1306.22900390625,1306.22900390625,420.0,949.80078125,1306.22900390625,1374.94921875,2150.32275390625,2025-12-27,2026-01-03,xgboost_direct
13,2025-12-27,2026-01-10,2,2,1049.5888671875,1049.5888671875,304.2294006347656,781.343505859375,1049.5888671875,1586.5367431640625,2718.87939453125,2025-12-27,2026-01-10,xgboost_direct
13,2025-12-27,2026-01-17,3,3,1016.9641723632812,1016.9641723632812,291.2407531738281,743.127685546875,1016.9641723632812,1744.4146728515625,3479.194091796875,2025-12-27,2026-01-17,xgboost_direct
13,2025-12-27,2026-01-24,4,4,1284.06494140625,1284.06494140625,262.9621276855469,766.41943359375,1284.06494140625,2104.64501953125,2965.92333984375,2025-12-27,2026-01-24,xgboost_direct
15,2025-12-27,2026-01-03,1,1,127.885498046875,127.885498046875,76.39201354980469,101.81808471679688,127.885498046875,131.24899291992188,213.1017303466797,2025-12-27,2026-01-03,xgboost_direct
15,2025-12-27,2026-01-10,2,2,103.70105743408203,103.70105743408203,72.94498443603516,89.9492416381836,103.70105743408203,137.34365844726562,329.54510498046875,2025-12-27,2026-01-10,xgboost_direct
15,2025-12-27,2026-01-17,3,3,91.94214630126953,91.94214630126953,44.153236389160156,65.76811981201172,91.94214630126953,165.6620635986328,494.2876281738281,2025-12-27,2026-01-17,xgboost_direct
15,2025-12-27,2026-01-24,4,4,84.09660339355469,84.09660339355469,43.786128997802734,59.52410125732422,84.09660339355469,179.5485382080078,461.7729797363281,2025-12-27,2026-01-24,xgboost_direct
16,2025-12-27,2026-01-03,1,1,227.5731201171875,227.5731201171875,128.05258178710938,223.42237854003906,227.5731201171875,279.4217834472656,367.155517578125,2025-12-27,2026-01-03,xgboost_direct
16,2025-12-27,2026-01-10,2,2,235.9356689453125,235.9356689453125,133.60302734375,192.55552673339844,235.9356689453125,295.5081787109375,652.4219360351562,2025-12-27,2026-01-10,xgboost_direct
16,2025-12-27,2026-01-17,3,3,239.27792358398438,239.27792358398438,114.03126525878906,173.63877868652344,239.27792358398438,285.1831359863281,779.9156494140625,2025-12-27,2026-01-17,xgboost_direct
16,2025-12-27,2026-01-24,4,4,264.7584228515625,264.7584228515625,107.46712493896484,156.24710083007812,264.7584228515625,301.32916259765625,719.1751708984375,2025-12-27,2026-01-24,xgboost_direct
17,2025-12-27,2026-01-03,1,1,1314.999267578125,1314.999267578125,447.3,972.4852905273438,1314.999267578125,1383.6536865234375,2251.202880859375,2025-12-27,2026-01-03,xgboost_direct
17,2025-12-27,2026-01-10,2,2,1105.146240234375,1105.146240234375,310.0745849609375,834.5955200195312,1105.146240234375,1634.4027099609375,3168.4931640625,2025-12-27,2026-01-10,xgboost_direct
17,2025-12-27,2026-01-17,3,3,926.2943725585938,926.2943725585938,294.0032653808594,770.642578125,926.2943725585938,1759.6741943359375,3201.0869140625,2025-12-27,2026-01-17,xgboost_direct
17,2025-12-27,2026-01-24,4,4,1250.140869140625,1250.140869140625,270.94189453125,809.6395874023438,1250.140869140625,2156.2509765625,3082.3251953125,2025-12-27,2026-01-24,xgboost_direct
18,2025-12-27,2026-01-03,1,1,864.5695190429688,864.5695190429688,260.0743103027344,593.4826049804688,864.5695190429688,1014.0626831054688,1459.3345947265625,2025-12-27,2026-01-03,xgboost_direct
18,2025-12-27,2026-01-10,2,2,610.0511474609375,610.0511474609375,236.52197265625,442.19964599609375,610.0511474609375,901.5894775390625,1512.1458740234375,2025-12-27,2026-01-10,xgboost_direct
18,2025-12-27,2026-01-17,3,3,537.866455078125,537.866455078125,211.5916290283203,382.043212890625,537.866455078125,1016.970947265625,1795.9249267578125,2025-12-27,2026-01-17,xgboost_direct
18,2025-12-27,2026-01-24,4,4,678.628173828125,678.628173828125,193.6796112060547,449.0058288574219,678.628173828125,1185.8489990234375,1995.4471435546875,2025-12-27,2026-01-24,xgboost_direct
19,2025-12-27,2026-01-03,1,1,386.5907287597656,386.5907287597656,124.94874572753906,269.23199462890625,386.5907287597656,440.72088623046875,592.312744140625,2025-12-27,2026-01-03,xgboost_direct
19,2025-12-27,2026-01-10,2,2,240.06967163085938,240.06967163085938,112.5056381225586,236.9516143798828,240.06967163085938,419.46282958984375,1059.3248291015625,2025-12-27,2026-01-10,xgboost_direct
19,2025-12-27,2026-01-17,3,3,243.17466735839844,243.17466735839844,93.64384460449219,150.01602172851562,243.17466735839844,392.4087829589844,981.7742309570312,2025-12-27,2026-01-17,xgboost_direct
19,2025-12-27,2026-01-24,4,4,234.96109008789062,234.96109008789062,83.35401153564453,176.95223999023438,234.96109008789062,455.208984375,830.1373291015625,2025-12-27,2026-01-24,xgboost_direct
20,2025-12-27,2026-01-03,1,1,430.7986145019531,430.7986145019531,127.91063690185547,303.8481750488281,430.7986145019531,482.4038391113281,630.9107055664062,2025-12-27,2026-01-03,xgboost_direct
20,2025-12-27,2026-01-10,2,2,350.8598937988281,350.8598937988281,134.91876220703125,270.8056335449219,350.8598937988281,430.5110778808594,1085.5421142578125,2025-12-27,2026-01-10,xgboost_direct
20,2025-12-27,2026-01-17,3,3,364.10260009765625,364.10260009765625,117.9749526977539,207.96612548828125,364.10260009765625,439.3955078125,1086.0987548828125,2025-12-27,2026-01-17,xgboost_direct
20,2025-12-27,2026-01-24,4,4,297.91424560546875,297.91424560546875,92.83731079101562,189.2540283203125,297.91424560546875,596.8031005859375,955.4361572265625,2025-12-27,2026-01-24,xgboost_direct
21,2025-12-27,2026-01-03,1,1,738.4862060546875,738.4862060546875,235.62022399902344,514.6577758789062,738.4862060546875,901.944580078125,1159.30810546875,2025-12-27,2026-01-03,xgboost_direct
21,2025-12-27,2026-01-10,2,2,524.8392333984375,524.8392333984375,204.4710235595703,372.70428466796875,524.8392333984375,820.382568359375,1374.1746826171875,2025-12-27,2026-01-10,xgboost_direct
21,2025-12-27,2026-01-17,3,3,482.9449157714844,482.9449157714844,176.77261352539062,355.3023376464844,482.9449157714844,975.4266967773438,1580.2984619140625,2025-12-27,2026-01-17,xgboost_direct
21,2025-12-27,2026-01-24,4,4,622.6696166992188,622.6696166992188,160.99607849121094,391.62261962890625,622.6696166992188,1105.9293212890625,1851.5162353515625,2025-12-27,2026-01-24,xgboost_direct
22,2025-12-27,2026-01-03,1,1,800.8010864257812,800.8010864257812,270.440673828125,578.668212890625,800.8010864257812,993.3133544921875,1285.529052734375,2025-12-27,2026-01-03,xgboost_direct
22,2025-12-27,2026-01-10,2,2,605.4607543945312,605.4607543945312,259.235107421875,457.09063720703125,605.4607543945312,853.5072631835938,1464.04736328125,2025-12-27,2026-01-10,xgboost_direct
22,2025-12-27,2026-01-17,3,3,635.489501953125,635.489501953125,246.13963317871094,445.7628479003906,635.489501953125,981.4982299804688,1686.0263671875,2025-12-27,2026-01-17,xgboost_direct
22,2025-12-27,2026-01-24,4,4,692.4389038085938,692.4389038085938,207.0496368408203,459.0616760253906,692.4389038085938,1173.684814453125,1954.5576171875,2025-12-27,2026-01-24,xgboost_direct
23,2025-12-27,2026-01-03,1,1,225.37232971191406,225.37232971191406,101.11894226074219,160.33642578125,225.37232971191406,271.4974670410156,335.2719421386719,2025-12-27,2026-01-03,xgboost_direct
23,2025-12-27,2026-01-10,2,2,166.70574951171875,166.70574951171875,99.28125762939453,154.02682495117188,166.70574951171875,259.6380615234375,544.4793090820312,2025-12-27,2026-01-10,xgboost_direct
23,2025-12-27,2026-01-17,3,3,158.19833374023438,158.19833374023438,68.50894927978516,98.96829986572266,158.19833374023438,210.97901916503906,633.203369140625,2025-12-27,2026-01-17,xgboost_direct
23,2025-12-27,2026-01-24,4,4,134.37782287597656,134.37782287597656,51.51262283325195,84.40188598632812,134.37782287597656,217.2491455078125,561.3206787109375,2025-12-27,2026-01-24,xgboost_direct
24,2025-12-27,2026-01-03,1,1,791.8740844726562,791.8740844726562,271.571533203125,576.1495361328125,791.8740844726562,914.6969604492188,1173.318603515625,2025-12-27,2026-01-03,xgboost_direct
24,2025-12-27,2026-01-10,2,2,590.197265625,590.197265625,252.0791778564453,418.0885009765625,590.197265625,759.8230590820312,1279.8438720703125,2025-12-27,2026-01-10,xgboost_direct
24,2025-12-27,2026-01-17,3,3,469.5925598144531,469.5925598144531,224.614013671875,360.7825012207031,469.5925598144531,711.9826049804688,1203.3699951171875,2025-12-27,2026-01-17,xgboost_direct
24,2025-12-27,2026-01-24,4,4,473.8091125488281,473.8091125488281,168.3312530517578,329.50836181640625,473.8091125488281,955.8129272460938,1274.4969482421875,2025-12-27,2026-01-24,xgboost_direct
25,2025-12-27,2026-01-03,1,1,1026.930419921875,1026.930419921875,307.1531982421875,751.1926879882812,1026.930419921875,1085.975830078125,1536.5726318359375,2025-12-27,2026-01-03,xgboost_direct
25,2025-12-27,2026-01-10,2,2,667.3663940429688,667.3663940429688,291.136962890625,564.6278686523438,667.3663940429688,1094.67822265625,1512.8040771484375,2025-12-27,2026-01-10,xgboost_direct
25,2025-12-27,2026-01-17,3,3,649.872314453125,649.872314453125,287.6942138671875,534.734375,649.872314453125,925.1397094726562,1702.488525390625,2025-12-27,2026-01-17,xgboost_direct
25,2025-12-27,2026-01-24,4,4,751.987548828125,751.987548828125,257.2130126953125,496.1678161621094,751.987548828125,1022.7827758789062,1654.132568359375,2025-12-27,2026-01-24,xgboost_direct
26,2025-12-27,2026-01-03,1,1,940.1734619140625,940.1734619140625,280.2024230957031,691.3988037109375,940.1734619140625,1039.8167724609375,1533.55712890625,2025-12-27,2026-01-03,xgboost_direct
26,2025-12-27,2026-01-10,2,2,688.5241088867188,688.5241088867188,279.3657531738281,576.9291381835938,688.5241088867188,1194.6597900390625,1539.3546142578125,2025-12-27,2026-01-10,xgboost_direct
26,2025-12-27,2026-01-17,3,3,774.7387084960938,774.7387084960938,272.161865234375,560.92529296875,774.7387084960938,1198.9537353515625,1857.7569580078125,2025-12-27,2026-01-17,xgboost_direct
26,2025-12-27,2026-01-24,4,4,920.623291015625,920.623291015625,249.01504516601562,680.8643798828125,920.623291015625,1266.3046875,2170.391845703125,2025-12-27,2026-01-24,xgboost_direct
27,2025-12-27,2026-01-03,1,1,1008.173828125,1008.173828125,306.3962097167969,725.6113891601562,1008.173828125,1081.1275634765625,1506.161865234375,2025-12-27,2026-01-03,xgboost_direct
27,2025-12-27,2026-01-10,2,2,665.5961303710938,665.5961303710938,287.25433349609375,568.6619873046875,665.5961303710938,1151.274169921875,1528.4676513671875,2025-12-27,2026-01-10,xgboost_direct
27,2025-12-27,2026-01-17,3,3,689.2149047851562,689.2149047851562,275.84515380859375,517.7452392578125,689.2149047851562,1179.281494140625,1746.8941650390625,2025-12-27,2026-01-17,xgboost_direct
27,2025-12-27,2026-01-24,4,4,790.7146606445312,790.7146606445312,240.01644897460938,523.90380859375,790.7146606445312,1216.570556640625,2140.2685546875,2025-12-27,2026-01-24,xgboost_direct
28,2025-12-27,2026-01-03,1,1,347.67401123046875,347.67401123046875,161.01499938964844,260.351318359375,347.67401123046875,418.3699645996094,587.0401611328125,2025-12-27,2026-01-03,xgboost_direct
28,2025-12-27,2026-01-10,2,2,301.9543151855469,301.9543151855469,157.75389099121094,245.59097290039062,301.9543151855469,397.3936462402344,930.9727783203125,2025-12-27,2026-01-10,xgboost_direct
28,2025-12-27,2026-01-17,3,3,278.7242431640625,278.7242431640625,130.13475036621094,206.86935424804688,278.7242431640625,365.1966857910156,1050.64794921875,2025-12-27,2026-01-17,xgboost_direct
28,2025-12-27,2026-01-24,4,4,259.5328369140625,259.5328369140625,104.0192642211914,183.86802673339844,259.5328369140625,453.5400695800781,906.4859008789062,2025-12-27,2026-01-24,xgboost_direct
29,2025-12-27,2026-01-03,1,1,841.4383544921875,841.4383544921875,255.28176879882812,589.6705932617188,841.4383544921875,973.7780151367188,1579.191162109375,2025-12-27,2026-01-03,xgboost_direct
29,2025-12-27,2026-01-10,2,2,646.5546264648438,646.5546264648438,237.0777130126953,492.1556091308594,646.5546264648438,969.337158203125,1583.364990234375,2025-12-27,2026-01-10,xgboost_direct
29,2025-12-27,2026-01-17,3,3,577.8260498046875,577.8260498046875,215.70669555664062,418.9280700683594,577.8260498046875,1016.9850463867188,1879.7005615234375,2025-12-27,2026-01-17,xgboost_direct
29,2025-12-27,2026-01-24,4,4,754.986572265625,754.986572265625,200.30323791503906,560.6263427734375,754.986572265625,1293.1549072265625,2183.75732421875,2025-12-27,2026-01-24,xgboost_direct
30,2025-12-27,2026-01-03,1,1,122.9228515625,122.9228515625,68.10912322998047,108.20932006835938,122.9228515625,206.45623779296875,279.6182861328125,2025-12-27,2026-01-03,xgboost_direct
30,2025-12-27,2026-01-10,2,2,110.03982543945312,110.03982543945312,63.7751350402832,95.55259704589844,110.03982543945312,213.45709228515625,507.5039367675781,2025-12-27,2026-01-10,xgboost_direct
30,2025-12-27,2026-01-17,3,3,108.5383529663086,108.5383529663086,50.12945556640625,78.42897033691406,108.5383529663086,200.6693878173828,633.7655029296875,2025-12-27,2026-01-17,xgboost_direct
30,2025-12-27,2026-01-24,4,4,158.46730041503906,158.46730041503906,51.3317985534668,68.84871673583984,158.46730041503906,211.75967407226562,529.1206665039062,2025-12-27,2026-01-24,xgboost_direct
31,2025-12-27,2026-01-03,1,1,218.13626098632812,218.13626098632812,103.115478515625,150.2454833984375,218.13626098632812,298.69635009765625,367.29351806640625,2025-12-27,2026-01-03,xgboost_direct
31,2025-12-27,2026-01-10,2,2,201.7046356201172,201.7046356201172,95.91718292236328,159.55609130859375,201.7046356201172,292.5752868652344,654.8145141601562,2025-12-27,2026-01-10,xgboost_direct
31,2025-12-27,2026-01-17,3,3,187.27256774902344,187.27256774902344,78.62809753417969,124.18193817138672,187.27256774902344,261.7041931152344,705.2033081054688,2025-12-27,2026-01-17,xgboost_direct
31,2025-12-27,2026-01-24,4,4,204.7452392578125,204.7452392578125,71.16468048095703,107.59510803222656,204.7452392578125,310.99053955078125,599.0575561523438,2025-12-27,2026-01-24,xgboost_direct
32,2025-12-27,2026-01-03,1,1,417.0205383300781,417.0205383300781,155.58871459960938,310.135986328125,417.0205383300781,510.134521484375,649.428955078125,2025-12-27,2026-01-03,xgboost_direct
32,2025-12-27,2026-01-10,2,2,342.707763671875,342.707763671875,152.9091796875,272.605224609375,342.707763671875,410.68280029296875,1082.259765625,2025-12-27,2026-01-10,xgboost_direct
32,2025-12-27,2026-01-17,3,3,359.90667724609375,359.90667724609375,139.77490234375,233.54910278320312,359.90667724609375,479.103271484375,1125.3619384765625,2025-12-27,2026-01-17,xgboost_direct
32,2025-12-27,2026-01-24,4,4,448.5037841796875,448.5037841796875,129.10650634765625,213.1154022216797,448.5037841796875,606.581787109375,1014.5531005859375,2025-12-27,2026-01-24,xgboost_direct
33,2025-12-27,2026-01-03,1,1,260.7189636230469,260.7189636230469,116.3884048461914,219.2866973876953,260.7189636230469,352.3123474121094,460.36175537109375,2025-12-27,2026-01-03,xgboost_direct
33,2025-12-27,2026-01-10,2,2,234.37135314941406,234.37135314941406,109.24171447753906,176.52957153320312,234.37135314941406,291.130126953125,654.328125,2025-12-27,2026-01-10,xgboost_direct
33,2025-12-27,2026-01-17,3,3,201.96385192871094,201.96385192871094,81.1208267211914,119.29499816894531,201.96385192871094,255.86474609375,733.1531982421875,2025-12-27,2026-01-17,xgboost_direct
33,2025-12-27,2026-01-24,4,4,186.6501007080078,186.6501007080078,64.0057144165039,97.56698608398438,186.6501007080078,302.8476867675781,613.5494384765625,2025-12-27,2026-01-24,xgboost_direct
34,2025-12-27,2026-01-03,1,1,1291.5076904296875,1291.5076904296875,439.8,1016.08837890625,1291.5076904296875,1611.4122314453125,2233.873291015625,2025-12-27,2026-01-03,xgboost_direct
34,2025-12-27,2026-01-10,2,2,1147.4656982421875,1147.4656982421875,321.1019287109375,840.0885009765625,1147.4656982421875,1636.599365234375,2735.326171875,2025-12-27,2026-01-10,xgboost_direct
34,2025-12-27,2026-01-17,3,3,1025.347900390625,1025.347900390625,291.9382019042969,765.9603271484375,1025.347900390625,1858.201904296875,2858.8125,2025-12-27,2026-01-17,xgboost_direct
34,2025-12-27,2026-01-24,4,4,1273.07080078125,1273.07080078125,270.0262756347656,707.30908203125,1273.07080078125,2129.059326171875,2662.10498046875,2025-12-27,2026-01-24,xgboost_direct
35,2025-12-27,2026-01-03,1,1,460.7383117675781,460.7383117675781,163.48876953125,323.53857421875,460.7383117675781,577.4339599609375,867.29248046875,2025-12-27,2026-01-03,xgboost_direct
35,2025-12-27,2026-01-10,2,2,375.2050476074219,375.2050476074219,156.99937438964844,288.2486877441406,375.2050476074219,601.9481201171875,1214.630126953125,2025-12-27,2026-01-10,xgboost_direct
35,2025-12-27,2026-01-17,3,3,340.51324462890625,340.51324462890625,140.82705688476562,224.52613830566406,340.51324462890625,562.3823852539062,1197.123046875,2025-12-27,2026-01-17,xgboost_direct
35,2025-12-27,2026-01-24,4,4,377.2339782714844,377.2339782714844,135.1560516357422,230.83033752441406,377.2339782714844,684.3781127929688,1119.271240234375,2025-12-27,2026-01-24,xgboost_direct
36,2025-12-27,2026-01-03,1,1,2236.973388671875,2236.973388671875,1161.0,1478.6932373046875,2236.973388671875,3471.69140625,4434.4384765625,2025-12-27,2026-01-03,xgboost_direct
36,2025-12-27,2026-01-10,2,2,1766.329345703125,1766.329345703125,330.885,1182.1632080078125,1766.329345703125,2587.006103515625,4748.25048828125,2025-12-27,2026-01-10,xgboost_direct
36,2025-12-27,2026-01-17,3,3,1487.716064453125,1487.716064453125,294.4862976074219,999.2447509765625,1487.716064453125,2363.386474609375,3902.64013671875,2025-12-27,2026-01-17,xgboost_direct
36,2025-12-27,2026-01-24,4,4,1530.9404296875,1530.9404296875,268.6388854980469,875.2278442382812,1530.9404296875,2507.86376953125,3323.576171875,2025-12-27,2026-01-24,xgboost_direct
37,2025-12-27,2026-01-03,1,1,1899.6614990234375,1899.6614990234375,757.8,1224.2047119140625,1899.6614990234375,2215.50341796875,3639.720458984375,2025-12-27,2026-01-03,xgboost_direct
37,2025-12-27,2026-01-10,2,2,1435.7969970703125,1435.7969970703125,327.1877136230469,1049.99267578125,1435.7969970703125,2251.423095703125,4219.08056640625,2025-12-27,2026-01-10,xgboost_direct
37,2025-12-27,2026-01-17,3,3,1237.0733642578125,1237.0733642578125,294.0032653808594,868.3982543945312,1237.0733642578125,2334.59716796875,4580.732421875,2025-12-27,2026-01-17,xgboost_direct
37,2025-12-27,2026-01-24,4,4,1525.7598876953125,1525.7598876953125,267.1792907714844,797.3031616210938,1525.7598876953125,2436.489013671875,3892.27099609375,2025-12-27,2026-01-24,xgboost_direct
38,2025-12-27,2026-01-03,1,1,153.53829956054688,153.53829956054688,56.69475555419922,79.08966064453125,153.53829956054688,167.5377197265625,256.0799255371094,2025-12-27,2026-01-03,xgboost_direct
38,2025-12-27,2026-01-10,2,2,119.42654418945312,119.42654418945312,42.830657958984375,83.14928436279297,119.42654418945312,174.1577606201172,437.67730712890625,2025-12-27,2026-01-10,xgboost_direct
38,2025-12-27,2026-01-17,3,3,107.10929107666016,107.10929107666016,38.872337341308594,71.0122299194336,107.10929107666016,166.63780212402344,515.0796508789062,2025-12-27,2026-01-17,xgboost_direct
38,2025-12-27,2026-01-24,4,4,95.2613754272461,95.2613754272461,27.11988639831543,47.8358268737793,95.2613754272461,153.2267608642578,476.0075988769531,2025-12-27,2026-01-24,xgboost_direct
39,2025-12-27,2026-01-03,1,1,1561.8638916015625,1561.8638916015625,483.0,1041.5169677734375,1561.8638916015625,1666.967529296875,2482.538330078125,2025-12-27,2026-01-03,xgboost_direct
39,2025-12-27,2026-01-10,2,2,1153.9796142578125,1153.9796142578125,303.4107971191406,855.112548828125,1153.9796142578125,1711.13525390625,3209.02099609375,2025-12-27,2026-01-10,xgboost_direct
39,2025-12-27,2026-01-17,3,3,1058.434326171875,1058.434326171875,291.2407531738281,788.5404663085938,1058.434326171875,1883.8177490234375,3239.283203125,2025-12-27,2026-01-17,xgboost_direct
39,2025-12-27,2026-01-24,4,4,1274.6026611328125,1274.6026611328125,262.9621276855469,820.7747192382812,1274.6026611328125,2115.1796875,2948.523681640625,2025-12-27,2026-01-24,xgboost_direct
40,2025-12-27,2026-01-03,1,1,330.1662292480469,330.1662292480469,118.58353424072266,235.23939514160156,330.1662292480469,444.6279602050781,564.1156616210938,2025-12-27,2026-01-03,xgboost_direct
40,2025-12-27,2026-01-10,2,2,252.77752685546875,252.77752685546875,130.198486328125,243.0181121826172,252.77752685546875,383.77056884765625,1088.41259765625,2025-12-27,2026-01-10,xgboost_direct
40,2025-12-27,2026-01-17,3,3,271.4521179199219,271.4521179199219,122.13385009765625,194.97787475585938,271.4521179199219,412.3930358886719,1047.4224853515625,2025-12-27,2026-01-17,xgboost_direct
40,2025-12-27,2026-01-24,4,4,361.53387451171875,361.53387451171875,117.50670623779297,207.59866333007812,361.53387451171875,556.8800048828125,965.8528442382812,2025-12-27,2026-01-24,xgboost_direct
41,2025-12-27,2026-01-03,1,1,165.18101501464844,165.18101501464844,92.75720977783203,143.66339111328125,165.18101501464844,208.2771453857422,327.5732421875,2025-12-27,2026-01-03,xgboost_direct
41,2025-12-27,2026-01-10,2,2,167.6874237060547,167.6874237060547,95.48687744140625,139.85870361328125,167.6874237060547,265.906982421875,589.7539672851562,2025-12-27,2026-01-10,xgboost_direct
41,2025-12-27,2026-01-17,3,3,217.90921020507812,217.90921020507812,98.84224700927734,164.0803680419922,217.90921020507812,307.92144775390625,773.8148803710938,2025-12-27,2026-01-17,xgboost_direct
41,2025-12-27,2026-01-24,4,4,296.1853332519531,296.1853332519531,96.14282989501953,194.04978942871094,296.1853332519531,404.04388427734375,729.6723022460938,2025-12-27,2026-01-24,xgboost_direct
42,2025-12-27,2026-01-03,1,1,2023.031982421875,2023.031982421875,713.1,1379.8900146484375,2023.031982421875,2667.357421875,3489.677734375,2025-12-27,2026-01-03,xgboost_direct
42,2025-12-27,2026-01-10,2,2,1670.6978759765625,1670.6978759765625,328.6875305175781,1108.9287109375,1670.6978759765625,2545.2275390625,4021.802734375,2025-12-27,2026-01-10,xgboost_direct
42,2025-12-27,2026-01-17,3,3,1396.0849609375,1396.0849609375,296.5693359375,992.5948486328125,1396.0849609375,2450.345458984375,3943.607177734375,2025-12-27,2026-01-17,xgboost_direct
42,2025-12-27,2026-01-24,4,4,1678.0228271484375,1678.0228271484375,270.6287841796875,964.7732543945312,1678.0228271484375,2873.86328125,3657.9736328125,2025-12-27,2026-01-24,xgboost_direct
44,2025-12-27,2026-01-03,1,1,242.9578399658203,242.9578399658203,148.4268341064453,212.29295349121094,242.9578399658203,375.9588623046875,448.29315185546875,2025-12-27,2026-01-03,xgboost_direct
44,2025-12-27,2026-01-10,2,2,223.54739379882812,223.54739379882812,127.18647766113281,183.24179077148438,223.54739379882812,294.7740173339844,615.7205810546875,2025-12-27,2026-01-10,xgboost_direct
44,2025-12-27,2026-01-17,3,3,201.02223205566406,201.02223205566406,89.04524993896484,124.5693359375,201.02223205566406,278.41046142578125,705.48486328125,2025-12-27,2026-01-17,xgboost_direct
44,2025-12-27,2026-01-24,4,4,171.3083038330078,171.3083038330078,77.08106231689453,90.276611328125,171.3083038330078,254.07675170898438,650.760498046875,2025-12-27,2026-01-24,xgboost_direct
45,2025-12-27,2026-01-03,1,1,854.8929443359375,854.8929443359375,265.87261962890625,687.044189453125,854.8929443359375,1046.0316162109375,1533.55712890625,2025-12-27,2026-01-03,xgboost_direct
45,2025-12-27,2026-01-10,2,2,650.2255859375,650.2255859375,253.35601806640625,497.9256896972656,650.2255859375,1067.6802978515625,1501.30224609375,2025-12-27,2026-01-10,xgboost_direct
45,2025-12-27,2026-01-17,3,3,581.0640258789062,581.0640258789062,220.79550170898438,397.0704650878906,581.0640258789062,978.6969604492188,1664.2933349609375,2025-12-27,2026-01-17,xgboost_direct
45,2025-12-27,2026-01-24,4,4,729.4625854492188,729.4625854492188,209.14552307128906,436.31976318359375,729.4625854492188,1039.0205078125,1757.46337890625,2025-12-27,2026-01-24,xgboost_direct
46,2025-12-27,2026-01-03,1,1,70.40853118896484,70.40853118896484,32.67637634277344,47.81542205810547,70.40853118896484,91.40210723876953,135.4746856689453,2025-12-27,2026-01-03,xgboost_direct
46,2025-12-27,2026-01-10,2,2,81.53070068359375,81.53070068359375,35.927757263183594,59.83389663696289,81.53070068359375,109.96800231933594,261.5461730957031,2025-12-27,2026-01-10,xgboost_direct
46,2025-12-27,2026-01-17,3,3,95.8857650756836,95.8857650756836,27.505748748779297,67.40495300292969,95.8857650756836,128.6651611328125,400.4350280761719,2025-12-27,2026-01-17,xgboost_direct
46,2025-12-27,2026-01-24,4,4,90.61563873291016,90.61563873291016,25.68055534362793,69.5054931640625,90.61563873291016,152.5966339111328,422.2799072265625,2025-12-27,2026-01-24,xgboost_direct
47,2025-12-27,2026-01-03,1,1,899.5564575195312,899.5564575195312,260.91033935546875,664.3633422851562,899.5564575195312,1036.147216796875,1593.6129150390625,2025-12-27,2026-01-03,xgboost_direct
47,2025-12-27,2026-01-10,2,2,648.2821044921875,648.2821044921875,251.0702667236328,507.7845764160156,648.2821044921875,1097.91015625,1615.0953369140625,2025-12-27,2026-01-10,xgboost_direct
47,2025-12-27,2026-01-17,3,3,631.1126098632812,631.1126098632812,218.87428283691406,448.6036682128906,631.1126098632812,1150.486572265625,1937.7642822265625,2025-12-27,2026-01-17,xgboost_direct
47,2025-12-27,2026-01-24,4,4,787.6622314453125,787.6622314453125,203.66741943359375,560.6365356445312,787.6622314453125,1264.208251953125,2160.48583984375,2025-12-27,2026-01-24,xgboost_direct
48,2025-12-27,2026-01-03,1,1,2178.591064453125,2178.591064453125,849.3,1488.5162353515625,2178.591064453125,3179.144775390625,3477.488525390625,2025-12-27,2026-01-03,xgboost_direct
48,2025-12-27,2026-01-10,2,2,1742.273681640625,1742.273681640625,328.6875305175781,1183.2034912109375,1742.273681640625,2660.622314453125,3878.735107421875,2025-12-27,2026-01-10,xgboost_direct
48,2025-12-27,2026-01-17,3,3,1456.9619140625,1456.9619140625,294.3889465332031,1043.367919921875,1456.9619140625,2498.94677734375,4347.64990234375,2025-12-27,2026-01-17,xgboost_direct
48,2025-12-27,2026-01-24,4,4,1717.393798828125,1717.393798828125,271.6703186035156,1077.525146484375,1717.393798828125,2900.98779296875,4003.700927734375,2025-12-27,2026-01-24,xgboost_direct
49,2025-12-27,2026-01-03,1,1,332.7271423339844,332.7271423339844,156.8669891357422,262.9227294921875,332.7271423339844,407.15179443359375,558.2791137695312,2025-12-27,2026-01-03,xgboost_direct
49,2025-12-27,2026-01-10,2,2,280.2601013183594,280.2601013183594,156.6028289794922,232.74610900878906,280.2601013183594,336.1612854003906,920.0346069335938,2025-12-27,2026-01-10,xgboost_direct
49,2025-12-27,2026-01-17,3,3,271.281982421875,271.281982421875,137.60455322265625,215.93063354492188,271.281982421875,377.6416320800781,958.3123168945312,2025-12-27,2026-01-17,xgboost_direct
49,2025-12-27,2026-01-24,4,4,288.2983703613281,288.2983703613281,122.70854187011719,207.1806182861328,288.2983703613281,482.2503356933594,786.6065673828125,2025-12-27,2026-01-24,xgboost_direct
50,2025-12-27,2026-01-03,1,1,41.13816833496094,41.13816833496094,15.8859281539917,26.21114158630371,41.13816833496094,65.58149719238281,110.67259979248047,2025-12-27,2026-01-03,xgboost_direct
50,2025-12-27,2026-01-10,2,2,52.68775939941406,52.68775939941406,13.912121772766113,29.270103454589844,52.68775939941406,88.9084701538086,192.442138671875,2025-12-27,2026-01-10,xgboost_direct
50,2025-12-27,2026-01-17,3,3,58.779823303222656,58.779823303222656,11.790063858032227,37.95342254638672,58.779823303222656,100.73934936523438,289.77984619140625,2025-12-27,2026-01-17,xgboost_direct
50,2025-12-27,2026-01-24,4,4,51.573883056640625,51.573883056640625,9.829551696777344,33.12839126586914,51.573883056640625,120.85527038574219,352.7400207519531,2025-12-27,2026-01-24,xgboost_direct
51,2025-12-27,2026-01-03,1,1,868.6204833984375,868.6204833984375,263.4780578613281,680.8478393554688,868.6204833984375,1072.79541015625,1601.3203125,2025-12-27,2026-01-03,xgboost_direct
51,2025-12-27,2026-01-10,2,2,683.1431884765625,683.1431884765625,253.77151489257812,478.1299133300781,683.1431884765625,1112.9339599609375,1614.517578125,2025-12-27,2026-01-10,xgboost_direct
51,2025-12-27,2026-01-17,3,3,561.2158203125,561.2158203125,229.55221557617188,448.8858947753906,561.2158203125,1142.69970703125,1976.013427734375,2025-12-27,2026-01-17,xgboost_direct
51,2025-12-27,2026-01-24,4,4,753.3424072265625,753.3424072265625,215.45046997070312,520.1312866210938,753.3424072265625,1128.620849609375,2271.3515625,2025-12-27,2026-01-24,xgboost_direct
53,2025-12-27,2026-01-03,1,1,250.85353088378906,250.85353088378906,138.8245849609375,233.09121704101562,250.85353088378906,293.9509582519531,355.994140625,2025-12-27,2026-01-03,xgboost_direct
53,2025-12-27,2026-01-10,2,2,265.1455993652344,265.1455993652344,135.802734375,206.37196350097656,265.1455993652344,341.5312194824219,644.6901245117188,2025-12-27,2026-01-10,xgboost_direct
53,2025-12-27,2026-01-17,3,3,355.8154602050781,355.8154602050781,118.72982788085938,219.2831268310547,355.8154602050781,399.838623046875,838.71875,2025-12-27,2026-01-17,xgboost_direct
53,2025-12-27,2026-01-24,4,4,409.1806945800781,409.1806945800781,109.98736572265625,236.5949249267578,409.1806945800781,466.38836669921875,828.2992553710938,2025-12-27,2026-01-24,xgboost_direct
54,2025-12-27,2026-01-03,1,1,215.3037567138672,215.3037567138672,97.09001159667969,159.14028930664062,215.3037567138672,335.0970458984375,422.9452819824219,2025-12-27,2026-01-03,xgboost_direct
54,2025-12-27,2026-01-10,2,2,165.85919189453125,165.85919189453125,92.91658782958984,150.2081298828125,165.85919189453125,329.3174133300781,722.9926147460938,2025-12-27,2026-01-10,xgboost_direct
54,2025-12-27,2026-01-17,3,3,160.98626708984375,160.98626708984375,81.80390930175781,132.73135375976562,160.98626708984375,300.5972900390625,776.3946533203125,2025-12-27,2026-01-17,xgboost_direct
54,2025-12-27,2026-01-24,4,4,202.72781372070312,202.72781372070312,74.4052505493164,143.0059051513672,202.72781372070312,363.01422119140625,626.345458984375,2025-12-27,2026-01-24,xgboost_direct
55,2025-12-27,2026-01-03,1,1,826.1472778320312,826.1472778320312,252.83514404296875,636.2633056640625,826.1472778320312,980.888916015625,1432.1500244140625,2025-12-27,2026-01-03,xgboost_direct
55,2025-12-27,2026-01-10,2,2,616.2130737304688,616.2130737304688,230.450927734375,472.635498046875,616.2130737304688,894.0249633789062,1552.3731689453125,2025-12-27,2026-01-10,xgboost_direct
55,2025-12-27,2026-01-17,3,3,551.60205078125,551.60205078125,213.48255920410156,367.1913146972656,551.60205078125,814.3916625976562,1666.429931640625,2025-12-27,2026-01-17,xgboost_direct
55,2025-12-27,2026-01-24,4,4,757.2056884765625,757.2056884765625,190.90692138671875,404.24017333984375,757.2056884765625,1056.639892578125,1553.8389892578125,2025-12-27,2026-01-24,xgboost_direct
56,2025-12-27,2026-01-03,1,1,66.5682144165039,66.5682144165039,39.38716506958008,60.95761489868164,66.5682144165039,88.26007080078125,133.67396545410156,2025-12-27,2026-01-03,xgboost_direct
56,2025-12-27,2026-01-10,2,2,76.8243637084961,76.8243637084961,40.288143157958984,73.00078582763672,76.8243637084961,107.63861083984375,250.30506896972656,2025-12-27,2026-01-10,xgboost_direct
56,2025-12-27,2026-01-17,3,3,72.39798736572266,72.39798736572266,34.81027603149414,70.70425415039062,72.39798736572266,126.03205871582031,387.5972595214844,2025-12-27,2026-01-17,xgboost_direct
56,2025-12-27,2026-01-24,4,4,82.9900131225586,82.9900131225586,32.571144104003906,65.31338500976562,82.9900131225586,148.27037048339844,386.51922607421875,2025-12-27,2026-01-24,xgboost_direct
72,2025-12-27,2026-01-03,1,1,473.6698913574219,473.6698913574219,236.8468017578125,381.0896911621094,473.6698913574219,529.8251342773438,622.607177734375,2025-12-27,2026-01-03,xgboost_direct
72,2025-12-27,2026-01-10,2,2,382.6568298339844,382.6568298339844,207.26104736328125,313.0303955078125,382.6568298339844,498.4405517578125,811.9671630859375,2025-12-27,2026-01-10,xgboost_direct
72,2025-12-27,2026-01-17,3,3,395.259765625,395.259765625,169.94268798828125,296.8387756347656,395.259765625,487.6691589355469,1084.043212890625,2025-12-27,2026-01-17,xgboost_direct
72,2025-12-27,2026-01-24,4,4,422.2379455566406,422.2379455566406,145.0967559814453,308.3105773925781,422.2379455566406,578.8843994140625,1035.2647705078125,2025-12-27,2026-01-24,xgboost_direct
01,2026-01-24,2026-01-31,1,1,201.21875,201.21875,114.16996002197266,162.65345764160156,201.21875,222.1422119140625,418.0407409667969,2026-01-24,2026-01-31,xgboost_direct
01,2026-01-24,2026-02-07,2,2,181.38494873046875,181.38494873046875,92.37289428710938,150.66934204101562,181.38494873046875,212.31634521484375,424.69488525390625,2026-01-24,2026-02-07,xgboost_direct
01,2026-01-24,2026-02-14,3,3,151.25286865234375,151.25286865234375,85.8746337890625,113.96058654785156,151.25286865234375,173.4181671142578,400.97442626953125,2026-01-24,2026-02-14,xgboost_direct
01,2026-01-24,2026-02-21,4,4,108.0218505859375,108.0218505859375,63.6916389465332,104.74336242675781,108.0218505859375,160.4721221923828,371.9208679199219,2026-01-24,2026-02-21,xgboost_direct
02,2026-01-24,2026-01-31,1,1,26.11333656311035,26.11333656311035,10.743075370788574,17.454530715942383,26.11333656311035,49.0521354675293,63.645660400390625,2026-01-24,2026-01-31,xgboost_direct
02,2026-01-24,2026-02-07,2,2,24.768508911132812,24.768508911132812,7.1460700035095215,14.166796684265137,24.768508911132812,43.53306579589844,86.46031951904297,2026-01-24,2026-02-07,xgboost_direct
02,2026-01-24,2026-02-14,3,3,24.30426025390625,24.30426025390625,5.535195350646973,11.200203895568848,24.30426025390625,37.35380172729492,80.97254943847656,2026-01-24,2026-02-14,xgboost_direct
02,2026-01-24,2026-02-21,4,4,21.619136810302734,21.619136810302734,4.546667098999023,10.719622611999512,21.619136810302734,30.204408645629883,72.16449737548828,2026-01-24,2026-02-21,xgboost_direct
04,2026-01-24,2026-01-31,1,1,145.332763671875,145.332763671875,83.99449157714844,120.77627563476562,145.332763671875,156.54107666015625,317.0127868652344,2026-01-24,2026-01-31,xgboost_direct
04,2026-01-24,2026-02-07,2,2,124.76258850097656,124.76258850097656,68.0947265625,104.4639892578125,124.76258850097656,182.6525421142578,425.2105712890625,2026-01-24,2026-02-07,xgboost_direct
04,2026-01-24,2026-02-14,3,3,131.8386688232422,131.8386688232422,68.04483032226562,91.2998046875,131.8386688232422,172.4175262451172,360.1893615722656,2026-01-24,2026-02-14,xgboost_direct
04,2026-01-24,2026-02-21,4,4,88.00879669189453,88.00879669189453,50.954750061035156,72.80418395996094,88.00879669189453,154.04168701171875,343.9202575683594,2026-01-24,2026-02-21,xgboost_direct
05,2026-01-24,2026-01-31,1,1,127.73526000976562,127.73526000976562,79.7880859375,107.87612915039062,127.73526000976562,148.59194946289062,268.6101989746094,2026-01-24,2026-01-31,xgboost_direct
05,2026-01-24,2026-02-07,2,2,121.14392852783203,121.14392852783203,61.8052978515625,95.36296081542969,121.14392852783203,154.83624267578125,413.9340515136719,2026-01-24,2026-02-07,xgboost_direct
05,2026-01-24,2026-02-14,3,3,106.93637084960938,106.93637084960938,65.8790054321289,79.95506286621094,106.93637084960938,155.048095703125,349.44970703125,2026-01-24,2026-02-14,xgboost_direct
05,2026-01-24,2026-02-21,4,4,84.52825927734375,84.52825927734375,46.45559310913086,61.32207107543945,84.52825927734375,144.75184631347656,326.0184631347656,2026-01-24,2026-02-21,xgboost_direct
06,2026-01-24,2026-01-31,1,1,1283.3096923828125,1283.3096923828125,487.2,1164.963623046875,1283.3096923828125,1553.455810546875,1821.044921875,2026-01-24,2026-01-31,xgboost_direct
06,2026-01-24,2026-02-07,2,2,1264.4725341796875,1264.4725341796875,281.19940185546875,981.7423706054688,1264.4725341796875,1716.8441162109375,2068.964599609375,2026-01-24,2026-02-07,xgboost_direct
06,2026-01-24,2026-02-14,3,3,1123.4466552734375,1123.4466552734375,248.33168029785156,721.5575561523438,1123.4466552734375,1425.078857421875,1959.7593994140625,2026-01-24,2026-02-14,xgboost_direct
06,2026-01-24,2026-02-21,4,4,860.8526000976562,860.8526000976562,235.17935180664062,541.8722534179688,860.8526000976562,1396.9952392578125,1856.0745849609375,2026-01-24,2026-02-21,xgboost_direct
08,2026-01-24,2026-01-31,1,1,118.64325714111328,118.64325714111328,101.18557739257812,113.66675567626953,118.64325714111328,146.9781494140625,355.54827880859375,2026-01-24,2026-01-31,xgboost_direct
08,2026-01-24,2026-02-07,2,2,104.8519287109375,104.8519287109375,76.95539093017578,92.86084747314453,104.8519287109375,152.9803009033203,307.8039245605469,2026-01-24,2026-02-07,xgboost_direct
08,2026-01-24,2026-02-14,3,3,105.98584747314453,105.98584747314453,59.76153564453125,85.23129272460938,105.98584747314453,160.44454956054688,263.229248046875,2026-01-24,2026-02-14,xgboost_direct
08,2026-01-24,2026-02-21,4,4,84.7061767578125,84.7061767578125,52.10765075683594,77.90060424804688,84.7061767578125,134.09402465820312,288.85870361328125,2026-01-24,2026-02-21,xgboost_direct
09,2026-01-24,2026-01-31,1,1,102.9652099609375,102.9652099609375,78.29069519042969,87.82486724853516,102.9652099609375,117.56498718261719,345.6602783203125,2026-01-24,2026-01-31,xgboost_direct
09,2026-01-24,2026-02-07,2,2,74.2280502319336,74.2280502319336,64.93914031982422,65.36921691894531,74.2280502319336,120.33332824707031,308.9312744140625,2026-01-24,2026-02-07,xgboost_direct
09,2026-01-24,2026-02-14,3,3,87.66846466064453,87.66846466064453,46.10609817504883,67.0016860961914,87.66846466064453,143.24844360351562,266.2649841308594,2026-01-24,2026-02-14,xgboost_direct
09,2026-01-24,2026-02-21,4,4,70.34947967529297,70.34947967529297,47.43867874145508,62.225276947021484,70.34947967529297,116.00465393066406,276.14471435546875,2026-01-24,2026-02-21,xgboost_direct
10,2026-01-24,2026-01-31,1,1,76.91079711914062,76.91079711914062,55.164615631103516,68.30184173583984,76.91079711914062,102.86377716064453,186.13157653808594,2026-01-24,2026-01-31,xgboost_direct
10,2026-01-24,2026-02-07,2,2,57.12253189086914,57.12253189086914,40.63290786743164,54.612674713134766,57.12253189086914,103.90385437011719,268.9736328125,2026-01-24,2026-02-07,xgboost_direct
10,2026-01-24,2026-02-14,3,3,56.8591194152832,56.8591194152832,30.119140625,37.35077667236328,56.8591194152832,109.85905456542969,224.723876953125,2026-01-24,2026-02-14,xgboost_direct
10,2026-01-24,2026-02-21,4,4,55.64032745361328,55.64032745361328,18.40151023864746,30.896751403808594,55.64032745361328,88.81013488769531,226.80340576171875,2026-01-24,2026-02-21,xgboost_direct
11,2026-01-24,2026-01-31,1,1,31.47402000427246,31.47402000427246,17.439489364624023,18.343420028686523,31.47402000427246,51.35139083862305,87.111572265625,2026-01-24,2026-01-31,xgboost_direct
11,2026-01-24,2026-02-07,2,2,33.38162612915039,33.38162612915039,11.470451354980469,18.182077407836914,33.38162612915039,49.38253402709961,138.98129272460938,2026-01-24,2026-02-07,xgboost_direct
11,2026-01-24,2026-02-14,3,3,36.799560546875,36.799560546875,10.937137603759766,20.781923294067383,36.799560546875,53.51166534423828,148.67642211914062,2026-01-24,2026-02-14,xgboost_direct
11,2026-01-24,2026-02-21,4,4,25.336530685424805,25.336530685424805,10.083499908447266,20.068998336791992,25.336530685424805,55.23246765136719,137.86135864257812,2026-01-24,2026-02-21,xgboost_direct
12,2026-01-24,2026-01-31,1,1,692.1784057617188,692.1784057617188,459.9,554.817138671875,692.1784057617188,805.6375732421875,1169.7139892578125,2026-01-24,2026-01-31,xgboost_direct
12,2026-01-24,2026-02-07,2,2,519.304443359375,519.304443359375,134.53956604003906,414.6180114746094,519.304443359375,546.2545166015625,898.8623657226562,2026-01-24,2026-02-07,xgboost_direct
12,2026-01-24,2026-02-14,3,3,419.17681884765625,419.17681884765625,126.43096160888672,312.8953552246094,419.17681884765625,431.4350891113281,709.9324340820312,2026-01-24,2026-02-14,xgboost_direct
12,2026-01-24,2026-02-21,4,4,305.1973571777344,305.1973571777344,106.0191650390625,251.70811462402344,305.1973571777344,328.93994140625,543.6600341796875,2026-01-24,2026-02-21,xgboost_direct
13,2026-01-24,2026-01-31,1,1,223.6186065673828,223.6186065673828,138.81578063964844,209.67205810546875,223.6186065673828,281.8139343261719,486.11322021484375,2026-01-24,2026-01-31,xgboost_direct
13,2026-01-24,2026-02-07,2,2,228.50306701660156,228.50306701660156,110.84025573730469,194.3236083984375,228.50306701660156,243.81983947753906,441.24652099609375,2026-01-24,2026-02-07,xgboost_direct
13,2026-01-24,2026-02-14,3,3,172.10134887695312,172.10134887695312,70.04749298095703,128.5863494873047,172.10134887695312,200.98379516601562,377.57952880859375,2026-01-24,2026-02-14,xgboost_direct
13,2026-01-24,2026-02-21,4,4,134.5528106689453,134.5528106689453,67.53555297851562,133.6516876220703,134.5528106689453,167.27626037597656,398.48040771484375,2026-01-24,2026-02-21,xgboost_direct
15,2026-01-24,2026-01-31,1,1,36.99441909790039,36.99441909790039,24.268569946289062,31.186185836791992,36.99441909790039,61.09159469604492,102.60147857666016,2026-01-24,2026-01-31,xgboost_direct
15,2026-01-24,2026-02-07,2,2,37.92919158935547,37.92919158935547,15.08598518371582,23.15288734436035,37.92919158935547,55.16801452636719,158.82980346679688,2026-01-24,2026-02-07,xgboost_direct
15,2026-01-24,2026-02-14,3,3,38.994239807128906,38.994239807128906,13.952885627746582,24.06515121459961,38.994239807128906,57.08064270019531,172.7352752685547,2026-01-24,2026-02-14,xgboost_direct
15,2026-01-24,2026-02-21,4,4,34.521121978759766,34.521121978759766,12.843452453613281,25.893957138061523,34.521121978759766,64.76084899902344,157.57662963867188,2026-01-24,2026-02-21,xgboost_direct
16,2026-01-24,2026-01-31,1,1,80.74182891845703,80.74182891845703,52.4615478515625,73.78081512451172,80.74182891845703,99.4043197631836,198.54049682617188,2026-01-24,2026-01-31,xgboost_direct
16,2026-01-24,2026-02-07,2,2,56.82147216796875,56.82147216796875,39.04912567138672,54.61161422729492,56.82147216796875,104.87519836425781,290.552490234375,2026-01-24,2026-02-07,xgboost_direct
16,2026-01-24,2026-02-14,3,3,61.03279113769531,61.03279113769531,31.616395950317383,43.665409088134766,61.03279113769531,115.14112091064453,243.66392517089844,2026-01-24,2026-02-14,xgboost_direct
16,2026-01-24,2026-02-21,4,4,54.42387008666992,54.42387008666992,21.641794204711914,35.41487503051758,54.42387008666992,97.21984100341797,232.6044921875,2026-01-24,2026-02-21,xgboost_direct
17,2026-01-24,2026-01-31,1,1,467.7362060546875,467.7362060546875,196.2,401.93585205078125,467.7362060546875,497.36669921875,674.7665405273438,2026-01-24,2026-01-31,xgboost_direct
17,2026-01-24,2026-02-07,2,2,311.1463317871094,311.1463317871094,129.28448486328125,299.30560302734375,311.1463317871094,333.1178894042969,616.04736328125,2026-01-24,2026-02-07,xgboost_direct
17,2026-01-24,2026-02-14,3,3,248.1253662109375,248.1253662109375,96.06781768798828,202.4995574951172,248.1253662109375,286.1177978515625,497.6248474121094,2026-01-24,2026-02-14,xgboost_direct
17,2026-01-24,2026-02-21,4,4,206.31748962402344,206.31748962402344,88.23228454589844,185.05064392089844,206.31748962402344,221.07943725585938,468.9460754394531,2026-01-24,2026-02-21,xgboost_direct
18,2026-01-24,2026-01-31,1,1,195.87245178222656,195.87245178222656,145.3994140625,187.11614990234375,195.87245178222656,248.40171813964844,445.8316650390625,2026-01-24,2026-01-31,xgboost_direct
18,2026-01-24,2026-02-07,2,2,171.8332977294922,171.8332977294922,108.33270263671875,154.09884643554688,171.8332977294922,226.92672729492188,447.43402099609375,2026-01-24,2026-02-07,xgboost_direct
18,2026-01-24,2026-02-14,3,3,133.22384643554688,133.22384643554688,68.69002532958984,101.8599624633789,133.22384643554688,203.2533721923828,392.8502502441406,2026-01-24,2026-02-14,xgboost_direct
18,2026-01-24,2026-02-21,4,4,118.48606872558594,118.48606872558594,67.54754638671875,107.06486511230469,118.48606872558594,156.58682250976562,399.927490234375,2026-01-24,2026-02-21,xgboost_direct
19,2026-01-24,2026-01-31,1,1,164.2601776123047,164.2601776123047,103.16543579101562,121.99618530273438,164.2601776123047,212.22157287597656,402.3030090332031,2026-01-24,2026-01-31,xgboost_direct
19,2026-01-24,2026-02-07,2,2,127.56392669677734,127.56392669677734,72.13265228271484,104.48707580566406,127.56392669677734,193.52130126953125,431.99261474609375,2026-01-24,2026-02-07,xgboost_direct
19,2026-01-24,2026-02-14,3,3,114.69412231445312,114.69412231445312,64.76304626464844,85.88482666015625,114.69412231445312,180.11453247070312,425.40716552734375,2026-01-24,2026-02-14,xgboost_direct
19,2026-01-24,2026-02-21,4,4,83.37831115722656,83.37831115722656,50.039180755615234,54.84128189086914,83.37831115722656,157.4556884765625,409.0793762207031,2026-01-24,2026-02-21,xgboost_direct
20,2026-01-24,2026-01-31,1,1,157.13278198242188,157.13278198242188,86.62992858886719,106.84737396240234,157.13278198242188,167.8813934326172,331.5099182128906,2026-01-24,2026-01-31,xgboost_direct
20,2026-01-24,2026-02-07,2,2,135.59278869628906,135.59278869628906,62.47633743286133,101.65608215332031,135.59278869628906,193.2584228515625,431.0735778808594,2026-01-24,2026-02-07,xgboost_direct
20,2026-01-24,2026-02-14,3,3,107.15605926513672,107.15605926513672,64.74219512939453,79.33100128173828,107.15605926513672,178.13990783691406,384.6417541503906,2026-01-24,2026-02-14,xgboost_direct
20,2026-01-24,2026-02-21,4,4,69.20352935791016,69.20352935791016,39.0190315246582,52.13210678100586,69.20352935791016,150.60325622558594,369.9444580078125,2026-01-24,2026-02-21,xgboost_direct
21,2026-01-24,2026-01-31,1,1,178.05279541015625,178.05279541015625,135.37820434570312,171.08265686035156,178.05279541015625,231.4256134033203,468.1492004394531,2026-01-24,2026-01-31,xgboost_direct
21,2026-01-24,2026-02-07,2,2,158.03794860839844,158.03794860839844,103.07284545898438,150.49832153320312,158.03794860839844,188.80648803710938,443.78729248046875,2026-01-24,2026-02-07,xgboost_direct
21,2026-01-24,2026-02-14,3,3,134.13455200195312,134.13455200195312,80.47425842285156,113.12041473388672,134.13455200195312,191.8326416015625,452.31842041015625,2026-01-24,2026-02-14,xgboost_direct
21,2026-01-24,2026-02-21,4,4,109.98350524902344,109.98350524902344,61.393672943115234,84.47676086425781,109.98350524902344,164.70774841308594,403.7187805175781,2026-01-24,2026-02-21,xgboost_direct
22,2026-01-24,2026-01-31,1,1,268.90179443359375,268.90179443359375,156.6239471435547,223.7061309814453,268.90179443359375,281.0957946777344,489.82672119140625,2026-01-24,2026-01-31,xgboost_direct
22,2026-01-24,2026-02-07,2,2,206.47640991210938,206.47640991210938,111.89918518066406,206.4437713623047,206.47640991210938,234.84466552734375,521.1318969726562,2026-01-24,2026-02-07,xgboost_direct
22,2026-01-24,2026-02-14,3,3,182.23721313476562,182.23721313476562,101.11154174804688,138.07830810546875,182.23721313476562,213.112548828125,466.9487609863281,2026-01-24,2026-02-14,xgboost_direct
22,2026-01-24,2026-02-21,4,4,129.7637939453125,129.7637939453125,83.67794799804688,123.41956329345703,129.7637939453125,175.24851989746094,455.1724548339844,2026-01-24,2026-02-21,xgboost_direct
23,2026-01-24,2026-01-31,1,1,51.83876419067383,51.83876419067383,45.31452560424805,51.49845504760742,51.83876419067383,86.5864028930664,167.8163299560547,2026-01-24,2026-01-31,xgboost_direct
23,2026-01-24,2026-02-07,2,2,45.97138214111328,45.97138214111328,28.889057159423828,36.4903678894043,45.97138214111328,87.399169921875,231.81617736816406,2026-01-24,2026-02-07,xgboost_direct
23,2026-01-24,2026-02-14,3,3,45.534366607666016,45.534366607666016,23.75216293334961,30.78805923461914,45.534366607666016,92.29225158691406,171.7294921875,2026-01-24,2026-02-14,xgboost_direct
23,2026-01-24,2026-02-21,4,4,39.863441467285156,39.863441467285156,15.340241432189941,26.00589942932129,39.863441467285156,72.99948120117188,169.2764129638672,2026-01-24,2026-02-21,xgboost_direct
24,2026-01-24,2026-01-31,1,1,138.34576416015625,138.34576416015625,98.50005340576172,118.98290252685547,138.34576416015625,157.09327697753906,365.52825927734375,2026-01-24,2026-01-31,xgboost_direct
24,2026-01-24,2026-02-07,2,2,89.8808364868164,89.8808364868164,72.94142150878906,86.55086517333984,89.8808364868164,145.135498046875,323.2618408203125,2026-01-24,2026-02-07,xgboost_direct
24,2026-01-24,2026-02-14,3,3,99.81228637695312,99.81228637695312,56.799556732177734,83.69364929199219,99.81228637695312,156.44471740722656,280.96978759765625,2026-01-24,2026-02-14,xgboost_direct
24,2026-01-24,2026-02-21,4,4,88.82088470458984,88.82088470458984,52.50884246826172,86.81410217285156,88.82088470458984,123.23506927490234,298.266357421875,2026-01-24,2026-02-21,xgboost_direct
25,2026-01-24,2026-01-31,1,1,197.78823852539062,197.78823852539062,122.79115295410156,188.16036987304688,197.78823852539062,237.88954162597656,406.4564208984375,2026-01-24,2026-01-31,xgboost_direct
25,2026-01-24,2026-02-07,2,2,154.82472229003906,154.82472229003906,104.26598358154297,128.27862548828125,154.82472229003906,200.0929412841797,389.2417297363281,2026-01-24,2026-02-07,xgboost_direct
25,2026-01-24,2026-02-14,3,3,157.37901306152344,157.37901306152344,72.75566864013672,108.50848388671875,157.37901306152344,187.85899353027344,345.6877136230469,2026-01-24,2026-02-14,xgboost_direct
25,2026-01-24,2026-02-21,4,4,117.11152648925781,117.11152648925781,66.98336791992188,116.34805297851562,117.11152648925781,149.24168395996094,334.46844482421875,2026-01-24,2026-02-21,xgboost_direct
26,2026-01-24,2026-01-31,1,1,264.0845947265625,264.0845947265625,155.5865478515625,251.14732360839844,264.0845947265625,296.11065673828125,521.3356323242188,2026-01-24,2026-01-31,xgboost_direct
26,2026-01-24,2026-02-07,2,2,207.32838439941406,207.32838439941406,118.35122680664062,173.9677734375,207.32838439941406,250.90084838867188,465.5727233886719,2026-01-24,2026-02-07,xgboost_direct
26,2026-01-24,2026-02-14,3,3,189.67779541015625,189.67779541015625,89.06951141357422,133.51866149902344,189.67779541015625,221.72474670410156,413.0422668457031,2026-01-24,2026-02-14,xgboost_direct
26,2026-01-24,2026-02-21,4,4,144.5741729736328,144.5741729736328,76.63958740234375,133.29029846191406,144.5741729736328,196.7013397216797,414.08978271484375,2026-01-24,2026-02-21,xgboost_direct
27,2026-01-24,2026-01-31,1,1,214.00796508789062,214.00796508789062,144.3826446533203,207.26144409179688,214.00796508789062,258.8497009277344,449.03717041015625,2026-01-24,2026-01-31,xgboost_direct
27,2026-01-24,2026-02-07,2,2,187.18011474609375,187.18011474609375,114.82986450195312,167.33203125,187.18011474609375,228.61155700683594,413.32568359375,2026-01-24,2026-02-07,xgboost_direct
27,2026-01-24,2026-02-14,3,3,143.994384765625,143.994384765625,70.49156188964844,98.19648742675781,143.994384765625,201.5836639404297,393.0921936035156,2026-01-24,2026-02-14,xgboost_direct
27,2026-01-24,2026-02-21,4,4,112.92684936523438,112.92684936523438,65.97525787353516,109.33626556396484,112.92684936523438,165.64808654785156,397.4897766113281,2026-01-24,2026-02-21,xgboost_direct
28,2026-01-24,2026-01-31,1,1,84.96087646484375,84.96087646484375,59.763710021972656,82.96702575683594,84.96087646484375,115.12921905517578,226.95498657226562,2026-01-24,2026-01-31,xgboost_direct
28,2026-01-24,2026-02-07,2,2,79.33850860595703,79.33850860595703,51.82076644897461,77.67091369628906,79.33850860595703,129.58932495117188,324.3697204589844,2026-01-24,2026-02-07,xgboost_direct
28,2026-01-24,2026-02-14,3,3,92.92791748046875,92.92791748046875,46.11598205566406,56.442508697509766,92.92791748046875,138.61419677734375,304.4198303222656,2026-01-24,2026-02-14,xgboost_direct
28,2026-01-24,2026-02-21,4,4,71.30628204345703,71.30628204345703,33.884395599365234,48.26373291015625,71.30628204345703,136.5980682373047,300.5964050292969,2026-01-24,2026-02-21,xgboost_direct
29,2026-01-24,2026-01-31,1,1,295.9009094238281,295.9009094238281,164.99942016601562,263.6544189453125,295.9009094238281,343.6228332519531,640.6179809570312,2026-01-24,2026-01-31,xgboost_direct
29,2026-01-24,2026-02-07,2,2,203.6349334716797,203.6349334716797,123.76306915283203,195.392578125,203.6349334716797,252.47772216796875,573.5179443359375,2026-01-24,2026-02-07,xgboost_direct
29,2026-01-24,2026-02-14,3,3,183.45338439941406,183.45338439941406,115.22577667236328,158.9835968017578,183.45338439941406,232.43601989746094,540.447021484375,2026-01-24,2026-02-14,xgboost_direct
29,2026-01-24,2026-02-21,4,4,152.7706756591797,152.7706756591797,96.35043334960938,130.86526489257812,152.7706756591797,210.64913940429688,476.2032470703125,2026-01-24,2026-02-21,xgboost_direct
30,2026-01-24,2026-01-31,1,1,52.16178512573242,52.16178512573242,32.54680252075195,41.74317169189453,52.16178512573242,73.50223541259766,141.6932373046875,2026-01-24,2026-01-31,xgboost_direct
30,2026-01-24,2026-02-07,2,2,40.33988571166992,40.33988571166992,22.359323501586914,26.149049758911133,40.33988571166992,71.48693084716797,198.98675537109375,2026-01-24,2026-02-07,xgboost_direct
30,2026-01-24,2026-02-14,3,3,41.22359085083008,41.22359085083008,13.789955139160156,18.95551300048828,41.22359085083008,63.40800476074219,160.9479522705078,2026-01-24,2026-02-14,xgboost_direct
30,2026-01-24,2026-02-21,4,4,38.419368743896484,38.419368743896484,12.388943672180176,17.73911476135254,38.419368743896484,59.591556549072266,164.85398864746094,2026-01-24,2026-02-21,xgboost_direct
31,2026-01-24,2026-01-31,1,1,107.1399154663086,107.1399154663086,65.60264587402344,85.7341079711914,107.1399154663086,131.18890380859375,230.7211456298828,2026-01-24,2026-01-31,xgboost_direct
31,2026-01-24,2026-02-07,2,2,94.0335693359375,94.0335693359375,46.54832458496094,72.3601303100586,94.0335693359375,141.59938049316406,360.5491638183594,2026-01-24,2026-02-07,xgboost_direct
31,2026-01-24,2026-02-14,3,3,95.82355499267578,95.82355499267578,51.88722610473633,65.65687561035156,95.82355499267578,146.60731506347656,317.37481689453125,2026-01-24,2026-02-14,xgboost_direct
31,2026-01-24,2026-02-21,4,4,62.844154357910156,62.844154357910156,33.672828674316406,43.43854522705078,62.844154357910156,134.94871520996094,314.1063232421875,2026-01-24,2026-02-21,xgboost_direct
32,2026-01-24,2026-01-31,1,1,73.85444641113281,73.85444641113281,51.64259338378906,61.19219207763672,73.85444641113281,94.0153579711914,183.0543212890625,2026-01-24,2026-01-31,xgboost_direct
32,2026-01-24,2026-02-07,2,2,61.51094436645508,61.51094436645508,42.422550201416016,51.59219741821289,61.51094436645508,108.21150207519531,257.44482421875,2026-01-24,2026-02-07,xgboost_direct
32,2026-01-24,2026-02-14,3,3,70.84574127197266,70.84574127197266,31.735200881958008,41.699729919433594,70.84574127197266,113.38272857666016,203.92572021484375,2026-01-24,2026-02-14,xgboost_direct
32,2026-01-24,2026-02-21,4,4,41.644100189208984,41.644100189208984,22.01371955871582,32.33076095581055,41.644100189208984,92.65135955810547,217.85128784179688,2026-01-24,2026-02-21,xgboost_direct
33,2026-01-24,2026-01-31,1,1,83.7110595703125,83.7110595703125,60.91488265991211,72.51704406738281,83.7110595703125,111.70060729980469,235.03704833984375,2026-01-24,2026-01-31,xgboost_direct
33,2026-01-24,2026-02-07,2,2,59.18895721435547,59.18895721435547,43.37385559082031,53.24135971069336,59.18895721435547,114.409423828125,285.7156982421875,2026-01-24,2026-02-07,xgboost_direct
33,2026-01-24,2026-02-14,3,3,72.10375213623047,72.10375213623047,32.010406494140625,41.02919387817383,72.10375213623047,127.46403503417969,260.11785888671875,2026-01-24,2026-02-14,xgboost_direct
33,2026-01-24,2026-02-21,4,4,54.313720703125,54.313720703125,22.055198669433594,32.0460319519043,54.313720703125,110.99282836914062,260.636474609375,2026-01-24,2026-02-21,xgboost_direct
34,2026-01-24,2026-01-31,1,1,269.6442565917969,269.6442565917969,134.57769775390625,247.44561767578125,269.6442565917969,312.0082702636719,500.2666931152344,2026-01-24,2026-01-31,xgboost_direct
34,2026-01-24,2026-02-07,2,2,192.92440795898438,192.92440795898438,109.0411376953125,168.52597045898438,192.92440795898438,234.3566436767578,456.9486999511719,2026-01-24,2026-02-07,xgboost_direct
34,2026-01-24,2026-02-14,3,3,199.9492645263672,199.9492645263672,82.60661315917969,138.74533081054688,199.9492645263672,215.92453002929688,390.0156555175781,2026-01-24,2026-02-14,xgboost_direct
34,2026-01-24,2026-02-21,4,4,147.1663818359375,147.1663818359375,69.38429260253906,131.16464233398438,147.1663818359375,208.41250610351562,387.5450134277344,2026-01-24,2026-02-21,xgboost_direct
35,2026-01-24,2026-01-31,1,1,91.34153747558594,91.34153747558594,67.28063201904297,85.49052429199219,91.34153747558594,132.07177734375,274.2040100097656,2026-01-24,2026-01-31,xgboost_direct
35,2026-01-24,2026-02-07,2,2,92.4379653930664,92.4379653930664,50.03285217285156,64.32543182373047,92.4379653930664,143.15850830078125,279.0158386230469,2026-01-24,2026-02-07,xgboost_direct
35,2026-01-24,2026-02-14,3,3,92.42098999023438,92.42098999023438,43.662925720214844,50.31361389160156,92.42098999023438,135.11878967285156,253.1185302734375,2026-01-24,2026-02-14,xgboost_direct
35,2026-01-24,2026-02-21,4,4,61.033973693847656,61.033973693847656,26.12168312072754,41.06534194946289,61.033973693847656,123.58935546875,259.41259765625,2026-01-24,2026-02-21,xgboost_direct
36,2026-01-24,2026-01-31,1,1,329.8939208984375,329.8939208984375,207.6,292.4801330566406,329.8939208984375,557.6748657226562,615.880859375,2026-01-24,2026-01-31,xgboost_direct
36,2026-01-24,2026-02-07,2,2,252.00242614746094,252.00242614746094,107.80694580078125,193.80868530273438,252.00242614746094,303.5684814453125,603.2651977539062,2026-01-24,2026-02-07,xgboost_direct
36,2026-01-24,2026-02-14,3,3,266.7091064453125,266.7091064453125,85.12141418457031,169.76988220214844,266.7091064453125,276.842041015625,412.5213928222656,2026-01-24,2026-02-14,xgboost_direct
36,2026-01-24,2026-02-21,4,4,210.67750549316406,210.67750549316406,72.7590103149414,160.37835693359375,210.67750549316406,253.0005340576172,384.2344665527344,2026-01-24,2026-02-21,xgboost_direct
37,2026-01-24,2026-01-31,1,1,372.86968994140625,372.86968994140625,157.79999999999998,301.4618225097656,372.86968994140625,456.82684326171875,554.882080078125,2026-01-24,2026-01-31,xgboost_direct
37,2026-01-24,2026-02-07,2,2,292.61492919921875,292.61492919921875,111.7092056274414,225.34922790527344,292.61492919921875,294.5677490234375,508.57196044921875,2026-01-24,2026-02-07,xgboost_direct
37,2026-01-24,2026-02-14,3,3,257.7106628417969,257.7106628417969,87.87376403808594,170.74778747558594,257.7106628417969,273.8594970703125,418.46417236328125,2026-01-24,2026-02-14,xgboost_direct
37,2026-01-24,2026-02-21,4,4,186.4521026611328,186.4521026611328,72.37206268310547,145.1248321533203,186.4521026611328,250.31704711914062,420.17718505859375,2026-01-24,2026-02-21,xgboost_direct
38,2026-01-24,2026-01-31,1,1,64.73538970947266,64.73538970947266,39.38370132446289,55.89892578125,64.73538970947266,90.11315155029297,159.55126953125,2026-01-24,2026-01-31,xgboost_direct
38,2026-01-24,2026-02-07,2,2,47.96873092651367,47.96873092651367,27.234926223754883,42.63727951049805,47.96873092651367,86.862060546875,256.1554260253906,2026-01-24,2026-02-07,xgboost_direct
38,2026-01-24,2026-02-14,3,3,52.91136932373047,52.91136932373047,21.76774787902832,30.69091033935547,52.91136932373047,92.68025207519531,215.67031860351562,2026-01-24,2026-02-14,xgboost_direct
38,2026-01-24,2026-02-21,4,4,40.695228576660156,40.695228576660156,15.115723609924316,28.000612258911133,40.695228576660156,88.39620208740234,191.5885772705078,2026-01-24,2026-02-21,xgboost_direct
39,2026-01-24,2026-01-31,1,1,477.4349670410156,477.4349670410156,217.2,450.92352294921875,477.4349670410156,500.0948791503906,680.3622436523438,2026-01-24,2026-01-31,xgboost_direct
39,2026-01-24,2026-02-07,2,2,355.0562438964844,355.0562438964844,128.73306274414062,326.2718200683594,355.0562438964844,362.66845703125,614.4732055664062,2026-01-24,2026-02-07,xgboost_direct
39,2026-01-24,2026-02-14,3,3,292.0695495605469,292.0695495605469,96.5851821899414,218.3768310546875,292.0695495605469,302.73626708984375,514.5164184570312,2026-01-24,2026-02-14,xgboost_direct
39,2026-01-24,2026-02-21,4,4,226.9990234375,226.9990234375,86.6422119140625,197.42666625976562,226.9990234375,245.92172241210938,479.2674255371094,2026-01-24,2026-02-21,xgboost_direct
40,2026-01-24,2026-01-31,1,1,107.93907165527344,107.93907165527344,65.49301147460938,85.39620971679688,107.93907165527344,148.46253967285156,258.5064697265625,2026-01-24,2026-01-31,xgboost_direct
40,2026-01-24,2026-02-07,2,2,100.65080261230469,100.65080261230469,52.821434020996094,75.02301025390625,100.65080261230469,152.56822204589844,362.3926696777344,2026-01-24,2026-02-07,xgboost_direct
40,2026-01-24,2026-02-14,3,3,101.14933013916016,101.14933013916016,52.72203826904297,68.07440185546875,101.14933013916016,161.46385192871094,344.3794250488281,2026-01-24,2026-02-14,xgboost_direct
40,2026-01-24,2026-02-21,4,4,77.76708221435547,77.76708221435547,43.4296760559082,60.80665588378906,77.76708221435547,148.60592651367188,332.1442565917969,2026-01-24,2026-02-21,xgboost_direct
41,2026-01-24,2026-01-31,1,1,231.0571746826172,231.0571746826172,168.39141845703125,206.86459350585938,231.0571746826172,243.4280242919922,371.4108581542969,2026-01-24,2026-01-31,xgboost_direct
41,2026-01-24,2026-02-07,2,2,270.06414794921875,270.06414794921875,134.1567840576172,176.78057861328125,270.06414794921875,288.87335205078125,588.5604858398438,2026-01-24,2026-02-07,xgboost_direct
41,2026-01-24,2026-02-14,3,3,313.2783203125,313.2783203125,140.8805694580078,213.60122680664062,313.2783203125,367.9364929199219,684.8949584960938,2026-01-24,2026-02-14,xgboost_direct
41,2026-01-24,2026-02-21,4,4,242.6438446044922,242.6438446044922,114.77227020263672,186.16494750976562,242.6438446044922,323.7969665527344,638.5979614257812,2026-01-24,2026-02-21,xgboost_direct
42,2026-01-24,2026-01-31,1,1,427.0197448730469,427.0197448730469,369.9,377.1396789550781,427.0197448730469,647.2395629882812,788.8195190429688,2026-01-24,2026-01-31,xgboost_direct
42,2026-01-24,2026-02-07,2,2,327.7920227050781,327.7920227050781,119.36872863769531,251.6945037841797,327.7920227050781,382.6961669921875,773.4609985351562,2026-01-24,2026-02-07,xgboost_direct
42,2026-01-24,2026-02-14,3,3,283.0512390136719,283.0512390136719,93.64031982421875,204.63479614257812,283.0512390136719,348.99713134765625,527.8544921875,2026-01-24,2026-02-14,xgboost_direct
42,2026-01-24,2026-02-21,4,4,229.43450927734375,229.43450927734375,79.93247985839844,158.22764587402344,229.43450927734375,312.7084655761719,440.7242736816406,2026-01-24,2026-02-21,xgboost_direct
44,2026-01-24,2026-01-31,1,1,48.35798645019531,48.35798645019531,30.843341827392578,39.1314697265625,48.35798645019531,66.92977142333984,178.32664489746094,2026-01-24,2026-01-31,xgboost_direct
44,2026-01-24,2026-02-07,2,2,35.422752380371094,35.422752380371094,21.97437858581543,29.08624839782715,35.422752380371094,63.129249572753906,221.18038940429688,2026-01-24,2026-02-07,xgboost_direct
44,2026-01-24,2026-02-14,3,3,38.41058349609375,38.41058349609375,15.791735649108887,18.996597290039062,38.41058349609375,64.9061279296875,148.09033203125,2026-01-24,2026-02-14,xgboost_direct
44,2026-01-24,2026-02-21,4,4,34.41958999633789,34.41958999633789,13.636210441589355,23.08662223815918,34.41958999633789,62.596221923828125,156.42227172851562,2026-01-24,2026-02-21,xgboost_direct
45,2026-01-24,2026-01-31,1,1,165.21841430664062,165.21841430664062,123.4732666015625,144.14498901367188,165.21841430664062,193.77757263183594,398.8051452636719,2026-01-24,2026-01-31,xgboost_direct
45,2026-01-24,2026-02-07,2,2,131.16905212402344,131.16905212402344,92.11172485351562,121.6881332397461,131.16905212402344,180.5755157470703,361.03582763671875,2026-01-24,2026-02-07,xgboost_direct
45,2026-01-24,2026-02-14,3,3,123.92642211914062,123.92642211914062,61.304954528808594,93.96625518798828,123.92642211914062,171.70651245117188,325.2170104980469,2026-01-24,2026-02-14,xgboost_direct
45,2026-01-24,2026-02-21,4,4,97.25431823730469,97.25431823730469,61.04811477661133,96.4085693359375,97.25431823730469,150.7223663330078,349.046875,2026-01-24,2026-02-21,xgboost_direct
46,2026-01-24,2026-01-31,1,1,58.66158676147461,58.66158676147461,32.9833869934082,38.521209716796875,58.66158676147461,82.12767791748047,149.36868286132812,2026-01-24,2026-01-31,xgboost_direct
46,2026-01-24,2026-02-07,2,2,47.59917068481445,47.59917068481445,24.659334182739258,35.024478912353516,47.59917068481445,80.59225463867188,208.03578186035156,2026-01-24,2026-02-07,xgboost_direct
46,2026-01-24,2026-02-14,3,3,42.72629165649414,42.72629165649414,19.272029876708984,29.836631774902344,42.72629165649414,82.92584228515625,214.50363159179688,2026-01-24,2026-02-14,xgboost_direct
46,2026-01-24,2026-02-21,4,4,39.315799713134766,39.315799713134766,20.699378967285156,25.89553451538086,39.315799713134766,80.52513122558594,214.60939025878906,2026-01-24,2026-02-21,xgboost_direct
47,2026-01-24,2026-01-31,1,1,202.24256896972656,202.24256896972656,143.76669311523438,201.2625274658203,202.24256896972656,273.7170715332031,490.9960021972656,2026-01-24,2026-01-31,xgboost_direct
47,2026-01-24,2026-02-07,2,2,170.07363891601562,170.07363891601562,111.5429916381836,165.3416290283203,170.07363891601562,215.99984741210938,455.08587646484375,2026-01-24,2026-02-07,xgboost_direct
47,2026-01-24,2026-02-14,3,3,146.65194702148438,146.65194702148438,75.52853393554688,114.36744689941406,146.65194702148438,209.0751953125,456.7864685058594,2026-01-24,2026-02-14,xgboost_direct
47,2026-01-24,2026-02-21,4,4,120.61982727050781,120.61982727050781,74.58055877685547,120.17045593261719,120.61982727050781,162.188720703125,423.2166748046875,2026-01-24,2026-02-21,xgboost_direct
48,2026-01-24,2026-01-31,1,1,759.8336181640625,759.8336181640625,413.7,617.1753540039062,759.8336181640625,890.202392578125,1091.798583984375,2026-01-24,2026-01-31,xgboost_direct
48,2026-01-24,2026-02-07,2,2,506.0335388183594,506.0335388183594,154.44223022460938,489.1211242675781,506.0335388183594,509.4092102050781,920.9485473632812,2026-01-24,2026-02-07,xgboost_direct
48,2026-01-24,2026-02-14,3,3,396.7209777832031,396.7209777832031,140.65951538085938,358.3109436035156,396.7209777832031,407.7228088378906,654.3334350585938,2026-01-24,2026-02-14,xgboost_direct
48,2026-01-24,2026-02-21,4,4,297.8057861328125,297.8057861328125,121.89904022216797,283.1046142578125,297.8057861328125,303.5516357421875,550.2887573242188,2026-01-24,2026-02-21,xgboost_direct
49,2026-01-24,2026-01-31,1,1,60.619144439697266,60.619144439697266,42.8485107421875,54.3690299987793,60.619144439697266,78.54749298095703,187.5278778076172,2026-01-24,2026-01-31,xgboost_direct
49,2026-01-24,2026-02-07,2,2,56.313751220703125,56.313751220703125,31.707233428955078,46.16852569580078,56.313751220703125,89.99851989746094,230.86163330078125,2026-01-24,2026-02-07,xgboost_direct
49,2026-01-24,2026-02-14,3,3,64.46263122558594,64.46263122558594,26.820608139038086,35.424930572509766,64.46263122558594,85.40255737304688,153.9701385498047,2026-01-24,2026-02-14,xgboost_direct
49,2026-01-24,2026-02-21,4,4,42.99958419799805,42.99958419799805,19.761728286743164,32.403533935546875,42.99958419799805,86.31352233886719,171.2693634033203,2026-01-24,2026-02-21,xgboost_direct
50,2026-01-24,2026-01-31,1,1,29.347257614135742,29.347257614135742,13.552555084228516,20.316164016723633,29.347257614135742,40.309410095214844,66.6104965209961,2026-01-24,2026-01-31,xgboost_direct
50,2026-01-24,2026-02-07,2,2,28.32152557373047,28.32152557373047,11.230525016784668,16.742399215698242,28.32152557373047,44.71626663208008,70.07819366455078,2026-01-24,2026-02-07,xgboost_direct
50,2026-01-24,2026-02-14,3,3,31.788402557373047,31.788402557373047,9.740086555480957,14.959321975708008,31.788402557373047,41.298362731933594,99.24138641357422,2026-01-24,2026-02-14,xgboost_direct
50,2026-01-24,2026-02-21,4,4,30.434476852416992,30.434476852416992,8.769624710083008,13.586304664611816,30.434476852416992,42.0577392578125,119.64189910888672,2026-01-24,2026-02-21,xgboost_direct
51,2026-01-24,2026-01-31,1,1,310.0469970703125,310.0469970703125,156.1165313720703,306.9178771972656,310.0469970703125,345.8191833496094,608.5030517578125,2026-01-24,2026-01-31,xgboost_direct
51,2026-01-24,2026-02-07,2,2,259.3978271484375,259.3978271484375,130.85317993164062,222.45907592773438,259.3978271484375,264.4471130371094,546.8751831054688,2026-01-24,2026-02-07,xgboost_direct
51,2026-01-24,2026-02-14,3,3,211.59913635253906,211.59913635253906,113.14044189453125,182.13397216796875,211.59913635253906,233.25570678710938,481.5933837890625,2026-01-24,2026-02-14,xgboost_direct
51,2026-01-24,2026-02-21,4,4,149.8175506591797,149.8175506591797,86.09139251708984,136.2945556640625,149.8175506591797,204.57479858398438,477.7724914550781,2026-01-24,2026-02-21,xgboost_direct
53,2026-01-24,2026-01-31,1,1,227.08067321777344,227.08067321777344,142.4100799560547,173.54212951660156,227.08067321777344,258.15972900390625,335.9198913574219,2026-01-24,2026-01-31,xgboost_direct
53,2026-01-24,2026-02-07,2,2,222.69139099121094,222.69139099121094,117.46749877929688,158.99717712402344,222.69139099121094,277.2054443359375,491.363525390625,2026-01-24,2026-02-07,xgboost_direct
53,2026-01-24,2026-02-14,3,3,210.3072967529297,210.3072967529297,108.50957489013672,153.3666229248047,210.3072967529297,320.5157470703125,607.7730712890625,2026-01-24,2026-02-14,xgboost_direct
53,2026-01-24,2026-02-21,4,4,181.43130493164062,181.43130493164062,82.53628540039062,126.31780242919922,181.43130493164062,283.4493408203125,663.913330078125,2026-01-24,2026-02-21,xgboost_direct
54,2026-01-24,2026-01-31,1,1,111.192138671875,111.192138671875,79.30908966064453,91.47019958496094,111.192138671875,153.91915893554688,257.1758117675781,2026-01-24,2026-01-31,xgboost_direct
54,2026-01-24,2026-02-07,2,2,96.74659729003906,96.74659729003906,49.40901565551758,81.2450942993164,96.74659729003906,148.84774780273438,345.6134948730469,2026-01-24,2026-02-07,xgboost_direct
54,2026-01-24,2026-02-14,3,3,90.57567596435547,90.57567596435547,54.47701644897461,63.24540328979492,90.57567596435547,151.75827026367188,326.3763732910156,2026-01-24,2026-02-14,xgboost_direct
54,2026-01-24,2026-02-21,4,4,66.03136444091797,66.03136444091797,35.59327697753906,45.416446685791016,66.03136444091797,138.46893310546875,313.4058837890625,2026-01-24,2026-02-21,xgboost_direct
55,2026-01-24,2026-01-31,1,1,234.98977661132812,234.98977661132812,147.8581085205078,220.88880920410156,234.98977661132812,297.38873291015625,511.9354248046875,2026-01-24,2026-01-31,xgboost_direct
55,2026-01-24,2026-02-07,2,2,189.90579223632812,189.90579223632812,115.04634857177734,176.33184814453125,189.90579223632812,236.2080078125,493.0599060058594,2026-01-24,2026-02-07,xgboost_direct
55,2026-01-24,2026-02-14,3,3,142.9745330810547,142.9745330810547,80.23432922363281,103.60205078125,142.9745330810547,203.30723571777344,408.238037109375,2026-01-24,2026-02-14,xgboost_direct
55,2026-01-24,2026-02-21,4,4,117.26329803466797,117.26329803466797,67.46666717529297,108.9163818359375,117.26329803466797,170.26585388183594,426.7306213378906,2026-01-24,2026-02-21,xgboost_direct
56,2026-01-24,2026-01-31,1,1,20.493497848510742,20.493497848510742,10.355598449707031,14.552349090576172,20.493497848510742,28.801136016845703,52.6739387512207,2026-01-24,2026-01-31,xgboost_direct
56,2026-01-24,2026-02-07,2,2,21.177080154418945,21.177080154418945,6.042243003845215,12.877463340759277,21.177080154418945,30.434072494506836,65.86360931396484,2026-01-24,2026-02-07,xgboost_direct
56,2026-01-24,2026-02-14,3,3,22.441303253173828,22.441303253173828,5.454707145690918,13.622562408447266,22.441303253173828,33.9926872253418,88.73188781738281,2026-01-24,2026-02-14,xgboost_direct
56,2026-01-24,2026-02-21,4,4,19.86298942565918,19.86298942565918,5.838341236114502,16.518665313720703,19.86298942565918,38.066017150878906,101.59153747558594,2026-01-24,2026-02-21,xgboost_direct
72,2026-01-24,2026-01-31,1,1,163.68380737304688,163.68380737304688,109.6383056640625,151.8907470703125,163.68380737304688,203.6918182373047,346.74517822265625,2026-01-24,2026-01-31,xgboost_direct
72,2026-01-24,2026-02-07,2,2,123.16595458984375,123.16595458984375,80.3658218383789,112.54781341552734,123.16595458984375,197.10682678222656,375.3141174316406,2026-01-24,2026-02-07,xgboost_direct
72,2026-01-24,2026-02-14,3,3,130.899658203125,130.899658203125,69.01013946533203,89.67133331298828,130.899658203125,182.47389221191406,406.4593200683594,2026-01-24,2026-02-14,xgboost_direct
72,2026-01-24,2026-02-21,4,4,95.46589660644531,95.46589660644531,49.853145599365234,81.19694519042969,95.46589660644531,154.01455688476562,347.1051940917969,2026-01-24,2026-02-21,xgboost_direct
01,2026-02-21,2026-02-28,1,1,270.17236328125,270.17236328125,191.66078186035156,267.7951965332031,270.17236328125,301.6157531738281,459.85955810546875,2026-02-21,2026-02-28,xgboost_direct
01,2026-02-21,2026-03-07,2,2,275.49517822265625,275.49517822265625,167.47183227539062,237.19671630859375,275.49517822265625,309.7257385253906,522.5726928710938,2026-02-21,2026-03-07,xgboost_direct
01,2026-02-21,2026-03-14,3,3,273.19122314453125,273.19122314453125,148.82644653320312,201.97091674804688,273.19122314453125,346.6806945800781,631.230224609375,2026-02-21,2026-03-14,xgboost_direct
01,2026-02-21,2026-03-21,4,4,299.5641784667969,299.5641784667969,128.29373168945312,215.28561401367188,299.5641784667969,332.68243408203125,569.4306640625,2026-02-21,2026-03-21,xgboost_direct
02,2026-02-21,2026-02-28,1,1,10.646415710449219,10.646415710449219,2.939944267272949,7.271827220916748,10.646415710449219,11.554532051086426,29.04969596862793,2026-02-21,2026-02-28,xgboost_direct
02,2026-02-21,2026-03-07,2,2,9.943458557128906,9.943458557128906,1.326788306236267,5.749804973602295,9.943458557128906,13.025609016418457,33.205265045166016,2026-02-21,2026-03-07,xgboost_direct
02,2026-02-21,2026-03-14,3,3,10.631811141967773,10.631811141967773,1.7307878732681274,5.744558811187744,10.631811141967773,11.266680717468262,36.99339294433594,2026-02-21,2026-03-14,xgboost_direct
02,2026-02-21,2026-03-21,4,4,9.35939884185791,9.35939884185791,1.3499587774276733,5.41085958480835,9.35939884185791,14.98249626159668,63.225250244140625,2026-02-21,2026-03-21,xgboost_direct
04,2026-02-21,2026-02-28,1,1,272.4554748535156,272.4554748535156,195.38433837890625,265.771484375,272.4554748535156,368.2626037597656,481.4309387207031,2026-02-21,2026-02-28,xgboost_direct
04,2026-02-21,2026-03-07,2,2,335.137939453125,335.137939453125,176.3277130126953,291.6784973144531,335.137939453125,347.2823486328125,582.3558349609375,2026-02-21,2026-03-07,xgboost_direct
04,2026-02-21,2026-03-14,3,3,307.01715087890625,307.01715087890625,152.60037231445312,248.9070587158203,307.01715087890625,431.9519348144531,696.8749389648438,2026-02-21,2026-03-14,xgboost_direct
04,2026-02-21,2026-03-21,4,4,361.9225158691406,361.9225158691406,146.41978454589844,290.7341003417969,361.9225158691406,387.1109619140625,693.058837890625,2026-02-21,2026-03-21,xgboost_direct
05,2026-02-21,2026-02-28,1,1,157.2309112548828,157.2309112548828,93.19316864013672,122.90560150146484,157.2309112548828,179.6890106201172,273.7600402832031,2026-02-21,2026-02-28,xgboost_direct
05,2026-02-21,2026-03-07,2,2,120.78382110595703,120.78382110595703,70.56103515625,98.52093505859375,120.78382110595703,189.28424072265625,311.65191650390625,2026-02-21,2026-03-07,xgboost_direct
05,2026-02-21,2026-03-14,3,3,109.99361419677734,109.99361419677734,66.51097869873047,93.12403106689453,109.99361419677734,246.9983367919922,373.0235595703125,2026-02-21,2026-03-14,xgboost_direct
05,2026-02-21,2026-03-21,4,4,109.08931732177734,109.08931732177734,56.38411331176758,80.81015014648438,109.08931732177734,179.7022705078125,331.2705993652344,2026-02-21,2026-03-21,xgboost_direct
06,2026-02-21,2026-02-28,1,1,683.8155517578125,683.8155517578125,469.79999999999995,549.9248046875,683.8155517578125,789.4995727539062,1200.169677734375,2026-02-21,2026-02-28,xgboost_direct
06,2026-02-21,2026-03-07,2,2,498.6463623046875,498.6463623046875,150.5382080078125,402.1534118652344,498.6463623046875,554.0869140625,1123.7442626953125,2026-02-21,2026-03-07,xgboost_direct
06,2026-02-21,2026-03-14,3,3,363.3707580566406,363.3707580566406,136.35427856445312,323.9492492675781,363.3707580566406,501.9599304199219,890.2321166992188,2026-02-21,2026-03-14,xgboost_direct
06,2026-02-21,2026-03-21,4,4,301.3914489746094,301.3914489746094,110.77664947509766,298.0064697265625,301.3914489746094,351.8224182128906,719.0402221679688,2026-02-21,2026-03-21,xgboost_direct
08,2026-02-21,2026-02-28,1,1,122.56587219238281,122.56587219238281,62.63447189331055,89.8312759399414,122.56587219238281,134.81900024414062,176.22247314453125,2026-02-21,2026-02-28,xgboost_direct
08,2026-02-21,2026-03-07,2,2,109.00425720214844,109.00425720214844,56.99496078491211,88.9371566772461,109.00425720214844,149.09388732910156,196.3380584716797,2026-02-21,2026-03-07,xgboost_direct
08,2026-02-21,2026-03-14,3,3,104.16488647460938,104.16488647460938,47.89524459838867,85.41442108154297,104.16488647460938,200.04788208007812,213.13204956054688,2026-02-21,2026-03-14,xgboost_direct
08,2026-02-21,2026-03-21,4,4,87.63046264648438,87.63046264648438,53.21554183959961,86.52373504638672,87.63046264648438,152.20748901367188,256.1798400878906,2026-02-21,2026-03-21,xgboost_direct
09,2026-02-21,2026-02-28,1,1,31.121952056884766,31.121952056884766,14.808795928955078,23.3619384765625,31.121952056884766,47.823486328125,67.7432861328125,2026-02-21,2026-02-28,xgboost_direct
09,2026-02-21,2026-03-07,2,2,32.473907470703125,32.473907470703125,13.246395111083984,22.113576889038086,32.473907470703125,43.53635787963867,86.75939178466797,2026-02-21,2026-03-07,xgboost_direct
09,2026-02-21,2026-03-14,3,3,31.09261703491211,31.09261703491211,13.6219482421875,25.097745895385742,31.09261703491211,54.77113342285156,126.21202850341797,2026-02-21,2026-03-14,xgboost_direct
09,2026-02-21,2026-03-21,4,4,29.43824005126953,29.43824005126953,18.0472469329834,29.366140365600586,29.43824005126953,42.88401794433594,103.41651916503906,2026-02-21,2026-03-21,xgboost_direct
10,2026-02-21,2026-02-28,1,1,43.883338928222656,43.883338928222656,24.573347091674805,33.01049041748047,43.883338928222656,59.60808563232422,84.10240173339844,2026-02-21,2026-02-28,xgboost_direct
10,2026-02-21,2026-03-07,2,2,45.37400436401367,45.37400436401367,17.815265655517578,28.930152893066406,45.37400436401367,55.64013671875,102.7641830444336,2026-02-21,2026-03-07,xgboost_direct
10,2026-02-21,2026-03-14,3,3,40.17291259765625,40.17291259765625,17.225757598876953,30.62869644165039,40.17291259765625,58.23699951171875,111.68201446533203,2026-02-21,2026-03-14,xgboost_direct
10,2026-02-21,2026-03-21,4,4,42.027957916259766,42.027957916259766,16.43562889099121,32.18140411376953,42.027957916259766,63.3276481628418,132.1414031982422,2026-02-21,2026-03-21,xgboost_direct
11,2026-02-21,2026-02-28,1,1,9.767786979675293,9.767786979675293,2.1,6.223703384399414,9.767786979675293,12.754863739013672,24.931671142578125,2026-02-21,2026-02-28,xgboost_direct
11,2026-02-21,2026-03-07,2,2,8.562682151794434,8.562682151794434,1.5409406423568726,4.837661266326904,8.562682151794434,12.98259449005127,33.60536575317383,2026-02-21,2026-03-07,xgboost_direct
11,2026-02-21,2026-03-14,3,3,9.056668281555176,9.056668281555176,1.7379436492919922,4.657860279083252,9.056668281555176,13.639333724975586,39.38825607299805,2026-02-21,2026-03-14,xgboost_direct
11,2026-02-21,2026-03-21,4,4,12.607209205627441,12.607209205627441,1.222987413406372,5.149345874786377,12.607209205627441,18.42494773864746,61.3856086730957,2026-02-21,2026-03-21,xgboost_direct
12,2026-02-21,2026-02-28,1,1,1302.4725341796875,1302.4725341796875,608.1,1020.36279296875,1302.4725341796875,1599.8494873046875,1690.6138916015625,2026-02-21,2026-02-28,xgboost_direct
12,2026-02-21,2026-03-07,2,2,1161.76220703125,1161.76220703125,246.5926971435547,900.53173828125,1161.76220703125,1556.5809326171875,1759.96142578125,2026-02-21,2026-03-07,xgboost_direct
12,2026-02-21,2026-03-14,3,3,1015.8483276367188,1015.8483276367188,232.8388671875,663.3549194335938,1015.8483276367188,1303.7535400390625,1930.201171875,2026-02-21,2026-03-14,xgboost_direct
12,2026-02-21,2026-03-21,4,4,1069.3958740234375,1069.3958740234375,211.87586975097656,658.7864379882812,1069.3958740234375,1168.8580322265625,1611.9105224609375,2026-02-21,2026-03-21,xgboost_direct
13,2026-02-21,2026-02-28,1,1,288.9665222167969,288.9665222167969,201.28973388671875,229.1427459716797,288.9665222167969,331.5868225097656,483.1644287109375,2026-02-21,2026-02-28,xgboost_direct
13,2026-02-21,2026-03-07,2,2,337.1106872558594,337.1106872558594,162.79156494140625,234.13409423828125,337.1106872558594,370.2176513671875,473.3522033691406,2026-02-21,2026-03-07,xgboost_direct
13,2026-02-21,2026-03-14,3,3,316.0593566894531,316.0593566894531,147.69154357910156,221.3398895263672,316.0593566894531,381.4518737792969,525.1061401367188,2026-02-21,2026-03-14,xgboost_direct
13,2026-02-21,2026-03-21,4,4,340.6410827636719,340.6410827636719,137.21937561035156,221.271728515625,340.6410827636719,449.0013427734375,593.0584106445312,2026-02-21,2026-03-21,xgboost_direct
15,2026-02-21,2026-02-28,1,1,22.143878936767578,22.143878936767578,9.865192413330078,16.717594146728516,22.143878936767578,22.573593139648438,43.62976837158203,2026-02-21,2026-02-28,xgboost_direct
15,2026-02-21,2026-03-07,2,2,23.234535217285156,23.234535217285156,9.978707313537598,16.35566520690918,23.234535217285156,25.520174026489258,49.21391677856445,2026-02-21,2026-03-07,xgboost_direct
15,2026-02-21,2026-03-14,3,3,23.70208740234375,23.70208740234375,5.539630889892578,16.514995574951172,23.70208740234375,29.591333389282227,58.271610260009766,2026-02-21,2026-03-14,xgboost_direct
15,2026-02-21,2026-03-21,4,4,24.764066696166992,24.764066696166992,7.627007484436035,18.951007843017578,24.764066696166992,35.01994705200195,84.16045379638672,2026-02-21,2026-03-21,xgboost_direct
16,2026-02-21,2026-02-28,1,1,114.3662338256836,114.3662338256836,68.55892181396484,86.0743637084961,114.3662338256836,121.3134765625,180.72943115234375,2026-02-21,2026-02-28,xgboost_direct
16,2026-02-21,2026-03-07,2,2,93.48516845703125,93.48516845703125,55.18446350097656,71.18181610107422,93.48516845703125,114.6271743774414,230.3080596923828,2026-02-21,2026-03-07,xgboost_direct
16,2026-02-21,2026-03-14,3,3,92.2651596069336,92.2651596069336,45.0754280090332,78.41158294677734,92.2651596069336,136.0740509033203,255.9356689453125,2026-02-21,2026-03-14,xgboost_direct
16,2026-02-21,2026-03-21,4,4,119.012939453125,119.012939453125,45.58286666870117,77.08187866210938,119.012939453125,144.49880981445312,277.6737060546875,2026-02-21,2026-03-21,xgboost_direct
17,2026-02-21,2026-02-28,1,1,462.7666015625,462.7666015625,214.852783203125,348.3438415527344,462.7666015625,484.36248779296875,599.4874877929688,2026-02-21,2026-02-28,xgboost_direct
17,2026-02-21,2026-03-07,2,2,450.29364013671875,450.29364013671875,153.87425231933594,300.0894775390625,450.29364013671875,460.2997131347656,567.8455200195312,2026-02-21,2026-03-07,xgboost_direct
17,2026-02-21,2026-03-14,3,3,373.7181701660156,373.7181701660156,140.3269500732422,287.921875,373.7181701660156,438.0370178222656,507.9211730957031,2026-02-21,2026-03-14,xgboost_direct
17,2026-02-21,2026-03-21,4,4,312.15728759765625,312.15728759765625,114.8710708618164,246.5772247314453,312.15728759765625,419.6126403808594,525.1334838867188,2026-02-21,2026-03-21,xgboost_direct
18,2026-02-21,2026-02-28,1,1,326.1122131347656,326.1122131347656,206.79661560058594,248.7062225341797,326.1122131347656,360.6822814941406,459.9320983886719,2026-02-21,2026-02-28,xgboost_direct
18,2026-02-21,2026-03-07,2,2,382.9372253417969,382.9372253417969,165.04493713378906,262.6903991699219,382.9372253417969,388.6963195800781,487.4024353027344,2026-02-21,2026-03-07,xgboost_direct
18,2026-02-21,2026-03-14,3,3,278.9928894042969,278.9928894042969,141.6378631591797,225.9295654296875,278.9928894042969,398.85223388671875,521.377197265625,2026-02-21,2026-03-14,xgboost_direct
18,2026-02-21,2026-03-21,4,4,332.50457763671875,332.50457763671875,121.49552154541016,199.2291259765625,332.50457763671875,409.8080139160156,590.359619140625,2026-02-21,2026-03-21,xgboost_direct
19,2026-02-21,2026-02-28,1,1,174.36602783203125,174.36602783203125,96.82642364501953,138.1297149658203,174.36602783203125,222.6478729248047,273.0091552734375,2026-02-21,2026-02-28,xgboost_direct
19,2026-02-21,2026-03-07,2,2,178.31570434570312,178.31570434570312,84.11705780029297,124.93193054199219,178.31570434570312,226.36964416503906,283.1455383300781,2026-02-21,2026-03-07,xgboost_direct
19,2026-02-21,2026-03-14,3,3,146.46640014648438,146.46640014648438,70.67208862304688,106.76553344726562,146.46640014648438,267.9312438964844,281.97271728515625,2026-02-21,2026-03-14,xgboost_direct
19,2026-02-21,2026-03-21,4,4,114.11659240722656,114.11659240722656,58.019447326660156,88.45637512207031,114.11659240722656,185.5111083984375,370.6666564941406,2026-02-21,2026-03-21,xgboost_direct
20,2026-02-21,2026-02-28,1,1,151.49270629882812,151.49270629882812,90.2631607055664,128.93104553222656,151.49270629882812,186.7835693359375,253.09889221191406,2026-02-21,2026-02-28,xgboost_direct
20,2026-02-21,2026-03-07,2,2,154.6854705810547,154.6854705810547,77.09297943115234,122.9110336303711,154.6854705810547,213.1331787109375,263.4436340332031,2026-02-21,2026-03-07,xgboost_direct
20,2026-02-21,2026-03-14,3,3,132.66952514648438,132.66952514648438,67.41829681396484,103.89334869384766,132.66952514648438,260.99664306640625,261.73626708984375,2026-02-21,2026-03-14,xgboost_direct
20,2026-02-21,2026-03-21,4,4,111.4535140991211,111.4535140991211,57.29248046875,79.02911376953125,111.4535140991211,187.265380859375,346.8728942871094,2026-02-21,2026-03-21,xgboost_direct
21,2026-02-21,2026-02-28,1,1,204.25997924804688,204.25997924804688,113.3089599609375,152.970458984375,204.25997924804688,266.73858642578125,318.7762451171875,2026-02-21,2026-02-28,xgboost_direct
21,2026-02-21,2026-03-07,2,2,198.64622497558594,198.64622497558594,88.88892364501953,138.1470947265625,198.64622497558594,249.75396728515625,370.7529602050781,2026-02-21,2026-03-07,xgboost_direct
21,2026-02-21,2026-03-14,3,3,159.0643310546875,159.0643310546875,82.48495483398438,140.29002380371094,159.0643310546875,281.48199462890625,390.910888671875,2026-02-21,2026-03-14,xgboost_direct
21,2026-02-21,2026-03-21,4,4,124.82748413085938,124.82748413085938,65.68759155273438,116.27802276611328,124.82748413085938,194.71070861816406,361.0394592285156,2026-02-21,2026-03-21,xgboost_direct
22,2026-02-21,2026-02-28,1,1,293.63116455078125,293.63116455078125,155.4955596923828,211.4962615966797,293.63116455078125,305.6317443847656,467.22576904296875,2026-02-21,2026-02-28,xgboost_direct
22,2026-02-21,2026-03-07,2,2,251.3017578125,251.3017578125,130.67091369628906,192.07867431640625,251.3017578125,338.06439208984375,484.8885803222656,2026-02-21,2026-03-07,xgboost_direct
22,2026-02-21,2026-03-14,3,3,193.5821533203125,193.5821533203125,110.71697235107422,154.4096221923828,193.5821533203125,295.14544677734375,510.8816223144531,2026-02-21,2026-03-14,xgboost_direct
22,2026-02-21,2026-03-21,4,4,158.88743591308594,158.88743591308594,92.93302917480469,146.8822784423828,158.88743591308594,235.85423278808594,457.2588806152344,2026-02-21,2026-03-21,xgboost_direct
23,2026-02-21,2026-02-28,1,1,45.06182098388672,45.06182098388672,29.638282775878906,37.042686462402344,45.06182098388672,65.40723419189453,87.65899658203125,2026-02-21,2026-02-28,xgboost_direct
23,2026-02-21,2026-03-07,2,2,49.846500396728516,49.846500396728516,20.301353454589844,34.55921936035156,49.846500396728516,65.75847625732422,109.71219635009766,2026-02-21,2026-03-07,xgboost_direct
23,2026-02-21,2026-03-14,3,3,47.928375244140625,47.928375244140625,23.28837013244629,36.48134994506836,47.928375244140625,74.91130065917969,127.61634826660156,2026-02-21,2026-03-14,xgboost_direct
23,2026-02-21,2026-03-21,4,4,45.39263916015625,45.39263916015625,21.974843978881836,41.84642791748047,45.39263916015625,69.73136901855469,144.2333221435547,2026-02-21,2026-03-21,xgboost_direct
24,2026-02-21,2026-02-28,1,1,64.65951538085938,64.65951538085938,36.8956184387207,51.40767288208008,64.65951538085938,88.1503677368164,126.00625610351562,2026-02-21,2026-02-28,xgboost_direct
24,2026-02-21,2026-03-07,2,2,66.8822021484375,66.8822021484375,32.63265609741211,50.51957321166992,66.8822021484375,86.96782684326172,141.12657165527344,2026-02-21,2026-03-07,xgboost_direct
24,2026-02-21,2026-03-14,3,3,61.92019271850586,61.92019271850586,29.408601760864258,51.483436584472656,61.92019271850586,109.8536605834961,141.43431091308594,2026-02-21,2026-03-14,xgboost_direct
24,2026-02-21,2026-03-21,4,4,66.21472930908203,66.21472930908203,34.67121887207031,56.10944747924805,66.21472930908203,94.94631958007812,143.5443115234375,2026-02-21,2026-03-21,xgboost_direct
25,2026-02-21,2026-02-28,1,1,70.17481994628906,70.17481994628906,45.09000778198242,64.63976287841797,70.17481994628906,90.38609313964844,166.95143127441406,2026-02-21,2026-02-28,xgboost_direct
25,2026-02-21,2026-03-07,2,2,76.13640594482422,76.13640594482422,35.6193962097168,61.42340087890625,76.13640594482422,95.32198333740234,230.08580017089844,2026-02-21,2026-03-07,xgboost_direct
25,2026-02-21,2026-03-14,3,3,67.46888732910156,67.46888732910156,38.6536865234375,62.12337112426758,67.46888732910156,111.7778549194336,163.51112365722656,2026-02-21,2026-03-14,xgboost_direct
25,2026-02-21,2026-03-21,4,4,72.95683288574219,72.95683288574219,46.42789077758789,57.67100524902344,72.95683288574219,95.26927185058594,138.5032501220703,2026-02-21,2026-03-21,xgboost_direct
26,2026-02-21,2026-02-28,1,1,309.6101989746094,309.6101989746094,158.8071746826172,228.53579711914062,309.6101989746094,342.9079284667969,428.1541748046875,2026-02-21,2026-02-28,xgboost_direct
26,2026-02-21,2026-03-07,2,2,319.6344909667969,319.6344909667969,131.41526794433594,206.94737243652344,319.6344909667969,320.55499267578125,416.0050048828125,2026-02-21,2026-03-07,xgboost_direct
26,2026-02-21,2026-03-14,3,3,202.21165466308594,202.21165466308594,108.12181854248047,194.63148498535156,202.21165466308594,344.26910400390625,417.298095703125,2026-02-21,2026-03-14,xgboost_direct
26,2026-02-21,2026-03-21,4,4,169.1539306640625,169.1539306640625,88.91563415527344,155.73805236816406,169.1539306640625,236.4359130859375,409.1003112792969,2026-02-21,2026-03-21,xgboost_direct
27,2026-02-21,2026-02-28,1,1,159.42904663085938,159.42904663085938,89.66311645507812,124.81716918945312,159.42904663085938,175.45631408691406,233.21449279785156,2026-02-21,2026-02-28,xgboost_direct
27,2026-02-21,2026-03-07,2,2,138.65760803222656,138.65760803222656,70.6511459350586,118.63822937011719,138.65760803222656,197.72398376464844,229.60565185546875,2026-02-21,2026-03-07,xgboost_direct
27,2026-02-21,2026-03-14,3,3,119.642822265625,119.642822265625,65.26546478271484,106.08910369873047,119.642822265625,193.8456573486328,247.41517639160156,2026-02-21,2026-03-14,xgboost_direct
27,2026-02-21,2026-03-21,4,4,107.34317016601562,107.34317016601562,60.06471252441406,90.33799743652344,107.34317016601562,166.33143615722656,276.15399169921875,2026-02-21,2026-03-21,xgboost_direct
28,2026-02-21,2026-02-28,1,1,216.5908660888672,216.5908660888672,148.14208984375,211.14535522460938,216.5908660888672,227.7439727783203,366.3656921386719,2026-02-21,2026-02-28,xgboost_direct
28,2026-02-21,2026-03-07,2,2,264.9257507324219,264.9257507324219,127.7186279296875,201.3068084716797,264.9257507324219,287.510498046875,514.1240234375,2026-02-21,2026-03-07,xgboost_direct
28,2026-02-21,2026-03-14,3,3,254.05120849609375,254.05120849609375,121.1841812133789,179.19967651367188,254.05120849609375,292.1803894042969,637.7195434570312,2026-02-21,2026-03-14,xgboost_direct
28,2026-02-21,2026-03-21,4,4,282.4350891113281,282.4350891113281,109.8523941040039,196.5091094970703,282.4350891113281,306.4950256347656,562.9694213867188,2026-02-21,2026-03-21,xgboost_direct
29,2026-02-21,2026-02-28,1,1,334.8786926269531,334.8786926269531,186.0988311767578,253.6260223388672,334.8786926269531,337.9601135253906,563.1978149414062,2026-02-21,2026-02-28,xgboost_direct
29,2026-02-21,2026-03-07,2,2,256.78204345703125,256.78204345703125,134.98683166503906,192.77513122558594,256.78204345703125,345.0199890136719,586.5496826171875,2026-02-21,2026-03-07,xgboost_direct
29,2026-02-21,2026-03-14,3,3,249.45689392089844,249.45689392089844,126.58599853515625,196.7822265625,249.45689392089844,359.5870666503906,578.2169799804688,2026-02-21,2026-03-14,xgboost_direct
29,2026-02-21,2026-03-21,4,4,197.03939819335938,197.03939819335938,105.21485137939453,173.29071044921875,197.03939819335938,328.4258728027344,503.8978576660156,2026-02-21,2026-03-21,xgboost_direct
30,2026-02-21,2026-02-28,1,1,53.1679573059082,53.1679573059082,34.228965759277344,50.903358459472656,53.1679573059082,80.50425720214844,115.28038024902344,2026-02-21,2026-02-28,xgboost_direct
30,2026-02-21,2026-03-07,2,2,57.84336853027344,57.84336853027344,27.51801109313965,33.29788589477539,57.84336853027344,75.59764099121094,159.2373046875,2026-02-21,2026-03-07,xgboost_direct
30,2026-02-21,2026-03-14,3,3,51.18950653076172,51.18950653076172,21.020078659057617,34.58989715576172,51.18950653076172,88.49468231201172,185.06439208984375,2026-02-21,2026-03-14,xgboost_direct
30,2026-02-21,2026-03-21,4,4,50.96453857421875,50.96453857421875,19.83340835571289,30.797405242919922,50.96453857421875,84.00117492675781,157.7352752685547,2026-02-21,2026-03-21,xgboost_direct
31,2026-02-21,2026-02-28,1,1,127.27556610107422,127.27556610107422,71.2099380493164,94.24906158447266,127.27556610107422,153.46743774414062,199.25767517089844,2026-02-21,2026-02-28,xgboost_direct
31,2026-02-21,2026-03-07,2,2,129.41253662109375,129.41253662109375,62.714839935302734,92.90628814697266,129.41253662109375,173.05865478515625,234.0716552734375,2026-02-21,2026-03-07,xgboost_direct
31,2026-02-21,2026-03-14,3,3,117.08528900146484,117.08528900146484,56.78489685058594,96.94157409667969,117.08528900146484,192.58082580566406,257.8850402832031,2026-02-21,2026-03-14,xgboost_direct
31,2026-02-21,2026-03-21,4,4,99.89702606201172,99.89702606201172,53.36117935180664,78.62319946289062,99.89702606201172,162.03378295898438,304.47589111328125,2026-02-21,2026-03-21,xgboost_direct
32,2026-02-21,2026-02-28,1,1,83.79515838623047,83.79515838623047,49.6440544128418,76.26403045654297,83.79515838623047,100.99932098388672,148.21742248535156,2026-02-21,2026-02-28,xgboost_direct
32,2026-02-21,2026-03-07,2,2,68.536865234375,68.536865234375,39.589759826660156,53.18707275390625,68.536865234375,96.6330795288086,166.25477600097656,2026-02-21,2026-03-07,xgboost_direct
32,2026-02-21,2026-03-14,3,3,74.64625549316406,74.64625549316406,32.436500549316406,53.1419792175293,74.64625549316406,106.15704345703125,152.53504943847656,2026-02-21,2026-03-14,xgboost_direct
32,2026-02-21,2026-03-21,4,4,63.5075569152832,63.5075569152832,26.782032012939453,46.00650405883789,63.5075569152832,89.91512298583984,184.68504333496094,2026-02-21,2026-03-21,xgboost_direct
33,2026-02-21,2026-02-28,1,1,46.83924102783203,46.83924102783203,26.478912353515625,34.5040168762207,46.83924102783203,54.88310241699219,78.15360260009766,2026-02-21,2026-02-28,xgboost_direct
33,2026-02-21,2026-03-07,2,2,46.27302551269531,46.27302551269531,21.080810546875,30.074522018432617,46.27302551269531,56.505706787109375,81.30488586425781,2026-02-21,2026-03-07,xgboost_direct
33,2026-02-21,2026-03-14,3,3,44.080562591552734,44.080562591552734,19.703115463256836,34.55576705932617,44.080562591552734,64.00655364990234,86.11556243896484,2026-02-21,2026-03-14,xgboost_direct
33,2026-02-21,2026-03-21,4,4,43.71693801879883,43.71693801879883,18.459259033203125,34.38261413574219,43.71693801879883,65.08616638183594,130.33131408691406,2026-02-21,2026-03-21,xgboost_direct
34,2026-02-21,2026-02-28,1,1,208.26077270507812,208.26077270507812,106.24266052246094,146.35787963867188,208.26077270507812,220.6434783935547,292.8376159667969,2026-02-21,2026-02-28,xgboost_direct
34,2026-02-21,2026-03-07,2,2,199.80979919433594,199.80979919433594,84.14125061035156,149.03871154785156,199.80979919433594,221.79931640625,345.772705078125,2026-02-21,2026-03-07,xgboost_direct
34,2026-02-21,2026-03-14,3,3,164.18162536621094,164.18162536621094,88.35810089111328,149.38446044921875,164.18162536621094,282.3618469238281,295.3478698730469,2026-02-21,2026-03-14,xgboost_direct
34,2026-02-21,2026-03-21,4,4,133.939453125,133.939453125,73.5861587524414,124.29074096679688,133.939453125,186.59347534179688,266.4714050292969,2026-02-21,2026-03-21,xgboost_direct
35,2026-02-21,2026-02-28,1,1,76.10396575927734,76.10396575927734,49.52019119262695,61.22488021850586,76.10396575927734,100.43920135498047,156.00254821777344,2026-02-21,2026-02-28,xgboost_direct
35,2026-02-21,2026-03-07,2,2,84.52210235595703,84.52210235595703,35.591094970703125,60.6356315612793,84.52210235595703,104.06930541992188,231.6527099609375,2026-02-21,2026-03-07,xgboost_direct
35,2026-02-21,2026-03-14,3,3,68.86653900146484,68.86653900146484,38.986793518066406,53.77312088012695,68.86653900146484,111.90656280517578,216.65333557128906,2026-02-21,2026-03-14,xgboost_direct
35,2026-02-21,2026-03-21,4,4,66.64228820800781,66.64228820800781,39.226173400878906,59.54471206665039,66.64228820800781,99.325927734375,168.84030151367188,2026-02-21,2026-03-21,xgboost_direct
36,2026-02-21,2026-02-28,1,1,298.7326354980469,298.7326354980469,147.4574737548828,208.45184326171875,298.7326354980469,352.3108215332031,421.2651062011719,2026-02-21,2026-02-28,xgboost_direct
36,2026-02-21,2026-03-07,2,2,322.8180847167969,322.8180847167969,116.87606811523438,205.3480987548828,322.8180847167969,323.1363220214844,424.1767578125,2026-02-21,2026-03-07,xgboost_direct
36,2026-02-21,2026-03-14,3,3,221.9155731201172,221.9155731201172,102.46971130371094,184.68035888671875,221.9155731201172,317.36572265625,361.0353088378906,2026-02-21,2026-03-14,xgboost_direct
36,2026-02-21,2026-03-21,4,4,185.33607482910156,185.33607482910156,88.65972900390625,176.33184814453125,185.33607482910156,236.2161407470703,359.298828125,2026-02-21,2026-03-21,xgboost_direct
37,2026-02-21,2026-02-28,1,1,309.922119140625,309.922119140625,151.7948455810547,223.13287353515625,309.922119140625,328.01190185546875,414.6051025390625,2026-02-21,2026-02-28,xgboost_direct
37,2026-02-21,2026-03-07,2,2,288.47802734375,288.47802734375,107.87701416015625,213.8446044921875,288.47802734375,325.970458984375,429.8406066894531,2026-02-21,2026-03-07,xgboost_direct
37,2026-02-21,2026-03-14,3,3,217.67103576660156,217.67103576660156,101.89945220947266,209.6820068359375,217.67103576660156,318.55126953125,401.2796630859375,2026-02-21,2026-03-14,xgboost_direct
37,2026-02-21,2026-03-21,4,4,187.5548553466797,187.5548553466797,92.53380584716797,177.85585021972656,187.5548553466797,221.5960693359375,372.7135314941406,2026-02-21,2026-03-21,xgboost_direct
38,2026-02-21,2026-02-28,1,1,25.086517333984375,25.086517333984375,11.677240371704102,16.828466415405273,25.086517333984375,30.860807418823242,50.81026077270508,2026-02-21,2026-02-28,xgboost_direct
38,2026-02-21,2026-03-07,2,2,22.48553466796875,22.48553466796875,7.214189529418945,13.72791862487793,22.48553466796875,32.46529006958008,55.415042877197266,2026-02-21,2026-03-07,xgboost_direct
38,2026-02-21,2026-03-14,3,3,22.295942306518555,22.295942306518555,5.661664962768555,11.965492248535156,22.295942306518555,26.973125457763672,65.32103729248047,2026-02-21,2026-03-14,xgboost_direct
38,2026-02-21,2026-03-21,4,4,20.5023193359375,20.5023193359375,4.924691200256348,11.81898021697998,20.5023193359375,27.85367774963379,80.7620620727539,2026-02-21,2026-03-21,xgboost_direct
39,2026-02-21,2026-02-28,1,1,541.3876342773438,541.3876342773438,246.18653869628906,432.1859130859375,541.3876342773438,557.703125,728.6104125976562,2026-02-21,2026-02-28,xgboost_direct
39,2026-02-21,2026-03-07,2,2,501.5274658203125,501.5274658203125,192.43133544921875,366.02374267578125,501.5274658203125,615.4556884765625,900.6465454101562,2026-02-21,2026-03-07,xgboost_direct
39,2026-02-21,2026-03-14,3,3,411.08917236328125,411.08917236328125,163.43026733398438,368.2367248535156,411.08917236328125,566.6640625,711.9010620117188,2026-02-21,2026-03-14,xgboost_direct
39,2026-02-21,2026-03-21,4,4,387.7178955078125,387.7178955078125,148.5097198486328,274.3516845703125,387.7178955078125,458.20318603515625,622.109619140625,2026-02-21,2026-03-21,xgboost_direct
40,2026-02-21,2026-02-28,1,1,236.60035705566406,236.60035705566406,161.9106903076172,217.19285583496094,236.60035705566406,249.4987030029297,374.2070007324219,2026-02-21,2026-02-28,xgboost_direct
40,2026-02-21,2026-03-07,2,2,222.06336975097656,222.06336975097656,130.12518310546875,201.0462188720703,222.06336975097656,263.6135559082031,500.0559387207031,2026-02-21,2026-03-07,xgboost_direct
40,2026-02-21,2026-03-14,3,3,219.11837768554688,219.11837768554688,119.12544250488281,181.2822723388672,219.11837768554688,350.81158447265625,575.8587036132812,2026-02-21,2026-03-14,xgboost_direct
40,2026-02-21,2026-03-21,4,4,271.799072265625,271.799072265625,107.23148345947266,186.2552947998047,271.799072265625,317.92669677734375,572.0413208007812,2026-02-21,2026-03-21,xgboost_direct
41,2026-02-21,2026-02-28,1,1,258.68670654296875,258.68670654296875,208.60450744628906,249.40220642089844,258.68670654296875,284.35150146484375,485.3183288574219,2026-02-21,2026-02-28,xgboost_direct
41,2026-02-21,2026-03-07,2,2,330.79925537109375,330.79925537109375,168.1888885498047,250.68893432617188,330.79925537109375,337.747802734375,507.2874755859375,2026-02-21,2026-03-07,xgboost_direct
41,2026-02-21,2026-03-14,3,3,234.85084533691406,234.85084533691406,132.23667907714844,206.51193237304688,234.85084533691406,379.2825927734375,622.6092529296875,2026-02-21,2026-03-14,xgboost_direct
41,2026-02-21,2026-03-21,4,4,321.9429931640625,321.9429931640625,103.24871826171875,208.14865112304688,321.9429931640625,328.3503112792969,602.5659790039062,2026-02-21,2026-03-21,xgboost_direct
42,2026-02-21,2026-02-28,1,1,534.4146118164062,534.4146118164062,232.2,420.93499755859375,534.4146118164062,558.0885009765625,758.7434692382812,2026-02-21,2026-02-28,xgboost_direct
42,2026-02-21,2026-03-07,2,2,499.9906921386719,499.9906921386719,152.27090454101562,374.6339416503906,499.9906921386719,528.8800659179688,706.0679321289062,2026-02-21,2026-03-07,xgboost_direct
42,2026-02-21,2026-03-14,3,3,324.26953125,324.26953125,137.783447265625,314.5014343261719,324.26953125,444.2335510253906,636.8198852539062,2026-02-21,2026-03-14,xgboost_direct
42,2026-02-21,2026-03-21,4,4,291.4870910644531,291.4870910644531,117.47913360595703,250.56655883789062,291.4870910644531,307.41632080078125,551.5894165039062,2026-02-21,2026-03-21,xgboost_direct
44,2026-02-21,2026-02-28,1,1,20.138565063476562,20.138565063476562,7.2378458976745605,14.333830833435059,20.138565063476562,22.80095863342285,44.07026672363281,2026-02-21,2026-02-28,xgboost_direct
44,2026-02-21,2026-03-07,2,2,19.453258514404297,19.453258514404297,6.073546886444092,12.385282516479492,19.453258514404297,22.237695693969727,50.667747497558594,2026-02-21,2026-03-07,xgboost_direct
44,2026-02-21,2026-03-14,3,3,18.452945709228516,18.452945709228516,5.774291515350342,11.062469482421875,18.452945709228516,25.536415100097656,55.537841796875,2026-02-21,2026-03-14,xgboost_direct
44,2026-02-21,2026-03-21,4,4,18.487808227539062,18.487808227539062,4.302076816558838,10.299844741821289,18.487808227539062,30.86396026611328,85.01294708251953,2026-02-21,2026-03-21,xgboost_direct
45,2026-02-21,2026-02-28,1,1,202.47752380371094,202.47752380371094,127.04840850830078,160.79466247558594,202.47752380371094,274.739013671875,298.8312683105469,2026-02-21,2026-02-28,xgboost_direct
45,2026-02-21,2026-03-07,2,2,196.87901306152344,196.87901306152344,93.52703094482422,153.79244995117188,196.87901306152344,246.19078063964844,324.3084411621094,2026-02-21,2026-03-07,xgboost_direct
45,2026-02-21,2026-03-14,3,3,167.6267852783203,167.6267852783203,83.83159637451172,151.22491455078125,167.6267852783203,275.4082946777344,282.44793701171875,2026-02-21,2026-03-14,xgboost_direct
45,2026-02-21,2026-03-21,4,4,164.61880493164062,164.61880493164062,72.03730773925781,141.8783721923828,164.61880493164062,225.45028686523438,388.685546875,2026-02-21,2026-03-21,xgboost_direct
46,2026-02-21,2026-02-28,1,1,43.73069381713867,43.73069381713867,27.249807357788086,37.092105865478516,43.73069381713867,61.89352798461914,77.2873764038086,2026-02-21,2026-02-28,xgboost_direct
46,2026-02-21,2026-03-07,2,2,42.847537994384766,42.847537994384766,18.804410934448242,31.53924560546875,42.847537994384766,58.83283615112305,92.37052917480469,2026-02-21,2026-03-07,xgboost_direct
46,2026-02-21,2026-03-14,3,3,43.55550765991211,43.55550765991211,19.206741333007812,29.684789657592773,43.55550765991211,63.11909866333008,104.75112915039062,2026-02-21,2026-03-14,xgboost_direct
46,2026-02-21,2026-03-21,4,4,42.58725357055664,42.58725357055664,16.9875545501709,29.977611541748047,42.58725357055664,63.13288879394531,143.1046905517578,2026-02-21,2026-03-21,xgboost_direct
47,2026-02-21,2026-02-28,1,1,258.28680419921875,258.28680419921875,146.6342010498047,195.28819274902344,258.28680419921875,277.78533935546875,395.6913757324219,2026-02-21,2026-02-28,xgboost_direct
47,2026-02-21,2026-03-07,2,2,226.48611450195312,226.48611450195312,105.61256408691406,182.60980224609375,226.48611450195312,311.813720703125,379.1005859375,2026-02-21,2026-03-07,xgboost_direct
47,2026-02-21,2026-03-14,3,3,174.6571807861328,174.6571807861328,92.569091796875,154.87042236328125,174.6571807861328,299.0572509765625,432.8823547363281,2026-02-21,2026-03-14,xgboost_direct
47,2026-02-21,2026-03-21,4,4,159.81597900390625,159.81597900390625,81.2052993774414,136.9864501953125,159.81597900390625,216.68966674804688,405.2152404785156,2026-02-21,2026-03-21,xgboost_direct
48,2026-02-21,2026-02-28,1,1,597.0429077148438,597.0429077148438,311.7,473.5472412109375,597.0429077148438,606.4169311523438,1019.2525024414062,2026-02-21,2026-02-28,xgboost_direct
48,2026-02-21,2026-03-07,2,2,442.91558837890625,442.91558837890625,152.48109436035156,358.9385681152344,442.91558837890625,494.915771484375,832.0890502929688,2026-02-21,2026-03-07,xgboost_direct
48,2026-02-21,2026-03-14,3,3,341.6004943847656,341.6004943847656,131.9390411376953,323.3558654785156,341.6004943847656,438.8424987792969,750.6383666992188,2026-02-21,2026-03-14,xgboost_direct
48,2026-02-21,2026-03-21,4,4,281.9273681640625,281.9273681640625,111.99160766601562,262.6236572265625,281.9273681640625,323.1098937988281,644.1691284179688,2026-02-21,2026-03-21,xgboost_direct
49,2026-02-21,2026-02-28,1,1,56.36920166015625,56.36920166015625,36.70768737792969,45.990020751953125,56.36920166015625,80.57311248779297,117.57142639160156,2026-02-21,2026-02-28,xgboost_direct
49,2026-02-21,2026-03-07,2,2,67.44387817382812,67.44387817382812,30.11993408203125,42.515628814697266,67.44387817382812,84.3924789428711,149.26438903808594,2026-02-21,2026-03-07,xgboost_direct
49,2026-02-21,2026-03-14,3,3,57.80670928955078,57.80670928955078,26.83708381652832,44.01309585571289,57.80670928955078,87.09194946289062,132.9599151611328,2026-02-21,2026-03-14,xgboost_direct
49,2026-02-21,2026-03-21,4,4,56.42158508300781,56.42158508300781,25.159555435180664,41.3143196105957,56.42158508300781,82.6229248046875,147.21131896972656,2026-02-21,2026-03-21,xgboost_direct
50,2026-02-21,2026-02-28,1,1,24.59954261779785,24.59954261779785,12.767239570617676,19.46414566040039,24.59954261779785,25.28952980041504,47.48086166381836,2026-02-21,2026-02-28,xgboost_direct
50,2026-02-21,2026-03-07,2,2,25.843029022216797,25.843029022216797,10.822021484375,17.765769958496094,25.843029022216797,29.729991912841797,53.41289138793945,2026-02-21,2026-03-07,xgboost_direct
50,2026-02-21,2026-03-14,3,3,24.84874725341797,24.84874725341797,9.436014175415039,18.310306549072266,24.84874725341797,33.22627258300781,70.1416015625,2026-02-21,2026-03-14,xgboost_direct
50,2026-02-21,2026-03-21,4,4,28.17580223083496,28.17580223083496,8.954031944274902,20.310894012451172,28.17580223083496,41.29891586303711,91.44877624511719,2026-02-21,2026-03-21,xgboost_direct
51,2026-02-21,2026-02-28,1,1,238.43955993652344,238.43955993652344,121.41885375976562,177.8223419189453,238.43955993652344,301.7756652832031,373.592041015625,2026-02-21,2026-02-28,xgboost_direct
51,2026-02-21,2026-03-07,2,2,232.12611389160156,232.12611389160156,104.7542495727539,153.92173767089844,232.12611389160156,296.11065673828125,417.0671691894531,2026-02-21,2026-03-07,xgboost_direct
51,2026-02-21,2026-03-14,3,3,171.6031951904297,171.6031951904297,92.948974609375,158.3408966064453,171.6031951904297,308.025634765625,378.5431213378906,2026-02-21,2026-03-14,xgboost_direct
51,2026-02-21,2026-03-21,4,4,131.63662719726562,131.63662719726562,81.55841064453125,128.2299346923828,131.63662719726562,210.7571563720703,351.83673095703125,2026-02-21,2026-03-21,xgboost_direct
53,2026-02-21,2026-02-28,1,1,215.69058227539062,215.69058227539062,116.89945220947266,159.59942626953125,215.69058227539062,242.69044494628906,344.0174560546875,2026-02-21,2026-02-28,xgboost_direct
53,2026-02-21,2026-03-07,2,2,183.6409912109375,183.6409912109375,89.86571502685547,141.62120056152344,183.6409912109375,236.7441864013672,348.2206115722656,2026-02-21,2026-03-07,xgboost_direct
53,2026-02-21,2026-03-14,3,3,151.5812225341797,151.5812225341797,75.2987289428711,129.79884338378906,151.5812225341797,283.8650817871094,413.3144226074219,2026-02-21,2026-03-14,xgboost_direct
53,2026-02-21,2026-03-21,4,4,123.5114974975586,123.5114974975586,68.31410217285156,121.27125549316406,123.5114974975586,204.53549194335938,383.168701171875,2026-02-21,2026-03-21,xgboost_direct
54,2026-02-21,2026-02-28,1,1,149.23680114746094,149.23680114746094,75.25376892089844,107.07717895507812,149.23680114746094,150.20265197753906,240.24261474609375,2026-02-21,2026-02-28,xgboost_direct
54,2026-02-21,2026-03-07,2,2,141.46304321289062,141.46304321289062,57.65427780151367,88.33348083496094,141.46304321289062,168.51788330078125,341.8345031738281,2026-02-21,2026-03-07,xgboost_direct
54,2026-02-21,2026-03-14,3,3,124.5411376953125,124.5411376953125,58.04365539550781,100.15219116210938,124.5411376953125,221.06228637695312,359.7704162597656,2026-02-21,2026-03-14,xgboost_direct
54,2026-02-21,2026-03-21,4,4,99.78974914550781,99.78974914550781,58.751041412353516,80.0881576538086,99.78974914550781,156.97044372558594,307.3977966308594,2026-02-21,2026-03-21,xgboost_direct
55,2026-02-21,2026-02-28,1,1,228.6251220703125,228.6251220703125,121.62397766113281,170.01907348632812,228.6251220703125,245.94114685058594,309.4562072753906,2026-02-21,2026-02-28,xgboost_direct
55,2026-02-21,2026-03-07,2,2,203.01576232910156,203.01576232910156,90.59515380859375,143.71209716796875,203.01576232910156,248.57456970214844,286.8973083496094,2026-02-21,2026-03-07,xgboost_direct
55,2026-02-21,2026-03-14,3,3,153.9488525390625,153.9488525390625,79.87037658691406,131.486572265625,153.9488525390625,244.0010986328125,275.55291748046875,2026-02-21,2026-03-14,xgboost_direct
55,2026-02-21,2026-03-21,4,4,129.8888702392578,129.8888702392578,75.49372863769531,128.6280059814453,129.8888702392578,194.75624084472656,340.6669921875,2026-02-21,2026-03-21,xgboost_direct
56,2026-02-21,2026-02-28,1,1,19.125568389892578,19.125568389892578,6.603443145751953,11.98430347442627,19.125568389892578,20.558441162109375,42.52128219604492,2026-02-21,2026-02-28,xgboost_direct
56,2026-02-21,2026-03-07,2,2,18.8533935546875,18.8533935546875,5.265822410583496,10.703648567199707,18.8533935546875,23.434680938720703,51.03761291503906,2026-02-21,2026-03-07,xgboost_direct
56,2026-02-21,2026-03-14,3,3,18.433439254760742,18.433439254760742,6.068639278411865,11.97177791595459,18.433439254760742,25.494009017944336,64.5880126953125,2026-02-21,2026-03-14,xgboost_direct
56,2026-02-21,2026-03-21,4,4,20.82204246520996,20.82204246520996,5.759498119354248,12.530570983886719,20.82204246520996,29.673168182373047,86.2055892944336,2026-02-21,2026-03-21,xgboost_direct
72,2026-02-21,2026-02-28,1,1,166.4298553466797,166.4298553466797,93.24645233154297,120.54097747802734,166.4298553466797,171.364013671875,234.39637756347656,2026-02-21,2026-02-28,xgboost_direct
72,2026-02-21,2026-03-07,2,2,145.26063537597656,145.26063537597656,73.330810546875,107.45269775390625,145.26063537597656,187.26133728027344,302.0787353515625,2026-02-21,2026-03-07,xgboost_direct
72,2026-02-21,2026-03-14,3,3,122.1005630493164,122.1005630493164,70.36162567138672,110.3993911743164,122.1005630493164,208.19882202148438,311.4030456542969,2026-02-21,2026-03-14,xgboost_direct
72,2026-02-21,2026-03-21,4,4,111.60525512695312,111.60525512695312,56.81846618652344,90.31461334228516,111.60525512695312,166.33407592773438,277.6822204589844,2026-02-21,2026-03-21,xgboost_direct
01,2026-03-21,2026-03-28,1,1,44.20759963989258,44.20759963989258,37.35059356689453,43.269832611083984,44.20759963989258,67.97664642333984,111.15180969238281,2026-03-21,2026-03-28,xgboost_direct
01,2026-03-21,2026-04-04,2,2,42.166324615478516,42.166324615478516,25.595314025878906,30.59986686706543,42.166324615478516,53.68107986450195,127.50349426269531,2026-03-21,2026-04-04,xgboost_direct
01,2026-03-21,2026-04-11,3,3,32.224525451660156,32.224525451660156,18.357097625732422,22.382598876953125,32.224525451660156,51.79767608642578,77.31560516357422,2026-03-21,2026-04-11,xgboost_direct
01,2026-03-21,2026-04-18,4,4,23.230098724365234,23.230098724365234,18.466020584106445,22.003450393676758,23.230098724365234,40.0700569152832,60.33885955810547,2026-03-21,2026-04-18,xgboost_direct
02,2026-03-21,2026-03-28,1,1,11.330280303955078,11.330280303955078,3.0,7.322147369384766,11.330280303955078,16.28213882446289,26.451580047607422,2026-03-21,2026-03-28,xgboost_direct
02,2026-03-21,2026-04-04,2,2,11.90591049194336,11.90591049194336,1.4666602611541748,5.991858959197998,11.90591049194336,12.841897964477539,27.378677368164062,2026-03-21,2026-04-04,xgboost_direct
02,2026-03-21,2026-04-11,3,3,10.388279914855957,10.388279914855957,1.012494683265686,5.904600620269775,10.388279914855957,15.75628662109375,33.64778137207031,2026-03-21,2026-04-11,xgboost_direct
02,2026-03-21,2026-04-18,4,4,7.920434951782227,7.920434951782227,0.5556319355964661,4.64315128326416,7.920434951782227,12.198304176330566,28.18732261657715,2026-03-21,2026-04-18,xgboost_direct
04,2026-03-21,2026-03-28,1,1,100.24214172363281,100.24214172363281,69.6095199584961,87.60574340820312,100.24214172363281,123.30606079101562,188.34410095214844,2026-03-21,2026-03-28,xgboost_direct
04,2026-03-21,2026-04-04,2,2,79.58670806884766,79.58670806884766,54.22098159790039,74.87503814697266,79.58670806884766,113.49945831298828,183.1546630859375,2026-03-21,2026-04-04,xgboost_direct
04,2026-03-21,2026-04-11,3,3,72.77864074707031,72.77864074707031,46.7879524230957,71.67256927490234,72.77864074707031,115.28536987304688,167.2886199951172,2026-03-21,2026-04-11,xgboost_direct
04,2026-03-21,2026-04-18,4,4,61.666343688964844,61.666343688964844,34.35901641845703,60.25824737548828,61.666343688964844,93.80952453613281,132.8311309814453,2026-03-21,2026-04-18,xgboost_direct
05,2026-03-21,2026-03-28,1,1,42.79186248779297,42.79186248779297,26.4963436126709,29.241710662841797,42.79186248779297,53.92342758178711,88.72521209716797,2026-03-21,2026-03-28,xgboost_direct
05,2026-03-21,2026-04-04,2,2,37.91357421875,37.91357421875,22.529525756835938,25.106576919555664,37.91357421875,43.904842376708984,97.68366241455078,2026-03-21,2026-04-04,xgboost_direct
05,2026-03-21,2026-04-11,3,3,28.208826065063477,28.208826065063477,12.340303421020508,19.849842071533203,28.208826065063477,42.053306579589844,78.3479232788086,2026-03-21,2026-04-11,xgboost_direct
05,2026-03-21,2026-04-18,4,4,22.627037048339844,22.627037048339844,12.00950813293457,17.619295120239258,22.627037048339844,36.43316650390625,55.92720413208008,2026-03-21,2026-04-18,xgboost_direct
06,2026-03-21,2026-03-28,1,1,514.1343383789062,514.1343383789062,210.29999999999998,485.74822998046875,514.1343383789062,534.8754272460938,607.327392578125,2026-03-21,2026-03-28,xgboost_direct
06,2026-03-21,2026-04-04,2,2,439.6673278808594,439.6673278808594,159.14930725097656,381.5782775878906,439.6673278808594,452.83575439453125,505.233642578125,2026-03-21,2026-04-04,xgboost_direct
06,2026-03-21,2026-04-11,3,3,308.3563232421875,308.3563232421875,132.60382080078125,231.84170532226562,308.3563232421875,337.8970947265625,388.7470703125,2026-03-21,2026-04-11,xgboost_direct
06,2026-03-21,2026-04-18,4,4,198.83853149414062,198.83853149414062,98.75959014892578,162.10182189941406,198.83853149414062,244.5355682373047,298.73291015625,2026-03-21,2026-04-18,xgboost_direct
08,2026-03-21,2026-03-28,1,1,90.30803680419922,90.30803680419922,51.057838439941406,71.8526382446289,90.30803680419922,101.05561065673828,133.61431884765625,2026-03-21,2026-03-28,xgboost_direct
08,2026-03-21,2026-04-04,2,2,71.50853729248047,71.50853729248047,43.36343765258789,59.19440841674805,71.50853729248047,91.26676177978516,132.72447204589844,2026-03-21,2026-04-04,xgboost_direct
08,2026-03-21,2026-04-11,3,3,56.27962875366211,56.27962875366211,33.381683349609375,49.564414978027344,56.27962875366211,89.05113220214844,123.95573425292969,2026-03-21,2026-04-11,xgboost_direct
08,2026-03-21,2026-04-18,4,4,51.51058578491211,51.51058578491211,28.894208908081055,44.817832946777344,51.51058578491211,75.75746154785156,124.97337341308594,2026-03-21,2026-04-18,xgboost_direct
09,2026-03-21,2026-03-28,1,1,30.36208152770996,30.36208152770996,15.332306861877441,24.9210262298584,30.36208152770996,33.75,49.52330780029297,2026-03-21,2026-03-28,xgboost_direct
09,2026-03-21,2026-04-04,2,2,25.543838500976562,25.543838500976562,14.506101608276367,23.99435806274414,25.543838500976562,34.816322326660156,52.281150817871094,2026-03-21,2026-04-04,xgboost_direct
09,2026-03-21,2026-04-11,3,3,21.72638511657715,21.72638511657715,14.905496597290039,18.843318939208984,21.72638511657715,37.61365509033203,63.34961700439453,2026-03-21,2026-04-11,xgboost_direct
09,2026-03-21,2026-04-18,4,4,19.011619567871094,19.011619567871094,13.527311325073242,17.85379409790039,19.011619567871094,33.26353454589844,60.531150817871094,2026-03-21,2026-04-18,xgboost_direct
10,2026-03-21,2026-03-28,1,1,24.43307113647461,24.43307113647461,12.265332221984863,17.64517593383789,24.43307113647461,30.366493225097656,47.76141357421875,2026-03-21,2026-03-28,xgboost_direct
10,2026-03-21,2026-04-04,2,2,21.710481643676758,21.710481643676758,9.792738914489746,16.379541397094727,21.710481643676758,31.947582244873047,45.99045944213867,2026-03-21,2026-04-04,xgboost_direct
10,2026-03-21,2026-04-11,3,3,18.280092239379883,18.280092239379883,8.506678581237793,13.88801097869873,18.280092239379883,27.592451095581055,50.687129974365234,2026-03-21,2026-04-11,xgboost_direct
10,2026-03-21,2026-04-18,4,4,15.434870719909668,15.434870719909668,6.007374286651611,11.506319999694824,15.434870719909668,24.015390396118164,43.68513488769531,2026-03-21,2026-04-18,xgboost_direct
11,2026-03-21,2026-03-28,1,1,4.8261213302612305,4.8261213302612305,0.4747614562511444,2.7330620288848877,4.8261213302612305,5.707218170166016,14.023332595825195,2026-03-21,2026-03-28,xgboost_direct
11,2026-03-21,2026-04-04,2,2,4.906152248382568,4.906152248382568,0.5591303110122681,2.387885570526123,4.906152248382568,6.783612251281738,14.926199913024902,2026-03-21,2026-04-04,xgboost_direct
11,2026-03-21,2026-04-11,3,3,3.404813766479492,3.404813766479492,0.335367888212204,1.778862476348877,3.404813766479492,5.27543830871582,16.434207916259766,2026-03-21,2026-04-11,xgboost_direct
11,2026-03-21,2026-04-18,4,4,3.0744264125823975,3.0744264125823975,0.2727486193180084,1.6357765197753906,3.0744264125823975,5.710798740386963,18.051246643066406,2026-03-21,2026-04-18,xgboost_direct
12,2026-03-21,2026-03-28,1,1,304.6780090332031,304.6780090332031,168.24037170410156,283.4736022949219,304.6780090332031,331.6093444824219,467.5194396972656,2026-03-21,2026-03-28,xgboost_direct
12,2026-03-21,2026-04-04,2,2,208.63510131835938,208.63510131835938,126.22228240966797,207.64402770996094,208.63510131835938,290.34429931640625,425.4700012207031,2026-03-21,2026-04-04,xgboost_direct
12,2026-03-21,2026-04-11,3,3,154.55116271972656,154.55116271972656,93.85826873779297,141.1173553466797,154.55116271972656,249.49440002441406,305.8804016113281,2026-03-21,2026-04-11,xgboost_direct
12,2026-03-21,2026-04-18,4,4,131.98031616210938,131.98031616210938,75.78081512451172,110.26837158203125,131.98031616210938,183.40184020996094,262.02044677734375,2026-03-21,2026-04-18,xgboost_direct
13,2026-03-21,2026-03-28,1,1,71.12150573730469,71.12150573730469,55.00116729736328,66.5296859741211,71.12150573730469,96.66441345214844,143.7228546142578,2026-03-21,2026-03-28,xgboost_direct
13,2026-03-21,2026-04-04,2,2,59.75093460083008,59.75093460083008,43.736087799072266,59.51457977294922,59.75093460083008,87.27595520019531,149.55514526367188,2026-03-21,2026-04-04,xgboost_direct
13,2026-03-21,2026-04-11,3,3,54.087249755859375,54.087249755859375,34.17243576049805,42.5258903503418,54.087249755859375,81.87355041503906,111.01066589355469,2026-03-21,2026-04-11,xgboost_direct
13,2026-03-21,2026-04-18,4,4,48.81625747680664,48.81625747680664,28.87671661376953,38.94589614868164,48.81625747680664,67.27001953125,101.61629486083984,2026-03-21,2026-04-18,xgboost_direct
15,2026-03-21,2026-03-28,1,1,19.8045654296875,19.8045654296875,9.303874969482422,14.995205879211426,19.8045654296875,31.299396514892578,43.26527404785156,2026-03-21,2026-03-28,xgboost_direct
15,2026-03-21,2026-04-04,2,2,18.09548568725586,18.09548568725586,6.715549468994141,14.042292594909668,18.09548568725586,27.595001220703125,49.84444046020508,2026-03-21,2026-04-04,xgboost_direct
15,2026-03-21,2026-04-11,3,3,14.33206844329834,14.33206844329834,5.186382293701172,11.68687629699707,14.33206844329834,26.801910400390625,61.55176544189453,2026-03-21,2026-04-11,xgboost_direct
15,2026-03-21,2026-04-18,4,4,12.027194023132324,12.027194023132324,5.410776138305664,10.329764366149902,12.027194023132324,19.388019561767578,47.975643157958984,2026-03-21,2026-04-18,xgboost_direct
16,2026-03-21,2026-03-28,1,1,45.21396255493164,45.21396255493164,30.854747772216797,36.574501037597656,45.21396255493164,62.70448303222656,96.6430435180664,2026-03-21,2026-03-28,xgboost_direct
16,2026-03-21,2026-04-04,2,2,37.18606185913086,37.18606185913086,21.09744644165039,26.749666213989258,37.18606185913086,50.956016540527344,104.42884063720703,2026-03-21,2026-04-04,xgboost_direct
16,2026-03-21,2026-04-11,3,3,28.493953704833984,28.493953704833984,11.971391677856445,22.22855567932129,28.493953704833984,43.599369049072266,98.49773406982422,2026-03-21,2026-04-11,xgboost_direct
16,2026-03-21,2026-04-18,4,4,26.098297119140625,26.098297119140625,10.462799072265625,18.524682998657227,26.098297119140625,39.876731872558594,63.35704040527344,2026-03-21,2026-04-18,xgboost_direct
17,2026-03-21,2026-03-28,1,1,153.862060546875,153.862060546875,94.21064758300781,126.328369140625,153.862060546875,160.76380920410156,244.8972625732422,2026-03-21,2026-03-28,xgboost_direct
17,2026-03-21,2026-04-04,2,2,110.8914566040039,110.8914566040039,61.997169494628906,95.8455810546875,110.8914566040039,146.64109802246094,205.6582794189453,2026-03-21,2026-04-04,xgboost_direct
17,2026-03-21,2026-04-11,3,3,89.51288604736328,89.51288604736328,60.1076774597168,82.77222442626953,89.51288604736328,147.1956329345703,181.10894775390625,2026-03-21,2026-04-11,xgboost_direct
17,2026-03-21,2026-04-18,4,4,73.50774383544922,73.50774383544922,43.730533599853516,71.91561889648438,73.50774383544922,105.58267974853516,164.35902404785156,2026-03-21,2026-04-18,xgboost_direct
18,2026-03-21,2026-03-28,1,1,163.39891052246094,163.39891052246094,99.61093139648438,140.4031982421875,163.39891052246094,163.9391326904297,229.52484130859375,2026-03-21,2026-03-28,xgboost_direct
18,2026-03-21,2026-04-04,2,2,116.32354736328125,116.32354736328125,63.35707092285156,111.65450286865234,116.32354736328125,149.4320068359375,235.72732543945312,2026-03-21,2026-04-04,xgboost_direct
18,2026-03-21,2026-04-11,3,3,93.2769775390625,93.2769775390625,58.54009246826172,82.57652282714844,93.2769775390625,149.64096069335938,222.74237060546875,2026-03-21,2026-04-11,xgboost_direct
18,2026-03-21,2026-04-18,4,4,77.16573333740234,77.16573333740234,42.96137237548828,73.83685302734375,77.16573333740234,113.84761047363281,172.5843963623047,2026-03-21,2026-04-18,xgboost_direct
19,2026-03-21,2026-03-28,1,1,58.21886444091797,58.21886444091797,40.96674346923828,52.476219177246094,58.21886444091797,78.81839752197266,114.83660125732422,2026-03-21,2026-03-28,xgboost_direct
19,2026-03-21,2026-04-04,2,2,48.54963302612305,48.54963302612305,28.022235870361328,39.245243072509766,48.54963302612305,60.40824890136719,106.91450500488281,2026-03-21,2026-04-04,xgboost_direct
19,2026-03-21,2026-04-11,3,3,38.942630767822266,38.942630767822266,21.158687591552734,30.123605728149414,38.942630767822266,55.479827880859375,95.0091552734375,2026-03-21,2026-04-11,xgboost_direct
19,2026-03-21,2026-04-18,4,4,32.885353088378906,32.885353088378906,14.93127727508545,25.2508487701416,32.885353088378906,48.76200866699219,69.42874145507812,2026-03-21,2026-04-18,xgboost_direct
20,2026-03-21,2026-03-28,1,1,34.3316535949707,34.3316535949707,22.23760223388672,25.536182403564453,34.3316535949707,43.95252990722656,80.86798095703125,2026-03-21,2026-03-28,xgboost_direct
20,2026-03-21,2026-04-04,2,2,32.04042053222656,32.04042053222656,14.826436996459961,21.074541091918945,32.04042053222656,34.43830871582031,91.02320861816406,2026-03-21,2026-04-04,xgboost_direct
20,2026-03-21,2026-04-11,3,3,24.862098693847656,24.862098693847656,11.038411140441895,16.815858840942383,24.862098693847656,29.79562759399414,79.27306365966797,2026-03-21,2026-04-11,xgboost_direct
20,2026-03-21,2026-04-18,4,4,18.617332458496094,18.617332458496094,10.749752044677734,14.816335678100586,18.617332458496094,29.71559715270996,53.59358215332031,2026-03-21,2026-04-18,xgboost_direct
21,2026-03-21,2026-03-28,1,1,99.05628967285156,99.05628967285156,71.39718627929688,89.2677230834961,99.05628967285156,128.05136108398438,177.18624877929688,2026-03-21,2026-03-28,xgboost_direct
21,2026-03-21,2026-04-04,2,2,75.4085693359375,75.4085693359375,56.126277923583984,73.5298843383789,75.4085693359375,108.39710235595703,196.02064514160156,2026-03-21,2026-04-04,xgboost_direct
21,2026-03-21,2026-04-11,3,3,64.40596771240234,64.40596771240234,39.486305236816406,61.511898040771484,64.40596771240234,105.9975814819336,160.72254943847656,2026-03-21,2026-04-11,xgboost_direct
21,2026-03-21,2026-04-18,4,4,55.69469451904297,55.69469451904297,32.87662887573242,49.829593658447266,55.69469451904297,89.20188903808594,146.27610778808594,2026-03-21,2026-04-18,xgboost_direct
22,2026-03-21,2026-03-28,1,1,74.05924987792969,74.05924987792969,54.60087585449219,61.56199645996094,74.05924987792969,98.77842712402344,147.25973510742188,2026-03-21,2026-03-28,xgboost_direct
22,2026-03-21,2026-04-04,2,2,60.73396301269531,60.73396301269531,44.12929916381836,59.56645202636719,60.73396301269531,87.56514739990234,155.75210571289062,2026-03-21,2026-04-04,xgboost_direct
22,2026-03-21,2026-04-11,3,3,56.189292907714844,56.189292907714844,35.89520263671875,45.64484405517578,56.189292907714844,80.98404693603516,116.66867065429688,2026-03-21,2026-04-11,xgboost_direct
22,2026-03-21,2026-04-18,4,4,49.209571838378906,49.209571838378906,28.220590591430664,40.1378059387207,49.209571838378906,66.24198150634766,106.712158203125,2026-03-21,2026-04-18,xgboost_direct
23,2026-03-21,2026-03-28,1,1,25.123188018798828,25.123188018798828,13.351621627807617,20.644025802612305,25.123188018798828,32.164329528808594,48.90239334106445,2026-03-21,2026-03-28,xgboost_direct
23,2026-03-21,2026-04-04,2,2,22.427249908447266,22.427249908447266,11.537384033203125,17.821128845214844,22.427249908447266,32.436866760253906,47.0104866027832,2026-03-21,2026-04-04,xgboost_direct
23,2026-03-21,2026-04-11,3,3,18.384241104125977,18.384241104125977,9.734841346740723,15.92746639251709,18.384241104125977,28.017841339111328,47.84859085083008,2026-03-21,2026-04-11,xgboost_direct
23,2026-03-21,2026-04-18,4,4,14.933818817138672,14.933818817138672,7.801288604736328,14.084707260131836,14.933818817138672,25.267677307128906,47.19550704956055,2026-03-21,2026-04-18,xgboost_direct
24,2026-03-21,2026-03-28,1,1,41.40668869018555,41.40668869018555,24.33542251586914,40.547027587890625,41.40668869018555,61.15181350708008,77.35347747802734,2026-03-21,2026-03-28,xgboost_direct
24,2026-03-21,2026-04-04,2,2,38.787506103515625,38.787506103515625,22.1308650970459,37.766815185546875,38.787506103515625,54.41102600097656,78.8790512084961,2026-03-21,2026-04-04,xgboost_direct
24,2026-03-21,2026-04-11,3,3,30.38937759399414,30.38937759399414,20.916797637939453,29.73220443725586,30.38937759399414,49.88758850097656,83.92274475097656,2026-03-21,2026-04-11,xgboost_direct
24,2026-03-21,2026-04-18,4,4,34.12824630737305,34.12824630737305,19.62738800048828,24.605518341064453,34.12824630737305,52.053184509277344,76.31794738769531,2026-03-21,2026-04-18,xgboost_direct
25,2026-03-21,2026-03-28,1,1,32.905094146728516,32.905094146728516,18.08209991455078,23.085433959960938,32.905094146728516,47.43838882446289,66.88343811035156,2026-03-21,2026-03-28,xgboost_direct
25,2026-03-21,2026-04-04,2,2,31.479719161987305,31.479719161987305,13.570069313049316,21.84455108642578,31.479719161987305,40.96434020996094,70.8770980834961,2026-03-21,2026-04-04,xgboost_direct
25,2026-03-21,2026-04-11,3,3,26.084274291992188,26.084274291992188,11.161529541015625,22.44099998474121,26.084274291992188,35.88422775268555,77.517333984375,2026-03-21,2026-04-11,xgboost_direct
25,2026-03-21,2026-04-18,4,4,21.24431610107422,21.24431610107422,11.538002967834473,19.955577850341797,21.24431610107422,33.62051773071289,56.36143493652344,2026-03-21,2026-04-18,xgboost_direct
26,2026-03-21,2026-03-28,1,1,128.7651824951172,128.7651824951172,82.0880126953125,107.35504913330078,128.7651824951172,160.2740478515625,219.9104766845703,2026-03-21,2026-03-28,xgboost_direct
26,2026-03-21,2026-04-04,2,2,93.52143859863281,93.52143859863281,61.71964645385742,92.27526092529297,93.52143859863281,135.39752197265625,227.3089599609375,2026-03-21,2026-04-04,xgboost_direct
26,2026-03-21,2026-04-11,3,3,85.5909194946289,85.5909194946289,56.41704177856445,77.7640380859375,85.5909194946289,132.23648071289062,211.4132843017578,2026-03-21,2026-04-11,xgboost_direct
26,2026-03-21,2026-04-18,4,4,70.41350555419922,70.41350555419922,39.4439582824707,67.9113540649414,70.41350555419922,105.574951171875,159.3443145751953,2026-03-21,2026-04-18,xgboost_direct
27,2026-03-21,2026-03-28,1,1,103.03771209716797,103.03771209716797,60.35331344604492,88.77566528320312,103.03771209716797,118.91060638427734,147.85968017578125,2026-03-21,2026-03-28,xgboost_direct
27,2026-03-21,2026-04-04,2,2,90.02521514892578,90.02521514892578,52.19121170043945,81.93257141113281,90.02521514892578,104.13735961914062,140.3026885986328,2026-03-21,2026-04-04,xgboost_direct
27,2026-03-21,2026-04-11,3,3,72.93302917480469,72.93302917480469,43.08015823364258,59.91293716430664,72.93302917480469,102.01163482666016,153.72654724121094,2026-03-21,2026-04-11,xgboost_direct
27,2026-03-21,2026-04-18,4,4,56.330970764160156,56.330970764160156,33.841224670410156,53.412750244140625,56.330970764160156,99.7093734741211,148.46224975585938,2026-03-21,2026-04-18,xgboost_direct
28,2026-03-21,2026-03-28,1,1,52.610504150390625,52.610504150390625,37.748741149902344,48.76313781738281,52.610504150390625,65.5495376586914,108.27812957763672,2026-03-21,2026-03-28,xgboost_direct
28,2026-03-21,2026-04-04,2,2,45.79641342163086,45.79641342163086,23.466468811035156,35.23910140991211,45.79641342163086,53.38492965698242,119.34284210205078,2026-03-21,2026-04-04,xgboost_direct
28,2026-03-21,2026-04-11,3,3,34.563270568847656,34.563270568847656,17.192649841308594,23.04068374633789,34.563270568847656,45.03821563720703,89.21354675292969,2026-03-21,2026-04-11,xgboost_direct
28,2026-03-21,2026-04-18,4,4,26.174589157104492,26.174589157104492,14.64427661895752,19.13640022277832,26.174589157104492,38.94574737548828,63.542633056640625,2026-03-21,2026-04-18,xgboost_direct
29,2026-03-21,2026-03-28,1,1,90.68888092041016,90.68888092041016,67.86743927001953,76.79463958740234,90.68888092041016,120.98153686523438,174.90579223632812,2026-03-21,2026-03-28,xgboost_direct
29,2026-03-21,2026-04-04,2,2,74.14068603515625,74.14068603515625,53.721378326416016,63.90010070800781,74.14068603515625,104.8279037475586,166.50770568847656,2026-03-21,2026-04-04,xgboost_direct
29,2026-03-21,2026-04-11,3,3,63.16647720336914,63.16647720336914,36.7634391784668,55.239601135253906,63.16647720336914,104.79334259033203,122.51844787597656,2026-03-21,2026-04-11,xgboost_direct
29,2026-03-21,2026-04-18,4,4,53.78498077392578,53.78498077392578,33.37274932861328,48.44980239868164,53.78498077392578,79.94672393798828,124.54580688476562,2026-03-21,2026-04-18,xgboost_direct
30,2026-03-21,2026-03-28,1,1,32.9134635925293,32.9134635925293,17.563657760620117,24.291303634643555,32.9134635925293,41.91965103149414,62.559810638427734,2026-03-21,2026-03-28,xgboost_direct
30,2026-03-21,2026-04-04,2,2,26.648441314697266,26.648441314697266,12.674188613891602,20.33907127380371,26.648441314697266,34.219879150390625,57.21064758300781,2026-03-21,2026-04-04,xgboost_direct
30,2026-03-21,2026-04-11,3,3,22.931428909301758,22.931428909301758,11.809029579162598,19.287250518798828,22.931428909301758,30.87926483154297,59.518760681152344,2026-03-21,2026-04-11,xgboost_direct
30,2026-03-21,2026-04-18,4,4,19.750490188598633,19.750490188598633,9.429373741149902,15.746956825256348,19.750490188598633,36.166202545166016,61.523345947265625,2026-03-21,2026-04-18,xgboost_direct
31,2026-03-21,2026-03-28,1,1,34.2734260559082,34.2734260559082,18.810714721679688,25.623291015625,34.2734260559082,52.06120300292969,71.3798599243164,2026-03-21,2026-03-28,xgboost_direct
31,2026-03-21,2026-04-04,2,2,28.851177215576172,28.851177215576172,11.625687599182129,20.713228225708008,28.851177215576172,36.35725021362305,67.88609313964844,2026-03-21,2026-04-04,xgboost_direct
31,2026-03-21,2026-04-11,3,3,24.2103328704834,24.2103328704834,10.840283393859863,17.7847900390625,24.2103328704834,28.49272346496582,75.14443969726562,2026-03-21,2026-04-11,xgboost_direct
31,2026-03-21,2026-04-18,4,4,19.772844314575195,19.772844314575195,7.5951995849609375,14.233165740966797,19.772844314575195,29.452743530273438,54.28893280029297,2026-03-21,2026-04-18,xgboost_direct
32,2026-03-21,2026-03-28,1,1,42.237396240234375,42.237396240234375,24.212982177734375,34.834327697753906,42.237396240234375,59.287105560302734,72.85836791992188,2026-03-21,2026-03-28,xgboost_direct
32,2026-03-21,2026-04-04,2,2,34.632568359375,34.632568359375,16.055910110473633,26.44690704345703,34.632568359375,47.50029373168945,66.88411712646484,2026-03-21,2026-04-04,xgboost_direct
32,2026-03-21,2026-04-11,3,3,28.64504051208496,28.64504051208496,15.187113761901855,24.855558395385742,28.64504051208496,38.804908752441406,73.3685302734375,2026-03-21,2026-04-11,xgboost_direct
32,2026-03-21,2026-04-18,4,4,26.93902587890625,26.93902587890625,11.227612495422363,19.84273910522461,26.93902587890625,40.54902648925781,65.68466186523438,2026-03-21,2026-04-18,xgboost_direct
33,2026-03-21,2026-03-28,1,1,22.780132293701172,22.780132293701172,9.325963973999023,18.499897003173828,22.780132293701172,24.526016235351562,43.355323791503906,2026-03-21,2026-03-28,xgboost_direct
33,2026-03-21,2026-04-04,2,2,19.15350914001465,19.15350914001465,9.67818832397461,17.536922454833984,19.15350914001465,21.671524047851562,44.89724349975586,2026-03-21,2026-04-04,xgboost_direct
33,2026-03-21,2026-04-11,3,3,18.138675689697266,18.138675689697266,5.792786598205566,14.625753402709961,18.138675689697266,25.271703720092773,44.746097564697266,2026-03-21,2026-04-11,xgboost_direct
33,2026-03-21,2026-04-18,4,4,15.252544403076172,15.252544403076172,5.94306755065918,12.254416465759277,15.252544403076172,21.294124603271484,44.633670806884766,2026-03-21,2026-04-18,xgboost_direct
34,2026-03-21,2026-03-28,1,1,111.45458221435547,111.45458221435547,70.13580322265625,107.41407012939453,111.45458221435547,151.37619018554688,192.70399475097656,2026-03-21,2026-03-28,xgboost_direct
34,2026-03-21,2026-04-04,2,2,105.4038314819336,105.4038314819336,57.94593048095703,98.81002807617188,105.4038314819336,136.00230407714844,209.6522674560547,2026-03-21,2026-04-04,xgboost_direct
34,2026-03-21,2026-04-11,3,3,82.5083999633789,82.5083999633789,54.10427474975586,80.41619873046875,82.5083999633789,134.13629150390625,228.18112182617188,2026-03-21,2026-04-11,xgboost_direct
34,2026-03-21,2026-04-18,4,4,72.51827239990234,72.51827239990234,41.78483200073242,70.9329833984375,72.51827239990234,113.19194030761719,176.96165466308594,2026-03-21,2026-04-18,xgboost_direct
35,2026-03-21,2026-03-28,1,1,39.59285354614258,39.59285354614258,26.30663299560547,33.75472640991211,39.59285354614258,58.11312484741211,81.63753509521484,2026-03-21,2026-03-28,xgboost_direct
35,2026-03-21,2026-04-04,2,2,34.50907897949219,34.50907897949219,15.97853946685791,26.354219436645508,34.50907897949219,43.085655212402344,82.0751724243164,2026-03-21,2026-04-04,xgboost_direct
35,2026-03-21,2026-04-11,3,3,28.744447708129883,28.744447708129883,14.874874114990234,24.616552352905273,28.744447708129883,37.29649353027344,96.64103698730469,2026-03-21,2026-04-11,xgboost_direct
35,2026-03-21,2026-04-18,4,4,26.556663513183594,26.556663513183594,13.970239639282227,20.098520278930664,26.556663513183594,38.468204498291016,66.5346450805664,2026-03-21,2026-04-18,xgboost_direct
36,2026-03-21,2026-03-28,1,1,206.05874633789062,206.05874633789062,114.109619140625,177.095703125,206.05874633789062,240.28587341308594,271.097412109375,2026-03-21,2026-03-28,xgboost_direct
36,2026-03-21,2026-04-04,2,2,144.89138793945312,144.89138793945312,82.80331420898438,143.25917053222656,144.89138793945312,184.2300567626953,266.002197265625,2026-03-21,2026-04-04,xgboost_direct
36,2026-03-21,2026-04-11,3,3,115.46216583251953,115.46216583251953,65.72633361816406,114.94292449951172,115.46216583251953,194.20144653320312,282.0325012207031,2026-03-21,2026-04-11,xgboost_direct
36,2026-03-21,2026-04-18,4,4,90.78826904296875,90.78826904296875,53.552555084228516,88.19216918945312,90.78826904296875,142.30337524414062,231.63917541503906,2026-03-21,2026-04-18,xgboost_direct
37,2026-03-21,2026-03-28,1,1,65.93091583251953,65.93091583251953,53.065731048583984,62.55332565307617,65.93091583251953,96.35005950927734,128.14959716796875,2026-03-21,2026-03-28,xgboost_direct
37,2026-03-21,2026-04-04,2,2,57.78355026245117,57.78355026245117,39.83591079711914,57.25993728637695,57.78355026245117,81.20917510986328,141.33111572265625,2026-03-21,2026-04-04,xgboost_direct
37,2026-03-21,2026-04-11,3,3,51.99012756347656,51.99012756347656,32.22809600830078,40.763519287109375,51.99012756347656,80.02240753173828,97.6900634765625,2026-03-21,2026-04-11,xgboost_direct
37,2026-03-21,2026-04-18,4,4,41.491661071777344,41.491661071777344,27.33658218383789,35.8085823059082,41.491661071777344,62.44081115722656,82.81781768798828,2026-03-21,2026-04-18,xgboost_direct
38,2026-03-21,2026-03-28,1,1,22.745746612548828,22.745746612548828,8.92871379852295,18.408273696899414,22.745746612548828,25.67217445373535,41.59558868408203,2026-03-21,2026-03-28,xgboost_direct
38,2026-03-21,2026-04-04,2,2,19.81537628173828,19.81537628173828,8.333002090454102,16.37949562072754,19.81537628173828,21.07784652709961,42.72907638549805,2026-03-21,2026-04-04,xgboost_direct
38,2026-03-21,2026-04-11,3,3,17.022647857666016,17.022647857666016,4.5171380043029785,14.089466094970703,17.022647857666016,19.51787567138672,48.04792785644531,2026-03-21,2026-04-11,xgboost_direct
38,2026-03-21,2026-04-18,4,4,14.693881034851074,14.693881034851074,4.940430164337158,11.397758483886719,14.693881034851074,18.678834915161133,42.10151672363281,2026-03-21,2026-04-18,xgboost_direct
39,2026-03-21,2026-03-28,1,1,195.1968536376953,195.1968536376953,123.33214569091797,170.06988525390625,195.1968536376953,224.4219512939453,305.8862609863281,2026-03-21,2026-03-28,xgboost_direct
39,2026-03-21,2026-04-04,2,2,146.0312957763672,146.0312957763672,101.05843353271484,130.54547119140625,146.0312957763672,176.22238159179688,268.4567565917969,2026-03-21,2026-04-04,xgboost_direct
39,2026-03-21,2026-04-11,3,3,112.9947280883789,112.9947280883789,69.58070373535156,112.52361297607422,112.9947280883789,179.0006103515625,269.8199768066406,2026-03-21,2026-04-11,xgboost_direct
39,2026-03-21,2026-04-18,4,4,92.37374114990234,92.37374114990234,52.277706146240234,82.30525207519531,92.37374114990234,136.8240203857422,231.17926025390625,2026-03-21,2026-04-18,xgboost_direct
40,2026-03-21,2026-03-28,1,1,52.715633392333984,52.715633392333984,41.33274459838867,51.29241180419922,52.715633392333984,75.5705795288086,112.24581909179688,2026-03-21,2026-03-28,xgboost_direct
40,2026-03-21,2026-04-04,2,2,48.69176483154297,48.69176483154297,25.511322021484375,34.92212677001953,48.69176483154297,57.52858352661133,129.41644287109375,2026-03-21,2026-04-04,xgboost_direct
40,2026-03-21,2026-04-11,3,3,37.337547302246094,37.337547302246094,18.62901496887207,24.26884651184082,37.337547302246094,50.83552551269531,87.43812561035156,2026-03-21,2026-04-11,xgboost_direct
40,2026-03-21,2026-04-18,4,4,28.74628448486328,28.74628448486328,15.777097702026367,19.076101303100586,28.74628448486328,43.5974006652832,67.26438903808594,2026-03-21,2026-04-18,xgboost_direct
41,2026-03-21,2026-03-28,1,1,43.14917755126953,43.14917755126953,33.22334289550781,42.25804901123047,43.14917755126953,63.79719161987305,110.73247528076172,2026-03-21,2026-03-28,xgboost_direct
41,2026-03-21,2026-04-04,2,2,35.1361198425293,35.1361198425293,23.648569107055664,27.42436981201172,35.1361198425293,49.25176239013672,124.07966613769531,2026-03-21,2026-04-04,xgboost_direct
41,2026-03-21,2026-04-11,3,3,27.84954261779785,27.84954261779785,14.607070922851562,21.53018569946289,27.84954261779785,39.856204986572266,74.72351837158203,2026-03-21,2026-04-11,xgboost_direct
41,2026-03-21,2026-04-18,4,4,21.66541290283203,21.66541290283203,15.142938613891602,17.574512481689453,21.66541290283203,35.94495391845703,57.44218444824219,2026-03-21,2026-04-18,xgboost_direct
42,2026-03-21,2026-03-28,1,1,437.47088623046875,437.47088623046875,205.2,376.8948974609375,437.47088623046875,452.27777099609375,684.1996459960938,2026-03-21,2026-03-28,xgboost_direct
42,2026-03-21,2026-04-04,2,2,316.8642272949219,316.8642272949219,142.58367919921875,304.4693603515625,316.8642272949219,353.23272705078125,542.7572631835938,2026-03-21,2026-04-04,xgboost_direct
42,2026-03-21,2026-04-11,3,3,228.63980102539062,228.63980102539062,117.76670837402344,200.4966583251953,228.63980102539062,290.7993469238281,430.65533447265625,2026-03-21,2026-04-11,xgboost_direct
42,2026-03-21,2026-04-18,4,4,150.101806640625,150.101806640625,93.07942962646484,150.09230041503906,150.101806640625,236.36912536621094,341.9927978515625,2026-03-21,2026-04-18,xgboost_direct
44,2026-03-21,2026-03-28,1,1,13.923944473266602,13.923944473266602,3.8115696907043457,10.691285133361816,13.923944473266602,16.2801570892334,31.21101951599121,2026-03-21,2026-03-28,xgboost_direct
44,2026-03-21,2026-04-04,2,2,11.858022689819336,11.858022689819336,3.2113077640533447,7.958167552947998,11.858022689819336,12.904295921325684,31.661319732666016,2026-03-21,2026-04-04,xgboost_direct
44,2026-03-21,2026-04-11,3,3,9.94372272491455,9.94372272491455,2.4348630905151367,7.2188615798950195,9.94372272491455,12.621692657470703,39.716556549072266,2026-03-21,2026-04-11,xgboost_direct
44,2026-03-21,2026-04-18,4,4,8.02868938446045,8.02868938446045,1.363294005393982,5.370389461517334,8.02868938446045,14.900044441223145,34.367347717285156,2026-03-21,2026-04-18,xgboost_direct
45,2026-03-21,2026-03-28,1,1,42.67268753051758,42.67268753051758,30.600250244140625,32.29081344604492,42.67268753051758,48.95237731933594,97.38629913330078,2026-03-21,2026-03-28,xgboost_direct
45,2026-03-21,2026-04-04,2,2,41.567020416259766,41.567020416259766,23.546361923217773,30.18648338317871,41.567020416259766,42.94269943237305,127.250732421875,2026-03-21,2026-04-04,xgboost_direct
45,2026-03-21,2026-04-11,3,3,28.590837478637695,28.590837478637695,14.670669555664062,21.472997665405273,28.590837478637695,37.91300582885742,80.25028991699219,2026-03-21,2026-04-11,xgboost_direct
45,2026-03-21,2026-04-18,4,4,23.849157333374023,23.849157333374023,16.396469116210938,20.56002426147461,23.849157333374023,36.66188430786133,58.341461181640625,2026-03-21,2026-04-18,xgboost_direct
46,2026-03-21,2026-03-28,1,1,22.630455017089844,22.630455017089844,8.50572681427002,17.979562759399414,22.630455017089844,30.941612243652344,48.81184005737305,2026-03-21,2026-03-28,xgboost_direct
46,2026-03-21,2026-04-04,2,2,18.534423828125,18.534423828125,6.8818511962890625,16.0563907623291,18.534423828125,31.35671043395996,46.05257797241211,2026-03-21,2026-04-04,xgboost_direct
46,2026-03-21,2026-04-11,3,3,15.613058090209961,15.613058090209961,3.484938621520996,12.271941184997559,15.613058090209961,25.30974578857422,45.37224578857422,2026-03-21,2026-04-11,xgboost_direct
46,2026-03-21,2026-04-18,4,4,13.276969909667969,13.276969909667969,2.9742610454559326,10.33177375793457,13.276969909667969,21.16611099243164,41.230464935302734,2026-03-21,2026-04-18,xgboost_direct
47,2026-03-21,2026-03-28,1,1,114.87615203857422,114.87615203857422,70.14506530761719,103.62928771972656,114.87615203857422,138.9359130859375,194.75680541992188,2026-03-21,2026-03-28,xgboost_direct
47,2026-03-21,2026-04-04,2,2,98.29885864257812,98.29885864257812,54.824188232421875,94.1562728881836,98.29885864257812,130.57025146484375,189.4308319091797,2026-03-21,2026-04-04,xgboost_direct
47,2026-03-21,2026-04-11,3,3,77.21267700195312,77.21267700195312,51.36811828613281,72.4994125366211,77.21267700195312,118.53575897216797,186.39651489257812,2026-03-21,2026-04-11,xgboost_direct
47,2026-03-21,2026-04-18,4,4,70.17448425292969,70.17448425292969,40.31932830810547,65.93879699707031,70.17448425292969,107.06764221191406,140.50820922851562,2026-03-21,2026-04-18,xgboost_direct
48,2026-03-21,2026-03-28,1,1,285.4660339355469,285.4660339355469,161.45013427734375,264.08221435546875,285.4660339355469,359.6663513183594,500.4476623535156,2026-03-21,2026-03-28,xgboost_direct
48,2026-03-21,2026-04-04,2,2,234.98292541503906,234.98292541503906,120.50887298583984,202.5250701904297,234.98292541503906,316.4429931640625,411.93499755859375,2026-03-21,2026-04-04,xgboost_direct
48,2026-03-21,2026-04-11,3,3,187.5938720703125,187.5938720703125,99.47850799560547,172.63919067382812,187.5938720703125,235.6304931640625,329.2509460449219,2026-03-21,2026-04-11,xgboost_direct
48,2026-03-21,2026-04-18,4,4,132.37245178222656,132.37245178222656,73.59867858886719,114.02649688720703,132.37245178222656,203.80819702148438,263.14129638671875,2026-03-21,2026-04-18,xgboost_direct
49,2026-03-21,2026-03-28,1,1,29.647472381591797,29.647472381591797,16.79035758972168,26.695369720458984,29.647472381591797,42.08051681518555,58.27322006225586,2026-03-21,2026-03-28,xgboost_direct
49,2026-03-21,2026-04-04,2,2,23.617712020874023,23.617712020874023,12.891376495361328,22.411130905151367,23.617712020874023,48.229896545410156,62.334720611572266,2026-03-21,2026-04-04,xgboost_direct
49,2026-03-21,2026-04-11,3,3,20.562875747680664,20.562875747680664,9.9066743850708,20.204744338989258,20.562875747680664,38.432640075683594,69.40580749511719,2026-03-21,2026-04-11,xgboost_direct
49,2026-03-21,2026-04-18,4,4,19.040760040283203,19.040760040283203,10.84396743774414,16.51032257080078,19.040760040283203,24.382902145385742,51.94354248046875,2026-03-21,2026-04-18,xgboost_direct
50,2026-03-21,2026-03-28,1,1,8.372126579284668,8.372126579284668,1.7999999999999998,6.083653926849365,8.372126579284668,10.180526733398438,19.88636589050293,2026-03-21,2026-03-28,xgboost_direct
50,2026-03-21,2026-04-04,2,2,7.469692230224609,7.469692230224609,1.0212208032608032,4.872218608856201,7.469692230224609,8.953289031982422,21.411182403564453,2026-03-21,2026-04-04,xgboost_direct
50,2026-03-21,2026-04-11,3,3,6.449038982391357,6.449038982391357,1.1302120685577393,3.836808443069458,6.449038982391357,8.978232383728027,23.141204833984375,2026-03-21,2026-04-11,xgboost_direct
50,2026-03-21,2026-04-18,4,4,4.669905185699463,4.669905185699463,0.2882040739059448,3.1264286041259766,4.669905185699463,7.8749589920043945,21.292369842529297,2026-03-21,2026-04-18,xgboost_direct
51,2026-03-21,2026-03-28,1,1,64.92608642578125,64.92608642578125,48.966312408447266,60.01054763793945,64.92608642578125,88.9220199584961,140.89822387695312,2026-03-21,2026-03-28,xgboost_direct
51,2026-03-21,2026-04-04,2,2,59.451560974121094,59.451560974121094,35.83516311645508,49.93561935424805,59.451560974121094,75.8013916015625,150.3407745361328,2026-03-21,2026-04-04,xgboost_direct
51,2026-03-21,2026-04-11,3,3,53.22999572753906,53.22999572753906,31.222326278686523,41.939456939697266,53.22999572753906,79.4425048828125,107.6587142944336,2026-03-21,2026-04-11,xgboost_direct
51,2026-03-21,2026-04-18,4,4,48.37460708618164,48.37460708618164,27.78945541381836,40.02602005004883,48.37460708618164,60.962196350097656,89.47029876708984,2026-03-21,2026-04-18,xgboost_direct
53,2026-03-21,2026-03-28,1,1,61.0649528503418,61.0649528503418,42.22808837890625,59.99443435668945,61.0649528503418,75.28410339355469,132.9381866455078,2026-03-21,2026-03-28,xgboost_direct
53,2026-03-21,2026-04-04,2,2,50.858062744140625,50.858062744140625,30.89215850830078,48.97129440307617,50.858062744140625,68.97095489501953,143.15060424804688,2026-03-21,2026-04-04,xgboost_direct
53,2026-03-21,2026-04-11,3,3,45.98539733886719,45.98539733886719,25.812807083129883,36.621158599853516,45.98539733886719,62.37565612792969,92.99933624267578,2026-03-21,2026-04-11,xgboost_direct
53,2026-03-21,2026-04-18,4,4,39.316734313964844,39.316734313964844,22.81532096862793,33.18102264404297,39.316734313964844,53.51716613769531,75.84131622314453,2026-03-21,2026-04-18,xgboost_direct
54,2026-03-21,2026-03-28,1,1,59.324371337890625,59.324371337890625,43.27427673339844,54.787147521972656,59.324371337890625,84.83656311035156,122.95589447021484,2026-03-21,2026-03-28,xgboost_direct
54,2026-03-21,2026-04-04,2,2,52.28471755981445,52.28471755981445,32.591365814208984,47.370887756347656,52.28471755981445,69.34339141845703,115.16327667236328,2026-03-21,2026-04-04,xgboost_direct
54,2026-03-21,2026-04-11,3,3,43.39645004272461,43.39645004272461,25.653160095214844,35.85794448852539,43.39645004272461,61.08860397338867,104.787841796875,2026-03-21,2026-04-11,xgboost_direct
54,2026-03-21,2026-04-18,4,4,38.33810806274414,38.33810806274414,16.606958389282227,34.02760314941406,38.33810806274414,57.3436164855957,73.58129119873047,2026-03-21,2026-04-18,xgboost_direct
55,2026-03-21,2026-03-28,1,1,102.8119888305664,102.8119888305664,67.47766876220703,101.8427963256836,102.8119888305664,133.55284118652344,176.35916137695312,2026-03-21,2026-03-28,xgboost_direct
55,2026-03-21,2026-04-04,2,2,99.81517028808594,99.81517028808594,54.954559326171875,90.4141616821289,99.81517028808594,125.03730010986328,186.85745239257812,2026-03-21,2026-04-04,xgboost_direct
55,2026-03-21,2026-04-11,3,3,77.67829895019531,77.67829895019531,51.19621276855469,70.80488586425781,77.67829895019531,115.88387298583984,179.10543823242188,2026-03-21,2026-04-11,xgboost_direct
55,2026-03-21,2026-04-18,4,4,63.2655029296875,63.2655029296875,40.07649230957031,61.93990707397461,63.2655029296875,101.44664001464844,143.087646484375,2026-03-21,2026-04-18,xgboost_direct
56,2026-03-21,2026-03-28,1,1,11.503547668457031,11.503547668457031,3.9,8.564291954040527,11.503547668457031,18.009387969970703,26.21669578552246,2026-03-21,2026-03-28,xgboost_direct
56,2026-03-21,2026-04-04,2,2,10.762995719909668,10.762995719909668,3.187976121902466,7.686934947967529,10.762995719909668,15.207680702209473,30.29279899597168,2026-03-21,2026-04-04,xgboost_direct
56,2026-03-21,2026-04-11,3,3,10.221396446228027,10.221396446228027,2.0388236045837402,7.158110618591309,10.221396446228027,15.137670516967773,34.590126037597656,2026-03-21,2026-04-11,xgboost_direct
56,2026-03-21,2026-04-18,4,4,7.963433742523193,7.963433742523193,1.213828444480896,5.870769500732422,7.963433742523193,12.971037864685059,29.852420806884766,2026-03-21,2026-04-18,xgboost_direct
72,2026-03-21,2026-03-28,1,1,145.98965454101562,145.98965454101562,91.02220153808594,121.31400299072266,145.98965454101562,163.66384887695312,197.18789672851562,2026-03-21,2026-03-28,xgboost_direct
72,2026-03-21,2026-04-04,2,2,137.60025024414062,137.60025024414062,68.37097930908203,113.35448455810547,137.60025024414062,146.92092895507812,216.3623046875,2026-03-21,2026-04-04,xgboost_direct
72,2026-03-21,2026-04-11,3,3,108.25151062011719,108.25151062011719,68.4792251586914,92.61621856689453,108.25151062011719,115.8024673461914,198.17022705078125,2026-03-21,2026-04-11,xgboost_direct
72,2026-03-21,2026-04-18,4,4,90.94540405273438,90.94540405273438,53.95164108276367,68.71788024902344,90.94540405273438,94.3418960571289,153.53756713867188,2026-03-21,2026-04-18,xgboost_direct
01,2026-04-18,2026-04-25,1,1,25.500757217407227,25.500757217407227,11.537808418273926,18.721323013305664,25.500757217407227,28.496570587158203,44.847381591796875,2026-04-18,2026-04-25,xgboost_direct
01,2026-04-18,2026-05-02,2,2,21.456933975219727,21.456933975219727,8.460368156433105,15.111286163330078,21.456933975219727,29.666812896728516,38.3516731262207,2026-04-18,2026-05-02,xgboost_direct
01,2026-04-18,2026-05-09,3,3,17.102659225463867,17.102659225463867,6.687277793884277,10.921280860900879,17.102659225463867,26.525236129760742,34.18413543701172,2026-04-18,2026-05-09,xgboost_direct
01,2026-04-18,2026-05-16,4,4,15.440055847167969,15.440055847167969,3.2945146560668945,8.258259773254395,15.440055847167969,18.509572982788086,33.50816345214844,2026-04-18,2026-05-16,xgboost_direct
02,2026-04-18,2026-04-25,1,1,3.6239514350891113,3.6239514350891113,0.8999999999999999,2.771043300628662,3.6239514350891113,5.872310638427734,14.237295150756836,2026-04-18,2026-04-25,xgboost_direct
02,2026-04-18,2026-05-02,2,2,4.512355327606201,4.512355327606201,0.43702003359794617,1.968008279800415,4.512355327606201,5.864908695220947,11.909914016723633,2026-04-18,2026-05-02,xgboost_direct
02,2026-04-18,2026-05-09,3,3,2.8555173873901367,2.8555173873901367,0.11799541115760803,1.5001912117004395,2.8555173873901367,3.7135462760925293,10.76185131072998,2026-04-18,2026-05-09,xgboost_direct
02,2026-04-18,2026-05-16,4,4,2.522578239440918,2.522578239440918,0.03008882887661457,0.9634546637535095,2.522578239440918,3.1847572326660156,10.860917091369629,2026-04-18,2026-05-16,xgboost_direct
04,2026-04-18,2026-04-25,1,1,45.74599075317383,45.74599075317383,26.14820098876953,34.96337890625,45.74599075317383,58.36231994628906,93.40833282470703,2026-04-18,2026-04-25,xgboost_direct
04,2026-04-18,2026-05-02,2,2,38.69520950317383,38.69520950317383,15.50522232055664,24.0095157623291,38.69520950317383,49.03776931762695,90.4763412475586,2026-04-18,2026-05-02,xgboost_direct
04,2026-04-18,2026-05-09,3,3,31.18901824951172,31.18901824951172,10.091025352478027,16.783552169799805,31.18901824951172,38.074241638183594,71.80319213867188,2026-04-18,2026-05-09,xgboost_direct
04,2026-04-18,2026-05-16,4,4,26.399459838867188,26.399459838867188,6.303693771362305,13.86470890045166,26.399459838867188,33.009864807128906,63.000946044921875,2026-04-18,2026-05-16,xgboost_direct
05,2026-04-18,2026-04-25,1,1,6.36430025100708,6.36430025100708,0.8999999999999999,3.3142642974853516,6.36430025100708,7.638861179351807,21.914674758911133,2026-04-18,2026-04-25,xgboost_direct
05,2026-04-18,2026-05-02,2,2,5.1429877281188965,5.1429877281188965,0.4172823429107666,2.350771427154541,5.1429877281188965,8.495314598083496,16.49326515197754,2026-04-18,2026-05-02,xgboost_direct
05,2026-04-18,2026-05-09,3,3,3.1264448165893555,3.1264448165893555,0.24650132656097412,1.512227177619934,3.1264448165893555,7.901598930358887,14.61471939086914,2026-04-18,2026-05-09,xgboost_direct
05,2026-04-18,2026-05-16,4,4,2.609503746032715,2.609503746032715,0.13975396752357483,0.8645870685577393,2.609503746032715,4.555356502532959,13.81568431854248,2026-04-18,2026-05-16,xgboost_direct
06,2026-04-18,2026-04-25,1,1,141.09132385253906,141.09132385253906,94.17338562011719,124.09839630126953,141.09132385253906,151.79710388183594,238.39515686035156,2026-04-18,2026-04-25,xgboost_direct
06,2026-04-18,2026-05-02,2,2,104.71991729736328,104.71991729736328,59.0846061706543,90.07891845703125,104.71991729736328,144.23733520507812,182.87484741210938,2026-04-18,2026-05-02,xgboost_direct
06,2026-04-18,2026-05-09,3,3,72.77322387695312,72.77322387695312,41.380924224853516,58.91477584838867,72.77322387695312,130.32705688476562,166.17752075195312,2026-04-18,2026-05-09,xgboost_direct
06,2026-04-18,2026-05-16,4,4,64.9520263671875,64.9520263671875,21.221370697021484,40.817413330078125,64.9520263671875,92.63077545166016,150.26112365722656,2026-04-18,2026-05-16,xgboost_direct
08,2026-04-18,2026-04-25,1,1,17.51439666748047,17.51439666748047,9.53800106048584,14.723772048950195,17.51439666748047,19.58441925048828,36.56794357299805,2026-04-18,2026-04-25,xgboost_direct
08,2026-04-18,2026-05-02,2,2,15.390559196472168,15.390559196472168,6.239869594573975,12.4237642288208,15.390559196472168,17.42967987060547,34.353572845458984,2026-04-18,2026-05-02,xgboost_direct
08,2026-04-18,2026-05-09,3,3,13.903552055358887,13.903552055358887,4.351674556732178,8.795356750488281,13.903552055358887,15.383420944213867,30.85457992553711,2026-04-18,2026-05-09,xgboost_direct
08,2026-04-18,2026-05-16,4,4,13.520904541015625,13.520904541015625,2.3739380836486816,6.519582748413086,13.520904541015625,15.02863597869873,29.676115036010742,2026-04-18,2026-05-16,xgboost_direct
09,2026-04-18,2026-04-25,1,1,28.370452880859375,28.370452880859375,13.41347885131836,25.54007911682129,28.370452880859375,32.21580505371094,47.832496643066406,2026-04-18,2026-04-25,xgboost_direct
09,2026-04-18,2026-05-02,2,2,24.436758041381836,24.436758041381836,10.885604858398438,18.256567001342773,24.436758041381836,35.55370330810547,46.63945388793945,2026-04-18,2026-05-02,xgboost_direct
09,2026-04-18,2026-05-09,3,3,19.755695343017578,19.755695343017578,9.194661140441895,14.534253120422363,19.755695343017578,27.508270263671875,44.80976104736328,2026-04-18,2026-05-09,xgboost_direct
09,2026-04-18,2026-05-16,4,4,17.364946365356445,17.364946365356445,6.197656631469727,10.736889839172363,17.364946365356445,21.46802520751953,41.865177154541016,2026-04-18,2026-05-16,xgboost_direct
10,2026-04-18,2026-04-25,1,1,2.1494288444519043,2.1494288444519043,0.6,1.8268944025039673,2.1494288444519043,3.8679873943328857,10.123407363891602,2026-04-18,2026-04-25,xgboost_direct
10,2026-04-18,2026-05-02,2,2,2.215139627456665,2.215139627456665,0.17099999999999999,1.0218513011932373,2.215139627456665,3.690431594848633,9.522502899169922,2026-04-18,2026-05-02,xgboost_direct
10,2026-04-18,2026-05-09,3,3,1.6759953498840332,1.6759953498840332,0.046169999999999996,0.6825648546218872,1.6759953498840332,2.6454825401306152,8.396621704101562,2026-04-18,2026-05-09,xgboost_direct
10,2026-04-18,2026-05-16,4,4,1.1040760278701782,1.1040760278701782,0.011773349999999998,0.388222873210907,1.1040760278701782,1.5048227310180664,7.68695592880249,2026-04-18,2026-05-16,xgboost_direct
11,2026-04-18,2026-04-25,1,1,2.821326494216919,2.821326494216919,1.5,1.6622276306152344,2.821326494216919,4.465384006500244,9.22432804107666,2026-04-18,2026-04-25,xgboost_direct
11,2026-04-18,2026-05-02,2,2,2.334195375442505,2.334195375442505,0.4275,1.4040844440460205,2.334195375442505,4.784034252166748,7.94412899017334,2026-04-18,2026-05-02,xgboost_direct
11,2026-04-18,2026-05-09,3,3,1.704225778579712,1.704225778579712,0.3759843111038208,1.1216636896133423,1.704225778579712,5.1928815841674805,9.06183910369873,2026-04-18,2026-05-09,xgboost_direct
11,2026-04-18,2026-05-16,4,4,1.8285889625549316,1.8285889625549316,0.09587600082159042,0.7726445198059082,1.8285889625549316,2.5966320037841797,8.43575382232666,2026-04-18,2026-05-16,xgboost_direct
12,2026-04-18,2026-04-25,1,1,130.83790588378906,130.83790588378906,79.01194763183594,120.64372253417969,130.83790588378906,142.00978088378906,209.73756408691406,2026-04-18,2026-04-25,xgboost_direct
12,2026-04-18,2026-05-02,2,2,95.29300689697266,95.29300689697266,44.70827865600586,79.28252410888672,95.29300689697266,130.5358123779297,184.900146484375,2026-04-18,2026-05-02,xgboost_direct
12,2026-04-18,2026-05-09,3,3,71.49591827392578,71.49591827392578,37.82493209838867,51.94230651855469,71.49591827392578,97.34905242919922,149.58163452148438,2026-04-18,2026-05-09,xgboost_direct
12,2026-04-18,2026-05-16,4,4,64.58979797363281,64.58979797363281,21.045644760131836,38.87461853027344,64.58979797363281,86.38858032226562,136.05181884765625,2026-04-18,2026-05-16,xgboost_direct
13,2026-04-18,2026-04-25,1,1,33.00748062133789,33.00748062133789,15.113395690917969,24.427719116210938,33.00748062133789,50.600521087646484,62.121925354003906,2026-04-18,2026-04-25,xgboost_direct
13,2026-04-18,2026-05-02,2,2,27.962299346923828,27.962299346923828,9.759139060974121,18.597455978393555,27.962299346923828,36.659027099609375,55.04566955566406,2026-04-18,2026-05-02,xgboost_direct
13,2026-04-18,2026-05-09,3,3,21.47432518005371,21.47432518005371,7.283670425415039,13.829565048217773,21.47432518005371,27.813777923583984,53.947105407714844,2026-04-18,2026-05-09,xgboost_direct
13,2026-04-18,2026-05-16,4,4,19.1112117767334,19.1112117767334,4.1956658363342285,10.456304550170898,19.1112117767334,24.837305068969727,42.389217376708984,2026-04-18,2026-05-16,xgboost_direct
15,2026-04-18,2026-04-25,1,1,2.5905814170837402,2.5905814170837402,1.2,1.5558042526245117,2.5905814170837402,4.249263763427734,9.9348783493042,2026-04-18,2026-04-25,xgboost_direct
15,2026-04-18,2026-05-02,2,2,1.7059448957443237,1.7059448957443237,0.34199999999999997,1.2457486391067505,1.7059448957443237,3.850299835205078,9.044882774353027,2026-04-18,2026-05-02,xgboost_direct
15,2026-04-18,2026-05-09,3,3,1.4535294771194458,1.4535294771194458,0.09233999999999999,0.8057430982589722,1.4535294771194458,2.536576986312866,8.426514625549316,2026-04-18,2026-05-09,xgboost_direct
15,2026-04-18,2026-05-16,4,4,1.5578217506408691,1.5578217506408691,0.023546699999999997,0.5045217275619507,1.5578217506408691,1.7922942638397217,8.540046691894531,2026-04-18,2026-05-16,xgboost_direct
16,2026-04-18,2026-04-25,1,1,8.57988452911377,8.57988452911377,2.1,5.4091033935546875,8.57988452911377,12.781167030334473,30.74896812438965,2026-04-18,2026-04-25,xgboost_direct
16,2026-04-18,2026-05-02,2,2,7.32827091217041,7.32827091217041,0.8049597144126892,3.5640804767608643,7.32827091217041,15.27884578704834,24.532285690307617,2026-04-18,2026-05-02,xgboost_direct
16,2026-04-18,2026-05-09,3,3,5.27147102355957,5.27147102355957,0.4833930730819702,2.5873656272888184,5.27147102355957,12.066596031188965,25.619064331054688,2026-04-18,2026-05-09,xgboost_direct
16,2026-04-18,2026-05-16,4,4,3.8929150104522705,3.8929150104522705,0.12326522916555405,2.02402925491333,3.8929150104522705,5.937003135681152,19.778724670410156,2026-04-18,2026-05-16,xgboost_direct
17,2026-04-18,2026-04-25,1,1,73.74010467529297,73.74010467529297,37.64546585083008,62.743587493896484,73.74010467529297,87.56729888916016,109.74118041992188,2026-04-18,2026-04-25,xgboost_direct
17,2026-04-18,2026-05-02,2,2,57.00716018676758,57.00716018676758,24.869665145874023,44.20964813232422,57.00716018676758,71.6631088256836,90.71135711669922,2026-04-18,2026-05-02,xgboost_direct
17,2026-04-18,2026-05-09,3,3,47.66115188598633,47.66115188598633,16.495317459106445,30.041629791259766,47.66115188598633,64.53262329101562,76.68380737304688,2026-04-18,2026-05-09,xgboost_direct
17,2026-04-18,2026-05-16,4,4,39.83113098144531,39.83113098144531,12.20948314666748,23.918773651123047,39.83113098144531,57.631263732910156,75.46951293945312,2026-04-18,2026-05-16,xgboost_direct
18,2026-04-18,2026-04-25,1,1,28.122121810913086,28.122121810913086,13.02525806427002,24.18009376525879,28.122121810913086,33.008689880371094,52.05948257446289,2026-04-18,2026-04-25,xgboost_direct
18,2026-04-18,2026-05-02,2,2,22.639585494995117,22.639585494995117,9.221376419067383,16.749542236328125,22.639585494995117,31.032129287719727,40.653221130371094,2026-04-18,2026-05-02,xgboost_direct
18,2026-04-18,2026-05-09,3,3,18.35593032836914,18.35593032836914,7.038290023803711,11.85114860534668,18.35593032836914,27.430137634277344,38.76559066772461,2026-04-18,2026-05-09,xgboost_direct
18,2026-04-18,2026-05-16,4,4,15.772153854370117,15.772153854370117,4.415493011474609,8.672985076904297,15.772153854370117,19.252464294433594,38.19779968261719,2026-04-18,2026-05-16,xgboost_direct
19,2026-04-18,2026-04-25,1,1,15.054957389831543,15.054957389831543,5.194126605987549,11.758054733276367,15.054957389831543,15.864302635192871,33.51473617553711,2026-04-18,2026-04-25,xgboost_direct
19,2026-04-18,2026-05-02,2,2,12.734339714050293,12.734339714050293,3.909435510635376,8.213436126708984,12.734339714050293,13.212236404418945,28.063379287719727,2026-04-18,2026-05-02,xgboost_direct
19,2026-04-18,2026-05-09,3,3,9.859057426452637,9.859057426452637,1.5776594877243042,5.512460231781006,9.859057426452637,11.726736068725586,26.05410385131836,2026-04-18,2026-05-09,xgboost_direct
19,2026-04-18,2026-05-16,4,4,9.80354118347168,9.80354118347168,0.9612870216369629,4.4253058433532715,9.80354118347168,11.81139087677002,25.515165328979492,2026-04-18,2026-05-16,xgboost_direct
20,2026-04-18,2026-04-25,1,1,7.411606311798096,7.411606311798096,2.1,4.727916240692139,7.411606311798096,9.448896408081055,20.651710510253906,2026-04-18,2026-04-25,xgboost_direct
20,2026-04-18,2026-05-02,2,2,6.9083733558654785,6.9083733558654785,0.8607038259506226,4.163445472717285,6.9083733558654785,7.9240617752075195,19.304906845092773,2026-04-18,2026-05-02,xgboost_direct
20,2026-04-18,2026-05-09,3,3,5.312568664550781,5.312568664550781,0.8207635283470154,2.80277943611145,5.312568664550781,7.329321384429932,17.39375877380371,2026-04-18,2026-05-09,xgboost_direct
20,2026-04-18,2026-05-16,4,4,4.90217399597168,4.90217399597168,0.39067542552948,2.160804033279419,4.90217399597168,5.7190141677856445,15.949956893920898,2026-04-18,2026-05-16,xgboost_direct
21,2026-04-18,2026-04-25,1,1,29.284534454345703,29.284534454345703,12.439411163330078,23.02223014831543,29.284534454345703,34.8144416809082,54.345088958740234,2026-04-18,2026-04-25,xgboost_direct
21,2026-04-18,2026-05-02,2,2,24.33698081970215,24.33698081970215,8.295721054077148,17.465911865234375,24.33698081970215,31.70609474182129,42.726356506347656,2026-04-18,2026-05-02,xgboost_direct
21,2026-04-18,2026-05-09,3,3,19.64913558959961,19.64913558959961,6.327219486236572,11.666457176208496,19.64913558959961,27.765634536743164,39.34512710571289,2026-04-18,2026-05-09,xgboost_direct
21,2026-04-18,2026-05-16,4,4,16.968130111694336,16.968130111694336,2.8955166339874268,8.630404472351074,16.968130111694336,21.42725372314453,37.33817672729492,2026-04-18,2026-05-16,xgboost_direct
22,2026-04-18,2026-04-25,1,1,18.10262107849121,18.10262107849121,7.241128444671631,13.358719825744629,18.10262107849121,20.030054092407227,38.823116302490234,2026-04-18,2026-04-25,xgboost_direct
22,2026-04-18,2026-05-02,2,2,16.912845611572266,16.912845611572266,5.681777477264404,13.41580867767334,16.912845611572266,18.379724502563477,34.66358184814453,2026-04-18,2026-05-02,xgboost_direct
22,2026-04-18,2026-05-09,3,3,13.899921417236328,13.899921417236328,3.0810904502868652,9.11000919342041,13.899921417236328,18.96192741394043,31.650436401367188,2026-04-18,2026-05-09,xgboost_direct
22,2026-04-18,2026-05-16,4,4,13.274901390075684,13.274901390075684,2.568955898284912,6.82574987411499,13.274901390075684,14.02204704284668,30.4711856842041,2026-04-18,2026-05-16,xgboost_direct
23,2026-04-18,2026-04-25,1,1,3.0264158248901367,3.0264158248901367,0.8999999999999999,2.5075290203094482,3.0264158248901367,4.858834266662598,13.704421997070312,2026-04-18,2026-04-25,xgboost_direct
23,2026-04-18,2026-05-02,2,2,3.0655765533447266,3.0655765533447266,0.36666589975357056,1.626872181892395,3.0655765533447266,4.455708026885986,11.176517486572266,2026-04-18,2026-05-02,xgboost_direct
23,2026-04-18,2026-05-09,3,3,2.4359066486358643,2.4359066486358643,0.09899979829788208,1.1514010429382324,2.4359066486358643,3.4327392578125,9.82150936126709,2026-04-18,2026-05-09,xgboost_direct
23,2026-04-18,2026-05-16,4,4,2.128007650375366,2.128007650375366,0.025244947522878647,0.6554728150367737,2.128007650375366,2.857334613800049,8.80739688873291,2026-04-18,2026-05-16,xgboost_direct
24,2026-04-18,2026-04-25,1,1,5.8229546546936035,5.8229546546936035,1.7999999999999998,4.249924659729004,5.8229546546936035,8.210415840148926,18.21613883972168,2026-04-18,2026-04-25,xgboost_direct
24,2026-04-18,2026-05-02,2,2,6.1645331382751465,6.1645331382751465,1.2154818773269653,3.3730826377868652,6.1645331382751465,8.187152862548828,15.94456672668457,2026-04-18,2026-05-02,xgboost_direct
24,2026-04-18,2026-05-09,3,3,4.651634693145752,4.651634693145752,1.0000988245010376,2.5525059700012207,4.651634693145752,6.148010730743408,14.814257621765137,2026-04-18,2026-05-09,xgboost_direct
24,2026-04-18,2026-05-16,4,4,4.854069232940674,4.854069232940674,0.39683568477630615,1.6983301639556885,4.854069232940674,5.619881629943848,13.310425758361816,2026-04-18,2026-05-16,xgboost_direct
25,2026-04-18,2026-04-25,1,1,34.86430358886719,34.86430358886719,17.608190536499023,27.211898803710938,34.86430358886719,45.07891082763672,60.725013732910156,2026-04-18,2026-04-25,xgboost_direct
25,2026-04-18,2026-05-02,2,2,29.74856948852539,29.74856948852539,10.972905158996582,19.369264602661133,29.74856948852539,45.5948486328125,57.25249481201172,2026-04-18,2026-05-02,xgboost_direct
25,2026-04-18,2026-05-09,3,3,23.749832153320312,23.749832153320312,10.057936668395996,16.257606506347656,23.749832153320312,37.826263427734375,52.01109313964844,2026-04-18,2026-05-09,xgboost_direct
25,2026-04-18,2026-05-16,4,4,23.943477630615234,23.943477630615234,6.7178215980529785,13.621767044067383,23.943477630615234,34.96040344238281,53.59942626953125,2026-04-18,2026-05-16,xgboost_direct
26,2026-04-18,2026-04-25,1,1,39.970272064208984,39.970272064208984,22.589059829711914,33.00967025756836,39.970272064208984,54.14375305175781,78.49656677246094,2026-04-18,2026-04-25,xgboost_direct
26,2026-04-18,2026-05-02,2,2,34.94105911254883,34.94105911254883,15.796565055847168,24.925334930419922,34.94105911254883,42.37139892578125,71.43167877197266,2026-04-18,2026-05-02,xgboost_direct
26,2026-04-18,2026-05-09,3,3,27.608243942260742,27.608243942260742,8.297654151916504,15.723284721374512,27.608243942260742,36.439327239990234,63.91288375854492,2026-04-18,2026-05-09,xgboost_direct
26,2026-04-18,2026-05-16,4,4,24.342182159423828,24.342182159423828,4.7706990242004395,12.527764320373535,24.342182159423828,33.96038818359375,57.249576568603516,2026-04-18,2026-05-16,xgboost_direct
27,2026-04-18,2026-04-25,1,1,19.921751022338867,19.921751022338867,9.630703926086426,15.007997512817383,19.921751022338867,20.344511032104492,38.64289855957031,2026-04-18,2026-04-25,xgboost_direct
27,2026-04-18,2026-05-02,2,2,17.38877296447754,17.38877296447754,6.722299575805664,13.467121124267578,17.38877296447754,19.02680778503418,34.86287307739258,2026-04-18,2026-05-02,xgboost_direct
27,2026-04-18,2026-05-09,3,3,13.62637996673584,13.62637996673584,4.44741678237915,9.220847129821777,13.62637996673584,20.41345977783203,31.22010612487793,2026-04-18,2026-05-09,xgboost_direct
27,2026-04-18,2026-05-16,4,4,13.357836723327637,13.357836723327637,2.77230167388916,7.006697654724121,13.357836723327637,15.775633811950684,30.360937118530273,2026-04-18,2026-05-16,xgboost_direct
28,2026-04-18,2026-04-25,1,1,13.628155708312988,13.628155708312988,4.2,10.38719654083252,13.628155708312988,14.759178161621094,33.88198471069336,2026-04-18,2026-04-25,xgboost_direct
28,2026-04-18,2026-05-02,2,2,11.494306564331055,11.494306564331055,3.086721181869507,7.33431339263916,11.494306564331055,14.912339210510254,28.489532470703125,2026-04-18,2026-05-02,xgboost_direct
28,2026-04-18,2026-05-09,3,3,9.77222728729248,9.77222728729248,1.8119912147521973,5.230638027191162,9.77222728729248,13.323369026184082,26.292905807495117,2026-04-18,2026-05-09,xgboost_direct
28,2026-04-18,2026-05-16,4,4,8.819106101989746,8.819106101989746,0.8102109432220459,3.5685813426971436,8.819106101989746,10.674241065979004,23.19310188293457,2026-04-18,2026-05-16,xgboost_direct
29,2026-04-18,2026-04-25,1,1,23.077159881591797,23.077159881591797,9.501826286315918,15.699394226074219,23.077159881591797,26.627197265625,46.972633361816406,2026-04-18,2026-04-25,xgboost_direct
29,2026-04-18,2026-05-02,2,2,19.786725997924805,19.786725997924805,6.1514129638671875,12.42319107055664,19.786725997924805,27.68082046508789,37.719356536865234,2026-04-18,2026-05-02,xgboost_direct
29,2026-04-18,2026-05-09,3,3,16.347442626953125,16.347442626953125,4.13391637802124,9.0629301071167,16.347442626953125,21.021915435791016,37.80850601196289,2026-04-18,2026-05-09,xgboost_direct
29,2026-04-18,2026-05-16,4,4,13.98965072631836,13.98965072631836,2.309406042098999,7.304485321044922,13.98965072631836,15.035909652709961,31.701074600219727,2026-04-18,2026-05-16,xgboost_direct
30,2026-04-18,2026-04-25,1,1,5.621728420257568,5.621728420257568,1.5,3.8422434329986572,5.621728420257568,7.459650039672852,17.542207717895508,2026-04-18,2026-04-25,xgboost_direct
30,2026-04-18,2026-05-02,2,2,5.392361164093018,5.392361164093018,0.550991415977478,2.795705556869507,5.392361164093018,6.737433910369873,16.227741241455078,2026-04-18,2026-05-02,xgboost_direct
30,2026-04-18,2026-05-09,3,3,3.725271463394165,3.725271463394165,0.399618923664093,1.822749376296997,3.725271463394165,5.804154396057129,14.272309303283691,2026-04-18,2026-05-09,xgboost_direct
30,2026-04-18,2026-05-16,4,4,3.84885573387146,3.84885573387146,0.11904580891132355,1.2696759700775146,3.84885573387146,3.853497266769409,12.516190528869629,2026-04-18,2026-05-16,xgboost_direct
31,2026-04-18,2026-04-25,1,1,8.774181365966797,8.774181365966797,2.6999999999999997,5.820886611938477,8.774181365966797,12.204146385192871,21.56072235107422,2026-04-18,2026-04-25,xgboost_direct
31,2026-04-18,2026-05-02,2,2,7.848567962646484,7.848567962646484,1.3955954313278198,4.489318370819092,7.848567962646484,9.046595573425293,20.198871612548828,2026-04-18,2026-05-02,xgboost_direct
31,2026-04-18,2026-05-09,3,3,5.9474945068359375,5.9474945068359375,0.6758278608322144,3.2893471717834473,5.9474945068359375,7.914369583129883,17.942623138427734,2026-04-18,2026-05-09,xgboost_direct
31,2026-04-18,2026-05-16,4,4,5.51263427734375,5.51263427734375,0.31330448389053345,2.245880365371704,5.51263427734375,6.008666515350342,14.928763389587402,2026-04-18,2026-05-16,xgboost_direct
32,2026-04-18,2026-04-25,1,1,19.450733184814453,19.450733184814453,7.956142902374268,14.31461238861084,19.450733184814453,25.173511505126953,39.65774917602539,2026-04-18,2026-04-25,xgboost_direct
32,2026-04-18,2026-05-02,2,2,18.255924224853516,18.255924224853516,6.210216045379639,13.009033203125,18.255924224853516,27.002899169921875,37.04509735107422,2026-04-18,2026-05-02,xgboost_direct
32,2026-04-18,2026-05-09,3,3,14.603878021240234,14.603878021240234,2.6559438705444336,9.114659309387207,14.603878021240234,25.353792190551758,33.59313201904297,2026-04-18,2026-05-09,xgboost_direct
32,2026-04-18,2026-05-16,4,4,13.38331413269043,13.38331413269043,1.929638147354126,7.047179698944092,13.38331413269043,16.486860275268555,32.60909652709961,2026-04-18,2026-05-16,xgboost_direct
33,2026-04-18,2026-04-25,1,1,8.802679061889648,8.802679061889648,2.6999999999999997,6.022500514984131,8.802679061889648,11.957389831542969,21.27548599243164,2026-04-18,2026-04-25,xgboost_direct
33,2026-04-18,2026-05-02,2,2,7.420613765716553,7.420613765716553,0.8478174805641174,3.8246777057647705,7.420613765716553,8.626368522644043,18.73073387145996,2026-04-18,2026-05-02,xgboost_direct
33,2026-04-18,2026-05-09,3,3,6.259512424468994,6.259512424468994,0.8849303722381592,2.7852723598480225,6.259512424468994,8.236593246459961,17.667993545532227,2026-04-18,2026-05-09,xgboost_direct
33,2026-04-18,2026-05-16,4,4,5.424704074859619,5.424704074859619,0.30530136823654175,1.9617727994918823,5.424704074859619,5.875568389892578,16.161100387573242,2026-04-18,2026-05-16,xgboost_direct
34,2026-04-18,2026-04-25,1,1,27.859636306762695,27.859636306762695,13.137372970581055,17.534698486328125,27.859636306762695,35.3267822265625,55.7455940246582,2026-04-18,2026-04-25,xgboost_direct
34,2026-04-18,2026-05-02,2,2,21.821884155273438,21.821884155273438,6.404068470001221,14.014351844787598,21.821884155273438,28.432327270507812,46.727699279785156,2026-04-18,2026-05-02,xgboost_direct
34,2026-04-18,2026-05-09,3,3,17.329851150512695,17.329851150512695,4.786776065826416,9.697464942932129,17.329851150512695,22.58133316040039,47.38254928588867,2026-04-18,2026-05-09,xgboost_direct
34,2026-04-18,2026-05-16,4,4,15.13705825805664,15.13705825805664,2.6185872554779053,7.354586124420166,15.13705825805664,18.97186851501465,39.57415008544922,2026-04-18,2026-05-16,xgboost_direct
35,2026-04-18,2026-04-25,1,1,9.282021522521973,9.282021522521973,3.3,6.591221809387207,9.282021522521973,13.102529525756836,22.292142868041992,2026-04-18,2026-04-25,xgboost_direct
35,2026-04-18,2026-05-02,2,2,8.374039649963379,8.374039649963379,2.033235549926758,5.1651105880737305,8.374039649963379,10.1953125,21.067232131958008,2026-04-18,2026-05-02,xgboost_direct
35,2026-04-18,2026-05-09,3,3,6.425097942352295,6.425097942352295,1.2357456684112549,3.39457368850708,6.425097942352295,8.072123527526855,18.58530616760254,2026-04-18,2026-05-09,xgboost_direct
35,2026-04-18,2026-05-16,4,4,5.663183689117432,5.663183689117432,0.6268365383148193,2.232508420944214,5.663183689117432,5.855471134185791,14.754377365112305,2026-04-18,2026-05-16,xgboost_direct
36,2026-04-18,2026-04-25,1,1,103.16314697265625,103.16314697265625,61.78574752807617,96.4549331665039,103.16314697265625,131.17208862304688,159.27642822265625,2026-04-18,2026-04-25,xgboost_direct
36,2026-04-18,2026-05-02,2,2,78.61522674560547,78.61522674560547,40.14263153076172,69.18896484375,78.61522674560547,127.62371063232422,173.2024688720703,2026-04-18,2026-05-02,xgboost_direct
36,2026-04-18,2026-05-09,3,3,67.47361755371094,67.47361755371094,26.232040405273438,44.814361572265625,67.47361755371094,112.44244384765625,162.6754608154297,2026-04-18,2026-05-09,xgboost_direct
36,2026-04-18,2026-05-16,4,4,56.601539611816406,56.601539611816406,15.095571517944336,32.793540954589844,56.601539611816406,93.41319274902344,138.45736694335938,2026-04-18,2026-05-16,xgboost_direct
37,2026-04-18,2026-04-25,1,1,17.96891212463379,17.96891212463379,6.515428066253662,11.039949417114258,17.96891212463379,18.826539993286133,36.35054397583008,2026-04-18,2026-04-25,xgboost_direct
37,2026-04-18,2026-05-02,2,2,13.749090194702148,13.749090194702148,3.4849610328674316,8.60268783569336,13.749090194702148,20.600387573242188,31.2873477935791,2026-04-18,2026-05-02,xgboost_direct
37,2026-04-18,2026-05-09,3,3,10.6012601852417,10.6012601852417,3.388763666152954,6.129999160766602,10.6012601852417,17.996646881103516,31.511180877685547,2026-04-18,2026-05-09,xgboost_direct
37,2026-04-18,2026-05-16,4,4,11.369458198547363,11.369458198547363,2.0860650539398193,5.267107009887695,11.369458198547363,12.148341178894043,27.077239990234375,2026-04-18,2026-05-16,xgboost_direct
38,2026-04-18,2026-04-25,1,1,10.340603828430176,10.340603828430176,3.0,6.65606689453125,10.340603828430176,13.908499717712402,23.045940399169922,2026-04-18,2026-04-25,xgboost_direct
38,2026-04-18,2026-05-02,2,2,9.005247116088867,9.005247116088867,1.735409140586853,5.042279243469238,9.005247116088867,12.54592514038086,23.419876098632812,2026-04-18,2026-05-02,xgboost_direct
38,2026-04-18,2026-05-09,3,3,7.274622440338135,7.274622440338135,0.8538689017295837,4.614803791046143,7.274622440338135,10.375943183898926,20.122764587402344,2026-04-18,2026-05-09,xgboost_direct
38,2026-04-18,2026-05-16,4,4,6.339922904968262,6.339922904968262,0.2606605291366577,2.928361177444458,6.339922904968262,6.979858875274658,19.52015495300293,2026-04-18,2026-05-16,xgboost_direct
39,2026-04-18,2026-04-25,1,1,28.11016082763672,28.11016082763672,11.408308982849121,18.213224411010742,28.11016082763672,34.63098907470703,52.57999038696289,2026-04-18,2026-04-25,xgboost_direct
39,2026-04-18,2026-05-02,2,2,21.94400978088379,21.94400978088379,8.12197208404541,13.72186279296875,21.94400978088379,29.78095245361328,45.55696105957031,2026-04-18,2026-05-02,xgboost_direct
39,2026-04-18,2026-05-09,3,3,18.357526779174805,18.357526779174805,6.4093523025512695,11.8574800491333,18.357526779174805,27.21344566345215,44.590213775634766,2026-04-18,2026-05-09,xgboost_direct
39,2026-04-18,2026-05-16,4,4,18.62416648864746,18.62416648864746,4.029255390167236,8.943824768066406,18.62416648864746,19.6533203125,38.277679443359375,2026-04-18,2026-05-16,xgboost_direct
40,2026-04-18,2026-04-25,1,1,8.305657386779785,8.305657386779785,2.6999999999999997,5.194871425628662,8.305657386779785,12.371834754943848,29.74085807800293,2026-04-18,2026-04-25,xgboost_direct
40,2026-04-18,2026-05-02,2,2,7.559289932250977,7.559289932250977,1.0027668476104736,3.7036616802215576,7.559289932250977,15.770151138305664,24.690332412719727,2026-04-18,2026-05-02,xgboost_direct
40,2026-04-18,2026-05-09,3,3,5.707971572875977,5.707971572875977,0.7787032127380371,2.9619407653808594,5.707971572875977,13.134285926818848,25.100570678710938,2026-04-18,2026-05-09,xgboost_direct
40,2026-04-18,2026-05-16,4,4,4.876645565032959,4.876645565032959,0.6053173542022705,2.031026601791382,4.876645565032959,5.53035306930542,17.21051597595215,2026-04-18,2026-05-16,xgboost_direct
41,2026-04-18,2026-04-25,1,1,8.508517265319824,8.508517265319824,3.0,5.123351573944092,8.508517265319824,11.287887573242188,22.886829376220703,2026-04-18,2026-04-25,xgboost_direct
41,2026-04-18,2026-05-02,2,2,6.892483234405518,6.892483234405518,0.8802993297576904,3.6423003673553467,6.892483234405518,9.173078536987305,19.141096115112305,2026-04-18,2026-05-02,xgboost_direct
41,2026-04-18,2026-05-09,3,3,6.19605827331543,6.19605827331543,0.6941190361976624,2.6186985969543457,6.19605827331543,8.83829402923584,18.040205001831055,2026-04-18,2026-05-09,xgboost_direct
41,2026-04-18,2026-05-16,4,4,5.4253621101379395,5.4253621101379395,0.4466545581817627,1.7438936233520508,5.4253621101379395,6.333561897277832,17.436737060546875,2026-04-18,2026-05-16,xgboost_direct
42,2026-04-18,2026-04-25,1,1,214.9991912841797,214.9991912841797,127.15054321289062,206.1383514404297,214.9991912841797,270.88250732421875,329.3670349121094,2026-04-18,2026-04-25,xgboost_direct
42,2026-04-18,2026-05-02,2,2,171.28529357910156,171.28529357910156,75.38758850097656,144.08180236816406,171.28529357910156,234.45272827148438,279.0302734375,2026-04-18,2026-05-02,xgboost_direct
42,2026-04-18,2026-05-09,3,3,120.47805786132812,120.47805786132812,48.98897933959961,92.74848937988281,120.47805786132812,192.99147033691406,229.0146026611328,2026-04-18,2026-05-09,xgboost_direct
42,2026-04-18,2026-05-16,4,4,88.16941833496094,88.16941833496094,29.96408462524414,57.79294204711914,88.16941833496094,123.33184814453125,209.97686767578125,2026-04-18,2026-05-16,xgboost_direct
44,2026-04-18,2026-04-25,1,1,11.799105644226074,11.799105644226074,3.557527542114258,9.259833335876465,11.799105644226074,14.441156387329102,26.24321746826172,2026-04-18,2026-04-25,xgboost_direct
44,2026-04-18,2026-05-02,2,2,11.537665367126465,11.537665367126465,2.534512996673584,6.874809265136719,11.537665367126465,12.934233665466309,25.58796501159668,2026-04-18,2026-05-02,xgboost_direct
44,2026-04-18,2026-05-09,3,3,8.803866386413574,8.803866386413574,1.5104055404663086,6.135772705078125,8.803866386413574,12.27287483215332,27.47245216369629,2026-04-18,2026-05-09,xgboost_direct
44,2026-04-18,2026-05-16,4,4,8.64532470703125,8.64532470703125,1.111345648765564,4.296428680419922,8.64532470703125,10.703768730163574,25.729576110839844,2026-04-18,2026-05-16,xgboost_direct
45,2026-04-18,2026-04-25,1,1,5.7498579025268555,5.7498579025268555,1.2,3.484182119369507,5.7498579025268555,7.698107719421387,18.563796997070312,2026-04-18,2026-04-25,xgboost_direct
45,2026-04-18,2026-05-02,2,2,5.565794467926025,5.565794467926025,0.7041594386100769,3.2622621059417725,5.565794467926025,6.916304111480713,16.797256469726562,2026-04-18,2026-05-02,xgboost_direct
45,2026-04-18,2026-05-09,3,3,3.4740278720855713,3.4740278720855713,0.37518128752708435,2.3249738216400146,3.4740278720855713,5.337573051452637,15.089425086975098,2026-04-18,2026-05-09,xgboost_direct
45,2026-04-18,2026-05-16,4,4,3.564932107925415,3.564932107925415,0.3510984480381012,1.8346112966537476,3.564932107925415,4.330586910247803,14.28490161895752,2026-04-18,2026-05-16,xgboost_direct
46,2026-04-18,2026-04-25,1,1,6.269425392150879,6.269425392150879,1.5,3.891430139541626,6.269425392150879,8.269811630249023,17.658048629760742,2026-04-18,2026-04-25,xgboost_direct
46,2026-04-18,2026-05-02,2,2,5.752587795257568,5.752587795257568,0.56329345703125,2.7531657218933105,5.752587795257568,6.957939624786377,16.16107177734375,2026-04-18,2026-05-02,xgboost_direct
46,2026-04-18,2026-05-09,3,3,3.9954566955566406,3.9954566955566406,0.24847474694252014,1.5772665739059448,3.9954566955566406,5.689090251922607,13.775132179260254,2026-04-18,2026-05-09,xgboost_direct
46,2026-04-18,2026-05-16,4,4,3.4696407318115234,3.4696407318115234,0.06336105614900589,1.3473039865493774,3.4696407318115234,4.315178871154785,13.87249755859375,2026-04-18,2026-05-16,xgboost_direct
47,2026-04-18,2026-04-25,1,1,36.08090591430664,36.08090591430664,18.199867248535156,26.302465438842773,36.08090591430664,50.090145111083984,64.73974609375,2026-04-18,2026-04-25,xgboost_direct
47,2026-04-18,2026-05-02,2,2,31.330036163330078,31.330036163330078,9.886493682861328,21.56662940979004,31.330036163330078,39.743247985839844,61.1631965637207,2026-04-18,2026-05-02,xgboost_direct
47,2026-04-18,2026-05-09,3,3,24.258588790893555,24.258588790893555,7.429708957672119,15.592248916625977,24.258588790893555,34.94270324707031,60.06573486328125,2026-04-18,2026-05-09,xgboost_direct
47,2026-04-18,2026-05-16,4,4,22.17808723449707,22.17808723449707,3.8421149253845215,12.089048385620117,22.17808723449707,29.598417282104492,52.6534538269043,2026-04-18,2026-05-16,xgboost_direct
48,2026-04-18,2026-04-25,1,1,92.77410888671875,92.77410888671875,60.94488525390625,91.25607299804688,92.77410888671875,113.06513977050781,168.1039581298828,2026-04-18,2026-04-25,xgboost_direct
48,2026-04-18,2026-05-02,2,2,83.16645812988281,83.16645812988281,37.95244598388672,63.070960998535156,83.16645812988281,104.87120819091797,164.3141632080078,2026-04-18,2026-05-02,xgboost_direct
48,2026-04-18,2026-05-09,3,3,64.204833984375,64.204833984375,27.623546600341797,43.553001403808594,64.204833984375,84.63562774658203,130.84413146972656,2026-04-18,2026-05-09,xgboost_direct
48,2026-04-18,2026-05-16,4,4,54.957603454589844,54.957603454589844,20.001333236694336,34.695125579833984,54.957603454589844,80.00143432617188,121.44868469238281,2026-04-18,2026-05-16,xgboost_direct
49,2026-04-18,2026-04-25,1,1,4.315153121948242,4.315153121948242,1.5,2.795074701309204,4.315153121948242,6.428696155548096,13.29460620880127,2026-04-18,2026-04-25,xgboost_direct
49,2026-04-18,2026-05-02,2,2,3.387662410736084,3.387662410736084,0.7168700695037842,2.2045297622680664,3.387662410736084,5.805360794067383,12.144742965698242,2026-04-18,2026-05-02,xgboost_direct
49,2026-04-18,2026-05-09,3,3,3.0961642265319824,3.0961642265319824,0.19355492293834686,1.2432383298873901,3.0961642265319824,4.91318416595459,11.417743682861328,2026-04-18,2026-05-09,xgboost_direct
49,2026-04-18,2026-05-16,4,4,2.5786244869232178,2.5786244869232178,0.049356505274772644,0.8931689858436584,2.5786244869232178,3.774203062057495,10.145485877990723,2026-04-18,2026-05-16,xgboost_direct
50,2026-04-18,2026-04-25,1,1,3.9699392318725586,3.9699392318725586,0.8999999999999999,2.2935690879821777,3.9699392318725586,5.915935516357422,13.477559089660645,2026-04-18,2026-04-25,xgboost_direct
50,2026-04-18,2026-05-02,2,2,3.618913412094116,3.618913412094116,0.2686961889266968,1.7874488830566406,3.618913412094116,4.969437599182129,11.102911949157715,2026-04-18,2026-05-02,xgboost_direct
50,2026-04-18,2026-05-09,3,3,2.5435142517089844,2.5435142517089844,0.07254797220230103,1.105482816696167,2.5435142517089844,4.34952449798584,10.72812271118164,2026-04-18,2026-05-09,xgboost_direct
50,2026-04-18,2026-05-16,4,4,2.5107290744781494,2.5107290744781494,0.01849973201751709,0.5778334140777588,2.5107290744781494,3.6538076400756836,10.334600448608398,2026-04-18,2026-05-16,xgboost_direct
51,2026-04-18,2026-04-25,1,1,14.169769287109375,14.169769287109375,6.3927459716796875,10.669354438781738,14.169769287109375,15.775317192077637,33.54884719848633,2026-04-18,2026-04-25,xgboost_direct
51,2026-04-18,2026-05-02,2,2,13.822403907775879,13.822403907775879,4.816330432891846,9.193321228027344,13.822403907775879,14.337571144104004,31.404436111450195,2026-04-18,2026-05-02,xgboost_direct
51,2026-04-18,2026-05-09,3,3,12.311721801757812,12.311721801757812,2.2860097885131836,6.70573616027832,12.311721801757812,13.153435707092285,29.077980041503906,2026-04-18,2026-05-09,xgboost_direct
51,2026-04-18,2026-05-16,4,4,12.352254867553711,12.352254867553711,2.4203732013702393,5.737184524536133,12.352254867553711,12.696574211120605,28.76777458190918,2026-04-18,2026-05-16,xgboost_direct
53,2026-04-18,2026-04-25,1,1,34.65226745605469,34.65226745605469,14.302732467651367,23.900968551635742,34.65226745605469,41.70010757446289,55.46596145629883,2026-04-18,2026-04-25,xgboost_direct
53,2026-04-18,2026-05-02,2,2,29.78700828552246,29.78700828552246,10.729644775390625,18.516202926635742,29.78700828552246,36.97924041748047,49.98649215698242,2026-04-18,2026-05-02,xgboost_direct
53,2026-04-18,2026-05-09,3,3,22.713685989379883,22.713685989379883,8.336830139160156,14.09835147857666,22.713685989379883,31.38461685180664,43.8885383605957,2026-04-18,2026-05-09,xgboost_direct
53,2026-04-18,2026-05-16,4,4,19.548349380493164,19.548349380493164,5.209510803222656,10.611371040344238,19.548349380493164,26.543302536010742,43.198341369628906,2026-04-18,2026-05-16,xgboost_direct
54,2026-04-18,2026-04-25,1,1,16.464815139770508,16.464815139770508,8.7,11.12550163269043,16.464815139770508,19.863555908203125,38.577537536621094,2026-04-18,2026-04-25,xgboost_direct
54,2026-04-18,2026-05-02,2,2,13.382113456726074,13.382113456726074,4.449973106384277,7.792396068572998,13.382113456726074,18.53277015686035,33.88412094116211,2026-04-18,2026-05-02,xgboost_direct
54,2026-04-18,2026-05-09,3,3,10.024188995361328,10.024188995361328,2.7387282848358154,6.054890155792236,10.024188995361328,15.308820724487305,28.782690048217773,2026-04-18,2026-05-09,xgboost_direct
54,2026-04-18,2026-05-16,4,4,8.034051895141602,8.034051895141602,1.036681056022644,3.953022003173828,8.034051895141602,10.500732421875,24.52958869934082,2026-04-18,2026-05-16,xgboost_direct
55,2026-04-18,2026-04-25,1,1,27.665287017822266,27.665287017822266,12.992158889770508,16.497278213500977,27.665287017822266,35.985565185546875,60.07109069824219,2026-04-18,2026-04-25,xgboost_direct
55,2026-04-18,2026-05-02,2,2,22.389745712280273,22.389745712280273,6.398464202880859,14.07167911529541,22.389745712280273,27.681865692138672,58.09187698364258,2026-04-18,2026-05-02,xgboost_direct
55,2026-04-18,2026-05-09,3,3,15.78738021850586,15.78738021850586,4.602869510650635,9.812823295593262,15.78738021850586,23.836145401000977,47.63548278808594,2026-04-18,2026-05-09,xgboost_direct
55,2026-04-18,2026-05-16,4,4,14.037548065185547,14.037548065185547,2.6391406059265137,6.958341598510742,14.037548065185547,17.870532989501953,34.910404205322266,2026-04-18,2026-05-16,xgboost_direct
56,2026-04-18,2026-04-25,1,1,5.79012393951416,5.79012393951416,1.7999999999999998,3.549365758895874,5.79012393951416,9.01999282836914,17.93140411376953,2026-04-18,2026-04-25,xgboost_direct
56,2026-04-18,2026-05-02,2,2,6.6194071769714355,6.6194071769714355,0.7883989214897156,2.7225334644317627,6.6194071769714355,9.572949409484863,15.791687965393066,2026-04-18,2026-05-02,xgboost_direct
56,2026-04-18,2026-05-09,3,3,4.5215044021606445,4.5215044021606445,0.21286772191524506,2.472639560699463,4.5215044021606445,7.68798303604126,15.354747772216797,2026-04-18,2026-05-09,xgboost_direct
56,2026-04-18,2026-05-16,4,4,3.9918737411499023,3.9918737411499023,0.054281268268823624,1.5148247480392456,3.9918737411499023,5.658034324645996,13.38180160522461,2026-04-18,2026-05-16,xgboost_direct
72,2026-04-18,2026-04-25,1,1,58.75027084350586,58.75027084350586,34.81464767456055,46.15194320678711,58.75027084350586,77.13715362548828,107.24800109863281,2026-04-18,2026-04-25,xgboost_direct
72,2026-04-18,2026-05-02,2,2,43.889747619628906,43.889747619628906,20.423494338989258,32.434593200683594,43.889747619628906,74.84201049804688,111.33260345458984,2026-04-18,2026-05-02,xgboost_direct
72,2026-04-18,2026-05-09,3,3,35.73740005493164,35.73740005493164,13.533342361450195,22.980667114257812,35.73740005493164,53.322635650634766,89.27960205078125,2026-04-18,2026-05-09,xgboost_direct
72,2026-04-18,2026-05-16,4,4,25.25491714477539,25.25491714477539,8.194592475891113,13.975573539733887,25.25491714477539,41.1385612487793,68.42269897460938,2026-04-18,2026-05-16,xgboost_direct
01,2026-05-16,2026-05-23,1,1,21.667909622192383,21.667909622192383,9.257722854614258,16.459514617919922,21.667909622192383,24.166749954223633,35.165164947509766,2026-05-16,2026-05-23,xgboost_direct
01,2026-05-16,2026-05-30,2,2,18.453210830688477,18.453210830688477,8.14574146270752,15.663849830627441,18.453210830688477,19.39452362060547,39.346927642822266,2026-05-16,2026-05-30,xgboost_direct
01,2026-05-16,2026-06-06,3,3,18.23701286315918,18.23701286315918,5.395981788635254,14.858572959899902,18.23701286315918,19.102222442626953,37.173519134521484,2026-05-16,2026-06-06,xgboost_direct
01,2026-05-16,2026-06-13,4,4,18.215763092041016,18.215763092041016,6.885986328125,12.415390968322754,18.215763092041016,22.766799926757812,38.18737030029297,2026-05-16,2026-06-13,xgboost_direct
02,2026-05-16,2026-05-23,1,1,1.4581198692321777,1.4581198692321777,0.0028460179455578327,1.0612796545028687,1.4581198692321777,2.7446811199188232,6.939335346221924,2026-05-16,2026-05-23,xgboost_direct
02,2026-05-16,2026-05-30,2,2,1.1086314916610718,1.1086314916610718,0.0008111150818876922,0.6628246307373047,1.1086314916610718,2.3995871543884277,7.158274173736572,2026-05-16,2026-05-30,xgboost_direct
02,2026-05-16,2026-06-06,3,3,0.8760227560997009,0.8760227560997009,0.0002190010854974389,0.5588987469673157,0.8760227560997009,2.0421385765075684,6.622343063354492,2026-05-16,2026-06-06,xgboost_direct
02,2026-05-16,2026-06-13,4,4,0.8984904885292053,0.8984904885292053,5.584527752944268e-05,0.5784969925880432,0.8984904885292053,1.9736140966415405,7.0664286613464355,2026-05-16,2026-06-13,xgboost_direct
04,2026-05-16,2026-05-23,1,1,49.52674102783203,49.52674102783203,25.053611755371094,35.881378173828125,49.52674102783203,63.21952438354492,71.93852996826172,2026-05-16,2026-05-23,xgboost_direct
04,2026-05-16,2026-05-30,2,2,40.75593185424805,40.75593185424805,14.100396156311035,29.96932601928711,40.75593185424805,52.84507369995117,72.30047607421875,2026-05-16,2026-05-30,xgboost_direct
04,2026-05-16,2026-06-06,3,3,35.696044921875,35.696044921875,14.646100997924805,28.913545608520508,35.696044921875,49.640323638916016,70.05854034423828,2026-05-16,2026-06-06,xgboost_direct
04,2026-05-16,2026-06-13,4,4,32.471290588378906,32.471290588378906,14.462498664855957,25.157222747802734,32.471290588378906,42.638423919677734,73.24877166748047,2026-05-16,2026-06-13,xgboost_direct
05,2026-05-16,2026-05-23,1,1,6.780090808868408,6.780090808868408,2.6999999999999997,4.876219272613525,6.780090808868408,9.565696716308594,14.571486473083496,2026-05-16,2026-05-23,xgboost_direct
05,2026-05-16,2026-05-30,2,2,6.065494060516357,6.065494060516357,1.7108441591262817,3.6866047382354736,6.065494060516357,11.20457935333252,18.952022552490234,2026-05-16,2026-05-30,xgboost_direct
05,2026-05-16,2026-06-06,3,3,6.4788923263549805,6.4788923263549805,1.3223912715911865,3.596648931503296,6.4788923263549805,8.51099967956543,17.747167587280273,2026-05-16,2026-06-06,xgboost_direct
05,2026-05-16,2026-06-13,4,4,6.05945348739624,6.05945348739624,0.7007250785827637,3.4102933406829834,6.05945348739624,8.344869613647461,16.32010841369629,2026-05-16,2026-06-13,xgboost_direct
06,2026-05-16,2026-05-23,1,1,128.71426391601562,128.71426391601562,71.5703125,102.6023178100586,128.71426391601562,162.72027587890625,186.31414794921875,2026-05-16,2026-05-23,xgboost_direct
06,2026-05-16,2026-05-30,2,2,107.88812255859375,107.88812255859375,47.777889251708984,94.17928314208984,107.88812255859375,164.161865234375,188.79652404785156,2026-05-16,2026-05-30,xgboost_direct
06,2026-05-16,2026-06-06,3,3,88.73128509521484,88.73128509521484,40.2512321472168,76.18441772460938,88.73128509521484,153.45668029785156,192.16763305664062,2026-05-16,2026-06-06,xgboost_direct
06,2026-05-16,2026-06-13,4,4,90.60746765136719,90.60746765136719,32.07984924316406,69.73309326171875,90.60746765136719,134.9551239013672,174.072265625,2026-05-16,2026-06-13,xgboost_direct
08,2026-05-16,2026-05-23,1,1,13.410677909851074,13.410677909851074,4.443295478820801,8.406760215759277,13.410677909851074,17.64584732055664,28.275192260742188,2026-05-16,2026-05-23,xgboost_direct
08,2026-05-16,2026-05-30,2,2,12.94776725769043,12.94776725769043,2.6498756408691406,7.025599479675293,12.94776725769043,22.101606369018555,29.200014114379883,2026-05-16,2026-05-30,xgboost_direct
08,2026-05-16,2026-06-06,3,3,10.757405281066895,10.757405281066895,1.637870192527771,6.033148765563965,10.757405281066895,24.70552635192871,29.772661209106445,2026-05-16,2026-06-06,xgboost_direct
08,2026-05-16,2026-06-13,4,4,8.903867721557617,8.903867721557617,1.2212516069412231,5.20760440826416,8.903867721557617,15.415000915527344,30.218189239501953,2026-05-16,2026-06-13,xgboost_direct
09,2026-05-16,2026-05-23,1,1,7.410605430603027,7.410605430603027,1.5,3.9036853313446045,7.410605430603027,9.287212371826172,15.716436386108398,2026-05-16,2026-05-23,xgboost_direct
09,2026-05-16,2026-05-30,2,2,6.583403587341309,6.583403587341309,0.6169158816337585,3.26847505569458,6.583403587341309,7.380212783813477,16.435466766357422,2026-05-16,2026-05-30,xgboost_direct
09,2026-05-16,2026-06-06,3,3,5.37273645401001,5.37273645401001,0.35341301560401917,2.8398935794830322,5.37273645401001,7.071372985839844,14.90267562866211,2026-05-16,2026-06-06,xgboost_direct
09,2026-05-16,2026-06-13,4,4,4.938694953918457,4.938694953918457,0.391932874917984,2.5120534896850586,4.938694953918457,6.489541530609131,14.574445724487305,2026-05-16,2026-06-13,xgboost_direct
10,2026-05-16,2026-05-23,1,1,3.415081262588501,3.415081262588501,1.5,2.9094040393829346,3.415081262588501,6.671127796173096,11.496630668640137,2026-05-16,2026-05-23,xgboost_direct
10,2026-05-16,2026-05-30,2,2,2.9309756755828857,2.9309756755828857,0.4275,2.47510027885437,2.9309756755828857,6.457582950592041,14.233194351196289,2026-05-16,2026-05-30,xgboost_direct
10,2026-05-16,2026-06-06,3,3,2.913121223449707,2.913121223449707,0.1284235715866089,2.1655874252319336,2.913121223449707,6.949137210845947,14.04783821105957,2026-05-16,2026-06-06,xgboost_direct
10,2026-05-16,2026-06-13,4,4,3.001258611679077,3.001258611679077,0.27214187383651733,1.9981013536453247,3.001258611679077,4.945128440856934,13.145441055297852,2026-05-16,2026-06-13,xgboost_direct
11,2026-05-16,2026-05-23,1,1,1.3464053869247437,1.3464053869247437,0.3,0.420743852853775,1.3464053869247437,3.081388235092163,6.327853679656982,2026-05-16,2026-05-23,xgboost_direct
11,2026-05-16,2026-05-30,2,2,1.1839447021484375,1.1839447021484375,0.08549999999999999,0.40653884410858154,1.1839447021484375,2.612894296646118,6.217243671417236,2026-05-16,2026-05-30,xgboost_direct
11,2026-05-16,2026-06-06,3,3,1.1145976781845093,1.1145976781845093,0.023084999999999998,0.240031436085701,1.1145976781845093,2.3527300357818604,6.190620422363281,2026-05-16,2026-06-06,xgboost_direct
11,2026-05-16,2026-06-13,4,4,0.9736855030059814,0.9736855030059814,0.005886674999999999,0.23208217322826385,0.9736855030059814,2.3376224040985107,7.248889446258545,2026-05-16,2026-06-13,xgboost_direct
12,2026-05-16,2026-05-23,1,1,100.1441421508789,100.1441421508789,59.40485382080078,93.88301849365234,100.1441421508789,128.97647094726562,156.103271484375,2026-05-16,2026-05-23,xgboost_direct
12,2026-05-16,2026-05-30,2,2,89.14354705810547,89.14354705810547,41.56431198120117,80.98885345458984,89.14354705810547,119.99580383300781,165.0820770263672,2026-05-16,2026-05-30,xgboost_direct
12,2026-05-16,2026-06-06,3,3,82.61434936523438,82.61434936523438,30.66301155090332,68.52217864990234,82.61434936523438,121.50831604003906,157.01217651367188,2026-05-16,2026-06-06,xgboost_direct
12,2026-05-16,2026-06-13,4,4,74.13251495361328,74.13251495361328,30.197534561157227,55.759803771972656,74.13251495361328,110.31820678710938,149.1533660888672,2026-05-16,2026-06-13,xgboost_direct
13,2026-05-16,2026-05-23,1,1,19.1439208984375,19.1439208984375,10.56253719329834,15.62421989440918,19.1439208984375,23.105173110961914,38.11391830444336,2026-05-16,2026-05-23,xgboost_direct
13,2026-05-16,2026-05-30,2,2,17.096694946289062,17.096694946289062,6.647324562072754,11.408995628356934,17.096694946289062,21.989973068237305,33.82289505004883,2026-05-16,2026-05-30,xgboost_direct
13,2026-05-16,2026-06-06,3,3,16.750118255615234,16.750118255615234,5.9261860847473145,9.613664627075195,16.750118255615234,22.154497146606445,31.657482147216797,2026-05-16,2026-06-06,xgboost_direct
13,2026-05-16,2026-06-13,4,4,14.98980712890625,14.98980712890625,4.29941463470459,8.718526840209961,14.98980712890625,20.345355987548828,30.859880447387695,2026-05-16,2026-06-13,xgboost_direct
15,2026-05-16,2026-05-23,1,1,9.666974067687988,9.666974067687988,2.6999999999999997,5.392362117767334,9.666974067687988,12.750689506530762,21.40652847290039,2026-05-16,2026-05-23,xgboost_direct
15,2026-05-16,2026-05-30,2,2,7.862948894500732,7.862948894500732,0.8184524774551392,3.938467502593994,7.862948894500732,11.75381851196289,24.24434471130371,2026-05-16,2026-05-30,xgboost_direct
15,2026-05-16,2026-06-06,3,3,8.709739685058594,8.709739685058594,1.2008663415908813,4.276785373687744,8.709739685058594,13.051465034484863,24.528596878051758,2026-05-16,2026-06-06,xgboost_direct
15,2026-05-16,2026-06-13,4,4,7.586644172668457,7.586644172668457,0.9285388588905334,3.4145560264587402,7.586644172668457,9.58488941192627,21.674983978271484,2026-05-16,2026-06-13,xgboost_direct
16,2026-05-16,2026-05-23,1,1,5.976190567016602,5.976190567016602,2.4,4.676729679107666,5.976190567016602,8.62100887298584,14.447847366333008,2026-05-16,2026-05-23,xgboost_direct
16,2026-05-16,2026-05-30,2,2,5.661401271820068,5.661401271820068,1.4407281875610352,3.821662664413452,5.661401271820068,9.189992904663086,16.925718307495117,2026-05-16,2026-05-30,xgboost_direct
16,2026-05-16,2026-06-06,3,3,5.352911949157715,5.352911949157715,1.2721532583236694,3.8351290225982666,5.352911949157715,9.134589195251465,17.267921447753906,2026-05-16,2026-06-06,xgboost_direct
16,2026-05-16,2026-06-13,4,4,5.710341930389404,5.710341930389404,0.5789240002632141,3.0652339458465576,5.710341930389404,7.5835862159729,15.149420738220215,2026-05-16,2026-06-13,xgboost_direct
17,2026-05-16,2026-05-23,1,1,25.921131134033203,25.921131134033203,10.213632583618164,16.037036895751953,25.921131134033203,42.54353713989258,47.17447280883789,2026-05-16,2026-05-23,xgboost_direct
17,2026-05-16,2026-05-30,2,2,22.04668617248535,22.04668617248535,5.7084431648254395,13.617058753967285,22.04668617248535,36.752342224121094,51.21932601928711,2026-05-16,2026-05-30,xgboost_direct
17,2026-05-16,2026-06-06,3,3,19.553789138793945,19.553789138793945,5.483616352081299,13.503162384033203,19.553789138793945,31.274063110351562,46.121856689453125,2026-05-16,2026-06-06,xgboost_direct
17,2026-05-16,2026-06-13,4,4,18.157821655273438,18.157821655273438,5.197116851806641,10.923023223876953,18.157821655273438,22.259363174438477,36.86866760253906,2026-05-16,2026-06-13,xgboost_direct
18,2026-05-16,2026-05-23,1,1,17.13978385925293,17.13978385925293,7.416617393493652,14.660962104797363,17.13978385925293,18.697032928466797,31.396270751953125,2026-05-16,2026-05-23,xgboost_direct
18,2026-05-16,2026-05-30,2,2,16.198528289794922,16.198528289794922,6.196028709411621,11.295794486999512,16.198528289794922,16.543092727661133,29.768604278564453,2026-05-16,2026-05-30,xgboost_direct
18,2026-05-16,2026-06-06,3,3,14.245522499084473,14.245522499084473,4.151710033416748,10.616033554077148,14.245522499084473,14.873087882995605,29.454753875732422,2026-05-16,2026-06-06,xgboost_direct
18,2026-05-16,2026-06-13,4,4,15.485090255737305,15.485090255737305,4.744441032409668,11.149003982543945,15.485090255737305,16.25692367553711,30.22614097595215,2026-05-16,2026-06-13,xgboost_direct
19,2026-05-16,2026-05-23,1,1,5.860986232757568,5.860986232757568,1.2,3.4280202388763428,5.860986232757568,8.176630020141602,14.943836212158203,2026-05-16,2026-05-23,xgboost_direct
19,2026-05-16,2026-05-30,2,2,4.908206462860107,4.908206462860107,0.34199999999999997,2.539766788482666,4.908206462860107,7.060256004333496,15.067387580871582,2026-05-16,2026-05-30,xgboost_direct
19,2026-05-16,2026-06-06,3,3,4.535853385925293,4.535853385925293,0.2231268733739853,2.7485404014587402,4.535853385925293,6.435459613800049,13.279966354370117,2026-05-16,2026-06-06,xgboost_direct
19,2026-05-16,2026-06-13,4,4,3.790437698364258,3.790437698364258,0.35934093594551086,2.2131903171539307,3.790437698364258,5.6258745193481445,13.355184555053711,2026-05-16,2026-06-13,xgboost_direct
20,2026-05-16,2026-05-23,1,1,4.040246963500977,4.040246963500977,0.8999999999999999,2.305518627166748,4.040246963500977,5.830502033233643,10.885063171386719,2026-05-16,2026-05-23,xgboost_direct
20,2026-05-16,2026-05-30,2,2,3.6826016902923584,3.6826016902923584,0.25649999999999995,1.8288816213607788,3.6826016902923584,5.456106662750244,10.839320182800293,2026-05-16,2026-05-30,xgboost_direct
20,2026-05-16,2026-06-06,3,3,3.7030117511749268,3.7030117511749268,0.069255,1.5362597703933716,3.7030117511749268,4.583726406097412,10.17184066772461,2026-05-16,2026-06-06,xgboost_direct
20,2026-05-16,2026-06-13,4,4,3.044649600982666,3.044649600982666,0.017660025,1.3463093042373657,3.044649600982666,5.452860355377197,10.450095176696777,2026-05-16,2026-06-13,xgboost_direct
21,2026-05-16,2026-05-23,1,1,17.25178337097168,17.25178337097168,6.694124698638916,12.610966682434082,17.25178337097168,18.42980194091797,32.53544998168945,2026-05-16,2026-05-23,xgboost_direct
21,2026-05-16,2026-05-30,2,2,14.128521919250488,14.128521919250488,4.820294380187988,9.702061653137207,14.128521919250488,19.345252990722656,31.290203094482422,2026-05-16,2026-05-30,xgboost_direct
21,2026-05-16,2026-06-06,3,3,12.462821960449219,12.462821960449219,2.8281068801879883,7.47372579574585,12.462821960449219,18.033283233642578,28.33574676513672,2026-05-16,2026-06-06,xgboost_direct
21,2026-05-16,2026-06-13,4,4,11.721927642822266,11.721927642822266,2.140674352645874,6.421914100646973,11.721927642822266,17.919126510620117,28.188186645507812,2026-05-16,2026-06-13,xgboost_direct
22,2026-05-16,2026-05-23,1,1,21.80376625061035,21.80376625061035,8.965188026428223,15.015640258789062,21.80376625061035,22.8814697265625,36.88397216796875,2026-05-16,2026-05-23,xgboost_direct
22,2026-05-16,2026-05-30,2,2,18.771211624145508,18.771211624145508,7.502328872680664,14.660663604736328,18.771211624145508,20.51137351989746,38.38082504272461,2026-05-16,2026-05-30,xgboost_direct
22,2026-05-16,2026-06-06,3,3,19.26630210876465,19.26630210876465,4.875400066375732,14.026363372802734,19.26630210876465,24.206527709960938,37.19223403930664,2026-05-16,2026-06-06,xgboost_direct
22,2026-05-16,2026-06-13,4,4,18.10507583618164,18.10507583618164,6.441368579864502,12.459057807922363,18.10507583618164,24.78266143798828,40.93952560424805,2026-05-16,2026-06-13,xgboost_direct
23,2026-05-16,2026-05-23,1,1,4.843489170074463,4.843489170074463,1.2,2.3371589183807373,4.843489170074463,7.221250534057617,13.986038208007812,2026-05-16,2026-05-23,xgboost_direct
23,2026-05-16,2026-05-30,2,2,4.252699375152588,4.252699375152588,0.34199999999999997,2.134638547897339,4.252699375152588,5.838428497314453,11.921350479125977,2026-05-16,2026-05-30,xgboost_direct
23,2026-05-16,2026-06-06,3,3,4.399212837219238,4.399212837219238,0.09233999999999999,1.7553308010101318,4.399212837219238,6.581467628479004,12.82984447479248,2026-05-16,2026-06-06,xgboost_direct
23,2026-05-16,2026-06-13,4,4,3.492100477218628,3.492100477218628,0.053498558700084686,1.3534806966781616,3.492100477218628,6.940631866455078,12.450617790222168,2026-05-16,2026-06-13,xgboost_direct
24,2026-05-16,2026-05-23,1,1,14.711596488952637,14.711596488952637,5.686872959136963,9.947083473205566,14.711596488952637,18.816795349121094,27.753366470336914,2026-05-16,2026-05-23,xgboost_direct
24,2026-05-16,2026-05-30,2,2,13.432177543640137,13.432177543640137,3.8828928470611572,8.0393648147583,13.432177543640137,19.536359786987305,29.575416564941406,2026-05-16,2026-05-30,xgboost_direct
24,2026-05-16,2026-06-06,3,3,13.143232345581055,13.143232345581055,2.9690771102905273,9.323800086975098,13.143232345581055,16.955106735229492,32.64875030517578,2026-05-16,2026-06-06,xgboost_direct
24,2026-05-16,2026-06-13,4,4,11.759414672851562,11.759414672851562,3.663214683532715,8.37187671661377,11.759414672851562,14.731755256652832,35.34151840209961,2026-05-16,2026-06-13,xgboost_direct
25,2026-05-16,2026-05-23,1,1,17.20461654663086,17.20461654663086,7.196416854858398,12.398504257202148,17.20461654663086,17.846891403198242,31.135570526123047,2026-05-16,2026-05-23,xgboost_direct
25,2026-05-16,2026-05-30,2,2,15.193405151367188,15.193405151367188,5.565672874450684,9.222214698791504,15.193405151367188,15.537884712219238,29.768640518188477,2026-05-16,2026-05-30,xgboost_direct
25,2026-05-16,2026-06-06,3,3,14.246307373046875,14.246307373046875,3.305763006210327,8.18551254272461,14.246307373046875,15.926755905151367,27.966157913208008,2026-05-16,2026-06-06,xgboost_direct
25,2026-05-16,2026-06-13,4,4,13.92443561553955,13.92443561553955,2.368875503540039,7.368642330169678,13.92443561553955,18.524860382080078,27.646738052368164,2026-05-16,2026-06-13,xgboost_direct
26,2026-05-16,2026-05-23,1,1,21.131486892700195,21.131486892700195,9.253952026367188,15.751940727233887,21.131486892700195,21.616241455078125,35.83686065673828,2026-05-16,2026-05-23,xgboost_direct
26,2026-05-16,2026-05-30,2,2,19.00812339782715,19.00812339782715,8.32478141784668,16.196027755737305,19.00812339782715,21.81560516357422,37.157920837402344,2026-05-16,2026-05-30,xgboost_direct
26,2026-05-16,2026-06-06,3,3,18.82402992248535,18.82402992248535,5.152358531951904,13.33505630493164,18.82402992248535,22.501291275024414,34.075645446777344,2026-05-16,2026-06-06,xgboost_direct
26,2026-05-16,2026-06-13,4,4,18.103025436401367,18.103025436401367,6.744701862335205,12.925790786743164,18.103025436401367,22.837242126464844,37.89715576171875,2026-05-16,2026-06-13,xgboost_direct
27,2026-05-16,2026-05-23,1,1,18.520753860473633,18.520753860473633,7.220278739929199,12.084190368652344,18.520753860473633,19.843435287475586,35.36614990234375,2026-05-16,2026-05-23,xgboost_direct
27,2026-05-16,2026-05-30,2,2,15.677264213562012,15.677264213562012,5.459130764007568,9.771713256835938,15.677264213562012,19.98378562927246,32.06776809692383,2026-05-16,2026-05-30,xgboost_direct
27,2026-05-16,2026-06-06,3,3,13.982318878173828,13.982318878173828,3.261972427368164,7.985174655914307,13.982318878173828,24.821977615356445,31.480810165405273,2026-05-16,2026-06-06,xgboost_direct
27,2026-05-16,2026-06-13,4,4,13.2932710647583,13.2932710647583,2.250330924987793,6.968434810638428,13.2932710647583,21.562503814697266,33.97258377075195,2026-05-16,2026-06-13,xgboost_direct
28,2026-05-16,2026-05-23,1,1,17.52545166015625,17.52545166015625,6.633092880249023,12.301201820373535,17.52545166015625,18.460697174072266,31.540184020996094,2026-05-16,2026-05-23,xgboost_direct
28,2026-05-16,2026-05-30,2,2,16.3795166015625,16.3795166015625,4.600109577178955,10.209177017211914,16.3795166015625,17.20722198486328,29.861865997314453,2026-05-16,2026-05-30,xgboost_direct
28,2026-05-16,2026-06-06,3,3,13.094032287597656,13.094032287597656,2.6456873416900635,9.62579345703125,13.094032287597656,17.00559425354004,33.734397888183594,2026-05-16,2026-06-06,xgboost_direct
28,2026-05-16,2026-06-13,4,4,13.598825454711914,13.598825454711914,2.7714290618896484,8.407325744628906,13.598825454711914,20.198902130126953,37.09932327270508,2026-05-16,2026-06-13,xgboost_direct
29,2026-05-16,2026-05-23,1,1,10.465280532836914,10.465280532836914,3.621612787246704,7.166992664337158,10.465280532836914,12.677582740783691,21.376541137695312,2026-05-16,2026-05-23,xgboost_direct
29,2026-05-16,2026-05-30,2,2,10.179988861083984,10.179988861083984,2.085010528564453,6.670493125915527,10.179988861083984,11.442721366882324,21.737510681152344,2026-05-16,2026-05-30,xgboost_direct
29,2026-05-16,2026-06-06,3,3,10.43855094909668,10.43855094909668,1.967923641204834,5.85712194442749,10.43855094909668,11.519184112548828,20.97430992126465,2026-05-16,2026-06-06,xgboost_direct
29,2026-05-16,2026-06-13,4,4,9.164076805114746,9.164076805114746,1.789287805557251,5.181748390197754,9.164076805114746,11.928487777709961,21.509300231933594,2026-05-16,2026-06-13,xgboost_direct
30,2026-05-16,2026-05-23,1,1,3.8460693359375,3.8460693359375,0.6,1.5889359712600708,3.8460693359375,4.55803918838501,9.2684326171875,2026-05-16,2026-05-23,xgboost_direct
30,2026-05-16,2026-05-30,2,2,3.492708921432495,3.492708921432495,0.17596730589866638,1.649160385131836,3.492708921432495,3.7397730350494385,9.034774780273438,2026-05-16,2026-05-30,xgboost_direct
30,2026-05-16,2026-06-06,3,3,2.845442771911621,2.845442771911621,0.04751117527484894,1.4029486179351807,2.845442771911621,3.4167447090148926,8.544842720031738,2026-05-16,2026-06-06,xgboost_direct
30,2026-05-16,2026-06-13,4,4,2.5652265548706055,2.5652265548706055,0.012115349061787128,1.2289927005767822,2.5652265548706055,4.176000595092773,8.757863998413086,2026-05-16,2026-06-13,xgboost_direct
31,2026-05-16,2026-05-23,1,1,5.048677444458008,5.048677444458008,0.8999999999999999,2.4161300659179688,5.048677444458008,6.133590221405029,12.083142280578613,2026-05-16,2026-05-23,xgboost_direct
31,2026-05-16,2026-05-30,2,2,4.6004228591918945,4.6004228591918945,0.4603719413280487,2.11444354057312,4.6004228591918945,5.780572414398193,11.66065502166748,2026-05-16,2026-05-30,xgboost_direct
31,2026-05-16,2026-06-06,3,3,3.997570753097534,3.997570753097534,0.12430042773485184,2.131906747817993,3.997570753097534,5.568645477294922,10.028753280639648,2026-05-16,2026-06-06,xgboost_direct
31,2026-05-16,2026-06-13,4,4,2.996009349822998,2.996009349822998,0.041259635239839554,1.7966492176055908,2.996009349822998,5.189260959625244,10.144197463989258,2026-05-16,2026-06-13,xgboost_direct
32,2026-05-16,2026-05-23,1,1,35.220272064208984,35.220272064208984,14.659893989562988,24.663818359375,35.220272064208984,40.26667785644531,58.121299743652344,2026-05-16,2026-05-23,xgboost_direct
32,2026-05-16,2026-05-30,2,2,30.400020599365234,30.400020599365234,10.565543174743652,21.510377883911133,30.400020599365234,48.10121154785156,69.33920288085938,2026-05-16,2026-05-30,xgboost_direct
32,2026-05-16,2026-06-06,3,3,26.2598819732666,26.2598819732666,9.242594718933105,21.181734085083008,26.2598819732666,45.42576599121094,67.6128158569336,2026-05-16,2026-06-06,xgboost_direct
32,2026-05-16,2026-06-13,4,4,26.441808700561523,26.441808700561523,8.377884864807129,14.246234893798828,26.441808700561523,44.288909912109375,65.07119750976562,2026-05-16,2026-06-13,xgboost_direct
33,2026-05-16,2026-05-23,1,1,1.8724430799484253,1.8724430799484253,0.8999999999999999,1.0599305629730225,1.8724430799484253,3.4282784461975098,7.343315601348877,2026-05-16,2026-05-23,xgboost_direct
33,2026-05-16,2026-05-30,2,2,1.6710014343261719,1.6710014343261719,0.25649999999999995,0.8950940370559692,1.6710014343261719,3.327345848083496,7.997801303863525,2026-05-16,2026-05-30,xgboost_direct
33,2026-05-16,2026-06-06,3,3,1.5191980600357056,1.5191980600357056,0.069255,0.8623734712600708,1.5191980600357056,2.7707133293151855,7.220472812652588,2026-05-16,2026-06-06,xgboost_direct
33,2026-05-16,2026-06-13,4,4,1.1324769258499146,1.1324769258499146,0.017660025,0.49888840317726135,1.1324769258499146,2.3980820178985596,7.990100860595703,2026-05-16,2026-06-13,xgboost_direct
34,2026-05-16,2026-05-23,1,1,36.14663314819336,36.14663314819336,16.18215560913086,28.16274070739746,36.14663314819336,39.57809829711914,57.59702682495117,2026-05-16,2026-05-23,xgboost_direct
34,2026-05-16,2026-05-30,2,2,30.151771545410156,30.151771545410156,11.905566215515137,22.490278244018555,30.151771545410156,45.43900680541992,54.90834045410156,2026-05-16,2026-05-30,xgboost_direct
34,2026-05-16,2026-06-06,3,3,27.27564239501953,27.27564239501953,11.692022323608398,20.840801239013672,27.27564239501953,41.06747055053711,54.77576446533203,2026-05-16,2026-06-06,xgboost_direct
34,2026-05-16,2026-06-13,4,4,26.898395538330078,26.898395538330078,11.913691520690918,16.760543823242188,26.898395538330078,37.88557434082031,57.469085693359375,2026-05-16,2026-06-13,xgboost_direct
35,2026-05-16,2026-05-23,1,1,5.121234893798828,5.121234893798828,1.2,3.171140670776367,5.121234893798828,8.628827095031738,13.940431594848633,2026-05-16,2026-05-23,xgboost_direct
35,2026-05-16,2026-05-30,2,2,6.135326862335205,6.135326862335205,0.5534078478813171,2.652634382247925,6.135326862335205,7.6178717613220215,16.45238494873047,2026-05-16,2026-05-30,xgboost_direct
35,2026-05-16,2026-06-06,3,3,5.244499206542969,5.244499206542969,0.3250627815723419,2.9330718517303467,5.244499206542969,8.241104125976562,15.247190475463867,2026-05-16,2026-06-06,xgboost_direct
35,2026-05-16,2026-06-13,4,4,4.6557745933532715,4.6557745933532715,0.394451379776001,2.8003041744232178,4.6557745933532715,8.211138725280762,16.28822135925293,2026-05-16,2026-06-13,xgboost_direct
36,2026-05-16,2026-05-23,1,1,44.60170364379883,44.60170364379883,23.591495513916016,37.82256317138672,44.60170364379883,63.24868392944336,70.83145904541016,2026-05-16,2026-05-23,xgboost_direct
36,2026-05-16,2026-05-30,2,2,35.90144348144531,35.90144348144531,16.87946128845215,29.11325454711914,35.90144348144531,52.079349517822266,68.88233184814453,2026-05-16,2026-05-30,xgboost_direct
36,2026-05-16,2026-06-06,3,3,34.54865646362305,34.54865646362305,10.342843055725098,24.540029525756836,34.54865646362305,48.813514709472656,62.493045806884766,2026-05-16,2026-06-06,xgboost_direct
36,2026-05-16,2026-06-13,4,4,34.01221466064453,34.01221466064453,10.253201484680176,23.418710708618164,34.01221466064453,44.75245666503906,58.99994659423828,2026-05-16,2026-06-13,xgboost_direct
37,2026-05-16,2026-05-23,1,1,16.104333877563477,16.104333877563477,6.709023475646973,11.854028701782227,16.104333877563477,19.406171798706055,30.255128860473633,2026-05-16,2026-05-23,xgboost_direct
37,2026-05-16,2026-05-30,2,2,15.298994064331055,15.298994064331055,4.875491619110107,10.003746032714844,15.298994064331055,17.08963394165039,27.61627197265625,2026-05-16,2026-05-30,xgboost_direct
37,2026-05-16,2026-06-06,3,3,13.692083358764648,13.692083358764648,3.296541929244995,9.104620933532715,13.692083358764648,16.68252182006836,29.788358688354492,2026-05-16,2026-06-06,xgboost_direct
37,2026-05-16,2026-06-13,4,4,14.1482572555542,14.1482572555542,3.93294620513916,8.293030738830566,14.1482572555542,17.092418670654297,31.06435775756836,2026-05-16,2026-06-13,xgboost_direct
38,2026-05-16,2026-05-23,1,1,4.283388137817383,4.283388137817383,2.1,2.9656240940093994,4.283388137817383,7.0704665184021,12.128923416137695,2026-05-16,2026-05-23,xgboost_direct
38,2026-05-16,2026-05-30,2,2,3.7494912147521973,3.7494912147521973,0.5984999999999999,2.2210676670074463,3.7494912147521973,5.946347236633301,12.800862312316895,2026-05-16,2026-05-30,xgboost_direct
38,2026-05-16,2026-06-06,3,3,3.1788697242736816,3.1788697242736816,0.161595,1.6789098978042603,3.1788697242736816,6.260697364807129,12.11392593383789,2026-05-16,2026-06-06,xgboost_direct
38,2026-05-16,2026-06-13,4,4,2.2706410884857178,2.2706410884857178,0.07071743160486221,1.2941213846206665,2.2706410884857178,3.4625165462493896,11.654669761657715,2026-05-16,2026-06-13,xgboost_direct
39,2026-05-16,2026-05-23,1,1,16.083467483520508,16.083467483520508,6.925364971160889,11.85534381866455,16.083467483520508,20.83096694946289,30.46504020690918,2026-05-16,2026-05-23,xgboost_direct
39,2026-05-16,2026-05-30,2,2,16.258310317993164,16.258310317993164,3.8305914402008057,9.238945007324219,16.258310317993164,23.0313777923584,32.27129364013672,2026-05-16,2026-05-30,xgboost_direct
39,2026-05-16,2026-06-06,3,3,14.989459991455078,14.989459991455078,3.3427209854125977,9.308951377868652,14.989459991455078,28.45741844177246,30.6363525390625,2026-05-16,2026-06-06,xgboost_direct
39,2026-05-16,2026-06-13,4,4,12.958649635314941,12.958649635314941,3.293356418609619,7.693390846252441,12.958649635314941,17.86313819885254,32.18558120727539,2026-05-16,2026-06-13,xgboost_direct
40,2026-05-16,2026-05-23,1,1,8.67603874206543,8.67603874206543,3.3,5.44381046295166,8.67603874206543,10.485288619995117,19.319324493408203,2026-05-16,2026-05-23,xgboost_direct
40,2026-05-16,2026-05-30,2,2,8.16838264465332,8.16838264465332,1.700605034828186,4.223886489868164,8.16838264465332,10.833258628845215,18.512239456176758,2026-05-16,2026-05-30,xgboost_direct
40,2026-05-16,2026-06-06,3,3,7.600984573364258,7.600984573364258,1.420681357383728,4.305415630340576,7.600984573364258,10.837169647216797,19.031143188476562,2026-05-16,2026-06-06,xgboost_direct
40,2026-05-16,2026-06-13,4,4,6.891382694244385,6.891382694244385,0.953590989112854,3.8049304485321045,6.891382694244385,9.604948997497559,16.013721466064453,2026-05-16,2026-06-13,xgboost_direct
41,2026-05-16,2026-05-23,1,1,11.479804992675781,11.479804992675781,3.647221565246582,7.686487674713135,11.479804992675781,14.351421356201172,23.0115909576416,2026-05-16,2026-05-23,xgboost_direct
41,2026-05-16,2026-05-30,2,2,11.090776443481445,11.090776443481445,2.5664002895355225,6.789339542388916,11.090776443481445,14.265679359436035,24.310083389282227,2026-05-16,2026-05-30,xgboost_direct
41,2026-05-16,2026-06-06,3,3,10.783702850341797,10.783702850341797,1.8479549884796143,6.466743469238281,10.783702850341797,13.929994583129883,25.534257888793945,2026-05-16,2026-06-06,xgboost_direct
41,2026-05-16,2026-06-13,4,4,9.791969299316406,9.791969299316406,1.474845290184021,5.510373592376709,9.791969299316406,13.551347732543945,24.85733985900879,2026-05-16,2026-06-13,xgboost_direct
42,2026-05-16,2026-05-23,1,1,108.51485443115234,108.51485443115234,65.33362579345703,95.15113830566406,108.51485443115234,131.6028594970703,181.595703125,2026-05-16,2026-05-23,xgboost_direct
42,2026-05-16,2026-05-30,2,2,87.0018081665039,87.0018081665039,42.262855529785156,74.01988983154297,87.0018081665039,122.25704193115234,172.6911163330078,2026-05-16,2026-05-30,xgboost_direct
42,2026-05-16,2026-06-06,3,3,70.0184326171875,70.0184326171875,30.086118698120117,57.97044372558594,70.0184326171875,109.79209899902344,149.5947723388672,2026-05-16,2026-06-06,xgboost_direct
42,2026-05-16,2026-06-13,4,4,67.07825469970703,67.07825469970703,19.996421813964844,41.20526123046875,67.07825469970703,98.6194076538086,129.07839965820312,2026-05-16,2026-06-13,xgboost_direct
44,2026-05-16,2026-05-23,1,1,6.918159484863281,6.918159484863281,3.0,4.507660865783691,6.918159484863281,9.912665367126465,18.600175857543945,2026-05-16,2026-05-23,xgboost_direct
44,2026-05-16,2026-05-30,2,2,6.579495429992676,6.579495429992676,1.4396322965621948,3.772632598876953,6.579495429992676,9.917898178100586,17.863393783569336,2026-05-16,2026-05-30,xgboost_direct
44,2026-05-16,2026-06-06,3,3,5.930573463439941,5.930573463439941,0.8464069366455078,3.365126371383667,5.930573463439941,9.015874862670898,16.98946762084961,2026-05-16,2026-06-06,xgboost_direct
44,2026-05-16,2026-06-13,4,4,4.078056812286377,4.078056812286377,0.7728173732757568,2.397278070449829,4.078056812286377,7.395185470581055,15.351757049560547,2026-05-16,2026-06-13,xgboost_direct
45,2026-05-16,2026-05-23,1,1,10.381339073181152,10.381339073181152,2.4,5.518314838409424,10.381339073181152,13.016606330871582,19.9548397064209,2026-05-16,2026-05-23,xgboost_direct
45,2026-05-16,2026-05-30,2,2,9.517634391784668,9.517634391784668,1.4866464138031006,4.460120677947998,9.517634391784668,13.072234153747559,21.63347625732422,2026-05-16,2026-05-30,xgboost_direct
45,2026-05-16,2026-06-06,3,3,8.656403541564941,8.656403541564941,1.2374213933944702,4.29547119140625,8.656403541564941,11.387325286865234,21.096662521362305,2026-05-16,2026-06-06,xgboost_direct
45,2026-05-16,2026-06-13,4,4,7.561022758483887,7.561022758483887,0.7907155752182007,3.9193274974823,7.561022758483887,11.28044605255127,20.159605026245117,2026-05-16,2026-06-13,xgboost_direct
46,2026-05-16,2026-05-23,1,1,4.730391025543213,4.730391025543213,1.2,2.838125228881836,4.730391025543213,7.136219501495361,12.314594268798828,2026-05-16,2026-05-23,xgboost_direct
46,2026-05-16,2026-05-30,2,2,5.137322902679443,5.137322902679443,0.8105423450469971,2.7096681594848633,5.137322902679443,7.239165782928467,14.359209060668945,2026-05-16,2026-05-30,xgboost_direct
46,2026-05-16,2026-06-06,3,3,3.8415629863739014,3.8415629863739014,0.21884644031524658,2.4508719444274902,3.8415629863739014,7.070799350738525,13.857466697692871,2026-05-16,2026-06-06,xgboost_direct
46,2026-05-16,2026-06-13,4,4,3.387622117996216,3.387622117996216,0.2300892025232315,2.180574417114258,3.387622117996216,6.1927313804626465,12.336862564086914,2026-05-16,2026-06-13,xgboost_direct
47,2026-05-16,2026-05-23,1,1,34.83450698852539,34.83450698852539,15.050617218017578,26.333324432373047,34.83450698852539,39.265621185302734,54.641563415527344,2026-05-16,2026-05-23,xgboost_direct
47,2026-05-16,2026-05-30,2,2,29.183040618896484,29.183040618896484,10.997812271118164,21.684528350830078,29.183040618896484,43.54035186767578,52.19132614135742,2026-05-16,2026-05-30,xgboost_direct
47,2026-05-16,2026-06-06,3,3,26.68375587463379,26.68375587463379,10.21120548248291,18.93364906311035,26.68375587463379,37.08677291870117,47.616737365722656,2026-05-16,2026-06-06,xgboost_direct
47,2026-05-16,2026-06-13,4,4,25.296594619750977,25.296594619750977,9.280969619750977,16.175634384155273,25.296594619750977,35.13349914550781,48.09566116333008,2026-05-16,2026-06-13,xgboost_direct
48,2026-05-16,2026-05-23,1,1,107.45880126953125,107.45880126953125,59.36074447631836,89.73932647705078,107.45880126953125,126.19359588623047,142.1739501953125,2026-05-16,2026-05-23,xgboost_direct
48,2026-05-16,2026-05-30,2,2,96.32365417480469,96.32365417480469,40.90008544921875,76.99313354492188,96.32365417480469,114.95497131347656,128.01739501953125,2026-05-16,2026-05-30,xgboost_direct
48,2026-05-16,2026-06-06,3,3,79.89740753173828,79.89740753173828,29.216594696044922,57.385501861572266,79.89740753173828,108.03230285644531,138.52328491210938,2026-05-16,2026-06-06,xgboost_direct
48,2026-05-16,2026-06-13,4,4,69.3762435913086,69.3762435913086,29.609193801879883,44.51340866088867,69.3762435913086,113.60963439941406,156.06019592285156,2026-05-16,2026-06-13,xgboost_direct
49,2026-05-16,2026-05-23,1,1,9.989645957946777,9.989645957946777,2.1,5.356051921844482,9.989645957946777,13.20815372467041,19.13840675354004,2026-05-16,2026-05-23,xgboost_direct
49,2026-05-16,2026-05-30,2,2,9.029693603515625,9.029693603515625,1.2214689254760742,5.031915187835693,9.029693603515625,11.794053077697754,21.311826705932617,2026-05-16,2026-05-30,xgboost_direct
49,2026-05-16,2026-06-06,3,3,8.394140243530273,8.394140243530273,1.3826237916946411,4.672156810760498,8.394140243530273,13.11953353881836,22.12092399597168,2026-05-16,2026-06-06,xgboost_direct
49,2026-05-16,2026-06-13,4,4,8.356060981750488,8.356060981750488,0.6812668442726135,3.843315601348877,8.356060981750488,11.874873161315918,20.7365779876709,2026-05-16,2026-06-13,xgboost_direct
50,2026-05-16,2026-05-23,1,1,0.5449745059013367,0.5449745059013367,0.0,0.1434284746646881,0.5449745059013367,1.515852689743042,4.9906535148620605,2026-05-16,2026-05-23,xgboost_direct
50,2026-05-16,2026-05-30,2,2,0.5412634611129761,0.5412634611129761,0.0,0.04087711498141289,0.5412634611129761,1.3551549911499023,5.171387195587158,2026-05-16,2026-05-30,xgboost_direct
50,2026-05-16,2026-06-06,3,3,0.2685562074184418,0.2685562074184418,0.0,0.06362170726060867,0.2685562074184418,1.3551701307296753,4.977511882781982,2026-05-16,2026-06-06,xgboost_direct
50,2026-05-16,2026-06-13,4,4,0.2402047961950302,0.2402047961950302,0.0,0.01622353494167328,0.2402047961950302,1.1449838876724243,5.431807041168213,2026-05-16,2026-06-13,xgboost_direct
51,2026-05-16,2026-05-23,1,1,16.555831909179688,16.555831909179688,6.17561674118042,12.557844161987305,16.555831909179688,19.676651000976562,30.545930862426758,2026-05-16,2026-05-23,xgboost_direct
51,2026-05-16,2026-05-30,2,2,13.746892929077148,13.746892929077148,4.762165546417236,9.079705238342285,13.746892929077148,17.292829513549805,29.776447296142578,2026-05-16,2026-05-30,xgboost_direct
51,2026-05-16,2026-06-06,3,3,13.350813865661621,13.350813865661621,2.9903719425201416,8.1066255569458,13.350813865661621,17.139360427856445,32.287353515625,2026-05-16,2026-06-06,xgboost_direct
51,2026-05-16,2026-06-13,4,4,11.6763334274292,11.6763334274292,2.056387424468994,6.001246452331543,11.6763334274292,17.164621353149414,31.780452728271484,2026-05-16,2026-06-13,xgboost_direct
53,2026-05-16,2026-05-23,1,1,24.833934783935547,24.833934783935547,11.89653491973877,20.11921501159668,24.833934783935547,30.57282257080078,41.00787353515625,2026-05-16,2026-05-23,xgboost_direct
53,2026-05-16,2026-05-30,2,2,22.020689010620117,22.020689010620117,9.350762367248535,17.619281768798828,22.020689010620117,32.49772262573242,42.565425872802734,2026-05-16,2026-05-30,xgboost_direct
53,2026-05-16,2026-06-06,3,3,21.20438003540039,21.20438003540039,6.9944915771484375,14.015727043151855,21.20438003540039,30.999526977539062,40.71025466918945,2026-05-16,2026-06-06,xgboost_direct
53,2026-05-16,2026-06-13,4,4,19.871427536010742,19.871427536010742,5.784149646759033,12.819060325622559,19.871427536010742,25.05488395690918,42.330562591552734,2026-05-16,2026-06-13,xgboost_direct
54,2026-05-16,2026-05-23,1,1,5.2327046394348145,5.2327046394348145,1.5,2.4383814334869385,5.2327046394348145,8.534080505371094,14.073030471801758,2026-05-16,2026-05-23,xgboost_direct
54,2026-05-16,2026-05-30,2,2,4.148568630218506,4.148568630218506,0.4275,2.2738261222839355,4.148568630218506,6.267831325531006,12.901501655578613,2026-05-16,2026-05-30,xgboost_direct
54,2026-05-16,2026-06-06,3,3,4.297708034515381,4.297708034515381,0.115425,1.5492912530899048,4.297708034515381,5.8845930099487305,12.313911437988281,2026-05-16,2026-06-06,xgboost_direct
54,2026-05-16,2026-06-13,4,4,3.3565783500671387,3.3565783500671387,0.08242703974246979,1.3670459985733032,3.3565783500671387,5.487936019897461,12.81692886352539,2026-05-16,2026-06-13,xgboost_direct
55,2026-05-16,2026-05-23,1,1,7.613338470458984,7.613338470458984,2.1,3.910937547683716,7.613338470458984,9.725196838378906,18.74651336669922,2026-05-16,2026-05-23,xgboost_direct
55,2026-05-16,2026-05-30,2,2,6.440905570983887,6.440905570983887,0.5984999999999999,3.403848648071289,6.440905570983887,8.984260559082031,17.7750301361084,2026-05-16,2026-05-30,xgboost_direct
55,2026-05-16,2026-06-06,3,3,5.522500038146973,5.522500038146973,0.24596112966537476,2.815671682357788,5.522500038146973,9.753776550292969,17.032487869262695,2026-05-16,2026-06-06,xgboost_direct
55,2026-05-16,2026-06-13,4,4,4.53245210647583,4.53245210647583,0.4234674572944641,2.479457378387451,4.53245210647583,7.3952531814575195,16.13083267211914,2026-05-16,2026-06-13,xgboost_direct
56,2026-05-16,2026-05-23,1,1,5.6797566413879395,5.6797566413879395,2.4,2.9410266876220703,5.6797566413879395,7.508576393127441,14.464536666870117,2026-05-16,2026-05-23,xgboost_direct
56,2026-05-16,2026-05-30,2,2,5.0232744216918945,5.0232744216918945,0.7790836691856384,2.48545241355896,5.0232744216918945,8.111600875854492,14.484832763671875,2026-05-16,2026-05-30,xgboost_direct
56,2026-05-16,2026-06-06,3,3,4.4986371994018555,4.4986371994018555,0.6825829148292542,2.250638723373413,4.4986371994018555,6.0645856857299805,14.075398445129395,2026-05-16,2026-06-06,xgboost_direct
56,2026-05-16,2026-06-13,4,4,3.00225567817688,3.00225567817688,0.4193502962589264,1.4859172105789185,3.00225567817688,5.420365333557129,12.15926742553711,2026-05-16,2026-06-13,xgboost_direct
72,2026-05-16,2026-05-23,1,1,52.6182746887207,52.6182746887207,27.0781307220459,36.65094757080078,52.6182746887207,71.68778228759766,99.65013122558594,2026-05-16,2026-05-23,xgboost_direct
72,2026-05-16,2026-05-30,2,2,48.99387741088867,48.99387741088867,16.507095336914062,32.23390579223633,48.99387741088867,60.1954460144043,101.58987426757812,2026-05-16,2026-05-30,xgboost_direct
72,2026-05-16,2026-06-06,3,3,39.55375671386719,39.55375671386719,15.893921852111816,28.31886863708496,39.55375671386719,53.36130905151367,93.41405487060547,2026-05-16,2026-06-06,xgboost_direct
72,2026-05-16,2026-06-13,4,4,36.503150939941406,36.503150939941406,13.075093269348145,22.33498191833496,36.503150939941406,41.77254104614258,80.78413391113281,2026-05-16,2026-06-13,xgboost_direct
