location,cutoff_date,forecast_date,forecast_week,forecast,raw_model_output,target_mode,reference_date,target_end_date,horizon
01,2024-11-02,2024-11-09,1,23.496902465820312,3.1985466,log,2024-11-02,2024-11-09,1
01,2024-11-02,2024-11-16,2,33.293601989746094,3.5349588,log,2024-11-02,2024-11-16,2
01,2024-11-02,2024-11-23,3,53.080657958984375,3.9904766,log,2024-11-02,2024-11-23,3
01,2024-11-02,2024-11-30,4,71.515869140625,4.2838054,log,2024-11-02,2024-11-30,4
02,2024-11-02,2024-11-09,1,10.167848587036133,2.413039,log,2024-11-02,2024-11-09,1
02,2024-11-02,2024-11-16,2,18.249217987060547,2.9574704,log,2024-11-02,2024-11-16,2
02,2024-11-02,2024-11-23,3,24.184589385986328,3.2262323,log,2024-11-02,2024-11-23,3
02,2024-11-02,2024-11-30,4,33.35273361206055,3.5366817,log,2024-11-02,2024-11-30,4
04,2024-11-02,2024-11-09,1,101.4004898071289,4.6288915,log,2024-11-02,2024-11-09,1
04,2024-11-02,2024-11-16,2,113.1842041015625,4.737813,log,2024-11-02,2024-11-16,2
04,2024-11-02,2024-11-23,3,170.69219970703125,5.1457033,log,2024-11-02,2024-11-23,3
04,2024-11-02,2024-11-30,4,172.68540954589844,5.1572456,log,2024-11-02,2024-11-30,4
05,2024-11-02,2024-11-09,1,8.600808143615723,2.2618473,log,2024-11-02,2024-11-09,1
05,2024-11-02,2024-11-16,2,11.718100547790527,2.5430262,log,2024-11-02,2024-11-16,2
05,2024-11-02,2024-11-23,3,30.447296142578125,3.448313,log,2024-11-02,2024-11-23,3
05,2024-11-02,2024-11-30,4,49.71004867553711,3.926124,log,2024-11-02,2024-11-30,4
06,2024-11-02,2024-11-09,1,169.71151733398438,5.139975,log,2024-11-02,2024-11-09,1
06,2024-11-02,2024-11-16,2,197.36781311035156,5.290123,log,2024-11-02,2024-11-16,2
06,2024-11-02,2024-11-23,3,306.57244873046875,5.7287107,log,2024-11-02,2024-11-23,3
06,2024-11-02,2024-11-30,4,467.4658508300781,6.149463,log,2024-11-02,2024-11-30,4
08,2024-11-02,2024-11-09,1,26.131765365600586,3.3007052,log,2024-11-02,2024-11-09,1
08,2024-11-02,2024-11-16,2,39.6727180480957,3.7055576,log,2024-11-02,2024-11-16,2
08,2024-11-02,2024-11-23,3,60.04351806640625,4.111587,log,2024-11-02,2024-11-23,3
08,2024-11-02,2024-11-30,4,90.52594757080078,4.5166225,log,2024-11-02,2024-11-30,4
09,2024-11-02,2024-11-09,1,13.121206283569336,2.6476777,log,2024-11-02,2024-11-09,1
09,2024-11-02,2024-11-16,2,15.51844596862793,2.8044777,log,2024-11-02,2024-11-16,2
09,2024-11-02,2024-11-23,3,32.07030487060547,3.4986358,log,2024-11-02,2024-11-23,3
09,2024-11-02,2024-11-30,4,51.139808654785156,3.9539287,log,2024-11-02,2024-11-30,4
10,2024-11-02,2024-11-09,1,0.9060532450675964,0.64503473,log,2024-11-02,2024-11-09,1
10,2024-11-02,2024-11-16,2,1.5984323024749756,0.9549083,log,2024-11-02,2024-11-16,2
10,2024-11-02,2024-11-23,3,4.252297401428223,1.6586655,log,2024-11-02,2024-11-23,3
10,2024-11-02,2024-11-30,4,7.194484233856201,2.1034613,log,2024-11-02,2024-11-30,4
11,2024-11-02,2024-11-09,1,1.198243498802185,0.78765863,log,2024-11-02,2024-11-09,1
11,2024-11-02,2024-11-16,2,2.437950611114502,1.2348756,log,2024-11-02,2024-11-16,2
11,2024-11-02,2024-11-23,3,4.3488898277282715,1.6768891,log,2024-11-02,2024-11-23,3
11,2024-11-02,2024-11-30,4,8.98652172088623,2.3012364,log,2024-11-02,2024-11-30,4
12,2024-11-02,2024-11-09,1,180.00547790527344,5.1985273,log,2024-11-02,2024-11-09,1
12,2024-11-02,2024-11-16,2,283.2341613769531,5.6497984,log,2024-11-02,2024-11-16,2
12,2024-11-02,2024-11-23,3,378.8002014160156,5.9396453,log,2024-11-02,2024-11-23,3
12,2024-11-02,2024-11-30,4,539.4791870117188,6.292456,log,2024-11-02,2024-11-30,4
13,2024-11-02,2024-11-09,1,21.49205780029297,3.1131623,log,2024-11-02,2024-11-09,1
13,2024-11-02,2024-11-16,2,31.880197525024414,3.4928706,log,2024-11-02,2024-11-16,2
13,2024-11-02,2024-11-23,3,57.07632064819336,4.061758,log,2024-11-02,2024-11-23,3
13,2024-11-02,2024-11-30,4,113.41633605957031,4.739844,log,2024-11-02,2024-11-30,4
15,2024-11-02,2024-11-09,1,3.506044626235962,1.5054197,log,2024-11-02,2024-11-09,1
15,2024-11-02,2024-11-16,2,5.333895206451416,1.8459154,log,2024-11-02,2024-11-16,2
15,2024-11-02,2024-11-23,3,9.371800422668457,2.3390906,log,2024-11-02,2024-11-23,3
15,2024-11-02,2024-11-30,4,18.360218048095703,2.9632204,log,2024-11-02,2024-11-30,4
16,2024-11-02,2024-11-09,1,5.283642768859863,1.8379499,log,2024-11-02,2024-11-09,1
16,2024-11-02,2024-11-16,2,8.67172622680664,2.2692068,log,2024-11-02,2024-11-16,2
16,2024-11-02,2024-11-23,3,13.004508018493652,2.6393793,log,2024-11-02,2024-11-23,3
16,2024-11-02,2024-11-30,4,19.53873062133789,3.0223124,log,2024-11-02,2024-11-30,4
17,2024-11-02,2024-11-09,1,26.727657318115234,3.3224304,log,2024-11-02,2024-11-09,1
17,2024-11-02,2024-11-16,2,41.6655158996582,3.753391,log,2024-11-02,2024-11-16,2
17,2024-11-02,2024-11-23,3,71.1131820678711,4.278237,log,2024-11-02,2024-11-23,3
17,2024-11-02,2024-11-30,4,99.42610931396484,4.609422,log,2024-11-02,2024-11-30,4
18,2024-11-02,2024-11-09,1,20.989267349243164,3.0905545,log,2024-11-02,2024-11-09,1
18,2024-11-02,2024-11-16,2,29.348247528076172,3.4127388,log,2024-11-02,2024-11-16,2
18,2024-11-02,2024-11-23,3,56.8202018737793,4.057338,log,2024-11-02,2024-11-23,3
18,2024-11-02,2024-11-30,4,89.2153549194336,4.5021996,log,2024-11-02,2024-11-30,4
19,2024-11-02,2024-11-09,1,4.961359024047852,1.7852985,log,2024-11-02,2024-11-09,1
19,2024-11-02,2024-11-16,2,8.209515571594238,2.2202373,log,2024-11-02,2024-11-16,2
19,2024-11-02,2024-11-23,3,21.194705963134766,3.0998538,log,2024-11-02,2024-11-23,3
19,2024-11-02,2024-11-30,4,36.824424743652344,3.632955,log,2024-11-02,2024-11-30,4
20,2024-11-02,2024-11-09,1,8.352588653564453,2.2356532,log,2024-11-02,2024-11-09,1
20,2024-11-02,2024-11-16,2,12.638188362121582,2.6128738,log,2024-11-02,2024-11-16,2
20,2024-11-02,2024-11-23,3,33.906219482421875,3.552665,log,2024-11-02,2024-11-23,3
20,2024-11-02,2024-11-30,4,48.70407485961914,3.906087,log,2024-11-02,2024-11-30,4
21,2024-11-02,2024-11-09,1,12.385116577148438,2.5941434,log,2024-11-02,2024-11-09,1
21,2024-11-02,2024-11-16,2,16.15322494506836,2.8421862,log,2024-11-02,2024-11-16,2
21,2024-11-02,2024-11-23,3,29.263378143310547,3.4099383,log,2024-11-02,2024-11-23,3
21,2024-11-02,2024-11-30,4,56.602500915527344,4.053566,log,2024-11-02,2024-11-30,4
22,2024-11-02,2024-11-09,1,29.977434158325195,3.433259,log,2024-11-02,2024-11-09,1
22,2024-11-02,2024-11-16,2,48.60439682006836,3.9040794,log,2024-11-02,2024-11-16,2
22,2024-11-02,2024-11-23,3,67.15841674804688,4.2218347,log,2024-11-02,2024-11-23,3
22,2024-11-02,2024-11-30,4,104.57251739501953,4.659398,log,2024-11-02,2024-11-30,4
23,2024-11-02,2024-11-09,1,1.0938514471054077,0.73900515,log,2024-11-02,2024-11-09,1
23,2024-11-02,2024-11-16,2,2.3669309616088867,1.2140017,log,2024-11-02,2024-11-16,2
23,2024-11-02,2024-11-23,3,5.264823913574219,1.8349504,log,2024-11-02,2024-11-23,3
23,2024-11-02,2024-11-30,4,9.6244478225708,2.3631577,log,2024-11-02,2024-11-30,4
24,2024-11-02,2024-11-09,1,6.5703229904174805,2.0242357,log,2024-11-02,2024-11-09,1
24,2024-11-02,2024-11-16,2,7.877297401428223,2.1834972,log,2024-11-02,2024-11-16,2
24,2024-11-02,2024-11-23,3,12.392592430114746,2.5947018,log,2024-11-02,2024-11-23,3
24,2024-11-02,2024-11-30,4,23.15582275390625,3.1845255,log,2024-11-02,2024-11-30,4
25,2024-11-02,2024-11-09,1,3.322739601135254,1.4638894,log,2024-11-02,2024-11-09,1
25,2024-11-02,2024-11-16,2,4.921229839324951,1.7785442,log,2024-11-02,2024-11-16,2
25,2024-11-02,2024-11-23,3,7.802075386047363,2.1749876,log,2024-11-02,2024-11-23,3
25,2024-11-02,2024-11-30,4,14.404841423034668,2.7346818,log,2024-11-02,2024-11-30,4
26,2024-11-02,2024-11-09,1,20.541135787963867,3.0699644,log,2024-11-02,2024-11-09,1
26,2024-11-02,2024-11-16,2,31.7492618560791,3.4888804,log,2024-11-02,2024-11-16,2
26,2024-11-02,2024-11-23,3,60.80418014526367,4.123971,log,2024-11-02,2024-11-23,3
26,2024-11-02,2024-11-30,4,88.24321746826172,4.4913654,log,2024-11-02,2024-11-30,4
27,2024-11-02,2024-11-09,1,8.049816131591797,2.2027445,log,2024-11-02,2024-11-09,1
27,2024-11-02,2024-11-16,2,13.018932342529297,2.6404088,log,2024-11-02,2024-11-16,2
27,2024-11-02,2024-11-23,3,19.928955078125,3.0411336,log,2024-11-02,2024-11-23,3
27,2024-11-02,2024-11-30,4,27.681482315063477,3.3562517,log,2024-11-02,2024-11-30,4
28,2024-11-02,2024-11-09,1,15.273455619812012,2.7895353,log,2024-11-02,2024-11-09,1
28,2024-11-02,2024-11-16,2,21.579734802246094,3.1170528,log,2024-11-02,2024-11-16,2
28,2024-11-02,2024-11-23,3,39.027313232421875,3.689562,log,2024-11-02,2024-11-23,3
28,2024-11-02,2024-11-30,4,54.62437057495117,4.0186214,log,2024-11-02,2024-11-30,4
29,2024-11-02,2024-11-09,1,17.61004066467285,2.9237013,log,2024-11-02,2024-11-09,1
29,2024-11-02,2024-11-16,2,29.77861213684082,3.42682,log,2024-11-02,2024-11-16,2
29,2024-11-02,2024-11-23,3,49.71500778198242,3.9262218,log,2024-11-02,2024-11-23,3
29,2024-11-02,2024-11-30,4,83.41392517089844,4.4357324,log,2024-11-02,2024-11-30,4
30,2024-11-02,2024-11-09,1,0.9832505583763123,0.6847372,log,2024-11-02,2024-11-09,1
30,2024-11-02,2024-11-16,2,1.5613552331924438,0.9405365,log,2024-11-02,2024-11-16,2
30,2024-11-02,2024-11-23,3,3.566957473754883,1.5188472,log,2024-11-02,2024-11-23,3
30,2024-11-02,2024-11-30,4,6.536141395568848,2.0197103,log,2024-11-02,2024-11-30,4
31,2024-11-02,2024-11-09,1,2.1883816719055176,1.1595135,log,2024-11-02,2024-11-09,1
31,2024-11-02,2024-11-16,2,3.3862011432647705,1.4784635,log,2024-11-02,2024-11-16,2
31,2024-11-02,2024-11-23,3,5.263901233673096,1.8348032,log,2024-11-02,2024-11-23,3
31,2024-11-02,2024-11-30,4,10.66268253326416,2.4563942,log,2024-11-02,2024-11-30,4
32,2024-11-02,2024-11-09,1,10.710570335388184,2.460492,log,2024-11-02,2024-11-09,1
32,2024-11-02,2024-11-16,2,16.71079444885254,2.8741744,log,2024-11-02,2024-11-16,2
32,2024-11-02,2024-11-23,3,33.01604461669922,3.5268323,log,2024-11-02,2024-11-23,3
32,2024-11-02,2024-11-30,4,53.523468017578125,3.9986312,log,2024-11-02,2024-11-30,4
33,2024-11-02,2024-11-09,1,1.9850820302963257,1.0936272,log,2024-11-02,2024-11-09,1
33,2024-11-02,2024-11-16,2,3.060091018676758,1.4012054,log,2024-11-02,2024-11-16,2
33,2024-11-02,2024-11-23,3,6.246159553527832,1.9804716,log,2024-11-02,2024-11-23,3
33,2024-11-02,2024-11-30,4,9.586398124694824,2.35957,log,2024-11-02,2024-11-30,4
34,2024-11-02,2024-11-09,1,17.287334442138672,2.9062088,log,2024-11-02,2024-11-09,1
34,2024-11-02,2024-11-16,2,25.898529052734375,3.2920716,log,2024-11-02,2024-11-16,2
34,2024-11-02,2024-11-23,3,49.27574157714844,3.9175227,log,2024-11-02,2024-11-23,3
34,2024-11-02,2024-11-30,4,70.32046508789062,4.2671833,log,2024-11-02,2024-11-30,4
35,2024-11-02,2024-11-09,1,5.312316417694092,1.8425027,log,2024-11-02,2024-11-09,1
35,2024-11-02,2024-11-16,2,7.15992546081543,2.099235,log,2024-11-02,2024-11-16,2
35,2024-11-02,2024-11-23,3,13.054855346679688,2.642968,log,2024-11-02,2024-11-23,3
35,2024-11-02,2024-11-30,4,20.225534439086914,3.0552049,log,2024-11-02,2024-11-30,4
36,2024-11-02,2024-11-09,1,31.527385711669922,3.4820824,log,2024-11-02,2024-11-09,1
36,2024-11-02,2024-11-16,2,36.804420471191406,3.632426,log,2024-11-02,2024-11-16,2
36,2024-11-02,2024-11-23,3,58.032535552978516,4.0780888,log,2024-11-02,2024-11-23,3
36,2024-11-02,2024-11-30,4,97.76934051513672,4.5927873,log,2024-11-02,2024-11-30,4
37,2024-11-02,2024-11-09,1,24.132890701293945,3.2241774,log,2024-11-02,2024-11-09,1
37,2024-11-02,2024-11-16,2,28.916261672973633,3.3984022,log,2024-11-02,2024-11-16,2
37,2024-11-02,2024-11-23,3,35.293235778808594,3.5916314,log,2024-11-02,2024-11-23,3
37,2024-11-02,2024-11-30,4,41.83958435058594,3.7574625,log,2024-11-02,2024-11-30,4
38,2024-11-02,2024-11-09,1,0.6752066016197205,0.5159365,log,2024-11-02,2024-11-09,1
38,2024-11-02,2024-11-16,2,1.740582823753357,1.0081706,log,2024-11-02,2024-11-16,2
38,2024-11-02,2024-11-23,3,3.6656923294067383,1.5402362,log,2024-11-02,2024-11-23,3
38,2024-11-02,2024-11-30,4,6.017489433288574,1.9484055,log,2024-11-02,2024-11-30,4
39,2024-11-02,2024-11-09,1,33.57732391357422,3.543198,log,2024-11-02,2024-11-09,1
39,2024-11-02,2024-11-16,2,45.36286163330078,3.8364987,log,2024-11-02,2024-11-16,2
39,2024-11-02,2024-11-23,3,55.119293212890625,4.0274796,log,2024-11-02,2024-11-23,3
39,2024-11-02,2024-11-30,4,89.5055923461914,4.5054116,log,2024-11-02,2024-11-30,4
40,2024-11-02,2024-11-09,1,6.712738990783691,2.0428734,log,2024-11-02,2024-11-09,1
40,2024-11-02,2024-11-16,2,8.100845336914062,2.2083673,log,2024-11-02,2024-11-16,2
40,2024-11-02,2024-11-23,3,15.91279411315918,2.8280704,log,2024-11-02,2024-11-23,3
40,2024-11-02,2024-11-30,4,29.675193786621094,3.4234543,log,2024-11-02,2024-11-30,4
41,2024-11-02,2024-11-09,1,9.742086410522461,2.3741693,log,2024-11-02,2024-11-09,1
41,2024-11-02,2024-11-16,2,14.086382865905762,2.7137926,log,2024-11-02,2024-11-16,2
41,2024-11-02,2024-11-23,3,15.61083984375,2.8100555,log,2024-11-02,2024-11-23,3
41,2024-11-02,2024-11-30,4,31.509305953979492,3.4815264,log,2024-11-02,2024-11-30,4
42,2024-11-02,2024-11-09,1,82.08151245117188,4.419822,log,2024-11-02,2024-11-09,1
42,2024-11-02,2024-11-16,2,82.18338775634766,4.4210477,log,2024-11-02,2024-11-16,2
42,2024-11-02,2024-11-23,3,125.21068572998047,4.8379526,log,2024-11-02,2024-11-23,3
42,2024-11-02,2024-11-30,4,175.61447143554688,5.1739693,log,2024-11-02,2024-11-30,4
44,2024-11-02,2024-11-09,1,0.8577588200569153,0.6193708,log,2024-11-02,2024-11-09,1
44,2024-11-02,2024-11-16,2,1.6700153350830078,0.9820842,log,2024-11-02,2024-11-16,2
44,2024-11-02,2024-11-23,3,3.91593861579895,1.5924827,log,2024-11-02,2024-11-23,3
44,2024-11-02,2024-11-30,4,5.021020412445068,1.7952567,log,2024-11-02,2024-11-30,4
45,2024-11-02,2024-11-09,1,17.711782455444336,2.9291534,log,2024-11-02,2024-11-09,1
45,2024-11-02,2024-11-16,2,27.501005172729492,3.3499393,log,2024-11-02,2024-11-16,2
45,2024-11-02,2024-11-23,3,47.108707427978516,3.8734632,log,2024-11-02,2024-11-23,3
45,2024-11-02,2024-11-30,4,77.25042724609375,4.3599143,log,2024-11-02,2024-11-30,4
46,2024-11-02,2024-11-09,1,1.3650293350219727,0.86079043,log,2024-11-02,2024-11-09,1
46,2024-11-02,2024-11-16,2,2.65744686126709,1.2967653,log,2024-11-02,2024-11-16,2
46,2024-11-02,2024-11-23,3,5.806178569793701,1.9178308,log,2024-11-02,2024-11-23,3
46,2024-11-02,2024-11-30,4,7.649155139923096,2.1574616,log,2024-11-02,2024-11-30,4
47,2024-11-02,2024-11-09,1,62.92226028442383,4.1576676,log,2024-11-02,2024-11-09,1
47,2024-11-02,2024-11-16,2,78.74969482421875,4.378893,log,2024-11-02,2024-11-16,2
47,2024-11-02,2024-11-23,3,99.7371826171875,4.612515,log,2024-11-02,2024-11-23,3
47,2024-11-02,2024-11-30,4,161.22674560546875,5.088995,log,2024-11-02,2024-11-30,4
48,2024-11-02,2024-11-09,1,131.257568359375,4.8847513,log,2024-11-02,2024-11-09,1
48,2024-11-02,2024-11-16,2,183.5676727294922,5.218016,log,2024-11-02,2024-11-16,2
48,2024-11-02,2024-11-23,3,242.80596923828125,5.4963727,log,2024-11-02,2024-11-23,3
48,2024-11-02,2024-11-30,4,366.5079650878906,5.906745,log,2024-11-02,2024-11-30,4
49,2024-11-02,2024-11-09,1,3.4488022327423096,1.4926349,log,2024-11-02,2024-11-09,1
49,2024-11-02,2024-11-16,2,3.8617188930511475,1.581392,log,2024-11-02,2024-11-16,2
49,2024-11-02,2024-11-23,3,8.223838806152344,2.2217913,log,2024-11-02,2024-11-23,3
49,2024-11-02,2024-11-30,4,13.125543594360352,2.6479847,log,2024-11-02,2024-11-30,4
50,2024-11-02,2024-11-09,1,0.9439311027526855,0.66471225,log,2024-11-02,2024-11-09,1
50,2024-11-02,2024-11-16,2,1.2644537687301636,0.8173336,log,2024-11-02,2024-11-16,2
50,2024-11-02,2024-11-23,3,3.24934983253479,1.446766,log,2024-11-02,2024-11-23,3
50,2024-11-02,2024-11-30,4,5.292228698730469,1.8393153,log,2024-11-02,2024-11-30,4
51,2024-11-02,2024-11-09,1,21.879714965820312,3.1302507,log,2024-11-02,2024-11-09,1
51,2024-11-02,2024-11-16,2,37.216556549072266,3.6432688,log,2024-11-02,2024-11-16,2
51,2024-11-02,2024-11-23,3,44.829689025878906,3.824932,log,2024-11-02,2024-11-23,3
51,2024-11-02,2024-11-30,4,69.3226318359375,4.2530937,log,2024-11-02,2024-11-30,4
53,2024-11-02,2024-11-09,1,7.3707098960876465,2.1247387,log,2024-11-02,2024-11-09,1
53,2024-11-02,2024-11-16,2,12.923111915588379,2.6335502,log,2024-11-02,2024-11-16,2
53,2024-11-02,2024-11-23,3,19.074081420898438,2.9994295,log,2024-11-02,2024-11-23,3
53,2024-11-02,2024-11-30,4,26.463415145874023,3.3128548,log,2024-11-02,2024-11-30,4
54,2024-11-02,2024-11-09,1,1.2253121137619019,0.7998972,log,2024-11-02,2024-11-09,1
54,2024-11-02,2024-11-16,2,2.356372356414795,1.2108607,log,2024-11-02,2024-11-16,2
54,2024-11-02,2024-11-23,3,5.0255303382873535,1.7960055,log,2024-11-02,2024-11-23,3
54,2024-11-02,2024-11-30,4,9.701740264892578,2.3704064,log,2024-11-02,2024-11-30,4
55,2024-11-02,2024-11-09,1,10.191519737243652,2.4151564,log,2024-11-02,2024-11-09,1
55,2024-11-02,2024-11-16,2,14.759302139282227,2.7574308,log,2024-11-02,2024-11-16,2
55,2024-11-02,2024-11-23,3,29.238632202148438,3.4091203,log,2024-11-02,2024-11-23,3
55,2024-11-02,2024-11-30,4,47.81715393066406,3.8880818,log,2024-11-02,2024-11-30,4
56,2024-11-02,2024-11-09,1,1.5268352031707764,0.9269676,log,2024-11-02,2024-11-09,1
56,2024-11-02,2024-11-16,2,3.3593809604644775,1.4723301,log,2024-11-02,2024-11-16,2
56,2024-11-02,2024-11-23,3,5.35870361328125,1.8498245,log,2024-11-02,2024-11-23,3
56,2024-11-02,2024-11-30,4,8.538277626037598,2.255313,log,2024-11-02,2024-11-30,4
72,2024-11-02,2024-11-09,1,26.370901107788086,3.3094804,log,2024-11-02,2024-11-09,1
72,2024-11-02,2024-11-16,2,38.24425506591797,3.669805,log,2024-11-02,2024-11-16,2
72,2024-11-02,2024-11-23,3,51.90605545043945,3.9685178,log,2024-11-02,2024-11-23,3
72,2024-11-02,2024-11-30,4,101.11426544189453,4.6260924,log,2024-11-02,2024-11-30,4
US,2024-11-02,2024-11-09,1,845.5009155273438,6.7411113,log,2024-11-02,2024-11-09,1
US,2024-11-02,2024-11-16,2,883.58837890625,6.7851224,log,2024-11-02,2024-11-16,2
US,2024-11-02,2024-11-23,3,1118.0794677734375,7.020262,log,2024-11-02,2024-11-23,3
US,2024-11-02,2024-11-30,4,1330.4134521484375,7.1939964,log,2024-11-02,2024-11-30,4
01,2024-11-09,2024-11-16,1,39.235774993896484,3.6947565,log,2024-11-09,2024-11-16,1
01,2024-11-09,2024-11-23,2,58.51999282836914,4.0863123,log,2024-11-09,2024-11-23,2
01,2024-11-09,2024-11-30,3,94.27809143066406,4.5568,log,2024-11-09,2024-11-30,3
01,2024-11-09,2024-12-07,4,111.78291320800781,4.725465,log,2024-11-09,2024-12-07,4
02,2024-11-09,2024-11-16,1,12.250337600708008,2.584023,log,2024-11-09,2024-11-16,1
02,2024-11-09,2024-11-23,2,22.211395263671875,3.1446433,log,2024-11-09,2024-11-23,2
02,2024-11-09,2024-11-30,3,32.182044982910156,3.502009,log,2024-11-09,2024-11-30,3
02,2024-11-09,2024-12-07,4,38.38689041137695,3.673433,log,2024-11-09,2024-12-07,4
04,2024-11-09,2024-11-16,1,329.4878845214844,5.80057,log,2024-11-09,2024-11-16,1
04,2024-11-09,2024-11-23,2,404.6679992675781,6.005535,log,2024-11-09,2024-11-23,2
04,2024-11-09,2024-11-30,3,331.5728759765625,5.806859,log,2024-11-09,2024-11-30,3
04,2024-11-09,2024-12-07,4,321.5419616699219,5.776233,log,2024-11-09,2024-12-07,4
05,2024-11-09,2024-11-16,1,17.73969078063965,2.9306438,log,2024-11-09,2024-11-16,1
05,2024-11-09,2024-11-23,2,34.92633056640625,3.5814705,log,2024-11-09,2024-11-23,2
05,2024-11-09,2024-11-30,3,54.576942443847656,4.0177684,log,2024-11-09,2024-11-30,3
05,2024-11-09,2024-12-07,4,62.88395690917969,4.1570683,log,2024-11-09,2024-12-07,4
06,2024-11-09,2024-11-16,1,242.5330352783203,5.4952526,log,2024-11-09,2024-11-16,1
06,2024-11-09,2024-11-23,2,359.0704040527344,5.8862996,log,2024-11-09,2024-11-23,2
06,2024-11-09,2024-11-30,3,463.9115295410156,6.141847,log,2024-11-09,2024-11-30,3
06,2024-11-09,2024-12-07,4,683.520751953125,6.528719,log,2024-11-09,2024-12-07,4
08,2024-11-09,2024-11-16,1,32.26354217529297,3.504462,log,2024-11-09,2024-11-16,1
08,2024-11-09,2024-11-23,2,48.79772186279297,3.9079692,log,2024-11-09,2024-11-23,2
08,2024-11-09,2024-11-30,3,80.06708526611328,4.395277,log,2024-11-09,2024-11-30,3
08,2024-11-09,2024-12-07,4,116.62126922607422,4.76747,log,2024-11-09,2024-12-07,4
09,2024-11-09,2024-11-16,1,9.283958435058594,2.3305852,log,2024-11-09,2024-11-16,1
09,2024-11-09,2024-11-23,2,13.025769233703613,2.6408963,log,2024-11-09,2024-11-23,2
09,2024-11-09,2024-11-30,3,19.22498893737793,3.006919,log,2024-11-09,2024-11-30,3
09,2024-11-09,2024-12-07,4,29.169710159301758,3.4068384,log,2024-11-09,2024-12-07,4
10,2024-11-09,2024-11-16,1,1.9999924898147583,1.0986098,log,2024-11-09,2024-11-16,1
10,2024-11-09,2024-11-23,2,3.326856851577759,1.4648414,log,2024-11-09,2024-11-23,2
10,2024-11-09,2024-11-30,3,6.699009418487549,2.0410917,log,2024-11-09,2024-11-30,3
10,2024-11-09,2024-12-07,4,8.029010772705078,2.2004428,log,2024-11-09,2024-12-07,4
11,2024-11-09,2024-11-16,1,1.6773138046264648,0.984814,log,2024-11-09,2024-11-16,1
11,2024-11-09,2024-11-23,2,2.917327404022217,1.3654096,log,2024-11-09,2024-11-23,2
11,2024-11-09,2024-11-30,3,5.39849328994751,1.8560625,log,2024-11-09,2024-11-30,3
11,2024-11-09,2024-12-07,4,7.049160003662109,2.0855677,log,2024-11-09,2024-12-07,4
12,2024-11-09,2024-11-16,1,406.0716857910156,6.0089893,log,2024-11-09,2024-11-16,1
12,2024-11-09,2024-11-23,2,631.0707397460938,6.4490013,log,2024-11-09,2024-11-23,2
12,2024-11-09,2024-11-30,3,727.7384033203125,6.591315,log,2024-11-09,2024-11-30,3
12,2024-11-09,2024-12-07,4,858.8026733398438,6.756703,log,2024-11-09,2024-12-07,4
13,2024-11-09,2024-11-16,1,44.953468322753906,3.8276293,log,2024-11-09,2024-11-16,1
13,2024-11-09,2024-11-23,2,61.470924377441406,4.1347013,log,2024-11-09,2024-11-23,2
13,2024-11-09,2024-11-30,3,117.4062271118164,4.7741213,log,2024-11-09,2024-11-30,3
13,2024-11-09,2024-12-07,4,121.1844711303711,4.805532,log,2024-11-09,2024-12-07,4
15,2024-11-09,2024-11-16,1,8.861486434936523,2.288637,log,2024-11-09,2024-11-16,1
15,2024-11-09,2024-11-23,2,20.931495666503906,3.0879238,log,2024-11-09,2024-11-23,2
15,2024-11-09,2024-11-30,3,31.915830612182617,3.4939537,log,2024-11-09,2024-11-30,3
15,2024-11-09,2024-12-07,4,44.239990234375,3.8119814,log,2024-11-09,2024-12-07,4
16,2024-11-09,2024-11-16,1,7.165010929107666,2.099858,log,2024-11-09,2024-11-16,1
16,2024-11-09,2024-11-23,2,11.938370704650879,2.5601974,log,2024-11-09,2024-11-23,2
16,2024-11-09,2024-11-30,3,12.404389381408691,2.5955822,log,2024-11-09,2024-11-30,3
16,2024-11-09,2024-12-07,4,18.367355346679688,2.963589,log,2024-11-09,2024-12-07,4
17,2024-11-09,2024-11-16,1,51.42747116088867,3.9594307,log,2024-11-09,2024-11-16,1
17,2024-11-09,2024-11-23,2,67.15026092529297,4.221715,log,2024-11-09,2024-11-23,2
17,2024-11-09,2024-11-30,3,125.87218475341797,4.84318,log,2024-11-09,2024-11-30,3
17,2024-11-09,2024-12-07,4,192.22134399414062,5.2638364,log,2024-11-09,2024-12-07,4
18,2024-11-09,2024-11-16,1,33.06435775756836,3.5282516,log,2024-11-09,2024-11-16,1
18,2024-11-09,2024-11-23,2,51.402801513671875,3.95896,log,2024-11-09,2024-11-23,2
18,2024-11-09,2024-11-30,3,90.87300109863281,4.520407,log,2024-11-09,2024-11-30,3
18,2024-11-09,2024-12-07,4,102.4783935546875,4.639363,log,2024-11-09,2024-12-07,4
19,2024-11-09,2024-11-16,1,5.8804216384887695,1.92868,log,2024-11-09,2024-11-16,1
19,2024-11-09,2024-11-23,2,8.970382690429688,2.299619,log,2024-11-09,2024-11-23,2
19,2024-11-09,2024-11-30,3,15.027691841125488,2.774318,log,2024-11-09,2024-11-30,3
19,2024-11-09,2024-12-07,4,25.389354705810547,3.2729607,log,2024-11-09,2024-12-07,4
20,2024-11-09,2024-11-16,1,11.300993919372559,2.50968,log,2024-11-09,2024-11-16,1
20,2024-11-09,2024-11-23,2,16.655166625976562,2.8710284,log,2024-11-09,2024-11-23,2
20,2024-11-09,2024-11-30,3,26.60593605041504,3.3180308,log,2024-11-09,2024-11-30,3
20,2024-11-09,2024-12-07,4,38.088497161865234,3.6658282,log,2024-11-09,2024-12-07,4
21,2024-11-09,2024-11-16,1,24.60796546936035,3.2429035,log,2024-11-09,2024-11-16,1
21,2024-11-09,2024-11-23,2,36.933555603027344,3.6358361,log,2024-11-09,2024-11-23,2
21,2024-11-09,2024-11-30,3,60.06724548339844,4.1119757,log,2024-11-09,2024-11-30,3
21,2024-11-09,2024-12-07,4,59.0186882019043,4.094656,log,2024-11-09,2024-12-07,4
22,2024-11-09,2024-11-16,1,101.14698791503906,4.626413,log,2024-11-09,2024-11-16,1
22,2024-11-09,2024-11-23,2,144.25173950195312,4.9784684,log,2024-11-09,2024-11-23,2
22,2024-11-09,2024-11-30,3,159.94363403320312,5.081054,log,2024-11-09,2024-11-30,3
22,2024-11-09,2024-12-07,4,280.9973449707031,5.6418977,log,2024-11-09,2024-12-07,4
23,2024-11-09,2024-11-16,1,2.6590936183929443,1.2972155,log,2024-11-09,2024-11-16,1
23,2024-11-09,2024-11-23,2,4.683734893798828,1.7376086,log,2024-11-09,2024-11-23,2
23,2024-11-09,2024-11-30,3,7.900119781494141,2.1860647,log,2024-11-09,2024-11-30,3
23,2024-11-09,2024-12-07,4,11.410021781921387,2.5185044,log,2024-11-09,2024-12-07,4
24,2024-11-09,2024-11-16,1,11.58104419708252,2.5321913,log,2024-11-09,2024-11-16,1
24,2024-11-09,2024-11-23,2,22.501678466796875,3.1570718,log,2024-11-09,2024-11-23,2
24,2024-11-09,2024-11-30,3,45.314483642578125,3.8354547,log,2024-11-09,2024-11-30,3
24,2024-11-09,2024-12-07,4,63.95307159423828,4.173665,log,2024-11-09,2024-12-07,4
25,2024-11-09,2024-11-16,1,24.89814567565918,3.2541714,log,2024-11-09,2024-11-16,1
25,2024-11-09,2024-11-23,2,41.05901336669922,3.7390738,log,2024-11-09,2024-11-23,2
25,2024-11-09,2024-11-30,3,74.82494354248047,4.3284273,log,2024-11-09,2024-11-30,3
25,2024-11-09,2024-12-07,4,66.39217376708984,4.210529,log,2024-11-09,2024-12-07,4
26,2024-11-09,2024-11-16,1,49.749637603759766,3.9269044,log,2024-11-09,2024-11-16,1
26,2024-11-09,2024-11-23,2,88.09465789794922,4.4896994,log,2024-11-09,2024-11-23,2
26,2024-11-09,2024-11-30,3,148.302978515625,5.0059776,log,2024-11-09,2024-11-30,3
26,2024-11-09,2024-12-07,4,209.90042114257812,5.351386,log,2024-11-09,2024-12-07,4
27,2024-11-09,2024-11-16,1,12.935349464416504,2.6344287,log,2024-11-09,2024-11-16,1
27,2024-11-09,2024-11-23,2,24.428173065185547,3.2358577,log,2024-11-09,2024-11-23,2
27,2024-11-09,2024-11-30,3,38.04346466064453,3.6646755,log,2024-11-09,2024-11-30,3
27,2024-11-09,2024-12-07,4,52.298404693603516,3.9759064,log,2024-11-09,2024-12-07,4
28,2024-11-09,2024-11-16,1,32.57485580444336,3.5137775,log,2024-11-09,2024-11-16,1
28,2024-11-09,2024-11-23,2,49.0553092956543,3.9131286,log,2024-11-09,2024-11-23,2
28,2024-11-09,2024-11-30,3,77.06967163085938,4.3576016,log,2024-11-09,2024-11-30,3
28,2024-11-09,2024-12-07,4,77.16029357910156,4.358762,log,2024-11-09,2024-12-07,4
29,2024-11-09,2024-11-16,1,34.42647171020508,3.5674593,log,2024-11-09,2024-11-16,1
29,2024-11-09,2024-11-23,2,45.671653747558594,3.843137,log,2024-11-09,2024-11-23,2
29,2024-11-09,2024-11-30,3,100.01347351074219,4.615254,log,2024-11-09,2024-11-30,3
29,2024-11-09,2024-12-07,4,95.6672134399414,4.5712743,log,2024-11-09,2024-12-07,4
30,2024-11-09,2024-11-16,1,1.5537527799606323,0.93756396,log,2024-11-09,2024-11-16,1
30,2024-11-09,2024-11-23,2,2.4674224853515625,1.2434115,log,2024-11-09,2024-11-23,2
30,2024-11-09,2024-11-30,3,3.9057469367980957,1.5904074,log,2024-11-09,2024-11-30,3
30,2024-11-09,2024-12-07,4,8.558485984802246,2.2574294,log,2024-11-09,2024-12-07,4
31,2024-11-09,2024-11-16,1,4.924455165863037,1.7790887,log,2024-11-09,2024-11-16,1
31,2024-11-09,2024-11-23,2,7.562563896179199,2.1473997,log,2024-11-09,2024-11-23,2
31,2024-11-09,2024-11-30,3,15.588213920593262,2.8086925,log,2024-11-09,2024-11-30,3
31,2024-11-09,2024-12-07,4,17.611482620239258,2.9237788,log,2024-11-09,2024-12-07,4
32,2024-11-09,2024-11-16,1,25.68425178527832,3.2840736,log,2024-11-09,2024-11-16,1
32,2024-11-09,2024-11-23,2,35.0198860168457,3.5840712,log,2024-11-09,2024-11-23,2
32,2024-11-09,2024-11-30,3,58.919490814208984,4.093002,log,2024-11-09,2024-11-30,3
32,2024-11-09,2024-12-07,4,62.826622009277344,4.1561704,log,2024-11-09,2024-12-07,4
33,2024-11-09,2024-11-16,1,3.605632781982422,1.5272801,log,2024-11-09,2024-11-16,1
33,2024-11-09,2024-11-23,2,4.925683498382568,1.779296,log,2024-11-09,2024-11-23,2
33,2024-11-09,2024-11-30,3,10.29258918762207,2.4241467,log,2024-11-09,2024-11-30,3
33,2024-11-09,2024-12-07,4,10.96841049194336,2.4822707,log,2024-11-09,2024-12-07,4
34,2024-11-09,2024-11-16,1,43.126182556152344,3.7870533,log,2024-11-09,2024-11-16,1
34,2024-11-09,2024-11-23,2,58.27288055419922,4.082152,log,2024-11-09,2024-11-23,2
34,2024-11-09,2024-11-30,3,100.93275451660156,4.6243134,log,2024-11-09,2024-11-30,3
34,2024-11-09,2024-12-07,4,108.22874450683594,4.6934443,log,2024-11-09,2024-12-07,4
35,2024-11-09,2024-11-16,1,16.463132858276367,2.860092,log,2024-11-09,2024-11-16,1
35,2024-11-09,2024-11-23,2,20.35475730895996,3.0612745,log,2024-11-09,2024-11-23,2
35,2024-11-09,2024-11-30,3,32.27278518676758,3.5047398,log,2024-11-09,2024-11-30,3
35,2024-11-09,2024-12-07,4,37.57960510253906,3.6527238,log,2024-11-09,2024-12-07,4
36,2024-11-09,2024-11-16,1,57.49688720703125,4.0689735,log,2024-11-09,2024-11-16,1
36,2024-11-09,2024-11-23,2,88.08042907714844,4.4895396,log,2024-11-09,2024-11-23,2
36,2024-11-09,2024-11-30,3,147.03721618652344,4.9974637,log,2024-11-09,2024-11-30,3
36,2024-11-09,2024-12-07,4,183.34364318847656,5.2168016,log,2024-11-09,2024-12-07,4
37,2024-11-09,2024-11-16,1,33.0830192565918,3.5287993,log,2024-11-09,2024-11-16,1
37,2024-11-09,2024-11-23,2,28.486108779907227,3.3839192,log,2024-11-09,2024-11-23,2
37,2024-11-09,2024-11-30,3,43.96543884277344,3.8058941,log,2024-11-09,2024-11-30,3
37,2024-11-09,2024-12-07,4,47.551605224609375,3.8826272,log,2024-11-09,2024-12-07,4
38,2024-11-09,2024-11-16,1,1.203328013420105,0.78996897,log,2024-11-09,2024-11-16,1
38,2024-11-09,2024-11-23,2,1.8837730884552002,1.0590996,log,2024-11-09,2024-11-23,2
38,2024-11-09,2024-11-30,3,3.486268997192383,1.5010214,log,2024-11-09,2024-11-30,3
38,2024-11-09,2024-12-07,4,6.702126979827881,2.0414965,log,2024-11-09,2024-12-07,4
39,2024-11-09,2024-11-16,1,21.417844772338867,3.1098573,log,2024-11-09,2024-11-16,1
39,2024-11-09,2024-11-23,2,27.12235450744629,3.3365648,log,2024-11-09,2024-11-23,2
39,2024-11-09,2024-11-30,3,42.81834030151367,3.7800524,log,2024-11-09,2024-11-30,3
39,2024-11-09,2024-12-07,4,56.151947021484375,4.0457134,log,2024-11-09,2024-12-07,4
40,2024-11-09,2024-11-16,1,19.842172622680664,3.0369785,log,2024-11-09,2024-11-16,1
40,2024-11-09,2024-11-23,2,34.23677062988281,3.5620902,log,2024-11-09,2024-11-23,2
40,2024-11-09,2024-11-30,3,55.0229606628418,4.0257616,log,2024-11-09,2024-11-30,3
40,2024-11-09,2024-12-07,4,58.64986801147461,4.088492,log,2024-11-09,2024-12-07,4
41,2024-11-09,2024-11-16,1,21.873676300048828,3.1299868,log,2024-11-09,2024-11-16,1
41,2024-11-09,2024-11-23,2,31.402280807495117,3.4782288,log,2024-11-09,2024-11-23,2
41,2024-11-09,2024-11-30,3,46.848026275634766,3.8680298,log,2024-11-09,2024-11-30,3
41,2024-11-09,2024-12-07,4,59.26163864135742,4.0986958,log,2024-11-09,2024-12-07,4
42,2024-11-09,2024-11-16,1,146.09251403808594,4.9910617,log,2024-11-09,2024-11-16,1
42,2024-11-09,2024-11-23,2,206.14910888671875,5.333439,log,2024-11-09,2024-11-23,2
42,2024-11-09,2024-11-30,3,239.42611694335938,5.482413,log,2024-11-09,2024-11-30,3
42,2024-11-09,2024-12-07,4,237.17831420898438,5.4730196,log,2024-11-09,2024-12-07,4
44,2024-11-09,2024-11-16,1,2.0292627811431885,1.1083193,log,2024-11-09,2024-11-16,1
44,2024-11-09,2024-11-23,2,2.6194260120391846,1.2863154,log,2024-11-09,2024-11-23,2
44,2024-11-09,2024-11-30,3,4.06266975402832,1.621894,log,2024-11-09,2024-11-30,3
44,2024-11-09,2024-12-07,4,4.372402667999268,1.6812752,log,2024-11-09,2024-12-07,4
45,2024-11-09,2024-11-16,1,33.377872467041016,3.5374131,log,2024-11-09,2024-11-16,1
45,2024-11-09,2024-11-23,2,44.37042999267578,3.8148606,log,2024-11-09,2024-11-23,2
45,2024-11-09,2024-11-30,3,84.76913452148438,4.451659,log,2024-11-09,2024-11-30,3
45,2024-11-09,2024-12-07,4,86.5943374633789,4.4727163,log,2024-11-09,2024-12-07,4
46,2024-11-09,2024-11-16,1,1.9718928337097168,1.0891991,log,2024-11-09,2024-11-16,1
46,2024-11-09,2024-11-23,2,3.0721819400787354,1.404179,log,2024-11-09,2024-11-23,2
46,2024-11-09,2024-11-30,3,5.864914894104004,1.9264237,log,2024-11-09,2024-11-30,3
46,2024-11-09,2024-12-07,4,6.962646484375,2.0747614,log,2024-11-09,2024-12-07,4
47,2024-11-09,2024-11-16,1,107.01854705810547,4.682303,log,2024-11-09,2024-11-16,1
47,2024-11-09,2024-11-23,2,131.49864196777344,4.8865724,log,2024-11-09,2024-11-23,2
47,2024-11-09,2024-11-30,3,161.8393096923828,5.092764,log,2024-11-09,2024-11-30,3
47,2024-11-09,2024-12-07,4,194.6434326171875,5.2762938,log,2024-11-09,2024-12-07,4
48,2024-11-09,2024-11-16,1,242.9248046875,5.49686,log,2024-11-09,2024-11-16,1
48,2024-11-09,2024-11-23,2,402.971435546875,6.001344,log,2024-11-09,2024-11-23,2
48,2024-11-09,2024-11-30,3,516.588134765625,6.24918,log,2024-11-09,2024-11-30,3
48,2024-11-09,2024-12-07,4,535.1854248046875,6.28448,log,2024-11-09,2024-12-07,4
49,2024-11-09,2024-11-16,1,9.687000274658203,2.369028,log,2024-11-09,2024-11-16,1
49,2024-11-09,2024-11-23,2,16.97127914428711,2.8887749,log,2024-11-09,2024-11-23,2
49,2024-11-09,2024-11-30,3,33.153324127197266,3.53086,log,2024-11-09,2024-11-30,3
49,2024-11-09,2024-12-07,4,37.650108337402344,3.6545496,log,2024-11-09,2024-12-07,4
50,2024-11-09,2024-11-16,1,1.5279695987701416,0.92741644,log,2024-11-09,2024-11-16,1
50,2024-11-09,2024-11-23,2,2.2006373405456543,1.16335,log,2024-11-09,2024-11-23,2
50,2024-11-09,2024-11-30,3,3.7129125595092773,1.5503061,log,2024-11-09,2024-11-30,3
50,2024-11-09,2024-12-07,4,5.667761325836182,1.8972842,log,2024-11-09,2024-12-07,4
51,2024-11-09,2024-11-16,1,35.68950271606445,3.6024907,log,2024-11-09,2024-11-16,1
51,2024-11-09,2024-11-23,2,42.40493392944336,3.7705731,log,2024-11-09,2024-11-23,2
51,2024-11-09,2024-11-30,3,64.3277359008789,4.1794167,log,2024-11-09,2024-11-30,3
51,2024-11-09,2024-12-07,4,94.3983383178711,4.558061,log,2024-11-09,2024-12-07,4
53,2024-11-09,2024-11-16,1,15.963807106018066,2.831082,log,2024-11-09,2024-11-16,1
53,2024-11-09,2024-11-23,2,24.155731201171875,3.2250857,log,2024-11-09,2024-11-23,2
53,2024-11-09,2024-11-30,3,41.63862991333008,3.7527606,log,2024-11-09,2024-11-30,3
53,2024-11-09,2024-12-07,4,58.325077056884766,4.083032,log,2024-11-09,2024-12-07,4
54,2024-11-09,2024-11-16,1,5.9017767906188965,1.9317789,log,2024-11-09,2024-11-16,1
54,2024-11-09,2024-11-23,2,11.271150588989258,2.507251,log,2024-11-09,2024-11-23,2
54,2024-11-09,2024-11-30,3,24.619489669799805,3.2433534,log,2024-11-09,2024-11-30,3
54,2024-11-09,2024-12-07,4,31.336164474487305,3.4761863,log,2024-11-09,2024-12-07,4
55,2024-11-09,2024-11-16,1,17.425989151000977,2.913762,log,2024-11-09,2024-11-16,1
55,2024-11-09,2024-11-23,2,25.252775192260742,3.2677717,log,2024-11-09,2024-11-23,2
55,2024-11-09,2024-11-30,3,46.64944076538086,3.8638709,log,2024-11-09,2024-11-30,3
55,2024-11-09,2024-12-07,4,51.518959045410156,3.9611742,log,2024-11-09,2024-12-07,4
56,2024-11-09,2024-11-16,1,4.6858110427856445,1.7379738,log,2024-11-09,2024-11-16,1
56,2024-11-09,2024-11-23,2,7.804134368896484,2.1752214,log,2024-11-09,2024-11-23,2
56,2024-11-09,2024-11-30,3,9.331563949584961,2.3352036,log,2024-11-09,2024-11-30,3
56,2024-11-09,2024-12-07,4,16.340147018432617,2.8530245,log,2024-11-09,2024-12-07,4
72,2024-11-09,2024-11-16,1,83.07648468017578,4.431727,log,2024-11-09,2024-11-16,1
72,2024-11-09,2024-11-23,2,107.84820556640625,4.6899543,log,2024-11-09,2024-11-23,2
72,2024-11-09,2024-11-30,3,122.79835510253906,4.818654,log,2024-11-09,2024-11-30,3
72,2024-11-09,2024-12-07,4,130.07473754882812,4.8757677,log,2024-11-09,2024-12-07,4
US,2024-11-09,2024-11-16,1,1457.2950439453125,7.285023,log,2024-11-09,2024-11-16,1
US,2024-11-09,2024-11-23,2,1705.434814453125,7.4421616,log,2024-11-09,2024-11-23,2
US,2024-11-09,2024-11-30,3,1645.52001953125,7.4064193,log,2024-11-09,2024-11-30,3
US,2024-11-09,2024-12-07,4,1778.9671630859375,7.48435,log,2024-11-09,2024-12-07,4
01,2024-11-16,2024-11-23,1,63.26262283325195,4.162978,log,2024-11-16,2024-11-23,1
01,2024-11-16,2024-11-30,2,97.00019836425781,4.5849695,log,2024-11-16,2024-11-30,2
01,2024-11-16,2024-12-07,3,162.31436157226562,5.095677,log,2024-11-16,2024-12-07,3
01,2024-11-16,2024-12-14,4,192.85794067382812,5.2671256,log,2024-11-16,2024-12-14,4
02,2024-11-16,2024-11-23,1,13.785439491271973,2.6936429,log,2024-11-16,2024-11-23,1
02,2024-11-16,2024-11-30,2,24.16744041442871,3.2255511,log,2024-11-16,2024-11-30,2
02,2024-11-16,2024-12-07,3,30.655719757080078,3.4549189,log,2024-11-16,2024-12-07,3
02,2024-11-16,2024-12-14,4,37.60940933227539,3.653496,log,2024-11-16,2024-12-14,4
04,2024-11-16,2024-11-23,1,452.0342712402344,6.1159678,log,2024-11-16,2024-11-23,1
04,2024-11-16,2024-11-30,2,474.98675537109375,6.16539,log,2024-11-16,2024-11-30,2
04,2024-11-16,2024-12-07,3,458.43072509765625,6.129988,log,2024-11-16,2024-12-07,3
04,2024-11-16,2024-12-14,4,394.74859619140625,5.980779,log,2024-11-16,2024-12-14,4
05,2024-11-16,2024-11-23,1,19.388792037963867,3.0149853,log,2024-11-16,2024-11-23,1
05,2024-11-16,2024-11-30,2,32.075469970703125,3.498792,log,2024-11-16,2024-11-30,2
05,2024-11-16,2024-12-07,3,46.77009201049805,3.8663998,log,2024-11-16,2024-12-07,3
05,2024-11-16,2024-12-14,4,77.1895980834961,4.3591366,log,2024-11-16,2024-12-14,4
06,2024-11-16,2024-11-23,1,375.79730224609375,5.9317074,log,2024-11-16,2024-11-23,1
06,2024-11-16,2024-11-30,2,507.41082763671875,6.23129,log,2024-11-16,2024-11-30,2
06,2024-11-16,2024-12-07,3,700.0595092773438,6.5525928,log,2024-11-16,2024-12-07,3
06,2024-11-16,2024-12-14,4,859.5323486328125,6.757551,log,2024-11-16,2024-12-14,4
08,2024-11-16,2024-11-23,1,48.50445556640625,3.9020627,log,2024-11-16,2024-11-23,1
08,2024-11-16,2024-11-30,2,60.24244689941406,4.1148405,log,2024-11-16,2024-11-30,2
08,2024-11-16,2024-12-07,3,102.90802001953125,4.643506,log,2024-11-16,2024-12-07,3
08,2024-11-16,2024-12-14,4,149.1341094970703,5.011529,log,2024-11-16,2024-12-14,4
09,2024-11-16,2024-11-23,1,9.480222702026367,2.34949,log,2024-11-16,2024-11-23,1
09,2024-11-16,2024-11-30,2,15.425179481506348,2.7988155,log,2024-11-16,2024-11-30,2
09,2024-11-16,2024-12-07,3,20.776762008666992,3.0808434,log,2024-11-16,2024-12-07,3
09,2024-11-16,2024-12-14,4,34.34266662597656,3.565091,log,2024-11-16,2024-12-14,4
10,2024-11-16,2024-11-23,1,3.5959558486938477,1.5251768,log,2024-11-16,2024-11-23,1
10,2024-11-16,2024-11-30,2,5.077876091003418,1.8046553,log,2024-11-16,2024-11-30,2
10,2024-11-16,2024-12-07,3,8.87607479095459,2.290115,log,2024-11-16,2024-12-07,3
10,2024-11-16,2024-12-14,4,9.008974075317383,2.303482,log,2024-11-16,2024-12-14,4
11,2024-11-16,2024-11-23,1,1.8987609148025513,1.0642834,log,2024-11-16,2024-11-23,1
11,2024-11-16,2024-11-30,2,3.631798028945923,1.5329452,log,2024-11-16,2024-11-30,2
11,2024-11-16,2024-12-07,3,5.643607139587402,1.8936551,log,2024-11-16,2024-12-07,3
11,2024-11-16,2024-12-14,4,9.585182189941406,2.359455,log,2024-11-16,2024-12-14,4
12,2024-11-16,2024-11-23,1,478.5045166015625,6.1727533,log,2024-11-16,2024-11-23,1
12,2024-11-16,2024-11-30,2,497.8793029785156,6.212364,log,2024-11-16,2024-11-30,2
12,2024-11-16,2024-12-07,3,665.92138671875,6.502672,log,2024-11-16,2024-12-07,3
12,2024-11-16,2024-12-14,4,790.8418579101562,6.6743617,log,2024-11-16,2024-12-14,4
13,2024-11-16,2024-11-23,1,60.59919738769531,4.120649,log,2024-11-16,2024-11-23,1
13,2024-11-16,2024-11-30,2,88.52067565917969,4.4944696,log,2024-11-16,2024-11-30,2
13,2024-11-16,2024-12-07,3,156.32861328125,5.0583367,log,2024-11-16,2024-12-07,3
13,2024-11-16,2024-12-14,4,203.05633544921875,5.318396,log,2024-11-16,2024-12-14,4
15,2024-11-16,2024-11-23,1,19.33160400390625,3.0121765,log,2024-11-16,2024-11-23,1
15,2024-11-16,2024-11-30,2,35.41905975341797,3.5950923,log,2024-11-16,2024-11-30,2
15,2024-11-16,2024-12-07,3,49.386199951171875,3.9197173,log,2024-11-16,2024-12-07,3
15,2024-11-16,2024-12-14,4,52.15995788574219,3.9733055,log,2024-11-16,2024-12-14,4
16,2024-11-16,2024-11-23,1,14.224509239196777,2.7229066,log,2024-11-16,2024-11-23,1
16,2024-11-16,2024-11-30,2,21.0163516998291,3.0917854,log,2024-11-16,2024-11-30,2
16,2024-11-16,2024-12-07,3,23.60622787475586,3.2029996,log,2024-11-16,2024-12-07,3
16,2024-11-16,2024-12-14,4,33.50741195678711,3.5411742,log,2024-11-16,2024-12-14,4
17,2024-11-16,2024-11-23,1,56.777015686035156,4.056591,log,2024-11-16,2024-11-23,1
17,2024-11-16,2024-11-30,2,99.88033294677734,4.613935,log,2024-11-16,2024-11-30,2
17,2024-11-16,2024-12-07,3,110.82772064208984,4.7169595,log,2024-11-16,2024-12-07,3
17,2024-11-16,2024-12-14,4,174.6343994140625,5.1684046,log,2024-11-16,2024-12-14,4
18,2024-11-16,2024-11-23,1,39.860374450683594,3.7101607,log,2024-11-16,2024-11-23,1
18,2024-11-16,2024-11-30,2,51.95932388305664,3.9695241,log,2024-11-16,2024-11-30,2
18,2024-11-16,2024-12-07,3,80.11100769042969,4.3958187,log,2024-11-16,2024-12-07,3
18,2024-11-16,2024-12-14,4,128.91717529296875,4.866897,log,2024-11-16,2024-12-14,4
19,2024-11-16,2024-11-23,1,6.877175331115723,2.0639694,log,2024-11-16,2024-11-23,1
19,2024-11-16,2024-11-30,2,10.548197746276855,2.4465294,log,2024-11-16,2024-11-30,2
19,2024-11-16,2024-12-07,3,17.014297485351562,2.8911657,log,2024-11-16,2024-12-07,3
19,2024-11-16,2024-12-14,4,33.12403106689453,3.5300019,log,2024-11-16,2024-12-14,4
20,2024-11-16,2024-11-23,1,13.791051864624023,2.6940224,log,2024-11-16,2024-11-23,1
20,2024-11-16,2024-11-30,2,27.406227111816406,3.3466084,log,2024-11-16,2024-11-30,2
20,2024-11-16,2024-12-07,3,39.286014556884766,3.6960044,log,2024-11-16,2024-12-07,3
20,2024-11-16,2024-12-14,4,49.9239501953125,3.9303334,log,2024-11-16,2024-12-14,4
21,2024-11-16,2024-11-23,1,26.05710220336914,3.2979496,log,2024-11-16,2024-11-23,1
21,2024-11-16,2024-11-30,2,34.573116302490234,3.5715902,log,2024-11-16,2024-11-30,2
21,2024-11-16,2024-12-07,3,55.786251068115234,4.0392942,log,2024-11-16,2024-12-07,3
21,2024-11-16,2024-12-14,4,79.68917846679688,4.3906045,log,2024-11-16,2024-12-14,4
22,2024-11-16,2024-11-23,1,129.15310668945312,4.8687115,log,2024-11-16,2024-11-23,1
22,2024-11-16,2024-11-30,2,168.43673706054688,5.1324797,log,2024-11-16,2024-11-30,2
22,2024-11-16,2024-12-07,3,202.38304138183594,5.315091,log,2024-11-16,2024-12-07,3
22,2024-11-16,2024-12-14,4,263.4071960449219,5.5774903,log,2024-11-16,2024-12-14,4
23,2024-11-16,2024-11-23,1,1.9239901304244995,1.0729492,log,2024-11-16,2024-11-23,1
23,2024-11-16,2024-11-30,2,3.076432704925537,1.4052223,log,2024-11-16,2024-11-30,2
23,2024-11-16,2024-12-07,3,5.095735549926758,1.8075894,log,2024-11-16,2024-12-07,3
23,2024-11-16,2024-12-14,4,8.707890510559082,2.272939,log,2024-11-16,2024-12-14,4
24,2024-11-16,2024-11-23,1,17.29305648803711,2.9065216,log,2024-11-16,2024-11-23,1
24,2024-11-16,2024-11-30,2,32.31841278076172,3.5061102,log,2024-11-16,2024-11-30,2
24,2024-11-16,2024-12-07,3,51.3647346496582,3.9582334,log,2024-11-16,2024-12-07,3
24,2024-11-16,2024-12-14,4,74.08287811279297,4.3185925,log,2024-11-16,2024-12-14,4
25,2024-11-16,2024-11-23,1,28.859569549560547,3.3965054,log,2024-11-16,2024-11-23,1
25,2024-11-16,2024-11-30,2,39.57404327392578,3.7031286,log,2024-11-16,2024-11-30,2
25,2024-11-16,2024-12-07,3,57.60719680786133,4.0708575,log,2024-11-16,2024-12-07,3
25,2024-11-16,2024-12-14,4,119.12384033203125,4.788523,log,2024-11-16,2024-12-14,4
26,2024-11-16,2024-11-23,1,56.29790115356445,4.048264,log,2024-11-16,2024-11-23,1
26,2024-11-16,2024-11-30,2,81.11597442626953,4.4081326,log,2024-11-16,2024-11-30,2
26,2024-11-16,2024-12-07,3,120.68438720703125,4.8014307,log,2024-11-16,2024-12-07,3
26,2024-11-16,2024-12-14,4,180.7410430908203,5.202583,log,2024-11-16,2024-12-14,4
27,2024-11-16,2024-11-23,1,14.721972465515137,2.7550592,log,2024-11-16,2024-11-23,1
27,2024-11-16,2024-11-30,2,21.922876358032227,3.1321354,log,2024-11-16,2024-11-30,2
27,2024-11-16,2024-12-07,3,31.77447509765625,3.48965,log,2024-11-16,2024-12-07,3
27,2024-11-16,2024-12-14,4,53.32093811035156,3.9949098,log,2024-11-16,2024-12-14,4
28,2024-11-16,2024-11-23,1,32.51934814453125,3.5121229,log,2024-11-16,2024-11-23,1
28,2024-11-16,2024-11-30,2,53.42717742919922,3.9968636,log,2024-11-16,2024-11-30,2
28,2024-11-16,2024-12-07,3,71.62126922607422,4.285258,log,2024-11-16,2024-12-07,3
28,2024-11-16,2024-12-14,4,110.68074798583984,4.7156444,log,2024-11-16,2024-12-14,4
29,2024-11-16,2024-11-23,1,41.5079460144043,3.749691,log,2024-11-16,2024-11-23,1
29,2024-11-16,2024-11-30,2,62.47222137451172,4.1506023,log,2024-11-16,2024-11-30,2
29,2024-11-16,2024-12-07,3,100.76981353759766,4.6227136,log,2024-11-16,2024-12-07,3
29,2024-11-16,2024-12-14,4,130.76116943359375,4.880991,log,2024-11-16,2024-12-14,4
30,2024-11-16,2024-11-23,1,2.8150217533111572,1.3389463,log,2024-11-16,2024-11-23,1
30,2024-11-16,2024-11-30,2,4.402040004730225,1.6867766,log,2024-11-16,2024-11-30,2
30,2024-11-16,2024-12-07,3,7.94987154006958,2.1916392,log,2024-11-16,2024-12-07,3
30,2024-11-16,2024-12-14,4,8.970439910888672,2.2996247,log,2024-11-16,2024-12-14,4
31,2024-11-16,2024-11-23,1,7.945035457611084,2.1910987,log,2024-11-16,2024-11-23,1
31,2024-11-16,2024-11-30,2,13.453606605529785,2.670944,log,2024-11-16,2024-11-30,2
31,2024-11-16,2024-12-07,3,21.49610710144043,3.1133423,log,2024-11-16,2024-12-07,3
31,2024-11-16,2024-12-14,4,35.90629959106445,3.6083822,log,2024-11-16,2024-12-14,4
32,2024-11-16,2024-11-23,1,52.74420166015625,3.9842358,log,2024-11-16,2024-11-23,1
32,2024-11-16,2024-11-30,2,72.09186553955078,4.291717,log,2024-11-16,2024-11-30,2
32,2024-11-16,2024-12-07,3,89.85630798339844,4.5092793,log,2024-11-16,2024-12-07,3
32,2024-11-16,2024-12-14,4,111.89967346191406,4.7264996,log,2024-11-16,2024-12-14,4
33,2024-11-16,2024-11-23,1,6.707900524139404,2.0422459,log,2024-11-16,2024-11-23,1
33,2024-11-16,2024-11-30,2,10.037186622619629,2.4012702,log,2024-11-16,2024-11-30,2
33,2024-11-16,2024-12-07,3,12.379297256469727,2.5937085,log,2024-11-16,2024-12-07,3
33,2024-11-16,2024-12-14,4,20.15737533569336,3.0519886,log,2024-11-16,2024-12-14,4
34,2024-11-16,2024-11-23,1,50.93165588378906,3.9499285,log,2024-11-16,2024-11-23,1
34,2024-11-16,2024-11-30,2,81.15917205810547,4.4086585,log,2024-11-16,2024-11-30,2
34,2024-11-16,2024-12-07,3,120.96636199951172,4.8037453,log,2024-11-16,2024-12-07,3
34,2024-11-16,2024-12-14,4,161.55242919921875,5.0910006,log,2024-11-16,2024-12-14,4
35,2024-11-16,2024-11-23,1,20.51253890991211,3.068636,log,2024-11-16,2024-11-23,1
35,2024-11-16,2024-11-30,2,28.996267318725586,3.401073,log,2024-11-16,2024-11-30,2
35,2024-11-16,2024-12-07,3,40.101924896240234,3.716055,log,2024-11-16,2024-12-07,3
35,2024-11-16,2024-12-14,4,49.783790588378906,3.9275773,log,2024-11-16,2024-12-14,4
36,2024-11-16,2024-11-23,1,86.86888885498047,4.475846,log,2024-11-16,2024-11-23,1
36,2024-11-16,2024-11-30,2,157.7401123046875,5.0672684,log,2024-11-16,2024-11-30,2
36,2024-11-16,2024-12-07,3,204.25831604003906,5.3242693,log,2024-11-16,2024-12-07,3
36,2024-11-16,2024-12-14,4,270.1092529296875,5.602522,log,2024-11-16,2024-12-14,4
37,2024-11-16,2024-11-23,1,46.77655029296875,3.866535,log,2024-11-16,2024-11-23,1
37,2024-11-16,2024-11-30,2,48.42909240722656,3.9005392,log,2024-11-16,2024-11-30,2
37,2024-11-16,2024-12-07,3,56.20707702636719,4.0466776,log,2024-11-16,2024-12-07,3
37,2024-11-16,2024-12-14,4,60.21733474731445,4.1144304,log,2024-11-16,2024-12-14,4
38,2024-11-16,2024-11-23,1,1.505407452583313,0.91845137,log,2024-11-16,2024-11-23,1
38,2024-11-16,2024-11-30,2,3.2884933948516846,1.4559355,log,2024-11-16,2024-11-30,2
38,2024-11-16,2024-12-07,3,4.5111565589904785,1.7067745,log,2024-11-16,2024-12-07,3
38,2024-11-16,2024-12-14,4,9.689127922058105,2.3692272,log,2024-11-16,2024-12-14,4
39,2024-11-16,2024-11-23,1,45.34869384765625,3.836193,log,2024-11-16,2024-11-23,1
39,2024-11-16,2024-11-30,2,59.308956146240234,4.0994806,log,2024-11-16,2024-11-30,2
39,2024-11-16,2024-12-07,3,63.82537841796875,4.171697,log,2024-11-16,2024-12-07,3
39,2024-11-16,2024-12-14,4,77.51213073730469,4.363253,log,2024-11-16,2024-12-14,4
40,2024-11-16,2024-11-23,1,22.355209350585938,3.15082,log,2024-11-16,2024-11-23,1
40,2024-11-16,2024-11-30,2,35.34421157836914,3.593035,log,2024-11-16,2024-11-30,2
40,2024-11-16,2024-12-07,3,49.8674430847168,3.929223,log,2024-11-16,2024-12-07,3
40,2024-11-16,2024-12-14,4,72.13369750976562,4.2922893,log,2024-11-16,2024-12-14,4
41,2024-11-16,2024-11-23,1,40.00947952270508,3.7138033,log,2024-11-16,2024-11-23,1
41,2024-11-16,2024-11-30,2,61.833038330078125,4.140481,log,2024-11-16,2024-11-30,2
41,2024-11-16,2024-12-07,3,78.91730499267578,4.3809924,log,2024-11-16,2024-12-07,3
41,2024-11-16,2024-12-14,4,90.00025939941406,4.5108624,log,2024-11-16,2024-12-14,4
42,2024-11-16,2024-11-23,1,153.45071411132812,5.039875,log,2024-11-16,2024-11-23,1
42,2024-11-16,2024-11-30,2,178.52761840820312,5.190329,log,2024-11-16,2024-11-30,2
42,2024-11-16,2024-12-07,3,250.47000122070312,5.5273237,log,2024-11-16,2024-12-07,3
42,2024-11-16,2024-12-14,4,337.2621154785156,5.823821,log,2024-11-16,2024-12-14,4
44,2024-11-16,2024-11-23,1,1.4801782369613647,0.90833044,log,2024-11-16,2024-11-23,1
44,2024-11-16,2024-11-30,2,2.031609058380127,1.1090935,log,2024-11-16,2024-11-30,2
44,2024-11-16,2024-12-07,3,2.489809513092041,1.2498472,log,2024-11-16,2024-12-07,3
44,2024-11-16,2024-12-14,4,4.320950984954834,1.6716521,log,2024-11-16,2024-12-14,4
45,2024-11-16,2024-11-23,1,25.436412811279297,3.2747424,log,2024-11-16,2024-11-23,1
45,2024-11-16,2024-11-30,2,37.60496520996094,3.6533809,log,2024-11-16,2024-11-30,2
45,2024-11-16,2024-12-07,3,52.570037841796875,3.98099,log,2024-11-16,2024-12-07,3
45,2024-11-16,2024-12-14,4,92.77607727050781,4.54091,log,2024-11-16,2024-12-14,4
46,2024-11-16,2024-11-23,1,1.6839956045150757,0.9873066,log,2024-11-16,2024-11-23,1
46,2024-11-16,2024-11-30,2,2.2088539600372314,1.1659138,log,2024-11-16,2024-11-30,2
46,2024-11-16,2024-12-07,3,3.976201295852661,1.6046668,log,2024-11-16,2024-12-07,3
46,2024-11-16,2024-12-14,4,7.537553787231445,2.1444745,log,2024-11-16,2024-12-14,4
47,2024-11-16,2024-11-23,1,123.93523406982422,4.8277955,log,2024-11-16,2024-11-23,1
47,2024-11-16,2024-11-30,2,167.7415771484375,5.1283684,log,2024-11-16,2024-11-30,2
47,2024-11-16,2024-12-07,3,202.22454833984375,5.3143115,log,2024-11-16,2024-12-07,3
47,2024-11-16,2024-12-14,4,224.89227294921875,5.4200583,log,2024-11-16,2024-12-14,4
48,2024-11-16,2024-11-23,1,261.43212890625,5.5699925,log,2024-11-16,2024-11-23,1
48,2024-11-16,2024-11-30,2,402.6319885253906,6.0005035,log,2024-11-16,2024-11-30,2
48,2024-11-16,2024-12-07,3,547.1605224609375,6.306568,log,2024-11-16,2024-12-07,3
48,2024-11-16,2024-12-14,4,600.2630615234375,6.3990326,log,2024-11-16,2024-12-14,4
49,2024-11-16,2024-11-23,1,14.467074394226074,2.7387135,log,2024-11-16,2024-11-23,1
49,2024-11-16,2024-11-30,2,27.876256942749023,3.3630197,log,2024-11-16,2024-11-30,2
49,2024-11-16,2024-12-07,3,33.627532958984375,3.5446491,log,2024-11-16,2024-12-07,3
49,2024-11-16,2024-12-14,4,40.72506332397461,3.731102,log,2024-11-16,2024-12-14,4
50,2024-11-16,2024-11-23,1,2.050863742828369,1.1154248,log,2024-11-16,2024-11-23,1
50,2024-11-16,2024-11-30,2,2.8529231548309326,1.3488321,log,2024-11-16,2024-11-30,2
50,2024-11-16,2024-12-07,3,4.130465984344482,1.6351964,log,2024-11-16,2024-12-07,3
50,2024-11-16,2024-12-14,4,6.1139936447143555,1.9620638,log,2024-11-16,2024-12-14,4
51,2024-11-16,2024-11-23,1,41.125911712646484,3.740663,log,2024-11-16,2024-11-23,1
51,2024-11-16,2024-11-30,2,62.21665573120117,4.146568,log,2024-11-16,2024-11-30,2
51,2024-11-16,2024-12-07,3,91.24876403808594,4.524489,log,2024-11-16,2024-12-07,3
51,2024-11-16,2024-12-14,4,159.27099609375,5.076866,log,2024-11-16,2024-12-14,4
53,2024-11-16,2024-11-23,1,27.245201110839844,3.3409235,log,2024-11-16,2024-11-23,1
53,2024-11-16,2024-11-30,2,41.55434799194336,3.750782,log,2024-11-16,2024-11-30,2
53,2024-11-16,2024-12-07,3,75.85319519042969,4.341897,log,2024-11-16,2024-12-07,3
53,2024-11-16,2024-12-14,4,86.26852416992188,4.46899,log,2024-11-16,2024-12-14,4
54,2024-11-16,2024-11-23,1,7.7251296043396,2.1662073,log,2024-11-16,2024-11-23,1
54,2024-11-16,2024-11-30,2,12.068764686584473,2.570225,log,2024-11-16,2024-11-30,2
54,2024-11-16,2024-12-07,3,18.52971076965332,2.971937,log,2024-11-16,2024-12-07,3
54,2024-11-16,2024-12-14,4,41.2196044921875,3.7428846,log,2024-11-16,2024-12-14,4
55,2024-11-16,2024-11-23,1,11.356789588928223,2.5142057,log,2024-11-16,2024-11-23,1
55,2024-11-16,2024-11-30,2,17.31682014465332,2.9078197,log,2024-11-16,2024-11-30,2
55,2024-11-16,2024-12-07,3,20.777036666870117,3.080856,log,2024-11-16,2024-12-07,3
55,2024-11-16,2024-12-14,4,38.219215393066406,3.6691668,log,2024-11-16,2024-12-14,4
56,2024-11-16,2024-11-23,1,5.184322834014893,1.8220176,log,2024-11-16,2024-11-23,1
56,2024-11-16,2024-11-30,2,8.274139404296875,2.2272298,log,2024-11-16,2024-11-30,2
56,2024-11-16,2024-12-07,3,9.82227611541748,2.3816066,log,2024-11-16,2024-12-07,3
56,2024-11-16,2024-12-14,4,21.651166915893555,3.1202114,log,2024-11-16,2024-12-14,4
72,2024-11-16,2024-11-23,1,211.5050811767578,5.358966,log,2024-11-16,2024-11-23,1
72,2024-11-16,2024-11-30,2,246.2951202392578,5.5105824,log,2024-11-16,2024-11-30,2
72,2024-11-16,2024-12-07,3,233.48648071289062,5.457398,log,2024-11-16,2024-12-07,3
72,2024-11-16,2024-12-14,4,211.23985290527344,5.357717,log,2024-11-16,2024-12-14,4
US,2024-11-16,2024-11-23,1,1256.580322265625,7.136945,log,2024-11-16,2024-11-23,1
US,2024-11-16,2024-11-30,2,1541.5765380859375,7.3412094,log,2024-11-16,2024-11-30,2
US,2024-11-16,2024-12-07,3,1689.761474609375,7.4329343,log,2024-11-16,2024-12-07,3
US,2024-11-16,2024-12-14,4,1516.369140625,7.3247333,log,2024-11-16,2024-12-14,4
01,2024-11-23,2024-11-30,1,73.38427734375,4.3092446,log,2024-11-23,2024-11-30,1
01,2024-11-23,2024-12-07,2,99.30229949951172,4.6081886,log,2024-11-23,2024-12-07,2
01,2024-11-23,2024-12-14,3,143.85003662109375,4.975699,log,2024-11-23,2024-12-14,3
01,2024-11-23,2024-12-21,4,197.30606079101562,5.2898116,log,2024-11-23,2024-12-21,4
02,2024-11-23,2024-11-30,1,10.786102294921875,2.466921,log,2024-11-23,2024-11-30,1
02,2024-11-23,2024-12-07,2,13.169240951538086,2.6510735,log,2024-11-23,2024-12-07,2
02,2024-11-23,2024-12-14,3,16.06964111328125,2.8373015,log,2024-11-23,2024-12-14,3
02,2024-11-23,2024-12-21,4,24.67121124267578,3.2453701,log,2024-11-23,2024-12-21,4
04,2024-11-23,2024-11-30,1,642.8187255859375,6.4674172,log,2024-11-23,2024-11-30,1
04,2024-11-23,2024-12-07,2,537.6455688476562,6.2890577,log,2024-11-23,2024-12-07,2
04,2024-11-23,2024-12-14,3,417.48284912109375,6.036636,log,2024-11-23,2024-12-14,3
04,2024-11-23,2024-12-21,4,425.85125732421875,6.0564356,log,2024-11-23,2024-12-21,4
05,2024-11-23,2024-11-30,1,16.080629348754883,2.837945,log,2024-11-23,2024-11-30,1
05,2024-11-23,2024-12-07,2,23.281862258911133,3.1897297,log,2024-11-23,2024-12-07,2
05,2024-11-23,2024-12-14,3,34.6483154296875,3.5737019,log,2024-11-23,2024-12-14,3
05,2024-11-23,2024-12-21,4,56.79481506347656,4.056899,log,2024-11-23,2024-12-21,4
06,2024-11-23,2024-11-30,1,705.1807250976562,6.559871,log,2024-11-23,2024-11-30,1
06,2024-11-23,2024-12-07,2,808.4973754882812,6.6964135,log,2024-11-23,2024-12-07,2
06,2024-11-23,2024-12-14,3,815.0245361328125,6.7044444,log,2024-11-23,2024-12-14,3
06,2024-11-23,2024-12-21,4,902.7720947265625,6.806577,log,2024-11-23,2024-12-21,4
08,2024-11-23,2024-11-30,1,34.222415924072266,3.5616827,log,2024-11-23,2024-11-30,1
08,2024-11-23,2024-12-07,2,50.74895477294922,3.9464042,log,2024-11-23,2024-12-07,2
08,2024-11-23,2024-12-14,3,79.21456146240234,4.384705,log,2024-11-23,2024-12-14,3
08,2024-11-23,2024-12-21,4,112.17807006835938,4.7289624,log,2024-11-23,2024-12-21,4
09,2024-11-23,2024-11-30,1,9.181245803833008,2.3205473,log,2024-11-23,2024-11-30,1
09,2024-11-23,2024-12-07,2,15.583029747009277,2.80838,log,2024-11-23,2024-12-07,2
09,2024-11-23,2024-12-14,3,25.481277465820312,3.276438,log,2024-11-23,2024-12-14,3
09,2024-11-23,2024-12-21,4,33.014278411865234,3.5267804,log,2024-11-23,2024-12-21,4
10,2024-11-23,2024-11-30,1,7.578299522399902,2.1492357,log,2024-11-23,2024-11-30,1
10,2024-11-23,2024-12-07,2,13.199287414550781,2.6531918,log,2024-11-23,2024-12-07,2
10,2024-11-23,2024-12-14,3,18.899845123291016,2.990712,log,2024-11-23,2024-12-14,3
10,2024-11-23,2024-12-21,4,20.62111473083496,3.0736704,log,2024-11-23,2024-12-21,4
11,2024-11-23,2024-11-30,1,9.666544914245605,2.3671122,log,2024-11-23,2024-11-30,1
11,2024-11-23,2024-12-07,2,13.405655860900879,2.667621,log,2024-11-23,2024-12-07,2
11,2024-11-23,2024-12-14,3,20.879623413085938,3.0855558,log,2024-11-23,2024-12-14,3
11,2024-11-23,2024-12-21,4,23.82158851623535,3.2117138,log,2024-11-23,2024-12-21,4
12,2024-11-23,2024-11-30,1,596.643798828125,6.392995,log,2024-11-23,2024-11-30,1
12,2024-11-23,2024-12-07,2,646.0891723632812,6.472484,log,2024-11-23,2024-12-07,2
12,2024-11-23,2024-12-14,3,647.0380859375,6.4739494,log,2024-11-23,2024-12-14,3
12,2024-11-23,2024-12-21,4,901.8722534179688,6.805581,log,2024-11-23,2024-12-21,4
13,2024-11-23,2024-11-30,1,70.86773681640625,4.2748275,log,2024-11-23,2024-11-30,1
13,2024-11-23,2024-12-07,2,102.80966186523438,4.642559,log,2024-11-23,2024-12-07,2
13,2024-11-23,2024-12-14,3,176.84646606445312,5.1809206,log,2024-11-23,2024-12-14,3
13,2024-11-23,2024-12-21,4,259.7403869628906,5.563525,log,2024-11-23,2024-12-21,4
15,2024-11-23,2024-11-30,1,16.22598648071289,2.846419,log,2024-11-23,2024-11-30,1
15,2024-11-23,2024-12-07,2,24.50923728942871,3.2390406,log,2024-11-23,2024-12-07,2
15,2024-11-23,2024-12-14,3,36.991764068603516,3.6373694,log,2024-11-23,2024-12-14,3
15,2024-11-23,2024-12-21,4,51.80502700805664,3.9666064,log,2024-11-23,2024-12-21,4
16,2024-11-23,2024-11-30,1,26.014585494995117,3.296377,log,2024-11-23,2024-11-30,1
16,2024-11-23,2024-12-07,2,31.58371353149414,3.4838126,log,2024-11-23,2024-12-07,2
16,2024-11-23,2024-12-14,3,37.30803680419922,3.6456597,log,2024-11-23,2024-12-14,3
16,2024-11-23,2024-12-21,4,46.17271041870117,3.8538156,log,2024-11-23,2024-12-21,4
17,2024-11-23,2024-11-30,1,126.7319107055664,4.8499336,log,2024-11-23,2024-11-30,1
17,2024-11-23,2024-12-07,2,172.00265502929688,5.153307,log,2024-11-23,2024-12-07,2
17,2024-11-23,2024-12-14,3,269.39556884765625,5.599886,log,2024-11-23,2024-12-14,3
17,2024-11-23,2024-12-21,4,394.1555480957031,5.9792795,log,2024-11-23,2024-12-21,4
18,2024-11-23,2024-11-30,1,48.25246047973633,3.8969593,log,2024-11-23,2024-11-30,1
18,2024-11-23,2024-12-07,2,85.10921478271484,4.4556165,log,2024-11-23,2024-12-07,2
18,2024-11-23,2024-12-14,3,123.18994140625,4.821812,log,2024-11-23,2024-12-14,3
18,2024-11-23,2024-12-21,4,153.79827880859375,5.042123,log,2024-11-23,2024-12-21,4
19,2024-11-23,2024-11-30,1,7.516946792602539,2.142058,log,2024-11-23,2024-11-30,1
19,2024-11-23,2024-12-07,2,13.00306510925293,2.6392763,log,2024-11-23,2024-12-07,2
19,2024-11-23,2024-12-14,3,21.554553985595703,3.115937,log,2024-11-23,2024-12-14,3
19,2024-11-23,2024-12-21,4,41.209659576416016,3.742649,log,2024-11-23,2024-12-21,4
20,2024-11-23,2024-11-30,1,22.787639617919922,3.169166,log,2024-11-23,2024-11-30,1
20,2024-11-23,2024-12-07,2,35.62368392944336,3.6006951,log,2024-11-23,2024-12-07,2
20,2024-11-23,2024-12-14,3,55.33719253540039,4.031355,log,2024-11-23,2024-12-14,3
20,2024-11-23,2024-12-21,4,70.76100158691406,4.273341,log,2024-11-23,2024-12-21,4
21,2024-11-23,2024-11-30,1,24.341753005981445,3.2324533,log,2024-11-23,2024-11-30,1
21,2024-11-23,2024-12-07,2,39.454402923583984,3.7001755,log,2024-11-23,2024-12-07,2
21,2024-11-23,2024-12-14,3,65.80525207519531,4.2017817,log,2024-11-23,2024-12-14,3
21,2024-11-23,2024-12-21,4,87.93209075927734,4.487873,log,2024-11-23,2024-12-21,4
22,2024-11-23,2024-11-30,1,111.93634033203125,4.7268243,log,2024-11-23,2024-11-30,1
22,2024-11-23,2024-12-07,2,148.55514526367188,5.007665,log,2024-11-23,2024-12-07,2
22,2024-11-23,2024-12-14,3,151.3302001953125,5.0260506,log,2024-11-23,2024-12-14,3
22,2024-11-23,2024-12-21,4,210.79249572753906,5.355607,log,2024-11-23,2024-12-21,4
23,2024-11-23,2024-11-30,1,2.168504238128662,1.1532596,log,2024-11-23,2024-11-30,1
23,2024-11-23,2024-12-07,2,4.713375568389893,1.74281,log,2024-11-23,2024-12-07,2
23,2024-11-23,2024-12-14,3,10.789295196533203,2.467192,log,2024-11-23,2024-12-14,3
23,2024-11-23,2024-12-21,4,17.799339294433594,2.9338217,log,2024-11-23,2024-12-21,4
24,2024-11-23,2024-11-30,1,23.19607925415039,3.1861906,log,2024-11-23,2024-11-30,1
24,2024-11-23,2024-12-07,2,36.482608795166016,3.623877,log,2024-11-23,2024-12-07,2
24,2024-11-23,2024-12-14,3,59.83964157104492,4.1082416,log,2024-11-23,2024-12-14,3
24,2024-11-23,2024-12-21,4,98.1307144165039,4.5964394,log,2024-11-23,2024-12-21,4
25,2024-11-23,2024-11-30,1,54.00089645385742,4.0073495,log,2024-11-23,2024-11-30,1
25,2024-11-23,2024-12-07,2,78.37059020996094,4.374128,log,2024-11-23,2024-12-07,2
25,2024-11-23,2024-12-14,3,126.94062805175781,4.8515663,log,2024-11-23,2024-12-14,3
25,2024-11-23,2024-12-21,4,174.3291473388672,5.166665,log,2024-11-23,2024-12-21,4
26,2024-11-23,2024-11-30,1,115.97335815429688,4.761946,log,2024-11-23,2024-11-30,1
26,2024-11-23,2024-12-07,2,156.1144256591797,5.0569744,log,2024-11-23,2024-12-07,2
26,2024-11-23,2024-12-14,3,178.51666259765625,5.190268,log,2024-11-23,2024-12-14,3
26,2024-11-23,2024-12-21,4,335.73870849609375,5.8193073,log,2024-11-23,2024-12-21,4
27,2024-11-23,2024-11-30,1,14.16612720489502,2.7190645,log,2024-11-23,2024-11-30,1
27,2024-11-23,2024-12-07,2,28.240480422973633,3.375554,log,2024-11-23,2024-12-07,2
27,2024-11-23,2024-12-14,3,33.19027328491211,3.5319412,log,2024-11-23,2024-12-14,3
27,2024-11-23,2024-12-21,4,38.67572784423828,3.6807396,log,2024-11-23,2024-12-21,4
28,2024-11-23,2024-11-30,1,56.64275360107422,4.0542645,log,2024-11-23,2024-11-30,1
28,2024-11-23,2024-12-07,2,83.23917388916016,4.43366,log,2024-11-23,2024-12-07,2
28,2024-11-23,2024-12-14,3,107.61162567138672,4.6877785,log,2024-11-23,2024-12-14,3
28,2024-11-23,2024-12-21,4,148.56063842773438,5.007702,log,2024-11-23,2024-12-21,4
29,2024-11-23,2024-11-30,1,56.47442626953125,4.05134,log,2024-11-23,2024-11-30,1
29,2024-11-23,2024-12-07,2,80.14237976074219,4.3962054,log,2024-11-23,2024-12-07,2
29,2024-11-23,2024-12-14,3,118.77025604248047,4.7855754,log,2024-11-23,2024-12-14,3
29,2024-11-23,2024-12-21,4,189.20123291015625,5.2480826,log,2024-11-23,2024-12-21,4
30,2024-11-23,2024-11-30,1,3.5886459350585938,1.523585,log,2024-11-23,2024-11-30,1
30,2024-11-23,2024-12-07,2,4.235401630401611,1.6554435,log,2024-11-23,2024-12-07,2
30,2024-11-23,2024-12-14,3,11.155320167541504,2.497767,log,2024-11-23,2024-12-14,3
30,2024-11-23,2024-12-21,4,13.93600082397461,2.7037745,log,2024-11-23,2024-12-21,4
31,2024-11-23,2024-11-30,1,7.466849327087402,2.1361585,log,2024-11-23,2024-11-30,1
31,2024-11-23,2024-12-07,2,11.591145515441895,2.5329938,log,2024-11-23,2024-12-07,2
31,2024-11-23,2024-12-14,3,19.513019561767578,3.0210598,log,2024-11-23,2024-12-14,3
31,2024-11-23,2024-12-21,4,31.202781677246094,3.4720528,log,2024-11-23,2024-12-21,4
32,2024-11-23,2024-11-30,1,67.36605072021484,4.2248764,log,2024-11-23,2024-11-30,1
32,2024-11-23,2024-12-07,2,78.78772735595703,4.3793697,log,2024-11-23,2024-12-07,2
32,2024-11-23,2024-12-14,3,98.59679412841797,4.60113,log,2024-11-23,2024-12-14,3
32,2024-11-23,2024-12-21,4,121.84795379638672,4.8109474,log,2024-11-23,2024-12-21,4
33,2024-11-23,2024-11-30,1,13.218282699584961,2.6545286,log,2024-11-23,2024-11-30,1
33,2024-11-23,2024-12-07,2,21.37566566467285,3.107974,log,2024-11-23,2024-12-07,2
33,2024-11-23,2024-12-14,3,25.761810302734375,3.2869759,log,2024-11-23,2024-12-14,3
33,2024-11-23,2024-12-21,4,23.785137176513672,3.2102442,log,2024-11-23,2024-12-21,4
34,2024-11-23,2024-11-30,1,67.73748779296875,4.2302947,log,2024-11-23,2024-11-30,1
34,2024-11-23,2024-12-07,2,115.865478515625,4.7610235,log,2024-11-23,2024-12-07,2
34,2024-11-23,2024-12-14,3,143.95132446289062,4.976398,log,2024-11-23,2024-12-14,3
34,2024-11-23,2024-12-21,4,187.71307373046875,5.2402277,log,2024-11-23,2024-12-21,4
35,2024-11-23,2024-11-30,1,29.163057327270508,3.4066179,log,2024-11-23,2024-11-30,1
35,2024-11-23,2024-12-07,2,37.6016960144043,3.6532962,log,2024-11-23,2024-12-07,2
35,2024-11-23,2024-12-14,3,34.71769332885742,3.5756462,log,2024-11-23,2024-12-14,3
35,2024-11-23,2024-12-21,4,61.165184020996094,4.129795,log,2024-11-23,2024-12-21,4
36,2024-11-23,2024-11-30,1,128.93011474609375,4.866997,log,2024-11-23,2024-11-30,1
36,2024-11-23,2024-12-07,2,177.0370330810547,5.1819916,log,2024-11-23,2024-12-07,2
36,2024-11-23,2024-12-14,3,271.426513671875,5.607369,log,2024-11-23,2024-12-14,3
36,2024-11-23,2024-12-21,4,401.74395751953125,5.998301,log,2024-11-23,2024-12-21,4
37,2024-11-23,2024-11-30,1,41.72274398803711,3.7547314,log,2024-11-23,2024-11-30,1
37,2024-11-23,2024-12-07,2,52.53923034667969,3.9804146,log,2024-11-23,2024-12-07,2
37,2024-11-23,2024-12-14,3,63.82135772705078,4.171635,log,2024-11-23,2024-12-14,3
37,2024-11-23,2024-12-21,4,106.82258605957031,4.680487,log,2024-11-23,2024-12-21,4
38,2024-11-23,2024-11-30,1,2.8976056575775146,1.3603624,log,2024-11-23,2024-11-30,1
38,2024-11-23,2024-12-07,2,3.6388638019561768,1.5344695,log,2024-11-23,2024-12-07,2
38,2024-11-23,2024-12-14,3,9.274725914001465,2.329687,log,2024-11-23,2024-12-14,3
38,2024-11-23,2024-12-21,4,12.964141845703125,2.6364927,log,2024-11-23,2024-12-21,4
39,2024-11-23,2024-11-30,1,39.598594665527344,3.7037334,log,2024-11-23,2024-11-30,1
39,2024-11-23,2024-12-07,2,47.34462356567383,3.878355,log,2024-11-23,2024-12-07,2
39,2024-11-23,2024-12-14,3,50.675804138183594,3.9449897,log,2024-11-23,2024-12-14,3
39,2024-11-23,2024-12-21,4,84.32869720458984,4.446511,log,2024-11-23,2024-12-21,4
40,2024-11-23,2024-11-30,1,22.129343032836914,3.141102,log,2024-11-23,2024-11-30,1
40,2024-11-23,2024-12-07,2,39.582801818847656,3.7033443,log,2024-11-23,2024-12-07,2
40,2024-11-23,2024-12-14,3,61.0731201171875,4.128313,log,2024-11-23,2024-12-14,3
40,2024-11-23,2024-12-21,4,80.11112976074219,4.39582,log,2024-11-23,2024-12-21,4
41,2024-11-23,2024-11-30,1,74.13538360595703,4.3192916,log,2024-11-23,2024-11-30,1
41,2024-11-23,2024-12-07,2,83.97491455078125,4.442356,log,2024-11-23,2024-12-07,2
41,2024-11-23,2024-12-14,3,97.02099609375,4.5851817,log,2024-11-23,2024-12-14,3
41,2024-11-23,2024-12-21,4,108.3525161743164,4.6945767,log,2024-11-23,2024-12-21,4
42,2024-11-23,2024-11-30,1,180.66766357421875,5.202179,log,2024-11-23,2024-11-30,1
42,2024-11-23,2024-12-07,2,184.8961639404297,5.2251883,log,2024-11-23,2024-12-07,2
42,2024-11-23,2024-12-14,3,258.6663818359375,5.5593977,log,2024-11-23,2024-12-14,3
42,2024-11-23,2024-12-21,4,283.672119140625,5.651338,log,2024-11-23,2024-12-21,4
44,2024-11-23,2024-11-30,1,2.528477191925049,1.2608664,log,2024-11-23,2024-11-30,1
44,2024-11-23,2024-12-07,2,3.1294631958007812,1.4181474,log,2024-11-23,2024-12-07,2
44,2024-11-23,2024-12-14,3,4.864876747131348,1.7689815,log,2024-11-23,2024-12-14,3
44,2024-11-23,2024-12-21,4,6.938241481781006,2.0716918,log,2024-11-23,2024-12-21,4
45,2024-11-23,2024-11-30,1,22.49115753173828,3.156624,log,2024-11-23,2024-11-30,1
45,2024-11-23,2024-12-07,2,26.338409423828125,3.3082926,log,2024-11-23,2024-12-07,2
45,2024-11-23,2024-12-14,3,42.95940399169922,3.7832665,log,2024-11-23,2024-12-14,3
45,2024-11-23,2024-12-21,4,66.31364440917969,4.209363,log,2024-11-23,2024-12-21,4
46,2024-11-23,2024-11-30,1,1.5740846395492554,0.945494,log,2024-11-23,2024-11-30,1
46,2024-11-23,2024-12-07,2,2.472095251083374,1.2447582,log,2024-11-23,2024-12-07,2
46,2024-11-23,2024-12-14,3,3.339541435241699,1.4677687,log,2024-11-23,2024-12-14,3
46,2024-11-23,2024-12-21,4,5.886786937713623,1.9296046,log,2024-11-23,2024-12-21,4
47,2024-11-23,2024-11-30,1,63.33464431762695,4.1640983,log,2024-11-23,2024-11-30,1
47,2024-11-23,2024-12-07,2,87.827880859375,4.4867005,log,2024-11-23,2024-12-07,2
47,2024-11-23,2024-12-14,3,97.67491149902344,4.5918307,log,2024-11-23,2024-12-14,3
47,2024-11-23,2024-12-21,4,103.8010025024414,4.6520634,log,2024-11-23,2024-12-21,4
48,2024-11-23,2024-11-30,1,334.99737548828125,5.8171034,log,2024-11-23,2024-11-30,1
48,2024-11-23,2024-12-07,2,448.5726013183594,6.1082973,log,2024-11-23,2024-12-07,2
48,2024-11-23,2024-12-14,3,534.9116821289062,6.2839694,log,2024-11-23,2024-12-14,3
48,2024-11-23,2024-12-21,4,561.3914794921875,6.332198,log,2024-11-23,2024-12-21,4
49,2024-11-23,2024-11-30,1,22.393939971923828,3.152477,log,2024-11-23,2024-11-30,1
49,2024-11-23,2024-12-07,2,33.006832122802734,3.5265615,log,2024-11-23,2024-12-07,2
49,2024-11-23,2024-12-14,3,40.01438903808594,3.713923,log,2024-11-23,2024-12-14,3
49,2024-11-23,2024-12-21,4,79.7989501953125,4.391964,log,2024-11-23,2024-12-21,4
50,2024-11-23,2024-11-30,1,1.4558357000350952,0.8984671,log,2024-11-23,2024-11-30,1
50,2024-11-23,2024-12-07,2,2.456758499145508,1.2403313,log,2024-11-23,2024-12-07,2
50,2024-11-23,2024-12-14,3,3.9416487216949463,1.597699,log,2024-11-23,2024-12-14,3
50,2024-11-23,2024-12-21,4,7.487529277801514,2.138598,log,2024-11-23,2024-12-21,4
51,2024-11-23,2024-11-30,1,47.16201400756836,3.8745706,log,2024-11-23,2024-11-30,1
51,2024-11-23,2024-12-07,2,70.30618286132812,4.266983,log,2024-11-23,2024-12-07,2
51,2024-11-23,2024-12-14,3,106.37247467041016,4.676304,log,2024-11-23,2024-12-14,3
51,2024-11-23,2024-12-21,4,170.91847229003906,5.1470203,log,2024-11-23,2024-12-21,4
53,2024-11-23,2024-11-30,1,37.031005859375,3.6384017,log,2024-11-23,2024-11-30,1
53,2024-11-23,2024-12-07,2,51.984657287597656,3.9700024,log,2024-11-23,2024-12-07,2
53,2024-11-23,2024-12-14,3,65.2103500366211,4.1928368,log,2024-11-23,2024-12-14,3
53,2024-11-23,2024-12-21,4,129.94830322265625,4.8748026,log,2024-11-23,2024-12-21,4
54,2024-11-23,2024-11-30,1,6.82993745803833,2.0579545,log,2024-11-23,2024-11-30,1
54,2024-11-23,2024-12-07,2,11.655146598815918,2.538064,log,2024-11-23,2024-12-07,2
54,2024-11-23,2024-12-14,3,17.71981430053711,2.9295826,log,2024-11-23,2024-12-14,3
54,2024-11-23,2024-12-21,4,34.45751953125,3.5683353,log,2024-11-23,2024-12-21,4
55,2024-11-23,2024-11-30,1,24.515403747558594,3.2392824,log,2024-11-23,2024-11-30,1
55,2024-11-23,2024-12-07,2,32.63114547729492,3.5154526,log,2024-11-23,2024-12-07,2
55,2024-11-23,2024-12-14,3,64.95098876953125,4.188912,log,2024-11-23,2024-12-14,3
55,2024-11-23,2024-12-21,4,78.63462829589844,4.377449,log,2024-11-23,2024-12-21,4
56,2024-11-23,2024-11-30,1,10.368535995483398,2.4308496,log,2024-11-23,2024-11-30,1
56,2024-11-23,2024-12-07,2,12.336125373840332,2.5904765,log,2024-11-23,2024-12-07,2
56,2024-11-23,2024-12-14,3,18.979259490966797,2.9946947,log,2024-11-23,2024-12-14,3
56,2024-11-23,2024-12-21,4,22.237274169921875,3.1457577,log,2024-11-23,2024-12-21,4
72,2024-11-23,2024-11-30,1,185.5034637451172,5.22845,log,2024-11-23,2024-11-30,1
72,2024-11-23,2024-12-07,2,209.9162139892578,5.351461,log,2024-11-23,2024-12-07,2
72,2024-11-23,2024-12-14,3,182.72593688964844,5.213445,log,2024-11-23,2024-12-14,3
72,2024-11-23,2024-12-21,4,157.69439697265625,5.0669804,log,2024-11-23,2024-12-21,4
US,2024-11-23,2024-11-30,1,1465.2752685546875,7.2904806,log,2024-11-23,2024-11-30,1
US,2024-11-23,2024-12-07,2,1467.5584716796875,7.2920365,log,2024-11-23,2024-12-07,2
US,2024-11-23,2024-12-14,3,1349.103759765625,7.207937,log,2024-11-23,2024-12-14,3
US,2024-11-23,2024-12-21,4,1480.1002197265625,7.3005404,log,2024-11-23,2024-12-21,4
01,2024-11-30,2024-12-07,1,102.90806579589844,4.6435065,log,2024-11-30,2024-12-07,1
01,2024-11-30,2024-12-14,2,152.60293579101562,5.034371,log,2024-11-30,2024-12-14,2
01,2024-11-30,2024-12-21,3,220.126953125,5.398737,log,2024-11-30,2024-12-21,3
01,2024-11-30,2024-12-28,4,207.97479248046875,5.3422136,log,2024-11-30,2024-12-28,4
02,2024-11-30,2024-12-07,1,10.989999771118164,2.484073,log,2024-11-30,2024-12-07,1
02,2024-11-30,2024-12-14,2,13.740836143493652,2.6906216,log,2024-11-30,2024-12-14,2
02,2024-11-30,2024-12-21,3,19.282224655151367,3.009745,log,2024-11-30,2024-12-21,3
02,2024-11-30,2024-12-28,4,23.585586547851562,3.2021604,log,2024-11-30,2024-12-28,4
04,2024-11-30,2024-12-07,1,696.8273315429688,6.5479717,log,2024-11-30,2024-12-07,1
04,2024-11-30,2024-12-14,2,567.8758544921875,6.3436623,log,2024-11-30,2024-12-14,2
04,2024-11-30,2024-12-21,3,565.6204833984375,6.3396897,log,2024-11-30,2024-12-21,3
04,2024-11-30,2024-12-28,4,519.4600219726562,6.254713,log,2024-11-30,2024-12-28,4
05,2024-11-30,2024-12-07,1,18.713598251342773,2.9813087,log,2024-11-30,2024-12-07,1
05,2024-11-30,2024-12-14,2,27.118473052978516,3.3364267,log,2024-11-30,2024-12-14,2
05,2024-11-30,2024-12-21,3,41.33193588256836,3.7455418,log,2024-11-30,2024-12-21,3
05,2024-11-30,2024-12-28,4,61.414798736572266,4.1338024,log,2024-11-30,2024-12-28,4
06,2024-11-30,2024-12-07,1,833.7193603515625,6.7270956,log,2024-11-30,2024-12-07,1
06,2024-11-30,2024-12-14,2,892.5947265625,6.7952523,log,2024-11-30,2024-12-14,2
06,2024-11-30,2024-12-21,3,1036.01416015625,6.944101,log,2024-11-30,2024-12-21,3
06,2024-11-30,2024-12-28,4,1159.6666259765625,7.05675,log,2024-11-30,2024-12-28,4
08,2024-11-30,2024-12-07,1,82.26180267333984,4.42199,log,2024-11-30,2024-12-07,1
08,2024-11-30,2024-12-14,2,109.99959564208984,4.7095265,log,2024-11-30,2024-12-14,2
08,2024-11-30,2024-12-21,3,158.65020751953125,5.072985,log,2024-11-30,2024-12-21,3
08,2024-11-30,2024-12-28,4,251.2322235107422,5.53035,log,2024-11-30,2024-12-28,4
09,2024-11-30,2024-12-07,1,16.051616668701172,2.836245,log,2024-11-30,2024-12-07,1
09,2024-11-30,2024-12-14,2,26.68671989440918,3.320953,log,2024-11-30,2024-12-14,2
09,2024-11-30,2024-12-21,3,45.020381927490234,3.8290844,log,2024-11-30,2024-12-21,3
09,2024-11-30,2024-12-28,4,63.208683013916016,4.1621385,log,2024-11-30,2024-12-28,4
10,2024-11-30,2024-12-07,1,8.090046882629395,2.20718,log,2024-11-30,2024-12-07,1
10,2024-11-30,2024-12-14,2,12.712833404541016,2.6183321,log,2024-11-30,2024-12-14,2
10,2024-11-30,2024-12-21,3,18.738332748413086,2.9825625,log,2024-11-30,2024-12-21,3
10,2024-11-30,2024-12-28,4,22.25896453857422,3.1466906,log,2024-11-30,2024-12-28,4
11,2024-11-30,2024-12-07,1,9.129904747009277,2.315492,log,2024-11-30,2024-12-07,1
11,2024-11-30,2024-12-14,2,13.83421516418457,2.6969364,log,2024-11-30,2024-12-14,2
11,2024-11-30,2024-12-21,3,22.258121490478516,3.1466544,log,2024-11-30,2024-12-21,3
11,2024-11-30,2024-12-28,4,34.56772994995117,3.5714388,log,2024-11-30,2024-12-28,4
12,2024-11-30,2024-12-07,1,744.8566284179688,6.6145334,log,2024-11-30,2024-12-07,1
12,2024-11-30,2024-12-14,2,840.4382934570312,6.7351127,log,2024-11-30,2024-12-14,2
12,2024-11-30,2024-12-21,3,1053.470458984375,6.960794,log,2024-11-30,2024-12-21,3
12,2024-11-30,2024-12-28,4,1095.50927734375,6.999887,log,2024-11-30,2024-12-28,4
13,2024-11-30,2024-12-07,1,69.54961395263672,4.256316,log,2024-11-30,2024-12-07,1
13,2024-11-30,2024-12-14,2,110.67180633544922,4.7155643,log,2024-11-30,2024-12-14,2
13,2024-11-30,2024-12-21,3,138.64840698242188,4.939128,log,2024-11-30,2024-12-21,3
13,2024-11-30,2024-12-28,4,184.55935668945312,5.223375,log,2024-11-30,2024-12-28,4
15,2024-11-30,2024-12-07,1,19.689830780029297,3.0296423,log,2024-11-30,2024-12-07,1
15,2024-11-30,2024-12-14,2,36.789955139160156,3.6320434,log,2024-11-30,2024-12-14,2
15,2024-11-30,2024-12-21,3,51.801361083984375,3.966537,log,2024-11-30,2024-12-21,3
15,2024-11-30,2024-12-28,4,59.40563201904297,4.1010823,log,2024-11-30,2024-12-28,4
16,2024-11-30,2024-12-07,1,67.0099868774414,4.2196546,log,2024-11-30,2024-12-07,1
16,2024-11-30,2024-12-14,2,81.25383758544922,4.40981,log,2024-11-30,2024-12-14,2
16,2024-11-30,2024-12-21,3,89.79368591308594,4.5085897,log,2024-11-30,2024-12-21,3
16,2024-11-30,2024-12-28,4,104.31287384033203,4.6569357,log,2024-11-30,2024-12-28,4
17,2024-11-30,2024-12-07,1,124.83847045898438,4.834999,log,2024-11-30,2024-12-07,1
17,2024-11-30,2024-12-14,2,171.39590454101562,5.1497936,log,2024-11-30,2024-12-14,2
17,2024-11-30,2024-12-21,3,225.03590393066406,5.420694,log,2024-11-30,2024-12-21,3
17,2024-11-30,2024-12-28,4,306.248046875,5.7276554,log,2024-11-30,2024-12-28,4
18,2024-11-30,2024-12-07,1,54.20492172241211,4.011052,log,2024-11-30,2024-12-07,1
18,2024-11-30,2024-12-14,2,66.56904602050781,4.21315,log,2024-11-30,2024-12-14,2
18,2024-11-30,2024-12-21,3,113.9510498046875,4.7445064,log,2024-11-30,2024-12-21,3
18,2024-11-30,2024-12-28,4,121.99372100830078,4.8121333,log,2024-11-30,2024-12-28,4
19,2024-11-30,2024-12-07,1,7.5089921951293945,2.1411235,log,2024-11-30,2024-12-07,1
19,2024-11-30,2024-12-14,2,13.098065376281738,2.6460376,log,2024-11-30,2024-12-14,2
19,2024-11-30,2024-12-21,3,21.811634063720703,3.1272707,log,2024-11-30,2024-12-21,3
19,2024-11-30,2024-12-28,4,40.23550033569336,3.7192996,log,2024-11-30,2024-12-28,4
20,2024-11-30,2024-12-07,1,30.7044677734375,3.4564576,log,2024-11-30,2024-12-07,1
20,2024-11-30,2024-12-14,2,35.09439468383789,3.5861375,log,2024-11-30,2024-12-14,2
20,2024-11-30,2024-12-21,3,49.27532196044922,3.9175143,log,2024-11-30,2024-12-21,3
20,2024-11-30,2024-12-28,4,74.98213195800781,4.330498,log,2024-11-30,2024-12-28,4
21,2024-11-30,2024-12-07,1,29.445825576782227,3.4159489,log,2024-11-30,2024-12-07,1
21,2024-11-30,2024-12-14,2,44.76665115356445,3.8235557,log,2024-11-30,2024-12-14,2
21,2024-11-30,2024-12-21,3,67.48445892333984,4.226607,log,2024-11-30,2024-12-21,3
21,2024-11-30,2024-12-28,4,91.87737274169922,4.53128,log,2024-11-30,2024-12-28,4
22,2024-11-30,2024-12-07,1,186.73361206054688,5.235024,log,2024-11-30,2024-12-07,1
22,2024-11-30,2024-12-14,2,212.8240203857422,5.3651533,log,2024-11-30,2024-12-14,2
22,2024-11-30,2024-12-21,3,265.32928466796875,5.5847335,log,2024-11-30,2024-12-21,3
22,2024-11-30,2024-12-28,4,294.798828125,5.6896796,log,2024-11-30,2024-12-28,4
23,2024-11-30,2024-12-07,1,3.523627281188965,1.5093142,log,2024-11-30,2024-12-07,1
23,2024-11-30,2024-12-14,2,5.552852630615234,1.8799005,log,2024-11-30,2024-12-14,2
23,2024-11-30,2024-12-21,3,8.543478012084961,2.255858,log,2024-11-30,2024-12-21,3
23,2024-11-30,2024-12-28,4,13.367188453674316,2.664947,log,2024-11-30,2024-12-28,4
24,2024-11-30,2024-12-07,1,28.881866455078125,3.3972518,log,2024-11-30,2024-12-07,1
24,2024-11-30,2024-12-14,2,42.906883239746094,3.782071,log,2024-11-30,2024-12-14,2
24,2024-11-30,2024-12-21,3,79.40404510498047,4.3870645,log,2024-11-30,2024-12-21,3
24,2024-11-30,2024-12-28,4,123.74748229980469,4.8262916,log,2024-11-30,2024-12-28,4
25,2024-11-30,2024-12-07,1,119.51305389404297,4.791758,log,2024-11-30,2024-12-07,1
25,2024-11-30,2024-12-14,2,153.82293701171875,5.042282,log,2024-11-30,2024-12-14,2
25,2024-11-30,2024-12-21,3,218.67222595214844,5.3921366,log,2024-11-30,2024-12-21,3
25,2024-11-30,2024-12-28,4,264.9390563964844,5.583267,log,2024-11-30,2024-12-28,4
26,2024-11-30,2024-12-07,1,82.95738220214844,4.4303093,log,2024-11-30,2024-12-07,1
26,2024-11-30,2024-12-14,2,99.97962188720703,4.6149187,log,2024-11-30,2024-12-14,2
26,2024-11-30,2024-12-21,3,121.83008575439453,4.810802,log,2024-11-30,2024-12-21,3
26,2024-11-30,2024-12-28,4,209.7238006591797,5.3505483,log,2024-11-30,2024-12-28,4
27,2024-11-30,2024-12-07,1,22.99820899963379,3.1779792,log,2024-11-30,2024-12-07,1
27,2024-11-30,2024-12-14,2,40.61740493774414,3.7285185,log,2024-11-30,2024-12-14,2
27,2024-11-30,2024-12-21,3,47.90852355957031,3.8899517,log,2024-11-30,2024-12-21,3
27,2024-11-30,2024-12-28,4,57.499786376953125,4.069023,log,2024-11-30,2024-12-28,4
28,2024-11-30,2024-12-07,1,37.34605026245117,3.6466515,log,2024-11-30,2024-12-07,1
28,2024-11-30,2024-12-14,2,46.10870361328125,3.8524578,log,2024-11-30,2024-12-14,2
28,2024-11-30,2024-12-21,3,67.13973236083984,4.2215605,log,2024-11-30,2024-12-21,3
28,2024-11-30,2024-12-28,4,97.680419921875,4.5918865,log,2024-11-30,2024-12-28,4
29,2024-11-30,2024-12-07,1,53.60361862182617,4.0001,log,2024-11-30,2024-12-07,1
29,2024-11-30,2024-12-14,2,71.89771270751953,4.2890573,log,2024-11-30,2024-12-14,2
29,2024-11-30,2024-12-21,3,106.48107147216797,4.6773148,log,2024-11-30,2024-12-21,3
29,2024-11-30,2024-12-28,4,129.49252319335938,4.871316,log,2024-11-30,2024-12-28,4
30,2024-11-30,2024-12-07,1,3.6080048084259033,1.527795,log,2024-11-30,2024-12-07,1
30,2024-11-30,2024-12-14,2,5.96282958984375,1.940586,log,2024-11-30,2024-12-14,2
30,2024-11-30,2024-12-21,3,12.563207626342773,2.6073608,log,2024-11-30,2024-12-21,3
30,2024-11-30,2024-12-28,4,21.04285430908203,3.0929885,log,2024-11-30,2024-12-28,4
31,2024-11-30,2024-12-07,1,16.74519157409668,2.8761146,log,2024-11-30,2024-12-07,1
31,2024-11-30,2024-12-14,2,31.582353591918945,3.4837708,log,2024-11-30,2024-12-14,2
31,2024-11-30,2024-12-21,3,41.18367385864258,3.7420332,log,2024-11-30,2024-12-21,3
31,2024-11-30,2024-12-28,4,52.85679626464844,3.9863286,log,2024-11-30,2024-12-28,4
32,2024-11-30,2024-12-07,1,92.57069396972656,4.5387173,log,2024-11-30,2024-12-07,1
32,2024-11-30,2024-12-14,2,135.7892303466797,4.9184413,log,2024-11-30,2024-12-14,2
32,2024-11-30,2024-12-21,3,155.7327423095703,5.054542,log,2024-11-30,2024-12-21,3
32,2024-11-30,2024-12-28,4,144.68048095703125,4.9814157,log,2024-11-30,2024-12-28,4
33,2024-11-30,2024-12-07,1,20.271745681762695,3.0573797,log,2024-11-30,2024-12-07,1
33,2024-11-30,2024-12-14,2,30.10499382019043,3.4373684,log,2024-11-30,2024-12-14,2
33,2024-11-30,2024-12-21,3,33.035621643066406,3.5274076,log,2024-11-30,2024-12-21,3
33,2024-11-30,2024-12-28,4,45.331268310546875,3.835817,log,2024-11-30,2024-12-28,4
34,2024-11-30,2024-12-07,1,87.56214904785156,4.4837046,log,2024-11-30,2024-12-07,1
34,2024-11-30,2024-12-14,2,119.00298309326172,4.7875166,log,2024-11-30,2024-12-14,2
34,2024-11-30,2024-12-21,3,177.28688049316406,5.183394,log,2024-11-30,2024-12-21,3
34,2024-11-30,2024-12-28,4,270.816650390625,5.605128,log,2024-11-30,2024-12-28,4
35,2024-11-30,2024-12-07,1,74.6440200805664,4.3260384,log,2024-11-30,2024-12-07,1
35,2024-11-30,2024-12-14,2,92.08486938476562,4.5335116,log,2024-11-30,2024-12-14,2
35,2024-11-30,2024-12-21,3,125.30550384521484,4.8387036,log,2024-11-30,2024-12-21,3
35,2024-11-30,2024-12-28,4,153.6623077392578,5.041244,log,2024-11-30,2024-12-28,4
36,2024-11-30,2024-12-07,1,205.42477416992188,5.329936,log,2024-11-30,2024-12-07,1
36,2024-11-30,2024-12-14,2,296.5958557128906,5.6957364,log,2024-11-30,2024-12-14,2
36,2024-11-30,2024-12-21,3,425.7439880371094,6.0561843,log,2024-11-30,2024-12-21,3
36,2024-11-30,2024-12-28,4,544.6382446289062,6.301956,log,2024-11-30,2024-12-28,4
37,2024-11-30,2024-12-07,1,61.30679702758789,4.1320705,log,2024-11-30,2024-12-07,1
37,2024-11-30,2024-12-14,2,99.61653900146484,4.6113167,log,2024-11-30,2024-12-14,2
37,2024-11-30,2024-12-21,3,139.08319091796875,4.9422364,log,2024-11-30,2024-12-21,3
37,2024-11-30,2024-12-28,4,180.1373291015625,5.1992555,log,2024-11-30,2024-12-28,4
38,2024-11-30,2024-12-07,1,3.3070285320281982,1.4602482,log,2024-11-30,2024-12-07,1
38,2024-11-30,2024-12-14,2,4.505808353424072,1.7058036,log,2024-11-30,2024-12-14,2
38,2024-11-30,2024-12-21,3,7.802119731903076,2.1749926,log,2024-11-30,2024-12-21,3
38,2024-11-30,2024-12-28,4,13.1463041305542,2.6494534,log,2024-11-30,2024-12-28,4
39,2024-11-30,2024-12-07,1,79.0599136352539,4.3827753,log,2024-11-30,2024-12-07,1
39,2024-11-30,2024-12-14,2,108.01275634765625,4.691465,log,2024-11-30,2024-12-14,2
39,2024-11-30,2024-12-21,3,138.78912353515625,4.940135,log,2024-11-30,2024-12-21,3
39,2024-11-30,2024-12-28,4,193.34078979492188,5.2696133,log,2024-11-30,2024-12-28,4
40,2024-11-30,2024-12-07,1,47.440086364746094,3.8803277,log,2024-11-30,2024-12-07,1
40,2024-11-30,2024-12-14,2,65.31446075439453,4.194408,log,2024-11-30,2024-12-14,2
40,2024-11-30,2024-12-21,3,124.99505615234375,4.8362427,log,2024-11-30,2024-12-21,3
40,2024-11-30,2024-12-28,4,160.76890563964844,5.086169,log,2024-11-30,2024-12-28,4
41,2024-11-30,2024-12-07,1,104.37285614013672,4.657505,log,2024-11-30,2024-12-07,1
41,2024-11-30,2024-12-14,2,128.66127014160156,4.8649254,log,2024-11-30,2024-12-14,2
41,2024-11-30,2024-12-21,3,139.7673797607422,4.9471087,log,2024-11-30,2024-12-21,3
41,2024-11-30,2024-12-28,4,159.3815460205078,5.0775557,log,2024-11-30,2024-12-28,4
42,2024-11-30,2024-12-07,1,127.84733581542969,4.8586283,log,2024-11-30,2024-12-07,1
42,2024-11-30,2024-12-14,2,141.4178009033203,4.958765,log,2024-11-30,2024-12-14,2
42,2024-11-30,2024-12-21,3,147.03890991210938,4.997475,log,2024-11-30,2024-12-21,3
42,2024-11-30,2024-12-28,4,175.16802978515625,5.171438,log,2024-11-30,2024-12-28,4
44,2024-11-30,2024-12-07,1,6.745988845825195,2.0471752,log,2024-11-30,2024-12-07,1
44,2024-11-30,2024-12-14,2,11.991103172302246,2.5642648,log,2024-11-30,2024-12-14,2
44,2024-11-30,2024-12-21,3,15.271480560302734,2.789414,log,2024-11-30,2024-12-21,3
44,2024-11-30,2024-12-28,4,23.648897171020508,3.2047322,log,2024-11-30,2024-12-28,4
45,2024-11-30,2024-12-07,1,23.466812133789062,3.1973176,log,2024-11-30,2024-12-07,1
45,2024-11-30,2024-12-14,2,33.3480339050293,3.5365448,log,2024-11-30,2024-12-14,2
45,2024-11-30,2024-12-21,3,46.66912078857422,3.8642838,log,2024-11-30,2024-12-21,3
45,2024-11-30,2024-12-28,4,72.50659942626953,4.297375,log,2024-11-30,2024-12-28,4
46,2024-11-30,2024-12-07,1,3.6775002479553223,1.5427638,log,2024-11-30,2024-12-07,1
46,2024-11-30,2024-12-14,2,6.583835601806641,2.026019,log,2024-11-30,2024-12-14,2
46,2024-11-30,2024-12-21,3,11.27769660949707,2.5077844,log,2024-11-30,2024-12-21,3
46,2024-11-30,2024-12-28,4,17.658035278320312,2.926277,log,2024-11-30,2024-12-28,4
47,2024-11-30,2024-12-07,1,51.9298095703125,3.9689667,log,2024-11-30,2024-12-07,1
47,2024-11-30,2024-12-14,2,64.3801498413086,4.1802187,log,2024-11-30,2024-12-14,2
47,2024-11-30,2024-12-21,3,77.53246307373047,4.363512,log,2024-11-30,2024-12-21,3
47,2024-11-30,2024-12-28,4,85.11624145507812,4.455698,log,2024-11-30,2024-12-28,4
48,2024-11-30,2024-12-07,1,510.6014709472656,6.237546,log,2024-11-30,2024-12-07,1
48,2024-11-30,2024-12-14,2,609.2300415039062,6.413836,log,2024-11-30,2024-12-14,2
48,2024-11-30,2024-12-21,3,656.3642578125,6.4882383,log,2024-11-30,2024-12-21,3
48,2024-11-30,2024-12-28,4,686.9533081054688,6.533721,log,2024-11-30,2024-12-28,4
49,2024-11-30,2024-12-07,1,30.36397361755371,3.4456599,log,2024-11-30,2024-12-07,1
49,2024-11-30,2024-12-14,2,39.77533721923828,3.7080774,log,2024-11-30,2024-12-14,2
49,2024-11-30,2024-12-21,3,54.219058990478516,4.011308,log,2024-11-30,2024-12-21,3
49,2024-11-30,2024-12-28,4,88.24828338623047,4.491422,log,2024-11-30,2024-12-28,4
50,2024-11-30,2024-12-07,1,3.2452664375305176,1.4458046,log,2024-11-30,2024-12-07,1
50,2024-11-30,2024-12-14,2,4.468064308166504,1.6989247,log,2024-11-30,2024-12-14,2
50,2024-11-30,2024-12-21,3,8.847373008728027,2.2872047,log,2024-11-30,2024-12-21,3
50,2024-11-30,2024-12-28,4,13.899377822875977,2.7013195,log,2024-11-30,2024-12-28,4
51,2024-11-30,2024-12-07,1,63.06793975830078,4.159944,log,2024-11-30,2024-12-07,1
51,2024-11-30,2024-12-14,2,108.80281066894531,4.698686,log,2024-11-30,2024-12-14,2
51,2024-11-30,2024-12-21,3,145.286865234375,4.9855695,log,2024-11-30,2024-12-21,3
51,2024-11-30,2024-12-28,4,209.2408447265625,5.3482537,log,2024-11-30,2024-12-28,4
53,2024-11-30,2024-12-07,1,63.56630325317383,4.1676927,log,2024-11-30,2024-12-07,1
53,2024-11-30,2024-12-14,2,89.30341339111328,4.5031753,log,2024-11-30,2024-12-14,2
53,2024-11-30,2024-12-21,3,145.3321990966797,4.9858794,log,2024-11-30,2024-12-21,3
53,2024-11-30,2024-12-28,4,199.82635498046875,5.3024406,log,2024-11-30,2024-12-28,4
54,2024-11-30,2024-12-07,1,7.512129306793213,2.1414921,log,2024-11-30,2024-12-07,1
54,2024-11-30,2024-12-14,2,11.984941482543945,2.5637903,log,2024-11-30,2024-12-14,2
54,2024-11-30,2024-12-21,3,16.469003677368164,2.860428,log,2024-11-30,2024-12-21,3
54,2024-11-30,2024-12-28,4,27.553369522094727,3.351775,log,2024-11-30,2024-12-28,4
55,2024-11-30,2024-12-07,1,18.078466415405273,2.9485602,log,2024-11-30,2024-12-07,1
55,2024-11-30,2024-12-14,2,25.20779800415039,3.266057,log,2024-11-30,2024-12-14,2
55,2024-11-30,2024-12-21,3,38.57304763793945,3.6781483,log,2024-11-30,2024-12-21,3
55,2024-11-30,2024-12-28,4,67.84750366210938,4.231894,log,2024-11-30,2024-12-28,4
56,2024-11-30,2024-12-07,1,10.383504867553711,2.4321654,log,2024-11-30,2024-12-07,1
56,2024-11-30,2024-12-14,2,15.35848331451416,2.7947466,log,2024-11-30,2024-12-14,2
56,2024-11-30,2024-12-21,3,21.03840446472168,3.0927866,log,2024-11-30,2024-12-21,3
56,2024-11-30,2024-12-28,4,24.65656280517578,3.2447994,log,2024-11-30,2024-12-28,4
72,2024-11-30,2024-12-07,1,428.3715515136719,6.0623226,log,2024-11-30,2024-12-07,1
72,2024-11-30,2024-12-14,2,370.9081115722656,5.918647,log,2024-11-30,2024-12-14,2
72,2024-11-30,2024-12-21,3,346.0502624511719,5.8494697,log,2024-11-30,2024-12-21,3
72,2024-11-30,2024-12-28,4,236.7410125732422,5.471182,log,2024-11-30,2024-12-28,4
US,2024-11-30,2024-12-07,1,1451.46142578125,7.281015,log,2024-11-30,2024-12-07,1
US,2024-11-30,2024-12-14,2,1341.549072265625,7.2023253,log,2024-11-30,2024-12-14,2
US,2024-11-30,2024-12-21,3,1483.7891845703125,7.303028,log,2024-11-30,2024-12-21,3
US,2024-11-30,2024-12-28,4,1511.83642578125,7.3217416,log,2024-11-30,2024-12-28,4
01,2024-12-07,2024-12-14,1,132.35382080078125,4.893006,log,2024-12-07,2024-12-14,1
01,2024-12-07,2024-12-21,2,186.3677520751953,5.233073,log,2024-12-07,2024-12-21,2
01,2024-12-07,2024-12-28,3,201.80247497558594,5.3122325,log,2024-12-07,2024-12-28,3
01,2024-12-07,2025-01-04,4,261.7704772949219,5.571281,log,2024-12-07,2025-01-04,4
02,2024-12-07,2024-12-14,1,23.1176700592041,3.1829448,log,2024-12-07,2024-12-14,1
02,2024-12-07,2024-12-21,2,29.594127655029297,3.420808,log,2024-12-07,2024-12-21,2
02,2024-12-07,2024-12-28,3,38.09695816040039,3.6660447,log,2024-12-07,2024-12-28,3
02,2024-12-07,2025-01-04,4,38.335548400878906,3.6721287,log,2024-12-07,2025-01-04,4
04,2024-12-07,2024-12-14,1,812.2036743164062,6.7009816,log,2024-12-07,2024-12-14,1
04,2024-12-07,2024-12-21,2,699.039306640625,6.5511365,log,2024-12-07,2024-12-21,2
04,2024-12-07,2024-12-28,3,666.2852783203125,6.5032177,log,2024-12-07,2024-12-28,3
04,2024-12-07,2025-01-04,4,592.216552734375,6.3855596,log,2024-12-07,2025-01-04,4
05,2024-12-07,2024-12-14,1,34.842899322509766,3.5791454,log,2024-12-07,2024-12-14,1
05,2024-12-07,2024-12-21,2,48.54014587402344,3.9027834,log,2024-12-07,2024-12-21,2
05,2024-12-07,2024-12-28,3,70.12667846679688,4.2644625,log,2024-12-07,2024-12-28,3
05,2024-12-07,2025-01-04,4,90.25145721435547,4.513619,log,2024-12-07,2025-01-04,4
06,2024-12-07,2024-12-14,1,1100.8626708984375,7.0047574,log,2024-12-07,2024-12-14,1
06,2024-12-07,2024-12-21,2,1191.3541259765625,7.083685,log,2024-12-07,2024-12-21,2
06,2024-12-07,2024-12-28,3,1346.5972900390625,7.2060785,log,2024-12-07,2024-12-28,3
06,2024-12-07,2025-01-04,4,1283.1400146484375,7.1578445,log,2024-12-07,2025-01-04,4
08,2024-12-07,2024-12-14,1,129.25100708007812,4.8694634,log,2024-12-07,2024-12-14,1
08,2024-12-07,2024-12-21,2,183.2924041748047,5.2165236,log,2024-12-07,2024-12-21,2
08,2024-12-07,2024-12-28,3,214.09205627441406,5.371066,log,2024-12-07,2024-12-28,3
08,2024-12-07,2025-01-04,4,302.4790344238281,5.7153125,log,2024-12-07,2025-01-04,4
09,2024-12-07,2024-12-14,1,23.572799682617188,3.2016401,log,2024-12-07,2024-12-14,1
09,2024-12-07,2024-12-21,2,38.712894439697266,3.681676,log,2024-12-07,2024-12-21,2
09,2024-12-07,2024-12-28,3,54.9691047668457,4.0248,log,2024-12-07,2024-12-28,3
09,2024-12-07,2025-01-04,4,82.59732818603516,4.4260116,log,2024-12-07,2025-01-04,4
10,2024-12-07,2024-12-14,1,16.76463508605957,2.8772097,log,2024-12-07,2024-12-14,1
10,2024-12-07,2024-12-21,2,24.15414810180664,3.2250228,log,2024-12-07,2024-12-21,2
10,2024-12-07,2024-12-28,3,36.669517517089844,3.6288512,log,2024-12-07,2024-12-28,3
10,2024-12-07,2025-01-04,4,35.95826721191406,3.6097894,log,2024-12-07,2025-01-04,4
11,2024-12-07,2024-12-14,1,4.531701564788818,1.7104955,log,2024-12-07,2024-12-14,1
11,2024-12-07,2024-12-21,2,6.027796268463135,1.9498732,log,2024-12-07,2024-12-21,2
11,2024-12-07,2024-12-28,3,12.388598442077637,2.5944035,log,2024-12-07,2024-12-28,3
11,2024-12-07,2025-01-04,4,19.501089096069336,3.020478,log,2024-12-07,2025-01-04,4
12,2024-12-07,2024-12-14,1,817.49560546875,6.707468,log,2024-12-07,2024-12-14,1
12,2024-12-07,2024-12-21,2,900.1939086914062,6.8037205,log,2024-12-07,2024-12-21,2
12,2024-12-07,2024-12-28,3,1005.6621704101562,6.9143953,log,2024-12-07,2024-12-28,3
12,2024-12-07,2025-01-04,4,1179.2376708984375,7.073471,log,2024-12-07,2025-01-04,4
13,2024-12-07,2024-12-14,1,112.2555923461914,4.729647,log,2024-12-07,2024-12-14,1
13,2024-12-07,2024-12-21,2,167.7888946533203,5.1286488,log,2024-12-07,2024-12-21,2
13,2024-12-07,2024-12-28,3,236.7877197265625,5.4713783,log,2024-12-07,2024-12-28,3
13,2024-12-07,2025-01-04,4,323.8067321777344,5.7832303,log,2024-12-07,2025-01-04,4
15,2024-12-07,2024-12-14,1,26.869197845458984,3.327522,log,2024-12-07,2024-12-14,1
15,2024-12-07,2024-12-21,2,36.42906188964844,3.6224475,log,2024-12-07,2024-12-21,2
15,2024-12-07,2024-12-28,3,51.74490737915039,3.9654672,log,2024-12-07,2024-12-28,3
15,2024-12-07,2025-01-04,4,59.72176742553711,4.1063023,log,2024-12-07,2025-01-04,4
16,2024-12-07,2024-12-14,1,100.18219757080078,4.616923,log,2024-12-07,2024-12-14,1
16,2024-12-07,2024-12-21,2,122.21566772460938,4.813936,log,2024-12-07,2024-12-21,2
16,2024-12-07,2024-12-28,3,102.62721252441406,4.6408,log,2024-12-07,2024-12-28,3
16,2024-12-07,2025-01-04,4,103.61975860595703,4.6503325,log,2024-12-07,2025-01-04,4
17,2024-12-07,2024-12-14,1,155.76622009277344,5.0547557,log,2024-12-07,2024-12-14,1
17,2024-12-07,2024-12-21,2,217.66342163085938,5.3875337,log,2024-12-07,2024-12-21,2
17,2024-12-07,2024-12-28,3,279.95916748046875,5.6382093,log,2024-12-07,2024-12-28,3
17,2024-12-07,2025-01-04,4,415.6873779296875,6.032336,log,2024-12-07,2025-01-04,4
18,2024-12-07,2024-12-14,1,91.8638687133789,4.5311346,log,2024-12-07,2024-12-14,1
18,2024-12-07,2024-12-21,2,129.03555297851562,4.867808,log,2024-12-07,2024-12-21,2
18,2024-12-07,2024-12-28,3,201.22828674316406,5.309397,log,2024-12-07,2024-12-28,3
18,2024-12-07,2025-01-04,4,243.2592010498047,5.49823,log,2024-12-07,2025-01-04,4
19,2024-12-07,2024-12-14,1,19.25523567199707,3.0084133,log,2024-12-07,2024-12-14,1
19,2024-12-07,2024-12-21,2,32.24626541137695,3.5039425,log,2024-12-07,2024-12-21,2
19,2024-12-07,2024-12-28,3,51.0064811706543,3.9513683,log,2024-12-07,2024-12-28,3
19,2024-12-07,2025-01-04,4,72.7811050415039,4.3011026,log,2024-12-07,2025-01-04,4
20,2024-12-07,2024-12-14,1,48.965240478515625,3.9113276,log,2024-12-07,2024-12-14,1
20,2024-12-07,2024-12-21,2,70.47785949707031,4.2693877,log,2024-12-07,2024-12-21,2
20,2024-12-07,2024-12-28,3,92.757568359375,4.5407124,log,2024-12-07,2024-12-28,3
20,2024-12-07,2025-01-04,4,132.85972595214844,4.8967924,log,2024-12-07,2025-01-04,4
21,2024-12-07,2024-12-14,1,68.63813781738281,4.2433124,log,2024-12-07,2024-12-14,1
21,2024-12-07,2024-12-21,2,87.00076293945312,4.4773455,log,2024-12-07,2024-12-21,2
21,2024-12-07,2024-12-28,3,142.8624725341797,4.968858,log,2024-12-07,2024-12-28,3
21,2024-12-07,2025-01-04,4,186.0506591796875,5.2313795,log,2024-12-07,2025-01-04,4
22,2024-12-07,2024-12-14,1,193.05677795410156,5.268151,log,2024-12-07,2024-12-14,1
22,2024-12-07,2024-12-21,2,241.59307861328125,5.4913855,log,2024-12-07,2024-12-21,2
22,2024-12-07,2024-12-28,3,267.67681884765625,5.593509,log,2024-12-07,2024-12-28,3
22,2024-12-07,2025-01-04,4,254.8491668701172,5.544588,log,2024-12-07,2025-01-04,4
23,2024-12-07,2024-12-14,1,4.352476119995117,1.6775593,log,2024-12-07,2024-12-14,1
23,2024-12-07,2024-12-21,2,5.823028087615967,1.9203033,log,2024-12-07,2024-12-21,2
23,2024-12-07,2024-12-28,3,11.080567359924316,2.4915981,log,2024-12-07,2024-12-28,3
23,2024-12-07,2025-01-04,4,19.576461791992188,3.0241477,log,2024-12-07,2025-01-04,4
24,2024-12-07,2024-12-14,1,58.14216613769531,4.079944,log,2024-12-07,2024-12-14,1
24,2024-12-07,2024-12-21,2,89.91464233398438,4.509921,log,2024-12-07,2024-12-21,2
24,2024-12-07,2024-12-28,3,178.08413696289062,5.1878557,log,2024-12-07,2024-12-28,3
24,2024-12-07,2025-01-04,4,267.374755859375,5.5923843,log,2024-12-07,2025-01-04,4
25,2024-12-07,2024-12-14,1,124.46717071533203,4.832044,log,2024-12-07,2024-12-14,1
25,2024-12-07,2024-12-21,2,177.3348388671875,5.183663,log,2024-12-07,2024-12-21,2
25,2024-12-07,2024-12-28,3,211.7467803955078,5.3601027,log,2024-12-07,2024-12-28,3
25,2024-12-07,2025-01-04,4,259.83575439453125,5.563891,log,2024-12-07,2025-01-04,4
26,2024-12-07,2024-12-14,1,120.70562744140625,4.801605,log,2024-12-07,2024-12-14,1
26,2024-12-07,2024-12-21,2,170.73666381835938,5.145962,log,2024-12-07,2024-12-21,2
26,2024-12-07,2024-12-28,3,237.72874450683594,5.475328,log,2024-12-07,2024-12-28,3
26,2024-12-07,2025-01-04,4,296.8445739746094,5.696572,log,2024-12-07,2025-01-04,4
27,2024-12-07,2024-12-14,1,43.41093063354492,3.7934856,log,2024-12-07,2024-12-14,1
27,2024-12-07,2024-12-21,2,78.4645767211914,4.3753114,log,2024-12-07,2024-12-21,2
27,2024-12-07,2024-12-28,3,119.96810913085938,4.795527,log,2024-12-07,2024-12-28,3
27,2024-12-07,2025-01-04,4,156.1941680908203,5.057482,log,2024-12-07,2025-01-04,4
28,2024-12-07,2024-12-14,1,47.25344467163086,3.8764672,log,2024-12-07,2024-12-14,1
28,2024-12-07,2024-12-21,2,51.31394577026367,3.957263,log,2024-12-07,2024-12-21,2
28,2024-12-07,2024-12-28,3,73.66362762451172,4.312993,log,2024-12-07,2024-12-28,3
28,2024-12-07,2025-01-04,4,96.68071746826172,4.581704,log,2024-12-07,2025-01-04,4
29,2024-12-07,2024-12-14,1,66.67520141601562,4.21472,log,2024-12-07,2024-12-14,1
29,2024-12-07,2024-12-21,2,77.6805191040039,4.3653955,log,2024-12-07,2024-12-21,2
29,2024-12-07,2024-12-28,3,114.7580795288086,4.7515025,log,2024-12-07,2024-12-28,3
29,2024-12-07,2025-01-04,4,157.61073303222656,5.066453,log,2024-12-07,2025-01-04,4
30,2024-12-07,2024-12-14,1,4.423816680908203,1.6907997,log,2024-12-07,2024-12-14,1
30,2024-12-07,2024-12-21,2,7.658801078796387,2.1585763,log,2024-12-07,2024-12-21,2
30,2024-12-07,2024-12-28,3,12.115154266357422,2.5737684,log,2024-12-07,2024-12-28,3
30,2024-12-07,2025-01-04,4,33.09929275512695,3.5292766,log,2024-12-07,2025-01-04,4
31,2024-12-07,2024-12-14,1,19.644390106201172,3.0274436,log,2024-12-07,2024-12-14,1
31,2024-12-07,2024-12-21,2,31.48134422302246,3.480666,log,2024-12-07,2024-12-21,2
31,2024-12-07,2024-12-28,3,46.476097106933594,3.8602264,log,2024-12-07,2024-12-28,3
31,2024-12-07,2025-01-04,4,72.22445678710938,4.2935295,log,2024-12-07,2025-01-04,4
32,2024-12-07,2024-12-14,1,108.49950408935547,4.69592,log,2024-12-07,2024-12-14,1
32,2024-12-07,2024-12-21,2,147.88465881347656,5.003172,log,2024-12-07,2024-12-21,2
32,2024-12-07,2024-12-28,3,163.91766357421875,5.1054463,log,2024-12-07,2024-12-28,3
32,2024-12-07,2025-01-04,4,138.6649932861328,4.9392467,log,2024-12-07,2025-01-04,4
33,2024-12-07,2024-12-14,1,22.6669921875,3.1640813,log,2024-12-07,2024-12-14,1
33,2024-12-07,2024-12-21,2,30.693328857421875,3.4561062,log,2024-12-07,2024-12-21,2
33,2024-12-07,2024-12-28,3,42.75086975097656,3.7785115,log,2024-12-07,2024-12-28,3
33,2024-12-07,2025-01-04,4,49.60707092285156,3.9240913,log,2024-12-07,2025-01-04,4
34,2024-12-07,2024-12-14,1,135.22171020507812,4.9142838,log,2024-12-07,2024-12-14,1
34,2024-12-07,2024-12-21,2,215.77273559570312,5.3788495,log,2024-12-07,2024-12-21,2
34,2024-12-07,2024-12-28,3,275.05450439453125,5.6205983,log,2024-12-07,2024-12-28,3
34,2024-12-07,2025-01-04,4,423.2189025878906,6.0502496,log,2024-12-07,2025-01-04,4
35,2024-12-07,2024-12-14,1,135.328857421875,4.91507,log,2024-12-07,2024-12-14,1
35,2024-12-07,2024-12-21,2,137.6366729736328,4.9318566,log,2024-12-07,2024-12-21,2
35,2024-12-07,2024-12-28,3,166.07440185546875,5.118439,log,2024-12-07,2024-12-28,3
35,2024-12-07,2025-01-04,4,150.4989013671875,5.0205784,log,2024-12-07,2025-01-04,4
36,2024-12-07,2024-12-14,1,311.7847900390625,5.7455153,log,2024-12-07,2024-12-14,1
36,2024-12-07,2024-12-21,2,456.1017761230469,6.124906,log,2024-12-07,2024-12-21,2
36,2024-12-07,2024-12-28,3,607.7719116210938,6.4114437,log,2024-12-07,2024-12-28,3
36,2024-12-07,2025-01-04,4,542.4228515625,6.297888,log,2024-12-07,2025-01-04,4
37,2024-12-07,2024-12-14,1,93.07148742675781,4.544055,log,2024-12-07,2024-12-14,1
37,2024-12-07,2024-12-21,2,128.90199279785156,4.8667803,log,2024-12-07,2024-12-21,2
37,2024-12-07,2024-12-28,3,188.34356689453125,5.243563,log,2024-12-07,2024-12-28,3
37,2024-12-07,2025-01-04,4,272.3797302246094,5.610862,log,2024-12-07,2025-01-04,4
38,2024-12-07,2024-12-14,1,3.7581050395965576,1.5598495,log,2024-12-07,2024-12-14,1
38,2024-12-07,2024-12-21,2,6.202787399291992,1.9744681,log,2024-12-07,2024-12-21,2
38,2024-12-07,2024-12-28,3,10.468222618103027,2.43958,log,2024-12-07,2024-12-28,3
38,2024-12-07,2025-01-04,4,25.223711013793945,3.266664,log,2024-12-07,2025-01-04,4
39,2024-12-07,2024-12-14,1,131.8887176513672,4.889512,log,2024-12-07,2024-12-14,1
39,2024-12-07,2024-12-21,2,205.57887268066406,5.3306823,log,2024-12-07,2024-12-21,2
39,2024-12-07,2024-12-28,3,228.11972045898438,5.4342446,log,2024-12-07,2024-12-28,3
39,2024-12-07,2025-01-04,4,311.9176940917969,5.74594,log,2024-12-07,2025-01-04,4
40,2024-12-07,2024-12-14,1,50.42609405517578,3.9401457,log,2024-12-07,2024-12-14,1
40,2024-12-07,2024-12-21,2,81.3061752319336,4.410446,log,2024-12-07,2024-12-21,2
40,2024-12-07,2024-12-28,3,113.63553619384766,4.741758,log,2024-12-07,2024-12-28,3
40,2024-12-07,2025-01-04,4,171.4014129638672,5.1498256,log,2024-12-07,2025-01-04,4
41,2024-12-07,2024-12-14,1,139.44589233398438,4.9448223,log,2024-12-07,2024-12-14,1
41,2024-12-07,2024-12-21,2,172.21603393554688,5.1545396,log,2024-12-07,2024-12-21,2
41,2024-12-07,2024-12-28,3,187.93231201171875,5.241389,log,2024-12-07,2024-12-28,3
41,2024-12-07,2025-01-04,4,180.8553009033203,5.2032113,log,2024-12-07,2025-01-04,4
42,2024-12-07,2024-12-14,1,204.6836395263672,5.3263392,log,2024-12-07,2024-12-14,1
42,2024-12-07,2024-12-21,2,284.4681396484375,5.6541305,log,2024-12-07,2024-12-21,2
42,2024-12-07,2024-12-28,3,496.2050476074219,6.2090025,log,2024-12-07,2024-12-28,3
42,2024-12-07,2025-01-04,4,536.7247924804688,6.287347,log,2024-12-07,2025-01-04,4
44,2024-12-07,2024-12-14,1,12.137928009033203,2.5755033,log,2024-12-07,2024-12-14,1
44,2024-12-07,2024-12-21,2,19.548673629760742,3.0227964,log,2024-12-07,2024-12-21,2
44,2024-12-07,2024-12-28,3,27.313783645629883,3.3433487,log,2024-12-07,2024-12-28,3
44,2024-12-07,2025-01-04,4,32.04326629638672,3.4978178,log,2024-12-07,2025-01-04,4
45,2024-12-07,2024-12-14,1,48.815391540527344,3.908324,log,2024-12-07,2024-12-14,1
45,2024-12-07,2024-12-21,2,71.6986312866211,4.2863226,log,2024-12-07,2024-12-21,2
45,2024-12-07,2024-12-28,3,113.16629791259766,4.737656,log,2024-12-07,2024-12-28,3
45,2024-12-07,2025-01-04,4,171.1088409423828,5.148127,log,2024-12-07,2025-01-04,4
46,2024-12-07,2024-12-14,1,3.9187099933624268,1.5930463,log,2024-12-07,2024-12-14,1
46,2024-12-07,2024-12-21,2,6.204129695892334,1.9746544,log,2024-12-07,2024-12-21,2
46,2024-12-07,2024-12-28,3,10.172445297241211,2.4134505,log,2024-12-07,2024-12-28,3
46,2024-12-07,2025-01-04,4,17.68436622619629,2.9276872,log,2024-12-07,2025-01-04,4
47,2024-12-07,2024-12-14,1,95.79668426513672,4.572613,log,2024-12-07,2024-12-14,1
47,2024-12-07,2024-12-21,2,106.67666625976562,4.679133,log,2024-12-07,2024-12-21,2
47,2024-12-07,2024-12-28,3,140.43360900878906,4.9518304,log,2024-12-07,2024-12-28,3
47,2024-12-07,2025-01-04,4,166.43455505371094,5.1205926,log,2024-12-07,2025-01-04,4
48,2024-12-07,2024-12-14,1,690.608154296875,6.5390196,log,2024-12-07,2024-12-14,1
48,2024-12-07,2024-12-21,2,798.3869018554688,6.683845,log,2024-12-07,2024-12-21,2
48,2024-12-07,2024-12-28,3,894.4121704101562,6.797284,log,2024-12-07,2024-12-28,3
48,2024-12-07,2025-01-04,4,778.0545654296875,6.658081,log,2024-12-07,2025-01-04,4
49,2024-12-07,2024-12-14,1,53.968360900878906,4.0067577,log,2024-12-07,2024-12-14,1
49,2024-12-07,2024-12-21,2,88.80289459228516,4.4976172,log,2024-12-07,2024-12-21,2
49,2024-12-07,2024-12-28,3,89.14289855957031,4.501396,log,2024-12-07,2024-12-28,3
49,2024-12-07,2025-01-04,4,111.05078125,4.718952,log,2024-12-07,2025-01-04,4
50,2024-12-07,2024-12-14,1,2.095780372619629,1.13004,log,2024-12-07,2024-12-14,1
50,2024-12-07,2024-12-21,2,3.2707414627075195,1.4517875,log,2024-12-07,2024-12-21,2
50,2024-12-07,2024-12-28,3,5.725061893463135,1.9058411,log,2024-12-07,2024-12-28,3
50,2024-12-07,2025-01-04,4,13.4806489944458,2.6728132,log,2024-12-07,2025-01-04,4
51,2024-12-07,2024-12-14,1,92.53389739990234,4.538324,log,2024-12-07,2024-12-14,1
51,2024-12-07,2024-12-21,2,121.42766571044922,4.8075204,log,2024-12-07,2024-12-21,2
51,2024-12-07,2024-12-28,3,231.577392578125,5.449223,log,2024-12-07,2024-12-28,3
51,2024-12-07,2025-01-04,4,248.89788818359375,5.5210524,log,2024-12-07,2025-01-04,4
53,2024-12-07,2024-12-14,1,111.597900390625,4.723823,log,2024-12-07,2024-12-14,1
53,2024-12-07,2024-12-21,2,168.07098388671875,5.1303186,log,2024-12-07,2024-12-21,2
53,2024-12-07,2024-12-28,3,211.60348510742188,5.359429,log,2024-12-07,2024-12-28,3
53,2024-12-07,2025-01-04,4,278.052001953125,5.631398,log,2024-12-07,2025-01-04,4
54,2024-12-07,2024-12-14,1,15.072318077087402,2.7770984,log,2024-12-07,2024-12-14,1
54,2024-12-07,2024-12-21,2,28.441774368286133,3.3824146,log,2024-12-07,2024-12-21,2
54,2024-12-07,2024-12-28,3,43.35614776611328,3.7922513,log,2024-12-07,2024-12-28,3
54,2024-12-07,2025-01-04,4,49.38910675048828,3.919775,log,2024-12-07,2025-01-04,4
55,2024-12-07,2024-12-14,1,31.6169490814209,3.484832,log,2024-12-07,2024-12-14,1
55,2024-12-07,2024-12-21,2,46.827003479003906,3.8675904,log,2024-12-07,2024-12-21,2
55,2024-12-07,2024-12-28,3,78.76608276367188,4.3790984,log,2024-12-07,2024-12-28,3
55,2024-12-07,2025-01-04,4,119.01826477050781,4.787644,log,2024-12-07,2025-01-04,4
56,2024-12-07,2024-12-14,1,7.8294477462768555,2.1780925,log,2024-12-07,2024-12-14,1
56,2024-12-07,2024-12-21,2,11.465067863464355,2.5229301,log,2024-12-07,2024-12-21,2
56,2024-12-07,2024-12-28,3,17.534385681152344,2.9196277,log,2024-12-07,2024-12-28,3
56,2024-12-07,2025-01-04,4,19.89589500427246,3.0395527,log,2024-12-07,2025-01-04,4
72,2024-12-07,2024-12-14,1,485.5289306640625,6.1872964,log,2024-12-07,2024-12-14,1
72,2024-12-07,2024-12-21,2,330.7695007324219,5.8044405,log,2024-12-07,2024-12-21,2
72,2024-12-07,2024-12-28,3,212.5041961669922,5.3636565,log,2024-12-07,2024-12-28,3
72,2024-12-07,2025-01-04,4,186.54330444335938,5.2340097,log,2024-12-07,2025-01-04,4
US,2024-12-07,2024-12-14,1,1955.1,7.28786,log,2024-12-07,2024-12-14,1
US,2024-12-07,2024-12-21,2,1389.3719482421875,7.2373266,log,2024-12-07,2024-12-21,2
US,2024-12-07,2024-12-28,3,1626.4810791015625,7.3947887,log,2024-12-07,2024-12-28,3
US,2024-12-07,2025-01-04,4,1525.54736328125,7.330764,log,2024-12-07,2025-01-04,4
01,2024-12-14,2024-12-21,1,255.90773010253906,5.548717,log,2024-12-14,2024-12-21,1
01,2024-12-14,2024-12-28,2,341.3774108886719,5.8359137,log,2024-12-14,2024-12-28,2
01,2024-12-14,2025-01-04,3,381.9294128417969,5.9478507,log,2024-12-14,2025-01-04,3
01,2024-12-14,2025-01-11,4,235.68104553222656,5.4667134,log,2024-12-14,2025-01-11,4
02,2024-12-14,2024-12-21,1,32.960235595703125,3.5251904,log,2024-12-14,2024-12-21,1
02,2024-12-14,2024-12-28,2,37.86337661743164,3.6600523,log,2024-12-14,2024-12-28,2
02,2024-12-14,2025-01-04,3,36.281497955322266,3.6184971,log,2024-12-14,2025-01-04,3
02,2024-12-14,2025-01-11,4,30.838802337646484,3.4606857,log,2024-12-14,2025-01-11,4
04,2024-12-14,2024-12-21,1,1034.8394775390625,6.9429674,log,2024-12-14,2024-12-21,1
04,2024-12-14,2024-12-28,2,995.9715576171875,6.904722,log,2024-12-14,2024-12-28,2
04,2024-12-14,2025-01-04,3,771.9915161132812,6.650268,log,2024-12-14,2025-01-04,3
04,2024-12-14,2025-01-11,4,717.020751953125,6.5764985,log,2024-12-14,2025-01-11,4
05,2024-12-14,2024-12-21,1,64.00162506103516,4.1744123,log,2024-12-14,2024-12-21,1
05,2024-12-14,2024-12-28,2,103.57208251953125,4.6498766,log,2024-12-14,2024-12-28,2
05,2024-12-14,2025-01-04,3,159.7679901123047,5.0799623,log,2024-12-14,2025-01-04,3
05,2024-12-14,2025-01-11,4,107.66493225097656,4.688269,log,2024-12-14,2025-01-11,4
06,2024-12-14,2024-12-21,1,1475.635009765625,7.297521,log,2024-12-14,2024-12-21,1
06,2024-12-14,2024-12-28,2,1684.3909912109375,7.429753,log,2024-12-14,2024-12-28,2
06,2024-12-14,2025-01-04,3,1462.6702880859375,7.2887025,log,2024-12-14,2025-01-04,3
06,2024-12-14,2025-01-11,4,1047.6510009765625,6.95526,log,2024-12-14,2025-01-11,4
08,2024-12-14,2024-12-21,1,176.01588439941406,5.1762395,log,2024-12-14,2024-12-21,1
08,2024-12-14,2024-12-28,2,259.11846923828125,5.561137,log,2024-12-14,2024-12-28,2
08,2024-12-14,2025-01-04,3,372.0396728515625,5.9216847,log,2024-12-14,2025-01-04,3
08,2024-12-14,2025-01-11,4,284.59844970703125,5.654587,log,2024-12-14,2025-01-11,4
09,2024-12-14,2024-12-21,1,34.188270568847656,3.5607128,log,2024-12-14,2024-12-21,1
09,2024-12-14,2024-12-28,2,56.02555465698242,4.0434995,log,2024-12-14,2024-12-28,2
09,2024-12-14,2025-01-04,3,88.83600616455078,4.497986,log,2024-12-14,2025-01-04,3
09,2024-12-14,2025-01-11,4,77.7757568359375,4.3666053,log,2024-12-14,2025-01-11,4
10,2024-12-14,2024-12-21,1,23.296682357788086,3.1903398,log,2024-12-14,2024-12-21,1
10,2024-12-14,2024-12-28,2,38.775150299072266,3.6832423,log,2024-12-14,2024-12-28,2
10,2024-12-14,2025-01-04,3,45.30044937133789,3.8351517,log,2024-12-14,2025-01-04,3
10,2024-12-14,2025-01-11,4,36.47806167602539,3.6237557,log,2024-12-14,2025-01-11,4
11,2024-12-14,2024-12-21,1,7.980957508087158,2.1951065,log,2024-12-14,2024-12-21,1
11,2024-12-14,2024-12-28,2,14.57815933227539,2.7458699,log,2024-12-14,2024-12-28,2
11,2024-12-14,2025-01-04,3,22.57204818725586,3.1600616,log,2024-12-14,2025-01-04,3
11,2024-12-14,2025-01-11,4,23.462169647216797,3.1971278,log,2024-12-14,2025-01-11,4
12,2024-12-14,2024-12-21,1,1106.5892333984375,7.009941,log,2024-12-14,2024-12-21,1
12,2024-12-14,2024-12-28,2,1240.123291015625,7.123772,log,2024-12-14,2024-12-28,2
12,2024-12-14,2025-01-04,3,1190.157958984375,7.082681,log,2024-12-14,2025-01-04,3
12,2024-12-14,2025-01-11,4,1122.5103759765625,7.0242133,log,2024-12-14,2025-01-11,4
13,2024-12-14,2024-12-21,1,271.63470458984375,5.608133,log,2024-12-14,2024-12-21,1
13,2024-12-14,2024-12-28,2,357.15118408203125,5.880955,log,2024-12-14,2024-12-28,2
13,2024-12-14,2025-01-04,3,499.4859313964844,6.2155795,log,2024-12-14,2025-01-04,3
13,2024-12-14,2025-01-11,4,348.73321533203125,5.8571706,log,2024-12-14,2025-01-11,4
15,2024-12-14,2024-12-21,1,43.80073928833008,3.8022246,log,2024-12-14,2024-12-21,1
15,2024-12-14,2024-12-28,2,60.847633361816406,4.124674,log,2024-12-14,2024-12-28,2
15,2024-12-14,2025-01-04,3,80.18205261230469,4.396694,log,2024-12-14,2025-01-04,3
15,2024-12-14,2025-01-11,4,62.265357971191406,4.147338,log,2024-12-14,2025-01-11,4
16,2024-12-14,2024-12-21,1,169.03665161132812,5.136014,log,2024-12-14,2024-12-21,1
16,2024-12-14,2024-12-28,2,181.9525146484375,5.2092266,log,2024-12-14,2024-12-28,2
16,2024-12-14,2025-01-04,3,179.76820373535156,5.1972156,log,2024-12-14,2025-01-04,3
16,2024-12-14,2025-01-11,4,118.35504150390625,4.7821026,log,2024-12-14,2025-01-11,4
17,2024-12-14,2024-12-21,1,328.8389587402344,5.7986045,log,2024-12-14,2024-12-21,1
17,2024-12-14,2024-12-28,2,421.4640808105469,6.0461044,log,2024-12-14,2024-12-28,2
17,2024-12-14,2025-01-04,3,626.3977661132812,6.441581,log,2024-12-14,2025-01-04,3
17,2024-12-14,2025-01-11,4,477.9350891113281,6.171565,log,2024-12-14,2025-01-11,4
18,2024-12-14,2024-12-21,1,204.61627197265625,5.3260117,log,2024-12-14,2024-12-21,1
18,2024-12-14,2024-12-28,2,265.2652893066406,5.584493,log,2024-12-14,2024-12-28,2
18,2024-12-14,2025-01-04,3,415.1972961425781,6.0311594,log,2024-12-14,2025-01-04,3
18,2024-12-14,2025-01-11,4,236.5854034423828,5.470527,log,2024-12-14,2025-01-11,4
19,2024-12-14,2024-12-21,1,31.370498657226562,3.4772475,log,2024-12-14,2024-12-21,1
19,2024-12-14,2024-12-28,2,56.47494888305664,4.051349,log,2024-12-14,2024-12-28,2
19,2024-12-14,2025-01-04,3,72.72602844238281,4.300356,log,2024-12-14,2025-01-04,3
19,2024-12-14,2025-01-11,4,73.498291015625,4.310776,log,2024-12-14,2025-01-11,4
20,2024-12-14,2024-12-21,1,120.45726013183594,4.7995625,log,2024-12-14,2024-12-21,1
20,2024-12-14,2024-12-28,2,178.43014526367188,5.189786,log,2024-12-14,2024-12-28,2
20,2024-12-14,2025-01-04,3,181.94265747070312,5.2091727,log,2024-12-14,2025-01-04,3
20,2024-12-14,2025-01-11,4,126.03799438476562,4.844486,log,2024-12-14,2025-01-11,4
21,2024-12-14,2024-12-21,1,130.59140014648438,4.8797016,log,2024-12-14,2024-12-21,1
21,2024-12-14,2024-12-28,2,175.65187072753906,5.174181,log,2024-12-14,2024-12-28,2
21,2024-12-14,2025-01-04,3,209.9039306640625,5.3514028,log,2024-12-14,2025-01-04,3
21,2024-12-14,2025-01-11,4,175.85372924804688,5.175323,log,2024-12-14,2025-01-11,4
22,2024-12-14,2024-12-21,1,317.0461730957031,5.7621965,log,2024-12-14,2024-12-21,1
22,2024-12-14,2024-12-28,2,433.20111083984375,6.073508,log,2024-12-14,2024-12-28,2
22,2024-12-14,2025-01-04,3,367.60888671875,5.909736,log,2024-12-14,2025-01-04,3
22,2024-12-14,2025-01-11,4,274.7708435058594,5.6195703,log,2024-12-14,2025-01-11,4
23,2024-12-14,2024-12-21,1,4.671968936920166,1.7355363,log,2024-12-14,2024-12-21,1
23,2024-12-14,2024-12-28,2,8.277423858642578,2.227584,log,2024-12-14,2024-12-28,2
23,2024-12-14,2025-01-04,3,16.20674705505371,2.8453016,log,2024-12-14,2025-01-04,3
23,2024-12-14,2025-01-11,4,22.1115665435791,3.1403332,log,2024-12-14,2025-01-11,4
24,2024-12-14,2024-12-21,1,124.42302703857422,4.831692,log,2024-12-14,2024-12-21,1
24,2024-12-14,2024-12-28,2,189.4414520263672,5.249345,log,2024-12-14,2024-12-28,2
24,2024-12-14,2025-01-04,3,252.0923309326172,5.5337543,log,2024-12-14,2025-01-04,3
24,2024-12-14,2025-01-11,4,201.62820434570312,5.3113728,log,2024-12-14,2025-01-11,4
25,2024-12-14,2024-12-21,1,183.71725463867188,5.2188263,log,2024-12-14,2024-12-21,1
25,2024-12-14,2024-12-28,2,285.98309326171875,5.6594234,log,2024-12-14,2024-12-28,2
25,2024-12-14,2025-01-04,3,429.0206604003906,6.063833,log,2024-12-14,2025-01-04,3
25,2024-12-14,2025-01-11,4,287.33349609375,5.664118,log,2024-12-14,2025-01-11,4
26,2024-12-14,2024-12-21,1,247.60287475585938,5.5158567,log,2024-12-14,2024-12-21,1
26,2024-12-14,2024-12-28,2,346.28070068359375,5.8501334,log,2024-12-14,2024-12-28,2
26,2024-12-14,2025-01-04,3,520.704345703125,6.257101,log,2024-12-14,2025-01-04,3
26,2024-12-14,2025-01-11,4,405.5368957519531,6.0076747,log,2024-12-14,2025-01-11,4
27,2024-12-14,2024-12-21,1,120.31661224365234,4.7984037,log,2024-12-14,2024-12-21,1
27,2024-12-14,2024-12-28,2,201.2456512451172,5.309483,log,2024-12-14,2024-12-28,2
27,2024-12-14,2025-01-04,3,282.79144287109375,5.6482396,log,2024-12-14,2025-01-04,3
27,2024-12-14,2025-01-11,4,238.92129516601562,5.480311,log,2024-12-14,2025-01-11,4
28,2024-12-14,2024-12-21,1,87.24443817138672,4.4801106,log,2024-12-14,2024-12-21,1
28,2024-12-14,2024-12-28,2,129.71884155273438,4.873049,log,2024-12-14,2024-12-28,2
28,2024-12-14,2025-01-04,3,178.54559326171875,5.190429,log,2024-12-14,2025-01-04,3
28,2024-12-14,2025-01-11,4,131.4481658935547,4.8861914,log,2024-12-14,2025-01-11,4
29,2024-12-14,2024-12-21,1,140.17486572265625,4.9499993,log,2024-12-14,2024-12-21,1
29,2024-12-14,2024-12-28,2,206.4707794189453,5.3349905,log,2024-12-14,2024-12-28,2
29,2024-12-14,2025-01-04,3,225.60928344726562,5.4232273,log,2024-12-14,2025-01-04,3
29,2024-12-14,2025-01-11,4,178.1232452392578,5.188074,log,2024-12-14,2025-01-11,4
30,2024-12-14,2024-12-21,1,8.928142547607422,2.2953734,log,2024-12-14,2024-12-21,1
30,2024-12-14,2024-12-28,2,19.832490921020508,3.0365138,log,2024-12-14,2024-12-28,2
30,2024-12-14,2025-01-04,3,34.60260009765625,3.5724187,log,2024-12-14,2025-01-04,3
30,2024-12-14,2025-01-11,4,32.11336898803711,3.499937,log,2024-12-14,2025-01-11,4
31,2024-12-14,2024-12-21,1,25.225250244140625,3.2667227,log,2024-12-14,2024-12-21,1
31,2024-12-14,2024-12-28,2,42.661651611328125,3.7764702,log,2024-12-14,2024-12-28,2
31,2024-12-14,2025-01-04,3,50.7028923034668,3.9455137,log,2024-12-14,2025-01-04,3
31,2024-12-14,2025-01-11,4,46.88819885253906,3.868869,log,2024-12-14,2025-01-11,4
32,2024-12-14,2024-12-21,1,171.1468505859375,5.148348,log,2024-12-14,2024-12-21,1
32,2024-12-14,2024-12-28,2,212.6460723876953,5.3643208,log,2024-12-14,2024-12-28,2
32,2024-12-14,2025-01-04,3,189.51275634765625,5.249719,log,2024-12-14,2025-01-04,3
32,2024-12-14,2025-01-11,4,153.86598205566406,5.04256,log,2024-12-14,2025-01-11,4
33,2024-12-14,2024-12-21,1,28.12046241760254,3.3714411,log,2024-12-14,2024-12-21,1
33,2024-12-14,2024-12-28,2,45.953067779541016,3.8491485,log,2024-12-14,2024-12-28,2
33,2024-12-14,2025-01-04,3,53.846927642822266,4.004546,log,2024-12-14,2025-01-04,3
33,2024-12-14,2025-01-11,4,37.85725021362305,3.6598947,log,2024-12-14,2025-01-11,4
34,2024-12-14,2024-12-21,1,246.5879669189453,5.511766,log,2024-12-14,2024-12-21,1
34,2024-12-14,2024-12-28,2,397.4342956542969,5.9875426,log,2024-12-14,2024-12-28,2
34,2024-12-14,2025-01-04,3,557.5689086914062,6.325378,log,2024-12-14,2025-01-04,3
34,2024-12-14,2025-01-11,4,394.86505126953125,5.9810734,log,2024-12-14,2025-01-11,4
35,2024-12-14,2024-12-21,1,153.3728790283203,5.039371,log,2024-12-14,2024-12-21,1
35,2024-12-14,2024-12-28,2,202.88865661621094,5.317574,log,2024-12-14,2024-12-28,2
35,2024-12-14,2025-01-04,3,160.3588104248047,5.0836306,log,2024-12-14,2025-01-04,3
35,2024-12-14,2025-01-11,4,146.60238647460938,4.994522,log,2024-12-14,2025-01-11,4
36,2024-12-14,2024-12-21,1,563.0113525390625,6.3350744,log,2024-12-14,2024-12-21,1
36,2024-12-14,2024-12-28,2,690.9805908203125,6.539558,log,2024-12-14,2024-12-28,2
36,2024-12-14,2025-01-04,3,745.2006225585938,6.6149945,log,2024-12-14,2025-01-04,3
36,2024-12-14,2025-01-11,4,570.1190185546875,6.3475976,log,2024-12-14,2025-01-11,4
37,2024-12-14,2024-12-21,1,236.48391723632812,5.4701,log,2024-12-14,2024-12-21,1
37,2024-12-14,2024-12-28,2,302.9457702636719,5.7168493,log,2024-12-14,2024-12-28,2
37,2024-12-14,2025-01-04,3,442.1083679199219,6.0938144,log,2024-12-14,2025-01-04,3
37,2024-12-14,2025-01-11,4,317.14703369140625,5.7625136,log,2024-12-14,2025-01-11,4
38,2024-12-14,2024-12-21,1,5.70836877822876,1.9033558,log,2024-12-14,2024-12-21,1
38,2024-12-14,2024-12-28,2,11.469978332519531,2.523324,log,2024-12-14,2024-12-28,2
38,2024-12-14,2025-01-04,3,18.27389144897461,2.9587514,log,2024-12-14,2025-01-04,3
38,2024-12-14,2025-01-11,4,20.15029525756836,3.0516539,log,2024-12-14,2025-01-11,4
39,2024-12-14,2024-12-21,1,211.3843231201172,5.3583975,log,2024-12-14,2024-12-21,1
39,2024-12-14,2024-12-28,2,311.520751953125,5.744671,log,2024-12-14,2024-12-28,2
39,2024-12-14,2025-01-04,3,359.5999755859375,5.887769,log,2024-12-14,2025-01-04,3
39,2024-12-14,2025-01-11,4,329.1895446777344,5.799667,log,2024-12-14,2025-01-11,4
40,2024-12-14,2024-12-21,1,80.38763427734375,4.3992233,log,2024-12-14,2024-12-21,1
40,2024-12-14,2024-12-28,2,125.73577880859375,4.8421044,log,2024-12-14,2024-12-28,2
40,2024-12-14,2025-01-04,3,190.23751831054688,5.253516,log,2024-12-14,2025-01-04,3
40,2024-12-14,2025-01-11,4,151.08511352539062,5.0244403,log,2024-12-14,2025-01-11,4
41,2024-12-14,2024-12-21,1,312.7862548828125,5.748712,log,2024-12-14,2024-12-21,1
41,2024-12-14,2024-12-28,2,331.7349853515625,5.8073463,log,2024-12-14,2024-12-28,2
41,2024-12-14,2025-01-04,3,296.2372131347656,5.6945305,log,2024-12-14,2025-01-04,3
41,2024-12-14,2025-01-11,4,175.9915008544922,5.1761017,log,2024-12-14,2025-01-11,4
42,2024-12-14,2024-12-21,1,378.48883056640625,5.938825,log,2024-12-14,2024-12-21,1
42,2024-12-14,2024-12-28,2,560.6177978515625,6.3308215,log,2024-12-14,2024-12-28,2
42,2024-12-14,2025-01-04,3,639.3580932617188,6.4620275,log,2024-12-14,2025-01-04,3
42,2024-12-14,2025-01-11,4,516.961669921875,6.2499013,log,2024-12-14,2025-01-11,4
44,2024-12-14,2024-12-21,1,30.609466552734375,3.4534566,log,2024-12-14,2024-12-21,1
44,2024-12-14,2024-12-28,2,50.979740142822266,3.950854,log,2024-12-14,2024-12-28,2
44,2024-12-14,2025-01-04,3,59.05868148803711,4.095322,log,2024-12-14,2025-01-04,3
44,2024-12-14,2025-01-11,4,36.668365478515625,3.6288207,log,2024-12-14,2025-01-11,4
45,2024-12-14,2024-12-21,1,124.12625885009766,4.8293233,log,2024-12-14,2024-12-21,1
45,2024-12-14,2024-12-28,2,181.89320373535156,5.2089024,log,2024-12-14,2024-12-28,2
45,2024-12-14,2025-01-04,3,220.548583984375,5.400642,log,2024-12-14,2025-01-04,3
45,2024-12-14,2025-01-11,4,173.18743896484375,5.160132,log,2024-12-14,2025-01-11,4
46,2024-12-14,2024-12-21,1,9.858565330505371,2.3849542,log,2024-12-14,2024-12-21,1
46,2024-12-14,2024-12-28,2,19.23825454711914,3.0075746,log,2024-12-14,2024-12-28,2
46,2024-12-14,2025-01-04,3,30.226646423339844,3.4412718,log,2024-12-14,2025-01-04,3
46,2024-12-14,2025-01-11,4,31.20345687866211,3.4720738,log,2024-12-14,2025-01-11,4
47,2024-12-14,2024-12-21,1,286.340087890625,5.6606665,log,2024-12-14,2024-12-21,1
47,2024-12-14,2024-12-28,2,404.4966735839844,6.0051126,log,2024-12-14,2024-12-28,2
47,2024-12-14,2025-01-04,3,446.423095703125,6.1035047,log,2024-12-14,2025-01-04,3
47,2024-12-14,2025-01-11,4,278.5074462890625,5.633029,log,2024-12-14,2025-01-11,4
48,2024-12-14,2024-12-21,1,823.02587890625,6.714202,log,2024-12-14,2024-12-21,1
48,2024-12-14,2024-12-28,2,973.9741821289062,6.882411,log,2024-12-14,2024-12-28,2
48,2024-12-14,2025-01-04,3,1035.8895263671875,6.9439807,log,2024-12-14,2025-01-04,3
48,2024-12-14,2025-01-11,4,824.9006958007812,6.7164745,log,2024-12-14,2025-01-11,4
49,2024-12-14,2024-12-21,1,125.91151428222656,4.84349,log,2024-12-14,2024-12-21,1
49,2024-12-14,2024-12-28,2,159.46653747558594,5.0780854,log,2024-12-14,2024-12-28,2
49,2024-12-14,2025-01-04,3,168.3749542236328,5.132115,log,2024-12-14,2025-01-04,3
49,2024-12-14,2025-01-11,4,117.59156036376953,4.7756853,log,2024-12-14,2025-01-11,4
50,2024-12-14,2024-12-21,1,8.095836639404297,2.2078168,log,2024-12-14,2024-12-21,1
50,2024-12-14,2024-12-28,2,16.012245178222656,2.8339334,log,2024-12-14,2024-12-28,2
50,2024-12-14,2025-01-04,3,24.759300231933594,3.2487957,log,2024-12-14,2025-01-04,3
50,2024-12-14,2025-01-11,4,20.90097999572754,3.0865314,log,2024-12-14,2025-01-11,4
51,2024-12-14,2024-12-21,1,202.51808166503906,5.315755,log,2024-12-14,2024-12-21,1
51,2024-12-14,2024-12-28,2,274.1935119628906,5.6174746,log,2024-12-14,2024-12-28,2
51,2024-12-14,2025-01-04,3,412.02203369140625,6.023501,log,2024-12-14,2025-01-04,3
51,2024-12-14,2025-01-11,4,270.8191223144531,5.605137,log,2024-12-14,2025-01-11,4
53,2024-12-14,2024-12-21,1,234.1082000732422,5.460046,log,2024-12-14,2024-12-21,1
53,2024-12-14,2024-12-28,2,330.4956359863281,5.8036146,log,2024-12-14,2024-12-28,2
53,2024-12-14,2025-01-04,3,406.3901672363281,6.0097713,log,2024-12-14,2025-01-04,3
53,2024-12-14,2025-01-11,4,246.4547119140625,5.5112276,log,2024-12-14,2025-01-11,4
54,2024-12-14,2024-12-21,1,30.551347732543945,3.4516163,log,2024-12-14,2024-12-21,1
54,2024-12-14,2024-12-28,2,51.963401794433594,3.9696012,log,2024-12-14,2024-12-28,2
54,2024-12-14,2025-01-04,3,66.07878112792969,4.205868,log,2024-12-14,2025-01-04,3
54,2024-12-14,2025-01-11,4,54.15206527709961,4.010094,log,2024-12-14,2025-01-11,4
55,2024-12-14,2024-12-21,1,89.78225708007812,4.508464,log,2024-12-14,2024-12-21,1
55,2024-12-14,2024-12-28,2,163.9919891357422,5.105897,log,2024-12-14,2024-12-28,2
55,2024-12-14,2025-01-04,3,223.1346893310547,5.412247,log,2024-12-14,2025-01-04,3
55,2024-12-14,2025-01-11,4,147.59317016601562,5.001212,log,2024-12-14,2025-01-11,4
56,2024-12-14,2024-12-21,1,30.4167423248291,3.447341,log,2024-12-14,2024-12-21,1
56,2024-12-14,2024-12-28,2,37.43512725830078,3.6489718,log,2024-12-14,2024-12-28,2
56,2024-12-14,2025-01-04,3,34.99030303955078,3.5832496,log,2024-12-14,2025-01-04,3
56,2024-12-14,2025-01-11,4,21.070295333862305,3.0942326,log,2024-12-14,2025-01-11,4
72,2024-12-14,2024-12-21,1,426.4315185546875,6.057794,log,2024-12-14,2024-12-21,1
72,2024-12-14,2024-12-28,2,421.2266540527344,6.0455422,log,2024-12-14,2024-12-28,2
72,2024-12-14,2025-01-04,3,282.2853698730469,5.646455,log,2024-12-14,2025-01-04,3
72,2024-12-14,2025-01-11,4,185.01089477539062,5.2258053,log,2024-12-14,2025-01-11,4
US,2024-12-14,2024-12-21,1,2876.7,7.424725,log,2024-12-14,2024-12-21,1
US,2024-12-14,2024-12-28,2,1819.0416259765625,7.5066147,log,2024-12-14,2024-12-28,2
US,2024-12-14,2025-01-04,3,1575.3546142578125,7.36287,log,2024-12-14,2025-01-04,3
US,2024-12-14,2025-01-11,4,1348.0626220703125,7.2071652,log,2024-12-14,2025-01-11,4
01,2024-12-21,2024-12-28,1,487.72625732421875,6.1918025,log,2024-12-21,2024-12-28,1
01,2024-12-21,2025-01-04,2,427.5940246582031,6.06051,log,2024-12-21,2025-01-04,2
01,2024-12-21,2025-01-11,3,276.1676025390625,5.6246223,log,2024-12-21,2025-01-11,3
01,2024-12-21,2025-01-18,4,185.16627502441406,5.22664,log,2024-12-21,2025-01-18,4
02,2024-12-21,2024-12-28,1,36.77146530151367,3.631554,log,2024-12-21,2024-12-28,1
02,2024-12-21,2025-01-04,2,33.8322868347168,3.5505447,log,2024-12-21,2025-01-04,2
02,2024-12-21,2025-01-11,3,22.052242279052734,3.137763,log,2024-12-21,2025-01-11,3
02,2024-12-21,2025-01-18,4,23.892295837402344,3.2145584,log,2024-12-21,2025-01-18,4
04,2024-12-21,2024-12-28,1,1488.141357421875,7.305955,log,2024-12-21,2024-12-28,1
04,2024-12-21,2025-01-04,2,1122.4412841796875,7.024152,log,2024-12-21,2025-01-04,2
04,2024-12-21,2025-01-11,3,845.7269897460938,6.7413783,log,2024-12-21,2025-01-11,3
04,2024-12-21,2025-01-18,4,673.6187744140625,6.5141478,log,2024-12-21,2025-01-18,4
05,2024-12-21,2024-12-28,1,107.00701141357422,4.682196,log,2024-12-21,2024-12-28,1
05,2024-12-21,2025-01-04,2,126.4205093383789,4.8474927,log,2024-12-21,2025-01-04,2
05,2024-12-21,2025-01-11,3,110.08812713623047,4.710324,log,2024-12-21,2025-01-11,3
05,2024-12-21,2025-01-18,4,75.02888488769531,4.3311133,log,2024-12-21,2025-01-18,4
06,2024-12-21,2024-12-28,1,1716.012939453125,7.4483414,log,2024-12-21,2024-12-28,1
06,2024-12-21,2025-01-04,2,1518.3369140625,7.3260293,log,2024-12-21,2025-01-04,2
06,2024-12-21,2025-01-11,3,1368.70947265625,7.222354,log,2024-12-21,2025-01-11,3
06,2024-12-21,2025-01-18,4,1035.516845703125,6.943621,log,2024-12-21,2025-01-18,4
08,2024-12-21,2024-12-28,1,270.0671081542969,5.6023664,log,2024-12-21,2024-12-28,1
08,2024-12-21,2025-01-04,2,325.50335693359375,5.78844,log,2024-12-21,2025-01-04,2
08,2024-12-21,2025-01-11,3,281.07037353515625,5.6421566,log,2024-12-21,2025-01-11,3
08,2024-12-21,2025-01-18,4,224.50753784179688,5.4183536,log,2024-12-21,2025-01-18,4
09,2024-12-21,2024-12-28,1,70.59042358398438,4.2709613,log,2024-12-21,2024-12-28,1
09,2024-12-21,2025-01-04,2,84.14193725585938,4.4443197,log,2024-12-21,2025-01-04,2
09,2024-12-21,2025-01-11,3,95.55692291259766,4.5701327,log,2024-12-21,2025-01-11,3
09,2024-12-21,2025-01-18,4,93.996826171875,4.5538435,log,2024-12-21,2025-01-18,4
10,2024-12-21,2024-12-28,1,53.36107635498047,3.9956484,log,2024-12-21,2024-12-28,1
10,2024-12-21,2025-01-04,2,47.97911071777344,3.891394,log,2024-12-21,2025-01-04,2
10,2024-12-21,2025-01-11,3,39.326416015625,3.6970067,log,2024-12-21,2025-01-11,3
10,2024-12-21,2025-01-18,4,26.10688591003418,3.2997878,log,2024-12-21,2025-01-18,4
11,2024-12-21,2024-12-28,1,20.889694213867188,3.086016,log,2024-12-21,2024-12-28,1
11,2024-12-21,2025-01-04,2,22.677839279174805,3.1645396,log,2024-12-21,2025-01-04,2
11,2024-12-21,2025-01-11,3,19.220876693725586,3.0067155,log,2024-12-21,2025-01-11,3
11,2024-12-21,2025-01-18,4,18.996963500976562,2.9955804,log,2024-12-21,2025-01-18,4
12,2024-12-21,2024-12-28,1,1455.279052734375,7.28364,log,2024-12-21,2024-12-28,1
12,2024-12-21,2025-01-04,2,1289.874267578125,7.163075,log,2024-12-21,2025-01-04,2
12,2024-12-21,2025-01-11,3,1056.7882080078125,6.9639354,log,2024-12-21,2025-01-11,3
12,2024-12-21,2025-01-18,4,949.2034301757812,6.856676,log,2024-12-21,2025-01-18,4
13,2024-12-21,2024-12-28,1,500.5780029296875,6.217759,log,2024-12-21,2024-12-28,1
13,2024-12-21,2025-01-04,2,544.0364990234375,6.300853,log,2024-12-21,2025-01-04,2
13,2024-12-21,2025-01-11,3,409.5097961425781,6.0174,log,2024-12-21,2025-01-11,3
13,2024-12-21,2025-01-18,4,308.18597412109375,5.733943,log,2024-12-21,2025-01-18,4
15,2024-12-21,2024-12-28,1,63.99021911621094,4.174237,log,2024-12-21,2024-12-28,1
15,2024-12-21,2025-01-04,2,68.37299346923828,4.2394977,log,2024-12-21,2025-01-04,2
15,2024-12-21,2025-01-11,3,52.787132263183594,3.9850342,log,2024-12-21,2025-01-11,3
15,2024-12-21,2025-01-18,4,43.31282043457031,3.791274,log,2024-12-21,2025-01-18,4
16,2024-12-21,2024-12-28,1,280.41961669921875,5.639847,log,2024-12-21,2024-12-28,1
16,2024-12-21,2025-01-04,2,231.13243103027344,5.447308,log,2024-12-21,2025-01-04,2
16,2024-12-21,2025-01-11,3,142.85458374023438,4.968803,log,2024-12-21,2025-01-11,3
16,2024-12-21,2025-01-18,4,102.7994155883789,4.6424603,log,2024-12-21,2025-01-18,4
17,2024-12-21,2024-12-28,1,709.7748413085938,6.5663557,log,2024-12-21,2024-12-28,1
17,2024-12-21,2025-01-04,2,814.3695068359375,6.7036414,log,2024-12-21,2025-01-04,2
17,2024-12-21,2025-01-11,3,625.0281982421875,6.4393954,log,2024-12-21,2025-01-11,3
17,2024-12-21,2025-01-18,4,439.8232727050781,6.088644,log,2024-12-21,2025-01-18,4
18,2024-12-21,2024-12-28,1,404.7283630371094,6.005684,log,2024-12-21,2024-12-28,1
18,2024-12-21,2025-01-04,2,422.62237548828125,6.0488424,log,2024-12-21,2025-01-04,2
18,2024-12-21,2025-01-11,3,287.8208923339844,5.665807,log,2024-12-21,2025-01-11,3
18,2024-12-21,2025-01-18,4,195.36129760742188,5.2799563,log,2024-12-21,2025-01-18,4
19,2024-12-21,2024-12-28,1,65.99531555175781,4.2046227,log,2024-12-21,2024-12-28,1
19,2024-12-21,2025-01-04,2,77.85558319091797,4.367618,log,2024-12-21,2025-01-04,2
19,2024-12-21,2025-01-11,3,87.16254425048828,4.4791822,log,2024-12-21,2025-01-11,3
19,2024-12-21,2025-01-18,4,88.37322998046875,4.492821,log,2024-12-21,2025-01-18,4
20,2024-12-21,2024-12-28,1,160.83177185058594,5.0865574,log,2024-12-21,2024-12-28,1
20,2024-12-21,2025-01-04,2,177.92588806152344,5.1869717,log,2024-12-21,2025-01-04,2
20,2024-12-21,2025-01-11,3,133.28965759277344,4.899999,log,2024-12-21,2025-01-11,3
20,2024-12-21,2025-01-18,4,78.17459106445312,4.3716555,log,2024-12-21,2025-01-18,4
21,2024-12-21,2024-12-28,1,308.0600891113281,5.733536,log,2024-12-21,2024-12-28,1
21,2024-12-21,2025-01-04,2,280.020263671875,5.638427,log,2024-12-21,2025-01-04,2
21,2024-12-21,2025-01-11,3,207.14588928222656,5.338239,log,2024-12-21,2025-01-11,3
21,2024-12-21,2025-01-18,4,144.4376220703125,4.9797473,log,2024-12-21,2025-01-18,4
22,2024-12-21,2024-12-28,1,534.3936767578125,6.2830024,log,2024-12-21,2024-12-28,1
22,2024-12-21,2025-01-04,2,419.6507263183594,6.041803,log,2024-12-21,2025-01-04,2
22,2024-12-21,2025-01-11,3,256.6476135253906,5.551593,log,2024-12-21,2025-01-11,3
22,2024-12-21,2025-01-18,4,200.4823455810547,5.3057017,log,2024-12-21,2025-01-18,4
23,2024-12-21,2024-12-28,1,15.12337875366211,2.7802703,log,2024-12-21,2024-12-28,1
23,2024-12-21,2025-01-04,2,25.85818862915039,3.2905707,log,2024-12-21,2025-01-04,2
23,2024-12-21,2025-01-11,3,33.32963943481445,3.536009,log,2024-12-21,2025-01-11,3
23,2024-12-21,2025-01-18,4,37.88191223144531,3.6605291,log,2024-12-21,2025-01-18,4
24,2024-12-21,2024-12-28,1,202.05105590820312,5.3134575,log,2024-12-21,2024-12-28,1
24,2024-12-21,2025-01-04,2,230.7261199951172,5.445556,log,2024-12-21,2025-01-04,2
24,2024-12-21,2025-01-11,3,218.77113342285156,5.3925867,log,2024-12-21,2025-01-11,3
24,2024-12-21,2025-01-18,4,173.4468536376953,5.16162,log,2024-12-21,2025-01-18,4
25,2024-12-21,2024-12-28,1,185.30027770996094,5.22736,log,2024-12-21,2024-12-28,1
25,2024-12-21,2025-01-04,2,261.4159851074219,5.569931,log,2024-12-21,2025-01-04,2
25,2024-12-21,2025-01-11,3,206.5214385986328,5.3352346,log,2024-12-21,2025-01-11,3
25,2024-12-21,2025-01-18,4,164.1448516845703,5.106823,log,2024-12-21,2025-01-18,4
26,2024-12-21,2024-12-28,1,396.58746337890625,5.985415,log,2024-12-21,2024-12-28,1
26,2024-12-21,2025-01-04,2,456.5228576660156,6.125827,log,2024-12-21,2025-01-04,2
26,2024-12-21,2025-01-11,3,357.2917785644531,5.8813477,log,2024-12-21,2025-01-11,3
26,2024-12-21,2025-01-18,4,317.2764587402344,5.7629204,log,2024-12-21,2025-01-18,4
27,2024-12-21,2024-12-28,1,296.0218505859375,5.6938057,log,2024-12-21,2024-12-28,1
27,2024-12-21,2025-01-04,2,328.7842102050781,5.7984385,log,2024-12-21,2025-01-04,2
27,2024-12-21,2025-01-11,3,251.56138610839844,5.5316544,log,2024-12-21,2025-01-11,3
27,2024-12-21,2025-01-18,4,180.20652770996094,5.1996374,log,2024-12-21,2025-01-18,4
28,2024-12-21,2024-12-28,1,143.157958984375,4.9709096,log,2024-12-21,2024-12-28,1
28,2024-12-21,2025-01-04,2,167.5965576171875,5.1275086,log,2024-12-21,2025-01-04,2
28,2024-12-21,2025-01-11,3,127.71285247802734,4.857584,log,2024-12-21,2025-01-11,3
28,2024-12-21,2025-01-18,4,121.05357360839844,4.80446,log,2024-12-21,2025-01-18,4
29,2024-12-21,2024-12-28,1,317.17010498046875,5.762586,log,2024-12-21,2024-12-28,1
29,2024-12-21,2025-01-04,2,307.0775146484375,5.7303514,log,2024-12-21,2025-01-04,2
29,2024-12-21,2025-01-11,3,227.87872314453125,5.4331923,log,2024-12-21,2025-01-11,3
29,2024-12-21,2025-01-18,4,179.86898803710938,5.197773,log,2024-12-21,2025-01-18,4
30,2024-12-21,2024-12-28,1,26.47880744934082,3.313415,log,2024-12-21,2024-12-28,1
30,2024-12-21,2025-01-04,2,37.761863708496094,3.6574368,log,2024-12-21,2025-01-04,2
30,2024-12-21,2025-01-11,3,35.83106231689453,3.6063416,log,2024-12-21,2025-01-11,3
30,2024-12-21,2025-01-18,4,37.31031799316406,3.6457193,log,2024-12-21,2025-01-18,4
31,2024-12-21,2024-12-28,1,72.92862701416016,4.3031,log,2024-12-21,2024-12-28,1
31,2024-12-21,2025-01-04,2,86.91348266601562,4.476353,log,2024-12-21,2025-01-04,2
31,2024-12-21,2025-01-11,3,62.84610366821289,4.1564755,log,2024-12-21,2025-01-11,3
31,2024-12-21,2025-01-18,4,69.64151000976562,4.257618,log,2024-12-21,2025-01-18,4
32,2024-12-21,2024-12-28,1,314.31494140625,5.753572,log,2024-12-21,2024-12-28,1
32,2024-12-21,2025-01-04,2,296.92156982421875,5.6968303,log,2024-12-21,2025-01-04,2
32,2024-12-21,2025-01-11,3,207.79061889648438,5.341332,log,2024-12-21,2025-01-11,3
32,2024-12-21,2025-01-18,4,145.37826538085938,4.986194,log,2024-12-21,2025-01-18,4
33,2024-12-21,2024-12-28,1,32.707584381103516,3.5177228,log,2024-12-21,2024-12-28,1
33,2024-12-21,2025-01-04,2,39.40332794189453,3.6989121,log,2024-12-21,2025-01-04,2
33,2024-12-21,2025-01-11,3,32.67648696899414,3.5168,log,2024-12-21,2025-01-11,3
33,2024-12-21,2025-01-18,4,25.574182510375977,3.2799401,log,2024-12-21,2025-01-18,4
34,2024-12-21,2024-12-28,1,450.7744445800781,6.113183,log,2024-12-21,2024-12-28,1
34,2024-12-21,2025-01-04,2,577.0038452148438,6.3595805,log,2024-12-21,2025-01-04,2
34,2024-12-21,2025-01-11,3,452.6914367675781,6.1174173,log,2024-12-21,2025-01-11,3
34,2024-12-21,2025-01-18,4,345.6515197753906,5.84832,log,2024-12-21,2025-01-18,4
35,2024-12-21,2024-12-28,1,294.474609375,5.688583,log,2024-12-21,2024-12-28,1
35,2024-12-21,2025-01-04,2,260.9792785644531,5.5682654,log,2024-12-21,2025-01-04,2
35,2024-12-21,2025-01-11,3,165.26907348632812,5.1136074,log,2024-12-21,2025-01-11,3
35,2024-12-21,2025-01-18,4,116.25923156738281,4.764387,log,2024-12-21,2025-01-18,4
36,2024-12-21,2024-12-28,1,914.2713012695312,6.8192205,log,2024-12-21,2024-12-28,1
36,2024-12-21,2025-01-04,2,936.5609130859375,6.8432817,log,2024-12-21,2025-01-04,2
36,2024-12-21,2025-01-11,3,708.0386352539062,6.56391,log,2024-12-21,2025-01-11,3
36,2024-12-21,2025-01-18,4,543.032958984375,6.29901,log,2024-12-21,2025-01-18,4
37,2024-12-21,2024-12-28,1,377.4010314941406,5.9359546,log,2024-12-21,2024-12-28,1
37,2024-12-21,2025-01-04,2,442.3812255859375,6.09443,log,2024-12-21,2025-01-04,2
37,2024-12-21,2025-01-11,3,335.5321350097656,5.8186936,log,2024-12-21,2025-01-11,3
37,2024-12-21,2025-01-18,4,275.93072509765625,5.6237674,log,2024-12-21,2025-01-18,4
38,2024-12-21,2024-12-28,1,12.531935691833496,2.6050525,log,2024-12-21,2024-12-28,1
38,2024-12-21,2025-01-04,2,18.705896377563477,2.980918,log,2024-12-21,2025-01-04,2
38,2024-12-21,2025-01-11,3,23.23757553100586,3.1879041,log,2024-12-21,2025-01-11,3
38,2024-12-21,2025-01-18,4,25.130338668823242,3.263097,log,2024-12-21,2025-01-18,4
39,2024-12-21,2024-12-28,1,403.1976623535156,6.001904,log,2024-12-21,2024-12-28,1
39,2024-12-21,2025-01-04,2,527.9036865234375,6.2708063,log,2024-12-21,2025-01-04,2
39,2024-12-21,2025-01-11,3,375.57958984375,5.9311295,log,2024-12-21,2025-01-11,3
39,2024-12-21,2025-01-18,4,321.37725830078125,5.7757225,log,2024-12-21,2025-01-18,4
40,2024-12-21,2024-12-28,1,150.446533203125,5.0202327,log,2024-12-21,2024-12-28,1
40,2024-12-21,2025-01-04,2,175.8347625732422,5.1752157,log,2024-12-21,2025-01-04,2
40,2024-12-21,2025-01-11,3,154.48382568359375,5.0465417,log,2024-12-21,2025-01-11,3
40,2024-12-21,2025-01-18,4,133.5413055419922,4.901871,log,2024-12-21,2025-01-18,4
41,2024-12-21,2024-12-28,1,488.0171813964844,6.1923976,log,2024-12-21,2024-12-28,1
41,2024-12-21,2025-01-04,2,376.89886474609375,5.9346266,log,2024-12-21,2025-01-04,2
41,2024-12-21,2025-01-11,3,191.99859619140625,5.262683,log,2024-12-21,2025-01-11,3
41,2024-12-21,2025-01-18,4,119.74002075195312,4.7936397,log,2024-12-21,2025-01-18,4
42,2024-12-21,2024-12-28,1,842.238525390625,6.73725,log,2024-12-21,2024-12-28,1
42,2024-12-21,2025-01-04,2,829.8282470703125,6.722423,log,2024-12-21,2025-01-04,2
42,2024-12-21,2025-01-11,3,670.7250366210938,6.509849,log,2024-12-21,2025-01-11,3
42,2024-12-21,2025-01-18,4,556.48828125,6.3234415,log,2024-12-21,2025-01-18,4
44,2024-12-21,2024-12-28,1,40.17633819580078,3.7178638,log,2024-12-21,2024-12-28,1
44,2024-12-21,2025-01-04,2,50.75221252441406,3.9464672,log,2024-12-21,2025-01-04,2
44,2024-12-21,2025-01-11,3,36.98091506958008,3.6370838,log,2024-12-21,2025-01-11,3
44,2024-12-21,2025-01-18,4,32.05014419555664,3.498026,log,2024-12-21,2025-01-18,4
45,2024-12-21,2024-12-28,1,236.833984375,5.471573,log,2024-12-21,2024-12-28,1
45,2024-12-21,2025-01-04,2,280.1868896484375,5.6390195,log,2024-12-21,2025-01-04,2
45,2024-12-21,2025-01-11,3,282.5943603515625,5.647545,log,2024-12-21,2025-01-11,3
45,2024-12-21,2025-01-18,4,184.95272827148438,5.2254925,log,2024-12-21,2025-01-18,4
46,2024-12-21,2024-12-28,1,22.16226577758789,3.1425245,log,2024-12-21,2024-12-28,1
46,2024-12-21,2025-01-04,2,28.624677658081055,3.3886077,log,2024-12-21,2025-01-04,2
46,2024-12-21,2025-01-11,3,30.65406036376953,3.4548664,log,2024-12-21,2025-01-11,3
46,2024-12-21,2025-01-18,4,26.13045310974121,3.3006568,log,2024-12-21,2025-01-18,4
47,2024-12-21,2024-12-28,1,502.9242248535156,6.222426,log,2024-12-21,2024-12-28,1
47,2024-12-21,2025-01-04,2,498.5000915527344,6.213608,log,2024-12-21,2025-01-04,2
47,2024-12-21,2025-01-11,3,365.27789306640625,5.9033923,log,2024-12-21,2025-01-11,3
47,2024-12-21,2025-01-18,4,205.39553833007812,5.3297944,log,2024-12-21,2025-01-18,4
48,2024-12-21,2024-12-28,1,1289.2095947265625,7.16256,log,2024-12-21,2024-12-28,1
48,2024-12-21,2025-01-04,2,1129.4884033203125,7.030405,log,2024-12-21,2025-01-04,2
48,2024-12-21,2025-01-11,3,989.30419921875,6.898012,log,2024-12-21,2025-01-11,3
48,2024-12-21,2025-01-18,4,675.5800170898438,6.5170507,log,2024-12-21,2025-01-18,4
49,2024-12-21,2024-12-28,1,236.18209838867188,5.468828,log,2024-12-21,2024-12-28,1
49,2024-12-21,2025-01-04,2,220.63893127441406,5.4010496,log,2024-12-21,2025-01-04,2
49,2024-12-21,2025-01-11,3,168.9413299560547,5.135453,log,2024-12-21,2025-01-11,3
49,2024-12-21,2025-01-18,4,82.30342102050781,4.4224896,log,2024-12-21,2025-01-18,4
50,2024-12-21,2024-12-28,1,13.402667999267578,2.6674135,log,2024-12-21,2024-12-28,1
50,2024-12-21,2025-01-04,2,19.222871780395508,3.0068142,log,2024-12-21,2025-01-04,2
50,2024-12-21,2025-01-11,3,19.867809295654297,3.0382078,log,2024-12-21,2025-01-11,3
50,2024-12-21,2025-01-18,4,21.300752639770508,3.1046205,log,2024-12-21,2025-01-18,4
51,2024-12-21,2024-12-28,1,299.47119140625,5.705352,log,2024-12-21,2024-12-28,1
51,2024-12-21,2025-01-04,2,343.0740966796875,5.840857,log,2024-12-21,2025-01-04,2
51,2024-12-21,2025-01-11,3,322.4673156738281,5.779098,log,2024-12-21,2025-01-11,3
51,2024-12-21,2025-01-18,4,265.3206481933594,5.584701,log,2024-12-21,2025-01-18,4
53,2024-12-21,2024-12-28,1,504.4791564941406,6.225507,log,2024-12-21,2024-12-28,1
53,2024-12-21,2025-01-04,2,472.02227783203125,6.1591425,log,2024-12-21,2025-01-04,2
53,2024-12-21,2025-01-11,3,313.64117431640625,5.751433,log,2024-12-21,2025-01-11,3
53,2024-12-21,2025-01-18,4,195.66903686523438,5.2815223,log,2024-12-21,2025-01-18,4
54,2024-12-21,2024-12-28,1,57.306182861328125,4.065708,log,2024-12-21,2024-12-28,1
54,2024-12-21,2025-01-04,2,79.06659698486328,4.3828588,log,2024-12-21,2025-01-04,2
54,2024-12-21,2025-01-11,3,94.58274841308594,4.5599923,log,2024-12-21,2025-01-11,3
54,2024-12-21,2025-01-18,4,61.70616149902344,4.1384597,log,2024-12-21,2025-01-18,4
55,2024-12-21,2024-12-28,1,164.36927795410156,5.108181,log,2024-12-21,2024-12-28,1
55,2024-12-21,2025-01-04,2,179.67745971679688,5.1967134,log,2024-12-21,2025-01-04,2
55,2024-12-21,2025-01-11,3,209.16075134277344,5.3478727,log,2024-12-21,2025-01-11,3
55,2024-12-21,2025-01-18,4,161.07333374023438,5.088049,log,2024-12-21,2025-01-18,4
56,2024-12-21,2024-12-28,1,29.521642684936523,3.418436,log,2024-12-21,2024-12-28,1
56,2024-12-21,2025-01-04,2,33.40420913696289,3.538179,log,2024-12-21,2025-01-04,2
56,2024-12-21,2025-01-11,3,22.536174774169922,3.1585386,log,2024-12-21,2025-01-11,3
56,2024-12-21,2025-01-18,4,25.827232360839844,3.2894175,log,2024-12-21,2025-01-18,4
72,2024-12-21,2024-12-28,1,721.569580078125,6.5828137,log,2024-12-21,2024-12-28,1
72,2024-12-21,2025-01-04,2,492.1473693847656,6.200808,log,2024-12-21,2025-01-04,2
72,2024-12-21,2025-01-11,3,309.1534729003906,5.737067,log,2024-12-21,2025-01-11,3
72,2024-12-21,2025-01-18,4,162.36070251464844,5.0959606,log,2024-12-21,2025-01-18,4
US,2024-12-21,2024-12-28,1,4834.8,7.460512,log,2024-12-21,2024-12-28,1
US,2024-12-21,2025-01-04,2,1506.0404052734375,7.317903,log,2024-12-21,2025-01-04,2
US,2024-12-21,2025-01-11,3,1226.8564453125,7.113025,log,2024-12-21,2025-01-11,3
US,2024-12-21,2025-01-18,4,884.2921752929688,6.7859178,log,2024-12-21,2025-01-18,4
01,2024-12-28,2025-01-04,1,627.7943725585938,6.4438043,log,2024-12-28,2025-01-04,1
01,2024-12-28,2025-01-11,2,390.6945495605469,5.9704823,log,2024-12-28,2025-01-11,2
01,2024-12-28,2025-01-18,3,272.822509765625,5.61248,log,2024-12-28,2025-01-18,3
01,2024-12-28,2025-01-25,4,210.95010375976562,5.356351,log,2024-12-28,2025-01-25,4
02,2024-12-28,2025-01-04,1,34.19813919067383,3.5609932,log,2024-12-28,2025-01-04,1
02,2024-12-28,2025-01-11,2,27.091100692749023,3.3354528,log,2024-12-28,2025-01-11,2
02,2024-12-28,2025-01-18,3,16.049816131591797,2.8361394,log,2024-12-28,2025-01-18,3
02,2024-12-28,2025-01-25,4,12.905350685119629,2.6322737,log,2024-12-28,2025-01-25,4
04,2024-12-28,2025-01-04,1,1521.031494140625,7.327801,log,2024-12-28,2025-01-04,1
04,2024-12-28,2025-01-11,2,936.3530883789062,6.84306,log,2024-12-28,2025-01-11,2
04,2024-12-28,2025-01-18,3,876.0116577148438,6.7765203,log,2024-12-28,2025-01-18,3
04,2024-12-28,2025-01-25,4,590.0709838867188,6.381936,log,2024-12-28,2025-01-25,4
05,2024-12-28,2025-01-04,1,146.73948669433594,4.9954505,log,2024-12-28,2025-01-04,1
05,2024-12-28,2025-01-11,2,119.61641693115234,4.7926154,log,2024-12-28,2025-01-11,2
05,2024-12-28,2025-01-18,3,129.2626190185547,4.8695526,log,2024-12-28,2025-01-18,3
05,2024-12-28,2025-01-25,4,103.43817901611328,4.6485953,log,2024-12-28,2025-01-25,4
06,2024-12-28,2025-01-04,1,1581.0836181640625,7.366498,log,2024-12-28,2025-01-04,1
06,2024-12-28,2025-01-11,2,1154.595947265625,7.0523715,log,2024-12-28,2025-01-11,2
06,2024-12-28,2025-01-18,3,1028.785888671875,6.937106,log,2024-12-28,2025-01-18,3
06,2024-12-28,2025-01-25,4,761.5653686523438,6.636688,log,2024-12-28,2025-01-25,4
08,2024-12-28,2025-01-04,1,432.94671630859375,6.0729218,log,2024-12-28,2025-01-04,1
08,2024-12-28,2025-01-11,2,371.4378356933594,5.92007,log,2024-12-28,2025-01-11,2
08,2024-12-28,2025-01-18,3,330.74737548828125,5.8043737,log,2024-12-28,2025-01-18,3
08,2024-12-28,2025-01-25,4,248.63479614257812,5.519999,log,2024-12-28,2025-01-25,4
09,2024-12-28,2025-01-04,1,138.41162109375,4.937431,log,2024-12-28,2025-01-04,1
09,2024-12-28,2025-01-11,2,138.13442993164062,4.9354405,log,2024-12-28,2025-01-11,2
09,2024-12-28,2025-01-18,3,119.04642486572266,4.7878785,log,2024-12-28,2025-01-18,3
09,2024-12-28,2025-01-25,4,85.13899230957031,4.455962,log,2024-12-28,2025-01-25,4
10,2024-12-28,2025-01-04,1,104.50447845458984,4.6587534,log,2024-12-28,2025-01-04,1
10,2024-12-28,2025-01-11,2,70.6694564819336,4.2720647,log,2024-12-28,2025-01-11,2
10,2024-12-28,2025-01-18,3,53.0210075378418,3.989373,log,2024-12-28,2025-01-18,3
10,2024-12-28,2025-01-25,4,44.15011215209961,3.8099928,log,2024-12-28,2025-01-25,4
11,2024-12-28,2025-01-04,1,32.35546112060547,3.5072215,log,2024-12-28,2025-01-04,1
11,2024-12-28,2025-01-11,2,25.837366104125977,3.2897952,log,2024-12-28,2025-01-11,2
11,2024-12-28,2025-01-18,3,18.52614402770996,2.9717543,log,2024-12-28,2025-01-18,3
11,2024-12-28,2025-01-25,4,16.5329647064209,2.8640828,log,2024-12-28,2025-01-25,4
12,2024-12-28,2025-01-04,1,1556.716796875,7.3509765,log,2024-12-28,2025-01-04,1
12,2024-12-28,2025-01-11,2,1083.9801025390625,6.989317,log,2024-12-28,2025-01-11,2
12,2024-12-28,2025-01-18,3,927.16015625,6.8332043,log,2024-12-28,2025-01-18,3
12,2024-12-28,2025-01-25,4,772.2923583984375,6.650657,log,2024-12-28,2025-01-25,4
13,2024-12-28,2025-01-04,1,784.9194946289062,6.6668544,log,2024-12-28,2025-01-04,1
13,2024-12-28,2025-01-11,2,544.8310546875,6.3023095,log,2024-12-28,2025-01-11,2
13,2024-12-28,2025-01-18,3,477.6768493652344,6.1710258,log,2024-12-28,2025-01-18,3
13,2024-12-28,2025-01-25,4,392.8585205078125,5.9759917,log,2024-12-28,2025-01-25,4
15,2024-12-28,2025-01-04,1,76.1997299194336,4.346396,log,2024-12-28,2025-01-04,1
15,2024-12-28,2025-01-11,2,57.079647064208984,4.0618153,log,2024-12-28,2025-01-11,2
15,2024-12-28,2025-01-18,3,40.11919403076172,3.716475,log,2024-12-28,2025-01-18,3
15,2024-12-28,2025-01-25,4,28.876325607299805,3.3970664,log,2024-12-28,2025-01-25,4
16,2024-12-28,2025-01-04,1,314.5574035644531,5.7543406,log,2024-12-28,2025-01-04,1
16,2024-12-28,2025-01-11,2,197.84275817871094,5.2925143,log,2024-12-28,2025-01-11,2
16,2024-12-28,2025-01-18,3,134.93069458007812,4.912145,log,2024-12-28,2025-01-18,3
16,2024-12-28,2025-01-25,4,85.95868682861328,4.465433,log,2024-12-28,2025-01-25,4
17,2024-12-28,2025-01-04,1,924.63818359375,6.8304834,log,2024-12-28,2025-01-04,1
17,2024-12-28,2025-01-11,2,596.5668334960938,6.392866,log,2024-12-28,2025-01-11,2
17,2024-12-28,2025-01-18,3,464.8555603027344,6.1438756,log,2024-12-28,2025-01-18,3
17,2024-12-28,2025-01-25,4,369.49493408203125,5.9148397,log,2024-12-28,2025-01-25,4
18,2024-12-28,2025-01-04,1,593.2513427734375,6.3873024,log,2024-12-28,2025-01-04,1
18,2024-12-28,2025-01-11,2,389.49041748046875,5.9674034,log,2024-12-28,2025-01-11,2
18,2024-12-28,2025-01-18,3,321.573486328125,5.776331,log,2024-12-28,2025-01-18,3
18,2024-12-28,2025-01-25,4,267.15155029296875,5.5915523,log,2024-12-28,2025-01-25,4
19,2024-12-28,2025-01-04,1,125.91417694091797,4.843511,log,2024-12-28,2025-01-04,1
19,2024-12-28,2025-01-11,2,110.7022705078125,4.715837,log,2024-12-28,2025-01-11,2
19,2024-12-28,2025-01-18,3,112.78916931152344,4.7343473,log,2024-12-28,2025-01-18,3
19,2024-12-28,2025-01-25,4,98.55083465576172,4.6006684,log,2024-12-28,2025-01-25,4
20,2024-12-28,2025-01-04,1,258.9586486816406,5.5605226,log,2024-12-28,2025-01-04,1
20,2024-12-28,2025-01-11,2,164.21669006347656,5.107258,log,2024-12-28,2025-01-11,2
20,2024-12-28,2025-01-18,3,114.15814971923828,4.7463064,log,2024-12-28,2025-01-18,3
20,2024-12-28,2025-01-25,4,93.97137451171875,4.5535755,log,2024-12-28,2025-01-25,4
21,2024-12-28,2025-01-04,1,514.43310546875,6.2450075,log,2024-12-28,2025-01-04,1
21,2024-12-28,2025-01-11,2,358.46484375,5.8846164,log,2024-12-28,2025-01-11,2
21,2024-12-28,2025-01-18,3,265.7113037109375,5.586167,log,2024-12-28,2025-01-18,3
21,2024-12-28,2025-01-25,4,204.64108276367188,5.3261323,log,2024-12-28,2025-01-25,4
22,2024-12-28,2025-01-04,1,583.228759765625,6.3702927,log,2024-12-28,2025-01-04,1
22,2024-12-28,2025-01-11,2,379.04022216796875,5.940277,log,2024-12-28,2025-01-11,2
22,2024-12-28,2025-01-18,3,268.8621826171875,5.5979114,log,2024-12-28,2025-01-18,3
22,2024-12-28,2025-01-25,4,199.22854614257812,5.2994595,log,2024-12-28,2025-01-25,4
23,2024-12-28,2025-01-04,1,27.682727813720703,3.356295,log,2024-12-28,2025-01-04,1
23,2024-12-28,2025-01-11,2,29.019134521484375,3.401835,log,2024-12-28,2025-01-11,2
23,2024-12-28,2025-01-18,3,25.180931091308594,3.2650313,log,2024-12-28,2025-01-18,3
23,2024-12-28,2025-01-25,4,21.512102127075195,3.114053,log,2024-12-28,2025-01-25,4
24,2024-12-28,2025-01-04,1,260.14501953125,5.565076,log,2024-12-28,2025-01-04,1
24,2024-12-28,2025-01-11,2,193.8031005859375,5.2719893,log,2024-12-28,2025-01-11,2
24,2024-12-28,2025-01-18,3,161.0782012939453,5.088079,log,2024-12-28,2025-01-18,3
24,2024-12-28,2025-01-25,4,138.1918182373047,4.935853,log,2024-12-28,2025-01-25,4
25,2024-12-28,2025-01-04,1,292.6338195800781,5.6823335,log,2024-12-28,2025-01-04,1
25,2024-12-28,2025-01-11,2,261.6946716308594,5.5709925,log,2024-12-28,2025-01-11,2
25,2024-12-28,2025-01-18,3,215.31417846679688,5.376732,log,2024-12-28,2025-01-18,3
25,2024-12-28,2025-01-25,4,173.98654174804688,5.164709,log,2024-12-28,2025-01-25,4
26,2024-12-28,2025-01-04,1,613.9000244140625,6.4214597,log,2024-12-28,2025-01-04,1
26,2024-12-28,2025-01-11,2,461.1083679199219,6.1357994,log,2024-12-28,2025-01-11,2
26,2024-12-28,2025-01-18,3,452.7353515625,6.117514,log,2024-12-28,2025-01-18,3
26,2024-12-28,2025-01-25,4,441.0649719238281,6.091457,log,2024-12-28,2025-01-25,4
27,2024-12-28,2025-01-04,1,528.4065551757812,6.2717566,log,2024-12-28,2025-01-04,1
27,2024-12-28,2025-01-11,2,373.3440246582031,5.925175,log,2024-12-28,2025-01-11,2
27,2024-12-28,2025-01-18,3,280.7657470703125,5.641076,log,2024-12-28,2025-01-18,3
27,2024-12-28,2025-01-25,4,223.50404357910156,5.4138937,log,2024-12-28,2025-01-25,4
28,2024-12-28,2025-01-04,1,231.50909423828125,5.4489293,log,2024-12-28,2025-01-04,1
28,2024-12-28,2025-01-11,2,178.03298950195312,5.18757,log,2024-12-28,2025-01-11,2
28,2024-12-28,2025-01-18,3,158.2287139892578,5.0703416,log,2024-12-28,2025-01-18,3
28,2024-12-28,2025-01-25,4,151.10845947265625,5.024594,log,2024-12-28,2025-01-25,4
29,2024-12-28,2025-01-04,1,596.788818359375,6.3932376,log,2024-12-28,2025-01-04,1
29,2024-12-28,2025-01-11,2,368.3073425292969,5.911629,log,2024-12-28,2025-01-11,2
29,2024-12-28,2025-01-18,3,275.8927001953125,5.62363,log,2024-12-28,2025-01-18,3
29,2024-12-28,2025-01-25,4,222.35276794433594,5.4087524,log,2024-12-28,2025-01-25,4
30,2024-12-28,2025-01-04,1,74.46791076660156,4.3237076,log,2024-12-28,2025-01-04,1
30,2024-12-28,2025-01-11,2,64.31455993652344,4.179215,log,2024-12-28,2025-01-11,2
30,2024-12-28,2025-01-18,3,51.86662673950195,3.9677722,log,2024-12-28,2025-01-18,3
30,2024-12-28,2025-01-25,4,43.04374694824219,3.7851834,log,2024-12-28,2025-01-25,4
31,2024-12-28,2025-01-04,1,146.3861846923828,4.9930563,log,2024-12-28,2025-01-04,1
31,2024-12-28,2025-01-11,2,128.14671325683594,4.860949,log,2024-12-28,2025-01-11,2
31,2024-12-28,2025-01-18,3,95.50312042236328,4.5695753,log,2024-12-28,2025-01-18,3
31,2024-12-28,2025-01-25,4,68.43269348144531,4.240358,log,2024-12-28,2025-01-25,4
32,2024-12-28,2025-01-04,1,266.7879943847656,5.5901957,log,2024-12-28,2025-01-04,1
32,2024-12-28,2025-01-11,2,214.01873779296875,5.370725,log,2024-12-28,2025-01-11,2
32,2024-12-28,2025-01-18,3,156.78750610351562,5.0612493,log,2024-12-28,2025-01-18,3
32,2024-12-28,2025-01-25,4,121.82809448242188,4.810786,log,2024-12-28,2025-01-25,4
33,2024-12-28,2025-01-04,1,56.75542068481445,4.056217,log,2024-12-28,2025-01-04,1
33,2024-12-28,2025-01-11,2,50.782562255859375,3.9470534,log,2024-12-28,2025-01-11,2
33,2024-12-28,2025-01-18,3,40.19966125488281,3.71843,log,2024-12-28,2025-01-18,3
33,2024-12-28,2025-01-25,4,32.243247985839844,3.5038517,log,2024-12-28,2025-01-25,4
34,2024-12-28,2025-01-04,1,666.9888916015625,6.5042715,log,2024-12-28,2025-01-04,1
34,2024-12-28,2025-01-11,2,464.71295166015625,6.1435695,log,2024-12-28,2025-01-11,2
34,2024-12-28,2025-01-18,3,468.16888427734375,6.150963,log,2024-12-28,2025-01-18,3
34,2024-12-28,2025-01-25,4,457.1712646484375,6.127243,log,2024-12-28,2025-01-25,4
35,2024-12-28,2025-01-04,1,249.0247039794922,5.5215597,log,2024-12-28,2025-01-04,1
35,2024-12-28,2025-01-11,2,182.18592834472656,5.2105017,log,2024-12-28,2025-01-11,2
35,2024-12-28,2025-01-18,3,128.77755737304688,4.865822,log,2024-12-28,2025-01-18,3
35,2024-12-28,2025-01-25,4,102.11238098144531,4.6358194,log,2024-12-28,2025-01-25,4
36,2024-12-28,2025-01-04,1,1283.13818359375,7.157843,log,2024-12-28,2025-01-04,1
36,2024-12-28,2025-01-11,2,820.2548828125,6.7108335,log,2024-12-28,2025-01-11,2
36,2024-12-28,2025-01-18,3,704.0868530273438,6.558321,log,2024-12-28,2025-01-18,3
36,2024-12-28,2025-01-25,4,514.7037963867188,6.2455325,log,2024-12-28,2025-01-25,4
37,2024-12-28,2025-01-04,1,652.287353515625,6.482017,log,2024-12-28,2025-01-04,1
37,2024-12-28,2025-01-11,2,441.8863525390625,6.093313,log,2024-12-28,2025-01-11,2
37,2024-12-28,2025-01-18,3,403.51849365234375,6.0026975,log,2024-12-28,2025-01-18,3
37,2024-12-28,2025-01-25,4,325.2041015625,5.7875233,log,2024-12-28,2025-01-25,4
38,2024-12-28,2025-01-04,1,27.179033279418945,3.3385782,log,2024-12-28,2025-01-04,1
38,2024-12-28,2025-01-11,2,24.425128936767578,3.235738,log,2024-12-28,2025-01-11,2
38,2024-12-28,2025-01-18,3,18.424957275390625,2.9665587,log,2024-12-28,2025-01-18,3
38,2024-12-28,2025-01-25,4,20.16273307800293,3.0522418,log,2024-12-28,2025-01-25,4
39,2024-12-28,2025-01-04,1,672.4389038085938,6.5123973,log,2024-12-28,2025-01-04,1
39,2024-12-28,2025-01-11,2,465.021728515625,6.1442323,log,2024-12-28,2025-01-11,2
39,2024-12-28,2025-01-18,3,457.48138427734375,6.1279197,log,2024-12-28,2025-01-18,3
39,2024-12-28,2025-01-25,4,352.3650817871094,5.8675017,log,2024-12-28,2025-01-25,4
40,2024-12-28,2025-01-04,1,324.76373291015625,5.7861724,log,2024-12-28,2025-01-04,1
40,2024-12-28,2025-01-11,2,213.6138153076172,5.36884,log,2024-12-28,2025-01-11,2
40,2024-12-28,2025-01-18,3,147.7762908935547,5.002444,log,2024-12-28,2025-01-18,3
40,2024-12-28,2025-01-25,4,122.52704620361328,4.81646,log,2024-12-28,2025-01-25,4
41,2024-12-28,2025-01-04,1,568.97607421875,6.3455944,log,2024-12-28,2025-01-04,1
41,2024-12-28,2025-01-11,2,311.9232177734375,5.745958,log,2024-12-28,2025-01-11,2
41,2024-12-28,2025-01-18,3,216.99942016601562,5.3844924,log,2024-12-28,2025-01-18,3
41,2024-12-28,2025-01-25,4,176.6691436767578,5.179923,log,2024-12-28,2025-01-25,4
42,2024-12-28,2025-01-04,1,979.11328125,6.887668,log,2024-12-28,2025-01-04,1
42,2024-12-28,2025-01-11,2,698.8697509765625,6.5508943,log,2024-12-28,2025-01-11,2
42,2024-12-28,2025-01-18,3,579.0765991210938,6.36316,log,2024-12-28,2025-01-18,3
42,2024-12-28,2025-01-25,4,498.5803527832031,6.2137685,log,2024-12-28,2025-01-25,4
44,2024-12-28,2025-01-04,1,88.33573913574219,4.4924016,log,2024-12-28,2025-01-04,1
44,2024-12-28,2025-01-11,2,63.24592590332031,4.1627183,log,2024-12-28,2025-01-11,2
44,2024-12-28,2025-01-18,3,47.644554138183594,3.8845398,log,2024-12-28,2025-01-18,3
44,2024-12-28,2025-01-25,4,31.635072708129883,3.4853876,log,2024-12-28,2025-01-25,4
45,2024-12-28,2025-01-04,1,377.2621154785156,5.9355874,log,2024-12-28,2025-01-04,1
45,2024-12-28,2025-01-11,2,287.2698669433594,5.663897,log,2024-12-28,2025-01-11,2
45,2024-12-28,2025-01-18,3,221.93258666992188,5.4068694,log,2024-12-28,2025-01-18,3
45,2024-12-28,2025-01-25,4,158.98802185058594,5.075099,log,2024-12-28,2025-01-25,4
46,2024-12-28,2025-01-04,1,36.70379638671875,3.6297607,log,2024-12-28,2025-01-04,1
46,2024-12-28,2025-01-11,2,30.12434196472168,3.4379902,log,2024-12-28,2025-01-11,2
46,2024-12-28,2025-01-18,3,29.198307037353516,3.407786,log,2024-12-28,2025-01-18,3
46,2024-12-28,2025-01-25,4,22.144855499267578,3.1417725,log,2024-12-28,2025-01-25,4
47,2024-12-28,2025-01-04,1,721.7481079101562,6.5830607,log,2024-12-28,2025-01-04,1
47,2024-12-28,2025-01-11,2,464.6616516113281,6.1434593,log,2024-12-28,2025-01-11,2
47,2024-12-28,2025-01-18,3,358.697509765625,5.8852634,log,2024-12-28,2025-01-18,3
47,2024-12-28,2025-01-25,4,267.06231689453125,5.5912194,log,2024-12-28,2025-01-25,4
48,2024-12-28,2025-01-04,1,1525.4068603515625,7.330672,log,2024-12-28,2025-01-04,1
48,2024-12-28,2025-01-11,2,1067.6669921875,6.9741673,log,2024-12-28,2025-01-11,2
48,2024-12-28,2025-01-18,3,971.8189697265625,6.880198,log,2024-12-28,2025-01-18,3
48,2024-12-28,2025-01-25,4,552.35009765625,6.315991,log,2024-12-28,2025-01-25,4
49,2024-12-28,2025-01-04,1,326.43975830078125,5.791304,log,2024-12-28,2025-01-04,1
49,2024-12-28,2025-01-11,2,204.534423828125,5.3256135,log,2024-12-28,2025-01-11,2
49,2024-12-28,2025-01-18,3,126.76809692382812,4.850217,log,2024-12-28,2025-01-18,3
49,2024-12-28,2025-01-25,4,91.80720520019531,4.5305243,log,2024-12-28,2025-01-25,4
50,2024-12-28,2025-01-04,1,23.130157470703125,3.1834624,log,2024-12-28,2025-01-04,1
50,2024-12-28,2025-01-11,2,21.106067657470703,3.0958521,log,2024-12-28,2025-01-11,2
50,2024-12-28,2025-01-18,3,14.821355819702148,2.7613606,log,2024-12-28,2025-01-18,3
50,2024-12-28,2025-01-25,4,11.85061264038086,2.5533915,log,2024-12-28,2025-01-25,4
51,2024-12-28,2025-01-04,1,428.5394592285156,6.0627136,log,2024-12-28,2025-01-04,1
51,2024-12-28,2025-01-11,2,326.61279296875,5.7918324,log,2024-12-28,2025-01-11,2
51,2024-12-28,2025-01-18,3,268.41729736328125,5.5962615,log,2024-12-28,2025-01-18,3
51,2024-12-28,2025-01-25,4,200.17791748046875,5.3041897,log,2024-12-28,2025-01-25,4
53,2024-12-28,2025-01-04,1,601.2289428710938,6.4006376,log,2024-12-28,2025-01-04,1
53,2024-12-28,2025-01-11,2,374.4306945800781,5.928074,log,2024-12-28,2025-01-11,2
53,2024-12-28,2025-01-18,3,315.2084045410156,5.7564015,log,2024-12-28,2025-01-18,3
53,2024-12-28,2025-01-25,4,277.9337463378906,5.6309743,log,2024-12-28,2025-01-25,4
54,2024-12-28,2025-01-04,1,119.25186920166016,4.7895885,log,2024-12-28,2025-01-04,1
54,2024-12-28,2025-01-11,2,100.77869415283203,4.622801,log,2024-12-28,2025-01-11,2
54,2024-12-28,2025-01-18,3,96.31864166259766,4.5779905,log,2024-12-28,2025-01-18,3
54,2024-12-28,2025-01-25,4,73.631591796875,4.312564,log,2024-12-28,2025-01-25,4
55,2024-12-28,2025-01-04,1,329.5545654296875,5.8007717,log,2024-12-28,2025-01-04,1
55,2024-12-28,2025-01-11,2,240.23536682128906,5.485773,log,2024-12-28,2025-01-11,2
55,2024-12-28,2025-01-18,3,184.35260009765625,5.22226,log,2024-12-28,2025-01-18,3
55,2024-12-28,2025-01-25,4,121.6773681640625,4.809558,log,2024-12-28,2025-01-25,4
56,2024-12-28,2025-01-04,1,63.32114791870117,4.1638885,log,2024-12-28,2025-01-04,1
56,2024-12-28,2025-01-11,2,39.92212677001953,3.7116709,log,2024-12-28,2025-01-11,2
56,2024-12-28,2025-01-18,3,32.38713455200195,3.5081706,log,2024-12-28,2025-01-18,3
56,2024-12-28,2025-01-25,4,39.207130432128906,3.6940444,log,2024-12-28,2025-01-25,4
72,2024-12-28,2025-01-04,1,703.13232421875,6.5569663,log,2024-12-28,2025-01-04,1
72,2024-12-28,2025-01-11,2,375.2044982910156,5.930133,log,2024-12-28,2025-01-11,2
72,2024-12-28,2025-01-18,3,266.4175720214844,5.5888114,log,2024-12-28,2025-01-18,3
72,2024-12-28,2025-01-25,4,186.47543334960938,5.233648,log,2024-12-28,2025-01-25,4
US,2024-12-28,2025-01-04,1,8589.0,7.4006224,log,2024-12-28,2025-01-04,1
US,2024-12-28,2025-01-11,2,2447.865,7.011561,log,2024-12-28,2025-01-11,2
US,2024-12-28,2025-01-18,3,944.818603515625,6.852051,log,2024-12-28,2025-01-18,3
US,2024-12-28,2025-01-25,4,707.2648315429688,6.562818,log,2024-12-28,2025-01-25,4
01,2025-01-04,2025-01-11,1,528.2094116210938,6.2713842,log,2025-01-04,2025-01-11,1
01,2025-01-04,2025-01-18,2,334.74755859375,5.8163595,log,2025-01-04,2025-01-18,2
01,2025-01-04,2025-01-25,3,386.6265869140625,5.9600425,log,2025-01-04,2025-01-25,3
01,2025-01-04,2025-02-01,4,240.2967987060547,5.4860277,log,2025-01-04,2025-02-01,4
02,2025-01-04,2025-01-11,1,53.015865325927734,3.9892778,log,2025-01-04,2025-01-11,1
02,2025-01-04,2025-01-18,2,35.1969108581543,3.5889738,log,2025-01-04,2025-01-18,2
02,2025-01-04,2025-01-25,3,26.840991973876953,3.3265095,log,2025-01-04,2025-01-25,3
02,2025-01-04,2025-02-01,4,18.49622917175293,2.970221,log,2025-01-04,2025-02-01,4
04,2025-01-04,2025-01-11,1,1361.2027587890625,7.2168584,log,2025-01-04,2025-01-11,1
04,2025-01-04,2025-01-18,2,864.9228515625,6.763796,log,2025-01-04,2025-01-18,2
04,2025-01-04,2025-01-25,3,644.2595825195312,6.4696527,log,2025-01-04,2025-01-25,3
04,2025-01-04,2025-02-01,4,435.957275390625,6.0798354,log,2025-01-04,2025-02-01,4
05,2025-01-04,2025-01-11,1,214.9256591796875,5.374934,log,2025-01-04,2025-01-11,1
05,2025-01-04,2025-01-18,2,159.89744567871094,5.080767,log,2025-01-04,2025-01-18,2
05,2025-01-04,2025-01-25,3,161.9270782470703,5.0933027,log,2025-01-04,2025-01-25,3
05,2025-01-04,2025-02-01,4,133.8068389892578,4.903843,log,2025-01-04,2025-02-01,4
06,2025-01-04,2025-01-11,1,1423.643310546875,7.261677,log,2025-01-04,2025-01-11,1
06,2025-01-04,2025-01-18,2,939.6525268554688,6.846574,log,2025-01-04,2025-01-18,2
06,2025-01-04,2025-01-25,3,708.8667602539062,6.5650773,log,2025-01-04,2025-01-25,3
06,2025-01-04,2025-02-01,4,649.043212890625,6.477039,log,2025-01-04,2025-02-01,4
08,2025-01-04,2025-01-11,1,572.4010620117188,6.3515854,log,2025-01-04,2025-01-11,1
08,2025-01-04,2025-01-18,2,369.6891174316406,5.915364,log,2025-01-04,2025-01-18,2
08,2025-01-04,2025-01-25,3,376.9080505371094,5.934651,log,2025-01-04,2025-01-25,3
08,2025-01-04,2025-02-01,4,335.0779724121094,5.817343,log,2025-01-04,2025-02-01,4
09,2025-01-04,2025-01-11,1,275.1498107910156,5.6209435,log,2025-01-04,2025-01-11,1
09,2025-01-04,2025-01-18,2,176.79550170898438,5.180634,log,2025-01-04,2025-01-18,2
09,2025-01-04,2025-01-25,3,154.27769470214844,5.045215,log,2025-01-04,2025-01-25,3
09,2025-01-04,2025-02-01,4,131.5345916748047,4.8868437,log,2025-01-04,2025-02-01,4
10,2025-01-04,2025-01-11,1,128.44146728515625,4.863229,log,2025-01-04,2025-01-11,1
10,2025-01-04,2025-01-18,2,96.23394012451172,4.57712,log,2025-01-04,2025-01-18,2
10,2025-01-04,2025-01-25,3,89.4620590209961,4.5049305,log,2025-01-04,2025-01-25,3
10,2025-01-04,2025-02-01,4,58.80183410644531,4.0910363,log,2025-01-04,2025-02-01,4
11,2025-01-04,2025-01-11,1,59.968379974365234,4.1103554,log,2025-01-04,2025-01-11,1
11,2025-01-04,2025-01-18,2,51.48923110961914,3.960608,log,2025-01-04,2025-01-18,2
11,2025-01-04,2025-01-25,3,51.92032241821289,3.9687874,log,2025-01-04,2025-01-25,3
11,2025-01-04,2025-02-01,4,34.727386474609375,3.5759175,log,2025-01-04,2025-02-01,4
12,2025-01-04,2025-01-11,1,1360.81640625,7.2165747,log,2025-01-04,2025-01-11,1
12,2025-01-04,2025-01-18,2,942.698974609375,6.8498073,log,2025-01-04,2025-01-18,2
12,2025-01-04,2025-01-25,3,680.3177490234375,6.524029,log,2025-01-04,2025-01-25,3
12,2025-01-04,2025-02-01,4,585.4287109375,6.374051,log,2025-01-04,2025-02-01,4
13,2025-01-04,2025-01-11,1,712.0880126953125,6.569605,log,2025-01-04,2025-01-11,1
13,2025-01-04,2025-01-18,2,516.5126342773438,6.249034,log,2025-01-04,2025-01-18,2
13,2025-01-04,2025-01-25,3,566.0543212890625,6.340455,log,2025-01-04,2025-01-25,3
13,2025-01-04,2025-02-01,4,418.69525146484375,6.039529,log,2025-01-04,2025-02-01,4
15,2025-01-04,2025-01-11,1,94.66737365722656,4.5608773,log,2025-01-04,2025-01-11,1
15,2025-01-04,2025-01-18,2,67.9673080444336,4.2336326,log,2025-01-04,2025-01-18,2
15,2025-01-04,2025-01-25,3,70.44084930419922,4.26887,log,2025-01-04,2025-01-25,3
15,2025-01-04,2025-02-01,4,53.45026779174805,3.9972878,log,2025-01-04,2025-02-01,4
16,2025-01-04,2025-01-11,1,190.4137725830078,5.2544374,log,2025-01-04,2025-01-11,1
16,2025-01-04,2025-01-18,2,127.8826675415039,4.8589025,log,2025-01-04,2025-01-18,2
16,2025-01-04,2025-01-25,3,117.58352661132812,4.7756176,log,2025-01-04,2025-01-25,3
16,2025-01-04,2025-02-01,4,85.7088851928711,4.4625564,log,2025-01-04,2025-02-01,4
17,2025-01-04,2025-01-11,1,1049.7947998046875,6.957302,log,2025-01-04,2025-01-11,1
17,2025-01-04,2025-01-18,2,596.2537841796875,6.392342,log,2025-01-04,2025-01-18,2
17,2025-01-04,2025-01-25,3,532.1729125976562,6.278846,log,2025-01-04,2025-01-25,3
17,2025-01-04,2025-02-01,4,391.2457580566406,5.9718885,log,2025-01-04,2025-02-01,4
18,2025-01-04,2025-01-11,1,598.0137939453125,6.3952847,log,2025-01-04,2025-01-11,1
18,2025-01-04,2025-01-18,2,385.5726318359375,5.9573197,log,2025-01-04,2025-01-18,2
18,2025-01-04,2025-01-25,3,380.0869140625,5.9430275,log,2025-01-04,2025-01-25,3
18,2025-01-04,2025-02-01,4,302.6046447753906,5.7157264,log,2025-01-04,2025-02-01,4
19,2025-01-04,2025-01-11,1,179.36972045898438,5.1950088,log,2025-01-04,2025-01-11,1
19,2025-01-04,2025-01-18,2,122.96227264404297,4.8199773,log,2025-01-04,2025-01-18,2
19,2025-01-04,2025-01-25,3,121.58568572998047,4.80881,log,2025-01-04,2025-01-25,3
19,2025-01-04,2025-02-01,4,96.27989959716797,4.5775924,log,2025-01-04,2025-02-01,4
20,2025-01-04,2025-01-11,1,280.5018615722656,5.640139,log,2025-01-04,2025-01-11,1
20,2025-01-04,2025-01-18,2,190.64894104003906,5.2556653,log,2025-01-04,2025-01-18,2
20,2025-01-04,2025-01-25,3,166.10108947753906,5.118599,log,2025-01-04,2025-01-25,3
20,2025-01-04,2025-02-01,4,114.63809204101562,4.7504654,log,2025-01-04,2025-02-01,4
21,2025-01-04,2025-01-11,1,441.8724365234375,6.0932817,log,2025-01-04,2025-01-11,1
21,2025-01-04,2025-01-18,2,295.1056213378906,5.6907163,log,2025-01-04,2025-01-18,2
21,2025-01-04,2025-01-25,3,301.1442565917969,5.7109046,log,2025-01-04,2025-01-25,3
21,2025-01-04,2025-02-01,4,225.2455291748047,5.421621,log,2025-01-04,2025-02-01,4
22,2025-01-04,2025-01-11,1,581.051025390625,6.366558,log,2025-01-04,2025-01-11,1
22,2025-01-04,2025-01-18,2,350.64117431640625,5.8626113,log,2025-01-04,2025-01-18,2
22,2025-01-04,2025-01-25,3,391.5932312011719,5.972774,log,2025-01-04,2025-01-25,3
22,2025-01-04,2025-02-01,4,259.9997253417969,5.5645194,log,2025-01-04,2025-02-01,4
23,2025-01-04,2025-01-11,1,64.54981231689453,4.1828103,log,2025-01-04,2025-01-11,1
23,2025-01-04,2025-01-18,2,51.565635681152344,3.9620626,log,2025-01-04,2025-01-18,2
23,2025-01-04,2025-01-25,3,55.933799743652344,4.041889,log,2025-01-04,2025-01-25,3
23,2025-01-04,2025-02-01,4,39.972618103027344,3.712904,log,2025-01-04,2025-02-01,4
24,2025-01-04,2025-01-11,1,349.0031433105469,5.857942,log,2025-01-04,2025-01-11,1
24,2025-01-04,2025-01-18,2,283.29638671875,5.6500173,log,2025-01-04,2025-01-18,2
24,2025-01-04,2025-01-25,3,266.82183837890625,5.590322,log,2025-01-04,2025-01-25,3
24,2025-01-04,2025-02-01,4,211.5501708984375,5.359178,log,2025-01-04,2025-02-01,4
25,2025-01-04,2025-01-11,1,494.4114074707031,6.2053885,log,2025-01-04,2025-01-11,1
25,2025-01-04,2025-01-18,2,340.2039489746094,5.8324804,log,2025-01-04,2025-01-18,2
25,2025-01-04,2025-01-25,3,362.6963806152344,5.8963194,log,2025-01-04,2025-01-25,3
25,2025-01-04,2025-02-01,4,273.9485168457031,5.616584,log,2025-01-04,2025-02-01,4
26,2025-01-04,2025-01-11,1,569.6986694335938,6.3468614,log,2025-01-04,2025-01-11,1
26,2025-01-04,2025-01-18,2,405.39056396484375,6.0073147,log,2025-01-04,2025-01-18,2
26,2025-01-04,2025-01-25,3,479.10211181640625,6.173999,log,2025-01-04,2025-01-25,3
26,2025-01-04,2025-02-01,4,387.4553527832031,5.962178,log,2025-01-04,2025-02-01,4
27,2025-01-04,2025-01-11,1,604.6099853515625,6.406236,log,2025-01-04,2025-01-11,1
27,2025-01-04,2025-01-18,2,432.6492614746094,6.072236,log,2025-01-04,2025-01-18,2
27,2025-01-04,2025-01-25,3,383.7597351074219,5.952619,log,2025-01-04,2025-01-25,3
27,2025-01-04,2025-02-01,4,286.305419921875,5.660546,log,2025-01-04,2025-02-01,4
28,2025-01-04,2025-01-11,1,229.72311401367188,5.4412184,log,2025-01-04,2025-01-11,1
28,2025-01-04,2025-01-18,2,183.12147521972656,5.2155957,log,2025-01-04,2025-01-18,2
28,2025-01-04,2025-01-25,3,165.24972534179688,5.113491,log,2025-01-04,2025-01-25,3
28,2025-01-04,2025-02-01,4,127.62309265136719,4.8568864,log,2025-01-04,2025-02-01,4
29,2025-01-04,2025-01-11,1,564.4312744140625,6.337589,log,2025-01-04,2025-01-11,1
29,2025-01-04,2025-01-18,2,372.6561584472656,5.923336,log,2025-01-04,2025-01-18,2
29,2025-01-04,2025-01-25,3,382.9434509277344,5.9504952,log,2025-01-04,2025-01-25,3
29,2025-01-04,2025-02-01,4,255.18084716796875,5.5458837,log,2025-01-04,2025-02-01,4
30,2025-01-04,2025-01-11,1,60.00164794921875,4.110901,log,2025-01-04,2025-01-11,1
30,2025-01-04,2025-01-18,2,49.68883514404297,3.9257057,log,2025-01-04,2025-01-18,2
30,2025-01-04,2025-01-25,3,47.18349075317383,3.8750165,log,2025-01-04,2025-01-25,3
30,2025-01-04,2025-02-01,4,41.02695846557617,3.7383113,log,2025-01-04,2025-02-01,4
31,2025-01-04,2025-01-11,1,180.68125915527344,5.202254,log,2025-01-04,2025-01-11,1
31,2025-01-04,2025-01-18,2,120.86247253417969,4.802893,log,2025-01-04,2025-01-18,2
31,2025-01-04,2025-01-25,3,91.84376525878906,4.530918,log,2025-01-04,2025-01-25,3
31,2025-01-04,2025-02-01,4,69.79423522949219,4.2597775,log,2025-01-04,2025-02-01,4
32,2025-01-04,2025-01-11,1,331.3263854980469,5.8061175,log,2025-01-04,2025-01-11,1
32,2025-01-04,2025-01-18,2,224.83778381347656,5.419817,log,2025-01-04,2025-01-18,2
32,2025-01-04,2025-01-25,3,206.4875946044922,5.3350716,log,2025-01-04,2025-01-25,3
32,2025-01-04,2025-02-01,4,140.92042541503906,4.9552665,log,2025-01-04,2025-02-01,4
33,2025-01-04,2025-01-11,1,95.735595703125,4.5719814,log,2025-01-04,2025-01-11,1
33,2025-01-04,2025-01-18,2,61.468570709228516,4.1346636,log,2025-01-04,2025-01-18,2
33,2025-01-04,2025-01-25,3,63.658302307128906,4.1691165,log,2025-01-04,2025-01-25,3
33,2025-01-04,2025-02-01,4,48.75603103637695,3.9071317,log,2025-01-04,2025-02-01,4
34,2025-01-04,2025-01-11,1,878.9757690429688,6.7798944,log,2025-01-04,2025-01-11,1
34,2025-01-04,2025-01-18,2,517.1585693359375,6.2502813,log,2025-01-04,2025-01-18,2
34,2025-01-04,2025-01-25,3,511.2652282714844,6.2388425,log,2025-01-04,2025-01-25,3
34,2025-01-04,2025-02-01,4,399.0484619140625,5.9915857,log,2025-01-04,2025-02-01,4
35,2025-01-04,2025-01-11,1,224.65521240234375,5.4190083,log,2025-01-04,2025-01-11,1
35,2025-01-04,2025-01-18,2,189.08128356933594,5.247452,log,2025-01-04,2025-01-18,2
35,2025-01-04,2025-01-25,3,171.5633544921875,5.1507645,log,2025-01-04,2025-01-25,3
35,2025-01-04,2025-02-01,4,124.03172302246094,4.8285675,log,2025-01-04,2025-02-01,4
36,2025-01-04,2025-01-11,1,1212.8211669921875,7.1015286,log,2025-01-04,2025-01-11,1
36,2025-01-04,2025-01-18,2,832.7929077148438,6.725985,log,2025-01-04,2025-01-18,2
36,2025-01-04,2025-01-25,3,767.8387451171875,6.6448812,log,2025-01-04,2025-01-25,3
36,2025-01-04,2025-02-01,4,535.6192626953125,6.285289,log,2025-01-04,2025-02-01,4
37,2025-01-04,2025-01-11,1,723.5645141601562,6.585571,log,2025-01-04,2025-01-11,1
37,2025-01-04,2025-01-18,2,507.3468322753906,6.231164,log,2025-01-04,2025-01-18,2
37,2025-01-04,2025-01-25,3,514.5117797851562,6.24516,log,2025-01-04,2025-01-25,3
37,2025-01-04,2025-02-01,4,532.4066162109375,6.279284,log,2025-01-04,2025-02-01,4
38,2025-01-04,2025-01-11,1,40.3206672668457,3.7213628,log,2025-01-04,2025-01-11,1
38,2025-01-04,2025-01-18,2,38.54585647583008,3.677461,log,2025-01-04,2025-01-18,2
38,2025-01-04,2025-01-25,3,34.36996841430664,3.5658631,log,2025-01-04,2025-01-25,3
38,2025-01-04,2025-02-01,4,34.49861145019531,3.5694935,log,2025-01-04,2025-02-01,4
39,2025-01-04,2025-01-11,1,896.9339599609375,6.8000965,log,2025-01-04,2025-01-11,1
39,2025-01-04,2025-01-18,2,517.488525390625,6.250918,log,2025-01-04,2025-01-18,2
39,2025-01-04,2025-01-25,3,566.07568359375,6.3404927,log,2025-01-04,2025-01-25,3
39,2025-01-04,2025-02-01,4,402.759033203125,6.0008183,log,2025-01-04,2025-02-01,4
40,2025-01-04,2025-01-11,1,324.4254455566406,5.7851334,log,2025-01-04,2025-01-11,1
40,2025-01-04,2025-01-18,2,203.81396484375,5.322102,log,2025-01-04,2025-01-18,2
40,2025-01-04,2025-01-25,3,179.70089721679688,5.196843,log,2025-01-04,2025-01-25,3
40,2025-01-04,2025-02-01,4,137.87750244140625,4.9335923,log,2025-01-04,2025-02-01,4
41,2025-01-04,2025-01-11,1,436.521240234375,6.0811253,log,2025-01-04,2025-01-11,1
41,2025-01-04,2025-01-18,2,268.6184387207031,5.5970078,log,2025-01-04,2025-01-18,2
41,2025-01-04,2025-01-25,3,302.4123229980469,5.7150927,log,2025-01-04,2025-01-25,3
41,2025-01-04,2025-02-01,4,191.3966522216797,5.259559,log,2025-01-04,2025-02-01,4
42,2025-01-04,2025-01-11,1,1177.2841796875,7.0718145,log,2025-01-04,2025-01-11,1
42,2025-01-04,2025-01-18,2,814.5592651367188,6.703874,log,2025-01-04,2025-01-18,2
42,2025-01-04,2025-01-25,3,671.92529296875,6.5116343,log,2025-01-04,2025-01-25,3
42,2025-01-04,2025-02-01,4,565.5469970703125,6.33956,log,2025-01-04,2025-02-01,4
44,2025-01-04,2025-01-11,1,83.07560729980469,4.4317164,log,2025-01-04,2025-01-11,1
44,2025-01-04,2025-01-18,2,57.06084442138672,4.0614915,log,2025-01-04,2025-01-18,2
44,2025-01-04,2025-01-25,3,65.18074035644531,4.1923895,log,2025-01-04,2025-01-25,3
44,2025-01-04,2025-02-01,4,42.87268829345703,3.781292,log,2025-01-04,2025-02-01,4
45,2025-01-04,2025-01-11,1,450.8916320800781,6.1134424,log,2025-01-04,2025-01-11,1
45,2025-01-04,2025-01-18,2,313.3781433105469,5.7505965,log,2025-01-04,2025-01-18,2
45,2025-01-04,2025-01-25,3,316.7022399902344,5.7611146,log,2025-01-04,2025-01-25,3
45,2025-01-04,2025-02-01,4,267.80352783203125,5.593981,log,2025-01-04,2025-02-01,4
46,2025-01-04,2025-01-11,1,42.86126708984375,3.7810316,log,2025-01-04,2025-01-11,1
46,2025-01-04,2025-01-18,2,35.699424743652344,3.602761,log,2025-01-04,2025-01-18,2
46,2025-01-04,2025-01-25,3,34.369285583496094,3.5658438,log,2025-01-04,2025-01-25,3
46,2025-01-04,2025-02-01,4,29.711292266845703,3.4246304,log,2025-01-04,2025-02-01,4
47,2025-01-04,2025-01-11,1,703.941650390625,6.558115,log,2025-01-04,2025-01-11,1
47,2025-01-04,2025-01-18,2,419.3780212402344,6.0411544,log,2025-01-04,2025-01-18,2
47,2025-01-04,2025-01-25,3,432.4884338378906,6.071865,log,2025-01-04,2025-01-25,3
47,2025-01-04,2025-02-01,4,292.7762451171875,5.6828184,log,2025-01-04,2025-02-01,4
48,2025-01-04,2025-01-11,1,1438.1790771484375,7.271828,log,2025-01-04,2025-01-11,1
48,2025-01-04,2025-01-18,2,1035.561279296875,6.943664,log,2025-01-04,2025-01-18,2
48,2025-01-04,2025-01-25,3,802.8825073242188,6.689453,log,2025-01-04,2025-01-25,3
48,2025-01-04,2025-02-01,4,720.9974975585938,6.5820217,log,2025-01-04,2025-02-01,4
49,2025-01-04,2025-01-11,1,331.940185546875,5.807963,log,2025-01-04,2025-01-11,1
49,2025-01-04,2025-01-18,2,185.26625061035156,5.227177,log,2025-01-04,2025-01-18,2
49,2025-01-04,2025-01-25,3,143.7032012939453,4.9746847,log,2025-01-04,2025-01-25,3
49,2025-01-04,2025-02-01,4,87.4190673828125,4.4820876,log,2025-01-04,2025-02-01,4
50,2025-01-04,2025-01-11,1,23.518726348876953,3.1994371,log,2025-01-04,2025-01-11,1
50,2025-01-04,2025-01-18,2,17.1557674407959,2.8989882,log,2025-01-04,2025-01-18,2
50,2025-01-04,2025-01-25,3,14.509432792663574,2.7414484,log,2025-01-04,2025-01-25,3
50,2025-01-04,2025-02-01,4,15.30040454864502,2.79119,log,2025-01-04,2025-02-01,4
51,2025-01-04,2025-01-11,1,557.1782836914062,6.3246784,log,2025-01-04,2025-01-11,1
51,2025-01-04,2025-01-18,2,396.0727233886719,5.9841194,log,2025-01-04,2025-01-18,2
51,2025-01-04,2025-01-25,3,408.4664306640625,6.014855,log,2025-01-04,2025-01-25,3
51,2025-01-04,2025-02-01,4,406.3326721191406,6.00963,log,2025-01-04,2025-02-01,4
53,2025-01-04,2025-01-11,1,440.8666687011719,6.091008,log,2025-01-04,2025-01-11,1
53,2025-01-04,2025-01-18,2,275.0184326171875,5.6204677,log,2025-01-04,2025-01-18,2
53,2025-01-04,2025-01-25,3,352.17742919921875,5.8669705,log,2025-01-04,2025-01-25,3
53,2025-01-04,2025-02-01,4,273.0083923339844,5.6131587,log,2025-01-04,2025-02-01,4
54,2025-01-04,2025-01-11,1,156.93678283691406,5.062195,log,2025-01-04,2025-01-11,1
54,2025-01-04,2025-01-18,2,134.863037109375,4.9116473,log,2025-01-04,2025-01-18,2
54,2025-01-04,2025-01-25,3,109.08827209472656,4.7012825,log,2025-01-04,2025-01-25,3
54,2025-01-04,2025-02-01,4,109.30496978759766,4.703249,log,2025-01-04,2025-02-01,4
55,2025-01-04,2025-01-11,1,344.8715515136719,5.8460674,log,2025-01-04,2025-01-11,1
55,2025-01-04,2025-01-18,2,226.50477600097656,5.427171,log,2025-01-04,2025-01-18,2
55,2025-01-04,2025-01-25,3,225.638671875,5.423357,log,2025-01-04,2025-01-25,3
55,2025-01-04,2025-02-01,4,164.12603759765625,5.106709,log,2025-01-04,2025-02-01,4
56,2025-01-04,2025-01-11,1,85.92900085449219,4.4650917,log,2025-01-04,2025-01-11,1
56,2025-01-04,2025-01-18,2,64.96759796142578,4.1891637,log,2025-01-04,2025-01-18,2
56,2025-01-04,2025-01-25,3,59.93071365356445,4.1097374,log,2025-01-04,2025-01-25,3
56,2025-01-04,2025-02-01,4,44.56825256347656,3.8192112,log,2025-01-04,2025-02-01,4
72,2025-01-04,2025-01-11,1,804.3450317382812,6.691271,log,2025-01-04,2025-01-11,1
72,2025-01-04,2025-01-18,2,612.6861572265625,6.4194837,log,2025-01-04,2025-01-18,2
72,2025-01-04,2025-01-25,3,390.34918212890625,5.9696,log,2025-01-04,2025-01-25,3
72,2025-01-04,2025-02-01,4,250.89724731445312,5.5290213,log,2025-01-04,2025-02-01,4
US,2025-01-04,2025-01-11,1,11884.199999999999,7.2767687,log,2025-01-04,2025-01-11,1
US,2025-01-04,2025-01-18,2,3386.9969999999994,6.845518,log,2025-01-04,2025-01-18,2
US,2025-01-04,2025-01-25,3,914.4891899999999,6.470892,log,2025-01-04,2025-01-25,3
US,2025-01-04,2025-02-01,4,611.89013671875,6.4181857,log,2025-01-04,2025-02-01,4
01,2025-01-11,2025-01-18,1,409.6871643066406,6.017832,log,2025-01-11,2025-01-18,1
01,2025-01-11,2025-01-25,2,286.35858154296875,5.660731,log,2025-01-11,2025-01-25,2
01,2025-01-11,2025-02-01,3,287.007568359375,5.6629868,log,2025-01-11,2025-02-01,3
01,2025-01-11,2025-02-08,4,169.9312744140625,5.1412616,log,2025-01-11,2025-02-08,4
02,2025-01-11,2025-01-18,1,31.113811492919922,3.4692862,log,2025-01-11,2025-01-18,1
02,2025-01-11,2025-01-25,2,18.590822219848633,2.9750612,log,2025-01-11,2025-01-25,2
02,2025-01-11,2025-02-01,3,17.124286651611328,2.8972528,log,2025-01-11,2025-02-01,3
02,2025-01-11,2025-02-08,4,13.844836235046387,2.697652,log,2025-01-11,2025-02-08,4
04,2025-01-11,2025-01-18,1,1011.6464233398438,6.9203224,log,2025-01-11,2025-01-18,1
04,2025-01-11,2025-01-25,2,752.5773315429688,6.6248317,log,2025-01-11,2025-01-25,2
04,2025-01-11,2025-02-01,3,569.9660034179688,6.3473296,log,2025-01-11,2025-02-01,3
04,2025-01-11,2025-02-08,4,341.5178527832031,5.8363237,log,2025-01-11,2025-02-08,4
05,2025-01-11,2025-01-18,1,132.09945678710938,4.8910966,log,2025-01-11,2025-01-18,1
05,2025-01-11,2025-01-25,2,119.4149398803711,4.7909436,log,2025-01-11,2025-01-25,2
05,2025-01-11,2025-02-01,3,135.0370330810547,4.912927,log,2025-01-11,2025-02-01,3
05,2025-01-11,2025-02-08,4,102.14616394042969,4.636147,log,2025-01-11,2025-02-08,4
06,2025-01-11,2025-01-18,1,1118.6490478515625,7.0207705,log,2025-01-11,2025-01-18,1
06,2025-01-11,2025-01-25,2,838.3796997070312,6.732663,log,2025-01-11,2025-01-25,2
06,2025-01-11,2025-02-01,3,785.0986328125,6.6670823,log,2025-01-11,2025-02-01,3
06,2025-01-11,2025-02-08,4,457.08563232421875,6.127056,log,2025-01-11,2025-02-08,4
08,2025-01-11,2025-01-18,1,403.8249206542969,6.0034547,log,2025-01-11,2025-01-18,1
08,2025-01-11,2025-01-25,2,287.8744812011719,5.6659923,log,2025-01-11,2025-01-25,2
08,2025-01-11,2025-02-01,3,274.9576416015625,5.6202474,log,2025-01-11,2025-02-01,3
08,2025-01-11,2025-02-08,4,191.27944946289062,5.2589498,log,2025-01-11,2025-02-08,4
09,2025-01-11,2025-01-18,1,198.37567138671875,5.295191,log,2025-01-11,2025-01-18,1
09,2025-01-11,2025-01-25,2,136.38656616210938,4.9227986,log,2025-01-11,2025-01-25,2
09,2025-01-11,2025-02-01,3,149.54559326171875,5.014266,log,2025-01-11,2025-02-01,3
09,2025-01-11,2025-02-08,4,101.28205108642578,4.627734,log,2025-01-11,2025-02-08,4
10,2025-01-11,2025-01-18,1,93.51301574707031,4.5487375,log,2025-01-11,2025-01-18,1
10,2025-01-11,2025-01-25,2,60.31166458129883,4.11597,log,2025-01-11,2025-01-25,2
10,2025-01-11,2025-02-01,3,59.39080047607422,4.1008368,log,2025-01-11,2025-02-01,3
10,2025-01-11,2025-02-08,4,41.64733123779297,3.7529647,log,2025-01-11,2025-02-08,4
11,2025-01-11,2025-01-18,1,40.7918586730957,3.7327015,log,2025-01-11,2025-01-18,1
11,2025-01-11,2025-01-25,2,33.42802810668945,3.538871,log,2025-01-11,2025-01-25,2
11,2025-01-11,2025-02-01,3,33.35647201538086,3.5367904,log,2025-01-11,2025-02-01,3
11,2025-01-11,2025-02-08,4,31.490646362304688,3.4809523,log,2025-01-11,2025-02-08,4
12,2025-01-11,2025-01-18,1,1228.995849609375,7.114766,log,2025-01-11,2025-01-18,1
12,2025-01-11,2025-01-25,2,912.77685546875,6.8175864,log,2025-01-11,2025-01-25,2
12,2025-01-11,2025-02-01,3,962.9246826171875,6.871013,log,2025-01-11,2025-02-01,3
12,2025-01-11,2025-02-08,4,491.436767578125,6.199366,log,2025-01-11,2025-02-08,4
13,2025-01-11,2025-01-18,1,638.232666015625,6.4602685,log,2025-01-11,2025-01-18,1
13,2025-01-11,2025-01-25,2,468.3505859375,6.15135,log,2025-01-11,2025-01-25,2
13,2025-01-11,2025-02-01,3,484.0950012207031,6.184345,log,2025-01-11,2025-02-01,3
13,2025-01-11,2025-02-08,4,296.534423828125,5.69553,log,2025-01-11,2025-02-08,4
15,2025-01-11,2025-01-18,1,86.27705383300781,4.4690876,log,2025-01-11,2025-01-18,1
15,2025-01-11,2025-01-25,2,63.71234130859375,4.169952,log,2025-01-11,2025-01-25,2
15,2025-01-11,2025-02-01,3,62.568115234375,4.152112,log,2025-01-11,2025-02-01,3
15,2025-01-11,2025-02-08,4,42.65184783935547,3.7762456,log,2025-01-11,2025-02-08,4
16,2025-01-11,2025-01-18,1,97.45594024658203,4.589609,log,2025-01-11,2025-01-18,1
16,2025-01-11,2025-01-25,2,62.34302520751953,4.148565,log,2025-01-11,2025-01-25,2
16,2025-01-11,2025-02-01,3,61.02495193481445,4.127537,log,2025-01-11,2025-02-01,3
16,2025-01-11,2025-02-08,4,55.08293914794922,4.0268316,log,2025-01-11,2025-02-08,4
17,2025-01-11,2025-01-18,1,988.9156494140625,6.8976197,log,2025-01-11,2025-01-18,1
17,2025-01-11,2025-01-25,2,677.9784545898438,6.5205894,log,2025-01-11,2025-01-25,2
17,2025-01-11,2025-02-01,3,598.37353515625,6.395885,log,2025-01-11,2025-02-01,3
17,2025-01-11,2025-02-08,4,295.62567138671875,5.692471,log,2025-01-11,2025-02-08,4
18,2025-01-11,2025-01-18,1,407.28277587890625,6.01196,log,2025-01-11,2025-01-18,1
18,2025-01-11,2025-01-25,2,309.5556945800781,5.7383633,log,2025-01-11,2025-01-25,2
18,2025-01-11,2025-02-01,3,298.5386047363281,5.7022433,log,2025-01-11,2025-02-01,3
18,2025-01-11,2025-02-08,4,241.51014709472656,5.4910436,log,2025-01-11,2025-02-08,4
19,2025-01-11,2025-01-18,1,201.2419891357422,5.309465,log,2025-01-11,2025-01-18,1
19,2025-01-11,2025-01-25,2,157.82998657226562,5.0678344,log,2025-01-11,2025-01-25,2
19,2025-01-11,2025-02-01,3,128.0349884033203,4.8600836,log,2025-01-11,2025-02-01,3
19,2025-01-11,2025-02-08,4,77.2239761352539,4.359576,log,2025-01-11,2025-02-08,4
20,2025-01-11,2025-01-18,1,171.40017700195312,5.1498184,log,2025-01-11,2025-01-18,1
20,2025-01-11,2025-01-25,2,113.67998504638672,4.7421455,log,2025-01-11,2025-01-25,2
20,2025-01-11,2025-02-01,3,99.3121566772461,4.608287,log,2025-01-11,2025-02-01,3
20,2025-01-11,2025-02-08,4,98.77528381347656,4.6029205,log,2025-01-11,2025-02-08,4
21,2025-01-11,2025-01-18,1,343.6405944824219,5.842502,log,2025-01-11,2025-01-18,1
21,2025-01-11,2025-01-25,2,247.94569396972656,5.517235,log,2025-01-11,2025-01-25,2
21,2025-01-11,2025-02-01,3,212.4842529296875,5.363563,log,2025-01-11,2025-02-01,3
21,2025-01-11,2025-02-08,4,154.38258361816406,5.0458903,log,2025-01-11,2025-02-08,4
22,2025-01-11,2025-01-18,1,405.5840148925781,6.0077906,log,2025-01-11,2025-01-18,1
22,2025-01-11,2025-01-25,2,275.788818359375,5.623255,log,2025-01-11,2025-01-25,2
22,2025-01-11,2025-02-01,3,271.8606262207031,5.608961,log,2025-01-11,2025-02-01,3
22,2025-01-11,2025-02-08,4,234.43690490722656,5.461443,log,2025-01-11,2025-02-08,4
23,2025-01-11,2025-01-18,1,72.44339752197266,4.296515,log,2025-01-11,2025-01-18,1
23,2025-01-11,2025-01-25,2,61.26343536376953,4.1313744,log,2025-01-11,2025-01-25,2
23,2025-01-11,2025-02-01,3,53.53031921386719,3.998757,log,2025-01-11,2025-02-01,3
23,2025-01-11,2025-02-08,4,46.40962219238281,3.8588252,log,2025-01-11,2025-02-08,4
24,2025-01-11,2025-01-18,1,264.8704833984375,5.5830092,log,2025-01-11,2025-01-18,1
24,2025-01-11,2025-01-25,2,217.73089599609375,5.387842,log,2025-01-11,2025-01-25,2
24,2025-01-11,2025-02-01,3,199.4659423828125,5.3006444,log,2025-01-11,2025-02-01,3
24,2025-01-11,2025-02-08,4,160.42599487304688,5.084047,log,2025-01-11,2025-02-08,4
25,2025-01-11,2025-01-18,1,435.98101806640625,6.07989,log,2025-01-11,2025-01-18,1
25,2025-01-11,2025-01-25,2,331.9149475097656,5.807887,log,2025-01-11,2025-01-25,2
25,2025-01-11,2025-02-01,3,343.88848876953125,5.843221,log,2025-01-11,2025-02-01,3
25,2025-01-11,2025-02-08,4,247.4139862060547,5.5150967,log,2025-01-11,2025-02-08,4
26,2025-01-11,2025-01-18,1,615.306640625,6.4237447,log,2025-01-11,2025-01-18,1
26,2025-01-11,2025-01-25,2,487.8269348144531,6.1920085,log,2025-01-11,2025-01-25,2
26,2025-01-11,2025-02-01,3,460.07080078125,6.1335516,log,2025-01-11,2025-02-01,3
26,2025-01-11,2025-02-08,4,327.8025207519531,5.7954574,log,2025-01-11,2025-02-08,4
27,2025-01-11,2025-01-18,1,508.4356384277344,6.2333035,log,2025-01-11,2025-01-18,1
27,2025-01-11,2025-01-25,2,453.4078674316406,6.118995,log,2025-01-11,2025-01-25,2
27,2025-01-11,2025-02-01,3,451.8502502441406,6.1155615,log,2025-01-11,2025-02-01,3
27,2025-01-11,2025-02-08,4,366.0991516113281,5.905632,log,2025-01-11,2025-02-08,4
28,2025-01-11,2025-01-18,1,185.45713806152344,5.2282014,log,2025-01-11,2025-01-18,1
28,2025-01-11,2025-01-25,2,146.42984008789062,4.9933524,log,2025-01-11,2025-01-25,2
28,2025-01-11,2025-02-01,3,128.68228149414062,4.8650875,log,2025-01-11,2025-02-01,3
28,2025-01-11,2025-02-08,4,113.9356460571289,4.7443724,log,2025-01-11,2025-02-08,4
29,2025-01-11,2025-01-18,1,454.11285400390625,6.1205454,log,2025-01-11,2025-01-18,1
29,2025-01-11,2025-01-25,2,331.8398742675781,5.8076615,log,2025-01-11,2025-01-25,2
29,2025-01-11,2025-02-01,3,323.4964904785156,5.7822747,log,2025-01-11,2025-02-01,3
29,2025-01-11,2025-02-08,4,214.29275512695312,5.371999,log,2025-01-11,2025-02-08,4
30,2025-01-11,2025-01-18,1,77.50052642822266,4.3631053,log,2025-01-11,2025-01-18,1
30,2025-01-11,2025-01-25,2,53.811763763427734,4.003905,log,2025-01-11,2025-01-25,2
30,2025-01-11,2025-02-01,3,48.514556884765625,3.9022667,log,2025-01-11,2025-02-01,3
30,2025-01-11,2025-02-08,4,49.01054382324219,3.9122338,log,2025-01-11,2025-02-08,4
31,2025-01-11,2025-01-18,1,136.3657989501953,4.9226475,log,2025-01-11,2025-01-18,1
31,2025-01-11,2025-01-25,2,100.77719116210938,4.622786,log,2025-01-11,2025-01-25,2
31,2025-01-11,2025-02-01,3,88.919189453125,4.4989114,log,2025-01-11,2025-02-01,3
31,2025-01-11,2025-02-08,4,56.153499603271484,4.0457406,log,2025-01-11,2025-02-08,4
32,2025-01-11,2025-01-18,1,219.16383361816406,5.394372,log,2025-01-11,2025-01-18,1
32,2025-01-11,2025-01-25,2,131.42935180664062,4.8860493,log,2025-01-11,2025-01-25,2
32,2025-01-11,2025-02-01,3,132.32965087890625,4.8928246,log,2025-01-11,2025-02-01,3
32,2025-01-11,2025-02-08,4,120.06136322021484,4.7962976,log,2025-01-11,2025-02-08,4
33,2025-01-11,2025-01-18,1,83.68852233886719,4.43898,log,2025-01-11,2025-01-18,1
33,2025-01-11,2025-01-25,2,57.44795608520508,4.0681367,log,2025-01-11,2025-01-25,2
33,2025-01-11,2025-02-01,3,57.06480407714844,4.0615597,log,2025-01-11,2025-02-01,3
33,2025-01-11,2025-02-08,4,41.75679016113281,3.755528,log,2025-01-11,2025-02-08,4
34,2025-01-11,2025-01-18,1,774.0735473632812,6.652958,log,2025-01-11,2025-01-18,1
34,2025-01-11,2025-01-25,2,643.22900390625,6.4680543,log,2025-01-11,2025-01-25,2
34,2025-01-11,2025-02-01,3,606.0245971679688,6.4085693,log,2025-01-11,2025-02-01,3
34,2025-01-11,2025-02-08,4,278.1019287109375,5.631577,log,2025-01-11,2025-02-08,4
35,2025-01-11,2025-01-18,1,187.23907470703125,5.237713,log,2025-01-11,2025-01-18,1
35,2025-01-11,2025-01-25,2,117.81819915771484,4.7775946,log,2025-01-11,2025-01-25,2
35,2025-01-11,2025-02-01,3,102.72005462646484,4.6416955,log,2025-01-11,2025-02-01,3
35,2025-01-11,2025-02-08,4,100.98613739013672,4.624837,log,2025-01-11,2025-02-08,4
36,2025-01-11,2025-01-18,1,1100.5128173828125,7.00444,log,2025-01-11,2025-01-18,1
36,2025-01-11,2025-01-25,2,808.5757446289062,6.6965103,log,2025-01-11,2025-01-25,2
36,2025-01-11,2025-02-01,3,683.0420532226562,6.5280194,log,2025-01-11,2025-02-01,3
36,2025-01-11,2025-02-08,4,361.45159912109375,5.892891,log,2025-01-11,2025-02-08,4
37,2025-01-11,2025-01-18,1,546.494384765625,6.305352,log,2025-01-11,2025-01-18,1
37,2025-01-11,2025-01-25,2,543.7852172851562,6.3003917,log,2025-01-11,2025-01-25,2
37,2025-01-11,2025-02-01,3,539.1901245117188,6.291921,log,2025-01-11,2025-02-01,3
37,2025-01-11,2025-02-08,4,421.3851318359375,6.0459175,log,2025-01-11,2025-02-08,4
38,2025-01-11,2025-01-18,1,36.76445007324219,3.6313682,log,2025-01-11,2025-01-18,1
38,2025-01-11,2025-01-25,2,34.19573974609375,3.560925,log,2025-01-11,2025-01-25,2
38,2025-01-11,2025-02-01,3,24.428293228149414,3.2358625,log,2025-01-11,2025-02-01,3
38,2025-01-11,2025-02-08,4,20.269636154174805,3.0572805,log,2025-01-11,2025-02-08,4
39,2025-01-11,2025-01-18,1,733.8316040039062,6.5996413,log,2025-01-11,2025-01-18,1
39,2025-01-11,2025-01-25,2,641.8668212890625,6.4659376,log,2025-01-11,2025-01-25,2
39,2025-01-11,2025-02-01,3,605.9378051757812,6.4084263,log,2025-01-11,2025-02-01,3
39,2025-01-11,2025-02-08,4,331.122802734375,5.805505,log,2025-01-11,2025-02-08,4
40,2025-01-11,2025-01-18,1,229.34695434570312,5.4395866,log,2025-01-11,2025-01-18,1
40,2025-01-11,2025-01-25,2,145.8067626953125,4.989117,log,2025-01-11,2025-01-25,2
40,2025-01-11,2025-02-01,3,133.39234924316406,4.9007635,log,2025-01-11,2025-02-01,3
40,2025-01-11,2025-02-08,4,110.49467468261719,4.713977,log,2025-01-11,2025-02-08,4
41,2025-01-11,2025-01-18,1,244.5578155517578,5.5035324,log,2025-01-11,2025-01-18,1
41,2025-01-11,2025-01-25,2,190.36439514160156,5.2541795,log,2025-01-11,2025-01-25,2
41,2025-01-11,2025-02-01,3,185.9386749267578,5.2307806,log,2025-01-11,2025-02-01,3
41,2025-01-11,2025-02-08,4,146.23524475097656,4.9920316,log,2025-01-11,2025-02-08,4
42,2025-01-11,2025-01-18,1,1253.6800537109375,7.134636,log,2025-01-11,2025-01-18,1
42,2025-01-11,2025-01-25,2,844.8706665039062,6.7403665,log,2025-01-11,2025-01-25,2
42,2025-01-11,2025-02-01,3,755.7093505859375,6.628979,log,2025-01-11,2025-02-01,3
42,2025-01-11,2025-02-08,4,359.44525146484375,5.88734,log,2025-01-11,2025-02-08,4
44,2025-01-11,2025-01-18,1,49.24632263183594,3.9169374,log,2025-01-11,2025-01-18,1
44,2025-01-11,2025-01-25,2,37.205406188964844,3.642977,log,2025-01-11,2025-01-25,2
44,2025-01-11,2025-02-01,3,41.00110626220703,3.737696,log,2025-01-11,2025-02-01,3
44,2025-01-11,2025-02-08,4,33.08955383300781,3.528991,log,2025-01-11,2025-02-08,4
45,2025-01-11,2025-01-18,1,326.0177001953125,5.7900143,log,2025-01-11,2025-01-18,1
45,2025-01-11,2025-01-25,2,263.86590576171875,5.5792236,log,2025-01-11,2025-01-25,2
45,2025-01-11,2025-02-01,3,250.0531768798828,5.525665,log,2025-01-11,2025-02-01,3
45,2025-01-11,2025-02-08,4,182.35861206054688,5.211444,log,2025-01-11,2025-02-08,4
46,2025-01-11,2025-01-18,1,38.580020904541016,3.6783245,log,2025-01-11,2025-01-18,1
46,2025-01-11,2025-01-25,2,35.05078887939453,3.5849288,log,2025-01-11,2025-01-25,2
46,2025-01-11,2025-02-01,3,24.00361442565918,3.2190204,log,2025-01-11,2025-02-01,3
46,2025-01-11,2025-02-08,4,21.342472076416016,3.1064894,log,2025-01-11,2025-02-08,4
47,2025-01-11,2025-01-18,1,530.4218139648438,6.275556,log,2025-01-11,2025-01-18,1
47,2025-01-11,2025-01-25,2,411.08563232421875,6.021231,log,2025-01-11,2025-01-25,2
47,2025-01-11,2025-02-01,3,384.5599365234375,5.9546967,log,2025-01-11,2025-02-01,3
47,2025-01-11,2025-02-08,4,283.5575866699219,5.6509356,log,2025-01-11,2025-02-08,4
48,2025-01-11,2025-01-18,1,1102.597412109375,7.0063305,log,2025-01-11,2025-01-18,1
48,2025-01-11,2025-01-25,2,876.2571411132812,6.7768,log,2025-01-11,2025-01-25,2
48,2025-01-11,2025-02-01,3,920.377685546875,6.82587,log,2025-01-11,2025-02-01,3
48,2025-01-11,2025-02-08,4,609.4713134765625,6.4142313,log,2025-01-11,2025-02-08,4
49,2025-01-11,2025-01-18,1,206.51846313476562,5.3352203,log,2025-01-11,2025-01-18,1
49,2025-01-11,2025-01-25,2,124.81224822998047,4.8347907,log,2025-01-11,2025-01-25,2
49,2025-01-11,2025-02-01,3,102.15294647216797,4.636213,log,2025-01-11,2025-02-01,3
49,2025-01-11,2025-02-08,4,83.1797866821289,4.432955,log,2025-01-11,2025-02-08,4
50,2025-01-11,2025-01-18,1,24.884910583496094,3.2536602,log,2025-01-11,2025-01-18,1
50,2025-01-11,2025-01-25,2,20.526641845703125,3.0692914,log,2025-01-11,2025-01-25,2
50,2025-01-11,2025-02-01,3,22.440536499023438,3.1544669,log,2025-01-11,2025-02-01,3
50,2025-01-11,2025-02-08,4,17.062042236328125,2.8938127,log,2025-01-11,2025-02-08,4
51,2025-01-11,2025-01-18,1,370.7182312011719,5.918136,log,2025-01-11,2025-01-18,1
51,2025-01-11,2025-01-25,2,312.1329345703125,5.746628,log,2025-01-11,2025-01-25,2
51,2025-01-11,2025-02-01,3,292.0749816894531,5.6804285,log,2025-01-11,2025-02-01,3
51,2025-01-11,2025-02-08,4,330.1741027832031,5.8026443,log,2025-01-11,2025-02-08,4
53,2025-01-11,2025-01-18,1,369.6454772949219,5.915246,log,2025-01-11,2025-01-18,1
53,2025-01-11,2025-01-25,2,265.3092346191406,5.584658,log,2025-01-11,2025-01-25,2
53,2025-01-11,2025-02-01,3,215.25404357910156,5.376454,log,2025-01-11,2025-02-01,3
53,2025-01-11,2025-02-08,4,185.22265625,5.226943,log,2025-01-11,2025-02-08,4
54,2025-01-11,2025-01-18,1,125.32978057861328,4.838896,log,2025-01-11,2025-01-18,1
54,2025-01-11,2025-01-25,2,99.3097152709961,4.6082625,log,2025-01-11,2025-01-25,2
54,2025-01-11,2025-02-01,3,96.91471862792969,4.584097,log,2025-01-11,2025-02-01,3
54,2025-01-11,2025-02-08,4,69.38573455810547,4.2539907,log,2025-01-11,2025-02-08,4
55,2025-01-11,2025-01-18,1,267.65771484375,5.593438,log,2025-01-11,2025-01-18,1
55,2025-01-11,2025-01-25,2,215.77955627441406,5.378881,log,2025-01-11,2025-01-25,2
55,2025-01-11,2025-02-01,3,200.76808166503906,5.307119,log,2025-01-11,2025-02-01,3
55,2025-01-11,2025-02-08,4,148.3172149658203,5.006073,log,2025-01-11,2025-02-08,4
56,2025-01-11,2025-01-18,1,43.870521545410156,3.803781,log,2025-01-11,2025-01-18,1
56,2025-01-11,2025-01-25,2,36.02745056152344,3.6116595,log,2025-01-11,2025-01-25,2
56,2025-01-11,2025-02-01,3,31.012920379638672,3.4661396,log,2025-01-11,2025-02-01,3
56,2025-01-11,2025-02-08,4,28.522342681884766,3.3851473,log,2025-01-11,2025-02-08,4
72,2025-01-11,2025-01-18,1,966.6710815429688,6.874892,log,2025-01-11,2025-01-18,1
72,2025-01-11,2025-01-25,2,661.7725219726562,6.496432,log,2025-01-11,2025-01-25,2
72,2025-01-11,2025-02-01,3,513.6400756835938,6.243468,log,2025-01-11,2025-02-01,3
72,2025-01-11,2025-02-08,4,263.0435791015625,5.576114,log,2025-01-11,2025-02-08,4
US,2025-01-11,2025-01-18,1,9546.9,7.0665927,log,2025-01-11,2025-01-18,1
US,2025-01-11,2025-01-25,2,2720.8664999999996,6.753539,log,2025-01-11,2025-01-25,2
US,2025-01-11,2025-02-01,3,893.2344970703125,6.795968,log,2025-01-11,2025-02-01,3
US,2025-01-11,2025-02-08,4,483.78607177734375,6.1837077,log,2025-01-11,2025-02-08,4
01,2025-01-18,2025-01-25,1,390.36932373046875,5.9696517,log,2025-01-18,2025-01-25,1
01,2025-01-18,2025-02-01,2,244.9828643798828,5.505262,log,2025-01-18,2025-02-01,2
01,2025-01-18,2025-02-08,3,201.2286834716797,5.309399,log,2025-01-18,2025-02-08,3
01,2025-01-18,2025-02-15,4,215.4604949951172,5.377408,log,2025-01-18,2025-02-15,4
02,2025-01-18,2025-01-25,1,23.772647857666016,3.2097402,log,2025-01-18,2025-01-25,1
02,2025-01-18,2025-02-01,2,17.329423904418945,2.9085076,log,2025-01-18,2025-02-01,2
02,2025-01-18,2025-02-08,3,13.562127113342285,2.6784241,log,2025-01-18,2025-02-08,3
02,2025-01-18,2025-02-15,4,12.292128562927246,2.587172,log,2025-01-18,2025-02-15,4
04,2025-01-18,2025-01-25,1,492.318359375,6.2011547,log,2025-01-18,2025-01-25,1
04,2025-01-18,2025-02-01,2,337.5906677246094,5.824792,log,2025-01-18,2025-02-01,2
04,2025-01-18,2025-02-08,3,351.3656311035156,5.8646693,log,2025-01-18,2025-02-08,3
04,2025-01-18,2025-02-15,4,287.19879150390625,5.6636505,log,2025-01-18,2025-02-15,4
05,2025-01-18,2025-01-25,1,194.3397216796875,5.27474,log,2025-01-18,2025-01-25,1
05,2025-01-18,2025-02-01,2,170.40638732910156,5.1440372,log,2025-01-18,2025-02-01,2
05,2025-01-18,2025-02-08,3,121.55669403076172,4.8085737,log,2025-01-18,2025-02-08,3
05,2025-01-18,2025-02-15,4,159.21461486816406,5.0765142,log,2025-01-18,2025-02-15,4
06,2025-01-18,2025-01-25,1,1633.8514404296875,7.3993073,log,2025-01-18,2025-01-25,1
06,2025-01-18,2025-02-01,2,1071.758544921875,6.9779887,log,2025-01-18,2025-02-01,2
06,2025-01-18,2025-02-08,3,760.8439331054688,6.6357417,log,2025-01-18,2025-02-08,3
06,2025-01-18,2025-02-15,4,681.3851318359375,6.525594,log,2025-01-18,2025-02-15,4
08,2025-01-18,2025-01-25,1,538.075439453125,6.2898555,log,2025-01-18,2025-01-25,1
08,2025-01-18,2025-02-01,2,355.3714904785156,5.8759737,log,2025-01-18,2025-02-01,2
08,2025-01-18,2025-02-08,3,305.002197265625,5.7235923,log,2025-01-18,2025-02-08,3
08,2025-01-18,2025-02-15,4,281.09161376953125,5.642232,log,2025-01-18,2025-02-15,4
09,2025-01-18,2025-01-25,1,200.52691650390625,5.305923,log,2025-01-18,2025-01-25,1
09,2025-01-18,2025-02-01,2,145.9605712890625,4.9901643,log,2025-01-18,2025-02-01,2
09,2025-01-18,2025-02-08,3,117.20077514648438,4.7723846,log,2025-01-18,2025-02-08,3
09,2025-01-18,2025-02-15,4,118.53610229492188,4.7836185,log,2025-01-18,2025-02-15,4
10,2025-01-18,2025-01-25,1,84.81401062011719,4.4521823,log,2025-01-18,2025-01-25,1
10,2025-01-18,2025-02-01,2,60.0797119140625,4.1121798,log,2025-01-18,2025-02-01,2
10,2025-01-18,2025-02-08,3,44.70583724975586,3.822226,log,2025-01-18,2025-02-08,3
10,2025-01-18,2025-02-15,4,29.031373977661133,3.4022427,log,2025-01-18,2025-02-15,4
11,2025-01-18,2025-01-25,1,34.037506103515625,3.5564191,log,2025-01-18,2025-01-25,1
11,2025-01-18,2025-02-01,2,30.26015853881836,3.4423444,log,2025-01-18,2025-02-01,2
11,2025-01-18,2025-02-08,3,20.724464416503906,3.078439,log,2025-01-18,2025-02-08,3
11,2025-01-18,2025-02-15,4,20.79125213623047,3.0815086,log,2025-01-18,2025-02-15,4
12,2025-01-18,2025-01-25,1,1770.7886962890625,7.479745,log,2025-01-18,2025-01-25,1
12,2025-01-18,2025-02-01,2,1267.2906494140625,7.1454253,log,2025-01-18,2025-02-01,2
12,2025-01-18,2025-02-08,3,1051.010498046875,6.9584584,log,2025-01-18,2025-02-08,3
12,2025-01-18,2025-02-15,4,777.0618286132812,6.656806,log,2025-01-18,2025-02-15,4
13,2025-01-18,2025-01-25,1,963.4166259765625,6.8715234,log,2025-01-18,2025-01-25,1
13,2025-01-18,2025-02-01,2,723.5821533203125,6.585595,log,2025-01-18,2025-02-01,2
13,2025-01-18,2025-02-08,3,490.88623046875,6.1982474,log,2025-01-18,2025-02-08,3
13,2025-01-18,2025-02-15,4,556.7608642578125,6.3239303,log,2025-01-18,2025-02-15,4
15,2025-01-18,2025-01-25,1,76.60227966308594,4.351597,log,2025-01-18,2025-01-25,1
15,2025-01-18,2025-02-01,2,46.586055755615234,3.8625398,log,2025-01-18,2025-02-01,2
15,2025-01-18,2025-02-08,3,49.20180130004883,3.916051,log,2025-01-18,2025-02-08,3
15,2025-01-18,2025-02-15,4,37.81035614013672,3.658687,log,2025-01-18,2025-02-15,4
16,2025-01-18,2025-01-25,1,84.99970245361328,4.454344,log,2025-01-18,2025-01-25,1
16,2025-01-18,2025-02-01,2,55.14217758178711,4.0278873,log,2025-01-18,2025-02-01,2
16,2025-01-18,2025-02-08,3,40.4986457824707,3.7256608,log,2025-01-18,2025-02-08,3
16,2025-01-18,2025-02-15,4,49.88964080810547,3.9296594,log,2025-01-18,2025-02-15,4
17,2025-01-18,2025-01-25,1,1273.6778564453125,7.150449,log,2025-01-18,2025-01-25,1
17,2025-01-18,2025-02-01,2,751.2432861328125,6.6230597,log,2025-01-18,2025-02-01,2
17,2025-01-18,2025-02-08,3,516.062744140625,6.248164,log,2025-01-18,2025-02-08,3
17,2025-01-18,2025-02-15,4,428.98455810546875,6.0637493,log,2025-01-18,2025-02-15,4
18,2025-01-18,2025-01-25,1,614.0507202148438,6.421705,log,2025-01-18,2025-01-25,1
18,2025-01-18,2025-02-01,2,359.3684387207031,5.887127,log,2025-01-18,2025-02-01,2
18,2025-01-18,2025-02-08,3,291.2889709472656,5.677743,log,2025-01-18,2025-02-08,3
18,2025-01-18,2025-02-15,4,266.0663757324219,5.587497,log,2025-01-18,2025-02-15,4
19,2025-01-18,2025-01-25,1,204.23190307617188,5.3241405,log,2025-01-18,2025-01-25,1
19,2025-01-18,2025-02-01,2,139.50523376464844,4.945245,log,2025-01-18,2025-02-01,2
19,2025-01-18,2025-02-08,3,103.49596405029297,4.6491485,log,2025-01-18,2025-02-08,3
19,2025-01-18,2025-02-15,4,91.74946594238281,4.529902,log,2025-01-18,2025-02-15,4
20,2025-01-18,2025-01-25,1,175.72727966308594,5.1746078,log,2025-01-18,2025-01-25,1
20,2025-01-18,2025-02-01,2,104.05091857910156,4.654445,log,2025-01-18,2025-02-01,2
20,2025-01-18,2025-02-08,3,72.71660614013672,4.300228,log,2025-01-18,2025-02-08,3
20,2025-01-18,2025-02-15,4,79.46195983886719,4.3877845,log,2025-01-18,2025-02-15,4
21,2025-01-18,2025-01-25,1,355.2700500488281,5.875689,log,2025-01-18,2025-01-25,1
21,2025-01-18,2025-02-01,2,227.8849334716797,5.4332194,log,2025-01-18,2025-02-01,2
21,2025-01-18,2025-02-08,3,159.85003662109375,5.0804725,log,2025-01-18,2025-02-08,3
21,2025-01-18,2025-02-15,4,171.97535705566406,5.153149,log,2025-01-18,2025-02-15,4
22,2025-01-18,2025-01-25,1,379.50787353515625,5.941507,log,2025-01-18,2025-01-25,1
22,2025-01-18,2025-02-01,2,249.02505493164062,5.521561,log,2025-01-18,2025-02-01,2
22,2025-01-18,2025-02-08,3,237.3181610107422,5.4736066,log,2025-01-18,2025-02-08,3
22,2025-01-18,2025-02-15,4,234.1449737548828,5.460202,log,2025-01-18,2025-02-15,4
23,2025-01-18,2025-01-25,1,82.59410095214844,4.425973,log,2025-01-18,2025-01-25,1
23,2025-01-18,2025-02-01,2,65.17095947265625,4.1922417,log,2025-01-18,2025-02-01,2
23,2025-01-18,2025-02-08,3,46.7750358581543,3.8665032,log,2025-01-18,2025-02-08,3
23,2025-01-18,2025-02-15,4,36.03831100463867,3.6119528,log,2025-01-18,2025-02-15,4
24,2025-01-18,2025-01-25,1,448.1130065917969,6.1072745,log,2025-01-18,2025-01-25,1
24,2025-01-18,2025-02-01,2,263.9941101074219,5.5797076,log,2025-01-18,2025-02-01,2
24,2025-01-18,2025-02-08,3,199.80270385742188,5.302323,log,2025-01-18,2025-02-08,3
24,2025-01-18,2025-02-15,4,187.50881958007812,5.239145,log,2025-01-18,2025-02-15,4
25,2025-01-18,2025-01-25,1,705.718017578125,6.5606318,log,2025-01-18,2025-01-25,1
25,2025-01-18,2025-02-01,2,522.7135620117188,6.260945,log,2025-01-18,2025-02-01,2
25,2025-01-18,2025-02-08,3,415.80084228515625,6.0326085,log,2025-01-18,2025-02-08,3
25,2025-01-18,2025-02-15,4,365.794189453125,5.904801,log,2025-01-18,2025-02-15,4
26,2025-01-18,2025-01-25,1,619.1152954101562,6.4299054,log,2025-01-18,2025-01-25,1
26,2025-01-18,2025-02-01,2,404.9102783203125,6.006132,log,2025-01-18,2025-02-01,2
26,2025-01-18,2025-02-08,3,334.39263916015625,5.815302,log,2025-01-18,2025-02-08,3
26,2025-01-18,2025-02-15,4,339.0758972167969,5.829169,log,2025-01-18,2025-02-15,4
27,2025-01-18,2025-01-25,1,877.23193359375,6.7779107,log,2025-01-18,2025-01-25,1
27,2025-01-18,2025-02-01,2,562.9616088867188,6.334986,log,2025-01-18,2025-02-01,2
27,2025-01-18,2025-02-08,3,416.2046813964844,6.033577,log,2025-01-18,2025-02-08,3
27,2025-01-18,2025-02-15,4,339.16119384765625,5.8294196,log,2025-01-18,2025-02-15,4
28,2025-01-18,2025-01-25,1,213.28465270996094,5.3673053,log,2025-01-18,2025-01-25,1
28,2025-01-18,2025-02-01,2,110.16883087158203,4.71105,log,2025-01-18,2025-02-01,2
28,2025-01-18,2025-02-08,3,92.74178314208984,4.540544,log,2025-01-18,2025-02-08,3
28,2025-01-18,2025-02-15,4,94.22277069091797,4.556219,log,2025-01-18,2025-02-15,4
29,2025-01-18,2025-01-25,1,638.9072875976562,6.4613233,log,2025-01-18,2025-01-25,1
29,2025-01-18,2025-02-01,2,375.49432373046875,5.930903,log,2025-01-18,2025-02-01,2
29,2025-01-18,2025-02-08,3,287.9469299316406,5.666243,log,2025-01-18,2025-02-08,3
29,2025-01-18,2025-02-15,4,259.14178466796875,5.561227,log,2025-01-18,2025-02-15,4
30,2025-01-18,2025-01-25,1,62.432159423828125,4.149971,log,2025-01-18,2025-01-25,1
30,2025-01-18,2025-02-01,2,62.58260726928711,4.15234,log,2025-01-18,2025-02-01,2
30,2025-01-18,2025-02-08,3,39.666786193847656,3.7054117,log,2025-01-18,2025-02-08,3
30,2025-01-18,2025-02-15,4,46.724021911621094,3.865435,log,2025-01-18,2025-02-15,4
31,2025-01-18,2025-01-25,1,93.84366607666016,4.55223,log,2025-01-18,2025-01-25,1
31,2025-01-18,2025-02-01,2,65.76764678955078,4.2012186,log,2025-01-18,2025-02-01,2
31,2025-01-18,2025-02-08,3,50.08485794067383,3.9334881,log,2025-01-18,2025-02-08,3
31,2025-01-18,2025-02-15,4,34.92698287963867,3.5814886,log,2025-01-18,2025-02-15,4
32,2025-01-18,2025-01-25,1,148.07383728027344,5.0044417,log,2025-01-18,2025-01-25,1
32,2025-01-18,2025-02-01,2,81.54337310791016,4.413324,log,2025-01-18,2025-02-01,2
32,2025-01-18,2025-02-08,3,62.758087158203125,4.155096,log,2025-01-18,2025-02-08,3
32,2025-01-18,2025-02-15,4,85.50178527832031,4.460165,log,2025-01-18,2025-02-15,4
33,2025-01-18,2025-01-25,1,84.14981842041016,4.444412,log,2025-01-18,2025-01-25,1
33,2025-01-18,2025-02-01,2,65.19039916992188,4.1925354,log,2025-01-18,2025-02-01,2
33,2025-01-18,2025-02-08,3,42.28696823120117,3.7678516,log,2025-01-18,2025-02-08,3
33,2025-01-18,2025-02-15,4,42.96598434448242,3.7834163,log,2025-01-18,2025-02-15,4
34,2025-01-18,2025-01-25,1,1350.5872802734375,7.209035,log,2025-01-18,2025-01-25,1
34,2025-01-18,2025-02-01,2,985.2989501953125,6.8939595,log,2025-01-18,2025-02-01,2
34,2025-01-18,2025-02-08,3,697.7086791992188,6.549234,log,2025-01-18,2025-02-08,3
34,2025-01-18,2025-02-15,4,453.39617919921875,6.1189694,log,2025-01-18,2025-02-15,4
35,2025-01-18,2025-01-25,1,173.38938903808594,5.1612906,log,2025-01-18,2025-01-25,1
35,2025-01-18,2025-02-01,2,93.77996063232422,4.551558,log,2025-01-18,2025-02-01,2
35,2025-01-18,2025-02-08,3,81.865966796875,4.4172244,log,2025-01-18,2025-02-08,3
35,2025-01-18,2025-02-15,4,89.60887908935547,4.506552,log,2025-01-18,2025-02-15,4
36,2025-01-18,2025-01-25,1,1855.34326171875,7.526364,log,2025-01-18,2025-01-25,1
36,2025-01-18,2025-02-01,2,1164.1243896484375,7.060583,log,2025-01-18,2025-02-01,2
36,2025-01-18,2025-02-08,3,833.5657348632812,6.7269115,log,2025-01-18,2025-02-08,3
36,2025-01-18,2025-02-15,4,668.3640747070312,6.506328,log,2025-01-18,2025-02-15,4
37,2025-01-18,2025-01-25,1,945.4240112304688,6.8526907,log,2025-01-18,2025-01-25,1
37,2025-01-18,2025-02-01,2,769.293701171875,6.646772,log,2025-01-18,2025-02-01,2
37,2025-01-18,2025-02-08,3,622.1705322265625,6.43482,log,2025-01-18,2025-02-08,3
37,2025-01-18,2025-02-15,4,564.7325439453125,6.3381214,log,2025-01-18,2025-02-15,4
38,2025-01-18,2025-01-25,1,55.630821228027344,4.0365534,log,2025-01-18,2025-01-25,1
38,2025-01-18,2025-02-01,2,48.19026184082031,3.8956957,log,2025-01-18,2025-02-01,2
38,2025-01-18,2025-02-08,3,27.301162719726562,3.342903,log,2025-01-18,2025-02-08,3
38,2025-01-18,2025-02-15,4,25.46065330505371,3.2756588,log,2025-01-18,2025-02-15,4
39,2025-01-18,2025-01-25,1,1200.268798828125,7.0911336,log,2025-01-18,2025-01-25,1
39,2025-01-18,2025-02-01,2,848.2999267578125,6.7444124,log,2025-01-18,2025-02-01,2
39,2025-01-18,2025-02-08,3,729.0746459960938,6.593147,log,2025-01-18,2025-02-08,3
39,2025-01-18,2025-02-15,4,522.1621704101562,6.2598915,log,2025-01-18,2025-02-15,4
40,2025-01-18,2025-01-25,1,442.2615966796875,6.09416,log,2025-01-18,2025-01-25,1
40,2025-01-18,2025-02-01,2,275.6973571777344,5.6229243,log,2025-01-18,2025-02-01,2
40,2025-01-18,2025-02-08,3,193.13768005371094,5.2685676,log,2025-01-18,2025-02-08,3
40,2025-01-18,2025-02-15,4,197.9847412109375,5.293228,log,2025-01-18,2025-02-15,4
41,2025-01-18,2025-01-25,1,226.63478088378906,5.4277425,log,2025-01-18,2025-01-25,1
41,2025-01-18,2025-02-01,2,150.74493408203125,5.022201,log,2025-01-18,2025-02-01,2
41,2025-01-18,2025-02-08,3,145.9358367919922,4.989996,log,2025-01-18,2025-02-08,3
41,2025-01-18,2025-02-15,4,163.3188934326172,5.101809,log,2025-01-18,2025-02-15,4
42,2025-01-18,2025-01-25,1,1916.4383544921875,7.5587454,log,2025-01-18,2025-01-25,1
42,2025-01-18,2025-02-01,2,1206.1239013671875,7.095996,log,2025-01-18,2025-02-01,2
42,2025-01-18,2025-02-08,3,968.7950439453125,6.8770847,log,2025-01-18,2025-02-08,3
42,2025-01-18,2025-02-15,4,706.9183959960938,6.562329,log,2025-01-18,2025-02-15,4
44,2025-01-18,2025-01-25,1,103.08931732177734,4.6452494,log,2025-01-18,2025-01-25,1
44,2025-01-18,2025-02-01,2,73.38289642333984,4.309226,log,2025-01-18,2025-02-01,2
44,2025-01-18,2025-02-08,3,49.090553283691406,3.9138324,log,2025-01-18,2025-02-08,3
44,2025-01-18,2025-02-15,4,36.73929214477539,3.6307018,log,2025-01-18,2025-02-15,4
45,2025-01-18,2025-01-25,1,550.8323974609375,6.3132443,log,2025-01-18,2025-01-25,1
45,2025-01-18,2025-02-01,2,430.93719482421875,6.06828,log,2025-01-18,2025-02-01,2
45,2025-01-18,2025-02-08,3,324.48223876953125,5.785308,log,2025-01-18,2025-02-08,3
45,2025-01-18,2025-02-15,4,279.07366943359375,5.6350527,log,2025-01-18,2025-02-15,4
46,2025-01-18,2025-01-25,1,45.290870666503906,3.8349447,log,2025-01-18,2025-01-25,1
46,2025-01-18,2025-02-01,2,34.10539627075195,3.5583549,log,2025-01-18,2025-02-01,2
46,2025-01-18,2025-02-08,3,23.6872615814209,3.2062874,log,2025-01-18,2025-02-08,3
46,2025-01-18,2025-02-15,4,19.879505157470703,3.038768,log,2025-01-18,2025-02-15,4
47,2025-01-18,2025-01-25,1,530.3607788085938,6.275441,log,2025-01-18,2025-01-25,1
47,2025-01-18,2025-02-01,2,374.1307678222656,5.9272747,log,2025-01-18,2025-02-01,2
47,2025-01-18,2025-02-08,3,352.587890625,5.868132,log,2025-01-18,2025-02-08,3
47,2025-01-18,2025-02-15,4,322.4361572265625,5.7790017,log,2025-01-18,2025-02-15,4
48,2025-01-18,2025-01-25,1,1659.1002197265625,7.4146333,log,2025-01-18,2025-01-25,1
48,2025-01-18,2025-02-01,2,1385.1314697265625,7.234272,log,2025-01-18,2025-02-01,2
48,2025-01-18,2025-02-08,3,1211.1317138671875,7.100136,log,2025-01-18,2025-02-08,3
48,2025-01-18,2025-02-15,4,950.8286743164062,6.858385,log,2025-01-18,2025-02-15,4
49,2025-01-18,2025-01-25,1,147.3748779296875,4.999742,log,2025-01-18,2025-01-25,1
49,2025-01-18,2025-02-01,2,94.75724029541016,4.561816,log,2025-01-18,2025-02-01,2
49,2025-01-18,2025-02-08,3,66.51165771484375,4.2123003,log,2025-01-18,2025-02-08,3
49,2025-01-18,2025-02-15,4,62.80839538574219,4.1558847,log,2025-01-18,2025-02-15,4
50,2025-01-18,2025-01-25,1,33.97486877441406,3.5546298,log,2025-01-18,2025-01-25,1
50,2025-01-18,2025-02-01,2,30.194002151489258,3.4402258,log,2025-01-18,2025-02-01,2
50,2025-01-18,2025-02-08,3,17.756980895996094,2.931566,log,2025-01-18,2025-02-08,3
50,2025-01-18,2025-02-15,4,15.101831436157227,2.778933,log,2025-01-18,2025-02-15,4
51,2025-01-18,2025-01-25,1,534.4984130859375,6.283198,log,2025-01-18,2025-01-25,1
51,2025-01-18,2025-02-01,2,397.9997253417969,5.9889607,log,2025-01-18,2025-02-01,2
51,2025-01-18,2025-02-08,3,284.281982421875,5.653478,log,2025-01-18,2025-02-08,3
51,2025-01-18,2025-02-15,4,277.6258850097656,5.62987,log,2025-01-18,2025-02-15,4
53,2025-01-18,2025-01-25,1,268.7912902832031,5.5976486,log,2025-01-18,2025-01-25,1
53,2025-01-18,2025-02-01,2,146.98780822753906,4.99713,log,2025-01-18,2025-02-01,2
53,2025-01-18,2025-02-08,3,157.6732940673828,5.0668473,log,2025-01-18,2025-02-08,3
53,2025-01-18,2025-02-15,4,196.58673095703125,5.2861776,log,2025-01-18,2025-02-15,4
54,2025-01-18,2025-01-25,1,128.6754913330078,4.865035,log,2025-01-18,2025-01-25,1
54,2025-01-18,2025-02-01,2,95.50597381591797,4.569605,log,2025-01-18,2025-02-01,2
54,2025-01-18,2025-02-08,3,76.41719055175781,4.349209,log,2025-01-18,2025-02-08,3
54,2025-01-18,2025-02-15,4,89.1395492553711,4.501359,log,2025-01-18,2025-02-15,4
55,2025-01-18,2025-01-25,1,501.06854248046875,6.2187366,log,2025-01-18,2025-01-25,1
55,2025-01-18,2025-02-01,2,396.0603942871094,5.9840884,log,2025-01-18,2025-02-01,2
55,2025-01-18,2025-02-08,3,267.2558898925781,5.5919414,log,2025-01-18,2025-02-08,3
55,2025-01-18,2025-02-15,4,240.26573181152344,5.485899,log,2025-01-18,2025-02-15,4
56,2025-01-18,2025-01-25,1,63.27883529663086,4.1632304,log,2025-01-18,2025-01-25,1
56,2025-01-18,2025-02-01,2,52.2573356628418,3.9751356,log,2025-01-18,2025-02-01,2
56,2025-01-18,2025-02-08,3,32.276336669921875,3.5048466,log,2025-01-18,2025-02-08,3
56,2025-01-18,2025-02-15,4,26.18994903564453,3.3028474,log,2025-01-18,2025-02-15,4
72,2025-01-18,2025-01-25,1,527.4715576171875,6.269989,log,2025-01-18,2025-01-25,1
72,2025-01-18,2025-02-01,2,314.7172546386719,5.754847,log,2025-01-18,2025-02-01,2
72,2025-01-18,2025-02-08,3,248.81126403808594,5.5207057,log,2025-01-18,2025-02-08,3
72,2025-01-18,2025-02-15,4,184.08773803710938,5.22083,log,2025-01-18,2025-02-15,4
US,2025-01-18,2025-01-25,1,10101.0,7.592196,log,2025-01-18,2025-01-25,1
US,2025-01-18,2025-02-01,2,2878.785,7.2499633,log,2025-01-18,2025-02-01,2
US,2025-01-18,2025-02-08,3,1125.5208740234375,7.0268893,log,2025-01-18,2025-02-08,3
US,2025-01-18,2025-02-15,4,742.3138427734375,6.6111183,log,2025-01-18,2025-02-15,4
01,2025-01-25,2025-02-01,1,421.618408203125,6.0464697,log,2025-01-25,2025-02-01,1
01,2025-01-25,2025-02-08,2,210.4882354736328,5.3541694,log,2025-01-25,2025-02-08,2
01,2025-01-25,2025-02-15,3,165.71365356445312,5.1162777,log,2025-01-25,2025-02-15,3
01,2025-01-25,2025-02-22,4,143.14144897460938,4.970795,log,2025-01-25,2025-02-22,4
02,2025-01-25,2025-02-01,1,27.660831451416016,3.3555315,log,2025-01-25,2025-02-01,1
02,2025-01-25,2025-02-08,2,18.08807945251465,2.949064,log,2025-01-25,2025-02-08,2
02,2025-01-25,2025-02-15,3,13.53587532043457,2.6766198,log,2025-01-25,2025-02-15,3
02,2025-01-25,2025-02-22,4,11.66261100769043,2.5386536,log,2025-01-25,2025-02-22,4
04,2025-01-25,2025-02-01,1,663.6356201171875,6.499239,log,2025-01-25,2025-02-01,1
04,2025-01-25,2025-02-08,2,431.9895324707031,6.0707135,log,2025-01-25,2025-02-08,2
04,2025-01-25,2025-02-15,3,380.3854064941406,5.9438105,log,2025-01-25,2025-02-15,3
04,2025-01-25,2025-02-22,4,301.8826904296875,5.7133455,log,2025-01-25,2025-02-22,4
05,2025-01-25,2025-02-01,1,420.1789855957031,6.043058,log,2025-01-25,2025-02-01,1
05,2025-01-25,2025-02-08,2,265.3849182128906,5.5849423,log,2025-01-25,2025-02-08,2
05,2025-01-25,2025-02-15,3,237.00210571289062,5.4722795,log,2025-01-25,2025-02-15,3
05,2025-01-25,2025-02-22,4,223.3943328857422,5.413405,log,2025-01-25,2025-02-22,4
06,2025-01-25,2025-02-01,1,2053.8955078125,7.62798,log,2025-01-25,2025-02-01,1
06,2025-01-25,2025-02-08,2,1526.4619140625,7.3313627,log,2025-01-25,2025-02-08,2
06,2025-01-25,2025-02-15,3,1227.0731201171875,7.1132016,log,2025-01-25,2025-02-15,3
06,2025-01-25,2025-02-22,4,871.916259765625,6.7718396,log,2025-01-25,2025-02-22,4
08,2025-01-25,2025-02-01,1,372.3822326660156,5.9226027,log,2025-01-25,2025-02-01,1
08,2025-01-25,2025-02-08,2,257.9128112792969,5.5564914,log,2025-01-25,2025-02-08,2
08,2025-01-25,2025-02-15,3,225.84561157226562,5.4242697,log,2025-01-25,2025-02-15,3
08,2025-01-25,2025-02-22,4,261.5455322265625,5.5704246,log,2025-01-25,2025-02-22,4
09,2025-01-25,2025-02-01,1,391.5855407714844,5.9727545,log,2025-01-25,2025-02-01,1
09,2025-01-25,2025-02-08,2,209.59010314941406,5.3499136,log,2025-01-25,2025-02-08,2
09,2025-01-25,2025-02-15,3,177.16867065429688,5.1827307,log,2025-01-25,2025-02-15,3
09,2025-01-25,2025-02-22,4,162.75509643554688,5.098372,log,2025-01-25,2025-02-22,4
10,2025-01-25,2025-02-01,1,89.29949188232422,4.503132,log,2025-01-25,2025-02-01,1
10,2025-01-25,2025-02-08,2,50.1868896484375,3.9354835,log,2025-01-25,2025-02-08,2
10,2025-01-25,2025-02-15,3,27.52804183959961,3.3508875,log,2025-01-25,2025-02-15,3
10,2025-01-25,2025-02-22,4,30.138978958129883,3.4384604,log,2025-01-25,2025-02-22,4
11,2025-01-25,2025-02-01,1,152.71005249023438,5.035068,log,2025-01-25,2025-02-01,1
11,2025-01-25,2025-02-08,2,119.3896255493164,4.7907333,log,2025-01-25,2025-02-08,2
11,2025-01-25,2025-02-15,3,84.93829345703125,4.4536295,log,2025-01-25,2025-02-15,3
11,2025-01-25,2025-02-22,4,52.59758377075195,3.981504,log,2025-01-25,2025-02-22,4
12,2025-01-25,2025-02-01,1,2603.2763671875,7.86491,log,2025-01-25,2025-02-01,1
12,2025-01-25,2025-02-08,2,1765.1650390625,7.476566,log,2025-01-25,2025-02-08,2
12,2025-01-25,2025-02-15,3,1162.311279296875,7.059026,log,2025-01-25,2025-02-15,3
12,2025-01-25,2025-02-22,4,1023.2739868164062,6.9317393,log,2025-01-25,2025-02-22,4
13,2025-01-25,2025-02-01,1,1348.283935546875,7.2073293,log,2025-01-25,2025-02-01,1
13,2025-01-25,2025-02-08,2,1040.70703125,6.948616,log,2025-01-25,2025-02-08,2
13,2025-01-25,2025-02-15,3,719.4788208007812,6.579916,log,2025-01-25,2025-02-15,3
13,2025-01-25,2025-02-22,4,578.8550415039062,6.362778,log,2025-01-25,2025-02-22,4
15,2025-01-25,2025-02-01,1,75.16059875488281,4.3328443,log,2025-01-25,2025-02-01,1
15,2025-01-25,2025-02-08,2,55.21160888671875,4.0291233,log,2025-01-25,2025-02-08,2
15,2025-01-25,2025-02-15,3,42.3288459777832,3.7688186,log,2025-01-25,2025-02-15,3
15,2025-01-25,2025-02-22,4,34.99294662475586,3.583323,log,2025-01-25,2025-02-22,4
16,2025-01-25,2025-02-01,1,89.17961120605469,4.5018034,log,2025-01-25,2025-02-01,1
16,2025-01-25,2025-02-08,2,67.77033996582031,4.2307725,log,2025-01-25,2025-02-08,2
16,2025-01-25,2025-02-15,3,43.46737289428711,3.7947557,log,2025-01-25,2025-02-15,3
16,2025-01-25,2025-02-22,4,43.32424545288086,3.7915318,log,2025-01-25,2025-02-22,4
17,2025-01-25,2025-02-01,1,2381.317138671875,7.775829,log,2025-01-25,2025-02-01,1
17,2025-01-25,2025-02-08,2,1241.34423828125,7.1247554,log,2025-01-25,2025-02-08,2
17,2025-01-25,2025-02-15,3,906.1410522460938,6.810298,log,2025-01-25,2025-02-15,3
17,2025-01-25,2025-02-22,4,657.0542602539062,6.4892874,log,2025-01-25,2025-02-22,4
18,2025-01-25,2025-02-01,1,914.0230102539062,6.818949,log,2025-01-25,2025-02-01,1
18,2025-01-25,2025-02-08,2,500.9479064941406,6.2184963,log,2025-01-25,2025-02-08,2
18,2025-01-25,2025-02-15,3,432.8798828125,6.0727677,log,2025-01-25,2025-02-15,3
18,2025-01-25,2025-02-22,4,392.73681640625,5.9756827,log,2025-01-25,2025-02-22,4
19,2025-01-25,2025-02-01,1,319.5308532714844,5.7699785,log,2025-01-25,2025-02-01,1
19,2025-01-25,2025-02-08,2,158.5762176513672,5.0725217,log,2025-01-25,2025-02-08,2
19,2025-01-25,2025-02-15,3,123.46418762207031,4.824018,log,2025-01-25,2025-02-15,3
19,2025-01-25,2025-02-22,4,95.51637268066406,4.5697126,log,2025-01-25,2025-02-22,4
20,2025-01-25,2025-02-01,1,171.39862060546875,5.1498094,log,2025-01-25,2025-02-01,1
20,2025-01-25,2025-02-08,2,104.23596954345703,4.656205,log,2025-01-25,2025-02-08,2
20,2025-01-25,2025-02-15,3,74.3522720336914,4.322174,log,2025-01-25,2025-02-15,3
20,2025-01-25,2025-02-22,4,80.70259094238281,4.4030857,log,2025-01-25,2025-02-22,4
21,2025-01-25,2025-02-01,1,347.349609375,5.8532066,log,2025-01-25,2025-02-01,1
21,2025-01-25,2025-02-08,2,181.47715759277344,5.206625,log,2025-01-25,2025-02-08,2
21,2025-01-25,2025-02-15,3,128.7618408203125,4.8657007,log,2025-01-25,2025-02-15,3
21,2025-01-25,2025-02-22,4,142.61866760253906,4.9671617,log,2025-01-25,2025-02-22,4
22,2025-01-25,2025-02-01,1,386.254150390625,5.959081,log,2025-01-25,2025-02-01,1
22,2025-01-25,2025-02-08,2,237.21658325195312,5.4731803,log,2025-01-25,2025-02-08,2
22,2025-01-25,2025-02-15,3,194.28114318847656,5.2744403,log,2025-01-25,2025-02-15,3
22,2025-01-25,2025-02-22,4,175.62533569335938,5.174031,log,2025-01-25,2025-02-22,4
23,2025-01-25,2025-02-01,1,116.35610961914062,4.765213,log,2025-01-25,2025-02-01,1
23,2025-01-25,2025-02-08,2,72.3801040649414,4.295653,log,2025-01-25,2025-02-08,2
23,2025-01-25,2025-02-15,3,57.82033920288086,4.0744877,log,2025-01-25,2025-02-15,3
23,2025-01-25,2025-02-22,4,49.67404556274414,3.9254138,log,2025-01-25,2025-02-22,4
24,2025-01-25,2025-02-01,1,670.5597534179688,6.509603,log,2025-01-25,2025-02-01,1
24,2025-01-25,2025-02-08,2,422.20745849609375,6.0478625,log,2025-01-25,2025-02-08,2
24,2025-01-25,2025-02-15,3,373.73175048828125,5.9262104,log,2025-01-25,2025-02-15,3
24,2025-01-25,2025-02-22,4,328.24212646484375,5.7967935,log,2025-01-25,2025-02-22,4
25,2025-01-25,2025-02-01,1,1209.0758056640625,7.0984383,log,2025-01-25,2025-02-01,1
25,2025-01-25,2025-02-08,2,894.693603515625,6.7975984,log,2025-01-25,2025-02-08,2
25,2025-01-25,2025-02-15,3,698.1173095703125,6.5498185,log,2025-01-25,2025-02-15,3
25,2025-01-25,2025-02-22,4,545.4688110351562,6.3034773,log,2025-01-25,2025-02-22,4
26,2025-01-25,2025-02-01,1,1226.65625,7.112862,log,2025-01-25,2025-02-01,1
26,2025-01-25,2025-02-08,2,977.8419189453125,6.88637,log,2025-01-25,2025-02-08,2
26,2025-01-25,2025-02-15,3,777.2577514648438,6.657058,log,2025-01-25,2025-02-15,3
26,2025-01-25,2025-02-22,4,666.0247802734375,6.502827,log,2025-01-25,2025-02-22,4
27,2025-01-25,2025-02-01,1,828.8779907226562,6.7212787,log,2025-01-25,2025-02-01,1
27,2025-01-25,2025-02-08,2,511.89483642578125,6.240071,log,2025-01-25,2025-02-08,2
27,2025-01-25,2025-02-15,3,377.3685607910156,5.9358687,log,2025-01-25,2025-02-15,3
27,2025-01-25,2025-02-22,4,304.3341979980469,5.721407,log,2025-01-25,2025-02-22,4
28,2025-01-25,2025-02-01,1,303.2948303222656,5.717997,log,2025-01-25,2025-02-01,1
28,2025-01-25,2025-02-08,2,182.83767700195312,5.214053,log,2025-01-25,2025-02-08,2
28,2025-01-25,2025-02-15,3,158.33937072753906,5.0710363,log,2025-01-25,2025-02-15,3
28,2025-01-25,2025-02-22,4,160.94232177734375,5.08724,log,2025-01-25,2025-02-22,4
29,2025-01-25,2025-02-01,1,534.8067016601562,6.2837734,log,2025-01-25,2025-02-01,1
29,2025-01-25,2025-02-08,2,312.4532165527344,5.74765,log,2025-01-25,2025-02-08,2
29,2025-01-25,2025-02-15,3,253.6714324951172,5.539974,log,2025-01-25,2025-02-15,3
29,2025-01-25,2025-02-22,4,248.01895141601562,5.517529,log,2025-01-25,2025-02-22,4
30,2025-01-25,2025-02-01,1,53.826847076416016,4.00418,log,2025-01-25,2025-02-01,1
30,2025-01-25,2025-02-08,2,36.98093032836914,3.6370842,log,2025-01-25,2025-02-08,2
30,2025-01-25,2025-02-15,3,30.128549575805664,3.4381254,log,2025-01-25,2025-02-15,3
30,2025-01-25,2025-02-22,4,29.370874404907227,3.413484,log,2025-01-25,2025-02-22,4
31,2025-01-25,2025-02-01,1,147.1986083984375,4.9985533,log,2025-01-25,2025-02-01,1
31,2025-01-25,2025-02-08,2,86.5336685180664,4.4720235,log,2025-01-25,2025-02-08,2
31,2025-01-25,2025-02-15,3,64.98754119873047,4.189466,log,2025-01-25,2025-02-15,3
31,2025-01-25,2025-02-22,4,66.9859619140625,4.219301,log,2025-01-25,2025-02-22,4
32,2025-01-25,2025-02-01,1,181.72190856933594,5.2079654,log,2025-01-25,2025-02-01,1
32,2025-01-25,2025-02-08,2,100.15055847167969,4.61661,log,2025-01-25,2025-02-08,2
32,2025-01-25,2025-02-15,3,73.51417541503906,4.3109894,log,2025-01-25,2025-02-15,3
32,2025-01-25,2025-02-22,4,85.24359130859375,4.4571757,log,2025-01-25,2025-02-22,4
33,2025-01-25,2025-02-01,1,148.21258544921875,5.005372,log,2025-01-25,2025-02-01,1
33,2025-01-25,2025-02-08,2,90.7572021484375,4.519146,log,2025-01-25,2025-02-08,2
33,2025-01-25,2025-02-15,3,59.22455596923828,4.09808,log,2025-01-25,2025-02-15,3
33,2025-01-25,2025-02-22,4,53.59065246582031,3.9998627,log,2025-01-25,2025-02-22,4
34,2025-01-25,2025-02-01,1,2414.971923828125,7.789857,log,2025-01-25,2025-02-01,1
34,2025-01-25,2025-02-08,2,1360.74560546875,7.2165227,log,2025-01-25,2025-02-08,2
34,2025-01-25,2025-02-15,3,928.3651733398438,6.8345017,log,2025-01-25,2025-02-15,3
34,2025-01-25,2025-02-22,4,696.210693359375,6.5470877,log,2025-01-25,2025-02-22,4
35,2025-01-25,2025-02-01,1,168.34523010253906,5.1319394,log,2025-01-25,2025-02-01,1
35,2025-01-25,2025-02-08,2,101.5035171508789,4.629897,log,2025-01-25,2025-02-08,2
35,2025-01-25,2025-02-15,3,81.24854278564453,4.4097457,log,2025-01-25,2025-02-15,3
35,2025-01-25,2025-02-22,4,74.7458724975586,4.327384,log,2025-01-25,2025-02-22,4
36,2025-01-25,2025-02-01,1,2222.91943359375,7.7070265,log,2025-01-25,2025-02-01,1
36,2025-01-25,2025-02-08,2,1532.3714599609375,7.335224,log,2025-01-25,2025-02-08,2
36,2025-01-25,2025-02-15,3,927.6280517578125,6.8337083,log,2025-01-25,2025-02-15,3
36,2025-01-25,2025-02-22,4,742.8999633789062,6.6119065,log,2025-01-25,2025-02-22,4
37,2025-01-25,2025-02-01,1,2289.35400390625,7.7364616,log,2025-01-25,2025-02-01,1
37,2025-01-25,2025-02-08,2,1372.0045166015625,7.2247567,log,2025-01-25,2025-02-08,2
37,2025-01-25,2025-02-15,3,872.4874877929688,6.772494,log,2025-01-25,2025-02-15,3
37,2025-01-25,2025-02-22,4,661.257568359375,6.4956546,log,2025-01-25,2025-02-22,4
38,2025-01-25,2025-02-01,1,109.42127227783203,4.704303,log,2025-01-25,2025-02-01,1
38,2025-01-25,2025-02-08,2,66.01483917236328,4.204914,log,2025-01-25,2025-02-08,2
38,2025-01-25,2025-02-15,3,54.0494384765625,4.0082316,log,2025-01-25,2025-02-15,3
38,2025-01-25,2025-02-22,4,40.06705093383789,3.7152061,log,2025-01-25,2025-02-22,4
39,2025-01-25,2025-02-01,1,2422.45556640625,7.7929497,log,2025-01-25,2025-02-01,1
39,2025-01-25,2025-02-08,2,1445.7470703125,7.277073,log,2025-01-25,2025-02-08,2
39,2025-01-25,2025-02-15,3,945.3504638671875,6.852613,log,2025-01-25,2025-02-15,3
39,2025-01-25,2025-02-22,4,664.8607177734375,6.5010805,log,2025-01-25,2025-02-22,4
40,2025-01-25,2025-02-01,1,773.1685791015625,6.6517897,log,2025-01-25,2025-02-01,1
40,2025-01-25,2025-02-08,2,480.3208923339844,6.176534,log,2025-01-25,2025-02-08,2
40,2025-01-25,2025-02-15,3,389.0013732910156,5.9661503,log,2025-01-25,2025-02-15,3
40,2025-01-25,2025-02-22,4,346.0113830566406,5.8493576,log,2025-01-25,2025-02-22,4
41,2025-01-25,2025-02-01,1,228.3080291748047,5.435066,log,2025-01-25,2025-02-01,1
41,2025-01-25,2025-02-08,2,170.16233825683594,5.1426125,log,2025-01-25,2025-02-08,2
41,2025-01-25,2025-02-15,3,123.75675964355469,4.826366,log,2025-01-25,2025-02-15,3
41,2025-01-25,2025-02-22,4,146.43736267089844,4.9934034,log,2025-01-25,2025-02-22,4
42,2025-01-25,2025-02-01,1,2535.3212890625,7.83847,log,2025-01-25,2025-02-01,1
42,2025-01-25,2025-02-08,2,1814.5040283203125,7.5041184,log,2025-01-25,2025-02-08,2
42,2025-01-25,2025-02-15,3,1106.820556640625,7.01015,log,2025-01-25,2025-02-15,3
42,2025-01-25,2025-02-22,4,820.6990966796875,6.7113743,log,2025-01-25,2025-02-22,4
44,2025-01-25,2025-02-01,1,105.41438293457031,4.6673408,log,2025-01-25,2025-02-01,1
44,2025-01-25,2025-02-08,2,67.48432922363281,4.226605,log,2025-01-25,2025-02-08,2
44,2025-01-25,2025-02-15,3,40.96778106689453,3.7369022,log,2025-01-25,2025-02-15,3
44,2025-01-25,2025-02-22,4,38.37163543701172,3.6730456,log,2025-01-25,2025-02-22,4
45,2025-01-25,2025-02-01,1,884.1786499023438,6.7857895,log,2025-01-25,2025-02-01,1
45,2025-01-25,2025-02-08,2,697.467529296875,6.5488887,log,2025-01-25,2025-02-08,2
45,2025-01-25,2025-02-15,3,527.88427734375,6.2707696,log,2025-01-25,2025-02-15,3
45,2025-01-25,2025-02-22,4,382.5990295410156,5.949598,log,2025-01-25,2025-02-22,4
46,2025-01-25,2025-02-01,1,100.25599670410156,4.617652,log,2025-01-25,2025-02-01,1
46,2025-01-25,2025-02-08,2,65.6384506225586,4.1992817,log,2025-01-25,2025-02-08,2
46,2025-01-25,2025-02-15,3,44.42292404174805,3.816017,log,2025-01-25,2025-02-15,3
46,2025-01-25,2025-02-22,4,36.28648376464844,3.618631,log,2025-01-25,2025-02-22,4
47,2025-01-25,2025-02-01,1,576.1173095703125,6.3580456,log,2025-01-25,2025-02-01,1
47,2025-01-25,2025-02-08,2,358.0316162109375,5.8834105,log,2025-01-25,2025-02-08,2
47,2025-01-25,2025-02-15,3,268.3946838378906,5.5961776,log,2025-01-25,2025-02-15,3
47,2025-01-25,2025-02-22,4,306.9205322265625,5.7298417,log,2025-01-25,2025-02-22,4
48,2025-01-25,2025-02-01,1,2663.17333984375,7.887649,log,2025-01-25,2025-02-01,1
48,2025-01-25,2025-02-08,2,2045.1854248046875,7.6237326,log,2025-01-25,2025-02-08,2
48,2025-01-25,2025-02-15,3,1413.7860107421875,7.2547336,log,2025-01-25,2025-02-15,3
48,2025-01-25,2025-02-22,4,1045.47802734375,6.9531856,log,2025-01-25,2025-02-22,4
49,2025-01-25,2025-02-01,1,165.60939025878906,5.115652,log,2025-01-25,2025-02-01,1
49,2025-01-25,2025-02-08,2,95.15292358398438,4.56594,log,2025-01-25,2025-02-08,2
49,2025-01-25,2025-02-15,3,60.56117248535156,4.1200314,log,2025-01-25,2025-02-15,3
49,2025-01-25,2025-02-22,4,63.317161560058594,4.1638265,log,2025-01-25,2025-02-22,4
50,2025-01-25,2025-02-01,1,59.01625442504883,4.0946155,log,2025-01-25,2025-02-01,1
50,2025-01-25,2025-02-08,2,35.93798828125,3.6092405,log,2025-01-25,2025-02-08,2
50,2025-01-25,2025-02-15,3,26.082487106323242,3.2988873,log,2025-01-25,2025-02-15,3
50,2025-01-25,2025-02-22,4,23.627498626708984,3.2038636,log,2025-01-25,2025-02-22,4
51,2025-01-25,2025-02-01,1,858.3751831054688,6.7562056,log,2025-01-25,2025-02-01,1
51,2025-01-25,2025-02-08,2,533.733642578125,6.281769,log,2025-01-25,2025-02-08,2
51,2025-01-25,2025-02-15,3,415.4144592285156,6.031681,log,2025-01-25,2025-02-15,3
51,2025-01-25,2025-02-22,4,381.40155029296875,5.946471,log,2025-01-25,2025-02-22,4
53,2025-01-25,2025-02-01,1,378.3992614746094,5.938589,log,2025-01-25,2025-02-01,1
53,2025-01-25,2025-02-08,2,242.5416259765625,5.495288,log,2025-01-25,2025-02-08,2
53,2025-01-25,2025-02-15,3,193.758056640625,5.271758,log,2025-01-25,2025-02-15,3
53,2025-01-25,2025-02-22,4,231.82394409179688,5.4502826,log,2025-01-25,2025-02-22,4
54,2025-01-25,2025-02-01,1,162.7696990966797,5.098461,log,2025-01-25,2025-02-01,1
54,2025-01-25,2025-02-08,2,118.23245239257812,4.781075,log,2025-01-25,2025-02-08,2
54,2025-01-25,2025-02-15,3,83.0212173461914,4.4310694,log,2025-01-25,2025-02-15,3
54,2025-01-25,2025-02-22,4,94.5378646850586,4.5595226,log,2025-01-25,2025-02-22,4
55,2025-01-25,2025-02-01,1,757.1276245117188,6.6308517,log,2025-01-25,2025-02-01,1
55,2025-01-25,2025-02-08,2,505.14459228515625,6.2268224,log,2025-01-25,2025-02-08,2
55,2025-01-25,2025-02-15,3,456.79913330078125,6.1264305,log,2025-01-25,2025-02-15,3
55,2025-01-25,2025-02-22,4,282.3338928222656,5.646626,log,2025-01-25,2025-02-22,4
56,2025-01-25,2025-02-01,1,53.837120056152344,4.0043674,log,2025-01-25,2025-02-01,1
56,2025-01-25,2025-02-08,2,30.325912475585938,3.4444456,log,2025-01-25,2025-02-08,2
56,2025-01-25,2025-02-15,3,20.972806930541992,3.0898056,log,2025-01-25,2025-02-15,3
56,2025-01-25,2025-02-22,4,15.496386528015137,2.8031414,log,2025-01-25,2025-02-22,4
72,2025-01-25,2025-02-01,1,485.869873046875,6.187997,log,2025-01-25,2025-02-01,1
72,2025-01-25,2025-02-08,2,326.18316650390625,5.79052,log,2025-01-25,2025-02-08,2
72,2025-01-25,2025-02-15,3,175.32089233398438,5.1723056,log,2025-01-25,2025-02-15,3
72,2025-01-25,2025-02-22,4,179.96923828125,5.198327,log,2025-01-25,2025-02-22,4
US,2025-01-25,2025-02-01,1,12416.1,7.877675,log,2025-01-25,2025-02-01,1
US,2025-01-25,2025-02-08,2,3538.5885,7.6040444,log,2025-01-25,2025-02-08,2
US,2025-01-25,2025-02-15,3,1247.2781982421875,7.1295204,log,2025-01-25,2025-02-15,3
US,2025-01-25,2025-02-22,4,885.2197265625,6.786965,log,2025-01-25,2025-02-22,4
01,2025-02-01,2025-02-08,1,536.72705078125,6.287351,log,2025-02-01,2025-02-08,1
01,2025-02-01,2025-02-15,2,588.3704833984375,6.379055,log,2025-02-01,2025-02-15,2
01,2025-02-01,2025-02-22,3,350.1194152832031,5.8611264,log,2025-02-01,2025-02-22,3
01,2025-02-01,2025-03-01,4,285.7933654785156,5.658762,log,2025-02-01,2025-03-01,4
02,2025-02-01,2025-02-08,1,29.7052001953125,3.424432,log,2025-02-01,2025-02-08,1
02,2025-02-01,2025-02-15,2,21.055139541625977,3.0935457,log,2025-02-01,2025-02-15,2
02,2025-02-01,2025-02-22,3,15.288093566894531,2.7904344,log,2025-02-01,2025-02-22,3
02,2025-02-01,2025-03-01,4,10.05419635772705,2.40281,log,2025-02-01,2025-03-01,4
04,2025-02-01,2025-02-08,1,641.1223754882812,6.464779,log,2025-02-01,2025-02-08,1
04,2025-02-01,2025-02-15,2,551.592041015625,6.31462,log,2025-02-01,2025-02-15,2
04,2025-02-01,2025-02-22,3,389.6384582519531,5.9677825,log,2025-02-01,2025-02-22,3
04,2025-02-01,2025-03-01,4,310.9329528808594,5.7427883,log,2025-02-01,2025-03-01,4
05,2025-02-01,2025-02-08,1,740.205078125,6.6082773,log,2025-02-01,2025-02-08,1
05,2025-02-01,2025-02-15,2,719.1768798828125,6.579497,log,2025-02-01,2025-02-15,2
05,2025-02-01,2025-02-22,3,514.2288818359375,6.2446113,log,2025-02-01,2025-02-22,3
05,2025-02-01,2025-03-01,4,350.6535949707031,5.8626466,log,2025-02-01,2025-03-01,4
06,2025-02-01,2025-02-08,1,3294.201416015625,8.100223,log,2025-02-01,2025-02-08,1
06,2025-02-01,2025-02-15,2,2551.735107421875,7.8449206,log,2025-02-01,2025-02-15,2
06,2025-02-01,2025-02-22,3,1954.3804931640625,7.57834,log,2025-02-01,2025-02-22,3
06,2025-02-01,2025-03-01,4,1085.17431640625,6.990417,log,2025-02-01,2025-03-01,4
08,2025-02-01,2025-02-08,1,526.6058959960938,6.2683496,log,2025-02-01,2025-02-08,1
08,2025-02-01,2025-02-15,2,448.1365661621094,6.107327,log,2025-02-01,2025-02-15,2
08,2025-02-01,2025-02-22,3,308.9900817871094,5.7365403,log,2025-02-01,2025-02-22,3
08,2025-02-01,2025-03-01,4,271.17266845703125,5.6064367,log,2025-02-01,2025-03-01,4
09,2025-02-01,2025-02-08,1,572.4029541015625,6.3515887,log,2025-02-01,2025-02-08,1
09,2025-02-01,2025-02-15,2,389.59600830078125,5.967674,log,2025-02-01,2025-02-15,2
09,2025-02-01,2025-02-22,3,273.3619079589844,5.614448,log,2025-02-01,2025-02-22,3
09,2025-02-01,2025-03-01,4,165.85545349121094,5.117128,log,2025-02-01,2025-03-01,4
10,2025-02-01,2025-02-08,1,176.32720947265625,5.1779966,log,2025-02-01,2025-02-08,1
10,2025-02-01,2025-02-15,2,104.4320068359375,4.6580663,log,2025-02-01,2025-02-15,2
10,2025-02-01,2025-02-22,3,50.86716079711914,3.948686,log,2025-02-01,2025-02-22,3
10,2025-02-01,2025-03-01,4,45.992130279541016,3.84998,log,2025-02-01,2025-03-01,4
11,2025-02-01,2025-02-08,1,176.24368286132812,5.1775255,log,2025-02-01,2025-02-08,1
11,2025-02-01,2025-02-15,2,151.67022705078125,5.0282803,log,2025-02-01,2025-02-15,2
11,2025-02-01,2025-02-22,3,111.6245346069336,4.7240596,log,2025-02-01,2025-02-22,3
11,2025-02-01,2025-03-01,4,43.333778381347656,3.7917469,log,2025-02-01,2025-03-01,4
12,2025-02-01,2025-02-08,1,3077.7001953125,8.032263,log,2025-02-01,2025-02-08,1
12,2025-02-01,2025-02-15,2,2517.009521484375,7.831224,log,2025-02-01,2025-02-15,2
12,2025-02-01,2025-02-22,3,1894.302001953125,7.5471334,log,2025-02-01,2025-02-22,3
12,2025-02-01,2025-03-01,4,959.2642211914062,6.8672085,log,2025-02-01,2025-03-01,4
13,2025-02-01,2025-02-08,1,1714.013916015625,7.4471765,log,2025-02-01,2025-02-08,1
13,2025-02-01,2025-02-15,2,1530.3941650390625,7.333934,log,2025-02-01,2025-02-15,2
13,2025-02-01,2025-02-22,3,1188.037841796875,7.0808997,log,2025-02-01,2025-02-22,3
13,2025-02-01,2025-03-01,4,898.2472534179688,6.801558,log,2025-02-01,2025-03-01,4
15,2025-02-01,2025-02-08,1,63.11616516113281,4.1606965,log,2025-02-01,2025-02-08,1
15,2025-02-01,2025-02-15,2,43.08853530883789,3.7861998,log,2025-02-01,2025-02-15,2
15,2025-02-01,2025-02-22,3,26.468921661376953,3.3130553,log,2025-02-01,2025-02-22,3
15,2025-02-01,2025-03-01,4,16.966459274291992,2.8885067,log,2025-02-01,2025-03-01,4
16,2025-02-01,2025-02-08,1,194.2041473388672,5.274046,log,2025-02-01,2025-02-08,1
16,2025-02-01,2025-02-15,2,123.88192749023438,4.8273687,log,2025-02-01,2025-02-15,2
16,2025-02-01,2025-02-22,3,90.20703887939453,4.513132,log,2025-02-01,2025-02-22,3
16,2025-02-01,2025-03-01,4,71.9126968383789,4.289263,log,2025-02-01,2025-03-01,4
17,2025-02-01,2025-02-08,1,3066.18603515625,8.028516,log,2025-02-01,2025-02-08,1
17,2025-02-01,2025-02-15,2,2176.464599609375,7.6859164,log,2025-02-01,2025-02-15,2
17,2025-02-01,2025-02-22,3,1477.2841796875,7.2986374,log,2025-02-01,2025-02-22,3
17,2025-02-01,2025-03-01,4,793.7758178710938,6.67806,log,2025-02-01,2025-03-01,4
18,2025-02-01,2025-02-08,1,1689.339111328125,7.4326844,log,2025-02-01,2025-02-08,1
18,2025-02-01,2025-02-15,2,2108.452880859375,7.654184,log,2025-02-01,2025-02-15,2
18,2025-02-01,2025-02-22,3,1409.1978759765625,7.2514853,log,2025-02-01,2025-02-22,3
18,2025-02-01,2025-03-01,4,691.0422973632812,6.539647,log,2025-02-01,2025-03-01,4
19,2025-02-01,2025-02-08,1,506.30535888671875,6.229113,log,2025-02-01,2025-02-08,1
19,2025-02-01,2025-02-15,2,358.0225524902344,5.883385,log,2025-02-01,2025-02-15,2
19,2025-02-01,2025-02-22,3,270.81640625,5.605127,log,2025-02-01,2025-02-22,3
19,2025-02-01,2025-03-01,4,161.7148895263672,5.0919995,log,2025-02-01,2025-03-01,4
20,2025-02-01,2025-02-08,1,311.9347229003906,5.7459946,log,2025-02-01,2025-02-08,1
20,2025-02-01,2025-02-15,2,280.52618408203125,5.6402254,log,2025-02-01,2025-02-15,2
20,2025-02-01,2025-02-22,3,157.8314208984375,5.0678434,log,2025-02-01,2025-02-22,3
20,2025-02-01,2025-03-01,4,143.12620544433594,4.9706893,log,2025-02-01,2025-03-01,4
21,2025-02-01,2025-02-08,1,688.975341796875,6.536656,log,2025-02-01,2025-02-08,1
21,2025-02-01,2025-02-15,2,755.6469116210938,6.6288967,log,2025-02-01,2025-02-15,2
21,2025-02-01,2025-02-22,3,441.12591552734375,6.0915947,log,2025-02-01,2025-02-22,3
21,2025-02-01,2025-03-01,4,443.8415832519531,6.0977182,log,2025-02-01,2025-03-01,4
22,2025-02-01,2025-02-08,1,495.2637634277344,6.2071075,log,2025-02-01,2025-02-08,1
22,2025-02-01,2025-02-15,2,388.5857849121094,5.965084,log,2025-02-01,2025-02-15,2
22,2025-02-01,2025-02-22,3,328.9202575683594,5.798851,log,2025-02-01,2025-02-22,3
22,2025-02-01,2025-03-01,4,251.60595703125,5.531831,log,2025-02-01,2025-03-01,4
23,2025-02-01,2025-02-08,1,201.33428955078125,5.3099213,log,2025-02-01,2025-02-08,1
23,2025-02-01,2025-02-15,2,168.14694213867188,5.130768,log,2025-02-01,2025-02-15,2
23,2025-02-01,2025-02-22,3,113.2167739868164,4.738098,log,2025-02-01,2025-02-22,3
23,2025-02-01,2025-03-01,4,69.42840576171875,4.2545967,log,2025-02-01,2025-03-01,4
24,2025-02-01,2025-02-08,1,931.7152709960938,6.8381,log,2025-02-01,2025-02-08,1
24,2025-02-01,2025-02-15,2,768.8497924804688,6.6461954,log,2025-02-01,2025-02-15,2
24,2025-02-01,2025-02-22,3,711.9149780273438,6.569362,log,2025-02-01,2025-02-22,3
24,2025-02-01,2025-03-01,4,434.7298889160156,6.0770226,log,2025-02-01,2025-03-01,4
25,2025-02-01,2025-02-08,1,1755.8056640625,7.4712524,log,2025-02-01,2025-02-08,1
25,2025-02-01,2025-02-15,2,2325.3330078125,7.7520485,log,2025-02-01,2025-02-15,2
25,2025-02-01,2025-02-22,3,1717.54541015625,7.4492335,log,2025-02-01,2025-02-22,3
25,2025-02-01,2025-03-01,4,952.7909545898438,6.8604445,log,2025-02-01,2025-03-01,4
26,2025-02-01,2025-02-08,1,1889.37744140625,7.544532,log,2025-02-01,2025-02-08,1
26,2025-02-01,2025-02-15,2,2132.415771484375,7.6654797,log,2025-02-01,2025-02-15,2
26,2025-02-01,2025-02-22,3,1630.3076171875,7.397137,log,2025-02-01,2025-02-22,3
26,2025-02-01,2025-03-01,4,996.00146484375,6.9047523,log,2025-02-01,2025-03-01,4
27,2025-02-01,2025-02-08,1,479.3219299316406,6.1744566,log,2025-02-01,2025-02-08,1
27,2025-02-01,2025-02-15,2,391.4466857910156,5.9724007,log,2025-02-01,2025-02-15,2
27,2025-02-01,2025-02-22,3,282.28607177734375,5.646457,log,2025-02-01,2025-02-22,3
27,2025-02-01,2025-03-01,4,266.3033447265625,5.588384,log,2025-02-01,2025-03-01,4
28,2025-02-01,2025-02-08,1,760.1739501953125,6.634862,log,2025-02-01,2025-02-08,1
28,2025-02-01,2025-02-15,2,564.7816162109375,6.338208,log,2025-02-01,2025-02-15,2
28,2025-02-01,2025-02-22,3,383.21282958984375,5.9511967,log,2025-02-01,2025-02-22,3
28,2025-02-01,2025-03-01,4,308.9881591796875,5.736534,log,2025-02-01,2025-03-01,4
29,2025-02-01,2025-02-08,1,1301.511962890625,7.17205,log,2025-02-01,2025-02-08,1
29,2025-02-01,2025-02-15,2,1081.102294921875,6.986661,log,2025-02-01,2025-02-15,2
29,2025-02-01,2025-02-22,3,769.0527954101562,6.646459,log,2025-02-01,2025-02-22,3
29,2025-02-01,2025-03-01,4,629.5748901367188,6.446632,log,2025-02-01,2025-03-01,4
30,2025-02-01,2025-02-08,1,128.28848266601562,4.8620462,log,2025-02-01,2025-02-08,1
30,2025-02-01,2025-02-15,2,97.29874420166016,4.5880113,log,2025-02-01,2025-02-15,2
30,2025-02-01,2025-02-22,3,92.00873565673828,4.5326934,log,2025-02-01,2025-02-22,3
30,2025-02-01,2025-03-01,4,53.956382751464844,4.00654,log,2025-02-01,2025-03-01,4
31,2025-02-01,2025-02-08,1,308.45721435546875,5.73482,log,2025-02-01,2025-02-08,1
31,2025-02-01,2025-02-15,2,229.13034057617188,5.438646,log,2025-02-01,2025-02-15,2
31,2025-02-01,2025-02-22,3,149.45101928710938,5.0136375,log,2025-02-01,2025-02-22,3
31,2025-02-01,2025-03-01,4,82.23854064941406,4.4217105,log,2025-02-01,2025-03-01,4
32,2025-02-01,2025-02-08,1,168.39352416992188,5.1322246,log,2025-02-01,2025-02-08,1
32,2025-02-01,2025-02-15,2,116.17002868652344,4.763626,log,2025-02-01,2025-02-15,2
32,2025-02-01,2025-02-22,3,94.78130340576172,4.5620675,log,2025-02-01,2025-02-22,3
32,2025-02-01,2025-03-01,4,75.40966033935547,4.336109,log,2025-02-01,2025-03-01,4
33,2025-02-01,2025-02-08,1,198.05126953125,5.2935624,log,2025-02-01,2025-02-08,1
33,2025-02-01,2025-02-15,2,160.8997039794922,5.086977,log,2025-02-01,2025-02-15,2
33,2025-02-01,2025-02-22,3,111.51336669921875,4.723072,log,2025-02-01,2025-02-22,3
33,2025-02-01,2025-03-01,4,57.60099411010742,4.0707517,log,2025-02-01,2025-03-01,4
34,2025-02-01,2025-02-08,1,2698.490478515625,7.9008183,log,2025-02-01,2025-02-08,1
34,2025-02-01,2025-02-15,2,1824.419921875,7.5095654,log,2025-02-01,2025-02-15,2
34,2025-02-01,2025-02-22,3,1466.363525390625,7.2912226,log,2025-02-01,2025-02-22,3
34,2025-02-01,2025-03-01,4,845.4093017578125,6.741003,log,2025-02-01,2025-03-01,4
35,2025-02-01,2025-02-08,1,240.54119873046875,5.48704,log,2025-02-01,2025-02-08,1
35,2025-02-01,2025-02-15,2,158.48805236816406,5.071969,log,2025-02-01,2025-02-15,2
35,2025-02-01,2025-02-22,3,104.26693725585938,4.6564994,log,2025-02-01,2025-02-22,3
35,2025-02-01,2025-03-01,4,102.77259063720703,4.642202,log,2025-02-01,2025-03-01,4
36,2025-02-01,2025-02-08,1,2832.249755859375,7.9491796,log,2025-02-01,2025-02-08,1
36,2025-02-01,2025-02-15,2,2253.282958984375,7.7205873,log,2025-02-01,2025-02-15,2
36,2025-02-01,2025-02-22,3,2073.9462890625,7.6376905,log,2025-02-01,2025-02-22,3
36,2025-02-01,2025-03-01,4,992.2741088867188,6.9010067,log,2025-02-01,2025-03-01,4
37,2025-02-01,2025-02-08,1,2905.10595703125,7.9745693,log,2025-02-01,2025-02-08,1
37,2025-02-01,2025-02-15,2,2334.923583984375,7.7561626,log,2025-02-01,2025-02-15,2
37,2025-02-01,2025-02-22,3,1521.904052734375,7.3283744,log,2025-02-01,2025-02-22,3
37,2025-02-01,2025-03-01,4,999.6206665039062,6.9083757,log,2025-02-01,2025-03-01,4
38,2025-02-01,2025-02-08,1,115.54933166503906,4.7583146,log,2025-02-01,2025-02-08,1
38,2025-02-01,2025-02-15,2,110.47330474853516,4.713785,log,2025-02-01,2025-02-15,2
38,2025-02-01,2025-02-22,3,87.12496948242188,4.478756,log,2025-02-01,2025-02-22,3
38,2025-02-01,2025-03-01,4,36.634891510009766,3.6279316,log,2025-02-01,2025-03-01,4
39,2025-02-01,2025-02-08,1,3194.570556640625,8.069521,log,2025-02-01,2025-02-08,1
39,2025-02-01,2025-02-15,2,2640.750732421875,7.879197,log,2025-02-01,2025-02-15,2
39,2025-02-01,2025-02-22,3,1761.428955078125,7.474448,log,2025-02-01,2025-02-22,3
39,2025-02-01,2025-03-01,4,949.1531372070312,6.856623,log,2025-02-01,2025-03-01,4
40,2025-02-01,2025-02-08,1,1358.9144287109375,7.215177,log,2025-02-01,2025-02-08,1
40,2025-02-01,2025-02-15,2,1382.7052001953125,7.23252,log,2025-02-01,2025-02-15,2
40,2025-02-01,2025-02-22,3,995.4915161132812,6.9042406,log,2025-02-01,2025-02-22,3
40,2025-02-01,2025-03-01,4,603.2801513671875,6.404038,log,2025-02-01,2025-03-01,4
41,2025-02-01,2025-02-08,1,421.9801025390625,6.047325,log,2025-02-01,2025-02-08,1
41,2025-02-01,2025-02-15,2,368.7612609863281,5.9128575,log,2025-02-01,2025-02-15,2
41,2025-02-01,2025-02-22,3,285.4591979980469,5.657596,log,2025-02-01,2025-02-22,3
41,2025-02-01,2025-03-01,4,237.32748413085938,5.4736457,log,2025-02-01,2025-03-01,4
42,2025-02-01,2025-02-08,1,2970.166259765625,7.99671,log,2025-02-01,2025-02-08,1
42,2025-02-01,2025-02-15,2,2444.592041015625,7.8020425,log,2025-02-01,2025-02-15,2
42,2025-02-01,2025-02-22,3,2074.923095703125,7.638161,log,2025-02-01,2025-02-22,3
42,2025-02-01,2025-03-01,4,906.2513427734375,6.8104196,log,2025-02-01,2025-03-01,4
44,2025-02-01,2025-02-08,1,199.95338439941406,5.303073,log,2025-02-01,2025-02-08,1
44,2025-02-01,2025-02-15,2,146.56353759765625,4.994259,log,2025-02-01,2025-02-15,2
44,2025-02-01,2025-02-22,3,86.25092315673828,4.468788,log,2025-02-01,2025-02-22,3
44,2025-02-01,2025-03-01,4,58.7805061340332,4.0906796,log,2025-02-01,2025-03-01,4
45,2025-02-01,2025-02-08,1,1640.4473876953125,7.4033337,log,2025-02-01,2025-02-08,1
45,2025-02-01,2025-02-15,2,1760.69287109375,7.4740305,log,2025-02-01,2025-02-15,2
45,2025-02-01,2025-02-22,3,1170.6796875,7.0661936,log,2025-02-01,2025-02-22,3
45,2025-02-01,2025-03-01,4,623.0494995117188,6.4362297,log,2025-02-01,2025-03-01,4
46,2025-02-01,2025-02-08,1,180.258544921875,5.1999245,log,2025-02-01,2025-02-08,1
46,2025-02-01,2025-02-15,2,129.82546997070312,4.873864,log,2025-02-01,2025-02-15,2
46,2025-02-01,2025-02-22,3,86.0150146484375,4.4660807,log,2025-02-01,2025-02-22,3
46,2025-02-01,2025-03-01,4,52.674808502197266,3.9829438,log,2025-02-01,2025-03-01,4
47,2025-02-01,2025-02-08,1,754.25048828125,6.6270494,log,2025-02-01,2025-02-08,1
47,2025-02-01,2025-02-15,2,653.7393188476562,6.484237,log,2025-02-01,2025-02-15,2
47,2025-02-01,2025-02-22,3,466.9222106933594,6.148302,log,2025-02-01,2025-02-22,3
47,2025-02-01,2025-03-01,4,418.22442626953125,6.0384064,log,2025-02-01,2025-03-01,4
48,2025-02-01,2025-02-08,1,3247.919189453125,8.086078,log,2025-02-01,2025-02-08,1
48,2025-02-01,2025-02-15,2,2823.34033203125,7.94603,log,2025-02-01,2025-02-15,2
48,2025-02-01,2025-02-22,3,2320.141845703125,7.7498145,log,2025-02-01,2025-02-22,3
48,2025-02-01,2025-03-01,4,1148.19921875,7.0468206,log,2025-02-01,2025-03-01,4
49,2025-02-01,2025-02-08,1,174.56004333496094,5.167981,log,2025-02-01,2025-02-08,1
49,2025-02-01,2025-02-15,2,118.08955383300781,4.7798758,log,2025-02-01,2025-02-15,2
49,2025-02-01,2025-02-22,3,88.43159484863281,4.493474,log,2025-02-01,2025-02-22,3
49,2025-02-01,2025-03-01,4,56.71830749511719,4.0555744,log,2025-02-01,2025-03-01,4
50,2025-02-01,2025-02-08,1,99.60992431640625,4.611251,log,2025-02-01,2025-02-08,1
50,2025-02-01,2025-02-15,2,75.27947998046875,4.334404,log,2025-02-01,2025-02-15,2
50,2025-02-01,2025-02-22,3,57.94306182861328,4.076572,log,2025-02-01,2025-02-22,3
50,2025-02-01,2025-03-01,4,27.291015625,3.3425443,log,2025-02-01,2025-03-01,4
51,2025-02-01,2025-02-08,1,1359.5545654296875,7.2156477,log,2025-02-01,2025-02-08,1
51,2025-02-01,2025-02-15,2,1245.1336669921875,7.127801,log,2025-02-01,2025-02-15,2
51,2025-02-01,2025-02-22,3,956.4874877929688,6.8643126,log,2025-02-01,2025-02-22,3
51,2025-02-01,2025-03-01,4,702.2384643554688,6.555696,log,2025-02-01,2025-03-01,4
53,2025-02-01,2025-02-08,1,616.9990844726562,6.426487,log,2025-02-01,2025-02-08,1
53,2025-02-01,2025-02-15,2,583.36083984375,6.3705187,log,2025-02-01,2025-02-15,2
53,2025-02-01,2025-02-22,3,518.296875,6.2524757,log,2025-02-01,2025-02-22,3
53,2025-02-01,2025-03-01,4,518.3409423828125,6.2525606,log,2025-02-01,2025-03-01,4
54,2025-02-01,2025-02-08,1,289.1986389160156,5.6705656,log,2025-02-01,2025-02-08,1
54,2025-02-01,2025-02-15,2,314.4987487792969,5.7541547,log,2025-02-01,2025-02-15,2
54,2025-02-01,2025-02-22,3,185.8544464111328,5.23033,log,2025-02-01,2025-02-22,3
54,2025-02-01,2025-03-01,4,133.2234649658203,4.899506,log,2025-02-01,2025-03-01,4
55,2025-02-01,2025-02-08,1,1192.678466796875,7.084795,log,2025-02-01,2025-02-08,1
55,2025-02-01,2025-02-15,2,1000.4550170898438,6.9092093,log,2025-02-01,2025-02-15,2
55,2025-02-01,2025-02-22,3,870.8953857421875,6.7706695,log,2025-02-01,2025-02-22,3
55,2025-02-01,2025-03-01,4,488.70343017578125,6.1938,log,2025-02-01,2025-03-01,4
56,2025-02-01,2025-02-08,1,115.89446258544922,4.7612715,log,2025-02-01,2025-02-08,1
56,2025-02-01,2025-02-15,2,58.88855743408203,4.0924854,log,2025-02-01,2025-02-15,2
56,2025-02-01,2025-02-22,3,46.74557876586914,3.8658864,log,2025-02-01,2025-02-22,3
56,2025-02-01,2025-03-01,4,21.709197998046875,3.12277,log,2025-02-01,2025-03-01,4
72,2025-02-01,2025-02-08,1,331.64996337890625,5.8070908,log,2025-02-01,2025-02-08,1
72,2025-02-01,2025-02-15,2,340.1200256347656,5.8322344,log,2025-02-01,2025-02-15,2
72,2025-02-01,2025-02-22,3,243.8033905029297,5.5004554,log,2025-02-01,2025-02-22,3
72,2025-02-01,2025-03-01,4,126.12149810791016,4.8451433,log,2025-02-01,2025-03-01,4
US,2025-02-01,2025-02-08,1,15750.9,8.087521,log,2025-02-01,2025-02-08,1
US,2025-02-01,2025-02-15,2,4489.0064999999995,7.901751,log,2025-02-01,2025-02-15,2
US,2025-02-01,2025-02-22,3,1933.3282470703125,7.5675154,log,2025-02-01,2025-02-22,3
US,2025-02-01,2025-03-01,4,973.0555419921875,6.8814683,log,2025-02-01,2025-03-01,4
01,2025-02-08,2025-02-15,1,723.26708984375,6.5851603,log,2025-02-08,2025-02-15,1
01,2025-02-08,2025-02-22,2,703.041015625,6.5568366,log,2025-02-08,2025-02-22,2
01,2025-02-08,2025-03-01,3,652.65625,6.4825816,log,2025-02-08,2025-03-01,3
01,2025-02-08,2025-03-08,4,370.9249572753906,5.918692,log,2025-02-08,2025-03-08,4
02,2025-02-08,2025-02-15,1,26.566762924194336,3.3166108,log,2025-02-08,2025-02-15,1
02,2025-02-08,2025-02-22,2,31.442476272583008,3.4794686,log,2025-02-08,2025-02-22,2
02,2025-02-08,2025-03-01,3,26.359580993652344,3.3090668,log,2025-02-08,2025-03-01,3
02,2025-02-08,2025-03-08,4,17.315099716186523,2.9077258,log,2025-02-08,2025-03-08,4
04,2025-02-08,2025-02-15,1,694.5474243164062,6.544699,log,2025-02-08,2025-02-15,1
04,2025-02-08,2025-02-22,2,644.423583984375,6.469907,log,2025-02-08,2025-02-22,2
04,2025-02-08,2025-03-01,3,469.8994140625,6.1546445,log,2025-02-08,2025-03-01,3
04,2025-02-08,2025-03-08,4,397.84014892578125,5.9885607,log,2025-02-08,2025-03-08,4
05,2025-02-08,2025-02-15,1,919.9221801757812,6.8253756,log,2025-02-08,2025-02-15,1
05,2025-02-08,2025-02-22,2,1007.6552124023438,6.9163733,log,2025-02-08,2025-02-22,2
05,2025-02-08,2025-03-01,3,1223.5142822265625,7.1102996,log,2025-02-08,2025-03-01,3
05,2025-02-08,2025-03-08,4,694.4608764648438,6.5445747,log,2025-02-08,2025-03-08,4
06,2025-02-08,2025-02-15,1,2037.0506591796875,7.619749,log,2025-02-08,2025-02-15,1
06,2025-02-08,2025-02-22,2,2464.212646484375,7.8100333,log,2025-02-08,2025-02-22,2
06,2025-02-08,2025-03-01,3,1959.438720703125,7.5809236,log,2025-02-08,2025-03-01,3
06,2025-02-08,2025-03-08,4,1345.7454833984375,7.2054462,log,2025-02-08,2025-03-08,4
08,2025-02-08,2025-02-15,1,731.0613403320312,6.5958643,log,2025-02-08,2025-02-15,1
08,2025-02-08,2025-02-22,2,970.651611328125,6.8789973,log,2025-02-08,2025-02-22,2
08,2025-02-08,2025-03-01,3,896.4703369140625,6.79958,log,2025-02-08,2025-03-01,3
08,2025-02-08,2025-03-08,4,663.2101440429688,6.4985986,log,2025-02-08,2025-03-08,4
09,2025-02-08,2025-02-15,1,719.5516357421875,6.580017,log,2025-02-08,2025-02-15,1
09,2025-02-08,2025-02-22,2,750.8616943359375,6.6225524,log,2025-02-08,2025-02-22,2
09,2025-02-08,2025-03-01,3,625.2598876953125,6.4397655,log,2025-02-08,2025-03-01,3
09,2025-02-08,2025-03-08,4,384.0897521972656,5.9534764,log,2025-02-08,2025-03-08,4
10,2025-02-08,2025-02-15,1,265.9032897949219,5.5868864,log,2025-02-08,2025-02-15,1
10,2025-02-08,2025-02-22,2,311.8240051269531,5.7456408,log,2025-02-08,2025-02-22,2
10,2025-02-08,2025-03-01,3,208.25738525390625,5.343565,log,2025-02-08,2025-03-01,3
10,2025-02-08,2025-03-08,4,110.80879211425781,4.71679,log,2025-02-08,2025-03-08,4
11,2025-02-08,2025-02-15,1,311.681884765625,5.7451863,log,2025-02-08,2025-02-15,1
11,2025-02-08,2025-02-22,2,333.3306579589844,5.8121305,log,2025-02-08,2025-02-22,2
11,2025-02-08,2025-03-01,3,238.7544403076172,5.479615,log,2025-02-08,2025-03-01,3
11,2025-02-08,2025-03-08,4,93.13623809814453,4.544743,log,2025-02-08,2025-03-08,4
12,2025-02-08,2025-02-15,1,2394.790283203125,7.7814684,log,2025-02-08,2025-02-15,1
12,2025-02-08,2025-02-22,2,2717.241943359375,7.9077406,log,2025-02-08,2025-02-22,2
12,2025-02-08,2025-03-01,3,2228.447021484375,7.709509,log,2025-02-08,2025-03-01,3
12,2025-02-08,2025-03-08,4,1299.119873046875,7.170212,log,2025-02-08,2025-03-08,4
13,2025-02-08,2025-02-15,1,1833.089111328125,7.514303,log,2025-02-08,2025-02-15,1
13,2025-02-08,2025-02-22,2,2012.4049072265625,7.6075826,log,2025-02-08,2025-02-22,2
13,2025-02-08,2025-03-01,3,1757.0064697265625,7.4719357,log,2025-02-08,2025-03-01,3
13,2025-02-08,2025-03-08,4,1088.725341796875,6.993681,log,2025-02-08,2025-03-08,4
15,2025-02-08,2025-02-15,1,72.97908782958984,4.3037825,log,2025-02-08,2025-02-15,1
15,2025-02-08,2025-02-22,2,79.54395294189453,4.388803,log,2025-02-08,2025-02-22,2
15,2025-02-08,2025-03-01,3,63.17932891845703,4.161681,log,2025-02-08,2025-03-01,3
15,2025-02-08,2025-03-08,4,38.18098068237305,3.6681914,log,2025-02-08,2025-03-08,4
16,2025-02-08,2025-02-15,1,171.11573791503906,5.148167,log,2025-02-08,2025-02-15,1
16,2025-02-08,2025-02-22,2,210.31716918945312,5.35336,log,2025-02-08,2025-02-22,2
16,2025-02-08,2025-03-01,3,146.80670166015625,4.9959054,log,2025-02-08,2025-03-01,3
16,2025-02-08,2025-03-08,4,147.96873474121094,5.0037365,log,2025-02-08,2025-03-08,4
17,2025-02-08,2025-02-15,1,2916.7958984375,7.978584,log,2025-02-08,2025-02-15,1
17,2025-02-08,2025-02-22,2,3014.0986328125,8.011388,log,2025-02-08,2025-02-22,2
17,2025-02-08,2025-03-01,3,2105.607177734375,7.652834,log,2025-02-08,2025-03-01,3
17,2025-02-08,2025-03-08,4,1176.296875,7.0709763,log,2025-02-08,2025-03-08,4
18,2025-02-08,2025-02-15,1,2304.942138671875,7.7432446,log,2025-02-08,2025-02-15,1
18,2025-02-08,2025-02-22,2,3108.274658203125,8.042145,log,2025-02-08,2025-02-22,2
18,2025-02-08,2025-03-01,3,2518.7041015625,7.831897,log,2025-02-08,2025-03-01,3
18,2025-02-08,2025-03-08,4,1402.9093017578125,7.247016,log,2025-02-08,2025-03-08,4
19,2025-02-08,2025-02-15,1,806.5904541015625,6.694055,log,2025-02-08,2025-02-15,1
19,2025-02-08,2025-02-22,2,741.0651245117188,6.609437,log,2025-02-08,2025-02-22,2
19,2025-02-08,2025-03-01,3,620.2838134765625,6.431788,log,2025-02-08,2025-03-01,3
19,2025-02-08,2025-03-08,4,363.364501953125,5.8981547,log,2025-02-08,2025-03-08,4
20,2025-02-08,2025-02-15,1,541.6610717773438,6.296485,log,2025-02-08,2025-02-15,1
20,2025-02-08,2025-02-22,2,471.98663330078125,6.159067,log,2025-02-08,2025-02-22,2
20,2025-02-08,2025-03-01,3,363.37579345703125,5.8981857,log,2025-02-08,2025-03-01,3
20,2025-02-08,2025-03-08,4,330.37567138671875,5.8032527,log,2025-02-08,2025-03-08,4
21,2025-02-08,2025-02-15,1,1594.911376953125,7.3752003,log,2025-02-08,2025-02-15,1
21,2025-02-08,2025-02-22,2,1773.5662841796875,7.4813113,log,2025-02-08,2025-02-22,2
21,2025-02-08,2025-03-01,3,1562.73828125,7.3548346,log,2025-02-08,2025-03-01,3
21,2025-02-08,2025-03-08,4,976.7466430664062,6.8852506,log,2025-02-08,2025-03-08,4
22,2025-02-08,2025-02-15,1,476.8734130859375,6.169346,log,2025-02-08,2025-02-15,1
22,2025-02-08,2025-02-22,2,427.46630859375,6.060212,log,2025-02-08,2025-02-22,2
22,2025-02-08,2025-03-01,3,401.1438903808594,5.99681,log,2025-02-08,2025-03-01,3
22,2025-02-08,2025-03-08,4,299.68157958984375,5.706052,log,2025-02-08,2025-03-08,4
23,2025-02-08,2025-02-15,1,282.4191589355469,5.646927,log,2025-02-08,2025-02-15,1
23,2025-02-08,2025-02-22,2,332.3908996582031,5.8093157,log,2025-02-08,2025-02-22,2
23,2025-02-08,2025-03-01,3,269.76068115234375,5.6012354,log,2025-02-08,2025-03-01,3
23,2025-02-08,2025-03-08,4,163.96524047851562,5.105735,log,2025-02-08,2025-03-08,4
24,2025-02-08,2025-02-15,1,1298.5150146484375,7.1697464,log,2025-02-08,2025-02-15,1
24,2025-02-08,2025-02-22,2,1300.239990234375,7.171073,log,2025-02-08,2025-02-22,2
24,2025-02-08,2025-03-01,3,1174.3896484375,7.069355,log,2025-02-08,2025-03-01,3
24,2025-02-08,2025-03-08,4,545.8814697265625,6.304232,log,2025-02-08,2025-03-08,4
25,2025-02-08,2025-02-15,1,2154.08984375,7.6755877,log,2025-02-08,2025-02-15,1
25,2025-02-08,2025-02-22,2,2955.208984375,7.991663,log,2025-02-08,2025-02-22,2
25,2025-02-08,2025-03-01,3,2549.65673828125,7.844106,log,2025-02-08,2025-03-01,3
25,2025-02-08,2025-03-08,4,1524.534423828125,7.3301,log,2025-02-08,2025-03-08,4
26,2025-02-08,2025-02-15,1,2635.652587890625,7.8772655,log,2025-02-08,2025-02-15,1
26,2025-02-08,2025-02-22,2,3171.656494140625,8.062325,log,2025-02-08,2025-02-22,2
26,2025-02-08,2025-03-01,3,2550.610595703125,7.84448,log,2025-02-08,2025-03-01,3
26,2025-02-08,2025-03-08,4,1539.132080078125,7.3396235,log,2025-02-08,2025-03-08,4
27,2025-02-08,2025-02-15,1,528.5729370117188,6.272071,log,2025-02-08,2025-02-15,1
27,2025-02-08,2025-02-22,2,506.0032958984375,6.2285175,log,2025-02-08,2025-02-22,2
27,2025-02-08,2025-03-01,3,420.7578125,6.044431,log,2025-02-08,2025-03-01,3
27,2025-02-08,2025-03-08,4,350.72955322265625,5.8628626,log,2025-02-08,2025-03-08,4
28,2025-02-08,2025-02-15,1,589.2055053710938,6.3804708,log,2025-02-08,2025-02-15,1
28,2025-02-08,2025-02-22,2,651.9680786132812,6.4815283,log,2025-02-08,2025-02-22,2
28,2025-02-08,2025-03-01,3,615.3721923828125,6.423851,log,2025-02-08,2025-03-01,3
28,2025-02-08,2025-03-08,4,354.3728332519531,5.8731675,log,2025-02-08,2025-03-08,4
29,2025-02-08,2025-02-15,1,1815.98681640625,7.504935,log,2025-02-08,2025-02-15,1
29,2025-02-08,2025-02-22,2,2622.983642578125,7.872449,log,2025-02-08,2025-02-22,2
29,2025-02-08,2025-03-01,3,1947.233642578125,7.5746784,log,2025-02-08,2025-03-01,3
29,2025-02-08,2025-03-08,4,979.5615234375,6.8881254,log,2025-02-08,2025-03-08,4
30,2025-02-08,2025-02-15,1,224.66737365722656,5.419062,log,2025-02-08,2025-02-15,1
30,2025-02-08,2025-02-22,2,261.3050231933594,5.569508,log,2025-02-08,2025-02-22,2
30,2025-02-08,2025-03-01,3,225.77456665039062,5.4239564,log,2025-02-08,2025-03-01,3
30,2025-02-08,2025-03-08,4,137.51878356933594,4.931006,log,2025-02-08,2025-03-08,4
31,2025-02-08,2025-02-15,1,312.93487548828125,5.7491856,log,2025-02-08,2025-02-15,1
31,2025-02-08,2025-02-22,2,307.6817321777344,5.732311,log,2025-02-08,2025-02-22,2
31,2025-02-08,2025-03-01,3,230.1555633544922,5.443091,log,2025-02-08,2025-03-01,3
31,2025-02-08,2025-03-08,4,183.611328125,5.2182527,log,2025-02-08,2025-03-08,4
32,2025-02-08,2025-02-15,1,213.30560302734375,5.367403,log,2025-02-08,2025-02-15,1
32,2025-02-08,2025-02-22,2,247.1238250732422,5.513928,log,2025-02-08,2025-02-22,2
32,2025-02-08,2025-03-01,3,180.89016723632812,5.203403,log,2025-02-08,2025-03-01,3
32,2025-02-08,2025-03-08,4,119.03977966308594,4.787823,log,2025-02-08,2025-03-08,4
33,2025-02-08,2025-02-15,1,238.0119171142578,5.4765134,log,2025-02-08,2025-02-15,1
33,2025-02-08,2025-02-22,2,274.38897705078125,5.6181846,log,2025-02-08,2025-02-22,2
33,2025-02-08,2025-03-01,3,199.92147827148438,5.302914,log,2025-02-08,2025-03-01,3
33,2025-02-08,2025-03-08,4,105.24134063720703,4.6657133,log,2025-02-08,2025-03-08,4
34,2025-02-08,2025-02-15,1,2710.46630859375,7.905245,log,2025-02-08,2025-02-15,1
34,2025-02-08,2025-02-22,2,2594.203369140625,7.86142,log,2025-02-08,2025-02-22,2
34,2025-02-08,2025-03-01,3,1921.4488525390625,7.561355,log,2025-02-08,2025-03-01,3
34,2025-02-08,2025-03-08,4,1151.85400390625,7.049996,log,2025-02-08,2025-03-08,4
35,2025-02-08,2025-02-15,1,236.2706756591797,5.4692016,log,2025-02-08,2025-02-15,1
35,2025-02-08,2025-02-22,2,246.51548767089844,5.511473,log,2025-02-08,2025-02-22,2
35,2025-02-08,2025-03-01,3,162.39161682128906,5.09615,log,2025-02-08,2025-03-01,3
35,2025-02-08,2025-03-08,4,132.64320373535156,4.8951735,log,2025-02-08,2025-03-08,4
36,2025-02-08,2025-02-15,1,2046.122314453125,7.6241903,log,2025-02-08,2025-02-15,1
36,2025-02-08,2025-02-22,2,2174.884765625,7.6851907,log,2025-02-08,2025-02-22,2
36,2025-02-08,2025-03-01,3,1813.69140625,7.5036707,log,2025-02-08,2025-03-01,3
36,2025-02-08,2025-03-08,4,1140.46484375,7.0400677,log,2025-02-08,2025-03-08,4
37,2025-02-08,2025-02-15,1,2797.82373046875,7.9369545,log,2025-02-08,2025-02-15,1
37,2025-02-08,2025-02-22,2,2622.643310546875,7.872319,log,2025-02-08,2025-02-22,2
37,2025-02-08,2025-03-01,3,2304.27490234375,7.742955,log,2025-02-08,2025-03-01,3
37,2025-02-08,2025-03-08,4,1136.531005859375,7.0366154,log,2025-02-08,2025-03-08,4
38,2025-02-08,2025-02-15,1,170.75245666503906,5.1460543,log,2025-02-08,2025-02-15,1
38,2025-02-08,2025-02-22,2,181.86293029785156,5.208737,log,2025-02-08,2025-02-22,2
38,2025-02-08,2025-03-01,3,155.9795684814453,5.0561156,log,2025-02-08,2025-03-01,3
38,2025-02-08,2025-03-08,4,88.66802978515625,4.4961143,log,2025-02-08,2025-03-08,4
39,2025-02-08,2025-02-15,1,2939.40283203125,7.986302,log,2025-02-08,2025-02-15,1
39,2025-02-08,2025-02-22,2,3291.21435546875,8.099316,log,2025-02-08,2025-02-22,2
39,2025-02-08,2025-03-01,3,2545.879638671875,7.842624,log,2025-02-08,2025-03-01,3
39,2025-02-08,2025-03-08,4,1525.9281005859375,7.331013,log,2025-02-08,2025-03-08,4
40,2025-02-08,2025-02-15,1,1110.7232666015625,7.0136666,log,2025-02-08,2025-02-15,1
40,2025-02-08,2025-02-22,2,1362.2926025390625,7.217658,log,2025-02-08,2025-02-22,2
40,2025-02-08,2025-03-01,3,1611.3446044921875,7.3854446,log,2025-02-08,2025-03-01,3
40,2025-02-08,2025-03-08,4,1070.760009765625,6.9770575,log,2025-02-08,2025-03-08,4
41,2025-02-08,2025-02-15,1,792.7013549804688,6.6767073,log,2025-02-08,2025-02-15,1
41,2025-02-08,2025-02-22,2,700.0059814453125,6.5525165,log,2025-02-08,2025-02-22,2
41,2025-02-08,2025-03-01,3,661.5614624023438,6.4961133,log,2025-02-08,2025-03-01,3
41,2025-02-08,2025-03-08,4,569.4821166992188,6.346482,log,2025-02-08,2025-03-08,4
42,2025-02-08,2025-02-15,1,3006.783935546875,8.008959,log,2025-02-08,2025-02-15,1
42,2025-02-08,2025-02-22,2,3243.194580078125,8.084622,log,2025-02-08,2025-02-22,2
42,2025-02-08,2025-03-01,3,2444.04736328125,7.80182,log,2025-02-08,2025-03-01,3
42,2025-02-08,2025-03-08,4,1487.662109375,7.305633,log,2025-02-08,2025-03-08,4
44,2025-02-08,2025-02-15,1,236.96885681152344,5.47214,log,2025-02-08,2025-02-15,1
44,2025-02-08,2025-02-22,2,244.967041015625,5.5051975,log,2025-02-08,2025-02-22,2
44,2025-02-08,2025-03-01,3,190.01341247558594,5.2523437,log,2025-02-08,2025-03-01,3
44,2025-02-08,2025-03-08,4,95.87666320800781,4.5734386,log,2025-02-08,2025-03-08,4
45,2025-02-08,2025-02-15,1,1467.030517578125,7.291677,log,2025-02-08,2025-02-15,1
45,2025-02-08,2025-02-22,2,1198.033447265625,7.089271,log,2025-02-08,2025-02-22,2
45,2025-02-08,2025-03-01,3,1406.212158203125,7.249366,log,2025-02-08,2025-03-01,3
45,2025-02-08,2025-03-08,4,790.8822631835938,6.6744127,log,2025-02-08,2025-03-08,4
46,2025-02-08,2025-02-15,1,238.54132080078125,5.478726,log,2025-02-08,2025-02-15,1
46,2025-02-08,2025-02-22,2,273.19580078125,5.6138425,log,2025-02-08,2025-02-22,2
46,2025-02-08,2025-03-01,3,217.99169921875,5.389034,log,2025-02-08,2025-03-01,3
46,2025-02-08,2025-03-08,4,89.39849853515625,4.5042276,log,2025-02-08,2025-03-08,4
47,2025-02-08,2025-02-15,1,1419.6064453125,7.258839,log,2025-02-08,2025-02-15,1
47,2025-02-08,2025-02-22,2,1604.281494140625,7.3810544,log,2025-02-08,2025-02-22,2
47,2025-02-08,2025-03-01,3,1355.3125,7.212525,log,2025-02-08,2025-03-01,3
47,2025-02-08,2025-03-08,4,856.7376098632812,6.754298,log,2025-02-08,2025-03-08,4
48,2025-02-08,2025-02-15,1,2540.9462890625,7.8406854,log,2025-02-08,2025-02-15,1
48,2025-02-08,2025-02-22,2,2720.337646484375,7.908879,log,2025-02-08,2025-02-22,2
48,2025-02-08,2025-03-01,3,2374.3388671875,7.7728953,log,2025-02-08,2025-03-01,3
48,2025-02-08,2025-03-08,4,1696.697021484375,7.437028,log,2025-02-08,2025-03-08,4
49,2025-02-08,2025-02-15,1,192.2583770751953,5.264028,log,2025-02-08,2025-02-15,1
49,2025-02-08,2025-02-22,2,230.8997802734375,5.4463053,log,2025-02-08,2025-02-22,2
49,2025-02-08,2025-03-01,3,156.3004150390625,5.0581574,log,2025-02-08,2025-03-01,3
49,2025-02-08,2025-03-08,4,102.7267837524414,4.6417603,log,2025-02-08,2025-03-08,4
50,2025-02-08,2025-02-15,1,174.15025329589844,5.165644,log,2025-02-08,2025-02-15,1
50,2025-02-08,2025-02-22,2,189.34332275390625,5.2488294,log,2025-02-08,2025-02-22,2
50,2025-02-08,2025-03-01,3,142.87193298339844,4.9689236,log,2025-02-08,2025-03-01,3
50,2025-02-08,2025-03-08,4,68.21941375732422,4.2372813,log,2025-02-08,2025-03-08,4
51,2025-02-08,2025-02-15,1,1575.2523193359375,7.3628054,log,2025-02-08,2025-02-15,1
51,2025-02-08,2025-02-22,2,2036.74169921875,7.6195974,log,2025-02-08,2025-02-22,2
51,2025-02-08,2025-03-01,3,1876.8759765625,7.5378966,log,2025-02-08,2025-03-01,3
51,2025-02-08,2025-03-08,4,954.2957153320312,6.862021,log,2025-02-08,2025-03-08,4
53,2025-02-08,2025-02-15,1,1016.4818115234375,6.925086,log,2025-02-08,2025-02-15,1
53,2025-02-08,2025-02-22,2,987.4208984375,6.8961086,log,2025-02-08,2025-02-22,2
53,2025-02-08,2025-03-01,3,973.0150756835938,6.881427,log,2025-02-08,2025-03-01,3
53,2025-02-08,2025-03-08,4,662.0272827148438,6.496816,log,2025-02-08,2025-03-08,4
54,2025-02-08,2025-02-15,1,605.8645629882812,6.4083056,log,2025-02-08,2025-02-15,1
54,2025-02-08,2025-02-22,2,640.8685913085938,6.4643836,log,2025-02-08,2025-02-22,2
54,2025-02-08,2025-03-01,3,521.2302856445312,6.2581086,log,2025-02-08,2025-03-01,3
54,2025-02-08,2025-03-08,4,416.9388122558594,6.035335,log,2025-02-08,2025-03-08,4
55,2025-02-08,2025-02-15,1,1423.002197265625,7.2612267,log,2025-02-08,2025-02-15,1
55,2025-02-08,2025-02-22,2,1597.5823974609375,7.3768725,log,2025-02-08,2025-02-22,2
55,2025-02-08,2025-03-01,3,1491.6981201171875,7.3083405,log,2025-02-08,2025-03-01,3
55,2025-02-08,2025-03-08,4,846.7470703125,6.7425823,log,2025-02-08,2025-03-08,4
56,2025-02-08,2025-02-15,1,105.7741470336914,4.670716,log,2025-02-08,2025-02-15,1
56,2025-02-08,2025-02-22,2,116.146728515625,4.7634273,log,2025-02-08,2025-02-22,2
56,2025-02-08,2025-03-01,3,88.56119537353516,4.494922,log,2025-02-08,2025-03-01,3
56,2025-02-08,2025-03-08,4,43.34082794189453,3.7919059,log,2025-02-08,2025-03-08,4
72,2025-02-08,2025-02-15,1,218.74075317382812,5.3924484,log,2025-02-08,2025-02-15,1
72,2025-02-08,2025-02-22,2,217.33407592773438,5.3860264,log,2025-02-08,2025-02-22,2
72,2025-02-08,2025-03-01,3,210.0513153076172,5.3521013,log,2025-02-08,2025-03-01,3
72,2025-02-08,2025-03-08,4,194.2405548095703,5.2742324,log,2025-02-08,2025-03-08,4
US,2025-02-08,2025-02-15,1,16657.5,8.00368,log,2025-02-08,2025-02-15,1
US,2025-02-08,2025-02-22,2,4747.3875,8.080233,log,2025-02-08,2025-02-22,2
US,2025-02-08,2025-03-01,3,2383.957275390625,7.7769365,log,2025-02-08,2025-03-01,3
US,2025-02-08,2025-03-08,4,1563.51171875,7.355329,log,2025-02-08,2025-03-08,4
01,2025-02-15,2025-02-22,1,363.234375,5.8977976,log,2025-02-15,2025-02-22,1
01,2025-02-15,2025-03-01,2,347.73602294921875,5.8543153,log,2025-02-15,2025-03-01,2
01,2025-02-15,2025-03-08,3,461.1171875,6.1358185,log,2025-02-15,2025-03-08,3
01,2025-02-15,2025-03-15,4,306.5624694824219,5.728678,log,2025-02-15,2025-03-15,4
02,2025-02-15,2025-02-22,1,49.24656295776367,3.9169421,log,2025-02-15,2025-02-22,1
02,2025-02-15,2025-03-01,2,50.8105583190918,3.947594,log,2025-02-15,2025-03-01,2
02,2025-02-15,2025-03-08,3,42.225685119628906,3.766435,log,2025-02-15,2025-03-08,3
02,2025-02-15,2025-03-15,4,48.955440521240234,3.9111314,log,2025-02-15,2025-03-15,4
04,2025-02-15,2025-02-22,1,571.077880859375,6.349275,log,2025-02-15,2025-02-22,1
04,2025-02-15,2025-03-01,2,661.0318603515625,6.4953136,log,2025-02-15,2025-03-01,2
04,2025-02-15,2025-03-08,3,630.0492553710938,6.447384,log,2025-02-15,2025-03-08,3
04,2025-02-15,2025-03-15,4,454.1707763671875,6.1206727,log,2025-02-15,2025-03-15,4
05,2025-02-15,2025-02-22,1,615.6961669921875,6.4243765,log,2025-02-15,2025-02-22,1
05,2025-02-15,2025-03-01,2,822.464599609375,6.7135205,log,2025-02-15,2025-03-01,2
05,2025-02-15,2025-03-08,3,1147.4049072265625,7.046129,log,2025-02-15,2025-03-08,3
05,2025-02-15,2025-03-15,4,983.98583984375,6.8926272,log,2025-02-15,2025-03-15,4
06,2025-02-15,2025-02-22,1,873.3563842773438,6.773488,log,2025-02-15,2025-02-22,1
06,2025-02-15,2025-03-01,2,916.6538696289062,6.8218203,log,2025-02-15,2025-03-01,2
06,2025-02-15,2025-03-08,3,936.4420166015625,6.843155,log,2025-02-15,2025-03-08,3
06,2025-02-15,2025-03-15,4,568.9176635742188,6.345492,log,2025-02-15,2025-03-15,4
08,2025-02-15,2025-02-22,1,464.1769714355469,6.142418,log,2025-02-15,2025-02-22,1
08,2025-02-15,2025-03-01,2,628.2499389648438,6.4445286,log,2025-02-15,2025-03-01,2
08,2025-02-15,2025-03-08,3,722.5449829101562,6.5841627,log,2025-02-15,2025-03-08,3
08,2025-02-15,2025-03-15,4,523.6768798828125,6.2627826,log,2025-02-15,2025-03-15,4
09,2025-02-15,2025-02-22,1,506.9458312988281,6.230375,log,2025-02-15,2025-02-22,1
09,2025-02-15,2025-03-01,2,609.076416015625,6.413584,log,2025-02-15,2025-03-01,2
09,2025-02-15,2025-03-08,3,670.8970336914062,6.510105,log,2025-02-15,2025-03-08,3
09,2025-02-15,2025-03-15,4,387.2424011230469,5.96163,log,2025-02-15,2025-03-15,4
10,2025-02-15,2025-02-22,1,211.747802734375,5.3601074,log,2025-02-15,2025-02-22,1
10,2025-02-15,2025-03-01,2,229.0159149169922,5.4381485,log,2025-02-15,2025-03-01,2
10,2025-02-15,2025-03-08,3,204.18052673339844,5.32389,log,2025-02-15,2025-03-08,3
10,2025-02-15,2025-03-15,4,134.642822265625,4.910025,log,2025-02-15,2025-03-15,4
11,2025-02-15,2025-02-22,1,99.5181884765625,4.6103387,log,2025-02-15,2025-02-22,1
11,2025-02-15,2025-03-01,2,99.88658905029297,4.613997,log,2025-02-15,2025-03-01,2
11,2025-02-15,2025-03-08,3,66.80695343017578,4.216665,log,2025-02-15,2025-03-08,3
11,2025-02-15,2025-03-15,4,56.995155334472656,4.0603595,log,2025-02-15,2025-03-15,4
12,2025-02-15,2025-02-22,1,845.0303955078125,6.7405553,log,2025-02-15,2025-02-22,1
12,2025-02-15,2025-03-01,2,830.3109130859375,6.723004,log,2025-02-15,2025-03-01,2
12,2025-02-15,2025-03-08,3,797.509521484375,6.682747,log,2025-02-15,2025-03-08,3
12,2025-02-15,2025-03-15,4,514.7342529296875,6.2455916,log,2025-02-15,2025-03-15,4
13,2025-02-15,2025-02-22,1,586.5494384765625,6.3759604,log,2025-02-15,2025-02-22,1
13,2025-02-15,2025-03-01,2,696.030517578125,6.546829,log,2025-02-15,2025-03-01,2
13,2025-02-15,2025-03-08,3,782.7821655273438,6.664131,log,2025-02-15,2025-03-08,3
13,2025-02-15,2025-03-15,4,576.1563720703125,6.3581133,log,2025-02-15,2025-03-15,4
15,2025-02-15,2025-02-22,1,69.18367767333984,4.251116,log,2025-02-15,2025-02-22,1
15,2025-02-15,2025-03-01,2,77.6241455078125,4.364679,log,2025-02-15,2025-03-01,2
15,2025-02-15,2025-03-08,3,62.348976135253906,4.1486588,log,2025-02-15,2025-03-08,3
15,2025-02-15,2025-03-15,4,39.49881362915039,3.7012727,log,2025-02-15,2025-03-15,4
16,2025-02-15,2025-02-22,1,148.57147216796875,5.0077744,log,2025-02-15,2025-02-22,1
16,2025-02-15,2025-03-01,2,193.6439666748047,5.271172,log,2025-02-15,2025-03-01,2
16,2025-02-15,2025-03-08,3,217.5153045654297,5.386856,log,2025-02-15,2025-03-08,3
16,2025-02-15,2025-03-15,4,175.31988525390625,5.1723,log,2025-02-15,2025-03-15,4
17,2025-02-15,2025-02-22,1,2050.822021484375,7.6264834,log,2025-02-15,2025-02-22,1
17,2025-02-15,2025-03-01,2,1803.9525146484375,7.4982896,log,2025-02-15,2025-03-01,2
17,2025-02-15,2025-03-08,3,1816.7823486328125,7.5053725,log,2025-02-15,2025-03-08,3
17,2025-02-15,2025-03-15,4,1351.51171875,7.2097187,log,2025-02-15,2025-03-15,4
18,2025-02-15,2025-02-22,1,1720.24609375,7.4508038,log,2025-02-15,2025-02-22,1
18,2025-02-15,2025-03-01,2,2023.9307861328125,7.613291,log,2025-02-15,2025-03-01,2
18,2025-02-15,2025-03-08,3,2253.187255859375,7.720545,log,2025-02-15,2025-03-08,3
18,2025-02-15,2025-03-15,4,1733.822021484375,7.45866,log,2025-02-15,2025-03-15,4
19,2025-02-15,2025-02-22,1,467.8616027832031,6.1503077,log,2025-02-15,2025-02-22,1
19,2025-02-15,2025-03-01,2,566.9564819335938,6.342045,log,2025-02-15,2025-03-01,2
19,2025-02-15,2025-03-08,3,682.45849609375,6.527166,log,2025-02-15,2025-03-08,3
19,2025-02-15,2025-03-15,4,390.2338562011719,5.9693055,log,2025-02-15,2025-03-15,4
20,2025-02-15,2025-02-22,1,562.5562133789062,6.334267,log,2025-02-15,2025-02-22,1
20,2025-02-15,2025-03-01,2,558.3201904296875,6.326722,log,2025-02-15,2025-03-01,2
20,2025-02-15,2025-03-08,3,619.3208618164062,6.430237,log,2025-02-15,2025-03-08,3
20,2025-02-15,2025-03-15,4,523.852783203125,6.263118,log,2025-02-15,2025-03-15,4
21,2025-02-15,2025-02-22,1,1091.845947265625,6.9965405,log,2025-02-15,2025-02-22,1
21,2025-02-15,2025-03-01,2,1302.601806640625,7.1728864,log,2025-02-15,2025-03-01,2
21,2025-02-15,2025-03-08,3,1351.2254638671875,7.209507,log,2025-02-15,2025-03-08,3
21,2025-02-15,2025-03-15,4,1194.691162109375,7.0864797,log,2025-02-15,2025-03-15,4
22,2025-02-15,2025-02-22,1,343.6000061035156,5.8423843,log,2025-02-15,2025-02-22,1
22,2025-02-15,2025-03-01,2,337.9080810546875,5.825729,log,2025-02-15,2025-03-01,2
22,2025-02-15,2025-03-08,3,418.4911804199219,6.0390425,log,2025-02-15,2025-03-08,3
22,2025-02-15,2025-03-15,4,269.0413513183594,5.598575,log,2025-02-15,2025-03-15,4
23,2025-02-15,2025-02-22,1,272.4269104003906,5.6110344,log,2025-02-15,2025-02-22,1
23,2025-02-15,2025-03-01,2,342.1100769042969,5.8380513,log,2025-02-15,2025-03-01,2
23,2025-02-15,2025-03-08,3,389.2381896972656,5.9667573,log,2025-02-15,2025-03-08,3
23,2025-02-15,2025-03-15,4,278.7416076660156,5.6338663,log,2025-02-15,2025-03-15,4
24,2025-02-15,2025-02-22,1,974.8834838867188,6.883343,log,2025-02-15,2025-02-22,1
24,2025-02-15,2025-03-01,2,871.3607788085938,6.771203,log,2025-02-15,2025-03-01,2
24,2025-02-15,2025-03-08,3,1003.543701171875,6.9122887,log,2025-02-15,2025-03-08,3
24,2025-02-15,2025-03-15,4,700.4323120117188,6.5531244,log,2025-02-15,2025-03-15,4
25,2025-02-15,2025-02-22,1,1546.869140625,7.3446345,log,2025-02-15,2025-02-22,1
25,2025-02-15,2025-03-01,2,1893.2430419921875,7.5465746,log,2025-02-15,2025-03-01,2
25,2025-02-15,2025-03-08,3,1868.292236328125,7.533315,log,2025-02-15,2025-03-08,3
25,2025-02-15,2025-03-15,4,1544.6019287109375,7.3431687,log,2025-02-15,2025-03-15,4
26,2025-02-15,2025-02-22,1,2169.792236328125,7.6828475,log,2025-02-15,2025-02-22,1
26,2025-02-15,2025-03-01,2,2481.65380859375,7.8170834,log,2025-02-15,2025-03-01,2
26,2025-02-15,2025-03-08,3,2378.285888671875,7.7745557,log,2025-02-15,2025-03-08,3
26,2025-02-15,2025-03-15,4,2014.298095703125,7.6085224,log,2025-02-15,2025-03-15,4
27,2025-02-15,2025-02-22,1,491.9501037597656,6.200408,log,2025-02-15,2025-02-22,1
27,2025-02-15,2025-03-01,2,547.706787109375,6.3075643,log,2025-02-15,2025-03-01,2
27,2025-02-15,2025-03-08,3,509.48760986328125,6.2353663,log,2025-02-15,2025-03-08,3
27,2025-02-15,2025-03-15,4,348.5829772949219,5.856741,log,2025-02-15,2025-03-15,4
28,2025-02-15,2025-02-22,1,304.4148864746094,5.721671,log,2025-02-15,2025-02-22,1
28,2025-02-15,2025-03-01,2,424.0192565917969,6.0521345,log,2025-02-15,2025-03-01,2
28,2025-02-15,2025-03-08,3,410.82281494140625,6.020593,log,2025-02-15,2025-03-08,3
28,2025-02-15,2025-03-15,4,326.19970703125,5.7905707,log,2025-02-15,2025-03-15,4
29,2025-02-15,2025-02-22,1,1695.802001953125,7.4365005,log,2025-02-15,2025-02-22,1
29,2025-02-15,2025-03-01,2,1930.9195556640625,7.5662694,log,2025-02-15,2025-03-01,2
29,2025-02-15,2025-03-08,3,2004.01806640625,7.6034083,log,2025-02-15,2025-03-08,3
29,2025-02-15,2025-03-15,4,1863.093994140625,7.5305305,log,2025-02-15,2025-03-15,4
30,2025-02-15,2025-02-22,1,164.99664306640625,5.1119676,log,2025-02-15,2025-02-22,1
30,2025-02-15,2025-03-01,2,183.28880310058594,5.216504,log,2025-02-15,2025-03-01,2
30,2025-02-15,2025-03-08,3,172.6244659423828,5.1568947,log,2025-02-15,2025-03-08,3
30,2025-02-15,2025-03-15,4,118.02823638916016,4.779361,log,2025-02-15,2025-03-15,4
31,2025-02-15,2025-02-22,1,304.19970703125,5.7209663,log,2025-02-15,2025-02-22,1
31,2025-02-15,2025-03-01,2,283.3397521972656,5.65017,log,2025-02-15,2025-03-01,2
31,2025-02-15,2025-03-08,3,279.11199951171875,5.6351895,log,2025-02-15,2025-03-08,3
31,2025-02-15,2025-03-15,4,165.3184814453125,5.1139045,log,2025-02-15,2025-03-15,4
32,2025-02-15,2025-02-22,1,165.05601501464844,5.112325,log,2025-02-15,2025-02-22,1
32,2025-02-15,2025-03-01,2,164.68238830566406,5.1100726,log,2025-02-15,2025-03-01,2
32,2025-02-15,2025-03-08,3,185.6883544921875,5.2294407,log,2025-02-15,2025-03-08,3
32,2025-02-15,2025-03-15,4,137.74644470214844,4.932648,log,2025-02-15,2025-03-15,4
33,2025-02-15,2025-02-22,1,199.80548095703125,5.3023367,log,2025-02-15,2025-02-22,1
33,2025-02-15,2025-03-01,2,180.45166015625,5.2009892,log,2025-02-15,2025-03-01,2
33,2025-02-15,2025-03-08,3,188.9816131591797,5.2469273,log,2025-02-15,2025-03-08,3
33,2025-02-15,2025-03-15,4,130.32923889160156,4.8777075,log,2025-02-15,2025-03-15,4
34,2025-02-15,2025-02-22,1,1606.2568359375,7.382284,log,2025-02-15,2025-02-22,1
34,2025-02-15,2025-03-01,2,1484.3720703125,7.3034205,log,2025-02-15,2025-03-01,2
34,2025-02-15,2025-03-08,3,1324.7542724609375,7.189737,log,2025-02-15,2025-03-08,3
34,2025-02-15,2025-03-15,4,767.0216064453125,6.643818,log,2025-02-15,2025-03-15,4
35,2025-02-15,2025-02-22,1,193.97251892089844,5.2728586,log,2025-02-15,2025-02-22,1
35,2025-02-15,2025-03-01,2,254.962158203125,5.5450296,log,2025-02-15,2025-03-01,2
35,2025-02-15,2025-03-08,3,216.97384643554688,5.384375,log,2025-02-15,2025-03-08,3
35,2025-02-15,2025-03-15,4,148.06068420410156,5.0043535,log,2025-02-15,2025-03-15,4
36,2025-02-15,2025-02-22,1,832.398193359375,6.7255116,log,2025-02-15,2025-02-22,1
36,2025-02-15,2025-03-01,2,812.8123168945312,6.70173,log,2025-02-15,2025-03-01,2
36,2025-02-15,2025-03-08,3,755.5267944335938,6.628738,log,2025-02-15,2025-03-08,3
36,2025-02-15,2025-03-15,4,479.228271484375,6.1742616,log,2025-02-15,2025-03-15,4
37,2025-02-15,2025-02-22,1,1732.314697265625,7.457791,log,2025-02-15,2025-02-22,1
37,2025-02-15,2025-03-01,2,1900.4293212890625,7.550361,log,2025-02-15,2025-03-01,2
37,2025-02-15,2025-03-08,3,1641.139404296875,7.403755,log,2025-02-15,2025-03-08,3
37,2025-02-15,2025-03-15,4,1177.8995361328125,7.0723367,log,2025-02-15,2025-03-15,4
38,2025-02-15,2025-02-22,1,77.52815246582031,4.363457,log,2025-02-15,2025-02-22,1
38,2025-02-15,2025-03-01,2,92.69941711425781,4.540092,log,2025-02-15,2025-03-01,2
38,2025-02-15,2025-03-08,3,86.41787719726562,4.4707,log,2025-02-15,2025-03-08,3
38,2025-02-15,2025-03-15,4,78.82308197021484,4.3798127,log,2025-02-15,2025-03-15,4
39,2025-02-15,2025-02-22,1,2944.054443359375,7.9878826,log,2025-02-15,2025-02-22,1
39,2025-02-15,2025-03-01,2,2773.673828125,7.9282885,log,2025-02-15,2025-03-01,2
39,2025-02-15,2025-03-08,3,2545.18505859375,7.8423514,log,2025-02-15,2025-03-08,3
39,2025-02-15,2025-03-15,4,1901.2010498046875,7.550767,log,2025-02-15,2025-03-15,4
40,2025-02-15,2025-02-22,1,794.001708984375,6.6783442,log,2025-02-15,2025-02-22,1
40,2025-02-15,2025-03-01,2,1115.6947021484375,7.0181284,log,2025-02-15,2025-03-01,2
40,2025-02-15,2025-03-08,3,1245.91943359375,7.1284313,log,2025-02-15,2025-03-08,3
40,2025-02-15,2025-03-15,4,1019.197509765625,6.9277515,log,2025-02-15,2025-03-15,4
41,2025-02-15,2025-02-22,1,508.32684326171875,6.23309,log,2025-02-15,2025-02-22,1
41,2025-02-15,2025-03-01,2,548.622802734375,6.309232,log,2025-02-15,2025-03-01,2
41,2025-02-15,2025-03-08,3,503.06072998046875,6.222697,log,2025-02-15,2025-03-08,3
41,2025-02-15,2025-03-15,4,358.43243408203125,5.8845263,log,2025-02-15,2025-03-15,4
42,2025-02-15,2025-02-22,1,2939.223388671875,7.986241,log,2025-02-15,2025-02-22,1
42,2025-02-15,2025-03-01,2,2703.77197265625,7.902773,log,2025-02-15,2025-03-01,2
42,2025-02-15,2025-03-08,3,2492.587890625,7.821478,log,2025-02-15,2025-03-08,3
42,2025-02-15,2025-03-15,4,1732.169189453125,7.457707,log,2025-02-15,2025-03-15,4
44,2025-02-15,2025-02-22,1,160.9305877685547,5.0871677,log,2025-02-15,2025-02-22,1
44,2025-02-15,2025-03-01,2,149.60906982421875,5.0146875,log,2025-02-15,2025-03-01,2
44,2025-02-15,2025-03-08,3,152.49288940429688,5.033654,log,2025-02-15,2025-03-08,3
44,2025-02-15,2025-03-15,4,108.21202850341797,4.693291,log,2025-02-15,2025-03-15,4
45,2025-02-15,2025-02-22,1,547.1934204101562,6.306628,log,2025-02-15,2025-02-22,1
45,2025-02-15,2025-03-01,2,676.374755859375,6.5182247,log,2025-02-15,2025-03-01,2
45,2025-02-15,2025-03-08,3,606.3468627929688,6.4091,log,2025-02-15,2025-03-08,3
45,2025-02-15,2025-03-15,4,486.3927307128906,6.18907,log,2025-02-15,2025-03-15,4
46,2025-02-15,2025-02-22,1,192.20623779296875,5.263758,log,2025-02-15,2025-02-22,1
46,2025-02-15,2025-03-01,2,216.8628692626953,5.383866,log,2025-02-15,2025-03-01,2
46,2025-02-15,2025-03-08,3,211.89779663085938,5.360812,log,2025-02-15,2025-03-08,3
46,2025-02-15,2025-03-15,4,121.83934020996094,4.8108773,log,2025-02-15,2025-03-15,4
47,2025-02-15,2025-02-22,1,654.7197875976562,6.4857335,log,2025-02-15,2025-02-22,1
47,2025-02-15,2025-03-01,2,895.175048828125,6.7981358,log,2025-02-15,2025-03-01,2
47,2025-02-15,2025-03-08,3,1076.9595947265625,6.9828253,log,2025-02-15,2025-03-08,3
47,2025-02-15,2025-03-15,4,821.4164428710938,6.712247,log,2025-02-15,2025-03-15,4
48,2025-02-15,2025-02-22,1,1019.8944091796875,6.9284344,log,2025-02-15,2025-02-22,1
48,2025-02-15,2025-03-01,2,1341.2596435546875,7.20211,log,2025-02-15,2025-03-01,2
48,2025-02-15,2025-03-08,3,1368.021240234375,7.2218513,log,2025-02-15,2025-03-08,3
48,2025-02-15,2025-03-15,4,1156.838623046875,7.0543103,log,2025-02-15,2025-03-15,4
49,2025-02-15,2025-02-22,1,159.3333740234375,5.0772552,log,2025-02-15,2025-02-22,1
49,2025-02-15,2025-03-01,2,182.731201171875,5.213474,log,2025-02-15,2025-03-01,2
49,2025-02-15,2025-03-08,3,176.983642578125,5.1816916,log,2025-02-15,2025-03-08,3
49,2025-02-15,2025-03-15,4,124.09022521972656,4.8290353,log,2025-02-15,2025-03-15,4
50,2025-02-15,2025-02-22,1,127.5731201171875,4.856498,log,2025-02-15,2025-02-22,1
50,2025-02-15,2025-03-01,2,124.39408111572266,4.8314614,log,2025-02-15,2025-03-01,2
50,2025-02-15,2025-03-08,3,123.67755126953125,4.825731,log,2025-02-15,2025-03-08,3
50,2025-02-15,2025-03-15,4,101.259033203125,4.627509,log,2025-02-15,2025-03-15,4
51,2025-02-15,2025-02-22,1,1208.1148681640625,7.097644,log,2025-02-15,2025-02-22,1
51,2025-02-15,2025-03-01,2,1422.8018798828125,7.261086,log,2025-02-15,2025-03-01,2
51,2025-02-15,2025-03-08,3,1627.379150390625,7.3953404,log,2025-02-15,2025-03-08,3
51,2025-02-15,2025-03-15,4,1241.9764404296875,7.125264,log,2025-02-15,2025-03-15,4
53,2025-02-15,2025-02-22,1,738.0152587890625,6.6053185,log,2025-02-15,2025-02-22,1
53,2025-02-15,2025-03-01,2,762.9899291992188,6.6385546,log,2025-02-15,2025-03-01,2
53,2025-02-15,2025-03-08,3,776.6771850585938,6.6563115,log,2025-02-15,2025-03-08,3
53,2025-02-15,2025-03-15,4,512.3528442382812,6.2409635,log,2025-02-15,2025-03-15,4
54,2025-02-15,2025-02-22,1,738.909423828125,6.606528,log,2025-02-15,2025-02-22,1
54,2025-02-15,2025-03-01,2,766.68408203125,6.6433783,log,2025-02-15,2025-03-01,2
54,2025-02-15,2025-03-08,3,855.1304931640625,6.752423,log,2025-02-15,2025-03-08,3
54,2025-02-15,2025-03-15,4,881.7924194335938,6.78309,log,2025-02-15,2025-03-15,4
55,2025-02-15,2025-02-22,1,1109.094970703125,7.012201,log,2025-02-15,2025-02-22,1
55,2025-02-15,2025-03-01,2,1235.084228515625,7.119704,log,2025-02-15,2025-03-01,2
55,2025-02-15,2025-03-08,3,1210.4197998046875,7.0995483,log,2025-02-15,2025-03-08,3
55,2025-02-15,2025-03-15,4,756.8775024414062,6.630522,log,2025-02-15,2025-03-15,4
56,2025-02-15,2025-02-22,1,76.08782958984375,4.3449454,log,2025-02-15,2025-02-22,1
56,2025-02-15,2025-03-01,2,82.56002807617188,4.4255652,log,2025-02-15,2025-03-01,2
56,2025-02-15,2025-03-08,3,65.55121612548828,4.197972,log,2025-02-15,2025-03-08,3
56,2025-02-15,2025-03-15,4,50.28413772583008,3.9373815,log,2025-02-15,2025-03-15,4
72,2025-02-15,2025-02-22,1,344.9637451171875,5.846334,log,2025-02-15,2025-02-22,1
72,2025-02-15,2025-03-01,2,341.1313171386719,5.8351946,log,2025-02-15,2025-03-01,2
72,2025-02-15,2025-03-08,3,287.2210693359375,5.6637278,log,2025-02-15,2025-03-08,3
72,2025-02-15,2025-03-15,4,260.8498840332031,5.5677714,log,2025-02-15,2025-03-15,4
US,2025-02-15,2025-02-22,1,14333.4,7.749199,log,2025-02-15,2025-02-22,1
US,2025-02-15,2025-03-01,2,4085.0189999999993,7.719929,log,2025-02-15,2025-03-01,2
US,2025-02-15,2025-03-08,3,2287.22314453125,7.735531,log,2025-02-15,2025-03-08,3
US,2025-02-15,2025-03-15,4,1680.800048828125,7.42762,log,2025-02-15,2025-03-15,4
01,2025-02-22,2025-03-01,1,280.1853942871094,5.6390142,log,2025-02-22,2025-03-01,1
01,2025-02-22,2025-03-08,2,327.4833068847656,5.794486,log,2025-02-22,2025-03-08,2
01,2025-02-22,2025-03-15,3,301.0005187988281,5.7104287,log,2025-02-22,2025-03-15,3
01,2025-02-22,2025-03-22,4,293.3760070800781,5.684858,log,2025-02-22,2025-03-22,4
02,2025-02-22,2025-03-01,1,47.800106048583984,3.8877325,log,2025-02-22,2025-03-01,1
02,2025-02-22,2025-03-08,2,40.986488342285156,3.7373478,log,2025-02-22,2025-03-08,2
02,2025-02-22,2025-03-15,3,45.12420654296875,3.831338,log,2025-02-22,2025-03-15,3
02,2025-02-22,2025-03-22,4,41.014835357666016,3.7380228,log,2025-02-22,2025-03-22,4
04,2025-02-22,2025-03-01,1,685.768798828125,6.5319977,log,2025-02-22,2025-03-01,1
04,2025-02-22,2025-03-08,2,629.2285766601562,6.4460826,log,2025-02-22,2025-03-08,2
04,2025-02-22,2025-03-15,3,645.4520263671875,6.471499,log,2025-02-22,2025-03-15,3
04,2025-02-22,2025-03-22,4,494.8341979980469,6.2062416,log,2025-02-22,2025-03-22,4
05,2025-02-22,2025-03-01,1,366.1212158203125,5.905692,log,2025-02-22,2025-03-01,1
05,2025-02-22,2025-03-08,2,336.7837219238281,5.822406,log,2025-02-22,2025-03-08,2
05,2025-02-22,2025-03-15,3,357.2661437988281,5.881276,log,2025-02-22,2025-03-15,3
05,2025-02-22,2025-03-22,4,283.3384094238281,5.650165,log,2025-02-22,2025-03-22,4
06,2025-02-22,2025-03-01,1,969.9888305664062,6.878315,log,2025-02-22,2025-03-01,1
06,2025-02-22,2025-03-08,2,868.4288940429688,6.7678366,log,2025-02-22,2025-03-08,2
06,2025-02-22,2025-03-15,3,809.8189697265625,6.698045,log,2025-02-22,2025-03-15,3
06,2025-02-22,2025-03-22,4,565.53076171875,6.3395314,log,2025-02-22,2025-03-22,4
08,2025-02-22,2025-03-01,1,419.0037536621094,6.0402637,log,2025-02-22,2025-03-01,1
08,2025-02-22,2025-03-08,2,422.3453369140625,6.048188,log,2025-02-22,2025-03-08,2
08,2025-02-22,2025-03-15,3,525.5465698242188,6.26634,log,2025-02-22,2025-03-15,3
08,2025-02-22,2025-03-22,4,448.51708984375,6.108174,log,2025-02-22,2025-03-22,4
09,2025-02-22,2025-03-01,1,335.2706604003906,5.8179164,log,2025-02-22,2025-03-01,1
09,2025-02-22,2025-03-08,2,324.45819091796875,5.785234,log,2025-02-22,2025-03-08,2
09,2025-02-22,2025-03-15,3,368.0457458496094,5.9109206,log,2025-02-22,2025-03-15,3
09,2025-02-22,2025-03-22,4,332.71728515625,5.810294,log,2025-02-22,2025-03-22,4
10,2025-02-22,2025-03-01,1,137.24989318847656,4.929063,log,2025-02-22,2025-03-01,1
10,2025-02-22,2025-03-08,2,141.46827697753906,4.9591193,log,2025-02-22,2025-03-08,2
10,2025-02-22,2025-03-15,3,111.00965118408203,4.718585,log,2025-02-22,2025-03-15,3
10,2025-02-22,2025-03-22,4,79.4072265625,4.387104,log,2025-02-22,2025-03-22,4
11,2025-02-22,2025-03-01,1,79.10852813720703,4.3833823,log,2025-02-22,2025-03-01,1
11,2025-02-22,2025-03-08,2,68.07779693603516,4.2352333,log,2025-02-22,2025-03-08,2
11,2025-02-22,2025-03-15,3,58.380863189697266,4.083972,log,2025-02-22,2025-03-15,3
11,2025-02-22,2025-03-22,4,39.714874267578125,3.7065935,log,2025-02-22,2025-03-22,4
12,2025-02-22,2025-03-01,1,1095.0518798828125,6.9994698,log,2025-02-22,2025-03-01,1
12,2025-02-22,2025-03-08,2,798.4616088867188,6.6839385,log,2025-02-22,2025-03-08,2
12,2025-02-22,2025-03-15,3,786.6903686523438,6.669105,log,2025-02-22,2025-03-15,3
12,2025-02-22,2025-03-22,4,547.8931274414062,6.307904,log,2025-02-22,2025-03-22,4
13,2025-02-22,2025-03-01,1,502.447021484375,6.2214785,log,2025-02-22,2025-03-01,1
13,2025-02-22,2025-03-08,2,632.3946533203125,6.4510937,log,2025-02-22,2025-03-08,2
13,2025-02-22,2025-03-15,3,562.640625,6.334417,log,2025-02-22,2025-03-15,3
13,2025-02-22,2025-03-22,4,443.6494445800781,6.097286,log,2025-02-22,2025-03-22,4
15,2025-02-22,2025-03-01,1,76.35704040527344,4.3484316,log,2025-02-22,2025-03-01,1
15,2025-02-22,2025-03-08,2,73.74897766113281,4.3141356,log,2025-02-22,2025-03-08,2
15,2025-02-22,2025-03-15,3,75.1623764038086,4.3328676,log,2025-02-22,2025-03-15,3
15,2025-02-22,2025-03-22,4,66.73143768310547,4.2155504,log,2025-02-22,2025-03-22,4
16,2025-02-22,2025-03-01,1,162.7590789794922,5.0983963,log,2025-02-22,2025-03-01,1
16,2025-02-22,2025-03-08,2,160.50253295898438,5.084521,log,2025-02-22,2025-03-08,2
16,2025-02-22,2025-03-15,3,213.14797973632812,5.3666673,log,2025-02-22,2025-03-15,3
16,2025-02-22,2025-03-22,4,162.93447875976562,5.099467,log,2025-02-22,2025-03-22,4
17,2025-02-22,2025-03-01,1,1022.4952392578125,6.930979,log,2025-02-22,2025-03-01,1
17,2025-02-22,2025-03-08,2,624.2009887695312,6.438073,log,2025-02-22,2025-03-08,2
17,2025-02-22,2025-03-15,3,619.7821655273438,6.43098,log,2025-02-22,2025-03-15,3
17,2025-02-22,2025-03-22,4,453.9735412597656,6.1202393,log,2025-02-22,2025-03-22,4
18,2025-02-22,2025-03-01,1,1658.58740234375,7.4143243,log,2025-02-22,2025-03-01,1
18,2025-02-22,2025-03-08,2,1391.73291015625,7.239023,log,2025-02-22,2025-03-08,2
18,2025-02-22,2025-03-15,3,1590.6707763671875,7.3725395,log,2025-02-22,2025-03-15,3
18,2025-02-22,2025-03-22,4,1062.2679443359375,6.9691024,log,2025-02-22,2025-03-22,4
19,2025-02-22,2025-03-01,1,382.81146240234375,5.9501514,log,2025-02-22,2025-03-01,1
19,2025-02-22,2025-03-08,2,332.8102111816406,5.8105726,log,2025-02-22,2025-03-08,2
19,2025-02-22,2025-03-15,3,497.3975830078125,6.211398,log,2025-02-22,2025-03-15,3
19,2025-02-22,2025-03-22,4,418.41357421875,6.0388575,log,2025-02-22,2025-03-22,4
20,2025-02-22,2025-03-01,1,439.75872802734375,6.0884976,log,2025-02-22,2025-03-01,1
20,2025-02-22,2025-03-08,2,308.6625671386719,5.735483,log,2025-02-22,2025-03-08,2
20,2025-02-22,2025-03-15,3,458.58587646484375,6.130326,log,2025-02-22,2025-03-15,3
20,2025-02-22,2025-03-22,4,381.83612060546875,5.947607,log,2025-02-22,2025-03-22,4
21,2025-02-22,2025-03-01,1,942.4655151367188,6.84956,log,2025-02-22,2025-03-01,1
21,2025-02-22,2025-03-08,2,893.2140502929688,6.795945,log,2025-02-22,2025-03-08,2
21,2025-02-22,2025-03-15,3,1229.1712646484375,7.1149087,log,2025-02-22,2025-03-15,3
21,2025-02-22,2025-03-22,4,833.1424560546875,6.726404,log,2025-02-22,2025-03-22,4
22,2025-02-22,2025-03-01,1,349.06121826171875,5.858108,log,2025-02-22,2025-03-01,1
22,2025-02-22,2025-03-08,2,365.1572265625,5.903063,log,2025-02-22,2025-03-08,2
22,2025-02-22,2025-03-15,3,377.9660339355469,5.9374466,log,2025-02-22,2025-03-15,3
22,2025-02-22,2025-03-22,4,331.4232177734375,5.806409,log,2025-02-22,2025-03-22,4
23,2025-02-22,2025-03-01,1,241.11903381347656,5.4894295,log,2025-02-22,2025-03-01,1
23,2025-02-22,2025-03-08,2,199.933349609375,5.3029733,log,2025-02-22,2025-03-08,2
23,2025-02-22,2025-03-15,3,212.8876495361328,5.365451,log,2025-02-22,2025-03-15,3
23,2025-02-22,2025-03-22,4,191.56976318359375,5.2604585,log,2025-02-22,2025-03-22,4
24,2025-02-22,2025-03-01,1,596.6289672851562,6.39297,log,2025-02-22,2025-03-01,1
24,2025-02-22,2025-03-08,2,493.75018310546875,6.204053,log,2025-02-22,2025-03-08,2
24,2025-02-22,2025-03-15,3,546.08544921875,6.304605,log,2025-02-22,2025-03-15,3
24,2025-02-22,2025-03-22,4,543.297607421875,6.299496,log,2025-02-22,2025-03-22,4
25,2025-02-22,2025-03-01,1,1314.0953369140625,7.1816645,log,2025-02-22,2025-03-01,1
25,2025-02-22,2025-03-08,2,1375.1717529296875,7.227061,log,2025-02-22,2025-03-08,2
25,2025-02-22,2025-03-15,3,1281.2811279296875,7.156396,log,2025-02-22,2025-03-15,3
25,2025-02-22,2025-03-22,4,931.5546875,6.837928,log,2025-02-22,2025-03-22,4
26,2025-02-22,2025-03-01,1,1789.4656982421875,7.490231,log,2025-02-22,2025-03-01,1
26,2025-02-22,2025-03-08,2,1556.2430419921875,7.3506722,log,2025-02-22,2025-03-08,2
26,2025-02-22,2025-03-15,3,1826.9669189453125,7.5109596,log,2025-02-22,2025-03-15,3
26,2025-02-22,2025-03-22,4,1309.58056640625,7.1782255,log,2025-02-22,2025-03-22,4
27,2025-02-22,2025-03-01,1,366.7188415527344,5.9073186,log,2025-02-22,2025-03-01,1
27,2025-02-22,2025-03-08,2,475.4681701660156,6.166401,log,2025-02-22,2025-03-08,2
27,2025-02-22,2025-03-15,3,514.977783203125,6.2460637,log,2025-02-22,2025-03-15,3
27,2025-02-22,2025-03-22,4,391.4234619140625,5.9723415,log,2025-02-22,2025-03-22,4
28,2025-02-22,2025-03-01,1,232.4005126953125,5.452756,log,2025-02-22,2025-03-01,1
28,2025-02-22,2025-03-08,2,195.8303985595703,5.2823424,log,2025-02-22,2025-03-08,2
28,2025-02-22,2025-03-15,3,180.7643585205078,5.202711,log,2025-02-22,2025-03-15,3
28,2025-02-22,2025-03-22,4,152.94631958007812,5.036604,log,2025-02-22,2025-03-22,4
29,2025-02-22,2025-03-01,1,1332.1617431640625,7.1953087,log,2025-02-22,2025-03-01,1
29,2025-02-22,2025-03-08,2,1210.0552978515625,7.0992475,log,2025-02-22,2025-03-08,2
29,2025-02-22,2025-03-15,3,1466.5965576171875,7.2913814,log,2025-02-22,2025-03-15,3
29,2025-02-22,2025-03-22,4,1337.770263671875,7.1995068,log,2025-02-22,2025-03-22,4
30,2025-02-22,2025-03-01,1,203.76318359375,5.321854,log,2025-02-22,2025-03-01,1
30,2025-02-22,2025-03-08,2,159.20269775390625,5.07644,log,2025-02-22,2025-03-08,2
30,2025-02-22,2025-03-15,3,141.7949981689453,4.96141,log,2025-02-22,2025-03-15,3
30,2025-02-22,2025-03-22,4,136.12503051757812,4.920893,log,2025-02-22,2025-03-22,4
31,2025-02-22,2025-03-01,1,250.10023498535156,5.525852,log,2025-02-22,2025-03-01,1
31,2025-02-22,2025-03-08,2,220.0176239013672,5.3982425,log,2025-02-22,2025-03-08,2
31,2025-02-22,2025-03-15,3,237.56590270996094,5.4746456,log,2025-02-22,2025-03-15,3
31,2025-02-22,2025-03-22,4,216.4941864013672,5.382172,log,2025-02-22,2025-03-22,4
32,2025-02-22,2025-03-01,1,128.26055908203125,4.86183,log,2025-02-22,2025-03-01,1
32,2025-02-22,2025-03-08,2,130.01119995117188,4.875283,log,2025-02-22,2025-03-08,2
32,2025-02-22,2025-03-15,3,140.07521057128906,4.949293,log,2025-02-22,2025-03-15,3
32,2025-02-22,2025-03-22,4,101.86256408691406,4.633394,log,2025-02-22,2025-03-22,4
33,2025-02-22,2025-03-01,1,161.44696044921875,5.0903516,log,2025-02-22,2025-03-01,1
33,2025-02-22,2025-03-08,2,137.2908935546875,4.9293594,log,2025-02-22,2025-03-08,2
33,2025-02-22,2025-03-15,3,116.71990966796875,4.768308,log,2025-02-22,2025-03-15,3
33,2025-02-22,2025-03-22,4,102.4307861328125,4.6389027,log,2025-02-22,2025-03-22,4
34,2025-02-22,2025-03-01,1,940.221435546875,6.8471785,log,2025-02-22,2025-03-01,1
34,2025-02-22,2025-03-08,2,634.3429565429688,6.454165,log,2025-02-22,2025-03-08,2
34,2025-02-22,2025-03-15,3,640.3864135742188,6.463632,log,2025-02-22,2025-03-15,3
34,2025-02-22,2025-03-22,4,479.6440734863281,6.175127,log,2025-02-22,2025-03-22,4
35,2025-02-22,2025-03-01,1,226.42137145996094,5.4268045,log,2025-02-22,2025-03-01,1
35,2025-02-22,2025-03-08,2,175.6883544921875,5.1743875,log,2025-02-22,2025-03-08,2
35,2025-02-22,2025-03-15,3,185.688720703125,5.2294426,log,2025-02-22,2025-03-15,3
35,2025-02-22,2025-03-22,4,176.48878479003906,5.1789074,log,2025-02-22,2025-03-22,4
36,2025-02-22,2025-03-01,1,1082.8663330078125,6.98829,log,2025-02-22,2025-03-01,1
36,2025-02-22,2025-03-08,2,671.4483642578125,6.5109253,log,2025-02-22,2025-03-08,2
36,2025-02-22,2025-03-15,3,711.5499877929688,6.56885,log,2025-02-22,2025-03-15,3
36,2025-02-22,2025-03-22,4,539.233154296875,6.292001,log,2025-02-22,2025-03-22,4
37,2025-02-22,2025-03-01,1,936.1613159179688,6.8428555,log,2025-02-22,2025-03-01,1
37,2025-02-22,2025-03-08,2,593.6924438476562,6.3880444,log,2025-02-22,2025-03-08,2
37,2025-02-22,2025-03-15,3,677.7913208007812,6.5203137,log,2025-02-22,2025-03-15,3
37,2025-02-22,2025-03-22,4,521.0323486328125,6.2577295,log,2025-02-22,2025-03-22,4
38,2025-02-22,2025-03-01,1,55.437129974365234,4.0331273,log,2025-02-22,2025-03-01,1
38,2025-02-22,2025-03-08,2,52.029624938964844,3.9708507,log,2025-02-22,2025-03-08,2
38,2025-02-22,2025-03-15,3,56.754676818847656,4.0562043,log,2025-02-22,2025-03-15,3
38,2025-02-22,2025-03-22,4,42.33912658691406,3.7690558,log,2025-02-22,2025-03-22,4
39,2025-02-22,2025-03-01,1,2358.8876953125,7.7663693,log,2025-02-22,2025-03-01,1
39,2025-02-22,2025-03-08,2,1868.93505859375,7.533659,log,2025-02-22,2025-03-08,2
39,2025-02-22,2025-03-15,3,2120.96240234375,7.6600966,log,2025-02-22,2025-03-15,3
39,2025-02-22,2025-03-22,4,1404.4974365234375,7.2481465,log,2025-02-22,2025-03-22,4
40,2025-02-22,2025-03-01,1,423.6866149902344,6.0513515,log,2025-02-22,2025-03-01,1
40,2025-02-22,2025-03-08,2,382.9079284667969,5.9504027,log,2025-02-22,2025-03-08,2
40,2025-02-22,2025-03-15,3,357.994140625,5.883306,log,2025-02-22,2025-03-15,3
40,2025-02-22,2025-03-22,4,305.4754638671875,5.7251377,log,2025-02-22,2025-03-22,4
41,2025-02-22,2025-03-01,1,568.6978759765625,6.345106,log,2025-02-22,2025-03-01,1
41,2025-02-22,2025-03-08,2,390.1199035644531,5.969014,log,2025-02-22,2025-03-08,2
41,2025-02-22,2025-03-15,3,475.09796142578125,6.1656237,log,2025-02-22,2025-03-15,3
41,2025-02-22,2025-03-22,4,443.6443786621094,6.097275,log,2025-02-22,2025-03-22,4
42,2025-02-22,2025-03-01,1,1992.493408203125,7.597644,log,2025-02-22,2025-03-01,1
42,2025-02-22,2025-03-08,2,1707.7008056640625,7.4434886,log,2025-02-22,2025-03-08,2
42,2025-02-22,2025-03-15,3,1542.243896484375,7.341642,log,2025-02-22,2025-03-15,3
42,2025-02-22,2025-03-22,4,1133.091796875,7.0335875,log,2025-02-22,2025-03-22,4
44,2025-02-22,2025-03-01,1,138.07373046875,4.935004,log,2025-02-22,2025-03-01,1
44,2025-02-22,2025-03-08,2,122.67616271972656,4.8176665,log,2025-02-22,2025-03-08,2
44,2025-02-22,2025-03-15,3,128.91209411621094,4.866858,log,2025-02-22,2025-03-15,3
44,2025-02-22,2025-03-22,4,77.55807495117188,4.363838,log,2025-02-22,2025-03-22,4
45,2025-02-22,2025-03-01,1,426.87689208984375,6.0588355,log,2025-02-22,2025-03-01,1
45,2025-02-22,2025-03-08,2,369.7829895019531,5.915617,log,2025-02-22,2025-03-08,2
45,2025-02-22,2025-03-15,3,432.3371276855469,6.071516,log,2025-02-22,2025-03-15,3
45,2025-02-22,2025-03-22,4,353.13543701171875,5.8696795,log,2025-02-22,2025-03-22,4
46,2025-02-22,2025-03-01,1,101.16072845458984,4.6265473,log,2025-02-22,2025-03-01,1
46,2025-02-22,2025-03-08,2,92.70728302001953,4.540176,log,2025-02-22,2025-03-08,2
46,2025-02-22,2025-03-15,3,108.97137451171875,4.70022,log,2025-02-22,2025-03-15,3
46,2025-02-22,2025-03-22,4,78.0922622680664,4.370615,log,2025-02-22,2025-03-22,4
47,2025-02-22,2025-03-01,1,526.4006958007812,6.2679605,log,2025-02-22,2025-03-01,1
47,2025-02-22,2025-03-08,2,646.060791015625,6.4724402,log,2025-02-22,2025-03-08,2
47,2025-02-22,2025-03-15,3,639.8773803710938,6.462838,log,2025-02-22,2025-03-15,3
47,2025-02-22,2025-03-22,4,525.3377075195312,6.265943,log,2025-02-22,2025-03-22,4
48,2025-02-22,2025-03-01,1,917.4054565429688,6.822639,log,2025-02-22,2025-03-01,1
48,2025-02-22,2025-03-08,2,804.7345581054688,6.6917543,log,2025-02-22,2025-03-08,2
48,2025-02-22,2025-03-15,3,723.767333984375,6.5858507,log,2025-02-22,2025-03-15,3
48,2025-02-22,2025-03-22,4,565.5339965820312,6.339537,log,2025-02-22,2025-03-22,4
49,2025-02-22,2025-03-01,1,151.23770141601562,5.025443,log,2025-02-22,2025-03-01,1
49,2025-02-22,2025-03-08,2,169.37387084960938,5.1379952,log,2025-02-22,2025-03-08,2
49,2025-02-22,2025-03-15,3,146.74562072753906,4.995492,log,2025-02-22,2025-03-15,3
49,2025-02-22,2025-03-22,4,106.05622100830078,4.673354,log,2025-02-22,2025-03-22,4
50,2025-02-22,2025-03-01,1,106.79194641113281,4.680203,log,2025-02-22,2025-03-01,1
50,2025-02-22,2025-03-08,2,88.46720886230469,4.493872,log,2025-02-22,2025-03-08,2
50,2025-02-22,2025-03-15,3,89.96724700927734,4.5104995,log,2025-02-22,2025-03-15,3
50,2025-02-22,2025-03-22,4,71.7272720336914,4.2867165,log,2025-02-22,2025-03-22,4
51,2025-02-22,2025-03-01,1,904.2972412109375,6.8082633,log,2025-02-22,2025-03-01,1
51,2025-02-22,2025-03-08,2,956.2208862304688,6.864034,log,2025-02-22,2025-03-08,2
51,2025-02-22,2025-03-15,3,1263.51953125,7.1424475,log,2025-02-22,2025-03-15,3
51,2025-02-22,2025-03-22,4,834.1155395507812,6.72757,log,2025-02-22,2025-03-22,4
53,2025-02-22,2025-03-01,1,674.6466674804688,6.5156703,log,2025-02-22,2025-03-01,1
53,2025-02-22,2025-03-08,2,682.2427368164062,6.52685,log,2025-02-22,2025-03-08,2
53,2025-02-22,2025-03-15,3,678.597412109375,6.5215006,log,2025-02-22,2025-03-15,3
53,2025-02-22,2025-03-22,4,565.1661987304688,6.3388877,log,2025-02-22,2025-03-22,4
54,2025-02-22,2025-03-01,1,626.2611083984375,6.441363,log,2025-02-22,2025-03-01,1
54,2025-02-22,2025-03-08,2,518.3795776367188,6.252635,log,2025-02-22,2025-03-08,2
54,2025-02-22,2025-03-15,3,762.6333618164062,6.6380877,log,2025-02-22,2025-03-15,3
54,2025-02-22,2025-03-22,4,774.14453125,6.6530495,log,2025-02-22,2025-03-22,4
55,2025-02-22,2025-03-01,1,505.40771484375,6.227342,log,2025-02-22,2025-03-01,1
55,2025-02-22,2025-03-08,2,563.4813842773438,6.3359075,log,2025-02-22,2025-03-08,2
55,2025-02-22,2025-03-15,3,814.1720581054688,6.703399,log,2025-02-22,2025-03-15,3
55,2025-02-22,2025-03-22,4,435.2265625,6.0781617,log,2025-02-22,2025-03-22,4
56,2025-02-22,2025-03-01,1,77.7449951171875,4.3662148,log,2025-02-22,2025-03-01,1
56,2025-02-22,2025-03-08,2,66.947265625,4.218732,log,2025-02-22,2025-03-08,2
56,2025-02-22,2025-03-15,3,58.58644485473633,4.087428,log,2025-02-22,2025-03-15,3
56,2025-02-22,2025-03-22,4,50.645774841308594,3.9444084,log,2025-02-22,2025-03-22,4
72,2025-02-22,2025-03-01,1,208.77139282226562,5.3460183,log,2025-02-22,2025-03-01,1
72,2025-02-22,2025-03-08,2,184.00196838378906,5.2203665,log,2025-02-22,2025-03-08,2
72,2025-02-22,2025-03-15,3,189.13267517089844,5.247722,log,2025-02-22,2025-03-15,3
72,2025-02-22,2025-03-22,4,173.93048095703125,5.1643887,log,2025-02-22,2025-03-22,4
US,2025-02-22,2025-03-01,1,11786.4,7.023512,log,2025-02-22,2025-03-01,1
US,2025-02-22,2025-03-08,2,3359.124,6.6655235,log,2025-02-22,2025-03-08,2
US,2025-02-22,2025-03-15,3,906.96348,6.6582365,log,2025-02-22,2025-03-15,3
US,2025-02-22,2025-03-22,4,536.0341796875,6.286062,log,2025-02-22,2025-03-22,4
01,2025-03-01,2025-03-08,1,367.4674377441406,5.9093523,log,2025-03-01,2025-03-08,1
01,2025-03-01,2025-03-15,2,376.6590881347656,5.933992,log,2025-03-01,2025-03-15,2
01,2025-03-01,2025-03-22,3,344.53228759765625,5.845086,log,2025-03-01,2025-03-22,3
01,2025-03-01,2025-03-29,4,335.94061279296875,5.8199067,log,2025-03-01,2025-03-29,4
02,2025-03-01,2025-03-08,1,53.2905387878418,3.99435,log,2025-03-01,2025-03-08,1
02,2025-03-01,2025-03-15,2,39.95353317260742,3.712438,log,2025-03-01,2025-03-15,2
02,2025-03-01,2025-03-22,3,38.22031021118164,3.6691947,log,2025-03-01,2025-03-22,3
02,2025-03-01,2025-03-29,4,45.2862434387207,3.8348448,log,2025-03-01,2025-03-29,4
04,2025-03-01,2025-03-08,1,631.3468627929688,6.449438,log,2025-03-01,2025-03-08,1
04,2025-03-01,2025-03-15,2,651.8423461914062,6.4813356,log,2025-03-01,2025-03-15,2
04,2025-03-01,2025-03-22,3,489.2012939453125,6.194816,log,2025-03-01,2025-03-22,3
04,2025-03-01,2025-03-29,4,502.9886474609375,6.2225537,log,2025-03-01,2025-03-29,4
05,2025-03-01,2025-03-08,1,286.7339782714844,5.6620364,log,2025-03-01,2025-03-08,1
05,2025-03-01,2025-03-15,2,343.5824279785156,5.8423333,log,2025-03-01,2025-03-15,2
05,2025-03-01,2025-03-22,3,275.7056579589844,5.6229544,log,2025-03-01,2025-03-22,3
05,2025-03-01,2025-03-29,4,273.3791809082031,5.614511,log,2025-03-01,2025-03-29,4
06,2025-03-01,2025-03-08,1,981.46826171875,6.890068,log,2025-03-01,2025-03-08,1
06,2025-03-01,2025-03-15,2,819.4611206054688,6.7098665,log,2025-03-01,2025-03-15,2
06,2025-03-01,2025-03-22,3,573.872314453125,6.354148,log,2025-03-01,2025-03-22,3
06,2025-03-01,2025-03-29,4,585.072265625,6.373443,log,2025-03-01,2025-03-29,4
08,2025-03-01,2025-03-08,1,347.4697265625,5.8535514,log,2025-03-01,2025-03-08,1
08,2025-03-01,2025-03-15,2,363.52716064453125,5.898601,log,2025-03-01,2025-03-15,2
08,2025-03-01,2025-03-22,3,301.9538879394531,5.7135806,log,2025-03-01,2025-03-22,3
08,2025-03-01,2025-03-29,4,342.0824279785156,5.8379707,log,2025-03-01,2025-03-29,4
09,2025-03-01,2025-03-08,1,249.0623779296875,5.5217104,log,2025-03-01,2025-03-08,1
09,2025-03-01,2025-03-15,2,284.5114440917969,5.654282,log,2025-03-01,2025-03-15,2
09,2025-03-01,2025-03-22,3,219.1512451171875,5.394315,log,2025-03-01,2025-03-22,3
09,2025-03-01,2025-03-29,4,236.50906372070312,5.470206,log,2025-03-01,2025-03-29,4
10,2025-03-01,2025-03-08,1,119.87591552734375,4.7947645,log,2025-03-01,2025-03-08,1
10,2025-03-01,2025-03-15,2,106.73660278320312,4.6796894,log,2025-03-01,2025-03-15,2
10,2025-03-01,2025-03-22,3,82.03434753417969,4.4192543,log,2025-03-01,2025-03-22,3
10,2025-03-01,2025-03-29,4,77.62380981445312,4.3646746,log,2025-03-01,2025-03-29,4
11,2025-03-01,2025-03-08,1,100.76520538330078,4.6226683,log,2025-03-01,2025-03-08,1
11,2025-03-01,2025-03-15,2,67.55545806884766,4.227643,log,2025-03-01,2025-03-15,2
11,2025-03-01,2025-03-22,3,49.637367248535156,3.9246898,log,2025-03-01,2025-03-22,3
11,2025-03-01,2025-03-29,4,44.89257049560547,3.8263032,log,2025-03-01,2025-03-29,4
12,2025-03-01,2025-03-08,1,1183.9117431640625,7.0774236,log,2025-03-01,2025-03-08,1
12,2025-03-01,2025-03-15,2,954.9910888671875,6.8627486,log,2025-03-01,2025-03-15,2
12,2025-03-01,2025-03-22,3,629.1429443359375,6.4459467,log,2025-03-01,2025-03-22,3
12,2025-03-01,2025-03-29,4,664.1536865234375,6.500018,log,2025-03-01,2025-03-29,4
13,2025-03-01,2025-03-08,1,522.7739868164062,6.26106,log,2025-03-01,2025-03-08,1
13,2025-03-01,2025-03-15,2,537.076171875,6.288,log,2025-03-01,2025-03-15,2
13,2025-03-01,2025-03-22,3,475.076171875,6.165578,log,2025-03-01,2025-03-22,3
13,2025-03-01,2025-03-29,4,476.77154541015625,6.1691327,log,2025-03-01,2025-03-29,4
15,2025-03-01,2025-03-08,1,58.524818420410156,4.0863934,log,2025-03-01,2025-03-08,1
15,2025-03-01,2025-03-15,2,59.44377899169922,4.1017137,log,2025-03-01,2025-03-15,2
15,2025-03-01,2025-03-22,3,51.57121276855469,3.9621687,log,2025-03-01,2025-03-22,3
15,2025-03-01,2025-03-29,4,47.134613037109375,3.8740015,log,2025-03-01,2025-03-29,4
16,2025-03-01,2025-03-08,1,120.99166107177734,4.8039527,log,2025-03-01,2025-03-08,1
16,2025-03-01,2025-03-15,2,117.26448059082031,4.7729235,log,2025-03-01,2025-03-15,2
16,2025-03-01,2025-03-22,3,108.70918273925781,4.697833,log,2025-03-01,2025-03-22,3
16,2025-03-01,2025-03-29,4,130.0364990234375,4.875476,log,2025-03-01,2025-03-29,4
17,2025-03-01,2025-03-08,1,1036.0443115234375,6.94413,log,2025-03-01,2025-03-08,1
17,2025-03-01,2025-03-15,2,703.3603515625,6.55729,log,2025-03-01,2025-03-15,2
17,2025-03-01,2025-03-22,3,491.1621398925781,6.198808,log,2025-03-01,2025-03-22,3
17,2025-03-01,2025-03-29,4,596.970458984375,6.3935413,log,2025-03-01,2025-03-29,4
18,2025-03-01,2025-03-08,1,779.8642578125,6.6604013,log,2025-03-01,2025-03-08,1
18,2025-03-01,2025-03-15,2,628.02587890625,6.4441724,log,2025-03-01,2025-03-15,2
18,2025-03-01,2025-03-22,3,463.2153015136719,6.1403484,log,2025-03-01,2025-03-22,3
18,2025-03-01,2025-03-29,4,503.1655578613281,6.2229047,log,2025-03-01,2025-03-29,4
19,2025-03-01,2025-03-08,1,299.0170593261719,5.7038393,log,2025-03-01,2025-03-08,1
19,2025-03-01,2025-03-15,2,356.0816650390625,5.8779645,log,2025-03-01,2025-03-15,2
19,2025-03-01,2025-03-22,3,266.8399963378906,5.5903897,log,2025-03-01,2025-03-22,3
19,2025-03-01,2025-03-29,4,288.8288269042969,5.6692905,log,2025-03-01,2025-03-29,4
20,2025-03-01,2025-03-08,1,262.55462646484375,5.5742607,log,2025-03-01,2025-03-08,1
20,2025-03-01,2025-03-15,2,245.5324249267578,5.5074935,log,2025-03-01,2025-03-15,2
20,2025-03-01,2025-03-22,3,199.37095642089844,5.3001704,log,2025-03-01,2025-03-22,3
20,2025-03-01,2025-03-29,4,248.4423828125,5.519228,log,2025-03-01,2025-03-29,4
21,2025-03-01,2025-03-08,1,591.6934814453125,6.3846774,log,2025-03-01,2025-03-08,1
21,2025-03-01,2025-03-15,2,609.5147094726562,6.4143023,log,2025-03-01,2025-03-15,2
21,2025-03-01,2025-03-22,3,527.1969604492188,6.2694693,log,2025-03-01,2025-03-22,3
21,2025-03-01,2025-03-29,4,451.64556884765625,6.1151094,log,2025-03-01,2025-03-29,4
22,2025-03-01,2025-03-08,1,336.95111083984375,5.8229012,log,2025-03-01,2025-03-08,1
22,2025-03-01,2025-03-15,2,350.31219482421875,5.8616753,log,2025-03-01,2025-03-15,2
22,2025-03-01,2025-03-22,3,324.1856384277344,5.784396,log,2025-03-01,2025-03-22,3
22,2025-03-01,2025-03-29,4,351.9846496582031,5.8664246,log,2025-03-01,2025-03-29,4
23,2025-03-01,2025-03-08,1,194.77706909179688,5.2769766,log,2025-03-01,2025-03-08,1
23,2025-03-01,2025-03-15,2,147.305419921875,4.999274,log,2025-03-01,2025-03-15,2
23,2025-03-01,2025-03-22,3,127.09030151367188,4.8527355,log,2025-03-01,2025-03-22,3
23,2025-03-01,2025-03-29,4,137.97244262695312,4.9342756,log,2025-03-01,2025-03-29,4
24,2025-03-01,2025-03-08,1,489.6739196777344,6.19578,log,2025-03-01,2025-03-08,1
24,2025-03-01,2025-03-15,2,394.2051086425781,5.979405,log,2025-03-01,2025-03-15,2
24,2025-03-01,2025-03-22,3,304.2117919921875,5.721006,log,2025-03-01,2025-03-22,3
24,2025-03-01,2025-03-29,4,380.0051574707031,5.942813,log,2025-03-01,2025-03-29,4
25,2025-03-01,2025-03-08,1,774.9610595703125,6.6541023,log,2025-03-01,2025-03-08,1
25,2025-03-01,2025-03-15,2,574.8847045898438,6.3559074,log,2025-03-01,2025-03-15,2
25,2025-03-01,2025-03-22,3,452.8160705566406,6.117692,log,2025-03-01,2025-03-22,3
25,2025-03-01,2025-03-29,4,507.4498596191406,6.2313666,log,2025-03-01,2025-03-29,4
26,2025-03-01,2025-03-08,1,1410.36572265625,7.252313,log,2025-03-01,2025-03-08,1
26,2025-03-01,2025-03-15,2,1360.3956298828125,7.2162657,log,2025-03-01,2025-03-15,2
26,2025-03-01,2025-03-22,3,944.4682006835938,6.8516803,log,2025-03-01,2025-03-22,3
26,2025-03-01,2025-03-29,4,798.3876342773438,6.683846,log,2025-03-01,2025-03-29,4
27,2025-03-01,2025-03-08,1,307.0238952636719,5.7301774,log,2025-03-01,2025-03-08,1
27,2025-03-01,2025-03-15,2,351.8818054199219,5.866133,log,2025-03-01,2025-03-15,2
27,2025-03-01,2025-03-22,3,324.4493408203125,5.785207,log,2025-03-01,2025-03-22,3
27,2025-03-01,2025-03-29,4,353.4021911621094,5.8704324,log,2025-03-01,2025-03-29,4
28,2025-03-01,2025-03-08,1,226.79710388183594,5.4284554,log,2025-03-01,2025-03-08,1
28,2025-03-01,2025-03-15,2,177.65554809570312,5.1854596,log,2025-03-01,2025-03-15,2
28,2025-03-01,2025-03-22,3,166.94775390625,5.123653,log,2025-03-01,2025-03-22,3
28,2025-03-01,2025-03-29,4,177.78158569335938,5.186165,log,2025-03-01,2025-03-29,4
29,2025-03-01,2025-03-08,1,599.6358032226562,6.397989,log,2025-03-01,2025-03-08,1
29,2025-03-01,2025-03-15,2,565.869384765625,6.340129,log,2025-03-01,2025-03-15,2
29,2025-03-01,2025-03-22,3,430.4939880371094,6.0672536,log,2025-03-01,2025-03-22,3
29,2025-03-01,2025-03-29,4,517.1755981445312,6.250314,log,2025-03-01,2025-03-29,4
30,2025-03-01,2025-03-08,1,176.10537719726562,5.176745,log,2025-03-01,2025-03-08,1
30,2025-03-01,2025-03-15,2,130.13150024414062,4.8762007,log,2025-03-01,2025-03-15,2
30,2025-03-01,2025-03-22,3,79.02934265136719,4.3823934,log,2025-03-01,2025-03-22,3
30,2025-03-01,2025-03-29,4,86.34058380126953,4.4698153,log,2025-03-01,2025-03-29,4
31,2025-03-01,2025-03-08,1,180.37008666992188,5.2005396,log,2025-03-01,2025-03-08,1
31,2025-03-01,2025-03-15,2,158.57896423339844,5.072539,log,2025-03-01,2025-03-15,2
31,2025-03-01,2025-03-22,3,125.68182373046875,4.8416786,log,2025-03-01,2025-03-22,3
31,2025-03-01,2025-03-29,4,168.59024047851562,5.133385,log,2025-03-01,2025-03-29,4
32,2025-03-01,2025-03-08,1,92.46331787109375,4.537569,log,2025-03-01,2025-03-08,1
32,2025-03-01,2025-03-15,2,100.62918090820312,4.6213307,log,2025-03-01,2025-03-15,2
32,2025-03-01,2025-03-22,3,82.53763580322266,4.4252973,log,2025-03-01,2025-03-22,3
32,2025-03-01,2025-03-29,4,92.82044219970703,4.541383,log,2025-03-01,2025-03-29,4
33,2025-03-01,2025-03-08,1,156.15586853027344,5.057238,log,2025-03-01,2025-03-08,1
33,2025-03-01,2025-03-15,2,120.47950744628906,4.7997456,log,2025-03-01,2025-03-15,2
33,2025-03-01,2025-03-22,3,91.0276870727539,4.5220895,log,2025-03-01,2025-03-22,3
33,2025-03-01,2025-03-29,4,69.09859466552734,4.2499027,log,2025-03-01,2025-03-29,4
34,2025-03-01,2025-03-08,1,781.3800659179688,6.6623406,log,2025-03-01,2025-03-08,1
34,2025-03-01,2025-03-15,2,598.8023681640625,6.3966002,log,2025-03-01,2025-03-15,2
34,2025-03-01,2025-03-22,3,453.42608642578125,6.1190352,log,2025-03-01,2025-03-22,3
34,2025-03-01,2025-03-29,4,570.7233276367188,6.348655,log,2025-03-01,2025-03-29,4
35,2025-03-01,2025-03-08,1,186.34979248046875,5.2329774,log,2025-03-01,2025-03-08,1
35,2025-03-01,2025-03-15,2,163.10520935058594,5.1005077,log,2025-03-01,2025-03-15,2
35,2025-03-01,2025-03-22,3,112.36197662353516,4.730586,log,2025-03-01,2025-03-22,3
35,2025-03-01,2025-03-29,4,139.8251190185547,4.947519,log,2025-03-01,2025-03-29,4
36,2025-03-01,2025-03-08,1,1141.478759765625,7.0409555,log,2025-03-01,2025-03-08,1
36,2025-03-01,2025-03-15,2,911.2692260742188,6.815935,log,2025-03-01,2025-03-15,2
36,2025-03-01,2025-03-22,3,561.6854248046875,6.3327208,log,2025-03-01,2025-03-22,3
36,2025-03-01,2025-03-29,4,706.9541625976562,6.5623794,log,2025-03-01,2025-03-29,4
37,2025-03-01,2025-03-08,1,801.1544189453125,6.687301,log,2025-03-01,2025-03-08,1
37,2025-03-01,2025-03-15,2,645.2932739257812,6.4712534,log,2025-03-01,2025-03-15,2
37,2025-03-01,2025-03-22,3,411.5877990722656,6.022449,log,2025-03-01,2025-03-22,3
37,2025-03-01,2025-03-29,4,540.1553344726562,6.2937064,log,2025-03-01,2025-03-29,4
38,2025-03-01,2025-03-08,1,38.13887405395508,3.6671162,log,2025-03-01,2025-03-08,1
38,2025-03-01,2025-03-15,2,29.866870880126953,3.4296834,log,2025-03-01,2025-03-15,2
38,2025-03-01,2025-03-22,3,22.141780853271484,3.1416397,log,2025-03-01,2025-03-22,3
38,2025-03-01,2025-03-29,4,29.316688537597656,3.4116983,log,2025-03-01,2025-03-29,4
39,2025-03-01,2025-03-08,1,1565.9404296875,7.35688,log,2025-03-01,2025-03-08,1
39,2025-03-01,2025-03-15,2,1090.5616455078125,6.9953647,log,2025-03-01,2025-03-15,2
39,2025-03-01,2025-03-22,3,876.0509643554688,6.776565,log,2025-03-01,2025-03-22,3
39,2025-03-01,2025-03-29,4,912.8818969726562,6.8177013,log,2025-03-01,2025-03-29,4
40,2025-03-01,2025-03-08,1,304.7492980957031,5.7227654,log,2025-03-01,2025-03-08,1
40,2025-03-01,2025-03-15,2,316.9247131347656,5.7618146,log,2025-03-01,2025-03-15,2
40,2025-03-01,2025-03-22,3,243.1632537841797,5.497837,log,2025-03-01,2025-03-22,3
40,2025-03-01,2025-03-29,4,285.059814453125,5.656201,log,2025-03-01,2025-03-29,4
41,2025-03-01,2025-03-08,1,294.2629089355469,5.687866,log,2025-03-01,2025-03-08,1
41,2025-03-01,2025-03-15,2,291.2874450683594,5.6777377,log,2025-03-01,2025-03-15,2
41,2025-03-01,2025-03-22,3,283.35968017578125,5.65024,log,2025-03-01,2025-03-22,3
41,2025-03-01,2025-03-29,4,312.5950927734375,5.7481027,log,2025-03-01,2025-03-29,4
42,2025-03-01,2025-03-08,1,1325.225341796875,7.190092,log,2025-03-01,2025-03-08,1
42,2025-03-01,2025-03-15,2,1004.981689453125,6.913719,log,2025-03-01,2025-03-15,2
42,2025-03-01,2025-03-22,3,624.8216552734375,6.4390655,log,2025-03-01,2025-03-22,3
42,2025-03-01,2025-03-29,4,671.9256591796875,6.511635,log,2025-03-01,2025-03-29,4
44,2025-03-01,2025-03-08,1,95.65209197998047,4.571118,log,2025-03-01,2025-03-08,1
44,2025-03-01,2025-03-15,2,91.36685943603516,4.5257683,log,2025-03-01,2025-03-15,2
44,2025-03-01,2025-03-22,3,64.21124267578125,4.177632,log,2025-03-01,2025-03-22,3
44,2025-03-01,2025-03-29,4,66.11775207519531,4.2064486,log,2025-03-01,2025-03-29,4
45,2025-03-01,2025-03-08,1,454.7276306152344,6.1218953,log,2025-03-01,2025-03-08,1
45,2025-03-01,2025-03-15,2,434.7469482421875,6.0770617,log,2025-03-01,2025-03-15,2
45,2025-03-01,2025-03-22,3,320.4228515625,5.7727575,log,2025-03-01,2025-03-22,3
45,2025-03-01,2025-03-29,4,401.5934143066406,5.997927,log,2025-03-01,2025-03-29,4
46,2025-03-01,2025-03-08,1,87.88571166992188,4.4873514,log,2025-03-01,2025-03-08,1
46,2025-03-01,2025-03-15,2,66.04808044433594,4.20541,log,2025-03-01,2025-03-15,2
46,2025-03-01,2025-03-22,3,54.620365142822266,4.0185494,log,2025-03-01,2025-03-22,3
46,2025-03-01,2025-03-29,4,56.9605712890625,4.059763,log,2025-03-01,2025-03-29,4
47,2025-03-01,2025-03-08,1,565.97509765625,6.3403153,log,2025-03-01,2025-03-08,1
47,2025-03-01,2025-03-15,2,549.2783813476562,6.3104243,log,2025-03-01,2025-03-15,2
47,2025-03-01,2025-03-22,3,467.11236572265625,6.1487083,log,2025-03-01,2025-03-22,3
47,2025-03-01,2025-03-29,4,534.4251098632812,6.283061,log,2025-03-01,2025-03-29,4
48,2025-03-01,2025-03-08,1,1117.7945556640625,7.020007,log,2025-03-01,2025-03-08,1
48,2025-03-01,2025-03-15,2,919.5055541992188,6.824923,log,2025-03-01,2025-03-15,2
48,2025-03-01,2025-03-22,3,627.1123046875,6.442719,log,2025-03-01,2025-03-22,3
48,2025-03-01,2025-03-29,4,712.1295166015625,6.569663,log,2025-03-01,2025-03-29,4
49,2025-03-01,2025-03-08,1,116.23127746582031,4.7641487,log,2025-03-01,2025-03-08,1
49,2025-03-01,2025-03-15,2,122.69733428955078,4.8178377,log,2025-03-01,2025-03-15,2
49,2025-03-01,2025-03-22,3,105.24463653564453,4.6657443,log,2025-03-01,2025-03-22,3
49,2025-03-01,2025-03-29,4,107.7929916381836,4.689447,log,2025-03-01,2025-03-29,4
50,2025-03-01,2025-03-08,1,64.84161376953125,4.187252,log,2025-03-01,2025-03-08,1
50,2025-03-01,2025-03-15,2,54.30828857421875,4.012923,log,2025-03-01,2025-03-15,2
50,2025-03-01,2025-03-22,3,36.16251754760742,3.6153007,log,2025-03-01,2025-03-22,3
50,2025-03-01,2025-03-29,4,44.12451171875,3.8094256,log,2025-03-01,2025-03-29,4
51,2025-03-01,2025-03-08,1,626.591064453125,6.441889,log,2025-03-01,2025-03-08,1
51,2025-03-01,2025-03-15,2,626.2440185546875,6.4413357,log,2025-03-01,2025-03-15,2
51,2025-03-01,2025-03-22,3,495.1473388671875,6.206873,log,2025-03-01,2025-03-22,3
51,2025-03-01,2025-03-29,4,574.4622192382812,6.3551736,log,2025-03-01,2025-03-29,4
53,2025-03-01,2025-03-08,1,390.3540344238281,5.9696126,log,2025-03-01,2025-03-08,1
53,2025-03-01,2025-03-15,2,377.9120178222656,5.937304,log,2025-03-01,2025-03-15,2
53,2025-03-01,2025-03-22,3,399.8902282714844,5.9936876,log,2025-03-01,2025-03-22,3
53,2025-03-01,2025-03-29,4,442.8021545410156,6.095379,log,2025-03-01,2025-03-29,4
54,2025-03-01,2025-03-08,1,440.04571533203125,6.0891485,log,2025-03-01,2025-03-08,1
54,2025-03-01,2025-03-15,2,508.8025817871094,6.2340236,log,2025-03-01,2025-03-15,2
54,2025-03-01,2025-03-22,3,397.6849670410156,5.9881716,log,2025-03-01,2025-03-22,3
54,2025-03-01,2025-03-29,4,415.95330810546875,6.0329742,log,2025-03-01,2025-03-29,4
55,2025-03-01,2025-03-08,1,625.2897338867188,6.439813,log,2025-03-01,2025-03-08,1
55,2025-03-01,2025-03-15,2,504.03680419921875,6.2246313,log,2025-03-01,2025-03-15,2
55,2025-03-01,2025-03-22,3,341.89697265625,5.83743,log,2025-03-01,2025-03-22,3
55,2025-03-01,2025-03-29,4,438.05084228515625,6.084615,log,2025-03-01,2025-03-29,4
56,2025-03-01,2025-03-08,1,46.5806999206543,3.8624272,log,2025-03-01,2025-03-08,1
56,2025-03-01,2025-03-15,2,38.317867279052734,3.671679,log,2025-03-01,2025-03-15,2
56,2025-03-01,2025-03-22,3,25.40109634399414,3.2734056,log,2025-03-01,2025-03-22,3
56,2025-03-01,2025-03-29,4,37.614418029785156,3.6536257,log,2025-03-01,2025-03-29,4
72,2025-03-01,2025-03-08,1,284.40582275390625,5.653912,log,2025-03-01,2025-03-08,1
72,2025-03-01,2025-03-15,2,261.2839050292969,5.5694275,log,2025-03-01,2025-03-15,2
72,2025-03-01,2025-03-22,3,203.79257202148438,5.3219976,log,2025-03-01,2025-03-22,3
72,2025-03-01,2025-03-29,4,185.51414489746094,5.228507,log,2025-03-01,2025-03-29,4
US,2025-03-01,2025-03-08,1,9570.6,7.114242,log,2025-03-01,2025-03-08,1
US,2025-03-01,2025-03-15,2,2727.621,6.8424306,log,2025-03-01,2025-03-15,2
US,2025-03-01,2025-03-22,3,736.4576700000001,6.43104,log,2025-03-01,2025-03-22,3
US,2025-03-01,2025-03-29,4,723.6221923828125,6.5856504,log,2025-03-01,2025-03-29,4
01,2025-03-08,2025-03-15,1,263.4112243652344,5.5775056,log,2025-03-08,2025-03-15,1
01,2025-03-08,2025-03-22,2,228.9918975830078,5.438044,log,2025-03-08,2025-03-22,2
01,2025-03-08,2025-03-29,3,275.35675048828125,5.6216927,log,2025-03-08,2025-03-29,3
01,2025-03-08,2025-04-05,4,243.63092041015625,5.4997506,log,2025-03-08,2025-04-05,4
02,2025-03-08,2025-03-15,1,57.54449462890625,4.069787,log,2025-03-08,2025-03-15,1
02,2025-03-08,2025-03-22,2,48.93230056762695,3.9106681,log,2025-03-08,2025-03-22,2
02,2025-03-08,2025-03-29,3,32.86717224121094,3.5224462,log,2025-03-08,2025-03-29,3
02,2025-03-08,2025-04-05,4,26.381513595581055,3.309868,log,2025-03-08,2025-04-05,4
04,2025-03-08,2025-03-15,1,395.0478210449219,5.981535,log,2025-03-08,2025-03-15,1
04,2025-03-08,2025-03-22,2,367.2986145019531,5.908894,log,2025-03-08,2025-03-22,2
04,2025-03-08,2025-03-29,3,348.7040100097656,5.857087,log,2025-03-08,2025-03-29,3
04,2025-03-08,2025-04-05,4,334.8871765136719,5.8167753,log,2025-03-08,2025-04-05,4
05,2025-03-08,2025-03-15,1,266.0620422363281,5.587481,log,2025-03-08,2025-03-15,1
05,2025-03-08,2025-03-22,2,224.79869079589844,5.419644,log,2025-03-08,2025-03-22,2
05,2025-03-08,2025-03-29,3,229.62413024902344,5.440789,log,2025-03-08,2025-03-29,3
05,2025-03-08,2025-04-05,4,155.0872344970703,5.050415,log,2025-03-08,2025-04-05,4
06,2025-03-08,2025-03-15,1,1024.7197265625,6.93315,log,2025-03-08,2025-03-15,1
06,2025-03-08,2025-03-22,2,806.0700073242188,6.6934104,log,2025-03-08,2025-03-22,2
06,2025-03-08,2025-03-29,3,681.7907104492188,6.5261884,log,2025-03-08,2025-03-29,3
06,2025-03-08,2025-04-05,4,423.5606994628906,6.051055,log,2025-03-08,2025-04-05,4
08,2025-03-08,2025-03-15,1,277.28424072265625,5.628643,log,2025-03-08,2025-03-15,1
08,2025-03-08,2025-03-22,2,265.24090576171875,5.5844016,log,2025-03-08,2025-03-22,2
08,2025-03-08,2025-03-29,3,278.5410461425781,5.633149,log,2025-03-08,2025-03-29,3
08,2025-03-08,2025-04-05,4,295.7343444824219,5.692837,log,2025-03-08,2025-04-05,4
09,2025-03-08,2025-03-15,1,170.17164611816406,5.142667,log,2025-03-08,2025-03-15,1
09,2025-03-08,2025-03-22,2,146.40538024902344,4.9931865,log,2025-03-08,2025-03-22,2
09,2025-03-08,2025-03-29,3,164.4902801513672,5.1089125,log,2025-03-08,2025-03-29,3
09,2025-03-08,2025-04-05,4,125.10577392578125,4.837121,log,2025-03-08,2025-04-05,4
10,2025-03-08,2025-03-15,1,73.11011505126953,4.305552,log,2025-03-08,2025-03-15,1
10,2025-03-08,2025-03-22,2,52.33293914794922,3.9765542,log,2025-03-08,2025-03-22,2
10,2025-03-08,2025-03-29,3,38.48533248901367,3.6759293,log,2025-03-08,2025-03-29,3
10,2025-03-08,2025-04-05,4,30.54124641418457,3.451296,log,2025-03-08,2025-04-05,4
11,2025-03-08,2025-03-15,1,80.93667602539062,4.4059467,log,2025-03-08,2025-03-15,1
11,2025-03-08,2025-03-22,2,62.891571044921875,4.1571875,log,2025-03-08,2025-03-22,2
11,2025-03-08,2025-03-29,3,45.224552154541016,3.833511,log,2025-03-08,2025-03-29,3
11,2025-03-08,2025-04-05,4,36.443477630615234,3.6228325,log,2025-03-08,2025-04-05,4
12,2025-03-08,2025-03-15,1,1265.4613037109375,7.143982,log,2025-03-08,2025-03-15,1
12,2025-03-08,2025-03-22,2,895.1771850585938,6.798138,log,2025-03-08,2025-03-22,2
12,2025-03-08,2025-03-29,3,782.8038940429688,6.664159,log,2025-03-08,2025-03-29,3
12,2025-03-08,2025-04-05,4,479.9212341308594,6.1757035,log,2025-03-08,2025-04-05,4
13,2025-03-08,2025-03-15,1,335.9169921875,5.8198366,log,2025-03-08,2025-03-15,1
13,2025-03-08,2025-03-22,2,310.9119873046875,5.742721,log,2025-03-08,2025-03-22,2
13,2025-03-08,2025-03-29,3,367.3678283691406,5.909082,log,2025-03-08,2025-03-29,3
13,2025-03-08,2025-04-05,4,290.29248046875,5.674328,log,2025-03-08,2025-04-05,4
15,2025-03-08,2025-03-15,1,54.11754608154297,4.009468,log,2025-03-08,2025-03-15,1
15,2025-03-08,2025-03-22,2,41.876686096191406,3.7583282,log,2025-03-08,2025-03-22,2
15,2025-03-08,2025-03-29,3,39.283958435058594,3.6959534,log,2025-03-08,2025-03-29,3
15,2025-03-08,2025-04-05,4,33.83373260498047,3.5505862,log,2025-03-08,2025-04-05,4
16,2025-03-08,2025-03-15,1,92.03295135498047,4.5329537,log,2025-03-08,2025-03-15,1
16,2025-03-08,2025-03-22,2,79.89254760742188,4.3931217,log,2025-03-08,2025-03-22,2
16,2025-03-08,2025-03-29,3,84.14405059814453,4.4443445,log,2025-03-08,2025-03-29,3
16,2025-03-08,2025-04-05,4,86.2411880493164,4.4686766,log,2025-03-08,2025-04-05,4
17,2025-03-08,2025-03-15,1,740.7672119140625,6.6090355,log,2025-03-08,2025-03-15,1
17,2025-03-08,2025-03-22,2,733.659912109375,6.5994077,log,2025-03-08,2025-03-22,2
17,2025-03-08,2025-03-29,3,624.19140625,6.438058,log,2025-03-08,2025-03-29,3
17,2025-03-08,2025-04-05,4,324.06903076171875,5.7840376,log,2025-03-08,2025-04-05,4
18,2025-03-08,2025-03-15,1,701.796630859375,6.5550675,log,2025-03-08,2025-03-15,1
18,2025-03-08,2025-03-22,2,547.6419067382812,6.307446,log,2025-03-08,2025-03-22,2
18,2025-03-08,2025-03-29,3,468.09576416015625,6.150807,log,2025-03-08,2025-03-29,3
18,2025-03-08,2025-04-05,4,339.8966064453125,5.831579,log,2025-03-08,2025-04-05,4
19,2025-03-08,2025-03-15,1,245.93373107910156,5.50912,log,2025-03-08,2025-03-15,1
19,2025-03-08,2025-03-22,2,226.54893493652344,5.4273653,log,2025-03-08,2025-03-22,2
19,2025-03-08,2025-03-29,3,235.0084686279297,5.4638677,log,2025-03-08,2025-03-29,3
19,2025-03-08,2025-04-05,4,158.61753845214844,5.0727806,log,2025-03-08,2025-04-05,4
20,2025-03-08,2025-03-15,1,239.22958374023438,5.481595,log,2025-03-08,2025-03-15,1
20,2025-03-08,2025-03-22,2,204.791259765625,5.3268623,log,2025-03-08,2025-03-22,2
20,2025-03-08,2025-03-29,3,198.04776000976562,5.293545,log,2025-03-08,2025-03-29,3
20,2025-03-08,2025-04-05,4,142.49374389648438,4.9662914,log,2025-03-08,2025-04-05,4
21,2025-03-08,2025-03-15,1,497.3122863769531,6.211227,log,2025-03-08,2025-03-15,1
21,2025-03-08,2025-03-22,2,398.1757507324219,5.989402,log,2025-03-08,2025-03-22,2
21,2025-03-08,2025-03-29,3,344.7838134765625,5.8458138,log,2025-03-08,2025-03-29,3
21,2025-03-08,2025-04-05,4,290.3944396972656,5.674678,log,2025-03-08,2025-04-05,4
22,2025-03-08,2025-03-15,1,304.4338073730469,5.721733,log,2025-03-08,2025-03-15,1
22,2025-03-08,2025-03-22,2,257.3016662597656,5.554128,log,2025-03-08,2025-03-22,2
22,2025-03-08,2025-03-29,3,213.04161071777344,5.3661704,log,2025-03-08,2025-03-29,3
22,2025-03-08,2025-04-05,4,160.90533447265625,5.087012,log,2025-03-08,2025-04-05,4
23,2025-03-08,2025-03-15,1,187.04493713378906,5.236681,log,2025-03-08,2025-03-15,1
23,2025-03-08,2025-03-22,2,142.2227020263672,4.964401,log,2025-03-08,2025-03-22,2
23,2025-03-08,2025-03-29,3,100.28308868408203,4.6179194,log,2025-03-08,2025-03-29,3
23,2025-03-08,2025-04-05,4,78.36524963378906,4.3740606,log,2025-03-08,2025-04-05,4
24,2025-03-08,2025-03-15,1,310.4015197753906,5.741083,log,2025-03-08,2025-03-15,1
24,2025-03-08,2025-03-22,2,306.6319885253906,5.7289042,log,2025-03-08,2025-03-22,2
24,2025-03-08,2025-03-29,3,368.4582824707031,5.912038,log,2025-03-08,2025-03-29,3
24,2025-03-08,2025-04-05,4,249.49044799804688,5.523421,log,2025-03-08,2025-04-05,4
25,2025-03-08,2025-03-15,1,575.5845336914062,6.357122,log,2025-03-08,2025-03-15,1
25,2025-03-08,2025-03-22,2,437.14215087890625,6.0825434,log,2025-03-08,2025-03-22,2
25,2025-03-08,2025-03-29,3,356.2889404296875,5.878545,log,2025-03-08,2025-03-29,3
25,2025-03-08,2025-04-05,4,302.6300048828125,5.71581,log,2025-03-08,2025-04-05,4
26,2025-03-08,2025-03-15,1,792.2427978515625,6.6761293,log,2025-03-08,2025-03-15,1
26,2025-03-08,2025-03-22,2,580.2039794921875,6.365102,log,2025-03-08,2025-03-22,2
26,2025-03-08,2025-03-29,3,417.571044921875,6.0368466,log,2025-03-08,2025-03-29,3
26,2025-03-08,2025-04-05,4,335.2074890136719,5.8177285,log,2025-03-08,2025-04-05,4
27,2025-03-08,2025-03-15,1,224.97048950195312,5.4204044,log,2025-03-08,2025-03-15,1
27,2025-03-08,2025-03-22,2,194.4336395263672,5.275221,log,2025-03-08,2025-03-22,2
27,2025-03-08,2025-03-29,3,244.1431884765625,5.5018425,log,2025-03-08,2025-03-29,3
27,2025-03-08,2025-04-05,4,149.0888671875,5.0112276,log,2025-03-08,2025-04-05,4
28,2025-03-08,2025-03-15,1,175.2771759033203,5.1720576,log,2025-03-08,2025-03-15,1
28,2025-03-08,2025-03-22,2,136.63323974609375,4.9245925,log,2025-03-08,2025-03-22,2
28,2025-03-08,2025-03-29,3,128.52383422851562,4.863865,log,2025-03-08,2025-03-29,3
28,2025-03-08,2025-04-05,4,113.2042465209961,4.7379885,log,2025-03-08,2025-04-05,4
29,2025-03-08,2025-03-15,1,574.7254638671875,6.355631,log,2025-03-08,2025-03-15,1
29,2025-03-08,2025-03-22,2,531.1371459960938,6.2769012,log,2025-03-08,2025-03-22,2
29,2025-03-08,2025-03-29,3,452.7072448730469,6.117452,log,2025-03-08,2025-03-29,3
29,2025-03-08,2025-04-05,4,332.40521240234375,5.8093586,log,2025-03-08,2025-04-05,4
30,2025-03-08,2025-03-15,1,111.91463470458984,4.726632,log,2025-03-08,2025-03-15,1
30,2025-03-08,2025-03-22,2,94.0969009399414,4.5548964,log,2025-03-08,2025-03-22,2
30,2025-03-08,2025-03-29,3,62.773170471191406,4.1553326,log,2025-03-08,2025-03-29,3
30,2025-03-08,2025-04-05,4,68.17483520507812,4.236637,log,2025-03-08,2025-04-05,4
31,2025-03-08,2025-03-15,1,132.3477783203125,4.8929605,log,2025-03-08,2025-03-15,1
31,2025-03-08,2025-03-22,2,95.29493713378906,4.5674157,log,2025-03-08,2025-03-22,2
31,2025-03-08,2025-03-29,3,121.46276092529297,4.807807,log,2025-03-08,2025-03-29,3
31,2025-03-08,2025-04-05,4,82.76164245605469,4.427975,log,2025-03-08,2025-04-05,4
32,2025-03-08,2025-03-15,1,67.49007415771484,4.226689,log,2025-03-08,2025-03-15,1
32,2025-03-08,2025-03-22,2,59.61906814575195,4.1046095,log,2025-03-08,2025-03-22,2
32,2025-03-08,2025-03-29,3,65.43247985839844,4.196186,log,2025-03-08,2025-03-29,3
32,2025-03-08,2025-04-05,4,51.899837493896484,3.9684002,log,2025-03-08,2025-04-05,4
33,2025-03-08,2025-03-15,1,108.2387466430664,4.693536,log,2025-03-08,2025-03-15,1
33,2025-03-08,2025-03-22,2,99.20525360107422,4.6072206,log,2025-03-08,2025-03-22,2
33,2025-03-08,2025-03-29,3,79.40715026855469,4.387103,log,2025-03-08,2025-03-29,3
33,2025-03-08,2025-04-05,4,57.568702697753906,4.0702004,log,2025-03-08,2025-04-05,4
34,2025-03-08,2025-03-15,1,569.9796142578125,6.3473535,log,2025-03-08,2025-03-15,1
34,2025-03-08,2025-03-22,2,476.5631408691406,6.1686964,log,2025-03-08,2025-03-22,2
34,2025-03-08,2025-03-29,3,466.19427490234375,6.146745,log,2025-03-08,2025-03-29,3
34,2025-03-08,2025-04-05,4,322.4211730957031,5.7789555,log,2025-03-08,2025-04-05,4
35,2025-03-08,2025-03-15,1,151.2930908203125,5.025807,log,2025-03-08,2025-03-15,1
35,2025-03-08,2025-03-22,2,154.2161102294922,5.0448184,log,2025-03-08,2025-03-22,2
35,2025-03-08,2025-03-29,3,161.10093688964844,5.088219,log,2025-03-08,2025-03-29,3
35,2025-03-08,2025-04-05,4,117.9908447265625,4.7790465,log,2025-03-08,2025-04-05,4
36,2025-03-08,2025-03-15,1,1237.4322509765625,7.1216016,log,2025-03-08,2025-03-15,1
36,2025-03-08,2025-03-22,2,857.5780639648438,6.7552776,log,2025-03-08,2025-03-22,2
36,2025-03-08,2025-03-29,3,747.1919555664062,6.6176596,log,2025-03-08,2025-03-29,3
36,2025-03-08,2025-04-05,4,441.083740234375,6.0914993,log,2025-03-08,2025-04-05,4
37,2025-03-08,2025-03-15,1,721.6905517578125,6.582981,log,2025-03-08,2025-03-15,1
37,2025-03-08,2025-03-22,2,556.380615234375,6.3232484,log,2025-03-08,2025-03-22,2
37,2025-03-08,2025-03-29,3,438.2809753417969,6.0851393,log,2025-03-08,2025-03-29,3
37,2025-03-08,2025-04-05,4,338.07958984375,5.826235,log,2025-03-08,2025-04-05,4
38,2025-03-08,2025-03-15,1,21.278039932250977,3.1036015,log,2025-03-08,2025-03-15,1
38,2025-03-08,2025-03-22,2,19.97294807434082,3.0432334,log,2025-03-08,2025-03-22,2
38,2025-03-08,2025-03-29,3,19.871009826660156,3.038361,log,2025-03-08,2025-03-29,3
38,2025-03-08,2025-04-05,4,14.031848907470703,2.7101712,log,2025-03-08,2025-04-05,4
39,2025-03-08,2025-03-15,1,1103.18115234375,7.0068593,log,2025-03-08,2025-03-15,1
39,2025-03-08,2025-03-22,2,830.1907958984375,6.7228594,log,2025-03-08,2025-03-22,2
39,2025-03-08,2025-03-29,3,624.5620727539062,6.4386506,log,2025-03-08,2025-03-29,3
39,2025-03-08,2025-04-05,4,412.94219970703125,6.0257263,log,2025-03-08,2025-04-05,4
40,2025-03-08,2025-03-15,1,207.13575744628906,5.3381906,log,2025-03-08,2025-03-15,1
40,2025-03-08,2025-03-22,2,176.3938446044922,5.1783724,log,2025-03-08,2025-03-22,2
40,2025-03-08,2025-03-29,3,198.43167114257812,5.2954717,log,2025-03-08,2025-03-29,3
40,2025-03-08,2025-04-05,4,126.17394256591797,4.845556,log,2025-03-08,2025-04-05,4
41,2025-03-08,2025-03-15,1,205.52598571777344,5.330426,log,2025-03-08,2025-03-15,1
41,2025-03-08,2025-03-22,2,194.91107177734375,5.277661,log,2025-03-08,2025-03-22,2
41,2025-03-08,2025-03-29,3,209.5399932861328,5.3496757,log,2025-03-08,2025-03-29,3
41,2025-03-08,2025-04-05,4,185.38949584960938,5.2278385,log,2025-03-08,2025-04-05,4
42,2025-03-08,2025-03-15,1,1187.0760498046875,7.0800905,log,2025-03-08,2025-03-15,1
42,2025-03-08,2025-03-22,2,788.4354248046875,6.671318,log,2025-03-08,2025-03-22,2
42,2025-03-08,2025-03-29,3,619.0753784179688,6.429841,log,2025-03-08,2025-03-29,3
42,2025-03-08,2025-04-05,4,422.1786193847656,6.0477943,log,2025-03-08,2025-04-05,4
44,2025-03-08,2025-03-15,1,71.22733306884766,4.2798185,log,2025-03-08,2025-03-15,1
44,2025-03-08,2025-03-22,2,55.021358489990234,4.025733,log,2025-03-08,2025-03-22,2
44,2025-03-08,2025-03-29,3,41.610225677490234,3.7520943,log,2025-03-08,2025-03-29,3
44,2025-03-08,2025-04-05,4,30.044944763183594,3.435436,log,2025-03-08,2025-04-05,4
45,2025-03-08,2025-03-15,1,349.44769287109375,5.8592114,log,2025-03-08,2025-03-15,1
45,2025-03-08,2025-03-22,2,312.8473205566406,5.7489066,log,2025-03-08,2025-03-22,2
45,2025-03-08,2025-03-29,3,349.4391784667969,5.859187,log,2025-03-08,2025-03-29,3
45,2025-03-08,2025-04-05,4,273.12298583984375,5.613577,log,2025-03-08,2025-04-05,4
46,2025-03-08,2025-03-15,1,53.1404914855957,3.9915824,log,2025-03-08,2025-03-15,1
46,2025-03-08,2025-03-22,2,40.7639274597168,3.732033,log,2025-03-08,2025-03-22,2
46,2025-03-08,2025-03-29,3,36.15583801269531,3.615121,log,2025-03-08,2025-03-29,3
46,2025-03-08,2025-04-05,4,25.290651321411133,3.2692134,log,2025-03-08,2025-04-05,4
47,2025-03-08,2025-03-15,1,386.6768798828125,5.960172,log,2025-03-08,2025-03-15,1
47,2025-03-08,2025-03-22,2,396.4493103027344,5.9850674,log,2025-03-08,2025-03-22,2
47,2025-03-08,2025-03-29,3,448.42449951171875,6.107968,log,2025-03-08,2025-03-29,3
47,2025-03-08,2025-04-05,4,371.24664306640625,5.9195566,log,2025-03-08,2025-04-05,4
48,2025-03-08,2025-03-15,1,1021.7561645507812,6.9302564,log,2025-03-08,2025-03-15,1
48,2025-03-08,2025-03-22,2,799.208740234375,6.6848726,log,2025-03-08,2025-03-22,2
48,2025-03-08,2025-03-29,3,683.962158203125,6.5293636,log,2025-03-08,2025-03-29,3
48,2025-03-08,2025-04-05,4,466.0334777832031,6.146401,log,2025-03-08,2025-04-05,4
49,2025-03-08,2025-03-15,1,111.40360260009766,4.722096,log,2025-03-08,2025-03-15,1
49,2025-03-08,2025-03-22,2,104.25790405273438,4.6564136,log,2025-03-08,2025-03-22,2
49,2025-03-08,2025-03-29,3,103.84889221191406,4.65252,log,2025-03-08,2025-03-29,3
49,2025-03-08,2025-04-05,4,89.67405700683594,4.5072713,log,2025-03-08,2025-04-05,4
50,2025-03-08,2025-03-15,1,36.93660354614258,3.6359165,log,2025-03-08,2025-03-15,1
50,2025-03-08,2025-03-22,2,28.957538604736328,3.399781,log,2025-03-08,2025-03-22,2
50,2025-03-08,2025-03-29,3,24.130901336669922,3.2240982,log,2025-03-08,2025-03-29,3
50,2025-03-08,2025-04-05,4,20.89771270751953,3.0863822,log,2025-03-08,2025-04-05,4
51,2025-03-08,2025-03-15,1,473.7753601074219,6.162842,log,2025-03-08,2025-03-15,1
51,2025-03-08,2025-03-22,2,494.4917297363281,6.2055507,log,2025-03-08,2025-03-22,2
51,2025-03-08,2025-03-29,3,464.97216796875,6.144126,log,2025-03-08,2025-03-29,3
51,2025-03-08,2025-04-05,4,350.60430908203125,5.8625064,log,2025-03-08,2025-04-05,4
53,2025-03-08,2025-03-15,1,217.45947265625,5.3866005,log,2025-03-08,2025-03-15,1
53,2025-03-08,2025-03-22,2,210.3267364501953,5.3534055,log,2025-03-08,2025-03-22,2
53,2025-03-08,2025-03-29,3,199.15513610839844,5.299093,log,2025-03-08,2025-03-29,3
53,2025-03-08,2025-04-05,4,214.0448760986328,5.3708467,log,2025-03-08,2025-04-05,4
54,2025-03-08,2025-03-15,1,375.0993957519531,5.9298534,log,2025-03-08,2025-03-15,1
54,2025-03-08,2025-03-22,2,291.8950500488281,5.6798143,log,2025-03-08,2025-03-22,2
54,2025-03-08,2025-03-29,3,235.21652221679688,5.464749,log,2025-03-08,2025-03-29,3
54,2025-03-08,2025-04-05,4,227.83953857421875,5.433021,log,2025-03-08,2025-04-05,4
55,2025-03-08,2025-03-15,1,395.1660461425781,5.9818335,log,2025-03-08,2025-03-15,1
55,2025-03-08,2025-03-22,2,374.4156494140625,5.928034,log,2025-03-08,2025-03-22,2
55,2025-03-08,2025-03-29,3,362.1253967285156,5.894748,log,2025-03-08,2025-03-29,3
55,2025-03-08,2025-04-05,4,305.1297607421875,5.724009,log,2025-03-08,2025-04-05,4
56,2025-03-08,2025-03-15,1,43.32405471801758,3.7915275,log,2025-03-08,2025-03-15,1
56,2025-03-08,2025-03-22,2,30.643268585205078,3.4545255,log,2025-03-08,2025-03-22,2
56,2025-03-08,2025-03-29,3,21.778467178344727,3.1258156,log,2025-03-08,2025-03-29,3
56,2025-03-08,2025-04-05,4,17.172664642333984,2.8999186,log,2025-03-08,2025-04-05,4
72,2025-03-08,2025-03-15,1,221.17942810058594,5.4034853,log,2025-03-08,2025-03-15,1
72,2025-03-08,2025-03-22,2,190.75453186035156,5.256216,log,2025-03-08,2025-03-22,2
72,2025-03-08,2025-03-29,3,178.67047119140625,5.1911244,log,2025-03-08,2025-03-29,3
72,2025-03-08,2025-04-05,4,147.3616485595703,4.999653,log,2025-03-08,2025-04-05,4
US,2025-03-08,2025-03-15,1,7404.9,7.1232333,log,2025-03-08,2025-03-15,1
US,2025-03-08,2025-03-22,2,2110.3965,6.864112,log,2025-03-08,2025-03-22,2
US,2025-03-08,2025-03-29,3,800.9246215820312,6.6870146,log,2025-03-08,2025-03-29,3
US,2025-03-08,2025-04-05,4,491.7538757324219,6.20001,log,2025-03-08,2025-04-05,4
01,2025-03-15,2025-03-22,1,222.7187957763672,5.41039,log,2025-03-15,2025-03-22,1
01,2025-03-15,2025-03-29,2,202.8800048828125,5.3175316,log,2025-03-15,2025-03-29,2
01,2025-03-15,2025-04-05,3,199.56729125976562,5.30115,log,2025-03-15,2025-04-05,3
01,2025-03-15,2025-04-12,4,187.47467041015625,5.2389636,log,2025-03-15,2025-04-12,4
02,2025-03-15,2025-03-22,1,29.21494483947754,3.4083366,log,2025-03-15,2025-03-22,1
02,2025-03-15,2025-03-29,2,23.679487228393555,3.2059724,log,2025-03-15,2025-03-29,2
02,2025-03-15,2025-04-05,3,20.125646591186523,3.0504878,log,2025-03-15,2025-04-05,3
02,2025-03-15,2025-04-12,4,17.785490036010742,2.9330847,log,2025-03-15,2025-04-12,4
04,2025-03-15,2025-03-22,1,377.0360107421875,5.9349895,log,2025-03-15,2025-03-22,1
04,2025-03-15,2025-03-29,2,285.78570556640625,5.6587353,log,2025-03-15,2025-03-29,2
04,2025-03-15,2025-04-05,3,349.14300537109375,5.8583417,log,2025-03-15,2025-04-05,3
04,2025-03-15,2025-04-12,4,336.1014709472656,5.820384,log,2025-03-15,2025-04-12,4
05,2025-03-15,2025-03-22,1,180.11996459960938,5.1991596,log,2025-03-15,2025-03-22,1
05,2025-03-15,2025-03-29,2,165.38653564453125,5.1143136,log,2025-03-15,2025-03-29,2
05,2025-03-15,2025-04-05,3,161.29908752441406,5.089441,log,2025-03-15,2025-04-05,3
05,2025-03-15,2025-04-12,4,138.95252990722656,4.9413033,log,2025-03-15,2025-04-12,4
06,2025-03-15,2025-03-22,1,844.7012939453125,6.740166,log,2025-03-15,2025-03-22,1
06,2025-03-15,2025-03-29,2,697.4558715820312,6.548872,log,2025-03-15,2025-03-29,2
06,2025-03-15,2025-04-05,3,683.9203491210938,6.5293026,log,2025-03-15,2025-04-05,3
06,2025-03-15,2025-04-12,4,457.0794982910156,6.127043,log,2025-03-15,2025-04-12,4
08,2025-03-15,2025-03-22,1,197.60841369628906,5.291335,log,2025-03-15,2025-03-22,1
08,2025-03-15,2025-03-29,2,172.16326904296875,5.154235,log,2025-03-15,2025-03-29,2
08,2025-03-15,2025-04-05,3,186.1257781982422,5.231781,log,2025-03-15,2025-04-05,3
08,2025-03-15,2025-04-12,4,199.01422119140625,5.2983885,log,2025-03-15,2025-04-12,4
09,2025-03-15,2025-03-22,1,135.77337646484375,4.9183254,log,2025-03-15,2025-03-22,1
09,2025-03-15,2025-03-29,2,95.02188873291016,4.564576,log,2025-03-15,2025-03-29,2
09,2025-03-15,2025-04-05,3,116.06553649902344,4.762734,log,2025-03-15,2025-04-05,3
09,2025-03-15,2025-04-12,4,108.37039947509766,4.6947403,log,2025-03-15,2025-04-12,4
10,2025-03-15,2025-03-22,1,47.951759338378906,3.8908353,log,2025-03-15,2025-03-22,1
10,2025-03-15,2025-03-29,2,36.23930740356445,3.617365,log,2025-03-15,2025-03-29,2
10,2025-03-15,2025-04-05,3,30.95123291015625,3.4642107,log,2025-03-15,2025-04-05,3
10,2025-03-15,2025-04-12,4,20.06613540649414,3.0476668,log,2025-03-15,2025-04-12,4
11,2025-03-15,2025-03-22,1,61.77029800415039,4.139482,log,2025-03-15,2025-03-22,1
11,2025-03-15,2025-03-29,2,41.4649772644043,3.7486796,log,2025-03-15,2025-03-29,2
11,2025-03-15,2025-04-05,3,34.87508773803711,3.580043,log,2025-03-15,2025-04-05,3
11,2025-03-15,2025-04-12,4,26.185256958007812,3.3026748,log,2025-03-15,2025-04-12,4
12,2025-03-15,2025-03-22,1,948.2655639648438,6.8556886,log,2025-03-15,2025-03-22,1
12,2025-03-15,2025-03-29,2,718.8404541015625,6.5790296,log,2025-03-15,2025-03-29,2
12,2025-03-15,2025-04-05,3,721.8956298828125,6.583265,log,2025-03-15,2025-04-05,3
12,2025-03-15,2025-04-12,4,514.3357543945312,6.2448187,log,2025-03-15,2025-04-12,4
13,2025-03-15,2025-03-22,1,315.4135437011719,5.75705,log,2025-03-15,2025-03-22,1
13,2025-03-15,2025-03-29,2,247.4530792236328,5.515254,log,2025-03-15,2025-03-29,2
13,2025-03-15,2025-04-05,3,294.65924072265625,5.6892076,log,2025-03-15,2025-04-05,3
13,2025-03-15,2025-04-12,4,285.7930908203125,5.658761,log,2025-03-15,2025-04-12,4
15,2025-03-15,2025-03-22,1,44.81222915649414,3.824551,log,2025-03-15,2025-03-22,1
15,2025-03-15,2025-03-29,2,35.14943313598633,3.5876613,log,2025-03-15,2025-03-29,2
15,2025-03-15,2025-04-05,3,30.793243408203125,3.4592538,log,2025-03-15,2025-04-05,3
15,2025-03-15,2025-04-12,4,24.33089828491211,3.232025,log,2025-03-15,2025-04-12,4
16,2025-03-15,2025-03-22,1,75.76536560058594,4.3407536,log,2025-03-15,2025-03-22,1
16,2025-03-15,2025-03-29,2,71.08220672607422,4.277807,log,2025-03-15,2025-03-29,2
16,2025-03-15,2025-04-05,3,73.02086639404297,4.304347,log,2025-03-15,2025-04-05,3
16,2025-03-15,2025-04-12,4,80.44268035888672,4.3998995,log,2025-03-15,2025-04-12,4
17,2025-03-15,2025-03-22,1,672.5853881835938,6.5126147,log,2025-03-15,2025-03-22,1
17,2025-03-15,2025-03-29,2,624.0301513671875,6.4378,log,2025-03-15,2025-03-29,2
17,2025-03-15,2025-04-05,3,593.2383422851562,6.3872805,log,2025-03-15,2025-04-05,3
17,2025-03-15,2025-04-12,4,375.7928161621094,5.9316955,log,2025-03-15,2025-04-12,4
18,2025-03-15,2025-03-22,1,530.490478515625,6.2756853,log,2025-03-15,2025-03-22,1
18,2025-03-15,2025-03-29,2,518.41748046875,6.252708,log,2025-03-15,2025-03-29,2
18,2025-03-15,2025-04-05,3,434.7529602050781,6.0770755,log,2025-03-15,2025-04-05,3
18,2025-03-15,2025-04-12,4,303.7644348144531,5.719539,log,2025-03-15,2025-04-12,4
19,2025-03-15,2025-03-22,1,149.31813049316406,5.012754,log,2025-03-15,2025-03-22,1
19,2025-03-15,2025-03-29,2,104.74547576904297,4.661035,log,2025-03-15,2025-03-29,2
19,2025-03-15,2025-04-05,3,127.8977279663086,4.8590193,log,2025-03-15,2025-04-05,3
19,2025-03-15,2025-04-12,4,112.38544464111328,4.730793,log,2025-03-15,2025-04-12,4
20,2025-03-15,2025-03-22,1,139.359130859375,4.9442043,log,2025-03-15,2025-03-22,1
20,2025-03-15,2025-03-29,2,104.99789428710938,4.6634192,log,2025-03-15,2025-03-29,2
20,2025-03-15,2025-04-05,3,112.798828125,4.734432,log,2025-03-15,2025-04-05,3
20,2025-03-15,2025-04-12,4,103.56001281738281,4.649761,log,2025-03-15,2025-04-12,4
21,2025-03-15,2025-03-22,1,400.0175476074219,5.994005,log,2025-03-15,2025-03-22,1
21,2025-03-15,2025-03-29,2,288.6148376464844,5.668552,log,2025-03-15,2025-03-29,2
21,2025-03-15,2025-04-05,3,299.1103515625,5.70415,log,2025-03-15,2025-04-05,3
21,2025-03-15,2025-04-12,4,252.70663452148438,5.5361786,log,2025-03-15,2025-04-12,4
22,2025-03-15,2025-03-22,1,249.37355041503906,5.522954,log,2025-03-15,2025-03-22,1
22,2025-03-15,2025-03-29,2,209.17678833007812,5.347949,log,2025-03-15,2025-03-29,2
22,2025-03-15,2025-04-05,3,186.71229553222656,5.2349105,log,2025-03-15,2025-04-05,3
22,2025-03-15,2025-04-12,4,125.15521240234375,4.837513,log,2025-03-15,2025-04-12,4
23,2025-03-15,2025-03-22,1,101.6343002319336,4.631172,log,2025-03-15,2025-03-22,1
23,2025-03-15,2025-03-29,2,60.48912048339844,4.1188602,log,2025-03-15,2025-03-29,2
23,2025-03-15,2025-04-05,3,54.25849151611328,4.012022,log,2025-03-15,2025-04-05,3
23,2025-03-15,2025-04-12,4,38.36308288574219,3.6728284,log,2025-03-15,2025-04-12,4
24,2025-03-15,2025-03-22,1,229.03126525878906,5.4382153,log,2025-03-15,2025-03-22,1
24,2025-03-15,2025-03-29,2,204.578125,5.325826,log,2025-03-15,2025-03-29,2
24,2025-03-15,2025-04-05,3,265.21160888671875,5.5842915,log,2025-03-15,2025-04-05,3
24,2025-03-15,2025-04-12,4,252.85897827148438,5.536779,log,2025-03-15,2025-04-12,4
25,2025-03-15,2025-03-22,1,383.2320861816406,5.9512467,log,2025-03-15,2025-03-22,1
25,2025-03-15,2025-03-29,2,406.6565856933594,6.010425,log,2025-03-15,2025-03-29,2
25,2025-03-15,2025-04-05,3,368.7164611816406,5.9127364,log,2025-03-15,2025-04-05,3
25,2025-03-15,2025-04-12,4,265.5926818847656,5.585722,log,2025-03-15,2025-04-12,4
26,2025-03-15,2025-03-22,1,599.4708862304688,6.397714,log,2025-03-15,2025-03-22,1
26,2025-03-15,2025-03-29,2,538.428955078125,6.290511,log,2025-03-15,2025-03-29,2
26,2025-03-15,2025-04-05,3,431.3695373535156,6.0692806,log,2025-03-15,2025-04-05,3
26,2025-03-15,2025-04-12,4,329.66412353515625,5.801103,log,2025-03-15,2025-04-12,4
27,2025-03-15,2025-03-22,1,166.30303955078125,5.119807,log,2025-03-15,2025-03-22,1
27,2025-03-15,2025-03-29,2,134.52076721191406,4.909125,log,2025-03-15,2025-03-29,2
27,2025-03-15,2025-04-05,3,171.06280517578125,5.1478596,log,2025-03-15,2025-04-05,3
27,2025-03-15,2025-04-12,4,158.6050567626953,5.0727024,log,2025-03-15,2025-04-12,4
28,2025-03-15,2025-03-22,1,161.3849334716797,5.0899696,log,2025-03-15,2025-03-22,1
28,2025-03-15,2025-03-29,2,134.78997802734375,4.9111094,log,2025-03-15,2025-03-29,2
28,2025-03-15,2025-04-05,3,151.8160400390625,5.029235,log,2025-03-15,2025-04-05,3
28,2025-03-15,2025-04-12,4,114.83460998535156,4.7521634,log,2025-03-15,2025-04-12,4
29,2025-03-15,2025-03-22,1,394.8661804199219,5.9810762,log,2025-03-15,2025-03-22,1
29,2025-03-15,2025-03-29,2,379.22528076171875,5.940764,log,2025-03-15,2025-03-29,2
29,2025-03-15,2025-04-05,3,400.4579772949219,5.995103,log,2025-03-15,2025-04-05,3
29,2025-03-15,2025-04-12,4,267.7113952636719,5.593638,log,2025-03-15,2025-04-12,4
30,2025-03-15,2025-03-22,1,95.40372467041016,4.568545,log,2025-03-15,2025-03-22,1
30,2025-03-15,2025-03-29,2,86.19282531738281,4.468122,log,2025-03-15,2025-03-29,2
30,2025-03-15,2025-04-05,3,78.02485656738281,4.3697624,log,2025-03-15,2025-04-05,3
30,2025-03-15,2025-04-12,4,38.74620819091797,3.6825144,log,2025-03-15,2025-04-12,4
31,2025-03-15,2025-03-22,1,88.14590454101562,4.4902744,log,2025-03-15,2025-03-22,1
31,2025-03-15,2025-03-29,2,61.50787353515625,4.1352925,log,2025-03-15,2025-03-29,2
31,2025-03-15,2025-04-05,3,54.404869079589844,4.0146675,log,2025-03-15,2025-04-05,3
31,2025-03-15,2025-04-12,4,48.026241302490234,3.8923557,log,2025-03-15,2025-04-12,4
32,2025-03-15,2025-03-22,1,65.16468048095703,4.192147,log,2025-03-15,2025-03-22,1
32,2025-03-15,2025-03-29,2,62.66291046142578,4.153602,log,2025-03-15,2025-03-29,2
32,2025-03-15,2025-04-05,3,60.22346878051758,4.1145306,log,2025-03-15,2025-04-05,3
32,2025-03-15,2025-04-12,4,50.81509017944336,3.9476814,log,2025-03-15,2025-04-12,4
33,2025-03-15,2025-03-22,1,68.42977905273438,4.240316,log,2025-03-15,2025-03-22,1
33,2025-03-15,2025-03-29,2,59.82893753051758,4.1080656,log,2025-03-15,2025-03-29,2
33,2025-03-15,2025-04-05,3,43.76899337768555,3.8015158,log,2025-03-15,2025-04-05,3
33,2025-03-15,2025-04-12,4,29.911043167114258,3.4311135,log,2025-03-15,2025-04-12,4
34,2025-03-15,2025-03-22,1,438.6990661621094,6.0860906,log,2025-03-15,2025-03-22,1
34,2025-03-15,2025-03-29,2,435.73272705078125,6.0793214,log,2025-03-15,2025-03-29,2
34,2025-03-15,2025-04-05,3,428.9601745605469,6.0636926,log,2025-03-15,2025-04-05,3
34,2025-03-15,2025-04-12,4,346.4117126464844,5.8505106,log,2025-03-15,2025-04-12,4
35,2025-03-15,2025-03-22,1,132.387451171875,4.893258,log,2025-03-15,2025-03-22,1
35,2025-03-15,2025-03-29,2,111.76134490966797,4.7252736,log,2025-03-15,2025-03-29,2
35,2025-03-15,2025-04-05,3,106.18959045410156,4.674599,log,2025-03-15,2025-04-05,3
35,2025-03-15,2025-04-12,4,88.77810668945312,4.497341,log,2025-03-15,2025-04-12,4
36,2025-03-15,2025-03-22,1,924.8143310546875,6.8306737,log,2025-03-15,2025-03-22,1
36,2025-03-15,2025-03-29,2,699.834228515625,6.5522714,log,2025-03-15,2025-03-29,2
36,2025-03-15,2025-04-05,3,702.1559448242188,6.5555787,log,2025-03-15,2025-04-05,3
36,2025-03-15,2025-04-12,4,480.6501159667969,6.177218,log,2025-03-15,2025-04-12,4
37,2025-03-15,2025-03-22,1,520.9865112304688,6.257642,log,2025-03-15,2025-03-22,1
37,2025-03-15,2025-03-29,2,355.8275451660156,5.8772526,log,2025-03-15,2025-03-29,2
37,2025-03-15,2025-04-05,3,374.6231994628906,5.9285865,log,2025-03-15,2025-04-05,3
37,2025-03-15,2025-04-12,4,314.4281921386719,5.753931,log,2025-03-15,2025-04-12,4
38,2025-03-15,2025-03-22,1,27.460134506225586,3.3485043,log,2025-03-15,2025-03-22,1
38,2025-03-15,2025-03-29,2,22.425888061523438,3.1538417,log,2025-03-15,2025-03-29,2
38,2025-03-15,2025-04-05,3,21.493484497070312,3.1132257,log,2025-03-15,2025-04-05,3
38,2025-03-15,2025-04-12,4,16.002885818481445,2.833383,log,2025-03-15,2025-04-12,4
39,2025-03-15,2025-03-22,1,1033.52587890625,6.9416986,log,2025-03-15,2025-03-22,1
39,2025-03-15,2025-03-29,2,853.9156494140625,6.751003,log,2025-03-15,2025-03-29,2
39,2025-03-15,2025-04-05,3,619.573486328125,6.430644,log,2025-03-15,2025-04-05,3
39,2025-03-15,2025-04-12,4,449.88775634765625,6.1112185,log,2025-03-15,2025-04-12,4
40,2025-03-15,2025-03-22,1,134.1364288330078,4.906285,log,2025-03-15,2025-03-22,1
40,2025-03-15,2025-03-29,2,106.27723693847656,4.6754165,log,2025-03-15,2025-03-29,2
40,2025-03-15,2025-04-05,3,109.77540588378906,4.7075047,log,2025-03-15,2025-04-05,3
40,2025-03-15,2025-04-12,4,107.86029815673828,4.6900654,log,2025-03-15,2025-04-12,4
41,2025-03-15,2025-03-22,1,176.01368713378906,5.176227,log,2025-03-15,2025-03-22,1
41,2025-03-15,2025-03-29,2,129.26516723632812,4.869572,log,2025-03-15,2025-03-29,2
41,2025-03-15,2025-04-05,3,161.70542907714844,5.0919414,log,2025-03-15,2025-04-05,3
41,2025-03-15,2025-04-12,4,126.99365234375,4.8519807,log,2025-03-15,2025-04-12,4
42,2025-03-15,2025-03-22,1,1016.1752319335938,6.9247847,log,2025-03-15,2025-03-22,1
42,2025-03-15,2025-03-29,2,736.9345703125,6.603855,log,2025-03-15,2025-03-29,2
42,2025-03-15,2025-04-05,3,530.813232421875,6.2762923,log,2025-03-15,2025-04-05,3
42,2025-03-15,2025-04-12,4,424.0150146484375,6.0521245,log,2025-03-15,2025-04-12,4
44,2025-03-15,2025-03-22,1,56.83492660522461,4.057593,log,2025-03-15,2025-03-22,1
44,2025-03-15,2025-03-29,2,53.56097412109375,3.9993188,log,2025-03-15,2025-03-29,2
44,2025-03-15,2025-04-05,3,44.169395446777344,3.8104198,log,2025-03-15,2025-04-05,3
44,2025-03-15,2025-04-12,4,26.86252784729004,3.3272827,log,2025-03-15,2025-04-12,4
45,2025-03-15,2025-03-22,1,241.64605712890625,5.491604,log,2025-03-15,2025-03-22,1
45,2025-03-15,2025-03-29,2,198.99905395507812,5.2983127,log,2025-03-15,2025-03-29,2
45,2025-03-15,2025-04-05,3,246.57273864746094,5.5117044,log,2025-03-15,2025-04-05,3
45,2025-03-15,2025-04-12,4,257.86663818359375,5.556313,log,2025-03-15,2025-04-12,4
46,2025-03-15,2025-03-22,1,24.103851318359375,3.2230213,log,2025-03-15,2025-03-22,1
46,2025-03-15,2025-03-29,2,17.28523826599121,2.906094,log,2025-03-15,2025-03-29,2
46,2025-03-15,2025-04-05,3,18.61925506591797,2.9765115,log,2025-03-15,2025-04-05,3
46,2025-03-15,2025-04-12,4,14.7280912399292,2.7554483,log,2025-03-15,2025-04-12,4
47,2025-03-15,2025-03-22,1,380.79791259765625,5.9448915,log,2025-03-15,2025-03-22,1
47,2025-03-15,2025-03-29,2,281.98162841796875,5.645382,log,2025-03-15,2025-03-29,2
47,2025-03-15,2025-04-05,3,338.86822509765625,5.828558,log,2025-03-15,2025-04-05,3
47,2025-03-15,2025-04-12,4,335.7512512207031,5.8193445,log,2025-03-15,2025-04-12,4
48,2025-03-15,2025-03-22,1,739.3675537109375,6.6071467,log,2025-03-15,2025-03-22,1
48,2025-03-15,2025-03-29,2,626.4334106445312,6.4416375,log,2025-03-15,2025-03-29,2
48,2025-03-15,2025-04-05,3,610.4589233398438,6.415848,log,2025-03-15,2025-04-05,3
48,2025-03-15,2025-04-12,4,508.0876770019531,6.2326202,log,2025-03-15,2025-04-12,4
49,2025-03-15,2025-03-22,1,88.78782653808594,4.4974494,log,2025-03-15,2025-03-22,1
49,2025-03-15,2025-03-29,2,85.6734619140625,4.4621477,log,2025-03-15,2025-03-29,2
49,2025-03-15,2025-04-05,3,67.32355499267578,4.2242546,log,2025-03-15,2025-04-05,3
49,2025-03-15,2025-04-12,4,50.80461502075195,3.9474792,log,2025-03-15,2025-04-12,4
50,2025-03-15,2025-03-22,1,22.90218162536621,3.1739697,log,2025-03-15,2025-03-22,1
50,2025-03-15,2025-03-29,2,20.91836929321289,3.087325,log,2025-03-15,2025-03-29,2
50,2025-03-15,2025-04-05,3,19.829381942749023,3.0363646,log,2025-03-15,2025-04-05,3
50,2025-03-15,2025-04-12,4,12.692973136901855,2.6168828,log,2025-03-15,2025-04-12,4
51,2025-03-15,2025-03-22,1,446.5583801269531,6.103807,log,2025-03-15,2025-03-22,1
51,2025-03-15,2025-03-29,2,338.24517822265625,5.826723,log,2025-03-15,2025-03-29,2
51,2025-03-15,2025-04-05,3,417.7527160644531,6.0372806,log,2025-03-15,2025-04-05,3
51,2025-03-15,2025-04-12,4,378.5369567871094,5.938952,log,2025-03-15,2025-04-12,4
53,2025-03-15,2025-03-22,1,196.8002471923828,5.2872577,log,2025-03-15,2025-03-22,1
53,2025-03-15,2025-03-29,2,182.40670776367188,5.211706,log,2025-03-15,2025-03-29,2
53,2025-03-15,2025-04-05,3,222.39207458496094,5.4089284,log,2025-03-15,2025-04-05,3
53,2025-03-15,2025-04-12,4,221.61761474609375,5.4054556,log,2025-03-15,2025-04-12,4
54,2025-03-15,2025-03-22,1,284.6887512207031,5.654903,log,2025-03-15,2025-03-22,1
54,2025-03-15,2025-03-29,2,219.15869140625,5.3943486,log,2025-03-15,2025-03-29,2
54,2025-03-15,2025-04-05,3,189.26419067382812,5.2484136,log,2025-03-15,2025-04-05,3
54,2025-03-15,2025-04-12,4,194.21104431152344,5.274081,log,2025-03-15,2025-04-12,4
55,2025-03-15,2025-03-22,1,302.93505859375,5.716814,log,2025-03-15,2025-03-22,1
55,2025-03-15,2025-03-29,2,295.6055908203125,5.6924033,log,2025-03-15,2025-03-29,2
55,2025-03-15,2025-04-05,3,355.67034912109375,5.876812,log,2025-03-15,2025-04-05,3
55,2025-03-15,2025-04-12,4,299.1637268066406,5.704328,log,2025-03-15,2025-04-12,4
56,2025-03-15,2025-03-22,1,31.81420135498047,3.4908614,log,2025-03-15,2025-03-22,1
56,2025-03-15,2025-03-29,2,23.67316246032715,3.2057161,log,2025-03-15,2025-03-29,2
56,2025-03-15,2025-04-05,3,20.38852882385254,3.0628548,log,2025-03-15,2025-04-05,3
56,2025-03-15,2025-04-12,4,15.856250762939453,2.8247216,log,2025-03-15,2025-04-12,4
72,2025-03-15,2025-03-22,1,262.9371032714844,5.575711,log,2025-03-15,2025-03-22,1
72,2025-03-15,2025-03-29,2,231.9622039794922,5.450876,log,2025-03-15,2025-03-29,2
72,2025-03-15,2025-04-05,3,179.30368041992188,5.1946425,log,2025-03-15,2025-04-05,3
72,2025-03-15,2025-04-12,4,119.54080963134766,4.7919884,log,2025-03-15,2025-04-12,4
US,2025-03-15,2025-03-22,1,5654.4,7.0773945,log,2025-03-15,2025-03-22,1
US,2025-03-15,2025-03-29,2,1611.5039999999997,6.7746997,log,2025-03-15,2025-03-29,2
US,2025-03-15,2025-04-05,3,779.2363891601562,6.659597,log,2025-03-15,2025-04-05,3
US,2025-03-15,2025-04-12,4,598.256103515625,6.395689,log,2025-03-15,2025-04-12,4
01,2025-03-22,2025-03-29,1,192.82003784179688,5.26693,log,2025-03-22,2025-03-29,1
01,2025-03-22,2025-04-05,2,161.92288208007812,5.093277,log,2025-03-22,2025-04-05,2
01,2025-03-22,2025-04-12,3,159.15939331054688,5.0761695,log,2025-03-22,2025-04-12,3
01,2025-03-22,2025-04-19,4,148.7825927734375,5.009185,log,2025-03-22,2025-04-19,4
02,2025-03-22,2025-03-29,1,25.481714248657227,3.2764544,log,2025-03-22,2025-03-29,1
02,2025-03-22,2025-04-05,2,23.952392578125,3.2169697,log,2025-03-22,2025-04-05,2
02,2025-03-22,2025-04-12,3,22.05942726135254,3.1380746,log,2025-03-22,2025-04-12,3
02,2025-03-22,2025-04-19,4,16.669710159301758,2.871852,log,2025-03-22,2025-04-19,4
04,2025-03-22,2025-03-29,1,293.6095275878906,5.685651,log,2025-03-22,2025-03-29,1
04,2025-03-22,2025-04-05,2,279.78814697265625,5.6376004,log,2025-03-22,2025-04-05,2
04,2025-03-22,2025-04-12,3,299.57965087890625,5.705713,log,2025-03-22,2025-04-12,3
04,2025-03-22,2025-04-19,4,268.26922607421875,5.5957117,log,2025-03-22,2025-04-19,4
05,2025-03-22,2025-03-29,1,141.28245544433594,4.957814,log,2025-03-22,2025-03-29,1
05,2025-03-22,2025-04-05,2,133.63717651367188,4.9025836,log,2025-03-22,2025-04-05,2
05,2025-03-22,2025-04-12,3,97.35346221923828,4.5885677,log,2025-03-22,2025-04-12,3
05,2025-03-22,2025-04-19,4,118.06712341308594,4.7796874,log,2025-03-22,2025-04-19,4
06,2025-03-22,2025-03-29,1,626.1680908203125,6.4412146,log,2025-03-22,2025-03-29,1
06,2025-03-22,2025-04-05,2,506.8702697753906,6.230226,log,2025-03-22,2025-04-05,2
06,2025-03-22,2025-04-12,3,397.88922119140625,5.9886837,log,2025-03-22,2025-04-12,3
06,2025-03-22,2025-04-19,4,349.9520568847656,5.8606496,log,2025-03-22,2025-04-19,4
08,2025-03-22,2025-03-29,1,148.8024444580078,5.0093174,log,2025-03-22,2025-03-29,1
08,2025-03-22,2025-04-05,2,136.3975067138672,4.9228783,log,2025-03-22,2025-04-05,2
08,2025-03-22,2025-04-12,3,113.9845962524414,4.744798,log,2025-03-22,2025-04-12,3
08,2025-03-22,2025-04-19,4,127.56558227539062,4.856439,log,2025-03-22,2025-04-19,4
09,2025-03-22,2025-03-29,1,111.60262298583984,4.723865,log,2025-03-22,2025-03-29,1
09,2025-03-22,2025-04-05,2,103.70494842529297,4.6511464,log,2025-03-22,2025-04-05,2
09,2025-03-22,2025-04-12,3,76.75310516357422,4.3535385,log,2025-03-22,2025-04-12,3
09,2025-03-22,2025-04-19,4,90.93851470947266,4.52112,log,2025-03-22,2025-04-19,4
10,2025-03-22,2025-03-29,1,33.8874397277832,3.552127,log,2025-03-22,2025-03-29,1
10,2025-03-22,2025-04-05,2,27.27456283569336,3.3419626,log,2025-03-22,2025-04-05,2
10,2025-03-22,2025-04-12,3,20.22509765625,3.0551844,log,2025-03-22,2025-04-12,3
10,2025-03-22,2025-04-19,4,16.149831771850586,2.8419883,log,2025-03-22,2025-04-19,4
11,2025-03-22,2025-03-29,1,58.72708511352539,4.0897856,log,2025-03-22,2025-03-29,1
11,2025-03-22,2025-04-05,2,46.75754165649414,3.866137,log,2025-03-22,2025-04-05,2
11,2025-03-22,2025-04-12,3,37.83456802368164,3.6593108,log,2025-03-22,2025-04-12,3
11,2025-03-22,2025-04-19,4,28.926570892333984,3.3987467,log,2025-03-22,2025-04-19,4
12,2025-03-22,2025-03-29,1,784.7535400390625,6.666643,log,2025-03-22,2025-03-29,1
12,2025-03-22,2025-04-05,2,659.5645751953125,6.493095,log,2025-03-22,2025-04-05,2
12,2025-03-22,2025-04-12,3,523.2032470703125,6.2618794,log,2025-03-22,2025-04-12,3
12,2025-03-22,2025-04-19,4,465.0412902832031,6.144274,log,2025-03-22,2025-04-19,4
13,2025-03-22,2025-03-29,1,192.51731872558594,5.265367,log,2025-03-22,2025-03-29,1
13,2025-03-22,2025-04-05,2,192.8818817138672,5.267249,log,2025-03-22,2025-04-05,2
13,2025-03-22,2025-04-12,3,188.5554962158203,5.244682,log,2025-03-22,2025-04-12,3
13,2025-03-22,2025-04-19,4,188.0673065185547,5.242103,log,2025-03-22,2025-04-19,4
15,2025-03-22,2025-03-29,1,38.31170654296875,3.6715224,log,2025-03-22,2025-03-29,1
15,2025-03-22,2025-04-05,2,32.13028335571289,3.5004478,log,2025-03-22,2025-04-05,2
15,2025-03-22,2025-04-12,3,27.39164924621582,3.346095,log,2025-03-22,2025-04-12,3
15,2025-03-22,2025-04-19,4,21.447154998779297,3.1111639,log,2025-03-22,2025-04-19,4
16,2025-03-22,2025-03-29,1,74.10640716552734,4.318906,log,2025-03-22,2025-03-29,1
16,2025-03-22,2025-04-05,2,65.17231750488281,4.192262,log,2025-03-22,2025-04-05,2
16,2025-03-22,2025-04-12,3,73.54143524169922,4.311355,log,2025-03-22,2025-04-12,3
16,2025-03-22,2025-04-19,4,66.42129516601562,4.210961,log,2025-03-22,2025-04-19,4
17,2025-03-22,2025-03-29,1,544.94482421875,6.302518,log,2025-03-22,2025-03-29,1
17,2025-03-22,2025-04-05,2,508.22021484375,6.2328806,log,2025-03-22,2025-04-05,2
17,2025-03-22,2025-04-12,3,316.009765625,5.7589326,log,2025-03-22,2025-04-12,3
17,2025-03-22,2025-04-19,4,311.443115234375,5.7444224,log,2025-03-22,2025-04-19,4
18,2025-03-22,2025-03-29,1,360.1528625488281,5.8893013,log,2025-03-22,2025-03-29,1
18,2025-03-22,2025-04-05,2,328.37811279296875,5.7972064,log,2025-03-22,2025-04-05,2
18,2025-03-22,2025-04-12,3,295.5972595214844,5.692375,log,2025-03-22,2025-04-12,3
18,2025-03-22,2025-04-19,4,289.557373046875,5.671801,log,2025-03-22,2025-04-19,4
19,2025-03-22,2025-03-29,1,81.39543151855469,4.41153,log,2025-03-22,2025-03-29,1
19,2025-03-22,2025-04-05,2,75.9148941040039,4.3426995,log,2025-03-22,2025-04-05,2
19,2025-03-22,2025-04-12,3,63.11595153808594,4.160693,log,2025-03-22,2025-04-12,3
19,2025-03-22,2025-04-19,4,72.70662689208984,4.3000927,log,2025-03-22,2025-04-19,4
20,2025-03-22,2025-03-29,1,108.7263412475586,4.6979895,log,2025-03-22,2025-03-29,1
20,2025-03-22,2025-04-05,2,89.2149658203125,4.5021954,log,2025-03-22,2025-04-05,2
20,2025-03-22,2025-04-12,3,65.13209533691406,4.191654,log,2025-03-22,2025-04-12,3
20,2025-03-22,2025-04-19,4,69.90707397460938,4.26137,log,2025-03-22,2025-04-19,4
21,2025-03-22,2025-03-29,1,346.1722717285156,5.849821,log,2025-03-22,2025-03-29,1
21,2025-03-22,2025-04-05,2,222.90182495117188,5.4112077,log,2025-03-22,2025-04-05,2
21,2025-03-22,2025-04-12,3,237.21363830566406,5.473168,log,2025-03-22,2025-04-12,3
21,2025-03-22,2025-04-19,4,190.73989868164062,5.2561398,log,2025-03-22,2025-04-19,4
22,2025-03-22,2025-03-29,1,204.56265258789062,5.325751,log,2025-03-22,2025-03-29,1
22,2025-03-22,2025-04-05,2,203.20632934570312,5.319131,log,2025-03-22,2025-04-05,2
22,2025-03-22,2025-04-12,3,197.22230529785156,5.289389,log,2025-03-22,2025-04-12,3
22,2025-03-22,2025-04-19,4,136.10110473632812,4.9207187,log,2025-03-22,2025-04-19,4
23,2025-03-22,2025-03-29,1,71.05533599853516,4.2774343,log,2025-03-22,2025-03-29,1
23,2025-03-22,2025-04-05,2,62.65353012084961,4.153455,log,2025-03-22,2025-04-05,2
23,2025-03-22,2025-04-12,3,40.04124069213867,3.7145774,log,2025-03-22,2025-04-12,3
23,2025-03-22,2025-04-19,4,42.18008804321289,3.7653794,log,2025-03-22,2025-04-19,4
24,2025-03-22,2025-03-29,1,168.01148986816406,5.1299667,log,2025-03-22,2025-03-29,1
24,2025-03-22,2025-04-05,2,152.7190704345703,5.0351267,log,2025-03-22,2025-04-05,2
24,2025-03-22,2025-04-12,3,142.6797637939453,4.967587,log,2025-03-22,2025-04-12,3
24,2025-03-22,2025-04-19,4,138.90200805664062,4.9409423,log,2025-03-22,2025-04-19,4
25,2025-03-22,2025-03-29,1,255.24462890625,5.5461326,log,2025-03-22,2025-03-29,1
25,2025-03-22,2025-04-05,2,256.26629638671875,5.550112,log,2025-03-22,2025-04-05,2
25,2025-03-22,2025-04-12,3,200.75315856933594,5.307045,log,2025-03-22,2025-04-12,3
25,2025-03-22,2025-04-19,4,223.07420349121094,5.4119773,log,2025-03-22,2025-04-19,4
26,2025-03-22,2025-03-29,1,757.873046875,6.6318345,log,2025-03-22,2025-03-29,1
26,2025-03-22,2025-04-05,2,741.4271850585938,6.609925,log,2025-03-22,2025-04-05,2
26,2025-03-22,2025-04-12,3,505.7473449707031,6.2280126,log,2025-03-22,2025-04-12,3
26,2025-03-22,2025-04-19,4,425.6274108886719,6.055911,log,2025-03-22,2025-04-19,4
27,2025-03-22,2025-03-29,1,193.10610961914062,5.268405,log,2025-03-22,2025-03-29,1
27,2025-03-22,2025-04-05,2,157.58389282226562,5.0662837,log,2025-03-22,2025-04-05,2
27,2025-03-22,2025-04-12,3,163.64697265625,5.1038036,log,2025-03-22,2025-04-12,3
27,2025-03-22,2025-04-19,4,193.68406677246094,5.271378,log,2025-03-22,2025-04-19,4
28,2025-03-22,2025-03-29,1,86.54865264892578,4.4721947,log,2025-03-22,2025-03-29,1
28,2025-03-22,2025-04-05,2,91.67581939697266,4.5291076,log,2025-03-22,2025-04-05,2
28,2025-03-22,2025-04-12,3,74.008056640625,4.3175955,log,2025-03-22,2025-04-12,3
28,2025-03-22,2025-04-19,4,69.9762191772461,4.262345,log,2025-03-22,2025-04-19,4
29,2025-03-22,2025-03-29,1,331.580810546875,5.806883,log,2025-03-22,2025-03-29,1
29,2025-03-22,2025-04-05,2,292.61016845703125,5.682253,log,2025-03-22,2025-04-05,2
29,2025-03-22,2025-04-12,3,259.6378173828125,5.563132,log,2025-03-22,2025-04-12,3
29,2025-03-22,2025-04-19,4,266.64337158203125,5.5896554,log,2025-03-22,2025-04-19,4
30,2025-03-22,2025-03-29,1,79.48574829101562,4.38808,log,2025-03-22,2025-03-29,1
30,2025-03-22,2025-04-05,2,60.75713348388672,4.1232095,log,2025-03-22,2025-04-05,2
30,2025-03-22,2025-04-12,3,46.58275604248047,3.8624704,log,2025-03-22,2025-04-12,3
30,2025-03-22,2025-04-19,4,40.6878662109375,3.73021,log,2025-03-22,2025-04-19,4
31,2025-03-22,2025-03-29,1,46.60320281982422,3.8629,log,2025-03-22,2025-03-29,1
31,2025-03-22,2025-04-05,2,39.79337692260742,3.7085197,log,2025-03-22,2025-04-05,2
31,2025-03-22,2025-04-12,3,29.925025939941406,3.4315658,log,2025-03-22,2025-04-12,3
31,2025-03-22,2025-04-19,4,30.984058380126953,3.4652376,log,2025-03-22,2025-04-19,4
32,2025-03-22,2025-03-29,1,75.6915283203125,4.3397913,log,2025-03-22,2025-03-29,1
32,2025-03-22,2025-04-05,2,67.23340606689453,4.2229342,log,2025-03-22,2025-04-05,2
32,2025-03-22,2025-04-12,3,72.35736846923828,4.295343,log,2025-03-22,2025-04-12,3
32,2025-03-22,2025-04-19,4,62.581756591796875,4.1523266,log,2025-03-22,2025-04-19,4
33,2025-03-22,2025-03-29,1,44.275146484375,3.8127582,log,2025-03-22,2025-03-29,1
33,2025-03-22,2025-04-05,2,37.04894256591797,3.6388733,log,2025-03-22,2025-04-05,2
33,2025-03-22,2025-04-12,3,24.355297088623047,3.2329876,log,2025-03-22,2025-04-12,3
33,2025-03-22,2025-04-19,4,20.708154678344727,3.077688,log,2025-03-22,2025-04-19,4
34,2025-03-22,2025-03-29,1,324.6031494140625,5.7856793,log,2025-03-22,2025-03-29,1
34,2025-03-22,2025-04-05,2,266.1072692871094,5.5876503,log,2025-03-22,2025-04-05,2
34,2025-03-22,2025-04-12,3,250.63853454589844,5.5279937,log,2025-03-22,2025-04-12,3
34,2025-03-22,2025-04-19,4,254.37612915039062,5.5427375,log,2025-03-22,2025-04-19,4
35,2025-03-22,2025-03-29,1,104.10317993164062,4.6549425,log,2025-03-22,2025-03-29,1
35,2025-03-22,2025-04-05,2,98.39867401123047,4.5991387,log,2025-03-22,2025-04-05,2
35,2025-03-22,2025-04-12,3,80.43251037597656,4.3997746,log,2025-03-22,2025-04-12,3
35,2025-03-22,2025-04-19,4,77.42719268798828,4.3621707,log,2025-03-22,2025-04-19,4
36,2025-03-22,2025-03-29,1,754.01171875,6.6267333,log,2025-03-22,2025-03-29,1
36,2025-03-22,2025-04-05,2,628.7116088867188,6.445262,log,2025-03-22,2025-04-05,2
36,2025-03-22,2025-04-12,3,489.15850830078125,6.194729,log,2025-03-22,2025-04-12,3
36,2025-03-22,2025-04-19,4,404.4147033691406,6.0049105,log,2025-03-22,2025-04-19,4
37,2025-03-22,2025-03-29,1,396.7173767089844,5.9857416,log,2025-03-22,2025-03-29,1
37,2025-03-22,2025-04-05,2,333.8572998046875,5.8137045,log,2025-03-22,2025-04-05,2
37,2025-03-22,2025-04-12,3,282.46697998046875,5.6470957,log,2025-03-22,2025-04-12,3
37,2025-03-22,2025-04-19,4,250.61766052246094,5.5279107,log,2025-03-22,2025-04-19,4
38,2025-03-22,2025-03-29,1,22.872310638427734,3.1727192,log,2025-03-22,2025-03-29,1
38,2025-03-22,2025-04-05,2,21.02874755859375,3.0923483,log,2025-03-22,2025-04-05,2
38,2025-03-22,2025-04-12,3,18.578134536743164,2.9744134,log,2025-03-22,2025-04-12,3
38,2025-03-22,2025-04-19,4,16.474227905273438,2.860727,log,2025-03-22,2025-04-19,4
39,2025-03-22,2025-03-29,1,743.2242431640625,6.6123424,log,2025-03-22,2025-03-29,1
39,2025-03-22,2025-04-05,2,675.653564453125,6.5171595,log,2025-03-22,2025-04-05,2
39,2025-03-22,2025-04-12,3,458.9870910644531,6.1311984,log,2025-03-22,2025-04-12,3
39,2025-03-22,2025-04-19,4,371.8895568847656,5.9212823,log,2025-03-22,2025-04-19,4
40,2025-03-22,2025-03-29,1,88.10000610351562,4.4897594,log,2025-03-22,2025-03-29,1
40,2025-03-22,2025-04-05,2,76.41633605957031,4.349198,log,2025-03-22,2025-04-05,2
40,2025-03-22,2025-04-12,3,61.489009857177734,4.1349907,log,2025-03-22,2025-04-12,3
40,2025-03-22,2025-04-19,4,75.26399230957031,4.334201,log,2025-03-22,2025-04-19,4
41,2025-03-22,2025-03-29,1,100.78903198242188,4.6229024,log,2025-03-22,2025-03-29,1
41,2025-03-22,2025-04-05,2,91.54413604736328,4.5276856,log,2025-03-22,2025-04-05,2
41,2025-03-22,2025-04-12,3,84.89678955078125,4.4531465,log,2025-03-22,2025-04-12,3
41,2025-03-22,2025-04-19,4,89.7166976928711,4.5077415,log,2025-03-22,2025-04-19,4
42,2025-03-22,2025-03-29,1,1130.037841796875,7.030891,log,2025-03-22,2025-03-29,1
42,2025-03-22,2025-04-05,2,959.511962890625,6.8674664,log,2025-03-22,2025-04-05,2
42,2025-03-22,2025-04-12,3,527.0257568359375,6.269145,log,2025-03-22,2025-04-12,3
42,2025-03-22,2025-04-19,4,468.1434020996094,6.1509085,log,2025-03-22,2025-04-19,4
44,2025-03-22,2025-03-29,1,30.230182647705078,3.441385,log,2025-03-22,2025-03-29,1
44,2025-03-22,2025-04-05,2,24.252466201782227,3.2289238,log,2025-03-22,2025-04-05,2
44,2025-03-22,2025-04-12,3,18.402647018432617,2.9654095,log,2025-03-22,2025-04-12,3
44,2025-03-22,2025-04-19,4,14.67014217376709,2.7517571,log,2025-03-22,2025-04-19,4
45,2025-03-22,2025-03-29,1,167.00518798828125,5.123995,log,2025-03-22,2025-03-29,1
45,2025-03-22,2025-04-05,2,152.66864013671875,5.0347986,log,2025-03-22,2025-04-05,2
45,2025-03-22,2025-04-12,3,120.97345733642578,4.8038034,log,2025-03-22,2025-04-12,3
45,2025-03-22,2025-04-19,4,114.26176452636719,4.7472057,log,2025-03-22,2025-04-19,4
46,2025-03-22,2025-03-29,1,17.02712631225586,2.8918777,log,2025-03-22,2025-03-29,1
46,2025-03-22,2025-04-05,2,12.83406925201416,2.6271343,log,2025-03-22,2025-04-05,2
46,2025-03-22,2025-04-12,3,10.955413818359375,2.4811842,log,2025-03-22,2025-04-12,3
46,2025-03-22,2025-04-19,4,11.320964813232422,2.5113022,log,2025-03-22,2025-04-19,4
47,2025-03-22,2025-03-29,1,281.2450256347656,5.6427755,log,2025-03-22,2025-03-29,1
47,2025-03-22,2025-04-05,2,244.9746551513672,5.5052285,log,2025-03-22,2025-04-05,2
47,2025-03-22,2025-04-12,3,279.5833740234375,5.636871,log,2025-03-22,2025-04-12,3
47,2025-03-22,2025-04-19,4,269.79840087890625,5.6013746,log,2025-03-22,2025-04-19,4
48,2025-03-22,2025-03-29,1,553.7064208984375,6.318439,log,2025-03-22,2025-03-29,1
48,2025-03-22,2025-04-05,2,601.0864868164062,6.400401,log,2025-03-22,2025-04-05,2
48,2025-03-22,2025-04-12,3,412.9005432128906,6.0256257,log,2025-03-22,2025-04-12,3
48,2025-03-22,2025-04-19,4,403.072021484375,6.001593,log,2025-03-22,2025-04-19,4
49,2025-03-22,2025-03-29,1,72.32763671875,4.2949376,log,2025-03-22,2025-03-29,1
49,2025-03-22,2025-04-05,2,57.960350036621094,4.076865,log,2025-03-22,2025-04-05,2
49,2025-03-22,2025-04-12,3,64.07742309570312,4.1755776,log,2025-03-22,2025-04-12,3
49,2025-03-22,2025-04-19,4,46.34629821777344,3.8574886,log,2025-03-22,2025-04-19,4
50,2025-03-22,2025-03-29,1,28.293107986450195,3.3773522,log,2025-03-22,2025-03-29,1
50,2025-03-22,2025-04-05,2,21.47601318359375,3.1124487,log,2025-03-22,2025-04-05,2
50,2025-03-22,2025-04-12,3,21.31806182861328,3.1053963,log,2025-03-22,2025-04-12,3
50,2025-03-22,2025-04-19,4,14.874420166015625,2.764709,log,2025-03-22,2025-04-19,4
51,2025-03-22,2025-03-29,1,282.9638977050781,5.648847,log,2025-03-22,2025-03-29,1
51,2025-03-22,2025-04-05,2,247.47357177734375,5.5153365,log,2025-03-22,2025-04-05,2
51,2025-03-22,2025-04-12,3,249.77931213378906,5.5245733,log,2025-03-22,2025-04-12,3
51,2025-03-22,2025-04-19,4,267.22943115234375,5.5918427,log,2025-03-22,2025-04-19,4
53,2025-03-22,2025-03-29,1,131.72747802734375,4.888298,log,2025-03-22,2025-03-29,1
53,2025-03-22,2025-04-05,2,117.0736312866211,4.7713084,log,2025-03-22,2025-04-05,2
53,2025-03-22,2025-04-12,3,123.79067993164062,4.8266377,log,2025-03-22,2025-04-12,3
53,2025-03-22,2025-04-19,4,125.1777114868164,4.8376913,log,2025-03-22,2025-04-19,4
54,2025-03-22,2025-03-29,1,264.2008056640625,5.5804873,log,2025-03-22,2025-03-29,1
54,2025-03-22,2025-04-05,2,206.51956176757812,5.3352256,log,2025-03-22,2025-04-05,2
54,2025-03-22,2025-04-12,3,187.3568878173828,5.2383385,log,2025-03-22,2025-04-12,3
54,2025-03-22,2025-04-19,4,198.71925354003906,5.2969127,log,2025-03-22,2025-04-19,4
55,2025-03-22,2025-03-29,1,145.25714111328125,4.9853663,log,2025-03-22,2025-03-29,1
55,2025-03-22,2025-04-05,2,124.96363830566406,4.8359933,log,2025-03-22,2025-04-05,2
55,2025-03-22,2025-04-12,3,104.06124114990234,4.6545434,log,2025-03-22,2025-04-12,3
55,2025-03-22,2025-04-19,4,151.0188446044922,5.0240045,log,2025-03-22,2025-04-19,4
56,2025-03-22,2025-03-29,1,25.259937286376953,3.2680445,log,2025-03-22,2025-03-29,1
56,2025-03-22,2025-04-05,2,21.211851119995117,3.100626,log,2025-03-22,2025-04-05,2
56,2025-03-22,2025-04-12,3,16.984737396240234,2.8895235,log,2025-03-22,2025-04-12,3
56,2025-03-22,2025-04-19,4,14.140667915344238,2.7173843,log,2025-03-22,2025-04-19,4
72,2025-03-22,2025-03-29,1,223.4907684326172,5.4138346,log,2025-03-22,2025-03-29,1
72,2025-03-22,2025-04-05,2,191.06007385253906,5.257808,log,2025-03-22,2025-04-05,2
72,2025-03-22,2025-04-12,3,184.02207946777344,5.220475,log,2025-03-22,2025-04-12,3
72,2025-03-22,2025-04-19,4,143.8389892578125,4.9756227,log,2025-03-22,2025-04-19,4
US,2025-03-22,2025-03-29,1,4209.9,7.07233,log,2025-03-22,2025-03-29,1
US,2025-03-22,2025-04-05,2,1199.8214999999998,6.8934464,log,2025-03-22,2025-04-05,2
US,2025-03-22,2025-04-12,3,596.0308227539062,6.3919687,log,2025-03-22,2025-04-12,3
US,2025-03-22,2025-04-19,4,534.5377197265625,6.2832713,log,2025-03-22,2025-04-19,4
01,2025-03-29,2025-04-05,1,141.69862365722656,4.960735,log,2025-03-29,2025-04-05,1
01,2025-03-29,2025-04-12,2,140.40008544921875,4.9515934,log,2025-03-29,2025-04-12,2
01,2025-03-29,2025-04-19,3,113.78743743896484,4.743082,log,2025-03-29,2025-04-19,3
01,2025-03-29,2025-04-26,4,117.76744079589844,4.7771673,log,2025-03-29,2025-04-26,4
02,2025-03-29,2025-04-05,1,26.379697799682617,3.3098018,log,2025-03-29,2025-04-05,1
02,2025-03-29,2025-04-12,2,24.73427963256836,3.247824,log,2025-03-29,2025-04-12,2
02,2025-03-29,2025-04-19,3,20.188032150268555,3.0534365,log,2025-03-29,2025-04-19,3
02,2025-03-29,2025-04-26,4,18.187602996826172,2.9542644,log,2025-03-29,2025-04-26,4
04,2025-03-29,2025-04-05,1,185.5699920654297,5.2288065,log,2025-03-29,2025-04-05,1
04,2025-03-29,2025-04-12,2,178.4566650390625,5.189934,log,2025-03-29,2025-04-12,2
04,2025-03-29,2025-04-19,3,139.4684600830078,4.944983,log,2025-03-29,2025-04-19,3
04,2025-03-29,2025-04-26,4,130.8495330810547,4.8816614,log,2025-03-29,2025-04-26,4
05,2025-03-29,2025-04-05,1,87.8066177368164,4.486461,log,2025-03-29,2025-04-05,1
05,2025-03-29,2025-04-12,2,88.27437591552734,4.4917145,log,2025-03-29,2025-04-12,2
05,2025-03-29,2025-04-19,3,75.32022857666016,4.334938,log,2025-03-29,2025-04-19,3
05,2025-03-29,2025-04-26,4,60.525428771972656,4.1194506,log,2025-03-29,2025-04-26,4
06,2025-03-29,2025-04-05,1,476.9745788574219,6.1695576,log,2025-03-29,2025-04-05,1
06,2025-03-29,2025-04-12,2,422.52581787109375,6.0486145,log,2025-03-29,2025-04-12,2
06,2025-03-29,2025-04-19,3,324.88134765625,5.7865334,log,2025-03-29,2025-04-19,3
06,2025-03-29,2025-04-26,4,275.58099365234375,5.6225038,log,2025-03-29,2025-04-26,4
08,2025-03-29,2025-04-05,1,90.47010803222656,4.516012,log,2025-03-29,2025-04-05,1
08,2025-03-29,2025-04-12,2,98.12769317626953,4.596409,log,2025-03-29,2025-04-12,2
08,2025-03-29,2025-04-19,3,76.31617736816406,4.3479033,log,2025-03-29,2025-04-19,3
08,2025-03-29,2025-04-26,4,67.21662139892578,4.222688,log,2025-03-29,2025-04-26,4
09,2025-03-29,2025-04-05,1,68.42488098144531,4.2402453,log,2025-03-29,2025-04-05,1
09,2025-03-29,2025-04-12,2,49.87641525268555,3.9293995,log,2025-03-29,2025-04-12,2
09,2025-03-29,2025-04-19,3,52.968868255615234,3.9884074,log,2025-03-29,2025-04-19,3
09,2025-03-29,2025-04-26,4,54.83305358886719,4.022366,log,2025-03-29,2025-04-26,4
10,2025-03-29,2025-04-05,1,21.614343643188477,3.1185844,log,2025-03-29,2025-04-05,1
10,2025-03-29,2025-04-12,2,14.296731948852539,2.7276392,log,2025-03-29,2025-04-12,2
10,2025-03-29,2025-04-19,3,14.097188949584961,2.7145085,log,2025-03-29,2025-04-19,3
10,2025-03-29,2025-04-26,4,11.403550148010254,2.5179827,log,2025-03-29,2025-04-26,4
11,2025-03-29,2025-04-05,1,50.775611877441406,3.9469192,log,2025-03-29,2025-04-05,1
11,2025-03-29,2025-04-12,2,42.87074279785156,3.7812476,log,2025-03-29,2025-04-12,2
11,2025-03-29,2025-04-19,3,37.724239349365234,3.6564658,log,2025-03-29,2025-04-19,3
11,2025-03-29,2025-04-26,4,28.016735076904297,3.3678727,log,2025-03-29,2025-04-26,4
12,2025-03-29,2025-04-05,1,566.934814453125,6.3420067,log,2025-03-29,2025-04-05,1
12,2025-03-29,2025-04-12,2,542.6716918945312,6.2983456,log,2025-03-29,2025-04-12,2
12,2025-03-29,2025-04-19,3,378.4799499511719,5.938802,log,2025-03-29,2025-04-19,3
12,2025-03-29,2025-04-26,4,366.5796203613281,5.90694,log,2025-03-29,2025-04-26,4
13,2025-03-29,2025-04-05,1,161.44642639160156,5.0903482,log,2025-03-29,2025-04-05,1
13,2025-03-29,2025-04-12,2,135.8657684326172,4.9190006,log,2025-03-29,2025-04-12,2
13,2025-03-29,2025-04-19,3,115.06804656982422,4.7541766,log,2025-03-29,2025-04-19,3
13,2025-03-29,2025-04-26,4,124.4662094116211,4.8320365,log,2025-03-29,2025-04-26,4
15,2025-03-29,2025-04-05,1,24.946426391601562,3.256034,log,2025-03-29,2025-04-05,1
15,2025-03-29,2025-04-12,2,23.25908660888672,3.1887913,log,2025-03-29,2025-04-12,2
15,2025-03-29,2025-04-19,3,19.50444793701172,3.0206418,log,2025-03-29,2025-04-19,3
15,2025-03-29,2025-04-26,4,14.269261360168457,2.7258418,log,2025-03-29,2025-04-26,4
16,2025-03-29,2025-04-05,1,41.25398254394531,3.7436986,log,2025-03-29,2025-04-05,1
16,2025-03-29,2025-04-12,2,38.76408386230469,3.682964,log,2025-03-29,2025-04-12,2
16,2025-03-29,2025-04-19,3,30.699623107910156,3.4563048,log,2025-03-29,2025-04-19,3
16,2025-03-29,2025-04-26,4,24.472139358520508,3.2375853,log,2025-03-29,2025-04-26,4
17,2025-03-29,2025-04-05,1,247.98748779296875,5.5174026,log,2025-03-29,2025-04-05,1
17,2025-03-29,2025-04-12,2,285.6578674316406,5.6582894,log,2025-03-29,2025-04-12,2
17,2025-03-29,2025-04-19,3,189.6881561279297,5.2506394,log,2025-03-29,2025-04-19,3
17,2025-03-29,2025-04-26,4,163.77130126953125,5.1045585,log,2025-03-29,2025-04-26,4
18,2025-03-29,2025-04-05,1,177.37905883789062,5.183911,log,2025-03-29,2025-04-05,1
18,2025-03-29,2025-04-12,2,146.1174774169922,4.9912314,log,2025-03-29,2025-04-12,2
18,2025-03-29,2025-04-19,3,115.10557556152344,4.7545,log,2025-03-29,2025-04-19,3
18,2025-03-29,2025-04-26,4,101.00399017333984,4.625012,log,2025-03-29,2025-04-26,4
19,2025-03-29,2025-04-05,1,50.33164978027344,3.9383075,log,2025-03-29,2025-04-05,1
19,2025-03-29,2025-04-12,2,37.13620376586914,3.641164,log,2025-03-29,2025-04-12,2
19,2025-03-29,2025-04-19,3,27.90415382385254,3.3639853,log,2025-03-29,2025-04-19,3
19,2025-03-29,2025-04-26,4,29.327199935913086,3.412045,log,2025-03-29,2025-04-26,4
20,2025-03-29,2025-04-05,1,68.29467010498047,4.238368,log,2025-03-29,2025-04-05,1
20,2025-03-29,2025-04-12,2,53.232643127441406,3.993283,log,2025-03-29,2025-04-12,2
20,2025-03-29,2025-04-19,3,41.567283630371094,3.751086,log,2025-03-29,2025-04-19,3
20,2025-03-29,2025-04-26,4,35.923988342285156,3.6088614,log,2025-03-29,2025-04-26,4
21,2025-03-29,2025-04-05,1,204.72483825683594,5.3265395,log,2025-03-29,2025-04-05,1
21,2025-03-29,2025-04-12,2,165.18402099609375,5.1130958,log,2025-03-29,2025-04-12,2
21,2025-03-29,2025-04-19,3,132.24517822265625,4.892191,log,2025-03-29,2025-04-19,3
21,2025-03-29,2025-04-26,4,105.15591430664062,4.664909,log,2025-03-29,2025-04-26,4
22,2025-03-29,2025-04-05,1,142.89801025390625,4.969105,log,2025-03-29,2025-04-05,1
22,2025-03-29,2025-04-12,2,130.26856994628906,4.8772454,log,2025-03-29,2025-04-12,2
22,2025-03-29,2025-04-19,3,114.25473022460938,4.7471447,log,2025-03-29,2025-04-19,3
22,2025-03-29,2025-04-26,4,95.60477447509766,4.570628,log,2025-03-29,2025-04-26,4
23,2025-03-29,2025-04-05,1,44.756103515625,3.8233252,log,2025-03-29,2025-04-05,1
23,2025-03-29,2025-04-12,2,35.74454879760742,3.6039898,log,2025-03-29,2025-04-12,2
23,2025-03-29,2025-04-19,3,25.082897186279297,3.2612798,log,2025-03-29,2025-04-19,3
23,2025-03-29,2025-04-26,4,17.776824951171875,2.9326234,log,2025-03-29,2025-04-26,4
24,2025-03-29,2025-04-05,1,96.36886596679688,4.5785065,log,2025-03-29,2025-04-05,1
24,2025-03-29,2025-04-12,2,76.60261535644531,4.351601,log,2025-03-29,2025-04-12,2
24,2025-03-29,2025-04-19,3,70.39743041992188,4.268262,log,2025-03-29,2025-04-19,3
24,2025-03-29,2025-04-26,4,70.19491577148438,4.2654214,log,2025-03-29,2025-04-26,4
25,2025-03-29,2025-04-05,1,167.83815002441406,5.1289406,log,2025-03-29,2025-04-05,1
25,2025-03-29,2025-04-12,2,160.81626892089844,5.0864615,log,2025-03-29,2025-04-12,2
25,2025-03-29,2025-04-19,3,124.39067077636719,4.8314342,log,2025-03-29,2025-04-19,3
25,2025-03-29,2025-04-26,4,105.18836212158203,4.6652145,log,2025-03-29,2025-04-26,4
26,2025-03-29,2025-04-05,1,458.0052795410156,6.1290617,log,2025-03-29,2025-04-05,1
26,2025-03-29,2025-04-12,2,402.1705322265625,5.9993596,log,2025-03-29,2025-04-12,2
26,2025-03-29,2025-04-19,3,227.46676635742188,5.431391,log,2025-03-29,2025-04-19,3
26,2025-03-29,2025-04-26,4,201.09873962402344,5.3087564,log,2025-03-29,2025-04-26,4
27,2025-03-29,2025-04-05,1,84.8157730102539,4.452203,log,2025-03-29,2025-04-05,1
27,2025-03-29,2025-04-12,2,91.30663299560547,4.525116,log,2025-03-29,2025-04-12,2
27,2025-03-29,2025-04-19,3,69.53612518310547,4.256125,log,2025-03-29,2025-04-19,3
27,2025-03-29,2025-04-26,4,74.01778411865234,4.317725,log,2025-03-29,2025-04-26,4
28,2025-03-29,2025-04-05,1,56.12066650390625,4.045166,log,2025-03-29,2025-04-05,1
28,2025-03-29,2025-04-12,2,35.68741989135742,3.602434,log,2025-03-29,2025-04-12,2
28,2025-03-29,2025-04-19,3,29.915552139282227,3.4312594,log,2025-03-29,2025-04-19,3
28,2025-03-29,2025-04-26,4,33.477699279785156,3.5403128,log,2025-03-29,2025-04-26,4
29,2025-03-29,2025-04-05,1,150.3733367919922,5.019749,log,2025-03-29,2025-04-05,1
29,2025-03-29,2025-04-12,2,142.29360961914062,4.9648957,log,2025-03-29,2025-04-12,2
29,2025-03-29,2025-04-19,3,89.93792724609375,4.510177,log,2025-03-29,2025-04-19,3
29,2025-03-29,2025-04-26,4,98.34147644042969,4.598563,log,2025-03-29,2025-04-26,4
30,2025-03-29,2025-04-05,1,50.33515167236328,3.9383757,log,2025-03-29,2025-04-05,1
30,2025-03-29,2025-04-12,2,35.68487548828125,3.6023645,log,2025-03-29,2025-04-12,2
30,2025-03-29,2025-04-19,3,26.28787612915039,3.3064425,log,2025-03-29,2025-04-19,3
30,2025-03-29,2025-04-26,4,18.595792770385742,2.9753149,log,2025-03-29,2025-04-26,4
31,2025-03-29,2025-04-05,1,28.971532821655273,3.400248,log,2025-03-29,2025-04-05,1
31,2025-03-29,2025-04-12,2,19.7462215423584,3.0323641,log,2025-03-29,2025-04-12,2
31,2025-03-29,2025-04-19,3,18.025283813476562,2.9457688,log,2025-03-29,2025-04-19,3
31,2025-03-29,2025-04-26,4,21.9945125579834,3.1352556,log,2025-03-29,2025-04-26,4
32,2025-03-29,2025-04-05,1,61.68391799926758,4.138105,log,2025-03-29,2025-04-05,1
32,2025-03-29,2025-04-12,2,62.595401763916016,4.152541,log,2025-03-29,2025-04-12,2
32,2025-03-29,2025-04-19,3,53.1377067565918,3.991531,log,2025-03-29,2025-04-19,3
32,2025-03-29,2025-04-26,4,38.210548400878906,3.6689458,log,2025-03-29,2025-04-26,4
33,2025-03-29,2025-04-05,1,22.67428970336914,3.1643896,log,2025-03-29,2025-04-05,1
33,2025-03-29,2025-04-12,2,14.09243392944336,2.7141936,log,2025-03-29,2025-04-12,2
33,2025-03-29,2025-04-19,3,13.170639038085938,2.6511722,log,2025-03-29,2025-04-19,3
33,2025-03-29,2025-04-26,4,11.978318214416504,2.56328,log,2025-03-29,2025-04-26,4
34,2025-03-29,2025-04-05,1,204.75181579589844,5.3266706,log,2025-03-29,2025-04-05,1
34,2025-03-29,2025-04-12,2,246.57923889160156,5.5117307,log,2025-03-29,2025-04-12,2
34,2025-03-29,2025-04-19,3,152.5709228515625,5.0341625,log,2025-03-29,2025-04-19,3
34,2025-03-29,2025-04-26,4,148.6610107421875,5.008373,log,2025-03-29,2025-04-26,4
35,2025-03-29,2025-04-05,1,79.12247467041016,4.3835564,log,2025-03-29,2025-04-05,1
35,2025-03-29,2025-04-12,2,67.90629577636719,4.2327476,log,2025-03-29,2025-04-12,2
35,2025-03-29,2025-04-19,3,61.871337890625,4.1410904,log,2025-03-29,2025-04-19,3
35,2025-03-29,2025-04-26,4,47.94302749633789,3.890657,log,2025-03-29,2025-04-26,4
36,2025-03-29,2025-04-05,1,444.185791015625,6.0984917,log,2025-03-29,2025-04-05,1
36,2025-03-29,2025-04-12,2,436.39544677734375,6.0808377,log,2025-03-29,2025-04-12,2
36,2025-03-29,2025-04-19,3,355.1622009277344,5.875386,log,2025-03-29,2025-04-19,3
36,2025-03-29,2025-04-26,4,279.29864501953125,5.6358557,log,2025-03-29,2025-04-26,4
37,2025-03-29,2025-04-05,1,253.8135528564453,5.540532,log,2025-03-29,2025-04-05,1
37,2025-03-29,2025-04-12,2,223.16162109375,5.4123673,log,2025-03-29,2025-04-12,2
37,2025-03-29,2025-04-19,3,200.9399871826172,5.3079705,log,2025-03-29,2025-04-19,3
37,2025-03-29,2025-04-26,4,139.3272705078125,4.9439774,log,2025-03-29,2025-04-26,4
38,2025-03-29,2025-04-05,1,19.634199142456055,3.02695,log,2025-03-29,2025-04-05,1
38,2025-03-29,2025-04-12,2,19.118995666503906,3.0016644,log,2025-03-29,2025-04-12,2
38,2025-03-29,2025-04-19,3,18.56102180480957,2.9735389,log,2025-03-29,2025-04-19,3
38,2025-03-29,2025-04-26,4,18.734477996826172,2.9823673,log,2025-03-29,2025-04-26,4
39,2025-03-29,2025-04-05,1,345.1982421875,5.8470116,log,2025-03-29,2025-04-05,1
39,2025-03-29,2025-04-12,2,401.54217529296875,5.9978,log,2025-03-29,2025-04-12,2
39,2025-03-29,2025-04-19,3,328.9542541503906,5.798954,log,2025-03-29,2025-04-19,3
39,2025-03-29,2025-04-26,4,216.65924072265625,5.3829308,log,2025-03-29,2025-04-26,4
40,2025-03-29,2025-04-05,1,66.78005981445312,4.216268,log,2025-03-29,2025-04-05,1
40,2025-03-29,2025-04-12,2,54.20186996459961,4.010997,log,2025-03-29,2025-04-12,2
40,2025-03-29,2025-04-19,3,56.53936004638672,4.0524693,log,2025-03-29,2025-04-19,3
40,2025-03-29,2025-04-26,4,54.45794677734375,4.015625,log,2025-03-29,2025-04-26,4
41,2025-03-29,2025-04-05,1,79.6192626953125,4.3897376,log,2025-03-29,2025-04-05,1
41,2025-03-29,2025-04-12,2,65.97708129882812,4.2043505,log,2025-03-29,2025-04-12,2
41,2025-03-29,2025-04-19,3,56.639427185058594,4.054207,log,2025-03-29,2025-04-19,3
41,2025-03-29,2025-04-26,4,58.68064880371094,4.089008,log,2025-03-29,2025-04-26,4
42,2025-03-29,2025-04-05,1,665.0995483398438,6.501439,log,2025-03-29,2025-04-05,1
42,2025-03-29,2025-04-12,2,570.9202270507812,6.3489995,log,2025-03-29,2025-04-12,2
42,2025-03-29,2025-04-19,3,363.3274841308594,5.898053,log,2025-03-29,2025-04-19,3
42,2025-03-29,2025-04-26,4,280.6221618652344,5.6405663,log,2025-03-29,2025-04-26,4
44,2025-03-29,2025-04-05,1,17.259653091430664,2.9046938,log,2025-03-29,2025-04-05,1
44,2025-03-29,2025-04-12,2,12.745575904846191,2.620717,log,2025-03-29,2025-04-12,2
44,2025-03-29,2025-04-19,3,13.501790046691895,2.674272,log,2025-03-29,2025-04-19,3
44,2025-03-29,2025-04-26,4,11.303560256958008,2.5098886,log,2025-03-29,2025-04-26,4
45,2025-03-29,2025-04-05,1,101.02510070800781,4.625219,log,2025-03-29,2025-04-05,1
45,2025-03-29,2025-04-12,2,93.05511474609375,4.543881,log,2025-03-29,2025-04-12,2
45,2025-03-29,2025-04-19,3,86.18421173095703,4.4680233,log,2025-03-29,2025-04-19,3
45,2025-03-29,2025-04-26,4,88.00646209716797,4.488709,log,2025-03-29,2025-04-26,4
46,2025-03-29,2025-04-05,1,7.064651966094971,2.0874906,log,2025-03-29,2025-04-05,1
46,2025-03-29,2025-04-12,2,7.459920406341553,2.1353397,log,2025-03-29,2025-04-12,2
46,2025-03-29,2025-04-19,3,7.929412364959717,2.1893506,log,2025-03-29,2025-04-19,3
46,2025-03-29,2025-04-26,4,6.281043529510498,1.9852742,log,2025-03-29,2025-04-26,4
47,2025-03-29,2025-04-05,1,169.9762725830078,5.141525,log,2025-03-29,2025-04-05,1
47,2025-03-29,2025-04-12,2,167.0144805908203,5.12405,log,2025-03-29,2025-04-12,2
47,2025-03-29,2025-04-19,3,147.60641479492188,5.0013013,log,2025-03-29,2025-04-19,3
47,2025-03-29,2025-04-26,4,132.0727996826172,4.8908963,log,2025-03-29,2025-04-26,4
48,2025-03-29,2025-04-05,1,455.0369567871094,6.122574,log,2025-03-29,2025-04-05,1
48,2025-03-29,2025-04-12,2,485.1226501464844,6.186461,log,2025-03-29,2025-04-12,2
48,2025-03-29,2025-04-19,3,365.5677490234375,5.9041834,log,2025-03-29,2025-04-19,3
48,2025-03-29,2025-04-26,4,274.50115966796875,5.618592,log,2025-03-29,2025-04-26,4
49,2025-03-29,2025-04-05,1,36.838470458984375,3.6333263,log,2025-03-29,2025-04-05,1
49,2025-03-29,2025-04-12,2,37.028865814208984,3.6383455,log,2025-03-29,2025-04-12,2
49,2025-03-29,2025-04-19,3,24.423656463623047,3.23568,log,2025-03-29,2025-04-19,3
49,2025-03-29,2025-04-26,4,18.09469223022461,2.9494104,log,2025-03-29,2025-04-26,4
50,2025-03-29,2025-04-05,1,21.105894088745117,3.0958443,log,2025-03-29,2025-04-05,1
50,2025-03-29,2025-04-12,2,15.672835350036621,2.8137808,log,2025-03-29,2025-04-12,2
50,2025-03-29,2025-04-19,3,16.403860092163086,2.856692,log,2025-03-29,2025-04-19,3
50,2025-03-29,2025-04-26,4,12.23349666595459,2.5827513,log,2025-03-29,2025-04-26,4
51,2025-03-29,2025-04-05,1,169.7893524169922,5.140431,log,2025-03-29,2025-04-05,1
51,2025-03-29,2025-04-12,2,158.21588134765625,5.070261,log,2025-03-29,2025-04-12,2
51,2025-03-29,2025-04-19,3,135.7408447265625,4.9180875,log,2025-03-29,2025-04-19,3
51,2025-03-29,2025-04-26,4,125.48541259765625,4.840127,log,2025-03-29,2025-04-26,4
53,2025-03-29,2025-04-05,1,79.63148498535156,4.3898892,log,2025-03-29,2025-04-05,1
53,2025-03-29,2025-04-12,2,83.57609558105469,4.4376516,log,2025-03-29,2025-04-12,2
53,2025-03-29,2025-04-19,3,70.9707260131836,4.2762594,log,2025-03-29,2025-04-19,3
53,2025-03-29,2025-04-26,4,84.13442993164062,4.4442315,log,2025-03-29,2025-04-26,4
54,2025-03-29,2025-04-05,1,152.19142150878906,5.031688,log,2025-03-29,2025-04-05,1
54,2025-03-29,2025-04-12,2,115.79316711425781,4.7604046,log,2025-03-29,2025-04-12,2
54,2025-03-29,2025-04-19,3,87.91780090332031,4.4877124,log,2025-03-29,2025-04-19,3
54,2025-03-29,2025-04-26,4,82.4293212890625,4.424,log,2025-03-29,2025-04-26,4
55,2025-03-29,2025-04-05,1,92.91085815429688,4.542346,log,2025-03-29,2025-04-05,1
55,2025-03-29,2025-04-12,2,77.97949981689453,4.3691883,log,2025-03-29,2025-04-12,2
55,2025-03-29,2025-04-19,3,81.2218017578125,4.4094205,log,2025-03-29,2025-04-19,3
55,2025-03-29,2025-04-26,4,88.04747009277344,4.4891696,log,2025-03-29,2025-04-26,4
56,2025-03-29,2025-04-05,1,17.40788459777832,2.912779,log,2025-03-29,2025-04-05,1
56,2025-03-29,2025-04-12,2,15.220132827758789,2.7862532,log,2025-03-29,2025-04-12,2
56,2025-03-29,2025-04-19,3,13.344868659973145,2.6633923,log,2025-03-29,2025-04-19,3
56,2025-03-29,2025-04-26,4,9.176287651062012,2.3200603,log,2025-03-29,2025-04-26,4
72,2025-03-29,2025-04-05,1,191.35702514648438,5.259353,log,2025-03-29,2025-04-05,1
72,2025-03-29,2025-04-12,2,159.13868713378906,5.0760403,log,2025-03-29,2025-04-12,2
72,2025-03-29,2025-04-19,3,137.2700653076172,4.9292088,log,2025-03-29,2025-04-19,3
72,2025-03-29,2025-04-26,4,119.18153381347656,4.7890034,log,2025-03-29,2025-04-26,4
US,2025-03-29,2025-04-05,1,2988.2999999999997,6.7820516,log,2025-03-29,2025-04-05,1
US,2025-03-29,2025-04-12,2,851.6654999999998,6.674819,log,2025-03-29,2025-04-12,2
US,2025-03-29,2025-04-19,3,538.4541625976562,6.290558,log,2025-03-29,2025-04-19,3
US,2025-03-29,2025-04-26,4,398.81524658203125,5.9910026,log,2025-03-29,2025-04-26,4
01,2025-04-05,2025-04-12,1,74.78666687011719,4.3279223,log,2025-04-05,2025-04-12,1
01,2025-04-05,2025-04-19,2,49.00617980957031,3.9121466,log,2025-04-05,2025-04-19,2
01,2025-04-05,2025-04-26,3,33.947662353515625,3.5538516,log,2025-04-05,2025-04-26,3
01,2025-04-05,2025-05-03,4,25.593175888061523,3.2806547,log,2025-04-05,2025-05-03,4
02,2025-04-05,2025-04-12,1,14.909835815429688,2.7669375,log,2025-04-05,2025-04-12,1
02,2025-04-05,2025-04-19,2,8.839729309082031,2.2864282,log,2025-04-05,2025-04-19,2
02,2025-04-05,2025-04-26,3,5.778285503387451,1.9137242,log,2025-04-05,2025-04-26,3
02,2025-04-05,2025-05-03,4,5.31997013092041,1.8437145,log,2025-04-05,2025-05-03,4
04,2025-04-05,2025-04-12,1,98.94857025146484,4.6046557,log,2025-04-05,2025-04-12,1
04,2025-04-05,2025-04-19,2,53.47462463378906,3.997735,log,2025-04-05,2025-04-19,2
04,2025-04-05,2025-04-26,3,47.755043029785156,3.8868086,log,2025-04-05,2025-04-26,3
04,2025-04-05,2025-05-03,4,45.004638671875,3.8287423,log,2025-04-05,2025-05-03,4
05,2025-04-05,2025-04-12,1,60.76814651489258,4.123388,log,2025-04-05,2025-04-12,1
05,2025-04-05,2025-04-19,2,42.276153564453125,3.7676017,log,2025-04-05,2025-04-19,2
05,2025-04-05,2025-04-26,3,28.3593692779541,3.3796117,log,2025-04-05,2025-04-26,3
05,2025-04-05,2025-05-03,4,26.706134796142578,3.3216538,log,2025-04-05,2025-05-03,4
06,2025-04-05,2025-04-12,1,349.2171630859375,5.8585534,log,2025-04-05,2025-04-12,1
06,2025-04-05,2025-04-19,2,247.07237243652344,5.5137205,log,2025-04-05,2025-04-19,2
06,2025-04-05,2025-04-26,3,179.72459411621094,5.1969743,log,2025-04-05,2025-04-26,3
06,2025-04-05,2025-05-03,4,156.13601684570312,5.0571117,log,2025-04-05,2025-05-03,4
08,2025-04-05,2025-04-12,1,64.53121185302734,4.1825266,log,2025-04-05,2025-04-12,1
08,2025-04-05,2025-04-19,2,47.1230354309082,3.873761,log,2025-04-05,2025-04-19,2
08,2025-04-05,2025-04-26,3,34.44287109375,3.567922,log,2025-04-05,2025-04-26,3
08,2025-04-05,2025-05-03,4,28.743207931518555,3.3926008,log,2025-04-05,2025-05-03,4
09,2025-04-05,2025-04-12,1,46.86841583251953,3.868456,log,2025-04-05,2025-04-12,1
09,2025-04-05,2025-04-19,2,28.0023136138916,3.3673756,log,2025-04-05,2025-04-19,2
09,2025-04-05,2025-04-26,3,22.831247329711914,3.1709976,log,2025-04-05,2025-04-26,3
09,2025-04-05,2025-05-03,4,21.79725456237793,3.12664,log,2025-04-05,2025-05-03,4
10,2025-04-05,2025-04-12,1,17.06134033203125,2.8937738,log,2025-04-05,2025-04-12,1
10,2025-04-05,2025-04-19,2,9.84080982208252,2.3833177,log,2025-04-05,2025-04-19,2
10,2025-04-05,2025-04-26,3,6.180292129516602,1.9713401,log,2025-04-05,2025-04-26,3
10,2025-04-05,2025-05-03,4,6.552350997924805,2.021859,log,2025-04-05,2025-05-03,4
11,2025-04-05,2025-04-12,1,25.685651779174805,3.284126,log,2025-04-05,2025-04-12,1
11,2025-04-05,2025-04-19,2,14.580324172973633,2.7460089,log,2025-04-05,2025-04-19,2
11,2025-04-05,2025-04-26,3,11.333023071289062,2.5122805,log,2025-04-05,2025-04-26,3
11,2025-04-05,2025-05-03,4,9.044768333435059,2.307052,log,2025-04-05,2025-05-03,4
12,2025-04-05,2025-04-12,1,505.9153137207031,6.228344,log,2025-04-05,2025-04-12,1
12,2025-04-05,2025-04-19,2,364.1820068359375,5.900396,log,2025-04-05,2025-04-19,2
12,2025-04-05,2025-04-26,3,306.9626770019531,5.7299786,log,2025-04-05,2025-04-26,3
12,2025-04-05,2025-05-03,4,192.3954620361328,5.264737,log,2025-04-05,2025-05-03,4
13,2025-04-05,2025-04-12,1,129.62948608398438,4.872365,log,2025-04-05,2025-04-12,1
13,2025-04-05,2025-04-19,2,94.23661804199219,4.5563645,log,2025-04-05,2025-04-19,2
13,2025-04-05,2025-04-26,3,79.36988830566406,4.3866396,log,2025-04-05,2025-04-26,3
13,2025-04-05,2025-05-03,4,58.74485778808594,4.090083,log,2025-04-05,2025-05-03,4
15,2025-04-05,2025-04-12,1,29.688440322875977,3.423886,log,2025-04-05,2025-04-12,1
15,2025-04-05,2025-04-19,2,20.7305965423584,3.0787213,log,2025-04-05,2025-04-19,2
15,2025-04-05,2025-04-26,3,17.306211471557617,2.9072404,log,2025-04-05,2025-04-26,3
15,2025-04-05,2025-05-03,4,13.705509185791016,2.6882222,log,2025-04-05,2025-05-03,4
16,2025-04-05,2025-04-12,1,25.25441551208496,3.2678342,log,2025-04-05,2025-04-12,1
16,2025-04-05,2025-04-19,2,13.93381404876709,2.703628,log,2025-04-05,2025-04-19,2
16,2025-04-05,2025-04-26,3,10.789666175842285,2.4672234,log,2025-04-05,2025-04-26,3
16,2025-04-05,2025-05-03,4,8.179559707641602,2.2169793,log,2025-04-05,2025-05-03,4
17,2025-04-05,2025-04-12,1,216.103759765625,5.3803754,log,2025-04-05,2025-04-12,1
17,2025-04-05,2025-04-19,2,149.56491088867188,5.0143943,log,2025-04-05,2025-04-19,2
17,2025-04-05,2025-04-26,3,105.15616607666016,4.6649113,log,2025-04-05,2025-04-26,3
17,2025-04-05,2025-05-03,4,69.21330261230469,4.251538,log,2025-04-05,2025-05-03,4
18,2025-04-05,2025-04-12,1,109.91118621826172,4.7087297,log,2025-04-05,2025-04-12,1
18,2025-04-05,2025-04-19,2,61.560054779052734,4.136127,log,2025-04-05,2025-04-19,2
18,2025-04-05,2025-04-26,3,49.774349212646484,3.9273913,log,2025-04-05,2025-04-26,3
18,2025-04-05,2025-05-03,4,39.657779693603516,3.7051902,log,2025-04-05,2025-05-03,4
19,2025-04-05,2025-04-12,1,34.567596435546875,3.571435,log,2025-04-05,2025-04-12,1
19,2025-04-05,2025-04-19,2,16.96604347229004,2.8884835,log,2025-04-05,2025-04-19,2
19,2025-04-05,2025-04-26,3,14.449766159057617,2.737594,log,2025-04-05,2025-04-26,3
19,2025-04-05,2025-05-03,4,17.579208374023438,2.922043,log,2025-04-05,2025-05-03,4
20,2025-04-05,2025-04-12,1,34.904273986816406,3.5808563,log,2025-04-05,2025-04-12,1
20,2025-04-05,2025-04-19,2,17.65473175048828,2.9260998,log,2025-04-05,2025-04-19,2
20,2025-04-05,2025-04-26,3,14.81656551361084,2.7610579,log,2025-04-05,2025-04-26,3
20,2025-04-05,2025-05-03,4,17.208984375,2.901915,log,2025-04-05,2025-05-03,4
21,2025-04-05,2025-04-12,1,119.60986328125,4.792561,log,2025-04-05,2025-04-12,1
21,2025-04-05,2025-04-19,2,72.25428009033203,4.2939367,log,2025-04-05,2025-04-19,2
21,2025-04-05,2025-04-26,3,43.41691589355469,3.7936203,log,2025-04-05,2025-04-26,3
21,2025-04-05,2025-05-03,4,39.643638610839844,3.7048423,log,2025-04-05,2025-05-03,4
22,2025-04-05,2025-04-12,1,92.07998657226562,4.533459,log,2025-04-05,2025-04-12,1
22,2025-04-05,2025-04-19,2,66.73094940185547,4.2155433,log,2025-04-05,2025-04-19,2
22,2025-04-05,2025-04-26,3,41.729610443115234,3.754892,log,2025-04-05,2025-04-26,3
22,2025-04-05,2025-05-03,4,30.627197265625,3.4540174,log,2025-04-05,2025-05-03,4
23,2025-04-05,2025-04-12,1,32.98080825805664,3.525796,log,2025-04-05,2025-04-12,1
23,2025-04-05,2025-04-19,2,17.54914665222168,2.9204237,log,2025-04-05,2025-04-19,2
23,2025-04-05,2025-04-26,3,14.701859474182129,2.7537792,log,2025-04-05,2025-04-26,3
23,2025-04-05,2025-05-03,4,11.100249290466309,2.493226,log,2025-04-05,2025-05-03,4
24,2025-04-05,2025-04-12,1,117.8807601928711,4.778121,log,2025-04-05,2025-04-12,1
24,2025-04-05,2025-04-19,2,77.52759552001953,4.36345,log,2025-04-05,2025-04-19,2
24,2025-04-05,2025-04-26,3,60.85957717895508,4.124867,log,2025-04-05,2025-04-26,3
24,2025-04-05,2025-05-03,4,53.73894500732422,4.0025754,log,2025-04-05,2025-05-03,4
25,2025-04-05,2025-04-12,1,103.81710052490234,4.652217,log,2025-04-05,2025-04-12,1
25,2025-04-05,2025-04-19,2,80.60887145996094,4.401938,log,2025-04-05,2025-04-19,2
25,2025-04-05,2025-04-26,3,60.120704650878906,4.1128507,log,2025-04-05,2025-04-26,3
25,2025-04-05,2025-05-03,4,45.91667556762695,3.8483732,log,2025-04-05,2025-05-03,4
26,2025-04-05,2025-04-12,1,240.4987030029297,5.486864,log,2025-04-05,2025-04-12,1
26,2025-04-05,2025-04-19,2,144.0840301513672,4.977313,log,2025-04-05,2025-04-19,2
26,2025-04-05,2025-04-26,3,99.24052429199219,4.6075726,log,2025-04-05,2025-04-26,3
26,2025-04-05,2025-05-03,4,60.96733856201172,4.1266074,log,2025-04-05,2025-05-03,4
27,2025-04-05,2025-04-12,1,67.13642120361328,4.221512,log,2025-04-05,2025-04-12,1
27,2025-04-05,2025-04-19,2,48.301719665527344,3.897959,log,2025-04-05,2025-04-19,2
27,2025-04-05,2025-04-26,3,33.35993576049805,3.5368912,log,2025-04-05,2025-04-26,3
27,2025-04-05,2025-05-03,4,35.52452087402344,3.5979838,log,2025-04-05,2025-05-03,4
28,2025-04-05,2025-04-12,1,46.642906188964844,3.8637338,log,2025-04-05,2025-04-12,1
28,2025-04-05,2025-04-19,2,21.74509048461914,3.1243494,log,2025-04-05,2025-04-19,2
28,2025-04-05,2025-04-26,3,17.093860626220703,2.8955727,log,2025-04-05,2025-04-26,3
28,2025-04-05,2025-05-03,4,14.83206844329834,2.7620375,log,2025-04-05,2025-05-03,4
29,2025-04-05,2025-04-12,1,89.512451171875,4.5054874,log,2025-04-05,2025-04-12,1
29,2025-04-05,2025-04-19,2,56.43294906616211,4.050618,log,2025-04-05,2025-04-19,2
29,2025-04-05,2025-04-26,3,42.5492057800293,3.7738914,log,2025-04-05,2025-04-26,3
29,2025-04-05,2025-05-03,4,48.75199890136719,3.9070506,log,2025-04-05,2025-05-03,4
30,2025-04-05,2025-04-12,1,21.420305252075195,3.109967,log,2025-04-05,2025-04-12,1
30,2025-04-05,2025-04-19,2,8.840048789978027,2.2864606,log,2025-04-05,2025-04-19,2
30,2025-04-05,2025-04-26,3,7.561453342437744,2.14727,log,2025-04-05,2025-04-26,3
30,2025-04-05,2025-05-03,4,3.9087510108947754,1.5910195,log,2025-04-05,2025-05-03,4
31,2025-04-05,2025-04-12,1,13.238707542419434,2.6559641,log,2025-04-05,2025-04-12,1
31,2025-04-05,2025-04-19,2,8.075970649719238,2.2056303,log,2025-04-05,2025-04-19,2
31,2025-04-05,2025-04-26,3,6.810575008392334,2.0554786,log,2025-04-05,2025-04-26,3
31,2025-04-05,2025-05-03,4,6.898205757141113,2.0666356,log,2025-04-05,2025-05-03,4
32,2025-04-05,2025-04-12,1,34.295230865478516,3.563748,log,2025-04-05,2025-04-12,1
32,2025-04-05,2025-04-19,2,27.076885223388672,3.3349466,log,2025-04-05,2025-04-19,2
32,2025-04-05,2025-04-26,3,21.437131881713867,3.1107173,log,2025-04-05,2025-04-26,3
32,2025-04-05,2025-05-03,4,18.203786849975586,2.9551075,log,2025-04-05,2025-05-03,4
33,2025-04-05,2025-04-12,1,11.96011734008789,2.5618768,log,2025-04-05,2025-04-12,1
33,2025-04-05,2025-04-19,2,5.96629524230957,1.9410836,log,2025-04-05,2025-04-19,2
33,2025-04-05,2025-04-26,3,5.029740333557129,1.7967039,log,2025-04-05,2025-04-26,3
33,2025-04-05,2025-05-03,4,4.083637237548828,1.626027,log,2025-04-05,2025-05-03,4
34,2025-04-05,2025-04-12,1,200.29623413085938,5.3047776,log,2025-04-05,2025-04-12,1
34,2025-04-05,2025-04-19,2,136.3692169189453,4.9226723,log,2025-04-05,2025-04-19,2
34,2025-04-05,2025-04-26,3,115.18610382080078,4.755193,log,2025-04-05,2025-04-26,3
34,2025-04-05,2025-05-03,4,75.17280578613281,4.3330045,log,2025-04-05,2025-05-03,4
35,2025-04-05,2025-04-12,1,46.62812042236328,3.8634233,log,2025-04-05,2025-04-12,1
35,2025-04-05,2025-04-19,2,27.789688110351562,3.3600173,log,2025-04-05,2025-04-19,2
35,2025-04-05,2025-04-26,3,20.205665588378906,3.0542684,log,2025-04-05,2025-04-26,3
35,2025-04-05,2025-05-03,4,15.944150924682617,2.8299227,log,2025-04-05,2025-05-03,4
36,2025-04-05,2025-04-12,1,431.694580078125,6.070032,log,2025-04-05,2025-04-12,1
36,2025-04-05,2025-04-19,2,286.6201477050781,5.6616406,log,2025-04-05,2025-04-19,2
36,2025-04-05,2025-04-26,3,203.82235717773438,5.322143,log,2025-04-05,2025-04-26,3
36,2025-04-05,2025-05-03,4,108.12837219238281,4.692525,log,2025-04-05,2025-05-03,4
37,2025-04-05,2025-04-12,1,135.0917205810547,4.913329,log,2025-04-05,2025-04-12,1
37,2025-04-05,2025-04-19,2,83.36893463134766,4.4351993,log,2025-04-05,2025-04-19,2
37,2025-04-05,2025-04-26,3,64.4661865234375,4.181534,log,2025-04-05,2025-04-26,3
37,2025-04-05,2025-05-03,4,51.65912628173828,3.9638395,log,2025-04-05,2025-05-03,4
38,2025-04-05,2025-04-12,1,12.457755088806152,2.5995555,log,2025-04-05,2025-04-12,1
38,2025-04-05,2025-04-19,2,7.520255088806152,2.1424463,log,2025-04-05,2025-04-19,2
38,2025-04-05,2025-04-26,3,6.550309658050537,2.0215886,log,2025-04-05,2025-04-26,3
38,2025-04-05,2025-05-03,4,5.691064357757568,1.9007729,log,2025-04-05,2025-05-03,4
39,2025-04-05,2025-04-12,1,229.65921020507812,5.4409413,log,2025-04-05,2025-04-12,1
39,2025-04-05,2025-04-19,2,152.07875061035156,5.0309525,log,2025-04-05,2025-04-19,2
39,2025-04-05,2025-04-26,3,113.40127563476562,4.739712,log,2025-04-05,2025-04-26,3
39,2025-04-05,2025-05-03,4,77.30204772949219,4.360574,log,2025-04-05,2025-05-03,4
40,2025-04-05,2025-04-12,1,35.77782440185547,3.604895,log,2025-04-05,2025-04-12,1
40,2025-04-05,2025-04-19,2,20.779233932495117,3.080957,log,2025-04-05,2025-04-19,2
40,2025-04-05,2025-04-26,3,17.160606384277344,2.8992548,log,2025-04-05,2025-04-26,3
40,2025-04-05,2025-05-03,4,19.56777000427246,3.0237253,log,2025-04-05,2025-05-03,4
41,2025-04-05,2025-04-12,1,77.18679809570312,4.359101,log,2025-04-05,2025-04-12,1
41,2025-04-05,2025-04-19,2,53.474666595458984,3.9977357,log,2025-04-05,2025-04-19,2
41,2025-04-05,2025-04-26,3,48.377197265625,3.8994887,log,2025-04-05,2025-04-26,3
41,2025-04-05,2025-05-03,4,38.12980270385742,3.6668844,log,2025-04-05,2025-05-03,4
42,2025-04-05,2025-04-12,1,443.8396911621094,6.097714,log,2025-04-05,2025-04-12,1
42,2025-04-05,2025-04-19,2,318.55645751953125,5.766934,log,2025-04-05,2025-04-19,2
42,2025-04-05,2025-04-26,3,168.89166259765625,5.135161,log,2025-04-05,2025-04-26,3
42,2025-04-05,2025-05-03,4,143.52528381347656,4.9734545,log,2025-04-05,2025-05-03,4
44,2025-04-05,2025-04-12,1,16.63555335998535,2.869917,log,2025-04-05,2025-04-12,1
44,2025-04-05,2025-04-19,2,9.053563117980957,2.3079271,log,2025-04-05,2025-04-19,2
44,2025-04-05,2025-04-26,3,6.9443793296813965,2.0724647,log,2025-04-05,2025-04-26,3
44,2025-04-05,2025-05-03,4,6.963322162628174,2.0748463,log,2025-04-05,2025-05-03,4
45,2025-04-05,2025-04-12,1,66.06989288330078,4.205735,log,2025-04-05,2025-04-12,1
45,2025-04-05,2025-04-19,2,42.19243240356445,3.7656653,log,2025-04-05,2025-04-19,2
45,2025-04-05,2025-04-26,3,28.029050827026367,3.368297,log,2025-04-05,2025-04-26,3
45,2025-04-05,2025-05-03,4,28.869516372680664,3.3968384,log,2025-04-05,2025-05-03,4
46,2025-04-05,2025-04-12,1,5.490426063537598,1.8703282,log,2025-04-05,2025-04-12,1
46,2025-04-05,2025-04-19,2,2.8573663234710693,1.3499846,log,2025-04-05,2025-04-19,2
46,2025-04-05,2025-04-26,3,2.7124228477478027,1.3116847,log,2025-04-05,2025-04-26,3
46,2025-04-05,2025-05-03,4,2.7050788402557373,1.3097045,log,2025-04-05,2025-05-03,4
47,2025-04-05,2025-04-12,1,123.7624740600586,4.8264117,log,2025-04-05,2025-04-12,1
47,2025-04-05,2025-04-19,2,77.19709014892578,4.3592324,log,2025-04-05,2025-04-19,2
47,2025-04-05,2025-04-26,3,52.991905212402344,3.9888341,log,2025-04-05,2025-04-26,3
47,2025-04-05,2025-05-03,4,53.224098205566406,3.9931254,log,2025-04-05,2025-05-03,4
48,2025-04-05,2025-04-12,1,250.937255859375,5.52918,log,2025-04-05,2025-04-12,1
48,2025-04-05,2025-04-19,2,202.1015167236328,5.313706,log,2025-04-05,2025-04-19,2
48,2025-04-05,2025-04-26,3,139.0753631591797,4.9421806,log,2025-04-05,2025-04-26,3
48,2025-04-05,2025-05-03,4,82.58030700683594,4.425808,log,2025-04-05,2025-05-03,4
49,2025-04-05,2025-04-12,1,37.309898376464844,3.6457083,log,2025-04-05,2025-04-12,1
49,2025-04-05,2025-04-19,2,21.17891502380371,3.099142,log,2025-04-05,2025-04-19,2
49,2025-04-05,2025-04-26,3,19.76872444152832,3.0334482,log,2025-04-05,2025-04-26,3
49,2025-04-05,2025-05-03,4,11.98604965209961,2.5638757,log,2025-04-05,2025-05-03,4
50,2025-04-05,2025-04-12,1,19.869640350341797,3.0382955,log,2025-04-05,2025-04-12,1
50,2025-04-05,2025-04-19,2,12.410367012023926,2.596028,log,2025-04-05,2025-04-19,2
50,2025-04-05,2025-04-26,3,11.445157051086426,2.5213315,log,2025-04-05,2025-04-26,3
50,2025-04-05,2025-05-03,4,10.06531810760498,2.4038157,log,2025-04-05,2025-05-03,4
51,2025-04-05,2025-04-12,1,112.52225494384766,4.731999,log,2025-04-05,2025-04-12,1
51,2025-04-05,2025-04-19,2,73.5500717163086,4.311471,log,2025-04-05,2025-04-19,2
51,2025-04-05,2025-04-26,3,60.6999397277832,4.122283,log,2025-04-05,2025-04-26,3
51,2025-04-05,2025-05-03,4,56.26564407348633,4.047701,log,2025-04-05,2025-05-03,4
53,2025-04-05,2025-04-12,1,88.84791564941406,4.4981184,log,2025-04-05,2025-04-12,1
53,2025-04-05,2025-04-19,2,61.56772232055664,4.1362495,log,2025-04-05,2025-04-19,2
53,2025-04-05,2025-04-26,3,51.04231262207031,3.9520571,log,2025-04-05,2025-04-26,3
53,2025-04-05,2025-05-03,4,38.347591400146484,3.6724348,log,2025-04-05,2025-05-03,4
54,2025-04-05,2025-04-12,1,84.06548309326172,4.4434214,log,2025-04-05,2025-04-12,1
54,2025-04-05,2025-04-19,2,46.64491653442383,3.863776,log,2025-04-05,2025-04-19,2
54,2025-04-05,2025-04-26,3,25.68090057373047,3.283948,log,2025-04-05,2025-04-26,3
54,2025-04-05,2025-05-03,4,25.01422119140625,3.2586434,log,2025-04-05,2025-05-03,4
55,2025-04-05,2025-04-12,1,64.52481079101562,4.182429,log,2025-04-05,2025-04-12,1
55,2025-04-05,2025-04-19,2,42.955535888671875,3.7831786,log,2025-04-05,2025-04-19,2
55,2025-04-05,2025-04-26,3,28.219030380249023,3.3748202,log,2025-04-05,2025-04-26,3
55,2025-04-05,2025-05-03,4,39.76773452758789,3.707891,log,2025-04-05,2025-05-03,4
56,2025-04-05,2025-04-12,1,8.620437622070312,2.2638898,log,2025-04-05,2025-04-12,1
56,2025-04-05,2025-04-19,2,4.710248947143555,1.7422626,log,2025-04-05,2025-04-19,2
56,2025-04-05,2025-04-26,3,4.2462639808654785,1.6575162,log,2025-04-05,2025-04-26,3
56,2025-04-05,2025-05-03,4,3.2562687397003174,1.4483929,log,2025-04-05,2025-05-03,4
72,2025-04-05,2025-04-12,1,173.26760864257812,5.160592,log,2025-04-05,2025-04-12,1
72,2025-04-05,2025-04-19,2,113.57307434082031,4.741213,log,2025-04-05,2025-04-19,2
72,2025-04-05,2025-04-26,3,91.47990417480469,4.5269914,log,2025-04-05,2025-04-26,3
72,2025-04-05,2025-05-03,4,67.92719268798828,4.233051,log,2025-04-05,2025-05-03,4
US,2025-04-05,2025-04-12,1,2094.0,6.813062,log,2025-04-05,2025-04-12,1
US,2025-04-05,2025-04-19,2,596.79,6.1914277,log,2025-04-05,2025-04-19,2
US,2025-04-05,2025-04-26,3,299.68646240234375,5.706068,log,2025-04-05,2025-04-26,3
US,2025-04-05,2025-05-03,4,239.1167755126953,5.4811254,log,2025-04-05,2025-05-03,4
01,2025-04-12,2025-04-19,1,38.8776969909668,3.6858172,log,2025-04-12,2025-04-19,1
01,2025-04-12,2025-04-26,2,19.67622184753418,3.0289843,log,2025-04-12,2025-04-26,2
01,2025-04-12,2025-05-03,3,10.405670166015625,2.4341106,log,2025-04-12,2025-05-03,3
01,2025-04-12,2025-05-10,4,6.519034385681152,2.0174377,log,2025-04-12,2025-05-10,4
02,2025-04-12,2025-04-19,1,12.107024192810059,2.5731483,log,2025-04-12,2025-04-19,1
02,2025-04-12,2025-04-26,2,7.852022171020508,2.180646,log,2025-04-12,2025-04-26,2
02,2025-04-12,2025-05-03,3,4.27872371673584,1.6636844,log,2025-04-12,2025-05-03,3
02,2025-04-12,2025-05-10,4,3.4645156860351562,1.4961607,log,2025-04-12,2025-05-10,4
04,2025-04-12,2025-04-19,1,63.7114143371582,4.1699376,log,2025-04-12,2025-04-19,1
04,2025-04-12,2025-04-26,2,45.61597442626953,3.8419433,log,2025-04-12,2025-04-26,2
04,2025-04-12,2025-05-03,3,31.32790184020996,3.4759307,log,2025-04-12,2025-05-03,3
04,2025-04-12,2025-05-10,4,25.869333267211914,3.2909856,log,2025-04-12,2025-05-10,4
05,2025-04-12,2025-04-19,1,27.132373809814453,3.336921,log,2025-04-12,2025-04-19,1
05,2025-04-12,2025-04-26,2,16.142473220825195,2.8415592,log,2025-04-12,2025-04-26,2
05,2025-04-12,2025-05-03,3,10.257285118103027,2.4210155,log,2025-04-12,2025-05-03,3
05,2025-04-12,2025-05-10,4,8.07817554473877,2.2058733,log,2025-04-12,2025-05-10,4
06,2025-04-12,2025-04-19,1,354.2642517089844,5.872862,log,2025-04-12,2025-04-19,1
06,2025-04-12,2025-04-26,2,284.9607849121094,5.6558547,log,2025-04-12,2025-04-26,2
06,2025-04-12,2025-05-03,3,183.8385772705078,5.219483,log,2025-04-12,2025-05-03,3
06,2025-04-12,2025-05-10,4,122.35352325439453,4.8150544,log,2025-04-12,2025-05-10,4
08,2025-04-12,2025-04-19,1,45.527244567871094,3.840038,log,2025-04-12,2025-04-19,1
08,2025-04-12,2025-04-26,2,29.526512145996094,3.4185956,log,2025-04-12,2025-04-26,2
08,2025-04-12,2025-05-03,3,19.60821533203125,3.0256898,log,2025-04-12,2025-05-03,3
08,2025-04-12,2025-05-10,4,13.943416595458984,2.7042708,log,2025-04-12,2025-05-10,4
09,2025-04-12,2025-04-19,1,26.52507972717285,3.3150976,log,2025-04-12,2025-04-19,1
09,2025-04-12,2025-04-26,2,16.00022315979004,2.8332264,log,2025-04-12,2025-04-26,2
09,2025-04-12,2025-05-03,3,9.58222770690918,2.359176,log,2025-04-12,2025-05-03,3
09,2025-04-12,2025-05-10,4,7.239309310913086,2.1089165,log,2025-04-12,2025-05-10,4
10,2025-04-12,2025-04-19,1,9.878549575805664,2.386793,log,2025-04-12,2025-04-19,1
10,2025-04-12,2025-04-26,2,4.3503804206848145,1.6771677,log,2025-04-12,2025-04-26,2
10,2025-04-12,2025-05-03,3,2.9832534790039062,1.3820989,log,2025-04-12,2025-05-03,3
10,2025-04-12,2025-05-10,4,1.4642606973648071,0.9018918,log,2025-04-12,2025-05-10,4
11,2025-04-12,2025-04-19,1,10.112998008728027,2.4081154,log,2025-04-12,2025-04-19,1
11,2025-04-12,2025-04-26,2,4.108315944671631,1.6308697,log,2025-04-12,2025-04-26,2
11,2025-04-12,2025-05-03,3,1.9975613355636597,1.0977991,log,2025-04-12,2025-05-03,3
11,2025-04-12,2025-05-10,4,1.1856751441955566,0.7819248,log,2025-04-12,2025-05-10,4
12,2025-04-12,2025-04-19,1,304.56622314453125,5.7221665,log,2025-04-12,2025-04-19,1
12,2025-04-12,2025-04-26,2,208.0853271484375,5.3427424,log,2025-04-12,2025-04-26,2
12,2025-04-12,2025-05-03,3,82.65921783447266,4.4267516,log,2025-04-12,2025-05-03,3
12,2025-04-12,2025-05-10,4,65.92229461669922,4.203532,log,2025-04-12,2025-05-10,4
13,2025-04-12,2025-04-19,1,65.43165588378906,4.1961737,log,2025-04-12,2025-04-19,1
13,2025-04-12,2025-04-26,2,47.034141540527344,3.871912,log,2025-04-12,2025-04-26,2
13,2025-04-12,2025-05-03,3,27.70599365234375,3.357106,log,2025-04-12,2025-05-03,3
13,2025-04-12,2025-05-10,4,18.554819107055664,2.9732218,log,2025-04-12,2025-05-10,4
15,2025-04-12,2025-04-19,1,20.000988006591797,3.0445695,log,2025-04-12,2025-04-19,1
15,2025-04-12,2025-04-26,2,13.351731300354004,2.6638706,log,2025-04-12,2025-04-26,2
15,2025-04-12,2025-05-03,3,8.149160385131836,2.2136621,log,2025-04-12,2025-05-03,3
15,2025-04-12,2025-05-10,4,5.398085117340088,1.8559988,log,2025-04-12,2025-05-10,4
16,2025-04-12,2025-04-19,1,18.20280647277832,2.9550564,log,2025-04-12,2025-04-19,1
16,2025-04-12,2025-04-26,2,7.1945271492004395,2.1034665,log,2025-04-12,2025-04-26,2
16,2025-04-12,2025-05-03,3,3.9551279544830322,1.600423,log,2025-04-12,2025-05-03,3
16,2025-04-12,2025-05-10,4,3.229590892791748,1.4421053,log,2025-04-12,2025-05-10,4
17,2025-04-12,2025-04-19,1,104.29293823242188,4.6567464,log,2025-04-12,2025-04-19,1
17,2025-04-12,2025-04-26,2,81.77249145507812,4.4160957,log,2025-04-12,2025-04-26,2
17,2025-04-12,2025-05-03,3,45.19568634033203,3.8328865,log,2025-04-12,2025-05-03,3
17,2025-04-12,2025-05-10,4,39.927268981933594,3.7117965,log,2025-04-12,2025-05-10,4
18,2025-04-12,2025-04-19,1,64.89173889160156,4.188013,log,2025-04-12,2025-04-19,1
18,2025-04-12,2025-04-26,2,37.26911926269531,3.6446433,log,2025-04-12,2025-04-26,2
18,2025-04-12,2025-05-03,3,25.89646339416504,3.2919948,log,2025-04-12,2025-05-03,3
18,2025-04-12,2025-05-10,4,20.81211280822754,3.0824654,log,2025-04-12,2025-05-10,4
19,2025-04-12,2025-04-19,1,15.855620384216309,2.8246841,log,2025-04-12,2025-04-19,1
19,2025-04-12,2025-04-26,2,10.273577690124512,2.4224617,log,2025-04-12,2025-04-26,2
19,2025-04-12,2025-05-03,3,6.132310390472412,1.9646353,log,2025-04-12,2025-05-03,3
19,2025-04-12,2025-05-10,4,4.289128303527832,1.6656535,log,2025-04-12,2025-05-10,4
20,2025-04-12,2025-04-19,1,18.421817779541016,2.966397,log,2025-04-12,2025-04-19,1
20,2025-04-12,2025-04-26,2,11.262420654296875,2.5065393,log,2025-04-12,2025-04-26,2
20,2025-04-12,2025-05-03,3,6.756685733795166,2.0485551,log,2025-04-12,2025-05-03,3
20,2025-04-12,2025-05-10,4,4.638489246368408,1.7296162,log,2025-04-12,2025-05-10,4
21,2025-04-12,2025-04-19,1,64.58720397949219,4.1833806,log,2025-04-12,2025-04-19,1
21,2025-04-12,2025-04-26,2,36.30681228637695,3.619176,log,2025-04-12,2025-04-26,2
21,2025-04-12,2025-05-03,3,21.106420516967773,3.095868,log,2025-04-12,2025-05-03,3
21,2025-04-12,2025-05-10,4,13.22429084777832,2.654951,log,2025-04-12,2025-05-10,4
22,2025-04-12,2025-04-19,1,56.0068473815918,4.0431714,log,2025-04-12,2025-04-19,1
22,2025-04-12,2025-04-26,2,33.92924499511719,3.5533245,log,2025-04-12,2025-04-26,2
22,2025-04-12,2025-05-03,3,17.550012588500977,2.9204705,log,2025-04-12,2025-05-03,3
22,2025-04-12,2025-05-10,4,11.033824920654297,2.4877214,log,2025-04-12,2025-05-10,4
23,2025-04-12,2025-04-19,1,27.141691207885742,3.3372521,log,2025-04-12,2025-04-19,1
23,2025-04-12,2025-04-26,2,14.982805252075195,2.7715135,log,2025-04-12,2025-04-26,2
23,2025-04-12,2025-05-03,3,8.899630546569824,2.2924974,log,2025-04-12,2025-05-03,3
23,2025-04-12,2025-05-10,4,5.846338272094727,1.9237139,log,2025-04-12,2025-05-10,4
24,2025-04-12,2025-04-19,1,69.53336334228516,4.256086,log,2025-04-12,2025-04-19,1
24,2025-04-12,2025-04-26,2,43.119903564453125,3.786911,log,2025-04-12,2025-04-26,2
24,2025-04-12,2025-05-03,3,23.592586517333984,3.202445,log,2025-04-12,2025-05-03,3
24,2025-04-12,2025-05-10,4,18.03569221496582,2.9463158,log,2025-04-12,2025-05-10,4
25,2025-04-12,2025-04-19,1,87.96258544921875,4.488216,log,2025-04-12,2025-04-19,1
25,2025-04-12,2025-04-26,2,66.4582748413086,4.211509,log,2025-04-12,2025-04-26,2
25,2025-04-12,2025-05-03,3,33.10794448852539,3.5295303,log,2025-04-12,2025-05-03,3
25,2025-04-12,2025-05-10,4,25.410640716552734,3.273767,log,2025-04-12,2025-05-10,4
26,2025-04-12,2025-04-19,1,170.11549377441406,5.1423388,log,2025-04-12,2025-04-19,1
26,2025-04-12,2025-04-26,2,126.3126449584961,4.846646,log,2025-04-12,2025-04-26,2
26,2025-04-12,2025-05-03,3,61.296966552734375,4.1319127,log,2025-04-12,2025-05-03,3
26,2025-04-12,2025-05-10,4,51.08068084716797,3.952794,log,2025-04-12,2025-05-10,4
27,2025-04-12,2025-04-19,1,47.421958923339844,3.8799534,log,2025-04-12,2025-04-19,1
27,2025-04-12,2025-04-26,2,30.340038299560547,3.4448965,log,2025-04-12,2025-04-26,2
27,2025-04-12,2025-05-03,3,19.96129035949707,3.0426774,log,2025-04-12,2025-05-03,3
27,2025-04-12,2025-05-10,4,17.142932891845703,2.898281,log,2025-04-12,2025-05-10,4
28,2025-04-12,2025-04-19,1,30.07366180419922,3.4363606,log,2025-04-12,2025-04-19,1
28,2025-04-12,2025-04-26,2,16.143375396728516,2.8416119,log,2025-04-12,2025-04-26,2
28,2025-04-12,2025-05-03,3,11.622034072875977,2.535444,log,2025-04-12,2025-05-03,3
28,2025-04-12,2025-05-10,4,8.325641632080078,2.2327678,log,2025-04-12,2025-05-10,4
29,2025-04-12,2025-04-19,1,71.26268005371094,4.280308,log,2025-04-12,2025-04-19,1
29,2025-04-12,2025-04-26,2,42.80702590942383,3.7797942,log,2025-04-12,2025-04-26,2
29,2025-04-12,2025-05-03,3,24.664337158203125,3.2451024,log,2025-04-12,2025-05-03,3
29,2025-04-12,2025-05-10,4,20.847238540649414,3.0840745,log,2025-04-12,2025-05-10,4
30,2025-04-12,2025-04-19,1,17.104639053344727,2.8961682,log,2025-04-12,2025-04-19,1
30,2025-04-12,2025-04-26,2,9.165600776672363,2.3190095,log,2025-04-12,2025-04-26,2
30,2025-04-12,2025-05-03,3,4.239291191101074,1.6561862,log,2025-04-12,2025-05-03,3
30,2025-04-12,2025-05-10,4,2.6388261318206787,1.2916611,log,2025-04-12,2025-05-10,4
31,2025-04-12,2025-04-19,1,10.896153450012207,2.4762151,log,2025-04-12,2025-04-19,1
31,2025-04-12,2025-04-26,2,5.516082763671875,1.8742734,log,2025-04-12,2025-04-26,2
31,2025-04-12,2025-05-03,3,3.3789329528808594,1.4768051,log,2025-04-12,2025-05-03,3
31,2025-04-12,2025-05-10,4,2.370788335800171,1.2151467,log,2025-04-12,2025-05-10,4
32,2025-04-12,2025-04-19,1,33.169010162353516,3.5313191,log,2025-04-12,2025-04-19,1
32,2025-04-12,2025-04-26,2,24.992156982421875,3.2577949,log,2025-04-12,2025-04-26,2
32,2025-04-12,2025-05-03,3,15.61180591583252,2.8101137,log,2025-04-12,2025-05-03,3
32,2025-04-12,2025-05-10,4,10.472718238830566,2.439972,log,2025-04-12,2025-05-10,4
33,2025-04-12,2025-04-19,1,13.528470993041992,2.6761103,log,2025-04-12,2025-04-19,1
33,2025-04-12,2025-04-26,2,5.85938835144043,1.9256183,log,2025-04-12,2025-04-26,2
33,2025-04-12,2025-05-03,3,3.7685799598693848,1.5620486,log,2025-04-12,2025-05-03,3
33,2025-04-12,2025-05-10,4,2.7549710273742676,1.3230805,log,2025-04-12,2025-05-10,4
34,2025-04-12,2025-04-19,1,108.97200775146484,4.700226,log,2025-04-12,2025-04-19,1
34,2025-04-12,2025-04-26,2,75.12886810302734,4.3324275,log,2025-04-12,2025-04-26,2
34,2025-04-12,2025-05-03,3,39.013736724853516,3.6892228,log,2025-04-12,2025-05-03,3
34,2025-04-12,2025-05-10,4,29.246196746826172,3.4093704,log,2025-04-12,2025-05-10,4
35,2025-04-12,2025-04-19,1,22.82622528076172,3.1707869,log,2025-04-12,2025-04-19,1
35,2025-04-12,2025-04-26,2,13.446285247802734,2.6704373,log,2025-04-12,2025-04-26,2
35,2025-04-12,2025-05-03,3,7.266849040985107,2.1122534,log,2025-04-12,2025-05-03,3
35,2025-04-12,2025-05-10,4,4.143824100494385,1.6377968,log,2025-04-12,2025-05-10,4
36,2025-04-12,2025-04-19,1,306.44384765625,5.7282925,log,2025-04-12,2025-04-19,1
36,2025-04-12,2025-04-26,2,197.72389221191406,5.2919164,log,2025-04-12,2025-04-26,2
36,2025-04-12,2025-05-03,3,70.15934753417969,4.2649217,log,2025-04-12,2025-05-03,3
36,2025-04-12,2025-05-10,4,63.27145004272461,4.1631155,log,2025-04-12,2025-05-10,4
37,2025-04-12,2025-04-19,1,68.86743927001953,4.2465997,log,2025-04-12,2025-04-19,1
37,2025-04-12,2025-04-26,2,41.95728302001953,3.7602062,log,2025-04-12,2025-04-26,2
37,2025-04-12,2025-05-03,3,22.09206771850586,3.1394892,log,2025-04-12,2025-05-03,3
37,2025-04-12,2025-05-10,4,15.272066116333008,2.78945,log,2025-04-12,2025-05-10,4
38,2025-04-12,2025-04-19,1,8.89138412475586,2.2916641,log,2025-04-12,2025-04-19,1
38,2025-04-12,2025-04-26,2,5.20282506942749,1.8250048,log,2025-04-12,2025-04-26,2
38,2025-04-12,2025-05-03,3,2.867291212081909,1.3525543,log,2025-04-12,2025-05-03,3
38,2025-04-12,2025-05-10,4,1.7456871271133423,1.0100313,log,2025-04-12,2025-05-10,4
39,2025-04-12,2025-04-19,1,107.386474609375,4.6857033,log,2025-04-12,2025-04-19,1
39,2025-04-12,2025-04-26,2,78.022216796875,4.369729,log,2025-04-12,2025-04-26,2
39,2025-04-12,2025-05-03,3,47.431331634521484,3.880147,log,2025-04-12,2025-05-03,3
39,2025-04-12,2025-05-10,4,35.254364013671875,3.5905597,log,2025-04-12,2025-05-10,4
40,2025-04-12,2025-04-19,1,17.171785354614258,2.8998702,log,2025-04-12,2025-04-19,1
40,2025-04-12,2025-04-26,2,12.053900718688965,2.569087,log,2025-04-12,2025-04-26,2
40,2025-04-12,2025-05-03,3,6.861362934112549,2.06196,log,2025-04-12,2025-05-03,3
40,2025-04-12,2025-05-10,4,4.385493755340576,1.683709,log,2025-04-12,2025-05-10,4
41,2025-04-12,2025-04-19,1,36.7396354675293,3.6307108,log,2025-04-12,2025-04-19,1
41,2025-04-12,2025-04-26,2,23.889780044555664,3.2144573,log,2025-04-12,2025-04-26,2
41,2025-04-12,2025-05-03,3,13.92888355255127,2.7032979,log,2025-04-12,2025-05-03,3
41,2025-04-12,2025-05-10,4,9.89681339263916,2.3884704,log,2025-04-12,2025-05-10,4
42,2025-04-12,2025-04-19,1,330.7282409667969,5.804316,log,2025-04-12,2025-04-19,1
42,2025-04-12,2025-04-26,2,231.21778869628906,5.4476757,log,2025-04-12,2025-04-26,2
42,2025-04-12,2025-05-03,3,101.72120666503906,4.6320186,log,2025-04-12,2025-05-03,3
42,2025-04-12,2025-05-10,4,65.4699935913086,4.1967506,log,2025-04-12,2025-05-10,4
44,2025-04-12,2025-04-19,1,16.366750717163086,2.8545575,log,2025-04-12,2025-04-19,1
44,2025-04-12,2025-04-26,2,8.764045715332031,2.2787068,log,2025-04-12,2025-04-26,2
44,2025-04-12,2025-05-03,3,5.532681941986084,1.8768176,log,2025-04-12,2025-05-03,3
44,2025-04-12,2025-05-10,4,4.062535762786865,1.6218675,log,2025-04-12,2025-05-10,4
45,2025-04-12,2025-04-19,1,30.637340545654297,3.454338,log,2025-04-12,2025-04-19,1
45,2025-04-12,2025-04-26,2,19.923816680908203,3.040888,log,2025-04-12,2025-04-26,2
45,2025-04-12,2025-05-03,3,12.028116226196289,2.5671098,log,2025-04-12,2025-05-03,3
45,2025-04-12,2025-05-10,4,10.814667701721191,2.4693418,log,2025-04-12,2025-05-10,4
46,2025-04-12,2025-04-19,1,4.493139743804932,1.7035,log,2025-04-12,2025-04-19,1
46,2025-04-12,2025-04-26,2,2.5570998191833496,1.2689456,log,2025-04-12,2025-04-26,2
46,2025-04-12,2025-05-03,3,1.3114471435546875,0.8378738,log,2025-04-12,2025-05-03,3
46,2025-04-12,2025-05-10,4,0.8046116828918457,0.59034544,log,2025-04-12,2025-05-10,4
47,2025-04-12,2025-04-19,1,80.22859191894531,4.3972673,log,2025-04-12,2025-04-19,1
47,2025-04-12,2025-04-26,2,49.330284118652344,3.918607,log,2025-04-12,2025-04-26,2
47,2025-04-12,2025-05-03,3,30.753358840942383,3.4579985,log,2025-04-12,2025-05-03,3
47,2025-04-12,2025-05-10,4,21.96637725830078,3.1340313,log,2025-04-12,2025-05-10,4
48,2025-04-12,2025-04-19,1,161.06561279296875,5.0880013,log,2025-04-12,2025-04-19,1
48,2025-04-12,2025-04-26,2,133.90072631835938,4.904539,log,2025-04-12,2025-04-26,2
48,2025-04-12,2025-05-03,3,77.64098358154297,4.364893,log,2025-04-12,2025-05-03,3
48,2025-04-12,2025-05-10,4,64.71768188476562,4.185368,log,2025-04-12,2025-05-10,4
49,2025-04-12,2025-04-19,1,24.654769897460938,3.2447295,log,2025-04-12,2025-04-19,1
49,2025-04-12,2025-04-26,2,13.890599250793457,2.70073,log,2025-04-12,2025-04-26,2
49,2025-04-12,2025-05-03,3,6.367188930511475,1.9970362,log,2025-04-12,2025-05-03,3
49,2025-04-12,2025-05-10,4,3.2993083000183105,1.4584541,log,2025-04-12,2025-05-10,4
50,2025-04-12,2025-04-19,1,8.218023300170898,2.2211607,log,2025-04-12,2025-04-19,1
50,2025-04-12,2025-04-26,2,4.901083469390869,1.775136,log,2025-04-12,2025-04-26,2
50,2025-04-12,2025-05-03,3,2.5456907749176025,1.265733,log,2025-04-12,2025-05-03,3
50,2025-04-12,2025-05-10,4,1.4531290531158447,0.8973644,log,2025-04-12,2025-05-10,4
51,2025-04-12,2025-04-19,1,69.8369140625,4.2603803,log,2025-04-12,2025-04-19,1
51,2025-04-12,2025-04-26,2,44.20639419555664,3.8112385,log,2025-04-12,2025-04-26,2
51,2025-04-12,2025-05-03,3,28.144489288330078,3.3722658,log,2025-04-12,2025-05-03,3
51,2025-04-12,2025-05-10,4,20.532489776611328,3.069563,log,2025-04-12,2025-05-10,4
53,2025-04-12,2025-04-19,1,53.15355682373047,3.9918237,log,2025-04-12,2025-04-19,1
53,2025-04-12,2025-04-26,2,48.8554801940918,3.9091284,log,2025-04-12,2025-04-26,2
53,2025-04-12,2025-05-03,3,23.560914993286133,3.2011564,log,2025-04-12,2025-05-03,3
53,2025-04-12,2025-05-10,4,18.36833381652832,2.9636395,log,2025-04-12,2025-05-10,4
54,2025-04-12,2025-04-19,1,41.069583892822266,3.739325,log,2025-04-12,2025-04-19,1
54,2025-04-12,2025-04-26,2,22.08256721496582,3.1390777,log,2025-04-12,2025-04-26,2
54,2025-04-12,2025-05-03,3,9.484668731689453,2.349914,log,2025-04-12,2025-05-03,3
54,2025-04-12,2025-05-10,4,6.537771224975586,2.0199265,log,2025-04-12,2025-05-10,4
55,2025-04-12,2025-04-19,1,44.054237365722656,3.807867,log,2025-04-12,2025-04-19,1
55,2025-04-12,2025-04-26,2,30.41458511352539,3.4472723,log,2025-04-12,2025-04-26,2
55,2025-04-12,2025-05-03,3,21.657140731811523,3.120475,log,2025-04-12,2025-05-03,3
55,2025-04-12,2025-05-10,4,17.645854949951172,2.925624,log,2025-04-12,2025-05-10,4
56,2025-04-12,2025-04-19,1,3.6820380687713623,1.5437335,log,2025-04-12,2025-04-19,1
56,2025-04-12,2025-04-26,2,1.5417662858963013,0.93285924,log,2025-04-12,2025-04-26,2
56,2025-04-12,2025-05-03,3,0.6207864284515381,0.4829115,log,2025-04-12,2025-05-03,3
56,2025-04-12,2025-05-10,4,0.5756558775901794,0.45467162,log,2025-04-12,2025-05-10,4
72,2025-04-12,2025-04-19,1,198.518798828125,5.2959085,log,2025-04-12,2025-04-19,1
72,2025-04-12,2025-04-26,2,135.6174774169922,4.917185,log,2025-04-12,2025-04-26,2
72,2025-04-12,2025-05-03,3,76.47332000732422,4.3499336,log,2025-04-12,2025-05-03,3
72,2025-04-12,2025-05-10,4,45.33807373046875,3.835964,log,2025-04-12,2025-05-10,4
US,2025-04-12,2025-04-19,1,1518.0,6.554098,log,2025-04-12,2025-04-19,1
US,2025-04-12,2025-04-26,2,432.62999999999994,6.0678463,log,2025-04-12,2025-04-26,2
US,2025-04-12,2025-05-03,3,187.81883239746094,5.240788,log,2025-04-12,2025-05-03,3
US,2025-04-12,2025-05-10,4,118.78059387207031,4.7856617,log,2025-04-12,2025-05-10,4
01,2025-04-19,2025-04-26,1,29.600196838378906,3.4210064,log,2025-04-19,2025-04-26,1
01,2025-04-19,2025-05-03,2,15.402653694152832,2.7974432,log,2025-04-19,2025-05-03,2
01,2025-04-19,2025-05-10,3,8.23835563659668,2.2233639,log,2025-04-19,2025-05-10,3
01,2025-04-19,2025-05-17,4,5.176075458526611,1.820683,log,2025-04-19,2025-05-17,4
02,2025-04-19,2025-04-26,1,8.82969856262207,2.2854083,log,2025-04-19,2025-04-26,1
02,2025-04-19,2025-05-03,2,5.466943740844727,1.8667036,log,2025-04-19,2025-05-03,2
02,2025-04-19,2025-05-10,3,3.3560688495635986,1.47157,log,2025-04-19,2025-05-10,3
02,2025-04-19,2025-05-17,4,1.690428376197815,0.98970044,log,2025-04-19,2025-05-17,4
04,2025-04-19,2025-04-26,1,65.50940704345703,4.1973433,log,2025-04-19,2025-04-26,1
04,2025-04-19,2025-05-03,2,40.44085693359375,3.7242672,log,2025-04-19,2025-05-03,2
04,2025-04-19,2025-05-10,3,34.399688720703125,3.566703,log,2025-04-19,2025-05-10,3
04,2025-04-19,2025-05-17,4,26.357440948486328,3.3089886,log,2025-04-19,2025-05-17,4
05,2025-04-19,2025-04-26,1,17.483747482299805,2.9168918,log,2025-04-19,2025-04-26,1
05,2025-04-19,2025-05-03,2,9.698946952819824,2.3701453,log,2025-04-19,2025-05-03,2
05,2025-04-19,2025-05-10,3,8.006131172180176,2.1979055,log,2025-04-19,2025-05-10,3
05,2025-04-19,2025-05-17,4,5.812607765197754,1.918775,log,2025-04-19,2025-05-17,4
06,2025-04-19,2025-04-26,1,292.1807861328125,5.6807895,log,2025-04-19,2025-04-26,1
06,2025-04-19,2025-05-03,2,210.79310607910156,5.35561,log,2025-04-19,2025-05-03,2
06,2025-04-19,2025-05-10,3,144.99501037597656,4.9835725,log,2025-04-19,2025-05-10,3
06,2025-04-19,2025-05-17,4,109.96746826171875,4.709237,log,2025-04-19,2025-05-17,4
08,2025-04-19,2025-04-26,1,25.627290725708008,3.2819366,log,2025-04-19,2025-04-26,1
08,2025-04-19,2025-05-03,2,15.783610343933105,2.8204029,log,2025-04-19,2025-05-03,2
08,2025-04-19,2025-05-10,3,10.82820987701416,2.4704874,log,2025-04-19,2025-05-10,3
08,2025-04-19,2025-05-17,4,6.590097904205322,2.0268445,log,2025-04-19,2025-05-17,4
09,2025-04-19,2025-04-26,1,22.856903076171875,3.1720736,log,2025-04-19,2025-04-26,1
09,2025-04-19,2025-05-03,2,17.1223201751709,2.8971443,log,2025-04-19,2025-05-03,2
09,2025-04-19,2025-05-10,3,12.239269256591797,2.5831873,log,2025-04-19,2025-05-10,3
09,2025-04-19,2025-05-17,4,7.521671295166016,2.1426125,log,2025-04-19,2025-05-17,4
10,2025-04-19,2025-04-26,1,5.4488654136657715,1.8639042,log,2025-04-19,2025-04-26,1
10,2025-04-19,2025-05-03,2,3.783621072769165,1.5651978,log,2025-04-19,2025-05-03,2
10,2025-04-19,2025-05-10,3,2.203305959701538,1.1641834,log,2025-04-19,2025-05-10,3
10,2025-04-19,2025-05-17,4,1.241431713104248,0.80711484,log,2025-04-19,2025-05-17,4
11,2025-04-19,2025-04-26,1,3.805471181869507,1.5697551,log,2025-04-19,2025-04-26,1
11,2025-04-19,2025-05-03,2,2.6116726398468018,1.284171,log,2025-04-19,2025-05-03,2
11,2025-04-19,2025-05-10,3,1.4653346538543701,0.90232754,log,2025-04-19,2025-05-10,3
11,2025-04-19,2025-05-17,4,0.7256696820259094,0.5456152,log,2025-04-19,2025-05-17,4
12,2025-04-19,2025-04-26,1,244.61964416503906,5.503784,log,2025-04-19,2025-04-26,1
12,2025-04-19,2025-05-03,2,181.62791442871094,5.207451,log,2025-04-19,2025-05-03,2
12,2025-04-19,2025-05-10,3,104.15550994873047,4.6554403,log,2025-04-19,2025-05-10,3
12,2025-04-19,2025-05-17,4,52.75130081176758,3.9843678,log,2025-04-19,2025-05-17,4
13,2025-04-19,2025-04-26,1,49.5423469543457,3.9228115,log,2025-04-19,2025-04-26,1
13,2025-04-19,2025-05-03,2,26.709226608276367,3.3217654,log,2025-04-19,2025-05-03,2
13,2025-04-19,2025-05-10,3,20.636966705322266,3.0744033,log,2025-04-19,2025-05-10,3
13,2025-04-19,2025-05-17,4,18.152976989746094,2.9524581,log,2025-04-19,2025-05-17,4
15,2025-04-19,2025-04-26,1,16.211864471435547,2.845599,log,2025-04-19,2025-04-26,1
15,2025-04-19,2025-05-03,2,11.4783353805542,2.523994,log,2025-04-19,2025-05-03,2
15,2025-04-19,2025-05-10,3,6.797489166259766,2.0538018,log,2025-04-19,2025-05-10,3
15,2025-04-19,2025-05-17,4,3.9740757942199707,1.6042396,log,2025-04-19,2025-05-17,4
16,2025-04-19,2025-04-26,1,9.147643089294434,2.3172414,log,2025-04-19,2025-04-26,1
16,2025-04-19,2025-05-03,2,4.805583953857422,1.7588202,log,2025-04-19,2025-05-03,2
16,2025-04-19,2025-05-10,3,3.5172524452209473,1.5079039,log,2025-04-19,2025-05-10,3
16,2025-04-19,2025-05-17,4,2.1426210403442383,1.1450572,log,2025-04-19,2025-05-17,4
17,2025-04-19,2025-04-26,1,105.45072174072266,4.667682,log,2025-04-19,2025-04-26,1
17,2025-04-19,2025-05-03,2,68.99171447753906,4.248377,log,2025-04-19,2025-05-03,2
17,2025-04-19,2025-05-10,3,41.89124298095703,3.7586677,log,2025-04-19,2025-05-10,3
17,2025-04-19,2025-05-17,4,25.54886245727539,3.278987,log,2025-04-19,2025-05-17,4
18,2025-04-19,2025-04-26,1,44.727474212646484,3.8226993,log,2025-04-19,2025-04-26,1
18,2025-04-19,2025-05-03,2,26.502750396728516,3.314286,log,2025-04-19,2025-05-03,2
18,2025-04-19,2025-05-10,3,14.491247177124023,2.7402751,log,2025-04-19,2025-05-10,3
18,2025-04-19,2025-05-17,4,11.478269577026367,2.5239887,log,2025-04-19,2025-05-17,4
19,2025-04-19,2025-04-26,1,10.071374893188477,2.404363,log,2025-04-19,2025-04-26,1
19,2025-04-19,2025-05-03,2,6.94219970703125,2.0721903,log,2025-04-19,2025-05-03,2
19,2025-04-19,2025-05-10,3,4.223649501800537,1.6531963,log,2025-04-19,2025-05-10,3
19,2025-04-19,2025-05-17,4,3.5601794719696045,1.517362,log,2025-04-19,2025-05-17,4
20,2025-04-19,2025-04-26,1,19.147499084472656,3.0030801,log,2025-04-19,2025-04-26,1
20,2025-04-19,2025-05-03,2,11.171180725097656,2.499071,log,2025-04-19,2025-05-03,2
20,2025-04-19,2025-05-10,3,7.614106178283691,2.1534011,log,2025-04-19,2025-05-10,3
20,2025-04-19,2025-05-17,4,6.670506000518799,2.0373826,log,2025-04-19,2025-05-17,4
21,2025-04-19,2025-04-26,1,43.804542541503906,3.8023095,log,2025-04-19,2025-04-26,1
21,2025-04-19,2025-05-03,2,22.415987014770508,3.153419,log,2025-04-19,2025-05-03,2
21,2025-04-19,2025-05-10,3,12.15981674194336,2.577168,log,2025-04-19,2025-05-10,3
21,2025-04-19,2025-05-17,4,9.578630447387695,2.358836,log,2025-04-19,2025-05-17,4
22,2025-04-19,2025-04-26,1,53.6053352355957,4.0001316,log,2025-04-19,2025-04-26,1
22,2025-04-19,2025-05-03,2,32.67192077636719,3.5166643,log,2025-04-19,2025-05-03,2
22,2025-04-19,2025-05-10,3,16.44377899169922,2.858983,log,2025-04-19,2025-05-10,3
22,2025-04-19,2025-05-17,4,10.743117332458496,2.4632673,log,2025-04-19,2025-05-17,4
23,2025-04-19,2025-04-26,1,17.898632049560547,2.9390895,log,2025-04-19,2025-04-26,1
23,2025-04-19,2025-05-03,2,10.04332447052002,2.4018261,log,2025-04-19,2025-05-03,2
23,2025-04-19,2025-05-10,3,5.010820388793945,1.7935612,log,2025-04-19,2025-05-10,3
23,2025-04-19,2025-05-17,4,2.4846057891845703,1.2483549,log,2025-04-19,2025-05-17,4
24,2025-04-19,2025-04-26,1,48.282623291015625,3.8975716,log,2025-04-19,2025-04-26,1
24,2025-04-19,2025-05-03,2,29.491422653198242,3.4174454,log,2025-04-19,2025-05-03,2
24,2025-04-19,2025-05-10,3,18.29945945739746,2.960077,log,2025-04-19,2025-05-10,3
24,2025-04-19,2025-05-17,4,11.502781867980957,2.5259511,log,2025-04-19,2025-05-17,4
25,2025-04-19,2025-04-26,1,55.50614929199219,4.0343494,log,2025-04-19,2025-04-26,1
25,2025-04-19,2025-05-03,2,37.582393646240234,3.652796,log,2025-04-19,2025-05-03,2
25,2025-04-19,2025-05-10,3,25.345989227294922,3.271316,log,2025-04-19,2025-05-10,3
25,2025-04-19,2025-05-17,4,20.4951171875,3.0678258,log,2025-04-19,2025-05-17,4
26,2025-04-19,2025-04-26,1,141.4343719482422,4.9588814,log,2025-04-19,2025-04-26,1
26,2025-04-19,2025-05-03,2,76.47298431396484,4.3499293,log,2025-04-19,2025-05-03,2
26,2025-04-19,2025-05-10,3,37.16798400878906,3.641997,log,2025-04-19,2025-05-10,3
26,2025-04-19,2025-05-17,4,30.061500549316406,3.435969,log,2025-04-19,2025-05-17,4
27,2025-04-19,2025-04-26,1,29.501842498779297,3.417787,log,2025-04-19,2025-04-26,1
27,2025-04-19,2025-05-03,2,18.35995101928711,2.9632065,log,2025-04-19,2025-05-03,2
27,2025-04-19,2025-05-10,3,11.978788375854492,2.5633163,log,2025-04-19,2025-05-10,3
27,2025-04-19,2025-05-17,4,9.101431846618652,2.3126771,log,2025-04-19,2025-05-17,4
28,2025-04-19,2025-04-26,1,17.598756790161133,2.9230947,log,2025-04-19,2025-04-26,1
28,2025-04-19,2025-05-03,2,10.557926177978516,2.4473715,log,2025-04-19,2025-05-03,2
28,2025-04-19,2025-05-10,3,7.564527988433838,2.147629,log,2025-04-19,2025-05-10,3
28,2025-04-19,2025-05-17,4,4.48726749420166,1.7024304,log,2025-04-19,2025-05-17,4
29,2025-04-19,2025-04-26,1,68.76140594482422,4.245081,log,2025-04-19,2025-04-26,1
29,2025-04-19,2025-05-03,2,38.75495529174805,3.6827345,log,2025-04-19,2025-05-03,2
29,2025-04-19,2025-05-10,3,28.852920532226562,3.3962827,log,2025-04-19,2025-05-10,3
29,2025-04-19,2025-05-17,4,21.128257751464844,3.0968554,log,2025-04-19,2025-05-17,4
30,2025-04-19,2025-04-26,1,12.927906036376953,2.6338944,log,2025-04-19,2025-04-26,1
30,2025-04-19,2025-05-03,2,8.115365028381348,2.2099614,log,2025-04-19,2025-05-03,2
30,2025-04-19,2025-05-10,3,4.042270183563232,1.6178564,log,2025-04-19,2025-05-10,3
30,2025-04-19,2025-05-17,4,1.9706346988677979,1.0887756,log,2025-04-19,2025-05-17,4
31,2025-04-19,2025-04-26,1,10.803146362304688,2.4683661,log,2025-04-19,2025-04-26,1
31,2025-04-19,2025-05-03,2,6.087973117828369,1.9583994,log,2025-04-19,2025-05-03,2
31,2025-04-19,2025-05-10,3,3.8976364135742188,1.5887527,log,2025-04-19,2025-05-10,3
31,2025-04-19,2025-05-17,4,2.728200674057007,1.3159257,log,2025-04-19,2025-05-17,4
32,2025-04-19,2025-04-26,1,33.85799789428711,3.5512826,log,2025-04-19,2025-04-26,1
32,2025-04-19,2025-05-03,2,24.934118270874023,3.2555594,log,2025-04-19,2025-05-03,2
32,2025-04-19,2025-05-10,3,17.57903480529785,2.9220338,log,2025-04-19,2025-05-10,3
32,2025-04-19,2025-05-17,4,10.736682891845703,2.4627192,log,2025-04-19,2025-05-17,4
33,2025-04-19,2025-04-26,1,13.135330200195312,2.6486773,log,2025-04-19,2025-04-26,1
33,2025-04-19,2025-05-03,2,11.36890983581543,2.515186,log,2025-04-19,2025-05-03,2
33,2025-04-19,2025-05-10,3,6.465148448944092,2.0102453,log,2025-04-19,2025-05-10,3
33,2025-04-19,2025-05-17,4,3.752387762069702,1.5586472,log,2025-04-19,2025-05-17,4
34,2025-04-19,2025-04-26,1,103.72896575927734,4.651376,log,2025-04-19,2025-04-26,1
34,2025-04-19,2025-05-03,2,65.6441650390625,4.1993675,log,2025-04-19,2025-05-03,2
34,2025-04-19,2025-05-10,3,46.58512496948242,3.8625202,log,2025-04-19,2025-05-10,3
34,2025-04-19,2025-05-17,4,29.221853256225586,3.4085653,log,2025-04-19,2025-05-17,4
35,2025-04-19,2025-04-26,1,18.533283233642578,2.9721198,log,2025-04-19,2025-04-26,1
35,2025-04-19,2025-05-03,2,10.082984924316406,2.405411,log,2025-04-19,2025-05-03,2
35,2025-04-19,2025-05-10,3,6.268278121948242,1.9835194,log,2025-04-19,2025-05-10,3
35,2025-04-19,2025-05-17,4,3.486464262008667,1.5010649,log,2025-04-19,2025-05-17,4
36,2025-04-19,2025-04-26,1,190.34751892089844,5.2540913,log,2025-04-19,2025-04-26,1
36,2025-04-19,2025-05-03,2,129.273193359375,4.8696337,log,2025-04-19,2025-05-03,2
36,2025-04-19,2025-05-10,3,58.67427444458008,4.088901,log,2025-04-19,2025-05-10,3
36,2025-04-19,2025-05-17,4,38.4476203918457,3.6749737,log,2025-04-19,2025-05-17,4
37,2025-04-19,2025-04-26,1,42.643104553222656,3.7760453,log,2025-04-19,2025-04-26,1
37,2025-04-19,2025-05-03,2,24.66475486755371,3.2451186,log,2025-04-19,2025-05-03,2
37,2025-04-19,2025-05-10,3,13.494437217712402,2.673765,log,2025-04-19,2025-05-10,3
37,2025-04-19,2025-05-17,4,10.1133451461792,2.4081466,log,2025-04-19,2025-05-17,4
38,2025-04-19,2025-04-26,1,8.887397766113281,2.291261,log,2025-04-19,2025-04-26,1
38,2025-04-19,2025-05-03,2,6.130542278289795,1.9643873,log,2025-04-19,2025-05-03,2
38,2025-04-19,2025-05-10,3,3.6972854137420654,1.5469848,log,2025-04-19,2025-05-10,3
38,2025-04-19,2025-05-17,4,2.131493330001831,1.14151,log,2025-04-19,2025-05-17,4
39,2025-04-19,2025-04-26,1,70.56786346435547,4.270646,log,2025-04-19,2025-04-26,1
39,2025-04-19,2025-05-03,2,52.06475830078125,3.971513,log,2025-04-19,2025-05-03,2
39,2025-04-19,2025-05-10,3,28.7596492767334,3.3931534,log,2025-04-19,2025-05-10,3
39,2025-04-19,2025-05-17,4,28.335159301757812,3.3787868,log,2025-04-19,2025-05-17,4
40,2025-04-19,2025-04-26,1,12.802471160888672,2.6248477,log,2025-04-19,2025-04-26,1
40,2025-04-19,2025-05-03,2,8.815550804138184,2.283968,log,2025-04-19,2025-05-03,2
40,2025-04-19,2025-05-10,3,6.053204536437988,1.953482,log,2025-04-19,2025-05-10,3
40,2025-04-19,2025-05-17,4,5.099390029907227,1.8081888,log,2025-04-19,2025-05-17,4
41,2025-04-19,2025-04-26,1,29.280498504638672,3.4105039,log,2025-04-19,2025-04-26,1
41,2025-04-19,2025-05-03,2,19.303077697753906,3.0107725,log,2025-04-19,2025-05-03,2
41,2025-04-19,2025-05-10,3,11.479403495788574,2.5240796,log,2025-04-19,2025-05-10,3
41,2025-04-19,2025-05-17,4,7.801135540008545,2.1748807,log,2025-04-19,2025-05-17,4
42,2025-04-19,2025-04-26,1,340.5699157714844,5.8335524,log,2025-04-19,2025-04-26,1
42,2025-04-19,2025-05-03,2,210.17755126953125,5.3526993,log,2025-04-19,2025-05-03,2
42,2025-04-19,2025-05-10,3,135.9194793701172,4.919393,log,2025-04-19,2025-05-10,3
42,2025-04-19,2025-05-17,4,72.5882797241211,4.2984858,log,2025-04-19,2025-05-17,4
44,2025-04-19,2025-04-26,1,12.836176872253418,2.6272867,log,2025-04-19,2025-04-26,1
44,2025-04-19,2025-05-03,2,8.219032287597656,2.22127,log,2025-04-19,2025-05-03,2
44,2025-04-19,2025-05-10,3,5.388148784637451,1.8544445,log,2025-04-19,2025-05-10,3
44,2025-04-19,2025-05-17,4,3.649078369140625,1.536669,log,2025-04-19,2025-05-17,4
45,2025-04-19,2025-04-26,1,21.851715087890625,3.1290262,log,2025-04-19,2025-04-26,1
45,2025-04-19,2025-05-03,2,14.89905834197998,2.76626,log,2025-04-19,2025-05-03,2
45,2025-04-19,2025-05-10,3,11.142104148864746,2.496679,log,2025-04-19,2025-05-10,3
45,2025-04-19,2025-05-17,4,8.857772827148438,2.2882602,log,2025-04-19,2025-05-17,4
46,2025-04-19,2025-04-26,1,6.300897598266602,1.9879973,log,2025-04-19,2025-04-26,1
46,2025-04-19,2025-05-03,2,4.877528667449951,1.7711364,log,2025-04-19,2025-05-03,2
46,2025-04-19,2025-05-10,3,3.7678353786468506,1.5618924,log,2025-04-19,2025-05-10,3
46,2025-04-19,2025-05-17,4,2.7807037830352783,1.3299102,log,2025-04-19,2025-05-17,4
47,2025-04-19,2025-04-26,1,46.93169403076172,3.869777,log,2025-04-19,2025-04-26,1
47,2025-04-19,2025-05-03,2,27.273916244506836,3.3419397,log,2025-04-19,2025-05-03,2
47,2025-04-19,2025-05-10,3,19.756874084472656,3.0328774,log,2025-04-19,2025-05-10,3
47,2025-04-19,2025-05-17,4,17.17586326599121,2.9000945,log,2025-04-19,2025-05-17,4
48,2025-04-19,2025-04-26,1,242.84271240234375,5.4965234,log,2025-04-19,2025-04-26,1
48,2025-04-19,2025-05-03,2,190.6234588623047,5.2555323,log,2025-04-19,2025-05-03,2
48,2025-04-19,2025-05-10,3,114.93109130859375,4.752996,log,2025-04-19,2025-05-10,3
48,2025-04-19,2025-05-17,4,80.0378646850586,4.3949165,log,2025-04-19,2025-05-17,4
49,2025-04-19,2025-04-26,1,19.340423583984375,3.0126102,log,2025-04-19,2025-04-26,1
49,2025-04-19,2025-05-03,2,12.032947540283203,2.5674806,log,2025-04-19,2025-05-03,2
49,2025-04-19,2025-05-10,3,7.3084025382995605,2.1172674,log,2025-04-19,2025-05-10,3
49,2025-04-19,2025-05-17,4,4.483964443206787,1.7018282,log,2025-04-19,2025-05-17,4
50,2025-04-19,2025-04-26,1,7.272408962249756,2.1129258,log,2025-04-19,2025-04-26,1
50,2025-04-19,2025-05-03,2,4.0188164710998535,1.6131941,log,2025-04-19,2025-05-03,2
50,2025-04-19,2025-05-10,3,2.8235487937927246,1.341179,log,2025-04-19,2025-05-10,3
50,2025-04-19,2025-05-17,4,1.153059482574463,0.76688987,log,2025-04-19,2025-05-17,4
51,2025-04-19,2025-04-26,1,44.66576385498047,3.821349,log,2025-04-19,2025-04-26,1
51,2025-04-19,2025-05-03,2,27.64519500732422,3.3549857,log,2025-04-19,2025-05-03,2
51,2025-04-19,2025-05-10,3,18.446565628051758,2.9676704,log,2025-04-19,2025-05-10,3
51,2025-04-19,2025-05-17,4,13.816118240356445,2.6957157,log,2025-04-19,2025-05-17,4
53,2025-04-19,2025-04-26,1,29.04130744934082,3.4025733,log,2025-04-19,2025-04-26,1
53,2025-04-19,2025-05-03,2,18.93459129333496,2.9924564,log,2025-04-19,2025-05-03,2
53,2025-04-19,2025-05-10,3,13.812183380126953,2.69545,log,2025-04-19,2025-05-10,3
53,2025-04-19,2025-05-17,4,9.845409393310547,2.3837419,log,2025-04-19,2025-05-17,4
54,2025-04-19,2025-04-26,1,17.24319076538086,2.903792,log,2025-04-19,2025-04-26,1
54,2025-04-19,2025-05-03,2,8.540926933288574,2.2555907,log,2025-04-19,2025-05-03,2
54,2025-04-19,2025-05-10,3,6.7035393714904785,2.0416799,log,2025-04-19,2025-05-10,3
54,2025-04-19,2025-05-17,4,3.893892526626587,1.587988,log,2025-04-19,2025-05-17,4
55,2025-04-19,2025-04-26,1,31.350238800048828,3.4766214,log,2025-04-19,2025-04-26,1
55,2025-04-19,2025-05-03,2,19.895292282104492,3.0395238,log,2025-04-19,2025-05-03,2
55,2025-04-19,2025-05-10,3,13.251691818237305,2.6568756,log,2025-04-19,2025-05-10,3
55,2025-04-19,2025-05-17,4,11.207777976989746,2.5020733,log,2025-04-19,2025-05-17,4
56,2025-04-19,2025-04-26,1,2.125347375869751,1.1395454,log,2025-04-19,2025-04-26,1
56,2025-04-19,2025-05-03,2,1.1319197416305542,0.75702286,log,2025-04-19,2025-05-03,2
56,2025-04-19,2025-05-10,3,0.5855370163917542,0.46092317,log,2025-04-19,2025-05-10,3
56,2025-04-19,2025-05-17,4,0.14931192994117737,0.09052847,log,2025-04-19,2025-05-17,4
72,2025-04-19,2025-04-26,1,164.26214599609375,5.107533,log,2025-04-19,2025-04-26,1
72,2025-04-19,2025-05-03,2,117.70951843261719,4.7766795,log,2025-04-19,2025-05-03,2
72,2025-04-19,2025-05-10,3,61.9337272644043,4.142082,log,2025-04-19,2025-05-10,3
72,2025-04-19,2025-05-17,4,33.82683181762695,3.550388,log,2025-04-19,2025-05-17,4
US,2025-04-19,2025-04-26,1,1190.1,6.649733,log,2025-04-19,2025-04-26,1
US,2025-04-19,2025-05-03,2,469.955322265625,6.154763,log,2025-04-19,2025-05-03,2
US,2025-04-19,2025-05-10,3,221.20326232910156,5.4035926,log,2025-04-19,2025-05-10,3
US,2025-04-19,2025-05-17,4,126.48213195800781,4.847976,log,2025-04-19,2025-05-17,4
01,2025-04-26,2025-05-03,1,19.0300350189209,2.997233,log,2025-04-26,2025-05-03,1
01,2025-04-26,2025-05-10,2,8.835540771484375,2.2860024,log,2025-04-26,2025-05-10,2
01,2025-04-26,2025-05-17,3,6.562480926513672,2.0231993,log,2025-04-26,2025-05-17,3
01,2025-04-26,2025-05-24,4,4.716363430023193,1.7433329,log,2025-04-26,2025-05-24,4
02,2025-04-26,2025-05-03,1,5.006162166595459,1.792786,log,2025-04-26,2025-05-03,1
02,2025-04-26,2025-05-10,2,2.222041606903076,1.1700152,log,2025-04-26,2025-05-10,2
02,2025-04-26,2025-05-17,3,1.322616696357727,0.84269446,log,2025-04-26,2025-05-17,3
02,2025-04-26,2025-05-24,4,0.7350852489471436,0.55105656,log,2025-04-26,2025-05-24,4
04,2025-04-26,2025-05-03,1,58.41436767578125,4.084536,log,2025-04-26,2025-05-03,1
04,2025-04-26,2025-05-10,2,38.6921272277832,3.6811528,log,2025-04-26,2025-05-10,2
04,2025-04-26,2025-05-17,3,31.576885223388672,3.483603,log,2025-04-26,2025-05-17,3
04,2025-04-26,2025-05-24,4,26.98700714111328,3.3317404,log,2025-04-26,2025-05-24,4
05,2025-04-26,2025-05-03,1,14.913116455078125,2.7671437,log,2025-04-26,2025-05-03,1
05,2025-04-26,2025-05-10,2,8.015220642089844,2.1989143,log,2025-04-26,2025-05-10,2
05,2025-04-26,2025-05-17,3,5.824703693389893,1.9205489,log,2025-04-26,2025-05-17,3
05,2025-04-26,2025-05-24,4,5.239595413208008,1.8309153,log,2025-04-26,2025-05-24,4
06,2025-04-26,2025-05-03,1,180.76739501953125,5.202728,log,2025-04-26,2025-05-03,1
06,2025-04-26,2025-05-10,2,112.24873352050781,4.7295866,log,2025-04-26,2025-05-10,2
06,2025-04-26,2025-05-17,3,79.75080108642578,4.391368,log,2025-04-26,2025-05-17,3
06,2025-04-26,2025-05-24,4,55.60479736328125,4.0360937,log,2025-04-26,2025-05-24,4
08,2025-04-26,2025-05-03,1,25.85750961303711,3.2905455,log,2025-04-26,2025-05-03,1
08,2025-04-26,2025-05-10,2,15.12826156616211,2.7805731,log,2025-04-26,2025-05-10,2
08,2025-04-26,2025-05-17,3,10.457706451416016,2.4386625,log,2025-04-26,2025-05-17,3
08,2025-04-26,2025-05-24,4,8.539573669433594,2.2554488,log,2025-04-26,2025-05-24,4
09,2025-04-26,2025-05-03,1,31.084148406982422,3.468362,log,2025-04-26,2025-05-03,1
09,2025-04-26,2025-05-10,2,21.213397979736328,3.1006956,log,2025-04-26,2025-05-10,2
09,2025-04-26,2025-05-17,3,12.601808547973633,2.6102028,log,2025-04-26,2025-05-17,3
09,2025-04-26,2025-05-24,4,12.355629920959473,2.591938,log,2025-04-26,2025-05-24,4
10,2025-04-26,2025-05-03,1,2.580775737762451,1.2755795,log,2025-04-26,2025-05-03,1
10,2025-04-26,2025-05-10,2,0.8104165196418762,0.59355694,log,2025-04-26,2025-05-10,2
10,2025-04-26,2025-05-17,3,0.5769257545471191,0.4554772,log,2025-04-26,2025-05-17,3
10,2025-04-26,2025-05-24,4,0.35420605540275574,0.30321535,log,2025-04-26,2025-05-24,4
11,2025-04-26,2025-05-03,1,2.8702309131622314,1.3533142,log,2025-04-26,2025-05-03,1
11,2025-04-26,2025-05-10,2,0.968676745891571,0.6773616,log,2025-04-26,2025-05-10,2
11,2025-04-26,2025-05-17,3,0.537139356136322,0.42992312,log,2025-04-26,2025-05-17,3
11,2025-04-26,2025-05-24,4,0.47777849435806274,0.39053994,log,2025-04-26,2025-05-24,4
12,2025-04-26,2025-05-03,1,185.7299346923828,5.2296634,log,2025-04-26,2025-05-03,1
12,2025-04-26,2025-05-10,2,109.31522369384766,4.703342,log,2025-04-26,2025-05-10,2
12,2025-04-26,2025-05-17,3,77.59757232666016,4.364341,log,2025-04-26,2025-05-17,3
12,2025-04-26,2025-05-24,4,49.719383239746094,3.9263082,log,2025-04-26,2025-05-24,4
13,2025-04-26,2025-05-03,1,28.628047943115234,3.3887215,log,2025-04-26,2025-05-03,1
13,2025-04-26,2025-05-10,2,16.05076026916504,2.8361948,log,2025-04-26,2025-05-10,2
13,2025-04-26,2025-05-17,3,12.643326759338379,2.6132505,log,2025-04-26,2025-05-17,3
13,2025-04-26,2025-05-24,4,9.968891143798828,2.3950632,log,2025-04-26,2025-05-24,4
15,2025-04-26,2025-05-03,1,15.843725204467773,2.8239782,log,2025-04-26,2025-05-03,1
15,2025-04-26,2025-05-10,2,10.114558219909668,2.4082558,log,2025-04-26,2025-05-10,2
15,2025-04-26,2025-05-17,3,6.338558197021484,1.9931424,log,2025-04-26,2025-05-17,3
15,2025-04-26,2025-05-24,4,5.330355167388916,1.8453563,log,2025-04-26,2025-05-24,4
16,2025-04-26,2025-05-03,1,12.49121379852295,2.6020386,log,2025-04-26,2025-05-03,1
16,2025-04-26,2025-05-10,2,7.307281494140625,2.1171324,log,2025-04-26,2025-05-10,2
16,2025-04-26,2025-05-17,3,3.862292766571045,1.5815101,log,2025-04-26,2025-05-17,3
16,2025-04-26,2025-05-24,4,3.924523115158081,1.5942274,log,2025-04-26,2025-05-24,4
17,2025-04-26,2025-05-03,1,86.77378845214844,4.474763,log,2025-04-26,2025-05-03,1
17,2025-04-26,2025-05-10,2,52.51441955566406,3.9799511,log,2025-04-26,2025-05-10,2
17,2025-04-26,2025-05-17,3,33.468299865722656,3.54004,log,2025-04-26,2025-05-17,3
17,2025-04-26,2025-05-24,4,23.019859313964844,3.178881,log,2025-04-26,2025-05-24,4
18,2025-04-26,2025-05-03,1,25.110864639282227,3.2623515,log,2025-04-26,2025-05-03,1
18,2025-04-26,2025-05-10,2,11.689702033996582,2.5407908,log,2025-04-26,2025-05-10,2
18,2025-04-26,2025-05-17,3,9.181136131286621,2.3205366,log,2025-04-26,2025-05-17,3
18,2025-04-26,2025-05-24,4,6.829474925994873,2.0578954,log,2025-04-26,2025-05-24,4
19,2025-04-26,2025-05-03,1,8.419617652893066,2.2427945,log,2025-04-26,2025-05-03,1
19,2025-04-26,2025-05-10,2,5.7725396156311035,1.9128761,log,2025-04-26,2025-05-10,2
19,2025-04-26,2025-05-17,3,3.258157968521118,1.4488367,log,2025-04-26,2025-05-17,3
19,2025-04-26,2025-05-24,4,2.8625295162200928,1.3513223,log,2025-04-26,2025-05-24,4
20,2025-04-26,2025-05-03,1,7.949694633483887,2.1916194,log,2025-04-26,2025-05-03,1
20,2025-04-26,2025-05-10,2,4.655364036560059,1.7326045,log,2025-04-26,2025-05-10,2
20,2025-04-26,2025-05-17,3,3.3147318363189697,1.4620352,log,2025-04-26,2025-05-17,3
20,2025-04-26,2025-05-24,4,2.8798489570617676,1.3557962,log,2025-04-26,2025-05-24,4
21,2025-04-26,2025-05-03,1,21.876562118530273,3.130113,log,2025-04-26,2025-05-03,1
21,2025-04-26,2025-05-10,2,11.327986717224121,2.511872,log,2025-04-26,2025-05-10,2
21,2025-04-26,2025-05-17,3,7.254022121429443,2.1107006,log,2025-04-26,2025-05-17,3
21,2025-04-26,2025-05-24,4,5.687479019165039,1.900237,log,2025-04-26,2025-05-24,4
22,2025-04-26,2025-05-03,1,37.48535919189453,3.6502779,log,2025-04-26,2025-05-03,1
22,2025-04-26,2025-05-10,2,18.861299514770508,2.988773,log,2025-04-26,2025-05-10,2
22,2025-04-26,2025-05-17,3,10.479087829589844,2.440527,log,2025-04-26,2025-05-17,3
22,2025-04-26,2025-05-24,4,7.610572814941406,2.1529908,log,2025-04-26,2025-05-24,4
23,2025-04-26,2025-05-03,1,10.228204727172852,2.418429,log,2025-04-26,2025-05-03,1
23,2025-04-26,2025-05-10,2,4.737100124359131,1.7469538,log,2025-04-26,2025-05-10,2
23,2025-04-26,2025-05-17,3,2.772876501083374,1.3278377,log,2025-04-26,2025-05-17,3
23,2025-04-26,2025-05-24,4,1.6747479438781738,0.9838551,log,2025-04-26,2025-05-24,4
24,2025-04-26,2025-05-03,1,28.55389976501465,3.3862157,log,2025-04-26,2025-05-03,1
24,2025-04-26,2025-05-10,2,12.646918296813965,2.6135137,log,2025-04-26,2025-05-10,2
24,2025-04-26,2025-05-17,3,6.833552837371826,2.0584161,log,2025-04-26,2025-05-17,3
24,2025-04-26,2025-05-24,4,5.737908363342285,1.9077495,log,2025-04-26,2025-05-24,4
25,2025-04-26,2025-05-03,1,64.12873840332031,4.176366,log,2025-04-26,2025-05-03,1
25,2025-04-26,2025-05-10,2,37.63292694091797,3.654105,log,2025-04-26,2025-05-10,2
25,2025-04-26,2025-05-17,3,27.40015983581543,3.3463948,log,2025-04-26,2025-05-17,3
25,2025-04-26,2025-05-24,4,20.42371940612793,3.0644987,log,2025-04-26,2025-05-24,4
26,2025-04-26,2025-05-03,1,75.85000610351562,4.3418555,log,2025-04-26,2025-05-03,1
26,2025-04-26,2025-05-10,2,39.28679275512695,3.6960237,log,2025-04-26,2025-05-10,2
26,2025-04-26,2025-05-17,3,32.745216369628906,3.5188386,log,2025-04-26,2025-05-17,3
26,2025-04-26,2025-05-24,4,16.8546142578125,2.882262,log,2025-04-26,2025-05-24,4
27,2025-04-26,2025-05-03,1,19.45047950744629,3.0180063,log,2025-04-26,2025-05-03,1
27,2025-04-26,2025-05-10,2,11.707700729370117,2.5422082,log,2025-04-26,2025-05-10,2
27,2025-04-26,2025-05-17,3,7.5758376121521,2.1489487,log,2025-04-26,2025-05-17,3
27,2025-04-26,2025-05-24,4,6.018814563751221,1.9485943,log,2025-04-26,2025-05-24,4
28,2025-04-26,2025-05-03,1,14.282383918762207,2.7267008,log,2025-04-26,2025-05-03,1
28,2025-04-26,2025-05-10,2,8.45494270324707,2.2465377,log,2025-04-26,2025-05-10,2
28,2025-04-26,2025-05-17,3,4.933105945587158,1.7805479,log,2025-04-26,2025-05-17,3
28,2025-04-26,2025-05-24,4,5.2022600173950195,1.8249137,log,2025-04-26,2025-05-24,4
29,2025-04-26,2025-05-03,1,44.364017486572266,3.8147192,log,2025-04-26,2025-05-03,1
29,2025-04-26,2025-05-10,2,26.671937942504883,3.3204188,log,2025-04-26,2025-05-10,2
29,2025-04-26,2025-05-17,3,19.95599365234375,3.0424247,log,2025-04-26,2025-05-17,3
29,2025-04-26,2025-05-24,4,15.480249404907227,2.8021626,log,2025-04-26,2025-05-24,4
30,2025-04-26,2025-05-03,1,6.749066352844238,2.0475724,log,2025-04-26,2025-05-03,1
30,2025-04-26,2025-05-10,2,3.037385940551758,1.3955975,log,2025-04-26,2025-05-10,2
30,2025-04-26,2025-05-17,3,1.9881185293197632,1.094644,log,2025-04-26,2025-05-17,3
30,2025-04-26,2025-05-24,4,0.8793153762817383,0.63090754,log,2025-04-26,2025-05-24,4
31,2025-04-26,2025-05-03,1,7.613264560699463,2.1533034,log,2025-04-26,2025-05-03,1
31,2025-04-26,2025-05-10,2,3.7853281497955322,1.5655546,log,2025-04-26,2025-05-10,2
31,2025-04-26,2025-05-17,3,1.867434024810791,1.0534176,log,2025-04-26,2025-05-17,3
31,2025-04-26,2025-05-24,4,2.1898012161254883,1.1599586,log,2025-04-26,2025-05-24,4
32,2025-04-26,2025-05-03,1,24.060245513916016,3.2212827,log,2025-04-26,2025-05-03,1
32,2025-04-26,2025-05-10,2,12.717989921569824,2.6187081,log,2025-04-26,2025-05-10,2
32,2025-04-26,2025-05-17,3,7.540163516998291,2.1447802,log,2025-04-26,2025-05-17,3
32,2025-04-26,2025-05-24,4,7.708619594573975,2.1643133,log,2025-04-26,2025-05-24,4
33,2025-04-26,2025-05-03,1,5.850361347198486,1.9243014,log,2025-04-26,2025-05-03,1
33,2025-04-26,2025-05-10,2,2.268949031829834,1.1844685,log,2025-04-26,2025-05-10,2
33,2025-04-26,2025-05-17,3,1.617065191268921,0.96205354,log,2025-04-26,2025-05-17,3
33,2025-04-26,2025-05-24,4,0.892060399055481,0.6376664,log,2025-04-26,2025-05-24,4
34,2025-04-26,2025-05-03,1,61.01628875732422,4.127397,log,2025-04-26,2025-05-03,1
34,2025-04-26,2025-05-10,2,38.69727325439453,3.6812825,log,2025-04-26,2025-05-10,2
34,2025-04-26,2025-05-17,3,22.543447494506836,3.1588476,log,2025-04-26,2025-05-17,3
34,2025-04-26,2025-05-24,4,15.977588653564453,2.8318942,log,2025-04-26,2025-05-24,4
35,2025-04-26,2025-05-03,1,26.411102294921875,3.3109481,log,2025-04-26,2025-05-03,1
35,2025-04-26,2025-05-10,2,14.166398048400879,2.7190824,log,2025-04-26,2025-05-10,2
35,2025-04-26,2025-05-17,3,9.26496410369873,2.3287365,log,2025-04-26,2025-05-17,3
35,2025-04-26,2025-05-24,4,7.870654106140137,2.1827486,log,2025-04-26,2025-05-24,4
36,2025-04-26,2025-05-03,1,148.21592712402344,5.0053945,log,2025-04-26,2025-05-03,1
36,2025-04-26,2025-05-10,2,76.96356964111328,4.3562417,log,2025-04-26,2025-05-10,2
36,2025-04-26,2025-05-17,3,49.83271789550781,3.9285402,log,2025-04-26,2025-05-17,3
36,2025-04-26,2025-05-24,4,30.423274993896484,3.4475489,log,2025-04-26,2025-05-24,4
37,2025-04-26,2025-05-03,1,26.807220458984375,3.3252957,log,2025-04-26,2025-05-03,1
37,2025-04-26,2025-05-10,2,10.24450397491455,2.4198794,log,2025-04-26,2025-05-10,2
37,2025-04-26,2025-05-17,3,7.100255489349365,2.0918956,log,2025-04-26,2025-05-17,3
37,2025-04-26,2025-05-24,4,5.154902458190918,1.817249,log,2025-04-26,2025-05-24,4
38,2025-04-26,2025-05-03,1,7.6377034187316895,2.1561368,log,2025-04-26,2025-05-03,1
38,2025-04-26,2025-05-10,2,4.105710029602051,1.6303595,log,2025-04-26,2025-05-10,2
38,2025-04-26,2025-05-17,3,2.047405242919922,1.1142905,log,2025-04-26,2025-05-17,3
38,2025-04-26,2025-05-24,4,1.8153938055038452,1.0351021,log,2025-04-26,2025-05-24,4
39,2025-04-26,2025-05-03,1,65.80608367919922,4.201794,log,2025-04-26,2025-05-03,1
39,2025-04-26,2025-05-10,2,38.8240852355957,3.6844718,log,2025-04-26,2025-05-10,2
39,2025-04-26,2025-05-17,3,31.82550048828125,3.4912057,log,2025-04-26,2025-05-17,3
39,2025-04-26,2025-05-24,4,20.08295249938965,3.0484648,log,2025-04-26,2025-05-24,4
40,2025-04-26,2025-05-03,1,13.487317085266113,2.6732736,log,2025-04-26,2025-05-03,1
40,2025-04-26,2025-05-10,2,10.033032417297363,2.4008937,log,2025-04-26,2025-05-10,2
40,2025-04-26,2025-05-17,3,6.68662166595459,2.0394814,log,2025-04-26,2025-05-17,3
40,2025-04-26,2025-05-24,4,6.569772243499756,2.024163,log,2025-04-26,2025-05-24,4
41,2025-04-26,2025-05-03,1,21.00855827331543,3.0914314,log,2025-04-26,2025-05-03,1
41,2025-04-26,2025-05-10,2,11.371328353881836,2.5153816,log,2025-04-26,2025-05-10,2
41,2025-04-26,2025-05-17,3,7.5795392990112305,2.1493802,log,2025-04-26,2025-05-17,3
41,2025-04-26,2025-05-24,4,6.786409378051758,2.0523798,log,2025-04-26,2025-05-24,4
42,2025-04-26,2025-05-03,1,312.4261779785156,5.747564,log,2025-04-26,2025-05-03,1
42,2025-04-26,2025-05-10,2,208.1087646484375,5.3428545,log,2025-04-26,2025-05-10,2
42,2025-04-26,2025-05-17,3,149.7130889892578,5.015378,log,2025-04-26,2025-05-17,3
42,2025-04-26,2025-05-24,4,86.22700500488281,4.468514,log,2025-04-26,2025-05-24,4
44,2025-04-26,2025-05-03,1,3.7896387577056885,1.566455,log,2025-04-26,2025-05-03,1
44,2025-04-26,2025-05-10,2,1.4526913166046143,0.8971859,log,2025-04-26,2025-05-10,2
44,2025-04-26,2025-05-17,3,0.7565092444419861,0.56332844,log,2025-04-26,2025-05-17,3
44,2025-04-26,2025-05-24,4,0.6518570184707642,0.50190014,log,2025-04-26,2025-05-24,4
45,2025-04-26,2025-05-03,1,19.75821876525879,3.0329423,log,2025-04-26,2025-05-03,1
45,2025-04-26,2025-05-10,2,13.553644180297852,2.6778414,log,2025-04-26,2025-05-10,2
45,2025-04-26,2025-05-17,3,9.960922241210938,2.3943365,log,2025-04-26,2025-05-17,3
45,2025-04-26,2025-05-24,4,9.246088027954102,2.326896,log,2025-04-26,2025-05-24,4
46,2025-04-26,2025-05-03,1,4.912439346313477,1.7770585,log,2025-04-26,2025-05-03,1
46,2025-04-26,2025-05-10,2,2.616248369216919,1.2854371,log,2025-04-26,2025-05-10,2
46,2025-04-26,2025-05-17,3,1.486136555671692,0.91072994,log,2025-04-26,2025-05-17,3
46,2025-04-26,2025-05-24,4,1.7505273818969727,1.0117927,log,2025-04-26,2025-05-24,4
47,2025-04-26,2025-05-03,1,40.81036376953125,3.7331443,log,2025-04-26,2025-05-03,1
47,2025-04-26,2025-05-10,2,24.08185386657715,3.2221446,log,2025-04-26,2025-05-10,2
47,2025-04-26,2025-05-17,3,18.0205078125,2.9455178,log,2025-04-26,2025-05-17,3
47,2025-04-26,2025-05-24,4,14.520814895629883,2.742182,log,2025-04-26,2025-05-24,4
48,2025-04-26,2025-05-03,1,166.06124877929688,5.1183605,log,2025-04-26,2025-05-03,1
48,2025-04-26,2025-05-10,2,90.6456069946289,4.517929,log,2025-04-26,2025-05-10,2
48,2025-04-26,2025-05-17,3,74.45100402832031,4.3234835,log,2025-04-26,2025-05-17,3
48,2025-04-26,2025-05-24,4,50.2864875793457,3.9374273,log,2025-04-26,2025-05-24,4
49,2025-04-26,2025-05-03,1,13.804078102111816,2.6949027,log,2025-04-26,2025-05-03,1
49,2025-04-26,2025-05-10,2,6.665252208709717,2.0366974,log,2025-04-26,2025-05-10,2
49,2025-04-26,2025-05-17,3,3.5513288974761963,1.5154192,log,2025-04-26,2025-05-17,3
49,2025-04-26,2025-05-24,4,2.9939463138580322,1.3847798,log,2025-04-26,2025-05-24,4
50,2025-04-26,2025-05-03,1,7.397515296936035,2.127936,log,2025-04-26,2025-05-03,1
50,2025-04-26,2025-05-10,2,4.139960289001465,1.6370454,log,2025-04-26,2025-05-10,2
50,2025-04-26,2025-05-17,3,2.0422163009643555,1.1125863,log,2025-04-26,2025-05-17,3
50,2025-04-26,2025-05-24,4,1.576988935470581,0.94662166,log,2025-04-26,2025-05-24,4
51,2025-04-26,2025-05-03,1,33.077476501464844,3.5286367,log,2025-04-26,2025-05-03,1
51,2025-04-26,2025-05-10,2,16.255586624145508,2.848136,log,2025-04-26,2025-05-10,2
51,2025-04-26,2025-05-17,3,12.48205280303955,2.6013594,log,2025-04-26,2025-05-17,3
51,2025-04-26,2025-05-24,4,11.887590408325195,2.5562649,log,2025-04-26,2025-05-24,4
53,2025-04-26,2025-05-03,1,26.039316177368164,3.297292,log,2025-04-26,2025-05-03,1
53,2025-04-26,2025-05-10,2,16.420270919799805,2.8576345,log,2025-04-26,2025-05-10,2
53,2025-04-26,2025-05-17,3,11.521506309509277,2.5274477,log,2025-04-26,2025-05-17,3
53,2025-04-26,2025-05-24,4,10.462220191955566,2.4390564,log,2025-04-26,2025-05-24,4
54,2025-04-26,2025-05-03,1,11.058999061584473,2.4898112,log,2025-04-26,2025-05-03,1
54,2025-04-26,2025-05-10,2,6.194677829742432,1.9733416,log,2025-04-26,2025-05-10,2
54,2025-04-26,2025-05-17,3,4.215359210968018,1.651608,log,2025-04-26,2025-05-17,3
54,2025-04-26,2025-05-24,4,3.892646551132202,1.5877334,log,2025-04-26,2025-05-24,4
55,2025-04-26,2025-05-03,1,21.23645782470703,3.1017332,log,2025-04-26,2025-05-03,1
55,2025-04-26,2025-05-10,2,12.313385009765625,2.58877,log,2025-04-26,2025-05-10,2
55,2025-04-26,2025-05-17,3,8.698532104492188,2.2719746,log,2025-04-26,2025-05-17,3
55,2025-04-26,2025-05-24,4,8.302607536315918,2.2302947,log,2025-04-26,2025-05-24,4
56,2025-04-26,2025-05-03,1,2.8614752292633057,1.3510493,log,2025-04-26,2025-05-03,1
56,2025-04-26,2025-05-10,2,1.6299307346343994,0.9669575,log,2025-04-26,2025-05-10,2
56,2025-04-26,2025-05-17,3,0.9232491254806519,0.654016,log,2025-04-26,2025-05-17,3
56,2025-04-26,2025-05-24,4,0.4074863791465759,0.3418054,log,2025-04-26,2025-05-24,4
72,2025-04-26,2025-05-03,1,136.46998596191406,4.9234056,log,2025-04-26,2025-05-03,1
72,2025-04-26,2025-05-10,2,92.72345733642578,4.5403485,log,2025-04-26,2025-05-10,2
72,2025-04-26,2025-05-17,3,58.09280776977539,4.079109,log,2025-04-26,2025-05-17,3
72,2025-04-26,2025-05-24,4,39.46123504638672,3.7003443,log,2025-04-26,2025-05-24,4
US,2025-04-26,2025-05-03,1,993.0,6.6755385,log,2025-04-26,2025-05-03,1
US,2025-04-26,2025-05-10,2,387.2714538574219,5.9617047,log,2025-04-26,2025-05-10,2
US,2025-04-26,2025-05-17,3,272.2884826660156,5.610528,log,2025-04-26,2025-05-17,3
US,2025-04-26,2025-05-24,4,180.83274841308594,5.2030873,log,2025-04-26,2025-05-24,4
