location,cutoff_date,forecast_date,forecast_week,predicted,predicted_q05,predicted_q25,predicted_q50,predicted_q75,predicted_q95,target_mode,reference_date,target_end_date,horizon
01,2024-11-02,2024-11-09,1,20.592226028442383,4.111914157867432,14.743033409118652,20.592226028442383,32.827491760253906,33.9338493347168,log,2024-11-02,2024-11-09,1
01,2024-11-02,2024-11-16,2,33.31986618041992,5.706791877746582,20.550397872924805,33.31986618041992,45.93645477294922,46.767574310302734,log,2024-11-02,2024-11-16,2
01,2024-11-02,2024-11-23,3,48.34190368652344,6.303136348724365,31.45643424987793,48.34190368652344,68.84225463867188,81.97917175292969,log,2024-11-02,2024-11-23,3
01,2024-11-02,2024-11-30,4,51.94452667236328,5.308679103851318,34.610836029052734,51.94452667236328,77.41455078125,104.79793548583984,log,2024-11-02,2024-11-30,4
02,2024-11-02,2024-11-09,1,10.759729385375977,2.4,6.932728290557861,10.759729385375977,14.69970417022705,18.72629737854004,log,2024-11-02,2024-11-09,1
02,2024-11-02,2024-11-16,2,20.8529109954834,1.7579600811004639,11.544888496398926,20.8529109954834,26.009845733642578,27.66206932067871,log,2024-11-02,2024-11-16,2
02,2024-11-02,2024-11-23,3,27.17034149169922,2.1135761737823486,13.437350273132324,27.17034149169922,33.475826263427734,45.20464324951172,log,2024-11-02,2024-11-23,3
02,2024-11-02,2024-11-30,4,38.02045822143555,1.8579412698745728,17.059566497802734,38.02045822143555,40.94891357421875,72.5447769165039,log,2024-11-02,2024-11-30,4
04,2024-11-02,2024-11-09,1,116.50259399414062,42.3,68.70062255859375,116.50259399414062,190.4340362548828,369.1486511230469,log,2024-11-02,2024-11-09,1
04,2024-11-02,2024-11-16,2,144.77464294433594,53.70595932006836,98.36990356445312,144.77464294433594,216.39588928222656,468.9942321777344,log,2024-11-02,2024-11-16,2
04,2024-11-02,2024-11-23,3,140.34771728515625,33.15694808959961,83.51582336425781,140.34771728515625,360.538818359375,678.0648803710938,log,2024-11-02,2024-11-23,3
04,2024-11-02,2024-11-30,4,156.2273712158203,30.457929611206055,134.33871459960938,156.2273712158203,276.2215270996094,810.7794799804688,log,2024-11-02,2024-11-30,4
05,2024-11-02,2024-11-09,1,7.127041339874268,1.7999999999999998,4.417722225189209,7.127041339874268,10.53116226196289,11.468072891235352,log,2024-11-02,2024-11-09,1
05,2024-11-02,2024-11-16,2,12.553462028503418,0.804273247718811,6.375946044921875,12.553462028503418,16.066682815551758,23.407588958740234,log,2024-11-02,2024-11-16,2
05,2024-11-02,2024-11-23,3,23.985248565673828,1.2709476947784424,12.4537992477417,23.985248565673828,26.277070999145508,29.522459030151367,log,2024-11-02,2024-11-23,3
05,2024-11-02,2024-11-30,4,36.87255096435547,1.1656397581100464,16.30253791809082,36.87255096435547,38.63631057739258,38.79973602294922,log,2024-11-02,2024-11-30,4
06,2024-11-02,2024-11-09,1,155.48414611816406,78.95179748535156,116.79593658447266,155.48414611816406,190.82174682617188,285.8148498535156,log,2024-11-02,2024-11-09,1
06,2024-11-02,2024-11-16,2,216.97592163085938,96.79993438720703,193.24822998046875,216.97592163085938,224.7627410888672,333.6352844238281,log,2024-11-02,2024-11-16,2
06,2024-11-02,2024-11-23,3,310.1932678222656,64.58325958251953,240.8494873046875,310.1932678222656,449.4216613769531,619.4509887695312,log,2024-11-02,2024-11-23,3
06,2024-11-02,2024-11-30,4,426.5650329589844,62.88627243041992,369.6195068359375,426.5650329589844,500.6882629394531,746.0016479492188,log,2024-11-02,2024-11-30,4
08,2024-11-02,2024-11-09,1,28.56953239440918,7.5,19.380023956298828,28.56953239440918,51.713653564453125,59.59071731567383,log,2024-11-02,2024-11-09,1
08,2024-11-02,2024-11-16,2,40.22786331176758,5.662805557250977,25.468244552612305,40.22786331176758,58.88672637939453,82.74961853027344,log,2024-11-02,2024-11-16,2
08,2024-11-02,2024-11-23,3,75.21981811523438,7.091777801513672,44.12617874145508,75.21981811523438,109.11719512939453,139.6077880859375,log,2024-11-02,2024-11-23,3
08,2024-11-02,2024-11-30,4,73.03583526611328,6.683093070983887,53.569583892822266,73.03583526611328,143.2439727783203,254.41729736328125,log,2024-11-02,2024-11-30,4
09,2024-11-02,2024-11-09,1,13.463010787963867,3.0,9.216225624084473,13.463010787963867,17.272504806518555,23.511699676513672,log,2024-11-02,2024-11-09,1
09,2024-11-02,2024-11-16,2,18.963632583618164,2.3587987422943115,11.307256698608398,18.963632583618164,24.943784713745117,27.155832290649414,log,2024-11-02,2024-11-16,2
09,2024-11-02,2024-11-23,3,33.66334915161133,2.3838722705841064,15.136261940002441,33.66334915161133,38.63851547241211,41.49991989135742,log,2024-11-02,2024-11-23,3
09,2024-11-02,2024-11-30,4,38.886409759521484,2.0885567665100098,20.379520416259766,38.886409759521484,43.916255950927734,56.40327072143555,log,2024-11-02,2024-11-30,4
10,2024-11-02,2024-11-09,1,0.8351266980171204,0.1085679903626442,0.1169620156288147,0.8351266980171204,1.3191587924957275,5.482522964477539,log,2024-11-02,2024-11-09,1
10,2024-11-02,2024-11-16,2,1.4376506805419922,0.23827482759952545,0.32174402475357056,1.4376506805419922,2.6185402870178223,8.851271629333496,log,2024-11-02,2024-11-16,2
10,2024-11-02,2024-11-23,3,3.2078189849853516,0.0643342062830925,1.065462350845337,3.2078189849853516,4.284297943115234,17.291019439697266,log,2024-11-02,2024-11-23,3
10,2024-11-02,2024-11-30,4,6.024937629699707,0.17599371075630188,2.6568617820739746,6.024937629699707,9.203207969665527,23.116710662841797,log,2024-11-02,2024-11-30,4
11,2024-11-02,2024-11-09,1,1.4822158813476562,0.3,0.3,1.4822158813476562,3.4662744998931885,7.3653950691223145,log,2024-11-02,2024-11-09,1
11,2024-11-02,2024-11-16,2,2.0462207794189453,0.3686901032924652,0.8092924356460571,2.0462207794189453,4.788715839385986,10.579506874084473,log,2024-11-02,2024-11-16,2
11,2024-11-02,2024-11-23,3,3.3398921489715576,0.6200109720230103,2.461215019226074,3.3398921489715576,8.180257797241211,20.11294174194336,log,2024-11-02,2024-11-23,3
11,2024-11-02,2024-11-30,4,6.770025253295898,0.1761050969362259,5.133537292480469,6.770025253295898,13.9310302734375,31.654327392578125,log,2024-11-02,2024-11-30,4
12,2024-11-02,2024-11-09,1,168.37051391601562,70.02425384521484,114.83146667480469,168.37051391601562,181.41973876953125,231.61587524414062,log,2024-11-02,2024-11-09,1
12,2024-11-02,2024-11-16,2,238.2738494873047,85.76128387451172,165.26780700683594,238.2738494873047,238.552734375,346.7138366699219,log,2024-11-02,2024-11-16,2
12,2024-11-02,2024-11-23,3,356.8214111328125,53.204437255859375,267.8269958496094,356.8214111328125,452.4299621582031,711.5278930664062,log,2024-11-02,2024-11-23,3
12,2024-11-02,2024-11-30,4,491.6913757324219,55.54978561401367,452.012451171875,491.6913757324219,639.4710693359375,965.9335327148438,log,2024-11-02,2024-11-30,4
13,2024-11-02,2024-11-09,1,21.66729736328125,4.2,14.292665481567383,21.66729736328125,30.493011474609375,37.066890716552734,log,2024-11-02,2024-11-09,1
13,2024-11-02,2024-11-16,2,34.502647399902344,5.026471138000488,22.298458099365234,34.502647399902344,46.04564666748047,52.95218276977539,log,2024-11-02,2024-11-16,2
13,2024-11-02,2024-11-23,3,52.87678146362305,5.739249229431152,37.43995666503906,52.87678146362305,80.30722045898438,90.83450317382812,log,2024-11-02,2024-11-23,3
13,2024-11-02,2024-11-30,4,79.50152587890625,4.702029228210449,42.56522750854492,79.50152587890625,99.78825378417969,101.03794860839844,log,2024-11-02,2024-11-30,4
15,2024-11-02,2024-11-09,1,3.6211230754852295,0.8999999999999999,1.702534794807434,3.6211230754852295,7.3034281730651855,9.192079544067383,log,2024-11-02,2024-11-09,1
15,2024-11-02,2024-11-16,2,5.712491035461426,0.5617966055870056,2.7539970874786377,5.712491035461426,9.327962875366211,16.273571014404297,log,2024-11-02,2024-11-16,2
15,2024-11-02,2024-11-23,3,7.874184608459473,0.6327602863311768,5.975736141204834,7.874184608459473,16.342487335205078,25.835830688476562,log,2024-11-02,2024-11-23,3
15,2024-11-02,2024-11-30,4,12.464424133300781,0.7821187376976013,10.81883716583252,12.464424133300781,22.185216903686523,48.62116622924805,log,2024-11-02,2024-11-30,4
16,2024-11-02,2024-11-09,1,4.966557502746582,1.7999999999999998,3.494403123855591,4.966557502746582,10.193171501159668,13.619306564331055,log,2024-11-02,2024-11-09,1
16,2024-11-02,2024-11-16,2,7.62855863571167,1.0843489170074463,4.8668975830078125,7.62855863571167,14.624174118041992,18.883018493652344,log,2024-11-02,2024-11-16,2
16,2024-11-02,2024-11-23,3,10.42298698425293,0.9684669375419617,6.810692310333252,10.42298698425293,21.34842300415039,28.236074447631836,log,2024-11-02,2024-11-23,3
16,2024-11-02,2024-11-30,4,19.189525604248047,1.2750941514968872,12.264921188354492,19.189525604248047,23.89639663696289,41.52520751953125,log,2024-11-02,2024-11-30,4
17,2024-11-02,2024-11-09,1,26.65216636657715,8.1,23.486892700195312,26.65216636657715,51.54621505737305,62.108741760253906,log,2024-11-02,2024-11-09,1
17,2024-11-02,2024-11-16,2,44.0107536315918,6.0522871017456055,29.35747528076172,44.0107536315918,74.7269515991211,83.5793228149414,log,2024-11-02,2024-11-16,2
17,2024-11-02,2024-11-23,3,78.52693176269531,7.407656192779541,41.95053482055664,78.52693176269531,131.26773071289062,137.3893280029297,log,2024-11-02,2024-11-23,3
17,2024-11-02,2024-11-30,4,85.39246368408203,7.01437520980835,60.92967224121094,85.39246368408203,155.31649780273438,267.56805419921875,log,2024-11-02,2024-11-30,4
18,2024-11-02,2024-11-09,1,21.71453857421875,4.557581901550293,11.489178657531738,21.71453857421875,28.357927322387695,28.58036231994629,log,2024-11-02,2024-11-09,1
18,2024-11-02,2024-11-16,2,30.193124771118164,5.813409328460693,17.40140724182129,30.193124771118164,38.8284797668457,41.05665969848633,log,2024-11-02,2024-11-16,2
18,2024-11-02,2024-11-23,3,53.98699951171875,7.382071495056152,30.292827606201172,53.98699951171875,62.117950439453125,65.5181884765625,log,2024-11-02,2024-11-23,3
18,2024-11-02,2024-11-30,4,65.1479263305664,4.425662517547607,29.769227981567383,65.1479263305664,83.91472625732422,91.23420715332031,log,2024-11-02,2024-11-30,4
19,2024-11-02,2024-11-09,1,5.076383590698242,1.5,3.7011077404022217,5.076383590698242,9.64506721496582,9.726058006286621,log,2024-11-02,2024-11-09,1
19,2024-11-02,2024-11-16,2,9.362834930419922,0.7189785242080688,4.6691436767578125,9.362834930419922,17.33344841003418,19.076416015625,log,2024-11-02,2024-11-16,2
19,2024-11-02,2024-11-23,3,22.236560821533203,0.9567432999610901,8.948318481445312,22.236560821533203,22.814559936523438,22.9600830078125,log,2024-11-02,2024-11-23,3
19,2024-11-02,2024-11-30,4,27.018733978271484,1.5332026481628418,14.068143844604492,27.018733978271484,29.7592830657959,38.9537467956543,log,2024-11-02,2024-11-30,4
20,2024-11-02,2024-11-09,1,10.660627365112305,3.0,6.417263507843018,10.660627365112305,18.644847869873047,23.110702514648438,log,2024-11-02,2024-11-09,1
20,2024-11-02,2024-11-16,2,18.383832931518555,2.005506753921509,10.902605056762695,18.383832931518555,25.030017852783203,28.52410125732422,log,2024-11-02,2024-11-16,2
20,2024-11-02,2024-11-23,3,34.89840316772461,2.229125738143921,17.3173828125,34.89840316772461,48.48512649536133,55.683773040771484,log,2024-11-02,2024-11-23,3
20,2024-11-02,2024-11-30,4,39.699520111083984,1.907312273979187,22.069169998168945,39.699520111083984,61.155548095703125,66.51361846923828,log,2024-11-02,2024-11-30,4
21,2024-11-02,2024-11-09,1,10.902215957641602,2.1,7.364614963531494,10.902215957641602,15.935652732849121,16.887392044067383,log,2024-11-02,2024-11-09,1
21,2024-11-02,2024-11-16,2,19.7271728515625,1.1030445098876953,8.211919784545898,19.7271728515625,22.79357147216797,26.136280059814453,log,2024-11-02,2024-11-16,2
21,2024-11-02,2024-11-23,3,33.04151153564453,1.3911216259002686,14.785805702209473,33.04151153564453,37.170188903808594,37.898990631103516,log,2024-11-02,2024-11-23,3
21,2024-11-02,2024-11-30,4,42.793418884277344,1.73532235622406,24.76095199584961,42.793418884277344,43.86219787597656,56.19453048706055,log,2024-11-02,2024-11-30,4
22,2024-11-02,2024-11-09,1,33.281097412109375,8.1,20.923736572265625,33.281097412109375,52.87302780151367,62.94442367553711,log,2024-11-02,2024-11-09,1
22,2024-11-02,2024-11-16,2,44.72543716430664,8.259416580200195,26.223556518554688,44.72543716430664,60.09013748168945,108.51563262939453,log,2024-11-02,2024-11-16,2
22,2024-11-02,2024-11-23,3,72.70254516601562,10.63083267211914,42.56842803955078,72.70254516601562,109.14266967773438,196.34210205078125,log,2024-11-02,2024-11-23,3
22,2024-11-02,2024-11-30,4,92.5951919555664,8.704816818237305,44.09960174560547,92.5951919555664,131.16766357421875,259.7077941894531,log,2024-11-02,2024-11-30,4
23,2024-11-02,2024-11-09,1,0.887437105178833,0.07181470841169357,0.11024236679077148,0.887437105178833,1.7312761545181274,5.482522964477539,log,2024-11-02,2024-11-09,1
23,2024-11-02,2024-11-16,2,1.7496910095214844,0.25561437010765076,0.35524314641952515,1.7496910095214844,3.339346408843994,8.851271629333496,log,2024-11-02,2024-11-16,2
23,2024-11-02,2024-11-23,3,3.6033928394317627,0.06901588290929794,1.237114667892456,3.6033928394317627,5.605910301208496,17.291019439697266,log,2024-11-02,2024-11-23,3
23,2024-11-02,2024-11-30,4,6.044817924499512,0.17593546211719513,2.7079508304595947,6.044817924499512,11.666155815124512,23.116710662841797,log,2024-11-02,2024-11-30,4
24,2024-11-02,2024-11-09,1,4.880237579345703,1.2,2.4361376762390137,4.880237579345703,7.870666980743408,8.865089416503906,log,2024-11-02,2024-11-09,1
24,2024-11-02,2024-11-16,2,8.107333183288574,0.5594046711921692,3.3298139572143555,8.107333183288574,11.712892532348633,13.960074424743652,log,2024-11-02,2024-11-16,2
24,2024-11-02,2024-11-23,3,11.409956932067871,0.6658445596694946,9.300153732299805,11.409956932067871,16.266756057739258,21.06460189819336,log,2024-11-02,2024-11-23,3
24,2024-11-02,2024-11-30,4,24.019487380981445,0.8964568972587585,11.960735321044922,24.019487380981445,24.707334518432617,32.172332763671875,log,2024-11-02,2024-11-30,4
25,2024-11-02,2024-11-09,1,4.539047718048096,0.8999999999999999,1.1330894231796265,4.539047718048096,5.923250675201416,7.816275596618652,log,2024-11-02,2024-11-09,1
25,2024-11-02,2024-11-16,2,5.100366115570068,0.6733531951904297,1.9386683702468872,5.100366115570068,6.744028091430664,11.166654586791992,log,2024-11-02,2024-11-16,2
25,2024-11-02,2024-11-23,3,6.507680892944336,1.032281756401062,4.115358352661133,6.507680892944336,10.82287311553955,21.12969207763672,log,2024-11-02,2024-11-23,3
25,2024-11-02,2024-11-30,4,10.052651405334473,0.6867859959602356,8.429160118103027,10.052651405334473,17.660429000854492,35.701332092285156,log,2024-11-02,2024-11-30,4
26,2024-11-02,2024-11-09,1,24.505794525146484,6.3,12.580949783325195,24.505794525146484,39.113765716552734,41.87605285644531,log,2024-11-02,2024-11-09,1
26,2024-11-02,2024-11-16,2,29.705904006958008,4.9697699546813965,17.80817413330078,29.705904006958008,47.73194122314453,58.05030059814453,log,2024-11-02,2024-11-16,2
26,2024-11-02,2024-11-23,3,57.56124496459961,6.967095375061035,35.08242416381836,57.56124496459961,77.78304290771484,82.37602996826172,log,2024-11-02,2024-11-23,3
26,2024-11-02,2024-11-30,4,62.4200325012207,5.708004474639893,34.81597900390625,62.4200325012207,89.39659881591797,108.87005615234375,log,2024-11-02,2024-11-30,4
27,2024-11-02,2024-11-09,1,10.394491195678711,1.2995963096618652,4.512089252471924,10.394491195678711,19.376779556274414,53.516448974609375,log,2024-11-02,2024-11-09,1
27,2024-11-02,2024-11-16,2,17.821744918823242,1.6049549579620361,7.116325855255127,17.821744918823242,24.67007827758789,50.976261138916016,log,2024-11-02,2024-11-16,2
27,2024-11-02,2024-11-23,3,11.895268440246582,1.4939923286437988,8.951478958129883,11.895268440246582,29.972537994384766,69.51695251464844,log,2024-11-02,2024-11-23,3
27,2024-11-02,2024-11-30,4,31.855560302734375,1.9912737607955933,15.609145164489746,31.855560302734375,34.31138229370117,50.908653259277344,log,2024-11-02,2024-11-30,4
28,2024-11-02,2024-11-09,1,14.958751678466797,4.5,8.349502563476562,14.958751678466797,21.290266036987305,28.04503631591797,log,2024-11-02,2024-11-09,1
28,2024-11-02,2024-11-16,2,17.382057189941406,2.3930065631866455,12.59659194946289,17.382057189941406,37.095802307128906,38.616943359375,log,2024-11-02,2024-11-16,2
28,2024-11-02,2024-11-23,3,38.49409103393555,2.129622220993042,16.178443908691406,38.49409103393555,50.19565200805664,62.992523193359375,log,2024-11-02,2024-11-23,3
28,2024-11-02,2024-11-30,4,51.87889099121094,2.0547690391540527,17.522050857543945,51.87889099121094,64.99645233154297,72.46654510498047,log,2024-11-02,2024-11-30,4
29,2024-11-02,2024-11-09,1,18.75364112854004,3.9,13.571816444396973,18.75364112854004,29.604501724243164,31.354650497436523,log,2024-11-02,2024-11-09,1
29,2024-11-02,2024-11-16,2,31.801185607910156,4.797369956970215,20.494548797607422,31.801185607910156,38.45331954956055,45.84698486328125,log,2024-11-02,2024-11-16,2
29,2024-11-02,2024-11-23,3,46.879371643066406,3.7768068313598633,28.993879318237305,46.879371643066406,71.5764389038086,78.12451171875,log,2024-11-02,2024-11-23,3
29,2024-11-02,2024-11-30,4,56.63654327392578,3.2467825412750244,30.47330093383789,56.63654327392578,89.3829345703125,99.7077407836914,log,2024-11-02,2024-11-30,4
30,2024-11-02,2024-11-09,1,1.6395810842514038,0.12796184420585632,0.33150723576545715,1.6395810842514038,2.265554666519165,5.446805000305176,log,2024-11-02,2024-11-09,1
30,2024-11-02,2024-11-16,2,2.3031764030456543,0.3941766619682312,0.896011471748352,2.3031764030456543,3.424161195755005,8.580267906188965,log,2024-11-02,2024-11-16,2
30,2024-11-02,2024-11-23,3,2.3215949535369873,0.6033521294593811,1.891754150390625,2.3215949535369873,4.831746578216553,15.088078498840332,log,2024-11-02,2024-11-23,3
30,2024-11-02,2024-11-30,4,5.233785629272461,0.316068559885025,2.8008053302764893,5.233785629272461,7.083096981048584,21.790313720703125,log,2024-11-02,2024-11-30,4
31,2024-11-02,2024-11-09,1,2.2041175365448,0.6,0.6,2.2041175365448,4.777925968170166,7.740714073181152,log,2024-11-02,2024-11-09,1
31,2024-11-02,2024-11-16,2,3.5130867958068848,0.42313969135284424,1.4307581186294556,3.5130867958068848,6.288798809051514,10.738907814025879,log,2024-11-02,2024-11-16,2
31,2024-11-02,2024-11-23,3,4.994636058807373,0.6078929901123047,3.6767537593841553,4.994636058807373,10.156817436218262,22.1450252532959,log,2024-11-02,2024-11-23,3
31,2024-11-02,2024-11-30,4,9.108237266540527,0.5953390598297119,6.834090709686279,9.108237266540527,16.20369529724121,36.83791732788086,log,2024-11-02,2024-11-30,4
32,2024-11-02,2024-11-09,1,15.10863208770752,3.3,7.746584415435791,15.10863208770752,20.221086502075195,24.259632110595703,log,2024-11-02,2024-11-09,1
32,2024-11-02,2024-11-16,2,19.609813690185547,2.651332378387451,12.757386207580566,19.609813690185547,28.841400146484375,32.346920013427734,log,2024-11-02,2024-11-16,2
32,2024-11-02,2024-11-23,3,34.575252532958984,3.583266496658325,20.000106811523438,34.575252532958984,46.74465560913086,49.97588348388672,log,2024-11-02,2024-11-23,3
32,2024-11-02,2024-11-30,4,37.30913162231445,2.265526056289673,23.740427017211914,37.30913162231445,59.841556549072266,68.0193862915039,log,2024-11-02,2024-11-30,4
33,2024-11-02,2024-11-09,1,2.1215782165527344,0.3,0.35190489888191223,2.1215782165527344,3.8806521892547607,7.540717601776123,log,2024-11-02,2024-11-09,1
33,2024-11-02,2024-11-16,2,2.518324851989746,0.33514052629470825,0.8073708415031433,2.518324851989746,5.295205593109131,10.64399528503418,log,2024-11-02,2024-11-16,2
33,2024-11-02,2024-11-23,3,4.110795497894287,0.42690813541412354,2.7103323936462402,4.110795497894287,9.29383659362793,21.625232696533203,log,2024-11-02,2024-11-23,3
33,2024-11-02,2024-11-30,4,8.399225234985352,0.18938201665878296,4.58323860168457,8.399225234985352,17.36383819580078,35.589908599853516,log,2024-11-02,2024-11-30,4
34,2024-11-02,2024-11-09,1,19.453575134277344,8.4,10.759224891662598,19.453575134277344,41.829410552978516,51.834693908691406,log,2024-11-02,2024-11-09,1
34,2024-11-02,2024-11-16,2,26.647201538085938,4.500768661499023,18.949443817138672,26.647201538085938,53.76084518432617,70.96269226074219,log,2024-11-02,2024-11-16,2
34,2024-11-02,2024-11-23,3,54.35728454589844,4.161805152893066,32.45435333251953,54.35728454589844,87.78362274169922,119.98697662353516,log,2024-11-02,2024-11-23,3
34,2024-11-02,2024-11-30,4,61.9000358581543,4.471785545349121,34.54065704345703,61.9000358581543,113.17745971679688,124.72444915771484,log,2024-11-02,2024-11-30,4
35,2024-11-02,2024-11-09,1,7.337423324584961,1.9791537523269653,4.390385627746582,7.337423324584961,10.813343048095703,18.461082458496094,log,2024-11-02,2024-11-09,1
35,2024-11-02,2024-11-16,2,10.126565933227539,1.468264102935791,5.932978630065918,10.126565933227539,15.23742389678955,28.835979461669922,log,2024-11-02,2024-11-16,2
35,2024-11-02,2024-11-23,3,11.549418449401855,2.303201198577881,8.604127883911133,11.549418449401855,21.964712142944336,38.90414047241211,log,2024-11-02,2024-11-23,3
35,2024-11-02,2024-11-30,4,18.69432830810547,1.4829909801483154,10.995577812194824,18.69432830810547,25.70986557006836,53.82741928100586,log,2024-11-02,2024-11-30,4
36,2024-11-02,2024-11-09,1,25.69362449645996,4.5,14.521421432495117,25.69362449645996,33.72527313232422,34.29667282104492,log,2024-11-02,2024-11-09,1
36,2024-11-02,2024-11-16,2,31.822418212890625,4.736130714416504,19.820215225219727,31.822418212890625,44.369415283203125,54.69061279296875,log,2024-11-02,2024-11-16,2
36,2024-11-02,2024-11-23,3,52.68760681152344,4.799198627471924,34.48688888549805,52.68760681152344,65.18203735351562,87.81221008300781,log,2024-11-02,2024-11-23,3
36,2024-11-02,2024-11-30,4,81.23544311523438,5.565678596496582,41.557037353515625,81.23544311523438,88.13162231445312,92.08863830566406,log,2024-11-02,2024-11-30,4
37,2024-11-02,2024-11-09,1,25.508731842041016,11.527338027954102,21.115144729614258,25.508731842041016,38.97845458984375,68.99140930175781,log,2024-11-02,2024-11-09,1
37,2024-11-02,2024-11-16,2,37.04835510253906,9.953437805175781,26.668237686157227,37.04835510253906,39.18192672729492,74.69539642333984,log,2024-11-02,2024-11-16,2
37,2024-11-02,2024-11-23,3,37.10352325439453,13.451545715332031,32.91435241699219,37.10352325439453,56.09899139404297,119.23776245117188,log,2024-11-02,2024-11-23,3
37,2024-11-02,2024-11-30,4,49.309566497802734,6.334984302520752,30.68238067626953,49.309566497802734,80.02032470703125,114.3566665649414,log,2024-11-02,2024-11-30,4
38,2024-11-02,2024-11-09,1,1.158578634262085,0.6,0.6,1.158578634262085,3.5569238662719727,7.509280681610107,log,2024-11-02,2024-11-09,1
38,2024-11-02,2024-11-16,2,2.0002400875091553,0.42763108015060425,1.120796799659729,2.0002400875091553,4.193479061126709,10.087279319763184,log,2024-11-02,2024-11-16,2
38,2024-11-02,2024-11-23,3,2.6399528980255127,0.6067471504211426,2.4203879833221436,2.6399528980255127,6.877748012542725,18.109384536743164,log,2024-11-02,2024-11-23,3
38,2024-11-02,2024-11-30,4,5.210857391357422,0.5813137292861938,3.737290382385254,5.210857391357422,11.124443054199219,31.636232376098633,log,2024-11-02,2024-11-30,4
39,2024-11-02,2024-11-09,1,30.201507568359375,13.250807762145996,19.067447662353516,30.201507568359375,63.858306884765625,138.00233459472656,log,2024-11-02,2024-11-09,1
39,2024-11-02,2024-11-16,2,61.58359909057617,16.783729553222656,32.428218841552734,61.58359909057617,61.736873626708984,117.73538970947266,log,2024-11-02,2024-11-16,2
39,2024-11-02,2024-11-23,3,60.39211654663086,10.205241203308105,29.232158660888672,60.39211654663086,72.53958892822266,182.76597595214844,log,2024-11-02,2024-11-23,3
39,2024-11-02,2024-11-30,4,69.33833312988281,11.458183288574219,51.6799201965332,69.33833312988281,92.88009643554688,223.83657836914062,log,2024-11-02,2024-11-30,4
40,2024-11-02,2024-11-09,1,5.789466381072998,0.8999999999999999,2.6791112422943115,5.789466381072998,8.527265548706055,9.339417457580566,log,2024-11-02,2024-11-09,1
40,2024-11-02,2024-11-16,2,10.970699310302734,0.5839236974716187,3.6830174922943115,10.970699310302734,13.43113899230957,14.116861343383789,log,2024-11-02,2024-11-16,2
40,2024-11-02,2024-11-23,3,16.016305923461914,0.6763462424278259,8.37546157836914,16.016305923461914,22.440481185913086,27.29251480102539,log,2024-11-02,2024-11-23,3
40,2024-11-02,2024-11-30,4,27.8552188873291,1.031778335571289,15.34616756439209,27.8552188873291,31.904987335205078,34.69283676147461,log,2024-11-02,2024-11-30,4
41,2024-11-02,2024-11-09,1,10.424776077270508,2.1,6.892793655395508,10.424776077270508,14.168524742126465,16.91794204711914,log,2024-11-02,2024-11-09,1
41,2024-11-02,2024-11-16,2,14.77697467803955,3.2418274879455566,9.32612133026123,14.77697467803955,15.863313674926758,22.94987678527832,log,2024-11-02,2024-11-16,2
41,2024-11-02,2024-11-23,3,16.63788604736328,2.6248886585235596,12.10792064666748,16.63788604736328,24.558700561523438,37.31389236450195,log,2024-11-02,2024-11-23,3
41,2024-11-02,2024-11-30,4,24.062843322753906,2.9085896015167236,18.17513656616211,24.062843322753906,37.997737884521484,59.38253402709961,log,2024-11-02,2024-11-30,4
42,2024-11-02,2024-11-09,1,87.92632293701172,31.2,44.22883987426758,87.92632293701172,128.0701904296875,189.7383575439453,log,2024-11-02,2024-11-09,1
42,2024-11-02,2024-11-16,2,99.0842514038086,29.19822883605957,79.53872680664062,99.0842514038086,148.48020935058594,304.1708984375,log,2024-11-02,2024-11-16,2
42,2024-11-02,2024-11-23,3,117.74026489257812,28.535661697387695,92.54522705078125,117.74026489257812,218.4185791015625,559.74169921875,log,2024-11-02,2024-11-23,3
42,2024-11-02,2024-11-30,4,191.02105712890625,18.26840591430664,117.33702087402344,191.02105712890625,247.48731994628906,738.080078125,log,2024-11-02,2024-11-30,4
44,2024-11-02,2024-11-09,1,1.1254189014434814,0.6,0.6,1.1254189014434814,3.1809561252593994,7.476291656494141,log,2024-11-02,2024-11-09,1
44,2024-11-02,2024-11-16,2,2.0189218521118164,0.3940727114677429,1.0834482908248901,2.0189218521118164,4.352042198181152,10.39586353302002,log,2024-11-02,2024-11-16,2
44,2024-11-02,2024-11-23,3,3.2726800441741943,0.4885561764240265,2.802658796310425,3.2726800441741943,7.622138500213623,21.294321060180664,log,2024-11-02,2024-11-23,3
44,2024-11-02,2024-11-30,4,5.185452461242676,0.33992522954940796,3.495507001876831,5.185452461242676,10.911101341247559,35.842628479003906,log,2024-11-02,2024-11-30,4
45,2024-11-02,2024-11-09,1,17.3887939453125,3.3,11.820838928222656,17.3887939453125,25.830123901367188,27.13127899169922,log,2024-11-02,2024-11-09,1
45,2024-11-02,2024-11-16,2,30.422046661376953,4.36675500869751,19.832609176635742,30.422046661376953,36.220394134521484,38.054317474365234,log,2024-11-02,2024-11-16,2
45,2024-11-02,2024-11-23,3,50.53168487548828,4.850255012512207,28.5102596282959,50.53168487548828,55.12180709838867,55.52404022216797,log,2024-11-02,2024-11-23,3
45,2024-11-02,2024-11-30,4,63.85499572753906,3.3418729305267334,32.178768157958984,63.85499572753906,68.72173309326172,71.26856994628906,log,2024-11-02,2024-11-30,4
46,2024-11-02,2024-11-09,1,2.1434974670410156,0.1114421859383583,0.7866464853286743,2.1434974670410156,3.5096771717071533,5.883525371551514,log,2024-11-02,2024-11-09,1
46,2024-11-02,2024-11-16,2,3.4325437545776367,0.4189855754375458,1.2100753784179688,3.4325437545776367,4.9516167640686035,8.558085441589355,log,2024-11-02,2024-11-16,2
46,2024-11-02,2024-11-23,3,3.585864543914795,0.5773171186447144,3.249619960784912,3.585864543914795,7.325503349304199,15.838079452514648,log,2024-11-02,2024-11-23,3
46,2024-11-02,2024-11-30,4,6.398257732391357,0.47485455870628357,4.068100452423096,6.398257732391357,10.707616806030273,23.925886154174805,log,2024-11-02,2024-11-30,4
47,2024-11-02,2024-11-09,1,57.004390716552734,13.975809097290039,36.928104400634766,57.004390716552734,72.03994750976562,123.89181518554688,log,2024-11-02,2024-11-09,1
47,2024-11-02,2024-11-16,2,76.66110229492188,16.450862884521484,57.671592712402344,76.66110229492188,108.3544921875,185.79226684570312,log,2024-11-02,2024-11-16,2
47,2024-11-02,2024-11-23,3,95.9239730834961,19.83144187927246,60.91992950439453,95.9239730834961,163.07461547851562,335.3288879394531,log,2024-11-02,2024-11-23,3
47,2024-11-02,2024-11-30,4,133.64694213867188,11.69516372680664,74.86089324951172,133.64694213867188,172.83047485351562,451.9102783203125,log,2024-11-02,2024-11-30,4
48,2024-11-02,2024-11-09,1,141.02413940429688,56.61796569824219,126.9306869506836,141.02413940429688,148.4253387451172,187.16432189941406,log,2024-11-02,2024-11-09,1
48,2024-11-02,2024-11-16,2,188.94229125976562,54.40146255493164,188.50225830078125,188.94229125976562,236.37059020996094,488.10064697265625,log,2024-11-02,2024-11-16,2
48,2024-11-02,2024-11-23,3,325.1929016113281,57.79145812988281,266.96490478515625,325.1929016113281,334.465087890625,644.2294311523438,log,2024-11-02,2024-11-23,3
48,2024-11-02,2024-11-30,4,387.4710998535156,47.2840461730957,296.3796691894531,387.4710998535156,432.193359375,763.1134033203125,log,2024-11-02,2024-11-30,4
49,2024-11-02,2024-11-09,1,3.577526092529297,0.6,2.40940260887146,3.577526092529297,8.39731216430664,8.856557846069336,log,2024-11-02,2024-11-09,1
49,2024-11-02,2024-11-16,2,5.267853736877441,0.5000318884849548,2.7145934104919434,5.267853736877441,10.421055793762207,14.849992752075195,log,2024-11-02,2024-11-16,2
49,2024-11-02,2024-11-23,3,8.59387493133545,0.7750318646430969,7.152800559997559,8.59387493133545,18.110687255859375,22.06868553161621,log,2024-11-02,2024-11-23,3
49,2024-11-02,2024-11-30,4,15.830822944641113,0.9852720499038696,10.175252914428711,15.830822944641113,24.742870330810547,35.09019470214844,log,2024-11-02,2024-11-30,4
50,2024-11-02,2024-11-09,1,1.2268638610839844,0.12274672836065292,0.2574482858181,1.2268638610839844,2.175743579864502,5.734678268432617,log,2024-11-02,2024-11-09,1
50,2024-11-02,2024-11-16,2,1.4313007593154907,0.3046189546585083,0.5084450840950012,1.4313007593154907,2.9400899410247803,8.653959274291992,log,2024-11-02,2024-11-16,2
50,2024-11-02,2024-11-23,3,2.5057740211486816,0.4208498001098633,1.5031216144561768,2.5057740211486816,4.63706111907959,17.693906784057617,log,2024-11-02,2024-11-23,3
50,2024-11-02,2024-11-30,4,5.03285551071167,0.14628465473651886,2.6099133491516113,5.03285551071167,7.718417167663574,24.39265251159668,log,2024-11-02,2024-11-30,4
51,2024-11-02,2024-11-09,1,22.671123504638672,6.6409220695495605,16.679912567138672,22.671123504638672,30.94932746887207,38.656455993652344,log,2024-11-02,2024-11-09,1
51,2024-11-02,2024-11-16,2,32.472190856933594,9.14999008178711,23.2103271484375,32.472190856933594,41.647972106933594,49.83819580078125,log,2024-11-02,2024-11-16,2
51,2024-11-02,2024-11-23,3,41.42469787597656,11.563560485839844,31.821033477783203,41.42469787597656,54.35393142700195,78.38754272460938,log,2024-11-02,2024-11-23,3
51,2024-11-02,2024-11-30,4,52.70947265625,6.989427089691162,43.21404266357422,52.70947265625,90.64049530029297,122.20391845703125,log,2024-11-02,2024-11-30,4
53,2024-11-02,2024-11-09,1,6.550550937652588,0.6,3.2793750762939453,6.550550937652588,10.889422416687012,13.639846801757812,log,2024-11-02,2024-11-09,1
53,2024-11-02,2024-11-16,2,9.295424461364746,0.7376736998558044,5.032031536102295,9.295424461364746,18.515430450439453,19.936386108398438,log,2024-11-02,2024-11-16,2
53,2024-11-02,2024-11-23,3,20.567277908325195,0.5777420401573181,8.409781455993652,20.567277908325195,29.902494430541992,30.574403762817383,log,2024-11-02,2024-11-23,3
53,2024-11-02,2024-11-30,4,28.154510498046875,0.8877882361412048,16.00957679748535,28.154510498046875,31.924888610839844,36.847843170166016,log,2024-11-02,2024-11-30,4
54,2024-11-02,2024-11-09,1,0.9324178695678711,0.1169620156288147,0.12233851104974747,0.9324178695678711,1.498952865600586,5.482522964477539,log,2024-11-02,2024-11-09,1
54,2024-11-02,2024-11-16,2,1.7730677127838135,0.23010466992855072,0.32174402475357056,1.7730677127838135,3.1064491271972656,8.851271629333496,log,2024-11-02,2024-11-16,2
54,2024-11-02,2024-11-23,3,3.367330551147461,0.06212826445698738,1.2402418851852417,3.367330551147461,4.93295955657959,17.291019439697266,log,2024-11-02,2024-11-23,3
54,2024-11-02,2024-11-30,4,5.799007415771484,0.17599371075630188,2.5869081020355225,5.799007415771484,11.305739402770996,23.116710662841797,log,2024-11-02,2024-11-30,4
55,2024-11-02,2024-11-09,1,8.427867889404297,1.5,6.607401371002197,8.427867889404297,12.640181541442871,17.43499755859375,log,2024-11-02,2024-11-09,1
55,2024-11-02,2024-11-16,2,14.603175163269043,1.147019624710083,9.6995849609375,14.603175163269043,18.575111389160156,22.97125244140625,log,2024-11-02,2024-11-16,2
55,2024-11-02,2024-11-23,3,24.946674346923828,1.0657875537872314,11.216570854187012,24.946674346923828,31.965654373168945,36.0310173034668,log,2024-11-02,2024-11-23,3
55,2024-11-02,2024-11-30,4,31.820297241210938,1.4498374462127686,17.50458526611328,31.820297241210938,37.24235153198242,46.41563415527344,log,2024-11-02,2024-11-30,4
56,2024-11-02,2024-11-09,1,2.4286649227142334,0.032863203436136246,1.21205735206604,2.4286649227142334,4.7769951820373535,7.392299652099609,log,2024-11-02,2024-11-09,1
56,2024-11-02,2024-11-16,2,5.525298118591309,0.34288379549980164,2.225806951522827,5.525298118591309,8.212947845458984,12.454498291015625,log,2024-11-02,2024-11-16,2
56,2024-11-02,2024-11-23,3,5.863338947296143,0.42858338356018066,3.768847703933716,5.863338947296143,11.50338363647461,18.612890243530273,log,2024-11-02,2024-11-23,3
56,2024-11-02,2024-11-30,4,9.11501407623291,0.6580601930618286,4.282129764556885,9.11501407623291,14.75257396697998,25.82974624633789,log,2024-11-02,2024-11-30,4
72,2024-11-02,2024-11-09,1,25.182029724121094,7.7385053634643555,17.25197410583496,25.182029724121094,30.435789108276367,37.26710510253906,log,2024-11-02,2024-11-09,1
72,2024-11-02,2024-11-16,2,40.89610290527344,7.966500759124756,23.368759155273438,40.89610290527344,42.53076934814453,60.49946975708008,log,2024-11-02,2024-11-16,2
72,2024-11-02,2024-11-23,3,50.765403747558594,12.086196899414062,34.682167053222656,50.765403747558594,63.71067428588867,104.4530258178711,log,2024-11-02,2024-11-23,3
72,2024-11-02,2024-11-30,4,76.18074035644531,9.513931274414062,50.15992736816406,76.18074035644531,106.0180435180664,163.766357421875,log,2024-11-02,2024-11-30,4
US,2024-11-02,2024-11-09,1,938.6873168945312,305.09999999999997,916.4630737304688,938.6873168945312,1020.8236083984375,1753.4774169921875,log,2024-11-02,2024-11-09,1
US,2024-11-02,2024-11-16,2,1090.95263671875,155.00650024414062,1078.4281005859375,1090.95263671875,1254.3150634765625,2061.760986328125,log,2024-11-02,2024-11-16,2
US,2024-11-02,2024-11-23,3,1246.52490234375,113.75213623046875,1077.2294921875,1246.52490234375,1526.58349609375,2312.729248046875,log,2024-11-02,2024-11-23,3
US,2024-11-02,2024-11-30,4,1436.1629638671875,76.62400817871094,1322.017333984375,1436.1629638671875,1600.9674072265625,2469.89453125,log,2024-11-02,2024-11-30,4
01,2024-11-09,2024-11-16,1,39.636863708496094,10.988739013671875,30.64099884033203,39.636863708496094,61.56611251831055,74.42927551269531,log,2024-11-09,2024-11-16,1
01,2024-11-09,2024-11-23,2,50.363380432128906,11.950042724609375,34.734806060791016,50.363380432128906,108.90705108642578,156.1865997314453,log,2024-11-09,2024-11-23,2
01,2024-11-09,2024-11-30,3,74.83087158203125,17.4495849609375,53.43436813354492,74.83087158203125,138.73287963867188,255.17987060546875,log,2024-11-09,2024-11-30,3
01,2024-11-09,2024-12-07,4,94.73043823242188,18.646060943603516,79.91712188720703,94.73043823242188,171.4157257080078,398.7725524902344,log,2024-11-09,2024-12-07,4
02,2024-11-09,2024-11-16,1,11.188374519348145,1.7999999999999998,6.826253414154053,11.188374519348145,15.662908554077148,21.359268188476562,log,2024-11-09,2024-11-16,1
02,2024-11-09,2024-11-23,2,19.250354766845703,2.6498165130615234,11.806318283081055,19.250354766845703,29.709659576416016,31.237972259521484,log,2024-11-09,2024-11-23,2
02,2024-11-09,2024-11-30,3,32.8088264465332,2.109452247619629,15.597095489501953,32.8088264465332,40.60588836669922,55.272300720214844,log,2024-11-09,2024-11-30,3
02,2024-11-09,2024-12-07,4,38.43123245239258,2.492802143096924,19.700178146362305,38.43123245239258,49.46651077270508,64.19473266601562,log,2024-11-09,2024-12-07,4
04,2024-11-09,2024-11-16,1,288.8329772949219,81.6,194.1818084716797,288.8329772949219,393.27752685546875,769.0006713867188,log,2024-11-09,2024-11-16,1
04,2024-11-09,2024-11-23,2,295.5618896484375,73.67402648925781,176.38539123535156,295.5618896484375,562.260986328125,1257.344482421875,log,2024-11-09,2024-11-23,2
04,2024-11-09,2024-11-30,3,352.519287109375,61.20052719116211,222.05752563476562,352.519287109375,654.8707885742188,1473.01513671875,log,2024-11-09,2024-11-30,3
04,2024-11-09,2024-12-07,4,274.89422607421875,62.066627502441406,242.91317749023438,274.89422607421875,578.3572998046875,1411.1500244140625,log,2024-11-09,2024-12-07,4
05,2024-11-09,2024-11-16,1,22.93210792541504,3.3,11.821734428405762,22.93210792541504,26.255332946777344,26.30789566040039,log,2024-11-09,2024-11-16,1
05,2024-11-09,2024-11-23,2,32.186767578125,3.3948755264282227,19.40984535217285,32.186767578125,47.40107727050781,48.00699234008789,log,2024-11-09,2024-11-23,2
05,2024-11-09,2024-11-30,3,46.92362594604492,2.867300033569336,27.556671142578125,46.92362594604492,62.86324691772461,76.45880126953125,log,2024-11-09,2024-11-30,3
05,2024-11-09,2024-12-07,4,60.4849853515625,3.7264351844787598,32.75322341918945,60.4849853515625,76.3739013671875,93.3358383178711,log,2024-11-09,2024-12-07,4
06,2024-11-09,2024-11-16,1,264.2724914550781,119.26506042480469,223.43768310546875,264.2724914550781,269.78369140625,430.148681640625,log,2024-11-09,2024-11-16,1
06,2024-11-09,2024-11-23,2,319.2236328125,120.32465362548828,313.6003723144531,319.2236328125,372.80230712890625,699.9732666015625,log,2024-11-09,2024-11-23,2
06,2024-11-09,2024-11-30,3,486.634033203125,93.19123840332031,470.83599853515625,486.634033203125,569.7977294921875,1122.7509765625,log,2024-11-09,2024-11-30,3
06,2024-11-09,2024-12-07,4,613.5658569335938,87.53858947753906,605.6417846679688,613.5658569335938,707.9696655273438,2164.8603515625,log,2024-11-09,2024-12-07,4
08,2024-11-09,2024-11-16,1,33.49465560913086,7.348154544830322,24.05765724182129,33.49465560913086,50.56737518310547,70.41997528076172,log,2024-11-09,2024-11-16,1
08,2024-11-09,2024-11-23,2,50.00944900512695,9.791473388671875,24.685420989990234,50.00944900512695,73.8994369506836,125.39962005615234,log,2024-11-09,2024-11-23,2
08,2024-11-09,2024-11-30,3,60.22548294067383,15.652801513671875,39.45513916015625,60.22548294067383,98.3043441772461,163.68740844726562,log,2024-11-09,2024-11-30,3
08,2024-11-09,2024-12-07,4,91.67798614501953,12.738797187805176,53.82977294921875,91.67798614501953,152.93405151367188,325.66033935546875,log,2024-11-09,2024-12-07,4
09,2024-11-09,2024-11-16,1,10.530353546142578,1.5668221712112427,6.122174263000488,10.530353546142578,13.368226051330566,19.45990562438965,log,2024-11-09,2024-11-16,1
09,2024-11-09,2024-11-23,2,11.639301300048828,2.688674211502075,9.094615936279297,11.639301300048828,21.398115158081055,22.97176742553711,log,2024-11-09,2024-11-23,2
09,2024-11-09,2024-11-30,3,20.308984756469727,2.7111401557922363,11.858963966369629,20.308984756469727,28.755136489868164,38.31703186035156,log,2024-11-09,2024-11-30,3
09,2024-11-09,2024-12-07,4,25.16643524169922,2.9875996112823486,16.081100463867188,25.16643524169922,39.584774017333984,55.16863250732422,log,2024-11-09,2024-12-07,4
10,2024-11-09,2024-11-16,1,1.8915684223175049,0.3,0.44312092661857605,1.8915684223175049,3.548926591873169,7.998393535614014,log,2024-11-09,2024-11-16,1
10,2024-11-09,2024-11-23,2,2.4566240310668945,0.31057193875312805,1.064915657043457,2.4566240310668945,5.922337532043457,13.495609283447266,log,2024-11-09,2024-11-23,2
10,2024-11-09,2024-11-30,3,4.615436553955078,0.49831315875053406,2.54364275932312,4.615436553955078,9.1487455368042,21.50522804260254,log,2024-11-09,2024-11-30,3
10,2024-11-09,2024-12-07,4,7.20653772354126,0.34636035561561584,4.107375621795654,7.20653772354126,15.01977252960205,40.138885498046875,log,2024-11-09,2024-12-07,4
11,2024-11-09,2024-11-16,1,1.5423767566680908,0.6,0.6172272562980652,1.5423767566680908,3.7837352752685547,8.600739479064941,log,2024-11-09,2024-11-16,1
11,2024-11-09,2024-11-23,2,2.610985040664673,0.3990459144115448,1.505016565322876,2.610985040664673,5.922458171844482,13.132769584655762,log,2024-11-09,2024-11-23,2
11,2024-11-09,2024-11-30,3,6.195796489715576,0.5262442231178284,3.704087734222412,6.195796489715576,9.318002700805664,21.427099227905273,log,2024-11-09,2024-11-30,3
11,2024-11-09,2024-12-07,4,6.834779739379883,0.9730229377746582,4.691274642944336,6.834779739379883,16.38984489440918,38.21337890625,log,2024-11-09,2024-12-07,4
12,2024-11-09,2024-11-16,1,486.3739013671875,144.95387268066406,398.7212829589844,486.3739013671875,515.0545654296875,897.4722900390625,log,2024-11-09,2024-11-16,1
12,2024-11-09,2024-11-23,2,538.595947265625,136.5015869140625,525.85546875,538.595947265625,678.7899169921875,1406.2906494140625,log,2024-11-09,2024-11-23,2
12,2024-11-09,2024-11-30,3,864.8927612304688,122.56139373779297,830.916015625,864.8927612304688,952.1453857421875,2012.1236572265625,log,2024-11-09,2024-11-30,3
12,2024-11-09,2024-12-07,4,1043.4893798828125,99.54364013671875,974.311767578125,1043.4893798828125,1048.3812255859375,2730.500244140625,log,2024-11-09,2024-12-07,4
13,2024-11-09,2024-11-16,1,47.915916442871094,12.6,36.02889633178711,47.915916442871094,76.96145629882812,99.19326782226562,log,2024-11-09,2024-11-16,1
13,2024-11-09,2024-11-23,2,55.4075927734375,11.971611022949219,43.680904388427734,55.4075927734375,120.14509582519531,173.57359313964844,log,2024-11-09,2024-11-23,2
13,2024-11-09,2024-11-30,3,98.48330688476562,19.237640380859375,77.0016098022461,98.48330688476562,178.28004455566406,293.0035400390625,log,2024-11-09,2024-11-30,3
13,2024-11-09,2024-12-07,4,115.23519897460938,19.26957893371582,95.15242004394531,115.23519897460938,192.13070678710938,401.6700439453125,log,2024-11-09,2024-12-07,4
15,2024-11-09,2024-11-16,1,9.457127571105957,2.1,5.638862609863281,9.457127571105957,15.3933687210083,15.580156326293945,log,2024-11-09,2024-11-16,1
15,2024-11-09,2024-11-23,2,21.78762435913086,1.8108038902282715,11.107197761535645,21.78762435913086,28.493244171142578,29.267375946044922,log,2024-11-09,2024-11-23,2
15,2024-11-09,2024-11-30,3,31.705041885375977,1.532344102859497,18.994937896728516,31.705041885375977,41.34562301635742,51.692569732666016,log,2024-11-09,2024-11-30,3
15,2024-11-09,2024-12-07,4,40.17051696777344,1.8745990991592407,20.18136978149414,40.17051696777344,50.57600784301758,61.07862854003906,log,2024-11-09,2024-12-07,4
16,2024-11-09,2024-11-16,1,6.180902481079102,2.4,5.470161437988281,6.180902481079102,11.144063949584961,18.89689826965332,log,2024-11-09,2024-11-16,1
16,2024-11-09,2024-11-23,2,9.599907875061035,1.9130537509918213,8.959247589111328,9.599907875061035,19.22510528564453,24.77054786682129,log,2024-11-09,2024-11-23,2
16,2024-11-09,2024-11-30,3,14.571590423583984,1.427796483039856,8.87365436553955,14.571590423583984,25.094602584838867,37.413150787353516,log,2024-11-09,2024-11-30,3
16,2024-11-09,2024-12-07,4,19.48151206970215,1.9112211465835571,11.305070877075195,19.48151206970215,31.197660446166992,48.57500457763672,log,2024-11-09,2024-12-07,4
17,2024-11-09,2024-11-16,1,47.9229621887207,12.240500450134277,31.49858856201172,47.9229621887207,63.44920349121094,98.36421966552734,log,2024-11-09,2024-11-16,1
17,2024-11-09,2024-11-23,2,58.46382522583008,15.832793235778809,45.95195770263672,58.46382522583008,116.91316986083984,171.10670471191406,log,2024-11-09,2024-11-23,2
17,2024-11-09,2024-11-30,3,89.74187469482422,23.269105911254883,85.71868133544922,89.74187469482422,187.11651611328125,294.13763427734375,log,2024-11-09,2024-11-30,3
17,2024-11-09,2024-12-07,4,116.73562622070312,19.450429916381836,116.57327270507812,116.73562622070312,204.88587951660156,433.7608947753906,log,2024-11-09,2024-12-07,4
18,2024-11-09,2024-11-16,1,33.00518798828125,8.4,24.288005828857422,33.00518798828125,47.40447235107422,70.89176940917969,log,2024-11-09,2024-11-16,1
18,2024-11-09,2024-11-23,2,46.81639099121094,9.974454879760742,27.805301666259766,46.81639099121094,80.09356689453125,131.7931365966797,log,2024-11-09,2024-11-23,2
18,2024-11-09,2024-11-30,3,81.14518737792969,16.587751388549805,60.870819091796875,81.14518737792969,133.27499389648438,201.392578125,log,2024-11-09,2024-11-30,3
18,2024-11-09,2024-12-07,4,94.59295654296875,16.407089233398438,90.38382720947266,94.59295654296875,182.9729766845703,350.1666564941406,log,2024-11-09,2024-12-07,4
19,2024-11-09,2024-11-16,1,5.827361106872559,1.2,3.6842620372772217,5.827361106872559,10.665093421936035,12.99500846862793,log,2024-11-09,2024-11-16,1
19,2024-11-09,2024-11-23,2,7.658592224121094,0.9939523935317993,6.2739105224609375,7.658592224121094,15.886406898498535,23.896860122680664,log,2024-11-09,2024-11-23,2
19,2024-11-09,2024-11-30,3,18.370805740356445,0.6401949524879456,10.000389099121094,18.370805740356445,28.6441650390625,31.119813919067383,log,2024-11-09,2024-11-30,3
19,2024-11-09,2024-12-07,4,25.001628875732422,1.7642821073532104,16.19630241394043,25.001628875732422,35.078338623046875,44.314453125,log,2024-11-09,2024-12-07,4
20,2024-11-09,2024-11-16,1,10.602316856384277,2.1,8.160636901855469,10.602316856384277,16.876699447631836,22.61960792541504,log,2024-11-09,2024-11-16,1
20,2024-11-09,2024-11-23,2,18.256906509399414,3.0972347259521484,11.846691131591797,18.256906509399414,25.69776153564453,25.743764877319336,log,2024-11-09,2024-11-23,2
20,2024-11-09,2024-11-30,3,29.287494659423828,2.1228418350219727,15.063193321228027,29.287494659423828,38.960968017578125,43.49150848388672,log,2024-11-09,2024-11-30,3
20,2024-11-09,2024-12-07,4,31.41106605529785,2.8595690727233887,18.69844627380371,31.41106605529785,52.026817321777344,69.7698974609375,log,2024-11-09,2024-12-07,4
21,2024-11-09,2024-11-16,1,26.480131149291992,4.8,15.309423446655273,26.480131149291992,38.55437088012695,45.13887023925781,log,2024-11-09,2024-11-16,1
21,2024-11-09,2024-11-23,2,35.434391021728516,7.045836448669434,23.033761978149414,35.434391021728516,49.95612335205078,64.93677520751953,log,2024-11-09,2024-11-23,2
21,2024-11-09,2024-11-30,3,51.15094757080078,6.369527339935303,35.02096939086914,51.15094757080078,85.4914321899414,107.82640838623047,log,2024-11-09,2024-11-30,3
21,2024-11-09,2024-12-07,4,63.67427444458008,6.698067665100098,49.32481384277344,63.67427444458008,101.4341812133789,139.0181427001953,log,2024-11-09,2024-12-07,4
22,2024-11-09,2024-11-16,1,103.86264038085938,28.497217178344727,74.02740478515625,103.86264038085938,127.05397033691406,209.32887268066406,log,2024-11-09,2024-11-16,1
22,2024-11-09,2024-11-23,2,109.52894592285156,25.57866859436035,96.7065658569336,109.52894592285156,170.37680053710938,416.08892822265625,log,2024-11-09,2024-11-23,2
22,2024-11-09,2024-11-30,3,138.9288330078125,26.719263076782227,104.99916076660156,138.9288330078125,192.5934600830078,602.9080200195312,log,2024-11-09,2024-11-30,3
22,2024-11-09,2024-12-07,4,199.76402282714844,29.836734771728516,162.80055236816406,199.76402282714844,325.98480224609375,1034.2928466796875,log,2024-11-09,2024-12-07,4
23,2024-11-09,2024-11-16,1,2.6635236740112305,0.3,0.5062828660011292,2.6635236740112305,4.002484321594238,7.249168872833252,log,2024-11-09,2024-11-16,1
23,2024-11-09,2024-11-23,2,3.217679738998413,0.3243999481201172,1.315617322921753,3.217679738998413,6.15414571762085,12.203336715698242,log,2024-11-09,2024-11-23,2
23,2024-11-09,2024-11-30,3,6.563610076904297,0.49590712785720825,3.4994547367095947,6.563610076904297,8.671952247619629,21.17160415649414,log,2024-11-09,2024-11-30,3
23,2024-11-09,2024-12-07,4,8.681090354919434,0.37753450870513916,5.21395206451416,8.681090354919434,19.301311492919922,35.55583190917969,log,2024-11-09,2024-12-07,4
24,2024-11-09,2024-11-16,1,15.429758071899414,2.6999999999999997,8.551328659057617,15.429758071899414,16.255931854248047,17.174489974975586,log,2024-11-09,2024-11-16,1
24,2024-11-09,2024-11-23,2,25.936328887939453,2.3841753005981445,15.74153995513916,25.936328887939453,29.84235954284668,35.023921966552734,log,2024-11-09,2024-11-23,2
24,2024-11-09,2024-11-30,3,47.099082946777344,1.6947746276855469,23.920650482177734,47.099082946777344,50.50191116333008,52.35710525512695,log,2024-11-09,2024-11-30,3
24,2024-11-09,2024-12-07,4,47.248382568359375,2.666653633117676,24.860828399658203,47.248382568359375,60.02791976928711,66.08047485351562,log,2024-11-09,2024-12-07,4
25,2024-11-09,2024-11-16,1,34.071128845214844,11.7,22.06791114807129,34.071128845214844,60.16712188720703,86.13766479492188,log,2024-11-09,2024-11-16,1
25,2024-11-09,2024-11-23,2,40.7080078125,7.000556945800781,30.857223510742188,40.7080078125,111.31717681884766,205.11474609375,log,2024-11-09,2024-11-23,2
25,2024-11-09,2024-11-30,3,54.113182067871094,8.196216583251953,48.380409240722656,54.113182067871094,144.14505004882812,254.77146911621094,log,2024-11-09,2024-11-30,3
25,2024-11-09,2024-12-07,4,74.55955505371094,8.188563346862793,56.220088958740234,74.55955505371094,164.7867889404297,345.95068359375,log,2024-11-09,2024-12-07,4
26,2024-11-09,2024-11-16,1,49.8984260559082,14.399999999999999,34.172149658203125,49.8984260559082,64.43316650390625,120.8023452758789,log,2024-11-09,2024-11-16,1
26,2024-11-09,2024-11-23,2,68.78396606445312,14.232845306396484,51.26893997192383,68.78396606445312,124.49253845214844,259.9881591796875,log,2024-11-09,2024-11-23,2
26,2024-11-09,2024-11-30,3,92.80595397949219,16.953664779663086,83.9940414428711,92.80595397949219,158.66390991210938,369.83251953125,log,2024-11-09,2024-11-30,3
26,2024-11-09,2024-12-07,4,143.9075164794922,16.847835540771484,126.87018585205078,143.9075164794922,195.28509521484375,484.490478515625,log,2024-11-09,2024-12-07,4
27,2024-11-09,2024-11-16,1,16.416933059692383,5.3999999999999995,8.253764152526855,16.416933059692383,27.660701751708984,59.5869026184082,log,2024-11-09,2024-11-16,1
27,2024-11-09,2024-11-23,2,19.787851333618164,2.269834518432617,11.895612716674805,19.787851333618164,59.80048751831055,70.3472671508789,log,2024-11-09,2024-11-23,2
27,2024-11-09,2024-11-30,3,35.18708038330078,3.401292324066162,17.619773864746094,35.18708038330078,54.07569122314453,110.6740951538086,log,2024-11-09,2024-11-30,3
27,2024-11-09,2024-12-07,4,46.423709869384766,4.668069839477539,29.623092651367188,46.423709869384766,62.15401840209961,131.8785858154297,log,2024-11-09,2024-12-07,4
28,2024-11-09,2024-11-16,1,29.351099014282227,6.8999999999999995,22.290538787841797,29.351099014282227,46.63451385498047,66.47544860839844,log,2024-11-09,2024-11-16,1
28,2024-11-09,2024-11-23,2,45.40967559814453,7.062239170074463,25.49618911743164,45.40967559814453,65.6854248046875,109.07052612304688,log,2024-11-09,2024-11-23,2
28,2024-11-09,2024-11-30,3,65.72035217285156,8.89418888092041,45.69892501831055,65.72035217285156,109.94995880126953,180.32191467285156,log,2024-11-09,2024-11-30,3
28,2024-11-09,2024-12-07,4,83.63023376464844,8.188252449035645,56.31383514404297,83.63023376464844,163.00241088867188,321.08856201171875,log,2024-11-09,2024-12-07,4
29,2024-11-09,2024-11-16,1,34.109230041503906,9.0,27.629074096679688,34.109230041503906,58.9448127746582,76.57198333740234,log,2024-11-09,2024-11-16,1
29,2024-11-09,2024-11-23,2,47.556236267089844,9.886995315551758,30.4621524810791,47.556236267089844,100.15885162353516,122.8191909790039,log,2024-11-09,2024-11-23,2
29,2024-11-09,2024-11-30,3,79.56895446777344,16.391807556152344,57.86360549926758,79.56895446777344,142.47801208496094,215.01907348632812,log,2024-11-09,2024-11-30,3
29,2024-11-09,2024-12-07,4,86.45047760009766,12.998836517333984,77.84302520751953,86.45047760009766,181.51039123535156,313.2511901855469,log,2024-11-09,2024-12-07,4
30,2024-11-09,2024-11-16,1,1.6353529691696167,0.11619974672794342,0.451736181974411,1.6353529691696167,2.5824990272521973,5.587251663208008,log,2024-11-09,2024-11-16,1
30,2024-11-09,2024-11-23,2,2.428868055343628,0.3449487090110779,1.1338001489639282,2.428868055343628,4.9438557624816895,10.603401184082031,log,2024-11-09,2024-11-23,2
30,2024-11-09,2024-11-30,3,4.067573070526123,0.4818549156188965,2.815013885498047,4.067573070526123,6.774611473083496,17.88304328918457,log,2024-11-09,2024-11-30,3
30,2024-11-09,2024-12-07,4,7.0419111251831055,0.8042172789573669,3.898998260498047,7.0419111251831055,11.003362655639648,29.72727394104004,log,2024-11-09,2024-12-07,4
31,2024-11-09,2024-11-16,1,5.125335693359375,1.2,2.8200600147247314,5.125335693359375,8.236808776855469,9.4072265625,log,2024-11-09,2024-11-16,1
31,2024-11-09,2024-11-23,2,8.33798599243164,0.6375047564506531,5.328158855438232,8.33798599243164,13.281331062316895,15.417266845703125,log,2024-11-09,2024-11-23,2
31,2024-11-09,2024-11-30,3,13.486950874328613,0.6131320595741272,9.296772956848145,13.486950874328613,20.908615112304688,25.066316604614258,log,2024-11-09,2024-11-30,3
31,2024-11-09,2024-12-07,4,13.917943000793457,1.461262583732605,12.3271484375,13.917943000793457,24.980478286743164,39.444847106933594,log,2024-11-09,2024-12-07,4
32,2024-11-09,2024-11-16,1,27.280502319335938,7.5,20.589771270751953,27.280502319335938,44.03721618652344,60.42160415649414,log,2024-11-09,2024-11-16,1
32,2024-11-09,2024-11-23,2,38.32355499267578,8.083963394165039,23.34442138671875,38.32355499267578,65.61458587646484,105.58537292480469,log,2024-11-09,2024-11-23,2
32,2024-11-09,2024-11-30,3,43.80927276611328,12.137088775634766,35.66681671142578,43.80927276611328,91.03172302246094,159.62814331054688,log,2024-11-09,2024-11-30,3
32,2024-11-09,2024-12-07,4,62.7933349609375,9.994232177734375,44.01803207397461,62.7933349609375,129.17538452148438,284.8246154785156,log,2024-11-09,2024-12-07,4
33,2024-11-09,2024-11-16,1,3.936910629272461,1.5,2.6498870849609375,3.936910629272461,7.173793315887451,9.003474235534668,log,2024-11-09,2024-11-16,1
33,2024-11-09,2024-11-23,2,4.792296409606934,0.7989334464073181,4.751409530639648,4.792296409606934,10.215469360351562,13.83190631866455,log,2024-11-09,2024-11-23,2
33,2024-11-09,2024-11-30,3,11.061690330505371,1.1581134796142578,8.819073677062988,11.061690330505371,15.951080322265625,25.824251174926758,log,2024-11-09,2024-11-30,3
33,2024-11-09,2024-12-07,4,9.400821685791016,1.4186336994171143,6.919332027435303,9.400821685791016,16.120147705078125,36.84023666381836,log,2024-11-09,2024-12-07,4
34,2024-11-09,2024-11-16,1,36.54661178588867,9.0,25.675582885742188,36.54661178588867,58.653053283691406,82.04127502441406,log,2024-11-09,2024-11-16,1
34,2024-11-09,2024-11-23,2,50.26993179321289,10.462039947509766,30.94487190246582,50.26993179321289,101.77088165283203,146.4757537841797,log,2024-11-09,2024-11-23,2
34,2024-11-09,2024-11-30,3,74.30424499511719,12.604183197021484,53.96694564819336,74.30424499511719,165.2289581298828,243.25746154785156,log,2024-11-09,2024-11-30,3
34,2024-11-09,2024-12-07,4,87.8200454711914,12.293269157409668,72.08555603027344,87.8200454711914,184.34173583984375,390.24078369140625,log,2024-11-09,2024-12-07,4
35,2024-11-09,2024-11-16,1,20.553979873657227,4.8,9.528528213500977,20.553979873657227,24.17272186279297,35.614017486572266,log,2024-11-09,2024-11-16,1
35,2024-11-09,2024-11-23,2,22.4016056060791,4.465551853179932,13.804342269897461,22.4016056060791,39.639984130859375,45.60859298706055,log,2024-11-09,2024-11-23,2
35,2024-11-09,2024-11-30,3,26.023746490478516,5.358005523681641,22.74767303466797,26.023746490478516,54.250823974609375,89.21858215332031,log,2024-11-09,2024-11-30,3
35,2024-11-09,2024-12-07,4,37.084041595458984,6.801546573638916,26.51300621032715,37.084041595458984,56.683502197265625,83.10366821289062,log,2024-11-09,2024-12-07,4
36,2024-11-09,2024-11-16,1,58.185272216796875,16.5,43.149009704589844,58.185272216796875,84.5003662109375,146.5684051513672,log,2024-11-09,2024-11-16,1
36,2024-11-09,2024-11-23,2,66.69188690185547,13.966207504272461,65.32559204101562,66.69188690185547,143.52783203125,264.17083740234375,log,2024-11-09,2024-11-23,2
36,2024-11-09,2024-11-30,3,112.0689468383789,20.2382755279541,104.33904266357422,112.0689468383789,183.2074432373047,405.6018371582031,log,2024-11-09,2024-11-30,3
36,2024-11-09,2024-12-07,4,166.8804168701172,20.145751953125,143.21487426757812,166.8804168701172,246.37449645996094,518.7283935546875,log,2024-11-09,2024-12-07,4
37,2024-11-09,2024-11-16,1,29.839998245239258,8.1,21.807235717773438,29.839998245239258,30.31242561340332,64.12547302246094,log,2024-11-09,2024-11-16,1
37,2024-11-09,2024-11-23,2,31.5010986328125,8.97559928894043,24.410707473754883,31.5010986328125,43.60748291015625,67.67363739013672,log,2024-11-09,2024-11-23,2
37,2024-11-09,2024-11-30,3,38.110355377197266,7.509373664855957,36.67263412475586,38.110355377197266,48.08222579956055,106.26638793945312,log,2024-11-09,2024-11-30,3
37,2024-11-09,2024-12-07,4,50.910736083984375,9.398597717285156,39.059974670410156,50.910736083984375,68.0365982055664,121.20836639404297,log,2024-11-09,2024-12-07,4
38,2024-11-09,2024-11-16,1,1.328323245048523,0.11633946001529694,0.39244651794433594,1.328323245048523,2.4647839069366455,5.462891578674316,log,2024-11-09,2024-11-16,1
38,2024-11-09,2024-11-23,2,2.162518262863159,0.3449487090110779,0.9916130304336548,2.162518262863159,5.178600311279297,9.591571807861328,log,2024-11-09,2024-11-23,2
38,2024-11-09,2024-11-30,3,3.376934766769409,0.4786255657672882,2.2613327503204346,3.376934766769409,5.665037631988525,16.837875366210938,log,2024-11-09,2024-11-30,3
38,2024-11-09,2024-12-07,4,6.129617691040039,0.7839993238449097,3.3479766845703125,6.129617691040039,9.04443073272705,29.87360382080078,log,2024-11-09,2024-12-07,4
39,2024-11-09,2024-11-16,1,24.47684669494629,7.199999999999999,18.63194465637207,24.47684669494629,34.8575325012207,77.65868377685547,log,2024-11-09,2024-11-16,1
39,2024-11-09,2024-11-23,2,31.309633255004883,5.980532646179199,19.108171463012695,31.309633255004883,58.37434768676758,75.50630950927734,log,2024-11-09,2024-11-23,2
39,2024-11-09,2024-11-30,3,46.608829498291016,8.128504753112793,28.146718978881836,46.608829498291016,66.37167358398438,127.53370666503906,log,2024-11-09,2024-11-30,3
39,2024-11-09,2024-12-07,4,48.06948471069336,9.64210319519043,42.77106857299805,48.06948471069336,109.6362533569336,193.58697509765625,log,2024-11-09,2024-12-07,4
40,2024-11-09,2024-11-16,1,26.774654388427734,3.9,11.514717102050781,26.774654388427734,33.34325408935547,36.72030258178711,log,2024-11-09,2024-11-16,1
40,2024-11-09,2024-11-23,2,30.89649200439453,3.499563455581665,20.48752784729004,30.89649200439453,50.0455207824707,53.34158706665039,log,2024-11-09,2024-11-23,2
40,2024-11-09,2024-11-30,3,49.03103256225586,3.3045058250427246,29.048879623413086,49.03103256225586,87.25537872314453,87.61727905273438,log,2024-11-09,2024-11-30,3
40,2024-11-09,2024-12-07,4,61.77035903930664,3.5249903202056885,32.3567008972168,61.77035903930664,91.81906127929688,99.12306213378906,log,2024-11-09,2024-12-07,4
41,2024-11-09,2024-11-16,1,26.636756896972656,7.5,16.142730712890625,26.636756896972656,46.13231658935547,54.60379409790039,log,2024-11-09,2024-11-16,1
41,2024-11-09,2024-11-23,2,30.887474060058594,7.678884029388428,18.513988494873047,30.887474060058594,58.52640914916992,69.6033935546875,log,2024-11-09,2024-11-23,2
41,2024-11-09,2024-11-30,3,37.02543640136719,7.245739459991455,28.91621971130371,37.02543640136719,76.42645263671875,136.4147491455078,log,2024-11-09,2024-11-30,3
41,2024-11-09,2024-12-07,4,44.57136917114258,8.857278823852539,37.49818801879883,44.57136917114258,113.22096252441406,214.10446166992188,log,2024-11-09,2024-12-07,4
42,2024-11-09,2024-11-16,1,119.07080841064453,42.6,79.79914093017578,119.07080841064453,215.9202880859375,431.8673095703125,log,2024-11-09,2024-11-16,1
42,2024-11-09,2024-11-23,2,177.2722625732422,40.90281295776367,111.3358154296875,177.2722625732422,271.743408203125,668.8602294921875,log,2024-11-09,2024-11-23,2
42,2024-11-09,2024-11-30,3,215.05389404296875,39.16431427001953,176.942138671875,215.05389404296875,381.7563781738281,1042.3748779296875,log,2024-11-09,2024-11-30,3
42,2024-11-09,2024-12-07,4,241.3179168701172,50.17155075073242,217.13157653808594,241.3179168701172,373.9848327636719,1095.735595703125,log,2024-11-09,2024-12-07,4
44,2024-11-09,2024-11-16,1,1.9433671236038208,0.8999999999999999,1.8529493808746338,1.9433671236038208,5.264883995056152,8.930299758911133,log,2024-11-09,2024-11-16,1
44,2024-11-09,2024-11-23,2,2.9617812633514404,0.43969231843948364,2.0147624015808105,2.9617812633514404,6.500901699066162,12.590739250183105,log,2024-11-09,2024-11-23,2
44,2024-11-09,2024-11-30,3,4.90857458114624,0.582478404045105,3.463218927383423,4.90857458114624,7.987539768218994,20.465593338012695,log,2024-11-09,2024-11-30,3
44,2024-11-09,2024-12-07,4,5.828652381896973,1.208919644355774,4.831625461578369,5.828652381896973,10.773343086242676,38.71321487426758,log,2024-11-09,2024-12-07,4
45,2024-11-09,2024-11-16,1,34.20193099975586,9.761614799499512,24.276264190673828,34.20193099975586,38.8371696472168,55.6348991394043,log,2024-11-09,2024-11-16,1
45,2024-11-09,2024-11-23,2,42.59515380859375,8.85995864868164,30.056095123291016,42.59515380859375,61.35824966430664,87.99263000488281,log,2024-11-09,2024-11-23,2
45,2024-11-09,2024-11-30,3,65.75465393066406,14.0913724899292,45.15627670288086,65.75465393066406,109.0473861694336,146.3519744873047,log,2024-11-09,2024-11-30,3
45,2024-11-09,2024-12-07,4,76.9921646118164,11.637812614440918,54.23004150390625,76.9921646118164,154.59136962890625,246.78721618652344,log,2024-11-09,2024-12-07,4
46,2024-11-09,2024-11-16,1,2.3783576488494873,0.6,1.0732407569885254,2.3783576488494873,4.251259803771973,8.361592292785645,log,2024-11-09,2024-11-16,1
46,2024-11-09,2024-11-23,2,2.9981589317321777,0.4863972067832947,1.9080450534820557,2.9981589317321777,5.996603965759277,11.340879440307617,log,2024-11-09,2024-11-23,2
46,2024-11-09,2024-11-30,3,6.463607311248779,0.5621036887168884,3.2241218090057373,6.463607311248779,8.952767372131348,18.439102172851562,log,2024-11-09,2024-11-30,3
46,2024-11-09,2024-12-07,4,8.321574211120605,1.1507049798965454,5.005843162536621,8.321574211120605,14.140338897705078,32.39449691772461,log,2024-11-09,2024-12-07,4
47,2024-11-09,2024-11-16,1,105.94065856933594,28.799999999999997,63.772972106933594,105.94065856933594,133.0876007080078,250.69302368164062,log,2024-11-09,2024-11-16,1
47,2024-11-09,2024-11-23,2,110.38489532470703,18.267059326171875,93.5850601196289,110.38489532470703,189.51712036132812,441.0468444824219,log,2024-11-09,2024-11-23,2
47,2024-11-09,2024-11-30,3,148.8761749267578,22.286657333374023,107.24649810791016,148.8761749267578,260.2840270996094,631.590576171875,log,2024-11-09,2024-11-30,3
47,2024-11-09,2024-12-07,4,154.7920379638672,21.496252059936523,149.89625549316406,154.7920379638672,331.7313537597656,1048.0850830078125,log,2024-11-09,2024-12-07,4
48,2024-11-09,2024-11-16,1,254.17881774902344,85.84883117675781,216.33702087402344,254.17881774902344,257.7807312011719,472.79046630859375,log,2024-11-09,2024-11-16,1
48,2024-11-09,2024-11-23,2,350.7226867675781,96.40141296386719,248.6328887939453,350.7226867675781,393.2455749511719,753.6575927734375,log,2024-11-09,2024-11-23,2
48,2024-11-09,2024-11-30,3,505.49273681640625,79.36295318603516,439.3915100097656,505.49273681640625,513.5358276367188,884.3255615234375,log,2024-11-09,2024-11-30,3
48,2024-11-09,2024-12-07,4,562.6226196289062,84.51875305175781,545.5241088867188,562.6226196289062,665.1306762695312,1564.74755859375,log,2024-11-09,2024-12-07,4
49,2024-11-09,2024-11-16,1,8.830174446105957,2.1,5.167516708374023,8.830174446105957,13.42348575592041,16.545635223388672,log,2024-11-09,2024-11-16,1
49,2024-11-09,2024-11-23,2,14.613483428955078,1.656451940536499,10.252154350280762,14.613483428955078,24.20503044128418,28.217365264892578,log,2024-11-09,2024-11-23,2
49,2024-11-09,2024-11-30,3,27.76060676574707,1.2463469505310059,18.173847198486328,27.76060676574707,41.61109924316406,43.256988525390625,log,2024-11-09,2024-11-30,3
49,2024-11-09,2024-12-07,4,26.068466186523438,1.751693606376648,18.339204788208008,26.068466186523438,45.0512809753418,52.04534149169922,log,2024-11-09,2024-12-07,4
50,2024-11-09,2024-11-16,1,1.6734164953231812,0.09026925265789032,0.4461212754249573,1.6734164953231812,2.4293053150177,5.691525936126709,log,2024-11-09,2024-11-16,1
50,2024-11-09,2024-11-23,2,1.9881691932678223,0.26973748207092285,0.5970407724380493,1.9881691932678223,4.32665491104126,10.791572570800781,log,2024-11-09,2024-11-23,2
50,2024-11-09,2024-11-30,3,3.098665237426758,0.4818549156188965,1.8691190481185913,3.098665237426758,5.7575297355651855,18.328454971313477,log,2024-11-09,2024-11-30,3
50,2024-11-09,2024-12-07,4,5.496536731719971,0.30091768503189087,3.1702373027801514,5.496536731719971,9.0205659866333,31.476520538330078,log,2024-11-09,2024-12-07,4
51,2024-11-09,2024-11-16,1,31.516847610473633,11.549534797668457,26.86111831665039,31.516847610473633,35.34441375732422,56.90559768676758,log,2024-11-09,2024-11-16,1
51,2024-11-09,2024-11-23,2,41.52078628540039,12.743350982666016,26.58280372619629,41.52078628540039,47.9653434753418,80.73750305175781,log,2024-11-09,2024-11-23,2
51,2024-11-09,2024-11-30,3,71.85354614257812,11.917370796203613,46.276329040527344,71.85354614257812,78.97677612304688,137.1486053466797,log,2024-11-09,2024-11-30,3
51,2024-11-09,2024-12-07,4,76.8930435180664,14.974839210510254,67.55186462402344,76.8930435180664,113.1860580444336,172.6772918701172,log,2024-11-09,2024-12-07,4
53,2024-11-09,2024-11-16,1,19.06979751586914,4.2,9.920238494873047,19.06979751586914,24.22632598876953,32.633087158203125,log,2024-11-09,2024-11-16,1
53,2024-11-09,2024-11-23,2,26.945741653442383,3.3393208980560303,15.005810737609863,26.945741653442383,31.648544311523438,41.05893325805664,log,2024-11-09,2024-11-23,2
53,2024-11-09,2024-11-30,3,39.748844146728516,2.5437278747558594,20.996288299560547,39.748844146728516,58.010555267333984,67.23353576660156,log,2024-11-09,2024-11-30,3
53,2024-11-09,2024-12-07,4,42.97471618652344,2.8923676013946533,28.31589126586914,42.97471618652344,66.42730712890625,87.3070297241211,log,2024-11-09,2024-12-07,4
54,2024-11-09,2024-11-16,1,7.426054000854492,1.7999999999999998,4.553398609161377,7.426054000854492,10.30797290802002,10.621305465698242,log,2024-11-09,2024-11-16,1
54,2024-11-09,2024-11-23,2,16.719022750854492,1.1281241178512573,8.361730575561523,16.719022750854492,18.71881675720215,19.848886489868164,log,2024-11-09,2024-11-23,2
54,2024-11-09,2024-11-30,3,21.052152633666992,1.3731926679611206,15.093806266784668,21.052152633666992,28.721664428710938,34.79670333862305,log,2024-11-09,2024-11-30,3
54,2024-11-09,2024-12-07,4,22.46739387512207,1.6424517631530762,11.635489463806152,22.46739387512207,42.09700393676758,43.509883880615234,log,2024-11-09,2024-12-07,4
55,2024-11-09,2024-11-16,1,17.965801239013672,3.5999999999999996,10.286581039428711,17.965801239013672,20.897476196289062,26.964656829833984,log,2024-11-09,2024-11-16,1
55,2024-11-09,2024-11-23,2,22.70384407043457,3.7497777938842773,16.679229736328125,22.70384407043457,34.06840515136719,42.918766021728516,log,2024-11-09,2024-11-23,2
55,2024-11-09,2024-11-30,3,37.64493942260742,5.269556045532227,21.670795440673828,37.64493942260742,47.210968017578125,66.88207244873047,log,2024-11-09,2024-11-30,3
55,2024-11-09,2024-12-07,4,41.06646728515625,5.949960231781006,25.02806282043457,41.06646728515625,61.9642219543457,78.0247802734375,log,2024-11-09,2024-12-07,4
56,2024-11-09,2024-11-16,1,5.399050712585449,1.5,3.6795620918273926,5.399050712585449,9.84928035736084,14.805750846862793,log,2024-11-09,2024-11-16,1
56,2024-11-09,2024-11-23,2,6.492699146270752,0.9961881041526794,5.691712856292725,6.492699146270752,17.40267562866211,22.234865188598633,log,2024-11-09,2024-11-23,2
56,2024-11-09,2024-11-30,3,11.04920482635498,0.9250210523605347,8.78328800201416,11.04920482635498,21.718616485595703,33.6259880065918,log,2024-11-09,2024-11-30,3
56,2024-11-09,2024-12-07,4,17.31123924255371,1.6798415184020996,11.399446487426758,17.31123924255371,26.25185775756836,45.387916564941406,log,2024-11-09,2024-12-07,4
72,2024-11-09,2024-11-16,1,95.83283233642578,41.1,56.643524169921875,95.83283233642578,157.44557189941406,339.1036071777344,log,2024-11-09,2024-11-16,1
72,2024-11-09,2024-11-23,2,112.33954620361328,14.35876178741455,81.83577728271484,112.33954620361328,211.0421905517578,506.54779052734375,log,2024-11-09,2024-11-23,2
72,2024-11-09,2024-11-30,3,109.92086029052734,20.5238037109375,94.8653335571289,109.92086029052734,224.91253662109375,868.22705078125,log,2024-11-09,2024-11-30,3
72,2024-11-09,2024-12-07,4,173.67408752441406,22.285396575927734,131.8125762939453,173.67408752441406,339.7912902832031,812.926025390625,log,2024-11-09,2024-12-07,4
US,2024-11-09,2024-11-16,1,1358.04638671875,652.8,1279.042724609375,1358.04638671875,1574.03369140625,2432.54150390625,log,2024-11-09,2024-11-16,1
US,2024-11-09,2024-11-23,2,1631.7261962890625,186.04799999999997,1578.4755859375,1631.7261962890625,1764.0789794921875,2242.9755859375,log,2024-11-09,2024-11-23,2
US,2024-11-09,2024-11-30,3,1647.729248046875,134.5407257080078,1646.9063720703125,1647.729248046875,1829.414306640625,2863.403564453125,log,2024-11-09,2024-11-30,3
US,2024-11-09,2024-12-07,4,1851.0516357421875,101.66915130615234,1796.443359375,1851.0516357421875,2060.492431640625,3616.845703125,log,2024-11-09,2024-12-07,4
01,2024-11-16,2024-11-23,1,59.81388473510742,18.634233474731445,50.088951110839844,59.81388473510742,80.78253173828125,101.25045013427734,log,2024-11-16,2024-11-23,1
01,2024-11-16,2024-11-30,2,82.12193298339844,25.69232749938965,67.55833435058594,82.12193298339844,124.67320251464844,231.57373046875,log,2024-11-16,2024-11-30,2
01,2024-11-16,2024-12-07,3,106.9993896484375,25.730920791625977,97.68446350097656,106.9993896484375,174.67108154296875,336.6151123046875,log,2024-11-16,2024-12-07,3
01,2024-11-16,2024-12-14,4,140.40682983398438,27.829809188842773,95.33452606201172,140.40682983398438,193.26185607910156,479.8836364746094,log,2024-11-16,2024-12-14,4
02,2024-11-16,2024-11-23,1,11.816752433776855,2.6999999999999997,9.223864555358887,11.816752433776855,14.95699405670166,20.772972106933594,log,2024-11-16,2024-11-23,1
02,2024-11-16,2024-11-30,2,21.25054359436035,4.255753993988037,11.86968994140625,21.25054359436035,29.352134704589844,34.677207946777344,log,2024-11-16,2024-11-30,2
02,2024-11-16,2024-12-07,3,30.72650909423828,2.691887855529785,18.49455451965332,30.72650909423828,38.605865478515625,55.15907287597656,log,2024-11-16,2024-12-07,3
02,2024-11-16,2024-12-14,4,39.75327682495117,2.538813352584839,21.824745178222656,39.75327682495117,49.829471588134766,73.02149963378906,log,2024-11-16,2024-12-14,4
04,2024-11-16,2024-11-23,1,463.8851623535156,153.0726318359375,363.3401794433594,463.8851623535156,519.3228149414062,756.9595336914062,log,2024-11-16,2024-11-23,1
04,2024-11-16,2024-11-30,2,514.2384643554688,142.98764038085938,366.82037353515625,514.2384643554688,681.671875,1406.228271484375,log,2024-11-16,2024-11-30,2
04,2024-11-16,2024-12-07,3,431.2588195800781,115.03302001953125,362.7900390625,431.2588195800781,721.3904418945312,1699.8765869140625,log,2024-11-16,2024-12-07,3
04,2024-11-16,2024-12-14,4,328.4819641113281,94.40338134765625,327.1251220703125,328.4819641113281,707.0750122070312,1593.4068603515625,log,2024-11-16,2024-12-14,4
05,2024-11-16,2024-11-23,1,21.722558975219727,4.089648723602295,12.632963180541992,21.722558975219727,31.20265769958496,35.093135833740234,log,2024-11-16,2024-11-23,1
05,2024-11-16,2024-11-30,2,33.012760162353516,5.0611724853515625,19.185813903808594,33.012760162353516,50.30420684814453,53.64878463745117,log,2024-11-16,2024-11-30,2
05,2024-11-16,2024-12-07,3,48.635353088378906,3.910956382751465,27.30845069885254,48.635353088378906,78.65809631347656,82.94161224365234,log,2024-11-16,2024-12-07,3
05,2024-11-16,2024-12-14,4,62.54108428955078,4.49198579788208,39.01662826538086,62.54108428955078,106.9426040649414,129.78704833984375,log,2024-11-16,2024-12-14,4
06,2024-11-16,2024-11-23,1,387.3645935058594,140.7076873779297,353.5237121582031,387.3645935058594,481.2904052734375,719.4856567382812,log,2024-11-16,2024-11-23,1
06,2024-11-16,2024-11-30,2,586.96337890625,131.0553436279297,528.0855102539062,586.96337890625,682.0248413085938,1132.6290283203125,log,2024-11-16,2024-11-30,2
06,2024-11-16,2024-12-07,3,766.0535888671875,110.37273406982422,641.6743774414062,766.0535888671875,820.1570434570312,1390.02392578125,log,2024-11-16,2024-12-07,3
06,2024-11-16,2024-12-14,4,956.5892944335938,93.63319396972656,690.5772094726562,956.5892944335938,1058.435302734375,1863.9324951171875,log,2024-11-16,2024-12-14,4
08,2024-11-16,2024-11-23,1,43.468727111816406,21.976898193359375,42.6335334777832,43.468727111816406,44.63978576660156,59.41603088378906,log,2024-11-16,2024-11-23,1
08,2024-11-16,2024-11-30,2,61.56599426269531,18.948787689208984,54.886512756347656,61.56599426269531,91.07917785644531,114.80831909179688,log,2024-11-16,2024-11-30,2
08,2024-11-16,2024-12-07,3,81.04286193847656,16.96424102783203,80.72557830810547,81.04286193847656,140.94668579101562,162.8004608154297,log,2024-11-16,2024-12-07,3
08,2024-11-16,2024-12-14,4,120.21633911132812,20.65498924255371,97.14231872558594,120.21633911132812,184.10679626464844,265.2171936035156,log,2024-11-16,2024-12-14,4
09,2024-11-16,2024-11-23,1,10.489065170288086,1.5940989255905151,6.464418888092041,10.489065170288086,12.881143569946289,18.53277587890625,log,2024-11-16,2024-11-23,1
09,2024-11-16,2024-11-30,2,12.504555702209473,2.4331469535827637,9.233826637268066,12.504555702209473,20.653377532958984,29.991809844970703,log,2024-11-16,2024-11-30,2
09,2024-11-16,2024-12-07,3,15.716367721557617,2.610921859741211,13.4486722946167,15.716367721557617,31.280405044555664,41.0177116394043,log,2024-11-16,2024-12-07,3
09,2024-11-16,2024-12-14,4,38.18880081176758,2.7629637718200684,22.0983829498291,38.18880081176758,45.39738464355469,54.581153869628906,log,2024-11-16,2024-12-14,4
10,2024-11-16,2024-11-23,1,2.773219585418701,1.2,2.1435983180999756,2.773219585418701,6.252840518951416,8.594339370727539,log,2024-11-16,2024-11-23,1
10,2024-11-16,2024-11-30,2,4.655658721923828,0.5088722705841064,3.5833592414855957,4.655658721923828,8.599139213562012,13.630589485168457,log,2024-11-16,2024-11-30,2
10,2024-11-16,2024-12-07,3,10.468575477600098,0.5348811149597168,4.754201412200928,10.468575477600098,13.42590618133545,24.58427619934082,log,2024-11-16,2024-12-07,3
10,2024-11-16,2024-12-14,4,9.88032341003418,0.7733134627342224,8.14179515838623,9.88032341003418,18.184003829956055,35.33708190917969,log,2024-11-16,2024-12-14,4
11,2024-11-16,2024-11-23,1,2.0993165969848633,0.3,0.9817432761192322,2.0993165969848633,4.71142578125,7.973519802093506,log,2024-11-16,2024-11-23,1
11,2024-11-16,2024-11-30,2,3.831742286682129,0.30073806643486023,1.9250391721725464,3.831742286682129,7.643959999084473,11.654510498046875,log,2024-11-16,2024-11-30,2
11,2024-11-16,2024-12-07,3,7.015499114990234,0.3781156539916992,4.544978141784668,7.015499114990234,13.25346565246582,23.527414321899414,log,2024-11-16,2024-12-07,3
11,2024-11-16,2024-12-14,4,10.282838821411133,0.9263450503349304,7.305715084075928,10.282838821411133,20.763029098510742,33.713558197021484,log,2024-11-16,2024-12-14,4
12,2024-11-16,2024-11-23,1,407.5111999511719,147.05584716796875,396.9687194824219,407.5111999511719,426.2786865234375,822.6632690429688,log,2024-11-16,2024-11-23,1
12,2024-11-16,2024-11-30,2,540.039794921875,140.02845764160156,533.9203491210938,540.039794921875,540.8729248046875,1209.175048828125,log,2024-11-16,2024-11-30,2
12,2024-11-16,2024-12-07,3,677.7437133789062,111.54207611083984,661.6246337890625,677.7437133789062,743.2941284179688,1220.0380859375,log,2024-11-16,2024-12-07,3
12,2024-11-16,2024-12-14,4,813.900390625,93.63319396972656,798.6949462890625,813.900390625,997.0084228515625,1347.4290771484375,log,2024-11-16,2024-12-14,4
13,2024-11-16,2024-11-23,1,54.08735656738281,17.0674991607666,54.03151321411133,54.08735656738281,78.85243225097656,107.51844787597656,log,2024-11-16,2024-11-23,1
13,2024-11-16,2024-11-30,2,81.21576690673828,20.474273681640625,61.981788635253906,81.21576690673828,121.2711410522461,195.4217071533203,log,2024-11-16,2024-11-30,2
13,2024-11-16,2024-12-07,3,98.2825698852539,24.04100227355957,95.00718688964844,98.2825698852539,188.37940979003906,340.61419677734375,log,2024-11-16,2024-12-07,3
13,2024-11-16,2024-12-14,4,165.24212646484375,24.603992462158203,103.13792419433594,165.24212646484375,253.99417114257812,424.31060791015625,log,2024-11-16,2024-12-14,4
15,2024-11-16,2024-11-23,1,22.565950393676758,4.5,15.117464065551758,22.565950393676758,28.83685302734375,36.710628509521484,log,2024-11-16,2024-11-23,1
15,2024-11-16,2024-11-30,2,32.782752990722656,6.265522480010986,27.249887466430664,32.782752990722656,49.286685943603516,65.5126724243164,log,2024-11-16,2024-11-30,2
15,2024-11-16,2024-12-07,3,53.597042083740234,6.3693156242370605,40.71383285522461,53.597042083740234,78.47212219238281,106.31944274902344,log,2024-11-16,2024-12-07,3
15,2024-11-16,2024-12-14,4,61.15380096435547,4.056363105773926,40.348201751708984,61.15380096435547,98.78755950927734,136.42135620117188,log,2024-11-16,2024-12-14,4
16,2024-11-16,2024-11-23,1,14.713809967041016,3.5999999999999996,9.964249610900879,14.713809967041016,20.945758819580078,24.788803100585938,log,2024-11-16,2024-11-23,1
16,2024-11-16,2024-11-30,2,20.528182983398438,4.828309535980225,12.594828605651855,20.528182983398438,30.17914581298828,34.78356170654297,log,2024-11-16,2024-11-30,2
16,2024-11-16,2024-12-07,3,26.696630477905273,2.6348817348480225,19.744901657104492,26.696630477905273,38.142093658447266,56.587257385253906,log,2024-11-16,2024-12-07,3
16,2024-11-16,2024-12-14,4,32.80464172363281,2.524566411972046,18.78742027282715,32.80464172363281,42.985652923583984,79.76774597167969,log,2024-11-16,2024-12-14,4
17,2024-11-16,2024-11-23,1,55.80393600463867,18.595096588134766,46.53660583496094,55.80393600463867,69.01815032958984,87.4750747680664,log,2024-11-16,2024-11-23,1
17,2024-11-16,2024-11-30,2,76.10749816894531,23.334218978881836,58.73212432861328,76.10749816894531,123.2070541381836,166.78990173339844,log,2024-11-16,2024-11-30,2
17,2024-11-16,2024-12-07,3,103.0536880493164,20.79603385925293,87.96513366699219,103.0536880493164,169.9563751220703,275.6206970214844,log,2024-11-16,2024-12-07,3
17,2024-11-16,2024-12-14,4,162.46620178222656,24.44502067565918,96.67913055419922,162.46620178222656,236.77456665039062,311.6793518066406,log,2024-11-16,2024-12-14,4
18,2024-11-16,2024-11-23,1,40.12603759765625,9.566200256347656,27.054595947265625,40.12603759765625,52.15888214111328,69.73322296142578,log,2024-11-16,2024-11-23,1
18,2024-11-16,2024-11-30,2,52.26047134399414,13.438896179199219,40.327545166015625,52.26047134399414,74.70771026611328,115.26862335205078,log,2024-11-16,2024-11-30,2
18,2024-11-16,2024-12-07,3,77.35079193115234,17.27466583251953,53.66244125366211,77.35079193115234,127.55209350585938,221.69129943847656,log,2024-11-16,2024-12-07,3
18,2024-11-16,2024-12-14,4,97.6712875366211,19.13749122619629,65.796875,97.6712875366211,196.52626037597656,254.09779357910156,log,2024-11-16,2024-12-14,4
19,2024-11-16,2024-11-23,1,7.200769901275635,1.5,4.623035430908203,7.200769901275635,11.274530410766602,14.393438339233398,log,2024-11-16,2024-11-23,1
19,2024-11-16,2024-11-30,2,9.52984619140625,1.2956289052963257,7.7137956619262695,9.52984619140625,17.388124465942383,24.622201919555664,log,2024-11-16,2024-11-30,2
19,2024-11-16,2024-12-07,3,15.994755744934082,1.3151090145111084,12.762310028076172,15.994755744934082,29.26882553100586,35.2984733581543,log,2024-11-16,2024-12-07,3
19,2024-11-16,2024-12-14,4,37.99637985229492,1.7467340230941772,21.448139190673828,37.99637985229492,39.54802322387695,44.59589767456055,log,2024-11-16,2024-12-14,4
20,2024-11-16,2024-11-23,1,14.71566104888916,3.3,11.022262573242188,14.71566104888916,21.3221378326416,22.49173927307129,log,2024-11-16,2024-11-23,1
20,2024-11-16,2024-11-30,2,22.451969146728516,5.295544147491455,14.949667930603027,22.451969146728516,38.11515808105469,41.064208984375,log,2024-11-16,2024-11-30,2
20,2024-11-16,2024-12-07,3,31.004653930664062,4.344258785247803,25.009441375732422,31.004653930664062,46.374088287353516,57.783748626708984,log,2024-11-16,2024-12-07,3
20,2024-11-16,2024-12-14,4,44.162818908691406,4.694395065307617,26.039020538330078,44.162818908691406,68.96822357177734,74.30838012695312,log,2024-11-16,2024-12-14,4
21,2024-11-16,2024-11-23,1,25.681625366210938,5.750048637390137,18.067665100097656,25.681625366210938,38.36020278930664,39.32434844970703,log,2024-11-16,2024-11-23,1
21,2024-11-16,2024-11-30,2,36.41132736206055,7.451267719268799,23.925968170166016,36.41132736206055,55.413455963134766,70.43138122558594,log,2024-11-16,2024-11-30,2
21,2024-11-16,2024-12-07,3,57.35469055175781,7.488332748413086,33.199222564697266,57.35469055175781,80.99041748046875,115.29911804199219,log,2024-11-16,2024-12-07,3
21,2024-11-16,2024-12-14,4,70.5152587890625,7.7646870613098145,48.15378952026367,70.5152587890625,112.91316223144531,200.5203857421875,log,2024-11-16,2024-12-14,4
22,2024-11-16,2024-11-23,1,114.09638977050781,63.37815856933594,104.92230987548828,114.09638977050781,121.75390625,224.56936645507812,log,2024-11-16,2024-11-23,1
22,2024-11-16,2024-11-30,2,153.92987060546875,66.63387298583984,140.267333984375,153.92987060546875,171.5025634765625,360.28411865234375,log,2024-11-16,2024-11-30,2
22,2024-11-16,2024-12-07,3,191.5864715576172,52.571380615234375,128.63035583496094,191.5864715576172,226.96934509277344,432.9883117675781,log,2024-11-16,2024-12-07,3
22,2024-11-16,2024-12-14,4,231.8560333251953,58.710426330566406,175.2823944091797,231.8560333251953,335.74066162109375,580.09423828125,log,2024-11-16,2024-12-14,4
23,2024-11-16,2024-11-23,1,2.1350224018096924,0.13091085851192474,0.4319306015968323,2.1350224018096924,3.488438129425049,5.900943756103516,log,2024-11-16,2024-11-23,1
23,2024-11-16,2024-11-30,2,2.9455270767211914,0.2276792675256729,1.1027649641036987,2.9455270767211914,5.5040483474731445,8.899866104125977,log,2024-11-16,2024-11-30,2
23,2024-11-16,2024-12-07,3,6.301419734954834,0.3942983150482178,2.5887813568115234,6.301419734954834,8.378628730773926,19.6549015045166,log,2024-11-16,2024-12-07,3
23,2024-11-16,2024-12-14,4,9.84544563293457,0.46390873193740845,3.65826416015625,9.84544563293457,11.921674728393555,26.238540649414062,log,2024-11-16,2024-12-14,4
24,2024-11-16,2024-11-23,1,18.761262893676758,3.3,12.089781761169434,18.761262893676758,23.574216842651367,24.623361587524414,log,2024-11-16,2024-11-23,1
24,2024-11-16,2024-11-30,2,27.22711181640625,4.808213710784912,20.6423282623291,27.22711181640625,35.83597183227539,38.67097091674805,log,2024-11-16,2024-11-30,2
24,2024-11-16,2024-12-07,3,52.193885803222656,3.0393121242523193,30.22075843811035,52.193885803222656,59.5732421875,61.05125045776367,log,2024-11-16,2024-12-07,3
24,2024-11-16,2024-12-14,4,64.56731414794922,3.3020105361938477,36.895301818847656,64.56731414794922,71.03746795654297,93.2210693359375,log,2024-11-16,2024-12-14,4
25,2024-11-16,2024-11-23,1,28.430763244628906,5.09370231628418,17.12529754638672,28.430763244628906,48.041954040527344,66.49803924560547,log,2024-11-16,2024-11-23,1
25,2024-11-16,2024-11-30,2,33.45111083984375,8.338228225708008,32.802242279052734,33.45111083984375,58.2392578125,119.48231506347656,log,2024-11-16,2024-11-30,2
25,2024-11-16,2024-12-07,3,54.15690231323242,10.045559883117676,37.20073318481445,54.15690231323242,89.72915649414062,209.52635192871094,log,2024-11-16,2024-12-07,3
25,2024-11-16,2024-12-14,4,69.42212677001953,9.078124046325684,43.07864761352539,69.42212677001953,118.7657470703125,225.69261169433594,log,2024-11-16,2024-12-14,4
26,2024-11-16,2024-11-23,1,53.00363540649414,14.135794639587402,39.38372039794922,53.00363540649414,79.51526641845703,113.85340881347656,log,2024-11-16,2024-11-23,1
26,2024-11-16,2024-11-30,2,75.40670776367188,19.808500289916992,52.03252029418945,75.40670776367188,116.90265655517578,186.09722900390625,log,2024-11-16,2024-11-30,2
26,2024-11-16,2024-12-07,3,86.97579956054688,23.431982040405273,65.80885314941406,86.97579956054688,156.86502075195312,332.2543640136719,log,2024-11-16,2024-12-07,3
26,2024-11-16,2024-12-14,4,153.5478057861328,18.566049575805664,87.41931915283203,153.5478057861328,245.55322265625,396.61346435546875,log,2024-11-16,2024-12-14,4
27,2024-11-16,2024-11-23,1,14.306063652038574,2.4,7.829574108123779,14.306063652038574,23.088781356811523,26.531387329101562,log,2024-11-16,2024-11-23,1
27,2024-11-16,2024-11-30,2,18.680585861206055,2.202728509902954,11.00899600982666,18.680585861206055,30.86880111694336,40.16694641113281,log,2024-11-16,2024-11-30,2
27,2024-11-16,2024-12-07,3,25.769046783447266,1.3674170970916748,13.759601593017578,25.769046783447266,34.788658142089844,58.40425491333008,log,2024-11-16,2024-12-07,3
27,2024-11-16,2024-12-14,4,27.49648666381836,2.5551719665527344,12.603151321411133,27.49648666381836,49.99192810058594,74.23863983154297,log,2024-11-16,2024-12-14,4
28,2024-11-16,2024-11-23,1,33.30693435668945,7.199999999999999,19.93948745727539,33.30693435668945,44.74036407470703,62.505916595458984,log,2024-11-16,2024-11-23,1
28,2024-11-16,2024-11-30,2,45.845977783203125,8.144622802734375,36.90294647216797,45.845977783203125,69.47883605957031,112.4781494140625,log,2024-11-16,2024-11-30,2
28,2024-11-16,2024-12-07,3,66.01806640625,10.594488143920898,38.88356399536133,66.01806640625,107.16317749023438,192.36927795410156,log,2024-11-16,2024-12-07,3
28,2024-11-16,2024-12-14,4,95.43733978271484,10.792637825012207,52.2226448059082,95.43733978271484,147.63710021972656,270.22796630859375,log,2024-11-16,2024-12-14,4
29,2024-11-16,2024-11-23,1,44.731956481933594,14.866965293884277,39.898773193359375,44.731956481933594,57.91819381713867,73.77992248535156,log,2024-11-16,2024-11-23,1
29,2024-11-16,2024-11-30,2,60.361183166503906,14.857851028442383,55.41302490234375,60.361183166503906,97.56867980957031,139.9929656982422,log,2024-11-16,2024-11-30,2
29,2024-11-16,2024-12-07,3,72.27230834960938,19.15142250061035,58.764915466308594,72.27230834960938,139.67625427246094,224.9242706298828,log,2024-11-16,2024-12-07,3
29,2024-11-16,2024-12-14,4,122.7479476928711,16.266340255737305,67.0289306640625,122.7479476928711,189.75100708007812,278.884765625,log,2024-11-16,2024-12-14,4
30,2024-11-16,2024-11-23,1,2.998790979385376,1.2,2.2892355918884277,2.998790979385376,6.106443881988525,8.483061790466309,log,2024-11-16,2024-11-23,1
30,2024-11-16,2024-11-30,2,5.751972675323486,0.4458940625190735,3.3825206756591797,5.751972675323486,7.975672245025635,13.120735168457031,log,2024-11-16,2024-11-30,2
30,2024-11-16,2024-12-07,3,10.820260047912598,0.5506331324577332,3.9479713439941406,10.820260047912598,11.898008346557617,22.92056655883789,log,2024-11-16,2024-12-07,3
30,2024-11-16,2024-12-14,4,12.908188819885254,0.8963842988014221,7.131570816040039,12.908188819885254,21.725269317626953,34.84043502807617,log,2024-11-16,2024-12-14,4
31,2024-11-16,2024-11-23,1,7.430088996887207,1.7999999999999998,5.678499698638916,7.430088996887207,12.049102783203125,13.877646446228027,log,2024-11-16,2024-11-23,1
31,2024-11-16,2024-11-30,2,11.898687362670898,1.1114767789840698,9.02197551727295,11.898687362670898,19.83651351928711,26.46446990966797,log,2024-11-16,2024-11-30,2
31,2024-11-16,2024-12-07,3,27.17372703552246,0.9356123805046082,13.087004661560059,27.17372703552246,35.70033264160156,37.17057800292969,log,2024-11-16,2024-12-07,3
31,2024-11-16,2024-12-14,4,35.30484390258789,1.1934356689453125,17.832265853881836,35.30484390258789,44.74681854248047,51.926795959472656,log,2024-11-16,2024-12-14,4
32,2024-11-16,2024-11-23,1,51.53221130371094,12.9,35.87486267089844,51.53221130371094,65.49034881591797,99.68781280517578,log,2024-11-16,2024-11-23,1
32,2024-11-16,2024-11-30,2,59.728546142578125,16.15900421142578,50.32881164550781,59.728546142578125,102.78723907470703,185.26092529296875,log,2024-11-16,2024-11-30,2
32,2024-11-16,2024-12-07,3,65.4095458984375,20.59515953063965,57.49024963378906,65.4095458984375,114.46739196777344,276.499267578125,log,2024-11-16,2024-12-07,3
32,2024-11-16,2024-12-14,4,90.46966552734375,17.445175170898438,68.89186096191406,90.46966552734375,133.98545837402344,370.5807189941406,log,2024-11-16,2024-12-14,4
33,2024-11-16,2024-11-23,1,6.813268184661865,1.7999999999999998,5.266166687011719,6.813268184661865,10.654976844787598,13.366277694702148,log,2024-11-16,2024-11-23,1
33,2024-11-16,2024-11-30,2,10.011530876159668,1.1677430868148804,7.309529781341553,10.011530876159668,15.902656555175781,22.606462478637695,log,2024-11-16,2024-11-30,2
33,2024-11-16,2024-12-07,3,16.140914916992188,0.8213815689086914,8.259023666381836,16.140914916992188,23.870014190673828,32.98857879638672,log,2024-11-16,2024-12-07,3
33,2024-11-16,2024-12-14,4,19.35453987121582,1.3425524234771729,11.035650253295898,19.35453987121582,34.88917541503906,42.557586669921875,log,2024-11-16,2024-12-14,4
34,2024-11-16,2024-11-23,1,47.137962341308594,11.412578582763672,34.44843292236328,47.137962341308594,64.224609375,88.33893585205078,log,2024-11-16,2024-11-23,1
34,2024-11-16,2024-11-30,2,58.475650787353516,13.600618362426758,47.65795135498047,58.475650787353516,111.43019104003906,163.6346435546875,log,2024-11-16,2024-11-30,2
34,2024-11-16,2024-12-07,3,84.63790893554688,21.992982864379883,63.95452880859375,84.63790893554688,156.17587280273438,304.71270751953125,log,2024-11-16,2024-12-07,3
34,2024-11-16,2024-12-14,4,113.52424621582031,14.822962760925293,67.77574920654297,113.52424621582031,232.11978149414062,279.0149230957031,log,2024-11-16,2024-12-14,4
35,2024-11-16,2024-11-23,1,21.932279586791992,6.3,15.15626049041748,21.932279586791992,29.867231369018555,42.46025085449219,log,2024-11-16,2024-11-23,1
35,2024-11-16,2024-11-30,2,24.29513931274414,5.96848201751709,19.652400970458984,24.29513931274414,50.717010498046875,68.67683410644531,log,2024-11-16,2024-11-30,2
35,2024-11-16,2024-12-07,3,37.00861358642578,8.17201042175293,24.157812118530273,37.00861358642578,63.54906463623047,101.97681427001953,log,2024-11-16,2024-12-07,3
35,2024-11-16,2024-12-14,4,48.30246353149414,7.703248023986816,31.44688606262207,48.30246353149414,91.1829833984375,158.30723571777344,log,2024-11-16,2024-12-14,4
36,2024-11-16,2024-11-23,1,82.57731628417969,23.634716033935547,79.265869140625,82.57731628417969,101.96640014648438,159.5965118408203,log,2024-11-16,2024-11-23,1
36,2024-11-16,2024-11-30,2,132.33892822265625,23.605947494506836,90.53594207763672,132.33892822265625,168.41201782226562,367.4974670410156,log,2024-11-16,2024-11-30,2
36,2024-11-16,2024-12-07,3,153.95498657226562,30.827613830566406,148.35289001464844,153.95498657226562,232.3496551513672,493.8844299316406,log,2024-11-16,2024-12-07,3
36,2024-11-16,2024-12-14,4,183.81777954101562,26.47493553161621,154.67515563964844,183.81777954101562,328.75103759765625,586.4835815429688,log,2024-11-16,2024-12-14,4
37,2024-11-16,2024-11-23,1,35.501747131347656,15.558231353759766,31.59725570678711,35.501747131347656,42.89558029174805,65.76315307617188,log,2024-11-16,2024-11-23,1
37,2024-11-16,2024-11-30,2,46.92116928100586,13.549859046936035,43.75483322143555,46.92116928100586,50.54109573364258,94.10751342773438,log,2024-11-16,2024-11-30,2
37,2024-11-16,2024-12-07,3,57.72748947143555,14.646686553955078,53.11748123168945,57.72748947143555,67.12764739990234,116.46388244628906,log,2024-11-16,2024-12-07,3
37,2024-11-16,2024-12-14,4,72.66081237792969,15.89406681060791,60.72480773925781,72.66081237792969,90.23918914794922,139.8130340576172,log,2024-11-16,2024-12-14,4
38,2024-11-16,2024-11-23,1,2.1090469360351562,0.3,0.37807804346084595,2.1090469360351562,4.005406379699707,7.5154032707214355,log,2024-11-16,2024-11-23,1
38,2024-11-16,2024-11-30,2,3.27142333984375,0.3006235361099243,2.0772340297698975,3.27142333984375,6.420264720916748,12.375679969787598,log,2024-11-16,2024-11-30,2
38,2024-11-16,2024-12-07,3,5.473710060119629,0.4121400713920593,4.2442626953125,5.473710060119629,11.678905487060547,22.866636276245117,log,2024-11-16,2024-12-07,3
38,2024-11-16,2024-12-14,4,9.160533905029297,0.8465819358825684,5.378770351409912,9.160533905029297,18.133956909179688,34.08988952636719,log,2024-11-16,2024-12-14,4
39,2024-11-16,2024-11-23,1,41.05503463745117,16.85051155090332,36.2152099609375,41.05503463745117,63.06521987915039,78.91398620605469,log,2024-11-16,2024-11-23,1
39,2024-11-16,2024-11-30,2,47.98711013793945,17.23613739013672,46.01662826538086,47.98711013793945,100.10840606689453,107.1811752319336,log,2024-11-16,2024-11-30,2
39,2024-11-16,2024-12-07,3,63.02924346923828,16.54790687561035,40.44377136230469,63.02924346923828,117.47201538085938,136.947509765625,log,2024-11-16,2024-12-07,3
39,2024-11-16,2024-12-14,4,81.2460708618164,21.08884048461914,72.19925689697266,81.2460708618164,156.6871795654297,178.70327758789062,log,2024-11-16,2024-12-14,4
40,2024-11-16,2024-11-23,1,24.45025634765625,4.753264904022217,16.969642639160156,24.45025634765625,32.61663055419922,34.087730407714844,log,2024-11-16,2024-11-23,1
40,2024-11-16,2024-11-30,2,31.67748260498047,7.86528205871582,24.165281295776367,31.67748260498047,49.78569412231445,56.942665100097656,log,2024-11-16,2024-11-30,2
40,2024-11-16,2024-12-07,3,44.376922607421875,7.579424858093262,34.93114471435547,44.376922607421875,70.33917236328125,93.47615814208984,log,2024-11-16,2024-12-07,3
40,2024-11-16,2024-12-14,4,57.64927291870117,7.261998176574707,43.52849197387695,57.64927291870117,99.33793640136719,127.81011199951172,log,2024-11-16,2024-12-14,4
41,2024-11-16,2024-11-23,1,42.261680603027344,13.247943878173828,31.678199768066406,42.261680603027344,60.030452728271484,82.91555786132812,log,2024-11-16,2024-11-23,1
41,2024-11-16,2024-11-30,2,50.66161346435547,14.824535369873047,38.56664276123047,50.66161346435547,90.26342010498047,137.89645385742188,log,2024-11-16,2024-11-30,2
41,2024-11-16,2024-12-07,3,52.1656494140625,16.0518856048584,41.264774322509766,52.1656494140625,117.11592102050781,257.947021484375,log,2024-11-16,2024-12-07,3
41,2024-11-16,2024-12-14,4,65.34288787841797,16.043989181518555,52.107120513916016,65.34288787841797,129.54698181152344,329.4179382324219,log,2024-11-16,2024-12-14,4
42,2024-11-16,2024-11-23,1,165.5819091796875,93.27369689941406,165.16049194335938,165.5819091796875,179.81182861328125,222.90684509277344,log,2024-11-16,2024-11-23,1
42,2024-11-16,2024-11-30,2,209.0598602294922,83.9863052368164,167.0797882080078,209.0598602294922,215.32923889160156,346.3678283691406,log,2024-11-16,2024-11-30,2
42,2024-11-16,2024-12-07,3,226.40574645996094,68.69710540771484,194.9307861328125,226.40574645996094,302.68096923828125,538.5108032226562,log,2024-11-16,2024-12-07,3
42,2024-11-16,2024-12-14,4,297.3879089355469,65.27136993408203,274.31951904296875,297.3879089355469,390.39788818359375,665.0074462890625,log,2024-11-16,2024-12-14,4
44,2024-11-16,2024-11-23,1,1.76572585105896,0.09811848402023315,0.9332469701766968,1.76572585105896,4.095269203186035,5.873347759246826,log,2024-11-16,2024-11-23,1
44,2024-11-16,2024-11-30,2,2.724891424179077,0.24921578168869019,1.5211734771728516,2.724891424179077,4.708032131195068,9.055373191833496,log,2024-11-16,2024-11-30,2
44,2024-11-16,2024-12-07,3,3.9566333293914795,0.43545594811439514,2.540280818939209,3.9566333293914795,6.151997089385986,18.008970260620117,log,2024-11-16,2024-12-07,3
44,2024-11-16,2024-12-14,4,5.780962944030762,0.731894850730896,3.5836451053619385,5.780962944030762,9.212185859680176,26.89206314086914,log,2024-11-16,2024-12-14,4
45,2024-11-16,2024-11-23,1,24.035139083862305,6.582369327545166,17.026145935058594,24.035139083862305,27.960357666015625,38.38067626953125,log,2024-11-16,2024-11-23,1
45,2024-11-16,2024-11-30,2,33.345611572265625,8.319007873535156,26.7142333984375,33.345611572265625,36.65693664550781,68.68158721923828,log,2024-11-16,2024-11-30,2
45,2024-11-16,2024-12-07,3,45.41322708129883,9.141554832458496,36.24372100830078,45.41322708129883,60.09914016723633,97.126220703125,log,2024-11-16,2024-12-07,3
45,2024-11-16,2024-12-14,4,70.69242858886719,11.923781394958496,54.27714920043945,70.69242858886719,83.8384780883789,124.8991470336914,log,2024-11-16,2024-12-14,4
46,2024-11-16,2024-11-23,1,1.6417776346206665,0.10234438627958298,0.6573163270950317,1.6417776346206665,3.6890814304351807,6.04431676864624,log,2024-11-16,2024-11-23,1
46,2024-11-16,2024-11-30,2,3.399827480316162,0.248397558927536,1.2638928890228271,3.399827480316162,6.508419990539551,9.344493865966797,log,2024-11-16,2024-11-30,2
46,2024-11-16,2024-12-07,3,4.379028797149658,0.3758266568183899,2.636854648590088,4.379028797149658,7.199821472167969,18.345752716064453,log,2024-11-16,2024-12-07,3
46,2024-11-16,2024-12-14,4,8.720478057861328,0.8315880298614502,4.131957054138184,8.720478057861328,11.136092185974121,26.212940216064453,log,2024-11-16,2024-12-14,4
47,2024-11-16,2024-11-23,1,123.78050231933594,77.3706283569336,119.0350341796875,123.78050231933594,131.20965576171875,223.73550415039062,log,2024-11-16,2024-11-23,1
47,2024-11-16,2024-11-30,2,180.76097106933594,69.84356689453125,147.0554962158203,180.76097106933594,197.5132598876953,390.9352111816406,log,2024-11-16,2024-11-30,2
47,2024-11-16,2024-12-07,3,182.34716796875,55.86388397216797,161.99110412597656,182.34716796875,228.82119750976562,472.1720886230469,log,2024-11-16,2024-12-07,3
47,2024-11-16,2024-12-14,4,202.8109893798828,62.68498229980469,184.79920959472656,202.8109893798828,322.5064697265625,696.9581298828125,log,2024-11-16,2024-12-14,4
48,2024-11-16,2024-11-23,1,289.2845764160156,97.57592010498047,285.7747802734375,289.2845764160156,296.32012939453125,470.41119384765625,log,2024-11-16,2024-11-23,1
48,2024-11-16,2024-11-30,2,373.8670349121094,97.97697448730469,369.4813232421875,373.8670349121094,409.4244689941406,839.5736694335938,log,2024-11-16,2024-11-30,2
48,2024-11-16,2024-12-07,3,483.9534606933594,90.22718048095703,414.15234375,483.9534606933594,494.3332214355469,1014.8311157226562,log,2024-11-16,2024-12-07,3
48,2024-11-16,2024-12-14,4,561.7831420898438,80.61552429199219,508.51824951171875,561.7831420898438,646.0645141601562,1141.468994140625,log,2024-11-16,2024-12-14,4
49,2024-11-16,2024-11-23,1,13.550941467285156,3.0067548751831055,10.51917552947998,13.550941467285156,17.533634185791016,20.422365188598633,log,2024-11-16,2024-11-23,1
49,2024-11-16,2024-11-30,2,23.646835327148438,3.79843807220459,16.38453483581543,23.646835327148438,28.630266189575195,36.52153015136719,log,2024-11-16,2024-11-30,2
49,2024-11-16,2024-12-07,3,27.776670455932617,3.154698133468628,20.407835006713867,27.776670455932617,42.128570556640625,54.166107177734375,log,2024-11-16,2024-12-07,3
49,2024-11-16,2024-12-14,4,44.4970817565918,2.8468551635742188,23.852020263671875,44.4970817565918,52.45368194580078,77.2803955078125,log,2024-11-16,2024-12-14,4
50,2024-11-16,2024-11-23,1,2.2695062160491943,0.8999999999999999,0.9759443402290344,2.2695062160491943,4.714749336242676,7.886756896972656,log,2024-11-16,2024-11-23,1
50,2024-11-16,2024-11-30,2,2.403747797012329,0.3900408446788788,2.0268378257751465,2.403747797012329,6.671052932739258,12.988019943237305,log,2024-11-16,2024-11-30,2
50,2024-11-16,2024-12-07,3,6.289200782775879,0.43207821249961853,3.5543594360351562,6.289200782775879,9.843043327331543,24.444467544555664,log,2024-11-16,2024-12-07,3
50,2024-11-16,2024-12-14,4,7.151411056518555,0.8465819358825684,5.60700798034668,7.151411056518555,14.207763671875,34.84043502807617,log,2024-11-16,2024-12-14,4
51,2024-11-16,2024-11-23,1,39.5067253112793,12.626006126403809,33.4149055480957,39.5067253112793,52.593223571777344,55.357261657714844,log,2024-11-16,2024-11-23,1
51,2024-11-16,2024-11-30,2,54.4394645690918,17.26219940185547,45.812416076660156,54.4394645690918,79.06598663330078,99.12654113769531,log,2024-11-16,2024-11-30,2
51,2024-11-16,2024-12-07,3,76.5652847290039,15.407567024230957,66.0045166015625,76.5652847290039,122.82049560546875,147.77366638183594,log,2024-11-16,2024-12-07,3
51,2024-11-16,2024-12-14,4,124.29456329345703,19.728694915771484,85.78081512451172,124.29456329345703,181.677734375,221.46151733398438,log,2024-11-16,2024-12-14,4
53,2024-11-16,2024-11-23,1,28.885351181030273,6.6,23.010169982910156,28.885351181030273,41.51004409790039,48.433380126953125,log,2024-11-16,2024-11-23,1
53,2024-11-16,2024-11-30,2,34.401615142822266,6.935945987701416,34.376346588134766,34.401615142822266,58.864402770996094,92.61416625976562,log,2024-11-16,2024-11-30,2
53,2024-11-16,2024-12-07,3,58.86026382446289,11.461240768432617,44.48516082763672,58.86026382446289,99.04312133789062,160.22483825683594,log,2024-11-16,2024-12-07,3
53,2024-11-16,2024-12-14,4,81.15227508544922,9.49254322052002,53.29262161254883,81.15227508544922,163.88031005859375,211.75885009765625,log,2024-11-16,2024-12-14,4
54,2024-11-16,2024-11-23,1,7.3910932540893555,1.2,5.688814640045166,7.3910932540893555,10.276660919189453,11.953871726989746,log,2024-11-16,2024-11-23,1
54,2024-11-16,2024-11-30,2,12.822866439819336,0.9522976279258728,7.414464473724365,12.822866439819336,20.97720718383789,21.07084083557129,log,2024-11-16,2024-11-30,2
54,2024-11-16,2024-12-07,3,27.03813934326172,0.7760519981384277,11.46458911895752,27.03813934326172,31.258161544799805,32.22837448120117,log,2024-11-16,2024-12-07,3
54,2024-11-16,2024-12-14,4,35.406612396240234,1.1014939546585083,17.154233932495117,35.406612396240234,41.99822998046875,54.79989242553711,log,2024-11-16,2024-12-14,4
55,2024-11-16,2024-11-23,1,12.780706405639648,2.3785736560821533,7.9091572761535645,12.780706405639648,16.82954978942871,21.819320678710938,log,2024-11-16,2024-11-23,1
55,2024-11-16,2024-11-30,2,14.82080078125,3.481145143508911,11.242328643798828,14.82080078125,24.643150329589844,35.42060852050781,log,2024-11-16,2024-11-30,2
55,2024-11-16,2024-12-07,3,21.718507766723633,3.512465000152588,17.553382873535156,21.718507766723633,40.26676559448242,57.724605560302734,log,2024-11-16,2024-12-07,3
55,2024-11-16,2024-12-14,4,45.756290435791016,4.2647857666015625,23.948871612548828,45.756290435791016,59.456085205078125,70.46627044677734,log,2024-11-16,2024-12-14,4
56,2024-11-16,2024-11-23,1,5.703428745269775,1.2,3.9438278675079346,5.703428745269775,9.642516136169434,14.908424377441406,log,2024-11-16,2024-11-23,1
56,2024-11-16,2024-11-30,2,7.524369716644287,0.7573316097259521,5.609367370605469,7.524369716644287,16.72552490234375,26.796070098876953,log,2024-11-16,2024-11-30,2
56,2024-11-16,2024-12-07,3,11.80181884765625,0.91096431016922,8.487176895141602,11.80181884765625,25.213878631591797,35.49095916748047,log,2024-11-16,2024-12-07,3
56,2024-11-16,2024-12-14,4,28.72547721862793,1.2183481454849243,14.267135620117188,28.72547721862793,34.61166763305664,51.72978210449219,log,2024-11-16,2024-12-14,4
72,2024-11-16,2024-11-23,1,227.6761474609375,71.08474731445312,162.5036163330078,227.6761474609375,314.5888671875,494.1695556640625,log,2024-11-16,2024-11-23,1
72,2024-11-16,2024-11-30,2,288.574951171875,66.8228988647461,172.6589813232422,288.574951171875,359.8061828613281,902.2869873046875,log,2024-11-16,2024-11-30,2
72,2024-11-16,2024-12-07,3,236.37806701660156,45.39675521850586,140.5969696044922,236.37806701660156,379.50042724609375,784.4077758789062,log,2024-11-16,2024-12-07,3
72,2024-11-16,2024-12-14,4,240.7620849609375,50.43168640136719,203.0141143798828,240.7620849609375,324.17803955078125,809.11865234375,log,2024-11-16,2024-12-14,4
US,2024-11-16,2024-11-23,1,1455.155517578125,783.6,1405.51708984375,1455.155517578125,1489.8927001953125,2305.591064453125,log,2024-11-16,2024-11-23,1
US,2024-11-16,2024-11-30,2,1662.5869140625,223.326,1493.2391357421875,1662.5869140625,1747.6343994140625,2447.463623046875,log,2024-11-16,2024-11-30,2
US,2024-11-16,2024-12-07,3,1598.672119140625,113.6434097290039,1546.503173828125,1598.672119140625,1671.69140625,2306.730712890625,log,2024-11-16,2024-12-07,3
US,2024-11-16,2024-12-14,4,1633.707275390625,96.48295593261719,1495.5758056640625,1633.707275390625,1945.1417236328125,2467.978271484375,log,2024-11-16,2024-12-14,4
01,2024-11-23,2024-11-30,1,72.01797485351562,30.376665115356445,56.795806884765625,72.01797485351562,91.16725158691406,113.17135620117188,log,2024-11-23,2024-11-30,1
01,2024-11-23,2024-12-07,2,94.80665588378906,27.353910446166992,79.87187957763672,94.80665588378906,118.72628784179688,167.19459533691406,log,2024-11-23,2024-12-07,2
01,2024-11-23,2024-12-14,3,126.29595184326172,29.1916561126709,98.79622650146484,126.29595184326172,156.990478515625,297.80450439453125,log,2024-11-23,2024-12-14,3
01,2024-11-23,2024-12-21,4,140.7565460205078,26.652158737182617,138.84751892089844,140.7565460205078,189.55308532714844,473.974853515625,log,2024-11-23,2024-12-21,4
02,2024-11-23,2024-11-30,1,10.44517993927002,2.1,7.779877662658691,10.44517993927002,15.571516990661621,20.408687591552734,log,2024-11-23,2024-11-30,1
02,2024-11-23,2024-12-07,2,10.923126220703125,3.379059314727783,9.092625617980957,10.923126220703125,20.79242706298828,32.56938934326172,log,2024-11-23,2024-12-07,2
02,2024-11-23,2024-12-14,3,19.34728240966797,3.583763599395752,13.027839660644531,19.34728240966797,30.516117095947266,50.91434860229492,log,2024-11-23,2024-12-14,3
02,2024-11-23,2024-12-21,4,27.2793025970459,3.5295939445495605,17.072690963745117,27.2793025970459,32.06696319580078,66.36695098876953,log,2024-11-23,2024-12-21,4
04,2024-11-23,2024-11-30,1,636.9805297851562,146.4,469.1264953613281,636.9805297851562,805.6317749023438,999.0096435546875,log,2024-11-23,2024-11-30,1
04,2024-11-23,2024-12-07,2,455.6490783691406,157.71287536621094,343.6392822265625,455.6490783691406,762.2561645507812,1241.969970703125,log,2024-11-23,2024-12-07,2
04,2024-11-23,2024-12-14,3,374.1086120605469,105.5228271484375,332.75738525390625,374.1086120605469,669.3171997070312,996.4237060546875,log,2024-11-23,2024-12-14,3
04,2024-11-23,2024-12-21,4,306.2895202636719,92.45137786865234,272.7850646972656,306.2895202636719,479.30865478515625,1019.6534423828125,log,2024-11-23,2024-12-21,4
05,2024-11-23,2024-11-30,1,15.354923248291016,3.921351194381714,12.486132621765137,15.354923248291016,20.60866355895996,26.630332946777344,log,2024-11-23,2024-11-30,1
05,2024-11-23,2024-12-07,2,25.432588577270508,5.481770992279053,15.867841720581055,25.432588577270508,26.5355281829834,39.58619689941406,log,2024-11-23,2024-12-07,2
05,2024-11-23,2024-12-14,3,33.272613525390625,6.7364583015441895,23.99593734741211,33.272613525390625,49.178993225097656,63.68849182128906,log,2024-11-23,2024-12-14,3
05,2024-11-23,2024-12-21,4,44.62538146972656,7.873850345611572,40.095455169677734,44.62538146972656,62.16386795043945,87.01821899414062,log,2024-11-23,2024-12-21,4
06,2024-11-23,2024-11-30,1,761.1702270507812,157.79999999999998,596.1051025390625,761.1702270507812,923.7911376953125,1025.5157470703125,log,2024-11-23,2024-11-30,1
06,2024-11-23,2024-12-07,2,863.3153076171875,154.60264587402344,680.6231689453125,863.3153076171875,1037.865234375,1467.8778076171875,log,2024-11-23,2024-12-07,2
06,2024-11-23,2024-12-14,3,859.4625854492188,108.98495483398438,809.427001953125,859.4625854492188,1080.564697265625,1230.392578125,log,2024-11-23,2024-12-14,3
06,2024-11-23,2024-12-21,4,1009.7568359375,95.50868225097656,1005.5579833984375,1009.7568359375,1070.51171875,1447.364990234375,log,2024-11-23,2024-12-21,4
08,2024-11-23,2024-11-30,1,35.818965911865234,22.746931076049805,34.740089416503906,35.818965911865234,43.89234924316406,54.014747619628906,log,2024-11-23,2024-11-30,1
08,2024-11-23,2024-12-07,2,53.64800262451172,24.436649322509766,47.8072624206543,53.64800262451172,63.935638427734375,88.67259979248047,log,2024-11-23,2024-12-07,2
08,2024-11-23,2024-12-14,3,77.93797302246094,29.301925659179688,77.21692657470703,77.93797302246094,91.11509704589844,129.55003356933594,log,2024-11-23,2024-12-14,3
08,2024-11-23,2024-12-21,4,113.44334411621094,22.592205047607422,105.15914916992188,113.44334411621094,124.27891540527344,221.13758850097656,log,2024-11-23,2024-12-21,4
09,2024-11-23,2024-11-30,1,9.330289840698242,1.3431545495986938,6.159729957580566,9.330289840698242,14.626193046569824,16.996936798095703,log,2024-11-23,2024-11-30,1
09,2024-11-23,2024-12-07,2,17.562192916870117,2.5708491802215576,10.149717330932617,17.562192916870117,20.633867263793945,25.402015686035156,log,2024-11-23,2024-12-07,2
09,2024-11-23,2024-12-14,3,24.568836212158203,2.5324947834014893,15.554926872253418,24.568836212158203,39.926124572753906,43.965030670166016,log,2024-11-23,2024-12-14,3
09,2024-11-23,2024-12-21,4,45.67380142211914,2.4184365272521973,26.209028244018555,45.67380142211914,55.84105682373047,59.142765045166016,log,2024-11-23,2024-12-21,4
10,2024-11-23,2024-11-30,1,10.023921012878418,2.1,6.6486687660217285,10.023921012878418,12.026460647583008,15.677053451538086,log,2024-11-23,2024-11-30,1
10,2024-11-23,2024-12-07,2,16.01338005065918,1.0539484024047852,10.765957832336426,16.01338005065918,17.0419864654541,23.54262924194336,log,2024-11-23,2024-12-07,2
10,2024-11-23,2024-12-14,3,20.65284538269043,1.4855847358703613,15.143080711364746,20.65284538269043,28.022476196289062,33.689796447753906,log,2024-11-23,2024-12-14,3
10,2024-11-23,2024-12-21,4,18.68852996826172,1.419913649559021,14.673822402954102,18.68852996826172,24.440107345581055,56.505374908447266,log,2024-11-23,2024-12-21,4
11,2024-11-23,2024-11-30,1,9.79268741607666,2.4,6.689120292663574,9.79268741607666,13.410062789916992,16.246410369873047,log,2024-11-23,2024-11-30,1
11,2024-11-23,2024-12-07,2,16.660812377929688,0.9555078744888306,11.17850399017334,16.660812377929688,21.06616973876953,27.292499542236328,log,2024-11-23,2024-12-07,2
11,2024-11-23,2024-12-14,3,18.781112670898438,1.6074692010879517,15.866096496582031,18.781112670898438,32.70925521850586,39.74665069580078,log,2024-11-23,2024-12-14,3
11,2024-11-23,2024-12-21,4,19.445560455322266,1.3812305927276611,17.500028610229492,19.445560455322266,35.51756286621094,65.48448181152344,log,2024-11-23,2024-12-21,4
12,2024-11-23,2024-11-30,1,529.8092041015625,132.9,514.5001831054688,529.8092041015625,567.0472412109375,941.7652587890625,log,2024-11-23,2024-11-30,1
12,2024-11-23,2024-12-07,2,623.9854736328125,155.58154296875,600.2484741210938,623.9854736328125,705.1500854492188,1367.400634765625,log,2024-11-23,2024-12-07,2
12,2024-11-23,2024-12-14,3,808.4638061523438,105.78417205810547,801.5194091796875,808.4638061523438,862.8109741210938,1548.725830078125,log,2024-11-23,2024-12-14,3
12,2024-11-23,2024-12-21,4,931.4600219726562,96.87789154052734,833.61669921875,931.4600219726562,983.005126953125,1526.680419921875,log,2024-11-23,2024-12-21,4
13,2024-11-23,2024-11-30,1,67.05432891845703,30.376665115356445,60.98480224609375,67.05432891845703,82.92375946044922,106.90796661376953,log,2024-11-23,2024-11-30,1
13,2024-11-23,2024-12-07,2,115.03998565673828,25.848886489868164,89.24676513671875,115.03998565673828,131.62132263183594,151.96067810058594,log,2024-11-23,2024-12-07,2
13,2024-11-23,2024-12-14,3,165.1072540283203,26.575592041015625,133.67076110839844,165.1072540283203,213.57554626464844,261.9447021484375,log,2024-11-23,2024-12-14,3
13,2024-11-23,2024-12-21,4,174.2395477294922,24.576316833496094,160.9365997314453,174.2395477294922,225.3780517578125,330.50732421875,log,2024-11-23,2024-12-21,4
15,2024-11-23,2024-11-30,1,12.42434310913086,3.2287721633911133,11.491307258605957,12.42434310913086,19.743446350097656,31.5407657623291,log,2024-11-23,2024-11-30,1
15,2024-11-23,2024-12-07,2,25.604877471923828,5.265723705291748,16.951576232910156,25.604877471923828,28.049877166748047,45.75392532348633,log,2024-11-23,2024-12-07,2
15,2024-11-23,2024-12-14,3,35.216426849365234,4.408416271209717,25.744714736938477,35.216426849365234,47.68645095825195,73.83335876464844,log,2024-11-23,2024-12-14,3
15,2024-11-23,2024-12-21,4,48.93423080444336,6.456236839294434,31.1229248046875,48.93423080444336,59.981143951416016,110.39620971679688,log,2024-11-23,2024-12-21,4
16,2024-11-23,2024-11-30,1,31.832021713256836,10.02676773071289,24.157991409301758,31.832021713256836,49.19251251220703,59.30622482299805,log,2024-11-23,2024-11-30,1
16,2024-11-23,2024-12-07,2,39.47209930419922,10.667318344116211,29.20242691040039,39.47209930419922,70.1517105102539,102.2682113647461,log,2024-11-23,2024-12-07,2
16,2024-11-23,2024-12-14,3,41.25265121459961,11.320799827575684,30.556289672851562,41.25265121459961,89.88153076171875,157.6270751953125,log,2024-11-23,2024-12-14,3
16,2024-11-23,2024-12-21,4,48.78353500366211,10.648299217224121,45.20542526245117,48.78353500366211,101.90985870361328,269.9261474609375,log,2024-11-23,2024-12-21,4
17,2024-11-23,2024-11-30,1,116.61997985839844,35.06135559082031,101.54071807861328,116.61997985839844,128.56768798828125,163.255126953125,log,2024-11-23,2024-11-30,1
17,2024-11-23,2024-12-07,2,155.30538940429688,38.77479934692383,154.23165893554688,155.30538940429688,180.3590087890625,286.1502380371094,log,2024-11-23,2024-12-07,2
17,2024-11-23,2024-12-14,3,248.83949279785156,45.93605422973633,197.0311737060547,248.83949279785156,250.27786254882812,486.1185607910156,log,2024-11-23,2024-12-14,3
17,2024-11-23,2024-12-21,4,258.8590087890625,37.35023498535156,252.59934997558594,258.8590087890625,372.7290344238281,751.27734375,log,2024-11-23,2024-12-21,4
18,2024-11-23,2024-11-30,1,46.19028091430664,26.4572811126709,45.81568908691406,46.19028091430664,62.464080810546875,65.50959777832031,log,2024-11-23,2024-11-30,1
18,2024-11-23,2024-12-07,2,67.82180786132812,19.750425338745117,57.1082878112793,67.82180786132812,97.31463623046875,107.6926040649414,log,2024-11-23,2024-12-07,2
18,2024-11-23,2024-12-14,3,90.91046142578125,23.340015411376953,86.13966369628906,90.91046142578125,145.76510620117188,200.31158447265625,log,2024-11-23,2024-12-14,3
18,2024-11-23,2024-12-21,4,128.33566284179688,19.940040588378906,114.26687622070312,128.33566284179688,205.68173217773438,259.0229797363281,log,2024-11-23,2024-12-21,4
19,2024-11-23,2024-11-30,1,7.274957656860352,1.5,5.871049880981445,7.274957656860352,11.026832580566406,13.69884204864502,log,2024-11-23,2024-11-30,1
19,2024-11-23,2024-12-07,2,15.573287010192871,1.6136976480484009,9.926189422607422,15.573287010192871,16.912460327148438,22.41478157043457,log,2024-11-23,2024-12-07,2
19,2024-11-23,2024-12-14,3,19.53675651550293,1.3446742296218872,13.50929069519043,19.53675651550293,34.40281295776367,40.47783279418945,log,2024-11-23,2024-12-14,3
19,2024-11-23,2024-12-21,4,39.00447463989258,2.1561460494995117,23.322879791259766,39.00447463989258,45.58418655395508,50.317970275878906,log,2024-11-23,2024-12-21,4
20,2024-11-23,2024-11-30,1,21.230356216430664,6.598325252532959,15.084424018859863,21.230356216430664,24.045473098754883,31.72883415222168,log,2024-11-23,2024-11-30,1
20,2024-11-23,2024-12-07,2,32.98115921020508,6.944470405578613,25.009235382080078,32.98115921020508,36.790794372558594,50.55501937866211,log,2024-11-23,2024-12-07,2
20,2024-11-23,2024-12-14,3,48.43143844604492,9.247780799865723,34.46284484863281,48.43143844604492,54.80574417114258,83.10002136230469,log,2024-11-23,2024-12-14,3
20,2024-11-23,2024-12-21,4,55.54922103881836,8.29617977142334,50.055477142333984,55.54922103881836,74.80003356933594,152.13116455078125,log,2024-11-23,2024-12-21,4
21,2024-11-23,2024-11-30,1,24.562349319458008,8.563081741333008,19.768224716186523,24.562349319458008,30.723583221435547,43.267826080322266,log,2024-11-23,2024-11-30,1
21,2024-11-23,2024-12-07,2,38.36759948730469,9.788862228393555,27.12881088256836,38.36759948730469,42.97599792480469,60.56431198120117,log,2024-11-23,2024-12-07,2
21,2024-11-23,2024-12-14,3,60.196353912353516,12.013751983642578,37.06327819824219,60.196353912353516,67.60702514648438,107.32855224609375,log,2024-11-23,2024-12-14,3
21,2024-11-23,2024-12-21,4,82.56871032714844,9.521778106689453,60.37824249267578,82.56871032714844,92.51435852050781,184.3472137451172,log,2024-11-23,2024-12-21,4
22,2024-11-23,2024-11-30,1,108.04181671142578,56.83048629760742,93.12043762207031,108.04181671142578,118.31361389160156,143.98719787597656,log,2024-11-23,2024-11-30,1
22,2024-11-23,2024-12-07,2,132.06460571289062,61.211769104003906,111.95982360839844,132.06460571289062,162.70028686523438,215.4999237060547,log,2024-11-23,2024-12-07,2
22,2024-11-23,2024-12-14,3,191.11192321777344,56.1413459777832,138.51702880859375,191.11192321777344,194.54652404785156,274.0503845214844,log,2024-11-23,2024-12-14,3
22,2024-11-23,2024-12-21,4,185.4376678466797,52.62198257446289,171.8558807373047,185.4376678466797,211.41603088378906,365.4856262207031,log,2024-11-23,2024-12-21,4
23,2024-11-23,2024-11-30,1,1.806432843208313,0.028311951085925102,0.3554869294166565,1.806432843208313,3.3587138652801514,6.239688873291016,log,2024-11-23,2024-11-30,1
23,2024-11-23,2024-12-07,2,3.9078211784362793,0.20670969784259796,1.116736888885498,3.9078211784362793,8.008277893066406,9.937126159667969,log,2024-11-23,2024-12-07,2
23,2024-11-23,2024-12-14,3,6.220248699188232,0.19578060507774353,3.188467025756836,6.220248699188232,9.402877807617188,18.599651336669922,log,2024-11-23,2024-12-14,3
23,2024-11-23,2024-12-21,4,10.22791862487793,0.46173232793807983,5.598647117614746,10.22791862487793,18.201610565185547,33.160579681396484,log,2024-11-23,2024-12-21,4
24,2024-11-23,2024-11-30,1,21.057880401611328,5.298715591430664,16.122020721435547,21.057880401611328,28.211883544921875,36.34322738647461,log,2024-11-23,2024-11-30,1
24,2024-11-23,2024-12-07,2,35.17979049682617,6.714594841003418,23.560277938842773,35.17979049682617,42.800750732421875,50.90715789794922,log,2024-11-23,2024-12-07,2
24,2024-11-23,2024-12-14,3,56.65311813354492,6.9835357666015625,31.96306037902832,56.65311813354492,73.85220336914062,84.26248168945312,log,2024-11-23,2024-12-14,3
24,2024-11-23,2024-12-21,4,71.72044372558594,7.454244136810303,55.2189826965332,71.72044372558594,102.69503021240234,151.8632049560547,log,2024-11-23,2024-12-21,4
25,2024-11-23,2024-11-30,1,55.51533508300781,15.0,49.83774948120117,55.51533508300781,84.14234161376953,109.89928436279297,log,2024-11-23,2024-11-30,1
25,2024-11-23,2024-12-07,2,89.56538391113281,14.311758041381836,53.96885681152344,89.56538391113281,108.21061706542969,185.3494110107422,log,2024-11-23,2024-12-07,2
25,2024-11-23,2024-12-14,3,99.72550964355469,15.227109909057617,82.06356811523438,99.72550964355469,146.87423706054688,315.1404113769531,log,2024-11-23,2024-12-14,3
25,2024-11-23,2024-12-21,4,142.4704132080078,19.09385108947754,115.96259307861328,142.4704132080078,225.80137634277344,532.85595703125,log,2024-11-23,2024-12-21,4
26,2024-11-23,2024-11-30,1,93.5065689086914,35.10707092285156,92.80970764160156,93.5065689086914,105.93704223632812,157.02822875976562,log,2024-11-23,2024-11-30,1
26,2024-11-23,2024-12-07,2,132.833740234375,38.411373138427734,122.77397918701172,132.833740234375,182.7279510498047,222.80255126953125,log,2024-11-23,2024-12-07,2
26,2024-11-23,2024-12-14,3,201.2594451904297,44.37725830078125,164.68072509765625,201.2594451904297,216.3063507080078,360.2730712890625,log,2024-11-23,2024-12-14,3
26,2024-11-23,2024-12-21,4,259.4561767578125,32.948387145996094,238.94760131835938,259.4561767578125,309.6067810058594,501.6170654296875,log,2024-11-23,2024-12-21,4
27,2024-11-23,2024-11-30,1,15.756710052490234,3.3,10.17388916015625,15.756710052490234,21.431217193603516,27.822786331176758,log,2024-11-23,2024-11-30,1
27,2024-11-23,2024-12-07,2,21.19548225402832,5.356499195098877,15.905993461608887,21.19548225402832,27.984189987182617,39.8140754699707,log,2024-11-23,2024-12-07,2
27,2024-11-23,2024-12-14,3,21.677509307861328,4.780542373657227,18.139118194580078,21.677509307861328,38.998512268066406,61.42905807495117,log,2024-11-23,2024-12-14,3
27,2024-11-23,2024-12-21,4,31.653121948242188,5.241644859313965,28.090255737304688,31.653121948242188,55.893226623535156,79.10780334472656,log,2024-11-23,2024-12-21,4
28,2024-11-23,2024-11-30,1,49.386558532714844,25.959997177124023,49.02967071533203,49.386558532714844,65.88988494873047,86.1141128540039,log,2024-11-23,2024-11-30,1
28,2024-11-23,2024-12-07,2,74.18817138671875,20.898609161376953,62.58345413208008,74.18817138671875,94.76805877685547,140.08367919921875,log,2024-11-23,2024-12-07,2
28,2024-11-23,2024-12-14,3,80.50138092041016,21.141979217529297,78.29802703857422,80.50138092041016,141.794189453125,214.3159637451172,log,2024-11-23,2024-12-14,3
28,2024-11-23,2024-12-21,4,127.83240509033203,16.27500343322754,97.56050109863281,127.83240509033203,194.77137756347656,272.977294921875,log,2024-11-23,2024-12-21,4
29,2024-11-23,2024-11-30,1,58.33308410644531,30.8680477142334,52.12003707885742,58.33308410644531,73.58602142333984,87.8077621459961,log,2024-11-23,2024-11-30,1
29,2024-11-23,2024-12-07,2,78.55553436279297,27.040807723999023,65.403564453125,78.55553436279297,106.0179443359375,139.66888427734375,log,2024-11-23,2024-12-07,2
29,2024-11-23,2024-12-14,3,105.14452362060547,24.99859046936035,91.58721160888672,105.14452362060547,154.35775756835938,235.5634765625,log,2024-11-23,2024-12-14,3
29,2024-11-23,2024-12-21,4,125.57615661621094,25.977313995361328,118.71766662597656,125.57615661621094,198.82614135742188,349.6370849609375,log,2024-11-23,2024-12-21,4
30,2024-11-23,2024-11-30,1,3.4567043781280518,0.3,1.9031513929367065,3.4567043781280518,7.266052722930908,8.357888221740723,log,2024-11-23,2024-11-30,1
30,2024-11-23,2024-12-07,2,5.760164260864258,0.29940375685691833,2.541991710662842,5.760164260864258,8.807400703430176,11.325803756713867,log,2024-11-23,2024-12-07,2
30,2024-11-23,2024-12-14,3,9.738609313964844,0.38086754083633423,5.916273593902588,9.738609313964844,15.422853469848633,22.73667335510254,log,2024-11-23,2024-12-14,3
30,2024-11-23,2024-12-21,4,12.567448616027832,0.7144647836685181,12.522102355957031,12.567448616027832,26.505596160888672,37.276275634765625,log,2024-11-23,2024-12-21,4
31,2024-11-23,2024-11-30,1,6.690649032592773,1.5,5.7501935958862305,6.690649032592773,10.223724365234375,12.948529243469238,log,2024-11-23,2024-11-30,1
31,2024-11-23,2024-12-07,2,9.934643745422363,1.454378366470337,7.530147552490234,9.934643745422363,19.9628849029541,21.277774810791016,log,2024-11-23,2024-12-07,2
31,2024-11-23,2024-12-14,3,18.662715911865234,1.0548874139785767,12.407451629638672,18.662715911865234,33.020896911621094,35.4721794128418,log,2024-11-23,2024-12-14,3
31,2024-11-23,2024-12-21,4,30.029428482055664,1.6054623126983643,16.570995330810547,30.029428482055664,39.551048278808594,52.4600830078125,log,2024-11-23,2024-12-21,4
32,2024-11-23,2024-11-30,1,62.6329231262207,22.955415725708008,49.78316116333008,62.6329231262207,80.18588256835938,111.40022277832031,log,2024-11-23,2024-11-30,1
32,2024-11-23,2024-12-07,2,89.16709899902344,25.09646987915039,64.66975402832031,89.16709899902344,98.79617309570312,158.01193237304688,log,2024-11-23,2024-12-07,2
32,2024-11-23,2024-12-14,3,95.0644760131836,27.134767532348633,76.55815124511719,95.0644760131836,132.30943298339844,266.140625,log,2024-11-23,2024-12-14,3
32,2024-11-23,2024-12-21,4,88.31776428222656,19.697587966918945,85.74478149414062,88.31776428222656,132.9491729736328,401.88861083984375,log,2024-11-23,2024-12-21,4
33,2024-11-23,2024-11-30,1,15.255834579467773,3.3,9.760603904724121,15.255834579467773,20.645212173461914,24.01841926574707,log,2024-11-23,2024-11-30,1
33,2024-11-23,2024-12-07,2,21.6850528717041,3.894984722137451,15.828596115112305,21.6850528717041,30.856273651123047,37.09710693359375,log,2024-11-23,2024-12-07,2
33,2024-11-23,2024-12-14,3,23.642223358154297,3.14681339263916,19.879316329956055,23.642223358154297,33.01011657714844,47.05514907836914,log,2024-11-23,2024-12-14,3
33,2024-11-23,2024-12-21,4,22.115957260131836,2.2142860889434814,19.119234085083008,22.115957260131836,47.79318618774414,85.9843521118164,log,2024-11-23,2024-12-21,4
34,2024-11-23,2024-11-30,1,67.00301361083984,33.071571350097656,61.97992706298828,67.00301361083984,81.81552124023438,98.24091339111328,log,2024-11-23,2024-11-30,1
34,2024-11-23,2024-12-07,2,90.99105072021484,32.065040588378906,86.07112884521484,90.99105072021484,115.19867706298828,179.8880615234375,log,2024-11-23,2024-12-07,2
34,2024-11-23,2024-12-14,3,132.27073669433594,35.861915588378906,122.4759292602539,132.27073669433594,187.90438842773438,272.95037841796875,log,2024-11-23,2024-12-14,3
34,2024-11-23,2024-12-21,4,175.52708435058594,29.92656707763672,161.84963989257812,175.52708435058594,270.1730041503906,272.8563537597656,log,2024-11-23,2024-12-21,4
35,2024-11-23,2024-11-30,1,30.07862663269043,8.7,18.953197479248047,30.07862663269043,41.27484130859375,57.55121994018555,log,2024-11-23,2024-11-30,1
35,2024-11-23,2024-12-07,2,37.56315231323242,8.237415313720703,26.72883415222168,37.56315231323242,44.47621536254883,91.54104614257812,log,2024-11-23,2024-12-07,2
35,2024-11-23,2024-12-14,3,38.6252555847168,9.530895233154297,29.92850685119629,38.6252555847168,56.19924545288086,113.34477233886719,log,2024-11-23,2024-12-14,3
35,2024-11-23,2024-12-21,4,40.67344665527344,11.150174140930176,34.30144119262695,40.67344665527344,58.600624084472656,198.7037353515625,log,2024-11-23,2024-12-21,4
36,2024-11-23,2024-11-30,1,130.83375549316406,47.50394821166992,112.8509292602539,130.83375549316406,150.365966796875,232.17291259765625,log,2024-11-23,2024-11-30,1
36,2024-11-23,2024-12-07,2,193.1324005126953,34.46276092529297,158.1382293701172,193.1324005126953,199.68209838867188,369.6535949707031,log,2024-11-23,2024-12-07,2
36,2024-11-23,2024-12-14,3,250.94073486328125,39.22317886352539,235.46095275878906,250.94073486328125,320.1084899902344,486.1703796386719,log,2024-11-23,2024-12-14,3
36,2024-11-23,2024-12-21,4,257.4294128417969,40.26698303222656,253.65455627441406,257.4294128417969,388.2702941894531,726.4888305664062,log,2024-11-23,2024-12-21,4
37,2024-11-23,2024-11-30,1,42.779640197753906,18.145648956298828,38.59966278076172,42.779640197753906,58.16357421875,76.13912200927734,log,2024-11-23,2024-11-30,1
37,2024-11-23,2024-12-07,2,49.007442474365234,17.36256980895996,42.625919342041016,49.007442474365234,68.34442138671875,103.7534408569336,log,2024-11-23,2024-12-07,2
37,2024-11-23,2024-12-14,3,59.92472839355469,14.635879516601562,55.923484802246094,59.92472839355469,99.77513885498047,135.8369903564453,log,2024-11-23,2024-12-14,3
37,2024-11-23,2024-12-21,4,81.35403442382812,17.19496726989746,78.26752471923828,81.35403442382812,115.99946594238281,160.0343017578125,log,2024-11-23,2024-12-21,4
38,2024-11-23,2024-11-30,1,3.4273552894592285,0.8999999999999999,1.775006890296936,3.4273552894592285,6.383065223693848,8.319250106811523,log,2024-11-23,2024-11-30,1
38,2024-11-23,2024-12-07,2,4.096036911010742,0.39360833168029785,3.4141182899475098,4.096036911010742,8.231677055358887,13.23228645324707,log,2024-11-23,2024-12-07,2
38,2024-11-23,2024-12-14,3,8.803838729858398,0.54547518491745,7.064367294311523,8.803838729858398,14.303367614746094,23.679916381835938,log,2024-11-23,2024-12-14,3
38,2024-11-23,2024-12-21,4,11.837869644165039,0.6020198464393616,9.594324111938477,11.837869644165039,21.452774047851562,37.8615608215332,log,2024-11-23,2024-12-21,4
39,2024-11-23,2024-11-30,1,39.81633377075195,13.075858116149902,32.223819732666016,39.81633377075195,57.2960090637207,79.18740844726562,log,2024-11-23,2024-11-30,1
39,2024-11-23,2024-12-07,2,43.43219757080078,11.97721004486084,34.05012512207031,43.43219757080078,64.17990112304688,108.43597412109375,log,2024-11-23,2024-12-07,2
39,2024-11-23,2024-12-14,3,43.73090744018555,12.021570205688477,43.42332077026367,43.73090744018555,92.72229766845703,141.2127227783203,log,2024-11-23,2024-12-14,3
39,2024-11-23,2024-12-21,4,45.130531311035156,12.350682258605957,43.80215835571289,45.130531311035156,81.43017578125,168.7335968017578,log,2024-11-23,2024-12-21,4
40,2024-11-23,2024-11-30,1,22.295703887939453,4.2,14.647010803222656,22.295703887939453,29.10062026977539,34.617374420166016,log,2024-11-23,2024-11-30,1
40,2024-11-23,2024-12-07,2,35.155181884765625,5.9708991050720215,21.390907287597656,35.155181884765625,39.607975006103516,49.428287506103516,log,2024-11-23,2024-12-07,2
40,2024-11-23,2024-12-14,3,57.094600677490234,7.149494647979736,27.549074172973633,57.094600677490234,63.795677185058594,86.07361602783203,log,2024-11-23,2024-12-14,3
40,2024-11-23,2024-12-21,4,57.85801696777344,7.298450946807861,44.92732238769531,57.85801696777344,80.81927490234375,114.81649780273438,log,2024-11-23,2024-12-21,4
41,2024-11-23,2024-11-30,1,72.11598205566406,18.9,52.21092224121094,72.11598205566406,88.70557403564453,133.9817352294922,log,2024-11-23,2024-11-30,1
41,2024-11-23,2024-12-07,2,77.00239562988281,18.93241310119629,65.03428649902344,77.00239562988281,96.74053955078125,224.7017059326172,log,2024-11-23,2024-12-07,2
41,2024-11-23,2024-12-14,3,81.88172912597656,18.10149574279785,64.49263763427734,81.88172912597656,158.08982849121094,349.2236633300781,log,2024-11-23,2024-12-14,3
41,2024-11-23,2024-12-21,4,97.45655059814453,16.03444480895996,74.63168334960938,97.45655059814453,148.58152770996094,423.90740966796875,log,2024-11-23,2024-12-21,4
42,2024-11-23,2024-11-30,1,180.96302795410156,105.60977172851562,178.43963623046875,180.96302795410156,183.37828063964844,196.94046020507812,log,2024-11-23,2024-11-30,1
42,2024-11-23,2024-12-07,2,205.37930297851562,104.67818450927734,174.13587951660156,205.37930297851562,258.7316589355469,281.47174072265625,log,2024-11-23,2024-12-07,2
42,2024-11-23,2024-12-14,3,240.99656677246094,75.0356674194336,233.6900634765625,240.99656677246094,282.88861083984375,359.8139343261719,log,2024-11-23,2024-12-14,3
42,2024-11-23,2024-12-21,4,313.12640380859375,59.356136322021484,264.9112854003906,313.12640380859375,320.458251953125,331.4480895996094,log,2024-11-23,2024-12-21,4
44,2024-11-23,2024-11-30,1,2.920600414276123,0.6,1.7148339748382568,2.920600414276123,6.162838935852051,7.80554723739624,log,2024-11-23,2024-11-30,1
44,2024-11-23,2024-12-07,2,3.636277675628662,0.36342430114746094,3.248457431793213,3.636277675628662,7.628412246704102,11.893027305603027,log,2024-11-23,2024-12-07,2
44,2024-11-23,2024-12-14,3,5.517754554748535,0.533832311630249,4.210267543792725,5.517754554748535,10.423258781433105,20.660327911376953,log,2024-11-23,2024-12-14,3
44,2024-11-23,2024-12-21,4,5.564176559448242,0.6006508469581604,4.987801551818848,5.564176559448242,17.217159271240234,35.56356430053711,log,2024-11-23,2024-12-21,4
45,2024-11-23,2024-11-30,1,18.239582061767578,5.6223907470703125,14.095867156982422,18.239582061767578,27.529666900634766,35.85057067871094,log,2024-11-23,2024-11-30,1
45,2024-11-23,2024-12-07,2,30.938871383666992,8.566353797912598,20.680410385131836,30.938871383666992,33.265846252441406,50.8361701965332,log,2024-11-23,2024-12-07,2
45,2024-11-23,2024-12-14,3,47.095252990722656,8.931952476501465,33.2452507019043,47.095252990722656,47.44254684448242,87.68038940429688,log,2024-11-23,2024-12-14,3
45,2024-11-23,2024-12-21,4,53.044464111328125,9.655802726745605,49.043212890625,53.044464111328125,65.48289489746094,124.08175659179688,log,2024-11-23,2024-12-21,4
46,2024-11-23,2024-11-30,1,1.9068198204040527,0.029110116884112358,0.31072667241096497,1.9068198204040527,2.78951096534729,5.033852577209473,log,2024-11-23,2024-11-30,1
46,2024-11-23,2024-12-07,2,3.0618624687194824,0.27701815962791443,0.9100414514541626,3.0618624687194824,5.427348613739014,9.369945526123047,log,2024-11-23,2024-12-07,2
46,2024-11-23,2024-12-14,3,3.8869998455047607,0.3626507818698883,2.7051985263824463,3.8869998455047607,4.665042877197266,16.15019416809082,log,2024-11-23,2024-12-14,3
46,2024-11-23,2024-12-21,4,5.374893665313721,0.43906369805336,2.730116128921509,5.374893665313721,8.644370079040527,27.283348083496094,log,2024-11-23,2024-12-21,4
47,2024-11-23,2024-11-30,1,79.6019287109375,44.56147384643555,70.93335723876953,79.6019287109375,80.92296600341797,102.48391723632812,log,2024-11-23,2024-11-30,1
47,2024-11-23,2024-12-07,2,83.41339874267578,47.6234016418457,71.51046752929688,83.41339874267578,100.7529296875,119.56305694580078,log,2024-11-23,2024-12-07,2
47,2024-11-23,2024-12-14,3,112.08097076416016,44.10318374633789,106.02064514160156,112.08097076416016,137.0005340576172,156.86593627929688,log,2024-11-23,2024-12-14,3
47,2024-11-23,2024-12-21,4,127.1603775024414,36.17927551269531,99.43372344970703,127.1603775024414,171.21835327148438,223.47267150878906,log,2024-11-23,2024-12-21,4
48,2024-11-23,2024-11-30,1,370.22900390625,122.70582580566406,357.6048889160156,370.22900390625,403.72686767578125,610.4251098632812,log,2024-11-23,2024-11-30,1
48,2024-11-23,2024-12-07,2,501.9352111816406,143.78250122070312,390.9934997558594,501.9352111816406,535.008056640625,818.6766967773438,log,2024-11-23,2024-12-07,2
48,2024-11-23,2024-12-14,3,622.56884765625,105.6929702758789,444.2815246582031,622.56884765625,645.8908081054688,997.18359375,log,2024-11-23,2024-12-14,3
48,2024-11-23,2024-12-21,4,656.9052124023438,89.99449157714844,587.4954223632812,656.9052124023438,674.3571166992188,1222.3284912109375,log,2024-11-23,2024-12-21,4
49,2024-11-23,2024-11-30,1,21.404338836669922,6.0,15.519962310791016,21.404338836669922,33.6558952331543,43.65522003173828,log,2024-11-23,2024-11-30,1
49,2024-11-23,2024-12-07,2,35.14500427246094,6.649527549743652,23.82857894897461,35.14500427246094,42.98049545288086,67.99816131591797,log,2024-11-23,2024-12-07,2
49,2024-11-23,2024-12-14,3,47.76463317871094,6.3038835525512695,33.67605209350586,47.76463317871094,71.91805267333984,96.21377563476562,log,2024-11-23,2024-12-14,3
49,2024-11-23,2024-12-21,4,42.3694953918457,6.73018217086792,40.049922943115234,42.3694953918457,76.15078735351562,159.96543884277344,log,2024-11-23,2024-12-21,4
50,2024-11-23,2024-11-30,1,1.5169501304626465,0.049606919288635254,0.5041950941085815,1.5169501304626465,3.2148516178131104,5.256793022155762,log,2024-11-23,2024-11-30,1
50,2024-11-23,2024-12-07,2,2.678644895553589,0.24123473465442657,1.497503399848938,2.678644895553589,5.027538776397705,9.832740783691406,log,2024-11-23,2024-12-07,2
50,2024-11-23,2024-12-14,3,3.700737714767456,0.3660607635974884,2.7094311714172363,3.700737714767456,6.636500358581543,17.611549377441406,log,2024-11-23,2024-12-14,3
50,2024-11-23,2024-12-21,4,6.92814302444458,0.5343573093414307,4.025946617126465,6.92814302444458,11.20885181427002,32.75925827026367,log,2024-11-23,2024-12-21,4
51,2024-11-23,2024-11-30,1,46.80604934692383,24.615036010742188,43.18137741088867,46.80604934692383,67.47175598144531,84.8712387084961,log,2024-11-23,2024-11-30,1
51,2024-11-23,2024-12-07,2,73.58641052246094,22.49663543701172,56.0085334777832,73.58641052246094,94.11848449707031,124.8926010131836,log,2024-11-23,2024-12-07,2
51,2024-11-23,2024-12-14,3,87.70825958251953,29.996355056762695,84.63064575195312,87.70825958251953,144.32296752929688,216.9634552001953,log,2024-11-23,2024-12-14,3
51,2024-11-23,2024-12-21,4,143.02047729492188,23.062997817993164,112.2918930053711,143.02047729492188,232.31695556640625,272.96160888671875,log,2024-11-23,2024-12-21,4
53,2024-11-23,2024-11-30,1,36.64752960205078,8.7,24.709505081176758,36.64752960205078,51.96696472167969,65.73463439941406,log,2024-11-23,2024-11-30,1
53,2024-11-23,2024-12-07,2,55.084007263183594,10.325197219848633,34.13203048706055,55.084007263183594,59.82215118408203,107.5278091430664,log,2024-11-23,2024-12-07,2
53,2024-11-23,2024-12-14,3,67.05841827392578,12.034414291381836,48.09585189819336,67.05841827392578,96.62325286865234,161.41064453125,log,2024-11-23,2024-12-14,3
53,2024-11-23,2024-12-21,4,67.58331298828125,12.465852737426758,60.77683639526367,67.58331298828125,150.78285217285156,283.9528503417969,log,2024-11-23,2024-12-21,4
54,2024-11-23,2024-11-30,1,5.78152322769165,1.2,4.35624885559082,5.78152322769165,10.607275009155273,13.919312477111816,log,2024-11-23,2024-11-30,1
54,2024-11-23,2024-12-07,2,9.70870590209961,0.9146410822868347,7.235884189605713,9.70870590209961,19.38271713256836,21.00939178466797,log,2024-11-23,2024-12-07,2
54,2024-11-23,2024-12-14,3,18.928503036499023,0.7934035062789917,12.678919792175293,18.928503036499023,31.851675033569336,31.890798568725586,log,2024-11-23,2024-12-14,3
54,2024-11-23,2024-12-21,4,34.90040588378906,1.1079905033111572,20.770692825317383,34.90040588378906,45.87105941772461,54.498924255371094,log,2024-11-23,2024-12-21,4
55,2024-11-23,2024-11-30,1,25.090192794799805,5.3999999999999995,14.548507690429688,25.090192794799805,28.05608367919922,36.460899353027344,log,2024-11-23,2024-11-30,1
55,2024-11-23,2024-12-07,2,29.23098373413086,8.164243698120117,22.168025970458984,29.23098373413086,41.75162124633789,53.46350860595703,log,2024-11-23,2024-12-07,2
55,2024-11-23,2024-12-14,3,55.042945861816406,8.992042541503906,27.23977279663086,55.042945861816406,64.79145812988281,86.68183898925781,log,2024-11-23,2024-12-14,3
55,2024-11-23,2024-12-21,4,56.69282913208008,7.264537334442139,45.2343864440918,56.69282913208008,85.24630737304688,112.62618255615234,log,2024-11-23,2024-12-21,4
56,2024-11-23,2024-11-30,1,8.37123966217041,2.6999999999999997,6.842812538146973,8.37123966217041,14.17383861541748,19.214359283447266,log,2024-11-23,2024-11-30,1
56,2024-11-23,2024-12-07,2,14.944546699523926,1.3527532815933228,7.795475959777832,14.944546699523926,17.98969268798828,29.972293853759766,log,2024-11-23,2024-12-07,2
56,2024-11-23,2024-12-14,3,20.538326263427734,1.320709466934204,15.214317321777344,20.538326263427734,27.85138702392578,43.88614273071289,log,2024-11-23,2024-12-14,3
56,2024-11-23,2024-12-21,4,23.494770050048828,1.7808654308319092,17.35782814025879,23.494770050048828,27.735275268554688,65.18304443359375,log,2024-11-23,2024-12-21,4
72,2024-11-23,2024-11-30,1,170.71209716796875,66.27703094482422,141.6724853515625,170.71209716796875,249.76316833496094,360.579345703125,log,2024-11-23,2024-11-30,1
72,2024-11-23,2024-12-07,2,154.38673400878906,74.0348129272461,116.5076904296875,154.38673400878906,228.80279541015625,431.33758544921875,log,2024-11-23,2024-12-07,2
72,2024-11-23,2024-12-14,3,180.13983154296875,54.982608795166016,166.5042724609375,180.13983154296875,348.8130798339844,519.1417236328125,log,2024-11-23,2024-12-14,3
72,2024-11-23,2024-12-21,4,149.21868896484375,58.56141662597656,130.748046875,149.21868896484375,209.05886840820312,604.9880981445312,log,2024-11-23,2024-12-21,4
US,2024-11-23,2024-11-30,1,1604.2998046875,983.4,1477.221435546875,1604.2998046875,1744.806640625,2113.28759765625,log,2024-11-23,2024-11-30,1
US,2024-11-23,2024-12-07,2,1677.847412109375,280.26899999999995,1507.28271484375,1677.847412109375,1679.1728515625,2206.063232421875,log,2024-11-23,2024-12-07,2
US,2024-11-23,2024-12-14,3,1527.1204833984375,109.25479888916016,1517.856689453125,1527.1204833984375,1712.8955078125,1990.288330078125,log,2024-11-23,2024-12-14,3
US,2024-11-23,2024-12-21,4,1687.302734375,97.63050842285156,1613.4163818359375,1687.302734375,2031.23388671875,2056.202392578125,log,2024-11-23,2024-12-21,4
01,2024-11-30,2024-12-07,1,93.34051513671875,45.826148986816406,91.28651428222656,93.34051513671875,95.59008026123047,133.91249084472656,log,2024-11-30,2024-12-07,1
01,2024-11-30,2024-12-14,2,114.41058349609375,44.60496520996094,99.11031341552734,114.41058349609375,123.47314453125,239.69888305664062,log,2024-11-30,2024-12-14,2
01,2024-11-30,2024-12-21,3,178.50416564941406,57.223724365234375,141.94447326660156,178.50416564941406,182.9127197265625,293.3590087890625,log,2024-11-30,2024-12-21,3
01,2024-11-30,2024-12-28,4,213.59140014648438,42.525733947753906,159.38674926757812,213.59140014648438,219.51339721679688,466.9054870605469,log,2024-11-30,2024-12-28,4
02,2024-11-30,2024-12-07,1,10.488923072814941,3.0,8.10484790802002,10.488923072814941,13.2047700881958,22.436262130737305,log,2024-11-30,2024-12-07,1
02,2024-11-30,2024-12-14,2,12.064051628112793,2.5855298042297363,9.897377014160156,12.064051628112793,19.629270553588867,29.70584487915039,log,2024-11-30,2024-12-14,2
02,2024-11-30,2024-12-21,3,20.384424209594727,3.4514970779418945,11.917134284973145,20.384424209594727,26.068323135375977,47.87032699584961,log,2024-11-30,2024-12-21,3
02,2024-11-30,2024-12-28,4,26.016138076782227,3.795130729675293,17.252384185791016,26.016138076782227,37.93252182006836,69.2105941772461,log,2024-11-30,2024-12-28,4
04,2024-11-30,2024-12-07,1,582.5769653320312,167.4,543.3910522460938,582.5769653320312,717.8045654296875,841.0057983398438,log,2024-11-30,2024-12-07,1
04,2024-11-30,2024-12-14,2,517.186767578125,123.37578582763672,370.9700012207031,517.186767578125,726.5870361328125,1087.885986328125,log,2024-11-30,2024-12-14,2
04,2024-11-30,2024-12-21,3,421.8881530761719,131.20233154296875,317.74774169921875,421.8881530761719,656.4495239257812,852.1543579101562,log,2024-11-30,2024-12-21,3
04,2024-11-30,2024-12-28,4,389.3809509277344,86.97512817382812,383.8200988769531,389.3809509277344,592.2078247070312,902.3007202148438,log,2024-11-30,2024-12-28,4
05,2024-11-30,2024-12-07,1,17.86342430114746,3.5999999999999996,11.973123550415039,17.86342430114746,20.871097564697266,29.079700469970703,log,2024-11-30,2024-12-07,1
05,2024-11-30,2024-12-14,2,22.845205307006836,2.989591360092163,17.215253829956055,22.845205307006836,30.87752342224121,43.10129928588867,log,2024-11-30,2024-12-14,2
05,2024-11-30,2024-12-21,3,41.9724235534668,5.647299766540527,25.08473777770996,41.9724235534668,46.69816589355469,57.73115921020508,log,2024-11-30,2024-12-21,3
05,2024-11-30,2024-12-28,4,57.506317138671875,6.34401798248291,44.981689453125,57.506317138671875,71.21961975097656,83.01525115966797,log,2024-11-30,2024-12-28,4
06,2024-11-30,2024-12-07,1,853.8117065429688,212.4,835.0801391601562,853.8117065429688,979.7467041015625,1184.4429931640625,log,2024-11-30,2024-12-07,1
06,2024-11-30,2024-12-14,2,1037.8621826171875,127.2032241821289,833.4097900390625,1037.8621826171875,1110.879150390625,1294.86474609375,log,2024-11-30,2024-12-14,2
06,2024-11-30,2024-12-21,3,1100.71875,131.20233154296875,1071.15869140625,1100.71875,1263.862060546875,1294.2735595703125,log,2024-11-30,2024-12-21,3
06,2024-11-30,2024-12-28,4,1273.5794677734375,89.89566040039062,1038.489990234375,1273.5794677734375,1392.22509765625,1394.113037109375,log,2024-11-30,2024-12-28,4
08,2024-11-30,2024-12-07,1,82.5649642944336,37.450313568115234,80.8882827758789,82.5649642944336,93.45394897460938,129.9356231689453,log,2024-11-30,2024-12-07,1
08,2024-11-30,2024-12-14,2,119.22332000732422,36.012516021728516,101.15000915527344,119.22332000732422,128.30101013183594,174.8579864501953,log,2024-11-30,2024-12-14,2
08,2024-11-30,2024-12-21,3,163.48312377929688,53.698421478271484,118.65283966064453,163.48312377929688,202.70120239257812,306.2906799316406,log,2024-11-30,2024-12-21,3
08,2024-11-30,2024-12-28,4,250.9717254638672,37.03352737426758,200.9294891357422,250.9717254638672,297.083984375,461.0953674316406,log,2024-11-30,2024-12-28,4
09,2024-11-30,2024-12-07,1,14.932311058044434,3.3,10.627591133117676,14.932311058044434,17.56873893737793,21.798080444335938,log,2024-11-30,2024-12-07,1
09,2024-11-30,2024-12-14,2,21.369159698486328,3.7761971950531006,15.891505241394043,21.369159698486328,25.634624481201172,39.232513427734375,log,2024-11-30,2024-12-14,2
09,2024-11-30,2024-12-21,3,46.96615982055664,6.229325294494629,26.995943069458008,46.96615982055664,50.804046630859375,57.45419692993164,log,2024-11-30,2024-12-21,3
09,2024-11-30,2024-12-28,4,63.76787567138672,6.4232659339904785,32.72815704345703,63.76787567138672,70.31710052490234,74.59054565429688,log,2024-11-30,2024-12-28,4
10,2024-11-30,2024-12-07,1,6.830773830413818,1.5,6.829226493835449,6.830773830413818,10.905144691467285,15.268071174621582,log,2024-11-30,2024-12-07,1
10,2024-11-30,2024-12-14,2,10.371298789978027,1.3982186317443848,9.051627159118652,10.371298789978027,18.030805587768555,24.037090301513672,log,2024-11-30,2024-12-14,2
10,2024-11-30,2024-12-21,3,17.232620239257812,1.5848673582077026,10.229669570922852,17.232620239257812,25.832855224609375,31.770263671875,log,2024-11-30,2024-12-21,3
10,2024-11-30,2024-12-28,4,22.623374938964844,1.8704098463058472,18.69832420349121,22.623374938964844,30.569564819335938,53.82203674316406,log,2024-11-30,2024-12-28,4
11,2024-11-30,2024-12-07,1,8.453676223754883,1.5,6.829213619232178,8.453676223754883,12.421204566955566,15.25003433227539,log,2024-11-30,2024-12-07,1
11,2024-11-30,2024-12-14,2,11.843950271606445,1.4401534795761108,9.64914321899414,11.843950271606445,24.195051193237305,26.138887405395508,log,2024-11-30,2024-12-14,2
11,2024-11-30,2024-12-21,3,20.03809356689453,1.3905023336410522,14.511865615844727,20.03809356689453,30.022829055786133,39.914390563964844,log,2024-11-30,2024-12-21,3
11,2024-11-30,2024-12-28,4,32.68045425415039,2.1523263454437256,23.93877410888672,32.68045425415039,43.072120666503906,60.906761169433594,log,2024-11-30,2024-12-28,4
12,2024-11-30,2024-12-07,1,662.282470703125,183.6,662.183837890625,662.282470703125,768.2061767578125,956.7916259765625,log,2024-11-30,2024-12-07,1
12,2024-11-30,2024-12-14,2,867.776611328125,127.2032241821289,807.7993774414062,867.776611328125,942.0233764648438,1231.55517578125,log,2024-11-30,2024-12-14,2
12,2024-11-30,2024-12-21,3,1049.9847412109375,137.89048767089844,887.3233032226562,1049.9847412109375,1064.1993408203125,1508.9349365234375,log,2024-11-30,2024-12-21,3
12,2024-11-30,2024-12-28,4,1216.5467529296875,89.89566040039062,952.1253662109375,1216.5467529296875,1398.089599609375,1664.225830078125,log,2024-11-30,2024-12-28,4
13,2024-11-30,2024-12-07,1,68.29923248291016,32.83970642089844,62.16693878173828,68.29923248291016,80.62159729003906,111.65875244140625,log,2024-11-30,2024-12-07,1
13,2024-11-30,2024-12-14,2,100.87867736816406,30.825847625732422,90.61323547363281,100.87867736816406,125.30364227294922,150.85459899902344,log,2024-11-30,2024-12-14,2
13,2024-11-30,2024-12-21,3,126.99871826171875,37.65251541137695,122.60010528564453,126.99871826171875,185.6812286376953,211.24623107910156,log,2024-11-30,2024-12-21,3
13,2024-11-30,2024-12-28,4,206.52589416503906,33.906402587890625,197.7061767578125,206.52589416503906,209.65818786621094,291.7220458984375,log,2024-11-30,2024-12-28,4
15,2024-11-30,2024-12-07,1,18.598033905029297,4.2,12.630367279052734,18.598033905029297,20.992197036743164,34.111942291259766,log,2024-11-30,2024-12-07,1
15,2024-11-30,2024-12-14,2,29.039352416992188,4.1635284423828125,20.80461883544922,29.039352416992188,32.07008361816406,49.70442581176758,log,2024-11-30,2024-12-14,2
15,2024-11-30,2024-12-21,3,44.599952697753906,8.173348426818848,31.59571075439453,44.599952697753906,46.8372802734375,68.91866302490234,log,2024-11-30,2024-12-21,3
15,2024-11-30,2024-12-28,4,55.498443603515625,7.790562152862549,44.314876556396484,55.498443603515625,78.69305419921875,107.32545471191406,log,2024-11-30,2024-12-28,4
16,2024-11-30,2024-12-07,1,69.87300109863281,20.876197814941406,59.13109588623047,69.87300109863281,80.46240997314453,129.67396545410156,log,2024-11-30,2024-12-07,1
16,2024-11-30,2024-12-14,2,71.09097290039062,16.590717315673828,45.77447509765625,71.09097290039062,92.65957641601562,253.22262573242188,log,2024-11-30,2024-12-14,2
16,2024-11-30,2024-12-21,3,74.48961639404297,25.08348274230957,45.65675735473633,74.48961639404297,117.32404327392578,317.196044921875,log,2024-11-30,2024-12-21,3
16,2024-11-30,2024-12-28,4,90.18168640136719,16.906709671020508,57.742584228515625,90.18168640136719,142.6767578125,403.63348388671875,log,2024-11-30,2024-12-28,4
17,2024-11-30,2024-12-07,1,120.33344268798828,59.10486602783203,110.27765655517578,120.33344268798828,135.7554473876953,171.0432891845703,log,2024-11-30,2024-12-07,1
17,2024-11-30,2024-12-14,2,166.21282958984375,66.98194122314453,140.7150421142578,166.21282958984375,184.50486755371094,283.1302185058594,log,2024-11-30,2024-12-14,2
17,2024-11-30,2024-12-21,3,227.81324768066406,70.16144561767578,189.57736206054688,227.81324768066406,252.40206909179688,338.3069763183594,log,2024-11-30,2024-12-21,3
17,2024-11-30,2024-12-28,4,299.6563415527344,65.94962310791016,274.0736083984375,299.6563415527344,324.7862548828125,608.4910888671875,log,2024-11-30,2024-12-28,4
18,2024-11-30,2024-12-07,1,52.56869888305664,31.18844985961914,48.60005569458008,52.56869888305664,57.52671432495117,83.08390045166016,log,2024-11-30,2024-12-07,1
18,2024-11-30,2024-12-14,2,69.07426452636719,27.901493072509766,64.67257690429688,69.07426452636719,83.84276580810547,117.12774658203125,log,2024-11-30,2024-12-14,2
18,2024-11-30,2024-12-21,3,97.18425750732422,37.14382553100586,92.01844787597656,97.18425750732422,156.22991943359375,164.6627960205078,log,2024-11-30,2024-12-21,3
18,2024-11-30,2024-12-28,4,149.72344970703125,33.65625,142.0912322998047,149.72344970703125,171.76968383789062,247.2041778564453,log,2024-11-30,2024-12-28,4
19,2024-11-30,2024-12-07,1,7.70566987991333,1.2,6.713682651519775,7.70566987991333,11.531977653503418,13.917007446289062,log,2024-11-30,2024-12-07,1
19,2024-11-30,2024-12-14,2,12.42926025390625,1.234002947807312,8.434109687805176,12.42926025390625,14.41739273071289,25.55611228942871,log,2024-11-30,2024-12-14,2
19,2024-11-30,2024-12-21,3,26.68570327758789,2.280925989151001,14.445895195007324,26.68570327758789,27.527851104736328,35.331417083740234,log,2024-11-30,2024-12-21,3
19,2024-11-30,2024-12-28,4,42.99195861816406,3.13877272605896,27.8614444732666,42.99195861816406,47.42394256591797,50.721778869628906,log,2024-11-30,2024-12-28,4
20,2024-11-30,2024-12-07,1,25.442415237426758,9.978063583374023,20.70816421508789,25.442415237426758,34.61040115356445,44.041263580322266,log,2024-11-30,2024-12-07,1
20,2024-11-30,2024-12-14,2,33.06369400024414,9.279658317565918,24.96356773376465,33.06369400024414,45.37519836425781,64.44615173339844,log,2024-11-30,2024-12-14,2
20,2024-11-30,2024-12-21,3,49.39512634277344,13.9281005859375,33.522037506103516,49.39512634277344,58.84245300292969,89.11161041259766,log,2024-11-30,2024-12-21,3
20,2024-11-30,2024-12-28,4,71.66793060302734,12.259587287902832,45.7254753112793,71.66793060302734,80.24889373779297,144.51246643066406,log,2024-11-30,2024-12-28,4
21,2024-11-30,2024-12-07,1,30.073307037353516,17.809783935546875,28.032331466674805,30.073307037353516,31.381668090820312,47.77794647216797,log,2024-11-30,2024-12-07,1
21,2024-11-30,2024-12-14,2,41.59103012084961,17.005279541015625,41.37412643432617,41.59103012084961,48.59942626953125,68.12734985351562,log,2024-11-30,2024-12-14,2
21,2024-11-30,2024-12-21,3,65.03727722167969,23.726181030273438,63.798057556152344,65.03727722167969,66.80682373046875,99.6720199584961,log,2024-11-30,2024-12-21,3
21,2024-11-30,2024-12-28,4,85.63040161132812,22.842716217041016,81.33118438720703,85.63040161132812,97.61856079101562,174.2156524658203,log,2024-11-30,2024-12-28,4
22,2024-11-30,2024-12-07,1,191.49630737304688,92.64322662353516,174.47149658203125,191.49630737304688,205.48846435546875,232.8466796875,log,2024-11-30,2024-12-07,1
22,2024-11-30,2024-12-14,2,234.5286407470703,79.43472290039062,210.9236297607422,234.5286407470703,249.00181579589844,357.8657531738281,log,2024-11-30,2024-12-14,2
22,2024-11-30,2024-12-21,3,352.5347900390625,100.50926971435547,228.88609313964844,352.5347900390625,358.75103759765625,449.1485595703125,log,2024-11-30,2024-12-21,3
22,2024-11-30,2024-12-28,4,346.7254638671875,66.62007141113281,248.05386352539062,346.7254638671875,445.15313720703125,657.136474609375,log,2024-11-30,2024-12-28,4
23,2024-11-30,2024-12-07,1,2.760463237762451,0.6,0.7272587418556213,2.760463237762451,5.1529130935668945,8.219786643981934,log,2024-11-30,2024-12-07,1
23,2024-11-30,2024-12-14,2,3.969109296798706,0.20152033865451813,2.4866983890533447,3.969109296798706,7.811129093170166,12.434188842773438,log,2024-11-30,2024-12-14,2
23,2024-11-30,2024-12-21,3,7.635401248931885,0.4202701449394226,4.801311016082764,7.635401248931885,11.697062492370605,24.06926918029785,log,2024-11-30,2024-12-21,3
23,2024-11-30,2024-12-28,4,13.665369987487793,0.5542705655097961,9.668728828430176,13.665369987487793,24.370323181152344,38.304847717285156,log,2024-11-30,2024-12-28,4
24,2024-11-30,2024-12-07,1,26.025009155273438,12.792559623718262,25.656618118286133,26.025009155273438,28.858030319213867,44.552391052246094,log,2024-11-30,2024-12-07,1
24,2024-11-30,2024-12-14,2,38.95801544189453,11.580378532409668,35.15474319458008,38.95801544189453,44.371978759765625,67.13160705566406,log,2024-11-30,2024-12-14,2
24,2024-11-30,2024-12-21,3,71.9807357788086,16.553020477294922,55.91973876953125,71.9807357788086,74.752197265625,105.04005432128906,log,2024-11-30,2024-12-21,3
24,2024-11-30,2024-12-28,4,91.43612670898438,16.277944564819336,85.70301818847656,91.43612670898438,109.52994537353516,226.9896697998047,log,2024-11-30,2024-12-28,4
25,2024-11-30,2024-12-07,1,106.49368286132812,45.15366744995117,101.375,106.49368286132812,108.17240142822266,152.02598571777344,log,2024-11-30,2024-12-07,1
25,2024-11-30,2024-12-14,2,152.4682159423828,37.530738830566406,126.43521118164062,152.4682159423828,158.2707061767578,292.2402038574219,log,2024-11-30,2024-12-14,2
25,2024-11-30,2024-12-21,3,195.5934600830078,56.37872314453125,167.7958984375,195.5934600830078,197.71536254882812,394.6938781738281,log,2024-11-30,2024-12-21,3
25,2024-11-30,2024-12-28,4,232.21627807617188,33.05123519897461,230.98858642578125,232.21627807617188,271.9001770019531,649.5858764648438,log,2024-11-30,2024-12-28,4
26,2024-11-30,2024-12-07,1,100.02084350585938,49.54857635498047,82.4688720703125,100.02084350585938,106.01789093017578,120.1507568359375,log,2024-11-30,2024-12-07,1
26,2024-11-30,2024-12-14,2,123.70537567138672,45.14726257324219,106.78557586669922,123.70537567138672,128.982666015625,155.894775390625,log,2024-11-30,2024-12-14,2
26,2024-11-30,2024-12-21,3,180.96095275878906,48.435550689697266,125.37249755859375,180.96095275878906,187.51016235351562,242.79620361328125,log,2024-11-30,2024-12-21,3
26,2024-11-30,2024-12-28,4,250.80645751953125,45.78162384033203,184.23995971679688,250.80645751953125,262.31146240234375,301.59136962890625,log,2024-11-30,2024-12-28,4
27,2024-11-30,2024-12-07,1,20.667207717895508,7.958197116851807,16.927148818969727,20.667207717895508,25.089271545410156,32.13402557373047,log,2024-11-30,2024-12-07,1
27,2024-11-30,2024-12-14,2,30.51350975036621,5.117969989776611,27.988149642944336,30.51350975036621,31.87947654724121,45.13902282714844,log,2024-11-30,2024-12-14,2
27,2024-11-30,2024-12-21,3,43.60130310058594,11.00171947479248,31.339418411254883,43.60130310058594,46.852806091308594,67.36924743652344,log,2024-11-30,2024-12-21,3
27,2024-11-30,2024-12-28,4,52.73786926269531,8.79461669921875,44.18534851074219,52.73786926269531,83.45402526855469,97.01309967041016,log,2024-11-30,2024-12-28,4
28,2024-11-30,2024-12-07,1,35.37791061401367,20.00061798095703,34.804710388183594,35.37791061401367,44.57923889160156,65.1399154663086,log,2024-11-30,2024-12-07,1
28,2024-11-30,2024-12-14,2,47.67401885986328,20.324546813964844,38.70822525024414,47.67401885986328,52.9572639465332,84.42909240722656,log,2024-11-30,2024-12-14,2
28,2024-11-30,2024-12-21,3,60.41884994506836,29.734277725219727,54.17281723022461,60.41884994506836,69.78717803955078,115.80452728271484,log,2024-11-30,2024-12-21,3
28,2024-11-30,2024-12-28,4,86.6507797241211,22.093074798583984,75.9168701171875,86.6507797241211,102.49605560302734,167.62879943847656,log,2024-11-30,2024-12-28,4
29,2024-11-30,2024-12-07,1,58.65985107421875,30.1924991607666,51.3729362487793,58.65985107421875,63.00115966796875,86.88573455810547,log,2024-11-30,2024-12-07,1
29,2024-11-30,2024-12-14,2,69.70189666748047,30.351951599121094,63.86829376220703,69.70189666748047,87.20476531982422,135.328857421875,log,2024-11-30,2024-12-14,2
29,2024-11-30,2024-12-21,3,91.71245574951172,36.099212646484375,83.18094635009766,91.71245574951172,136.90298461914062,151.60079956054688,log,2024-11-30,2024-12-21,3
29,2024-11-30,2024-12-28,4,123.02080535888672,31.771209716796875,121.19338989257812,123.02080535888672,179.5874481201172,232.01919555664062,log,2024-11-30,2024-12-28,4
30,2024-11-30,2024-12-07,1,3.4748494625091553,0.6,2.1716156005859375,3.4748494625091553,6.01711893081665,8.78242301940918,log,2024-11-30,2024-12-07,1
30,2024-11-30,2024-12-14,2,6.689241409301758,0.304235577583313,4.788782119750977,6.689241409301758,9.493208885192871,14.38737964630127,log,2024-11-30,2024-12-14,2
30,2024-11-30,2024-12-21,3,11.73952865600586,0.6633777618408203,8.173567771911621,11.73952865600586,16.278072357177734,23.14313316345215,log,2024-11-30,2024-12-21,3
30,2024-11-30,2024-12-28,4,19.712303161621094,1.1003679037094116,17.432514190673828,19.712303161621094,29.438152313232422,36.789344787597656,log,2024-11-30,2024-12-28,4
31,2024-11-30,2024-12-07,1,16.404565811157227,3.3,10.597025871276855,16.404565811157227,17.26824378967285,22.90257453918457,log,2024-11-30,2024-12-07,1
31,2024-11-30,2024-12-14,2,24.354503631591797,3.547520637512207,16.427358627319336,24.354503631591797,28.187705993652344,41.44281768798828,log,2024-11-30,2024-12-14,2
31,2024-11-30,2024-12-21,3,44.13375473022461,6.502103328704834,24.064498901367188,44.13375473022461,46.69691467285156,60.7955436706543,log,2024-11-30,2024-12-21,3
31,2024-11-30,2024-12-28,4,53.9129524230957,4.153976917266846,29.17154312133789,53.9129524230957,56.094581604003906,71.02104949951172,log,2024-11-30,2024-12-28,4
32,2024-11-30,2024-12-07,1,81.17790222167969,40.65824508666992,72.04615020751953,81.17790222167969,89.2824478149414,126.5225601196289,log,2024-11-30,2024-12-07,1
32,2024-11-30,2024-12-14,2,96.7371826171875,41.7448616027832,77.56455993652344,96.7371826171875,108.87639617919922,229.58421325683594,log,2024-11-30,2024-12-14,2
32,2024-11-30,2024-12-21,3,141.9718017578125,52.730262756347656,88.17018127441406,141.9718017578125,161.16510009765625,267.0748291015625,log,2024-11-30,2024-12-21,3
32,2024-11-30,2024-12-28,4,150.65184020996094,30.50749969482422,100.12022399902344,150.65184020996094,153.61386108398438,375.1169738769531,log,2024-11-30,2024-12-28,4
33,2024-11-30,2024-12-07,1,19.0263671875,7.166683197021484,14.561569213867188,19.0263671875,24.499483108520508,34.206329345703125,log,2024-11-30,2024-12-07,1
33,2024-11-30,2024-12-14,2,25.96819496154785,6.332791805267334,20.605182647705078,25.96819496154785,33.77498245239258,48.02577209472656,log,2024-11-30,2024-12-14,2
33,2024-11-30,2024-12-21,3,28.836633682250977,8.112455368041992,24.692365646362305,28.836633682250977,42.74467468261719,73.46874237060547,log,2024-11-30,2024-12-21,3
33,2024-11-30,2024-12-28,4,35.81305694580078,8.288212776184082,30.992509841918945,35.81305694580078,51.86442184448242,97.36973571777344,log,2024-11-30,2024-12-28,4
34,2024-11-30,2024-12-07,1,88.96061706542969,38.24244689941406,73.0123291015625,88.96061706542969,95.4493408203125,127.40181732177734,log,2024-11-30,2024-12-07,1
34,2024-11-30,2024-12-14,2,129.22679138183594,38.12286376953125,101.87306213378906,129.22679138183594,130.7284393310547,182.3701629638672,log,2024-11-30,2024-12-14,2
34,2024-11-30,2024-12-21,3,194.06932067871094,51.805782318115234,166.17552185058594,194.06932067871094,210.9553680419922,286.2817077636719,log,2024-11-30,2024-12-21,3
34,2024-11-30,2024-12-28,4,275.2174987792969,42.148616790771484,198.24441528320312,275.2174987792969,285.9510803222656,496.98779296875,log,2024-11-30,2024-12-28,4
35,2024-11-30,2024-12-07,1,72.85980987548828,35.51997375488281,69.50878143310547,72.85980987548828,79.98741912841797,110.71611785888672,log,2024-11-30,2024-12-07,1
35,2024-11-30,2024-12-14,2,70.63973236083984,31.678144454956055,60.377891540527344,70.63973236083984,90.55239868164062,233.11187744140625,log,2024-11-30,2024-12-14,2
35,2024-11-30,2024-12-21,3,102.9189682006836,46.123619079589844,73.91793823242188,102.9189682006836,122.3857650756836,306.771240234375,log,2024-11-30,2024-12-21,3
35,2024-11-30,2024-12-28,4,126.17406463623047,26.458105087280273,107.3443603515625,126.17406463623047,130.9097900390625,426.3043518066406,log,2024-11-30,2024-12-28,4
36,2024-11-30,2024-12-07,1,221.3267364501953,88.61314392089844,188.6826171875,221.3267364501953,221.48867797851562,311.2100524902344,log,2024-11-30,2024-12-07,1
36,2024-11-30,2024-12-14,2,263.91339111328125,72.4565658569336,262.4439392089844,263.91339111328125,310.08734130859375,441.19696044921875,log,2024-11-30,2024-12-14,2
36,2024-11-30,2024-12-21,3,406.477783203125,83.22427368164062,382.52423095703125,406.477783203125,507.43170166015625,630.7308349609375,log,2024-11-30,2024-12-21,3
36,2024-11-30,2024-12-28,4,544.2002563476562,75.54148864746094,492.505859375,544.2002563476562,575.1299438476562,1088.4427490234375,log,2024-11-30,2024-12-28,4
37,2024-11-30,2024-12-07,1,64.2330093383789,32.186641693115234,53.876800537109375,64.2330093383789,66.57111358642578,82.73939514160156,log,2024-11-30,2024-12-07,1
37,2024-11-30,2024-12-14,2,82.92971801757812,31.20502281188965,74.00272369384766,82.92971801757812,110.1358642578125,122.78412628173828,log,2024-11-30,2024-12-14,2
37,2024-11-30,2024-12-21,3,109.1466064453125,39.68163299560547,89.19841003417969,109.1466064453125,183.27685546875,193.08177185058594,log,2024-11-30,2024-12-21,3
37,2024-11-30,2024-12-28,4,156.73890686035156,33.59742736816406,141.55259704589844,156.73890686035156,187.69830322265625,270.8674621582031,log,2024-11-30,2024-12-28,4
38,2024-11-30,2024-12-07,1,3.287937641143799,0.3,1.7634284496307373,3.287937641143799,5.1783928871154785,8.552695274353027,log,2024-11-30,2024-12-07,1
38,2024-11-30,2024-12-14,2,5.046504497528076,0.22733476758003235,2.8304660320281982,5.046504497528076,9.007427215576172,13.08508014678955,log,2024-11-30,2024-12-14,2
38,2024-11-30,2024-12-21,3,9.543248176574707,0.47311633825302124,4.965382099151611,9.543248176574707,14.294966697692871,21.889022827148438,log,2024-11-30,2024-12-21,3
38,2024-11-30,2024-12-28,4,14.780725479125977,1.0384165048599243,12.254861831665039,14.780725479125977,25.0675048828125,35.45564270019531,log,2024-11-30,2024-12-28,4
39,2024-11-30,2024-12-07,1,74.1376724243164,35.96007537841797,63.341209411621094,74.1376724243164,83.5696792602539,104.14022064208984,log,2024-11-30,2024-12-07,1
39,2024-11-30,2024-12-14,2,100.5163803100586,36.18532943725586,91.67374420166016,100.5163803100586,115.77123260498047,147.2707061767578,log,2024-11-30,2024-12-14,2
39,2024-11-30,2024-12-21,3,134.07606506347656,41.752620697021484,123.74712371826172,134.07606506347656,169.97122192382812,224.15789794921875,log,2024-11-30,2024-12-21,3
39,2024-11-30,2024-12-28,4,163.6123504638672,37.26593780517578,151.61651611328125,163.6123504638672,203.87393188476562,332.45147705078125,log,2024-11-30,2024-12-28,4
40,2024-11-30,2024-12-07,1,48.23234939575195,22.731586456298828,45.45882034301758,48.23234939575195,62.050689697265625,86.41207885742188,log,2024-11-30,2024-12-07,1
40,2024-11-30,2024-12-14,2,74.26497650146484,20.54686737060547,62.470951080322266,74.26497650146484,93.81806945800781,140.46524047851562,log,2024-11-30,2024-12-14,2
40,2024-11-30,2024-12-21,3,94.5005111694336,26.360774993896484,83.1729965209961,94.5005111694336,135.25918579101562,226.39990234375,log,2024-11-30,2024-12-21,3
40,2024-11-30,2024-12-28,4,131.4889678955078,22.567018508911133,121.55610656738281,131.4889678955078,191.4127960205078,329.4380798339844,log,2024-11-30,2024-12-28,4
41,2024-11-30,2024-12-07,1,121.2076644897461,48.59252166748047,101.79338073730469,121.2076644897461,127.69929504394531,152.0082550048828,log,2024-11-30,2024-12-07,1
41,2024-11-30,2024-12-14,2,125.2596206665039,37.80457305908203,87.25958251953125,125.2596206665039,169.74520874023438,297.5988464355469,log,2024-11-30,2024-12-14,2
41,2024-11-30,2024-12-21,3,139.0819854736328,44.829402923583984,87.8120346069336,139.0819854736328,183.7706298828125,405.87725830078125,log,2024-11-30,2024-12-21,3
41,2024-11-30,2024-12-28,4,149.61280822753906,30.398052215576172,99.1561508178711,149.61280822753906,225.43365478515625,573.244873046875,log,2024-11-30,2024-12-28,4
42,2024-11-30,2024-12-07,1,115.44972229003906,74.97285461425781,108.27880859375,115.44972229003906,161.19317626953125,164.13832092285156,log,2024-11-30,2024-12-07,1
42,2024-11-30,2024-12-14,2,149.28280639648438,70.66706848144531,138.59820556640625,149.28280639648438,165.3399658203125,174.31878662109375,log,2024-11-30,2024-12-14,2
42,2024-11-30,2024-12-21,3,174.79786682128906,70.6517562866211,158.48858642578125,174.79786682128906,180.53793334960938,196.69775390625,log,2024-11-30,2024-12-21,3
42,2024-11-30,2024-12-28,4,218.9390869140625,47.557682037353516,196.9730224609375,218.9390869140625,219.9566192626953,233.00250244140625,log,2024-11-30,2024-12-28,4
44,2024-11-30,2024-12-07,1,5.2141194343566895,1.7999999999999998,3.3005292415618896,5.2141194343566895,8.250007629394531,11.0615234375,log,2024-11-30,2024-12-07,1
44,2024-11-30,2024-12-14,2,8.924663543701172,0.5713843107223511,6.800313472747803,8.924663543701172,15.929827690124512,21.137054443359375,log,2024-11-30,2024-12-14,2
44,2024-11-30,2024-12-21,3,15.661855697631836,1.2446999549865723,10.309115409851074,15.661855697631836,15.786880493164062,25.718482971191406,log,2024-11-30,2024-12-21,3
44,2024-11-30,2024-12-28,4,20.65673828125,1.835719108581543,13.481245994567871,20.65673828125,22.464418411254883,39.652923583984375,log,2024-11-30,2024-12-28,4
45,2024-11-30,2024-12-07,1,27.486433029174805,9.277751922607422,20.408910751342773,27.486433029174805,27.53522491455078,38.64608383178711,log,2024-11-30,2024-12-07,1
45,2024-11-30,2024-12-14,2,32.64234924316406,6.337663173675537,24.978416442871094,32.64234924316406,33.35481643676758,54.25324630737305,log,2024-11-30,2024-12-14,2
45,2024-11-30,2024-12-21,3,50.825172424316406,12.376614570617676,38.90802001953125,50.825172424316406,55.30442810058594,79.92298889160156,log,2024-11-30,2024-12-21,3
45,2024-11-30,2024-12-28,4,62.55680847167969,11.660932540893555,61.712677001953125,62.55680847167969,88.545654296875,122.70612335205078,log,2024-11-30,2024-12-28,4
46,2024-11-30,2024-12-07,1,3.58294677734375,1.5,2.144099712371826,3.58294677734375,5.743680953979492,8.765684127807617,log,2024-11-30,2024-12-07,1
46,2024-11-30,2024-12-14,2,6.247763633728027,0.4275,5.017668724060059,6.247763633728027,9.519768714904785,15.687434196472168,log,2024-11-30,2024-12-14,2
46,2024-11-30,2024-12-21,3,10.963018417358398,1.2341029644012451,8.621846199035645,10.963018417358398,11.713798522949219,25.973209381103516,log,2024-11-30,2024-12-21,3
46,2024-11-30,2024-12-28,4,15.35216236114502,1.4696487188339233,13.837869644165039,15.35216236114502,22.417104721069336,37.97708511352539,log,2024-11-30,2024-12-28,4
47,2024-11-30,2024-12-07,1,56.82797622680664,32.927001953125,56.06804275512695,56.82797622680664,66.49456787109375,90.38186645507812,log,2024-11-30,2024-12-07,1
47,2024-11-30,2024-12-14,2,66.338623046875,25.118074417114258,65.88934326171875,66.338623046875,77.13905334472656,88.51675415039062,log,2024-11-30,2024-12-14,2
47,2024-11-30,2024-12-21,3,87.77583312988281,38.20987319946289,73.14291381835938,87.77583312988281,90.99044036865234,136.66009521484375,log,2024-11-30,2024-12-21,3
47,2024-11-30,2024-12-28,4,92.88067626953125,23.07602882385254,92.21074676513672,92.88067626953125,99.29364013671875,185.69459533691406,log,2024-11-30,2024-12-28,4
48,2024-11-30,2024-12-07,1,546.4967651367188,160.75062561035156,542.619873046875,546.4967651367188,551.8487548828125,871.4813842773438,log,2024-11-30,2024-12-07,1
48,2024-11-30,2024-12-14,2,618.4910888671875,127.2032241821289,615.4797973632812,618.4910888671875,629.987548828125,954.6296997070312,log,2024-11-30,2024-12-14,2
48,2024-11-30,2024-12-21,3,693.70947265625,137.46292114257812,686.8614501953125,693.70947265625,708.1427612304688,1035.2064208984375,log,2024-11-30,2024-12-21,3
48,2024-11-30,2024-12-28,4,895.9783325195312,89.89566040039062,722.197265625,895.9783325195312,956.437744140625,1240.3179931640625,log,2024-11-30,2024-12-28,4
49,2024-11-30,2024-12-07,1,25.58611488342285,9.782671928405762,22.812362670898438,25.58611488342285,33.854042053222656,47.615623474121094,log,2024-11-30,2024-12-07,1
49,2024-11-30,2024-12-14,2,36.339698791503906,8.08311653137207,30.957029342651367,36.339698791503906,42.12578582763672,78.9917984008789,log,2024-11-30,2024-12-14,2
49,2024-11-30,2024-12-21,3,50.504058837890625,13.391676902770996,46.85335159301758,50.504058837890625,51.19963455200195,105.25841522216797,log,2024-11-30,2024-12-21,3
49,2024-11-30,2024-12-28,4,76.97461700439453,11.748468399047852,56.36239242553711,76.97461700439453,78.2680892944336,197.8012237548828,log,2024-11-30,2024-12-28,4
50,2024-11-30,2024-12-07,1,3.285266637802124,0.8999999999999999,2.18825626373291,3.285266637802124,4.989109039306641,8.845431327819824,log,2024-11-30,2024-12-07,1
50,2024-11-30,2024-12-14,2,4.700807571411133,0.3148995637893677,4.176347732543945,4.700807571411133,6.848238945007324,14.1631441116333,log,2024-11-30,2024-12-14,2
50,2024-11-30,2024-12-21,3,8.977423667907715,0.6380506753921509,7.738348960876465,8.977423667907715,11.368499755859375,24.096214294433594,log,2024-11-30,2024-12-21,3
50,2024-11-30,2024-12-28,4,11.767552375793457,1.2128310203552246,9.160195350646973,11.767552375793457,21.986289978027344,35.0711669921875,log,2024-11-30,2024-12-28,4
51,2024-11-30,2024-12-07,1,66.14867401123047,32.788970947265625,65.51996612548828,66.14867401123047,78.26419830322266,93.4507064819336,log,2024-11-30,2024-12-07,1
51,2024-11-30,2024-12-14,2,102.19186401367188,33.484764099121094,84.57606506347656,102.19186401367188,117.71116638183594,149.8199920654297,log,2024-11-30,2024-12-14,2
51,2024-11-30,2024-12-21,3,134.65408325195312,37.72261428833008,116.55892181396484,134.65408325195312,203.20359802246094,224.0699920654297,log,2024-11-30,2024-12-21,3
51,2024-11-30,2024-12-28,4,189.16123962402344,35.63032150268555,172.55633544921875,189.16123962402344,282.7421875,290.88006591796875,log,2024-11-30,2024-12-28,4
53,2024-11-30,2024-12-07,1,61.76658630371094,32.74704360961914,56.297603607177734,61.76658630371094,66.34090423583984,85.24342346191406,log,2024-11-30,2024-12-07,1
53,2024-11-30,2024-12-14,2,85.72187042236328,28.017406463623047,81.71066284179688,85.72187042236328,94.20783233642578,149.31060791015625,log,2024-11-30,2024-12-14,2
53,2024-11-30,2024-12-21,3,115.4108657836914,36.68577575683594,112.68086242675781,115.4108657836914,144.7509307861328,284.4665222167969,log,2024-11-30,2024-12-21,3
53,2024-11-30,2024-12-28,4,178.2193603515625,30.425559997558594,150.9136199951172,178.2193603515625,205.20095825195312,394.3881530761719,log,2024-11-30,2024-12-28,4
54,2024-11-30,2024-12-07,1,6.706333160400391,0.8999999999999999,4.516047954559326,6.706333160400391,10.139025688171387,12.819520950317383,log,2024-11-30,2024-12-07,1
54,2024-11-30,2024-12-14,2,9.922418594360352,0.9821901321411133,6.460938453674316,9.922418594360352,13.302948951721191,24.712066650390625,log,2024-11-30,2024-12-14,2
54,2024-11-30,2024-12-21,3,17.31205177307129,1.2645556926727295,9.955331802368164,17.31205177307129,23.097370147705078,34.06196594238281,log,2024-11-30,2024-12-21,3
54,2024-11-30,2024-12-28,4,30.685016632080078,1.6625229120254517,20.283063888549805,30.685016632080078,43.140071868896484,54.627685546875,log,2024-11-30,2024-12-28,4
55,2024-11-30,2024-12-07,1,16.68498420715332,5.812053203582764,15.040820121765137,16.68498420715332,20.15444564819336,33.351016998291016,log,2024-11-30,2024-12-07,1
55,2024-11-30,2024-12-14,2,28.61262321472168,4.65065860748291,17.886232376098633,28.61262321472168,29.51430892944336,44.56932830810547,log,2024-11-30,2024-12-14,2
55,2024-11-30,2024-12-21,3,40.683589935302734,8.137116432189941,28.066871643066406,40.683589935302734,43.91461944580078,71.89878845214844,log,2024-11-30,2024-12-21,3
55,2024-11-30,2024-12-28,4,66.4526138305664,10.684357643127441,47.89466094970703,66.4526138305664,74.90673828125,117.20793151855469,log,2024-11-30,2024-12-28,4
56,2024-11-30,2024-12-07,1,9.115214347839355,2.100950002670288,7.824565410614014,9.115214347839355,11.700764656066895,19.40389633178711,log,2024-11-30,2024-12-07,1
56,2024-11-30,2024-12-14,2,12.954922676086426,2.7287282943725586,10.28868579864502,12.954922676086426,18.44700050354004,29.589649200439453,log,2024-11-30,2024-12-14,2
56,2024-11-30,2024-12-21,3,20.023040771484375,4.163268089294434,15.008997917175293,20.023040771484375,25.888288497924805,47.18016052246094,log,2024-11-30,2024-12-21,3
56,2024-11-30,2024-12-28,4,31.7388858795166,2.7702107429504395,19.07476043701172,31.7388858795166,44.67304992675781,69.29534149169922,log,2024-11-30,2024-12-28,4
72,2024-11-30,2024-12-07,1,419.6962585449219,157.6657257080078,366.1940612792969,419.6962585449219,477.882568359375,709.24462890625,log,2024-11-30,2024-12-07,1
72,2024-11-30,2024-12-14,2,387.85009765625,124.29139709472656,287.7132263183594,387.85009765625,467.4595947265625,822.4036865234375,log,2024-11-30,2024-12-14,2
72,2024-11-30,2024-12-21,3,329.4987487792969,139.9980010986328,259.4183044433594,329.4987487792969,406.5597839355469,684.1170043945312,log,2024-11-30,2024-12-21,3
72,2024-11-30,2024-12-28,4,277.0542297363281,86.97512817382812,257.351806640625,277.0542297363281,418.6544189453125,701.4675903320312,log,2024-11-30,2024-12-28,4
US,2024-11-30,2024-12-07,1,1570.5205078125,1330.8,1516.5333251953125,1570.5205078125,1689.6429443359375,2213.419189453125,log,2024-11-30,2024-12-07,1
US,2024-11-30,2024-12-14,2,1696.3829345703125,379.27799999999996,1611.672119140625,1696.3829345703125,1727.071044921875,1995.3033447265625,log,2024-11-30,2024-12-14,2
US,2024-11-30,2024-12-21,3,1634.4814453125,139.9980010986328,1430.0931396484375,1634.4814453125,1826.6278076171875,2027.11474609375,log,2024-11-30,2024-12-21,3
US,2024-11-30,2024-12-28,4,1812.2313232421875,92.26435852050781,1117.55615234375,1812.2313232421875,2076.43017578125,2213.12353515625,log,2024-11-30,2024-12-28,4
01,2024-12-07,2024-12-14,1,119.29350280761719,66.80339813232422,104.74819946289062,119.29350280761719,148.81488037109375,166.23739624023438,log,2024-12-07,2024-12-14,1
01,2024-12-07,2024-12-21,2,185.90345764160156,59.65853500366211,159.41627502441406,185.90345764160156,240.6576690673828,266.28765869140625,log,2024-12-07,2024-12-21,2
01,2024-12-07,2024-12-28,3,275.8685302734375,77.01876068115234,226.2578887939453,275.8685302734375,328.412841796875,429.49169921875,log,2024-12-07,2024-12-28,3
01,2024-12-07,2025-01-04,4,269.277099609375,62.59743118286133,256.38385009765625,269.277099609375,281.4145202636719,493.874267578125,log,2024-12-07,2025-01-04,4
02,2024-12-07,2024-12-14,1,21.638906478881836,7.106789588928223,14.06497573852539,21.638906478881836,30.224987030029297,40.83901596069336,log,2024-12-07,2024-12-14,1
02,2024-12-07,2024-12-21,2,26.12178611755371,7.140110015869141,19.144468307495117,26.12178611755371,39.1151237487793,54.58534240722656,log,2024-12-07,2024-12-21,2
02,2024-12-07,2024-12-28,3,51.71708297729492,8.612168312072754,31.76311492919922,51.71708297729492,54.92985916137695,76.36685180664062,log,2024-12-07,2024-12-28,3
02,2024-12-07,2025-01-04,4,39.47447967529297,8.558282852172852,24.022851943969727,39.47447967529297,69.56956481933594,105.59314727783203,log,2024-12-07,2025-01-04,4
04,2024-12-07,2024-12-14,1,862.788330078125,264.59999999999997,804.3719482421875,862.788330078125,986.2998046875,1245.4129638671875,log,2024-12-07,2024-12-14,1
04,2024-12-07,2024-12-21,2,855.0656127929688,148.6552276611328,643.6810913085938,855.0656127929688,997.2435302734375,1290.41357421875,log,2024-12-07,2024-12-21,2
04,2024-12-07,2024-12-28,3,500.3331604003906,136.80667114257812,439.7894287109375,500.3331604003906,864.4786987304688,1088.14453125,log,2024-12-07,2024-12-28,3
04,2024-12-07,2025-01-04,4,551.9802856445312,98.24252319335938,428.0029602050781,551.9802856445312,727.1121215820312,1062.70751953125,log,2024-12-07,2025-01-04,4
05,2024-12-07,2024-12-14,1,41.21316146850586,12.264452934265137,28.007112503051758,41.21316146850586,52.81236267089844,60.05650329589844,log,2024-12-07,2024-12-14,1
05,2024-12-07,2024-12-21,2,50.71718215942383,10.886253356933594,38.682342529296875,50.71718215942383,83.95490264892578,97.19020080566406,log,2024-12-07,2024-12-21,2
05,2024-12-07,2024-12-28,3,80.58295440673828,18.120431900024414,52.38991165161133,80.58295440673828,115.7101058959961,142.14547729492188,log,2024-12-07,2024-12-28,3
05,2024-12-07,2025-01-04,4,92.86957550048828,11.821077346801758,60.83633804321289,92.86957550048828,163.76580810546875,260.49267578125,log,2024-12-07,2025-01-04,4
06,2024-12-07,2024-12-14,1,1147.9898681640625,338.09999999999997,1106.0364990234375,1147.9898681640625,1270.0677490234375,1583.6868896484375,log,2024-12-07,2024-12-14,1
06,2024-12-07,2024-12-21,2,1467.8504638671875,148.6552276611328,1116.5848388671875,1467.8504638671875,1468.10888671875,1756.19775390625,log,2024-12-07,2024-12-21,2
06,2024-12-07,2024-12-28,3,1536.84326171875,136.80667114257812,1344.16796875,1536.84326171875,1822.9407958984375,1873.562255859375,log,2024-12-07,2024-12-28,3
06,2024-12-07,2025-01-04,4,1597.3133544921875,98.24252319335938,1254.114501953125,1597.3133544921875,1646.4239501953125,1781.7567138671875,log,2024-12-07,2025-01-04,4
08,2024-12-07,2024-12-14,1,127.59623718261719,63.50057601928711,120.81239318847656,127.59623718261719,141.38650512695312,187.6805877685547,log,2024-12-07,2024-12-14,1
08,2024-12-07,2024-12-21,2,173.35330200195312,59.11916732788086,161.70907592773438,173.35330200195312,185.6622772216797,285.68536376953125,log,2024-12-07,2024-12-21,2
08,2024-12-07,2024-12-28,3,265.36956787109375,75.45875549316406,215.02906799316406,265.36956787109375,273.3963317871094,446.68109130859375,log,2024-12-07,2024-12-28,3
08,2024-12-07,2025-01-04,4,267.87994384765625,61.42033386230469,245.38223266601562,267.87994384765625,302.94244384765625,463.6595458984375,log,2024-12-07,2025-01-04,4
09,2024-12-07,2024-12-14,1,22.52611541748047,6.94099760055542,15.363753318786621,22.52611541748047,28.06822967529297,32.530242919921875,log,2024-12-07,2024-12-14,1
09,2024-12-07,2024-12-21,2,32.321407318115234,8.087749481201172,26.178295135498047,32.321407318115234,42.83116912841797,48.97579574584961,log,2024-12-07,2024-12-21,2
09,2024-12-07,2024-12-28,3,60.91647720336914,10.391448974609375,31.510189056396484,60.91647720336914,64.30509185791016,71.3218994140625,log,2024-12-07,2024-12-28,3
09,2024-12-07,2025-01-04,4,72.50382995605469,13.771197319030762,63.142616271972656,72.50382995605469,80.32183837890625,99.07971954345703,log,2024-12-07,2025-01-04,4
10,2024-12-07,2024-12-14,1,19.7325496673584,5.53995418548584,12.406266212463379,19.7325496673584,26.583173751831055,34.121212005615234,log,2024-12-07,2024-12-14,1
10,2024-12-07,2024-12-21,2,24.90927505493164,5.167070388793945,16.639333724975586,24.90927505493164,37.7110481262207,49.22907257080078,log,2024-12-07,2024-12-21,2
10,2024-12-07,2024-12-28,3,37.74870681762695,6.591267108917236,28.47309112548828,37.74870681762695,59.383888244628906,66.16362762451172,log,2024-12-07,2024-12-28,3
10,2024-12-07,2025-01-04,4,38.02378845214844,6.75496244430542,33.13935470581055,38.02378845214844,57.28553009033203,95.31431579589844,log,2024-12-07,2025-01-04,4
11,2024-12-07,2024-12-14,1,4.757951259613037,0.6050900220870972,3.9421188831329346,4.757951259613037,7.675164699554443,12.958330154418945,log,2024-12-07,2024-12-14,1
11,2024-12-07,2024-12-21,2,7.874263286590576,0.42480945587158203,6.167219161987305,7.874263286590576,14.400100708007812,20.38960075378418,log,2024-12-07,2024-12-21,2
11,2024-12-07,2024-12-28,3,13.715009689331055,0.7940855026245117,12.845182418823242,13.715009689331055,24.99687385559082,31.000823974609375,log,2024-12-07,2024-12-28,3
11,2024-12-07,2025-01-04,4,22.99739646911621,1.3521003723144531,13.14023494720459,22.99739646911621,34.42809295654297,37.67121887207031,log,2024-12-07,2025-01-04,4
12,2024-12-07,2024-12-14,1,757.3138427734375,214.2,713.7980346679688,757.3138427734375,895.620849609375,1160.4666748046875,log,2024-12-07,2024-12-14,1
12,2024-12-07,2024-12-21,2,905.3303833007812,148.6552276611328,771.2167358398438,905.3303833007812,1150.922607421875,1436.2547607421875,log,2024-12-07,2024-12-21,2
12,2024-12-07,2024-12-28,3,1019.8919677734375,134.05113220214844,956.9916381835938,1019.8919677734375,1351.453125,1588.7054443359375,log,2024-12-07,2024-12-28,3
12,2024-12-07,2025-01-04,4,1246.81640625,98.24252319335938,927.4899291992188,1246.81640625,1417.088134765625,1419.3564453125,log,2024-12-07,2025-01-04,4
13,2024-12-07,2024-12-14,1,122.58360290527344,54.446815490722656,98.70294952392578,122.58360290527344,126.29528045654297,143.6925048828125,log,2024-12-07,2024-12-14,1
13,2024-12-07,2024-12-21,2,182.1241912841797,45.562191009521484,159.59146118164062,182.1241912841797,186.13987731933594,278.0107727050781,log,2024-12-07,2024-12-21,2
13,2024-12-07,2024-12-28,3,265.7237854003906,63.7735595703125,233.98602294921875,265.7237854003906,295.98602294921875,354.59033203125,log,2024-12-07,2024-12-28,3
13,2024-12-07,2025-01-04,4,277.7562561035156,51.76333236694336,276.765869140625,277.7562561035156,351.4798889160156,447.10504150390625,log,2024-12-07,2025-01-04,4
15,2024-12-07,2024-12-14,1,22.46314239501953,8.645998001098633,17.664852142333984,22.46314239501953,26.061193466186523,39.93533706665039,log,2024-12-07,2024-12-14,1
15,2024-12-07,2024-12-21,2,37.029136657714844,8.143643379211426,29.504671096801758,37.029136657714844,40.57368087768555,56.77629852294922,log,2024-12-07,2024-12-21,2
15,2024-12-07,2024-12-28,3,49.074195861816406,13.094314575195312,40.9614372253418,49.074195861816406,50.71786117553711,71.80464935302734,log,2024-12-07,2024-12-28,3
15,2024-12-07,2025-01-04,4,57.568058013916016,8.973064422607422,38.411399841308594,57.568058013916016,67.15633392333984,104.62332153320312,log,2024-12-07,2025-01-04,4
16,2024-12-07,2024-12-14,1,101.47927856445312,38.031272888183594,68.8969955444336,101.47927856445312,108.74653625488281,171.9864044189453,log,2024-12-07,2024-12-14,1
16,2024-12-07,2024-12-21,2,120.13694763183594,41.613101959228516,89.07389068603516,120.13694763183594,154.45602416992188,252.60647583007812,log,2024-12-07,2024-12-21,2
16,2024-12-07,2024-12-28,3,105.65532684326172,41.37260818481445,98.17090606689453,105.65532684326172,166.0750274658203,401.6968994140625,log,2024-12-07,2024-12-28,3
16,2024-12-07,2025-01-04,4,98.28924560546875,21.758586883544922,88.70467376708984,98.28924560546875,154.0028076171875,405.701904296875,log,2024-12-07,2025-01-04,4
17,2024-12-07,2024-12-14,1,156.71658325195312,79.94961547851562,145.9559326171875,156.71658325195312,170.48822021484375,206.57626342773438,log,2024-12-07,2024-12-14,1
17,2024-12-07,2024-12-21,2,221.06631469726562,68.42366027832031,215.29396057128906,221.06631469726562,229.4013214111328,310.8556213378906,log,2024-12-07,2024-12-21,2
17,2024-12-07,2024-12-28,3,325.6297912597656,77.01876068115234,299.4471130371094,325.6297912597656,386.0959167480469,494.64013671875,log,2024-12-07,2024-12-28,3
17,2024-12-07,2025-01-04,4,403.6053161621094,72.47898864746094,362.9427185058594,403.6053161621094,428.9837341308594,535.7239379882812,log,2024-12-07,2025-01-04,4
18,2024-12-07,2024-12-14,1,88.18659973144531,38.37002944946289,82.91475677490234,88.18659973144531,102.52049255371094,131.0819854736328,log,2024-12-07,2024-12-14,1
18,2024-12-07,2024-12-21,2,142.69032287597656,42.01454162597656,135.58718872070312,142.69032287597656,142.88427734375,179.73837280273438,log,2024-12-07,2024-12-21,2
18,2024-12-07,2024-12-28,3,201.44151306152344,53.559879302978516,173.6554412841797,201.44151306152344,230.7880096435547,284.9854736328125,log,2024-12-07,2024-12-28,3
18,2024-12-07,2025-01-04,4,242.22039794921875,45.2293586730957,195.82823181152344,242.22039794921875,246.2076416015625,354.98834228515625,log,2024-12-07,2025-01-04,4
19,2024-12-07,2024-12-14,1,21.446195602416992,4.651027679443359,12.349234580993652,21.446195602416992,25.288131713867188,29.7529239654541,log,2024-12-07,2024-12-14,1
19,2024-12-07,2024-12-21,2,27.08962631225586,4.931452751159668,22.925865173339844,27.08962631225586,35.6829948425293,47.9827880859375,log,2024-12-07,2024-12-21,2
19,2024-12-07,2024-12-28,3,49.48705291748047,7.823025226593018,28.97079849243164,49.48705291748047,56.64891052246094,64.49444580078125,log,2024-12-07,2024-12-28,3
19,2024-12-07,2025-01-04,4,67.94905853271484,5.812427520751953,46.030853271484375,67.94905853271484,70.72695922851562,79.37142181396484,log,2024-12-07,2025-01-04,4
20,2024-12-07,2024-12-14,1,51.434043884277344,15.637760162353516,40.85175323486328,51.434043884277344,65.68663787841797,77.69889831542969,log,2024-12-07,2024-12-14,1
20,2024-12-07,2024-12-21,2,61.609745025634766,22.961910247802734,55.609439849853516,61.609745025634766,96.3611068725586,118.78636169433594,log,2024-12-07,2024-12-21,2
20,2024-12-07,2024-12-28,3,88.73265838623047,21.656017303466797,77.64893341064453,88.73265838623047,132.73085021972656,205.99014282226562,log,2024-12-07,2024-12-28,3
20,2024-12-07,2025-01-04,4,108.138671875,20.976221084594727,85.3338623046875,108.138671875,168.7943115234375,267.1808166503906,log,2024-12-07,2025-01-04,4
21,2024-12-07,2024-12-14,1,68.37061309814453,30.059175491333008,64.37076568603516,68.37061309814453,80.26783752441406,96.4313735961914,log,2024-12-07,2024-12-14,1
21,2024-12-07,2024-12-21,2,97.61799621582031,35.19808578491211,85.33929443359375,97.61799621582031,116.93121337890625,152.58206176757812,log,2024-12-07,2024-12-21,2
21,2024-12-07,2024-12-28,3,157.26629638671875,41.07361602783203,118.47928619384766,157.26629638671875,164.14004516601562,259.994873046875,log,2024-12-07,2024-12-28,3
21,2024-12-07,2025-01-04,4,178.240478515625,33.268798828125,118.7485580444336,178.240478515625,195.41842651367188,279.1556701660156,log,2024-12-07,2025-01-04,4
22,2024-12-07,2024-12-14,1,211.4573516845703,116.33110046386719,177.53683471679688,211.4573516845703,236.43263244628906,245.2412872314453,log,2024-12-07,2024-12-14,1
22,2024-12-07,2024-12-21,2,238.61363220214844,107.45693969726562,235.39590454101562,238.61363220214844,270.77777099609375,401.24169921875,log,2024-12-07,2024-12-21,2
22,2024-12-07,2024-12-28,3,282.0692138671875,101.19078826904297,259.554443359375,282.0692138671875,317.87042236328125,525.172119140625,log,2024-12-07,2024-12-28,3
22,2024-12-07,2025-01-04,4,268.9118347167969,88.06271362304688,246.62953186035156,268.9118347167969,279.7526550292969,519.6459350585938,log,2024-12-07,2025-01-04,4
23,2024-12-07,2024-12-14,1,3.775177478790283,0.6,2.018174886703491,3.775177478790283,6.734495639801025,8.234895706176758,log,2024-12-07,2024-12-14,1
23,2024-12-07,2024-12-21,2,4.900223255157471,0.1826959103345871,3.088003635406494,4.900223255157471,9.128035545349121,13.082353591918945,log,2024-12-07,2024-12-21,2
23,2024-12-07,2024-12-28,3,9.531706809997559,0.6201393008232117,6.849754333496094,9.531706809997559,17.76008415222168,20.14923095703125,log,2024-12-07,2024-12-28,3
23,2024-12-07,2025-01-04,4,13.251198768615723,0.8591954112052917,11.393505096435547,13.251198768615723,28.393177032470703,32.94511795043945,log,2024-12-07,2025-01-04,4
24,2024-12-07,2024-12-14,1,58.98292541503906,17.147480010986328,45.922325134277344,58.98292541503906,69.13664245605469,79.38388061523438,log,2024-12-07,2024-12-14,1
24,2024-12-07,2024-12-21,2,85.35210418701172,23.77396011352539,68.69108581542969,85.35210418701172,115.30988311767578,129.29530334472656,log,2024-12-07,2024-12-21,2
24,2024-12-07,2024-12-28,3,150.1774139404297,26.819076538085938,101.1077880859375,150.1774139404297,183.00027465820312,208.61061096191406,log,2024-12-07,2024-12-28,3
24,2024-12-07,2025-01-04,4,155.70367431640625,31.86627769470215,152.83169555664062,155.70367431640625,229.32608032226562,318.1033020019531,log,2024-12-07,2025-01-04,4
25,2024-12-07,2024-12-14,1,130.9800567626953,55.52161407470703,106.05310821533203,130.9800567626953,140.39779663085938,196.3702392578125,log,2024-12-07,2024-12-14,1
25,2024-12-07,2024-12-21,2,175.39051818847656,63.31559753417969,153.6988067626953,175.39051818847656,176.8155975341797,299.6063232421875,log,2024-12-07,2024-12-21,2
25,2024-12-07,2024-12-28,3,212.2914276123047,65.52811431884766,180.62261962890625,212.2914276123047,215.16961669921875,384.0010681152344,log,2024-12-07,2024-12-28,3
25,2024-12-07,2025-01-04,4,240.92434692382812,57.520851135253906,233.9376220703125,240.92434692382812,264.94757080078125,403.9479064941406,log,2024-12-07,2025-01-04,4
26,2024-12-07,2024-12-14,1,115.28598022460938,63.179603576660156,101.72600555419922,115.28598022460938,128.09364318847656,157.54244995117188,log,2024-12-07,2024-12-14,1
26,2024-12-07,2024-12-21,2,185.78648376464844,59.28621292114258,178.35162353515625,185.78648376464844,195.09715270996094,261.9226379394531,log,2024-12-07,2024-12-21,2
26,2024-12-07,2024-12-28,3,249.58447265625,77.01876068115234,237.1024627685547,249.58447265625,314.81451416015625,347.23602294921875,log,2024-12-07,2024-12-28,3
26,2024-12-07,2025-01-04,4,260.56298828125,61.42033386230469,255.6272430419922,260.56298828125,327.3772888183594,363.68536376953125,log,2024-12-07,2025-01-04,4
27,2024-12-07,2024-12-14,1,54.772918701171875,16.782724380493164,38.972450256347656,54.772918701171875,61.05246353149414,88.01422882080078,log,2024-12-07,2024-12-14,1
27,2024-12-07,2024-12-21,2,63.527862548828125,16.494260787963867,53.0380859375,63.527862548828125,106.2027816772461,108.62065124511719,log,2024-12-07,2024-12-21,2
27,2024-12-07,2024-12-28,3,89.8101806640625,21.314804077148438,85.55154418945312,89.8101806640625,124.55030059814453,203.76553344726562,log,2024-12-07,2024-12-28,3
27,2024-12-07,2025-01-04,4,114.88294982910156,23.383264541625977,86.36894989013672,114.88294982910156,185.6607666015625,272.6930236816406,log,2024-12-07,2025-01-04,4
28,2024-12-07,2024-12-14,1,44.85493469238281,29.7574405670166,37.28526306152344,44.85493469238281,45.155757904052734,68.54412841796875,log,2024-12-07,2024-12-14,1
28,2024-12-07,2024-12-21,2,56.73820877075195,31.3016300201416,45.7039680480957,56.73820877075195,71.5708999633789,90.80486297607422,log,2024-12-07,2024-12-21,2
28,2024-12-07,2024-12-28,3,77.09957122802734,32.85023498535156,66.55261993408203,77.09957122802734,84.76361083984375,129.58116149902344,log,2024-12-07,2024-12-28,3
28,2024-12-07,2025-01-04,4,84.90043640136719,32.248905181884766,60.554656982421875,84.90043640136719,98.67414093017578,168.0601806640625,log,2024-12-07,2025-01-04,4
29,2024-12-07,2024-12-14,1,76.93224334716797,31.188373565673828,70.58209228515625,76.93224334716797,85.94036102294922,102.87734985351562,log,2024-12-07,2024-12-14,1
29,2024-12-07,2024-12-21,2,97.7370376586914,31.3016300201416,91.56778717041016,97.7370376586914,108.04639434814453,134.9143524169922,log,2024-12-07,2024-12-21,2
29,2024-12-07,2024-12-28,3,148.06338500976562,42.10383605957031,116.6822509765625,148.06338500976562,181.43870544433594,187.06297302246094,log,2024-12-07,2024-12-28,3
29,2024-12-07,2025-01-04,4,171.5478973388672,45.2293586730957,152.42308044433594,171.5478973388672,191.483642578125,230.33187866210938,log,2024-12-07,2025-01-04,4
30,2024-12-07,2024-12-14,1,4.307992935180664,0.6,2.339017629623413,4.307992935180664,7.50710391998291,9.213298797607422,log,2024-12-07,2024-12-14,1
30,2024-12-07,2024-12-21,2,7.268041610717773,0.49206578731536865,5.574550628662109,7.268041610717773,11.35981559753418,14.449073791503906,log,2024-12-07,2024-12-21,2
30,2024-12-07,2024-12-28,3,13.01856517791748,0.7946330904960632,9.70468521118164,13.01856517791748,21.312761306762695,21.72793960571289,log,2024-12-07,2024-12-28,3
30,2024-12-07,2025-01-04,4,22.553251266479492,1.4185973405838013,17.1260929107666,22.553251266479492,32.459075927734375,32.59257507324219,log,2024-12-07,2025-01-04,4
31,2024-12-07,2024-12-14,1,21.167739868164062,5.8692545890808105,12.71688175201416,21.167739868164062,25.98908042907715,32.96985626220703,log,2024-12-07,2024-12-14,1
31,2024-12-07,2024-12-21,2,29.213409423828125,6.976349830627441,21.719341278076172,29.213409423828125,40.31963348388672,47.14801788330078,log,2024-12-07,2024-12-21,2
31,2024-12-07,2024-12-28,3,42.52707290649414,6.728029727935791,28.605396270751953,42.52707290649414,54.18334197998047,61.854461669921875,log,2024-12-07,2024-12-28,3
31,2024-12-07,2025-01-04,4,56.11854553222656,7.566271781921387,44.1018180847168,56.11854553222656,76.42815399169922,88.63716125488281,log,2024-12-07,2025-01-04,4
32,2024-12-07,2024-12-14,1,104.42215728759766,54.446815490722656,82.17411041259766,104.42215728759766,115.96343231201172,151.43411254882812,log,2024-12-07,2024-12-14,1
32,2024-12-07,2024-12-21,2,129.7110595703125,48.72325134277344,118.26998901367188,129.7110595703125,154.7381134033203,249.82595825195312,log,2024-12-07,2024-12-21,2
32,2024-12-07,2024-12-28,3,167.88211059570312,69.86201477050781,133.9403533935547,167.88211059570312,195.0793914794922,290.75872802734375,log,2024-12-07,2024-12-28,3
32,2024-12-07,2025-01-04,4,138.89553833007812,52.13906478881836,129.09371948242188,138.89553833007812,180.23080444335938,379.8923645019531,log,2024-12-07,2025-01-04,4
33,2024-12-07,2024-12-14,1,21.2982234954834,7.057389259338379,15.961462020874023,21.2982234954834,26.95504379272461,37.84217071533203,log,2024-12-07,2024-12-14,1
33,2024-12-07,2024-12-21,2,31.131710052490234,8.271177291870117,23.8560733795166,31.131710052490234,37.165283203125,47.16481399536133,log,2024-12-07,2024-12-21,2
33,2024-12-07,2024-12-28,3,35.60966491699219,9.258206367492676,26.517513275146484,35.60966491699219,53.871490478515625,67.9166488647461,log,2024-12-07,2024-12-28,3
33,2024-12-07,2025-01-04,4,43.28146743774414,8.585710525512695,29.128650665283203,43.28146743774414,55.45338821411133,90.60305786132812,log,2024-12-07,2025-01-04,4
34,2024-12-07,2024-12-14,1,137.67884826660156,69.26173400878906,127.89742279052734,137.67884826660156,158.96270751953125,188.53480529785156,log,2024-12-07,2024-12-14,1
34,2024-12-07,2024-12-21,2,211.65367126464844,61.154510498046875,200.22061157226562,211.65367126464844,236.58619689941406,340.9830322265625,log,2024-12-07,2024-12-21,2
34,2024-12-07,2024-12-28,3,293.02288818359375,77.01876068115234,245.95916748046875,293.02288818359375,331.5754089355469,489.47509765625,log,2024-12-07,2024-12-28,3
34,2024-12-07,2025-01-04,4,365.9491882324219,62.59743118286133,298.7772216796875,365.9491882324219,374.7655944824219,546.1796264648438,log,2024-12-07,2025-01-04,4
35,2024-12-07,2024-12-14,1,121.2503890991211,50.52303695678711,104.29785919189453,121.2503890991211,138.74000549316406,194.24148559570312,log,2024-12-07,2024-12-14,1
35,2024-12-07,2024-12-21,2,141.2420196533203,43.25244140625,107.84135437011719,141.2420196533203,196.3716583251953,331.7284851074219,log,2024-12-07,2024-12-21,2
35,2024-12-07,2024-12-28,3,180.8043975830078,57.318668365478516,120.8817138671875,180.8043975830078,206.50460815429688,429.35028076171875,log,2024-12-07,2024-12-28,3
35,2024-12-07,2025-01-04,4,162.34130859375,37.755496978759766,127.13514709472656,162.34130859375,175.27053833007812,448.8492126464844,log,2024-12-07,2025-01-04,4
36,2024-12-07,2024-12-14,1,345.7236022949219,110.5134506225586,328.60687255859375,345.7236022949219,398.5057678222656,529.339111328125,log,2024-12-07,2024-12-14,1
36,2024-12-07,2024-12-21,2,422.5744934082031,106.67610168457031,409.87835693359375,422.5744934082031,481.0420837402344,767.7841186523438,log,2024-12-07,2024-12-21,2
36,2024-12-07,2024-12-28,3,668.657470703125,115.34904479980469,652.5917358398438,668.657470703125,693.6024780273438,910.9743041992188,log,2024-12-07,2024-12-28,3
36,2024-12-07,2025-01-04,4,716.0138549804688,87.63565826416016,679.6640625,716.0138549804688,762.2631225585938,889.917724609375,log,2024-12-07,2025-01-04,4
37,2024-12-07,2024-12-14,1,94.68443298339844,45.1046257019043,82.1113510131836,94.68443298339844,96.71784210205078,123.30985260009766,log,2024-12-07,2024-12-14,1
37,2024-12-07,2024-12-21,2,151.45068359375,40.35062789916992,147.5520782470703,151.45068359375,152.05604553222656,176.97311401367188,log,2024-12-07,2024-12-21,2
37,2024-12-07,2024-12-28,3,235.42724609375,50.372161865234375,211.20555114746094,235.42724609375,236.35928344726562,272.6199645996094,log,2024-12-07,2024-12-28,3
37,2024-12-07,2025-01-04,4,270.3952331542969,45.2293586730957,241.5565185546875,270.3952331542969,277.04229736328125,363.0345458984375,log,2024-12-07,2025-01-04,4
38,2024-12-07,2024-12-14,1,3.8757848739624023,0.6,2.1508517265319824,3.8757848739624023,6.750498294830322,8.698548316955566,log,2024-12-07,2024-12-14,1
38,2024-12-07,2024-12-21,2,6.914924621582031,0.26806020736694336,5.11513614654541,6.914924621582031,10.076985359191895,13.554914474487305,log,2024-12-07,2024-12-21,2
38,2024-12-07,2024-12-28,3,11.492778778076172,0.7306471467018127,10.321606636047363,11.492778778076172,19.874746322631836,20.44384765625,log,2024-12-07,2024-12-28,3
38,2024-12-07,2025-01-04,4,17.45269203186035,1.05685555934906,12.069512367248535,17.45269203186035,29.600772857666016,31.288671493530273,log,2024-12-07,2025-01-04,4
39,2024-12-07,2024-12-14,1,138.3902130126953,55.40325927734375,111.99117279052734,138.3902130126953,141.2321319580078,161.1486358642578,log,2024-12-07,2024-12-14,1
39,2024-12-07,2024-12-21,2,177.2212677001953,46.47776412963867,162.26148986816406,177.2212677001953,185.1304168701172,251.77090454101562,log,2024-12-07,2024-12-21,2
39,2024-12-07,2024-12-28,3,275.5047912597656,63.7735595703125,199.29501342773438,275.5047912597656,300.82904052734375,411.3248291015625,log,2024-12-07,2024-12-28,3
39,2024-12-07,2025-01-04,4,290.1863708496094,49.22590255737305,255.56507873535156,290.1863708496094,323.726806640625,549.651123046875,log,2024-12-07,2025-01-04,4
40,2024-12-07,2024-12-14,1,54.27499008178711,25.579599380493164,52.37240982055664,54.27499008178711,72.6337661743164,97.50727081298828,log,2024-12-07,2024-12-14,1
40,2024-12-07,2024-12-21,2,87.60371398925781,26.469158172607422,68.53298950195312,87.60371398925781,108.28208923339844,133.27256774902344,log,2024-12-07,2024-12-21,2
40,2024-12-07,2024-12-28,3,114.7220458984375,27.883150100708008,86.59508514404297,114.7220458984375,158.52342224121094,199.68057250976562,log,2024-12-07,2024-12-28,3
40,2024-12-07,2025-01-04,4,127.15444946289062,32.80094528198242,88.0115966796875,127.15444946289062,186.43556213378906,230.99191284179688,log,2024-12-07,2025-01-04,4
41,2024-12-07,2024-12-14,1,140.62445068359375,79.07835388183594,126.10356140136719,140.62445068359375,177.51776123046875,219.90994262695312,log,2024-12-07,2024-12-14,1
41,2024-12-07,2024-12-21,2,177.18446350097656,68.59093475341797,160.22845458984375,177.18446350097656,266.41644287109375,380.5163879394531,log,2024-12-07,2024-12-21,2
41,2024-12-07,2024-12-28,3,198.56532287597656,71.15941619873047,150.82882690429688,198.56532287597656,284.50408935546875,453.495849609375,log,2024-12-07,2024-12-28,3
41,2024-12-07,2025-01-04,4,189.773193359375,44.571990966796875,170.13009643554688,189.773193359375,255.93260192871094,447.5158996582031,log,2024-12-07,2025-01-04,4
42,2024-12-07,2024-12-14,1,251.46975708007812,141.7039337158203,193.47010803222656,251.46975708007812,288.3287048339844,320.5552978515625,log,2024-12-07,2024-12-14,1
42,2024-12-07,2024-12-21,2,278.04229736328125,118.43019104003906,238.91099548339844,278.04229736328125,310.8056640625,413.8414611816406,log,2024-12-07,2024-12-21,2
42,2024-12-07,2024-12-28,3,440.9210205078125,113.78459167480469,331.3297119140625,440.9210205078125,498.54083251953125,623.8355712890625,log,2024-12-07,2024-12-28,3
42,2024-12-07,2025-01-04,4,509.7259521484375,89.63264465332031,337.38262939453125,509.7259521484375,604.0390625,883.1051025390625,log,2024-12-07,2025-01-04,4
44,2024-12-07,2024-12-14,1,12.358846664428711,3.0,8.616479873657227,12.358846664428711,16.79069709777832,19.565818786621094,log,2024-12-07,2024-12-14,1
44,2024-12-07,2024-12-21,2,20.39663314819336,2.6121413707733154,17.884029388427734,20.39663314819336,32.90514373779297,34.535579681396484,log,2024-12-07,2024-12-21,2
44,2024-12-07,2024-12-28,3,26.704872131347656,2.2797327041625977,22.134389877319336,26.704872131347656,46.4905891418457,52.27312088012695,log,2024-12-07,2024-12-28,3
44,2024-12-07,2025-01-04,4,28.53720474243164,2.429020881652832,21.93323516845703,28.53720474243164,43.91204833984375,60.323829650878906,log,2024-12-07,2025-01-04,4
45,2024-12-07,2024-12-14,1,56.988216400146484,23.68796730041504,48.91804122924805,56.988216400146484,68.8905258178711,86.73428344726562,log,2024-12-07,2024-12-14,1
45,2024-12-07,2024-12-21,2,88.66939544677734,23.54131317138672,59.009361267089844,88.66939544677734,110.87956237792969,129.21815490722656,log,2024-12-07,2024-12-21,2
45,2024-12-07,2024-12-28,3,131.72470092773438,23.307592391967773,89.57626342773438,131.72470092773438,132.53013610839844,204.2364959716797,log,2024-12-07,2024-12-28,3
45,2024-12-07,2025-01-04,4,135.4475555419922,30.780799865722656,116.69021606445312,135.4475555419922,188.13015747070312,340.3072814941406,log,2024-12-07,2025-01-04,4
46,2024-12-07,2024-12-14,1,4.012689590454102,0.3,2.570082902908325,4.012689590454102,5.7224273681640625,8.173517227172852,log,2024-12-07,2024-12-14,1
46,2024-12-07,2024-12-21,2,6.136544227600098,0.3519790768623352,3.8960697650909424,6.136544227600098,10.867207527160645,13.875894546508789,log,2024-12-07,2024-12-21,2
46,2024-12-07,2024-12-28,3,15.1090087890625,0.7694363594055176,9.702128410339355,15.1090087890625,19.376949310302734,20.737529754638672,log,2024-12-07,2024-12-28,3
46,2024-12-07,2025-01-04,4,18.978078842163086,0.8052917122840881,10.54239559173584,18.978078842163086,26.911535263061523,32.2609748840332,log,2024-12-07,2025-01-04,4
47,2024-12-07,2024-12-14,1,104.92811584472656,59.753135681152344,84.14725494384766,104.92811584472656,121.54267120361328,126.9330062866211,log,2024-12-07,2024-12-14,1
47,2024-12-07,2024-12-21,2,125.73517608642578,46.942630767822266,121.6671371459961,125.73517608642578,146.7823944091797,152.5130157470703,log,2024-12-07,2024-12-21,2
47,2024-12-07,2024-12-28,3,205.80555725097656,63.0384635925293,141.65528869628906,205.80555725097656,211.37054443359375,229.37176513671875,log,2024-12-07,2024-12-28,3
47,2024-12-07,2025-01-04,4,244.07388305664062,54.05481719970703,180.51535034179688,244.07388305664062,256.4977722167969,284.51702880859375,log,2024-12-07,2025-01-04,4
48,2024-12-07,2024-12-14,1,665.7916870117188,177.02752685546875,650.5445556640625,665.7916870117188,684.8629150390625,937.2389526367188,log,2024-12-07,2024-12-14,1
48,2024-12-07,2024-12-21,2,845.303955078125,148.6552276611328,772.5770874023438,845.303955078125,852.7098388671875,1179.0867919921875,log,2024-12-07,2024-12-21,2
48,2024-12-07,2024-12-28,3,1041.4931640625,134.05113220214844,938.28369140625,1041.4931640625,1107.8480224609375,1205.4161376953125,log,2024-12-07,2024-12-28,3
48,2024-12-07,2025-01-04,4,1057.369384765625,98.24252319335938,960.8200073242188,1057.369384765625,1142.0128173828125,1196.2640380859375,log,2024-12-07,2025-01-04,4
49,2024-12-07,2024-12-14,1,72.8805923461914,19.457677841186523,57.05782699584961,72.8805923461914,90.1079330444336,121.04530334472656,log,2024-12-07,2024-12-14,1
49,2024-12-07,2024-12-21,2,80.23707580566406,25.629398345947266,73.19490051269531,80.23707580566406,114.31668090820312,203.29515075683594,log,2024-12-07,2024-12-21,2
49,2024-12-07,2024-12-28,3,100.1499252319336,17.9219913482666,92.93898010253906,100.1499252319336,126.3937759399414,269.0936279296875,log,2024-12-07,2024-12-28,3
49,2024-12-07,2025-01-04,4,105.06852722167969,17.514280319213867,80.07133483886719,105.06852722167969,156.52792358398438,299.79815673828125,log,2024-12-07,2025-01-04,4
50,2024-12-07,2024-12-14,1,2.395261526107788,0.1201496422290802,1.1298967599868774,2.395261526107788,3.892988920211792,6.306822776794434,log,2024-12-07,2024-12-14,1
50,2024-12-07,2024-12-21,2,4.344451427459717,0.034242648631334305,3.4070234298706055,4.344451427459717,6.595217227935791,10.931164741516113,log,2024-12-07,2024-12-21,2
50,2024-12-07,2024-12-28,3,6.9799580574035645,0.6048128604888916,6.205027103424072,6.9799580574035645,11.733224868774414,16.435741424560547,log,2024-12-07,2024-12-28,3
50,2024-12-07,2025-01-04,4,11.392007827758789,0.4725380539894104,8.87331771850586,11.392007827758789,19.5841007232666,25.126937866210938,log,2024-12-07,2025-01-04,4
51,2024-12-07,2024-12-14,1,96.55601501464844,42.84083557128906,86.1592788696289,96.55601501464844,102.22566986083984,143.1284637451172,log,2024-12-07,2024-12-14,1
51,2024-12-07,2024-12-21,2,142.04148864746094,42.01454162597656,137.3633270263672,142.04148864746094,157.41278076171875,180.35433959960938,log,2024-12-07,2024-12-21,2
51,2024-12-07,2024-12-28,3,201.90122985839844,54.03922653198242,187.7487030029297,201.90122985839844,260.0881042480469,303.3573913574219,log,2024-12-07,2024-12-28,3
51,2024-12-07,2025-01-04,4,230.3621063232422,45.2293586730957,226.63792419433594,230.3621063232422,285.5548400878906,397.6178894042969,log,2024-12-07,2025-01-04,4
53,2024-12-07,2024-12-14,1,112.88693237304688,40.49773406982422,99.95184326171875,112.88693237304688,114.16034698486328,156.951171875,log,2024-12-07,2024-12-14,1
53,2024-12-07,2024-12-21,2,144.58950805664062,39.629852294921875,138.0186309814453,144.58950805664062,171.1527557373047,240.12738037109375,log,2024-12-07,2024-12-21,2
53,2024-12-07,2024-12-28,3,229.7478790283203,50.822628021240234,174.28334045410156,229.7478790283203,269.50970458984375,418.3101806640625,log,2024-12-07,2024-12-28,3
53,2024-12-07,2025-01-04,4,272.09857177734375,42.5764045715332,222.78504943847656,272.09857177734375,312.2334289550781,462.28851318359375,log,2024-12-07,2025-01-04,4
54,2024-12-07,2024-12-14,1,13.639466285705566,3.9,8.168201446533203,13.639466285705566,21.463022232055664,29.490819931030273,log,2024-12-07,2024-12-14,1
54,2024-12-07,2024-12-21,2,24.10901641845703,3.2590184211730957,17.012245178222656,24.10901641845703,34.5793571472168,41.57645034790039,log,2024-12-07,2024-12-21,2
54,2024-12-07,2024-12-28,3,45.656959533691406,4.748830318450928,21.967082977294922,45.656959533691406,48.97138977050781,63.319305419921875,log,2024-12-07,2024-12-28,3
54,2024-12-07,2025-01-04,4,50.63787078857422,3.793755531311035,27.301210403442383,50.63787078857422,67.42430114746094,74.36294555664062,log,2024-12-07,2025-01-04,4
55,2024-12-07,2024-12-14,1,36.55601501464844,9.886083602905273,25.870248794555664,36.55601501464844,43.56951904296875,53.99150848388672,log,2024-12-07,2024-12-14,1
55,2024-12-07,2024-12-21,2,45.50389099121094,10.408580780029297,36.1242790222168,45.50389099121094,62.88087844848633,81.70624542236328,log,2024-12-07,2024-12-21,2
55,2024-12-07,2024-12-28,3,88.43248748779297,16.328807830810547,55.226139068603516,88.43248748779297,92.91690063476562,129.38038635253906,log,2024-12-07,2024-12-28,3
55,2024-12-07,2025-01-04,4,94.61980438232422,16.575050354003906,82.0827407836914,94.61980438232422,126.3638916015625,195.95713806152344,log,2024-12-07,2025-01-04,4
56,2024-12-07,2024-12-14,1,8.064945220947266,1.685573935508728,5.658810615539551,8.064945220947266,11.708521842956543,18.443620681762695,log,2024-12-07,2024-12-14,1
56,2024-12-07,2024-12-21,2,10.91055965423584,2.873363971710205,8.276674270629883,10.91055965423584,19.97841453552246,28.673892974853516,log,2024-12-07,2024-12-21,2
56,2024-12-07,2024-12-28,3,18.812170028686523,3.6440632343292236,12.785021781921387,18.812170028686523,27.51555633544922,40.80227279663086,log,2024-12-07,2024-12-28,3
56,2024-12-07,2025-01-04,4,26.107297897338867,3.5992228984832764,12.964524269104004,26.107297897338867,38.19544219970703,52.02806854248047,log,2024-12-07,2025-01-04,4
72,2024-12-07,2024-12-14,1,434.0190734863281,177.96368408203125,359.6663513183594,434.0190734863281,525.6520385742188,792.2068481445312,log,2024-12-07,2024-12-14,1
72,2024-12-07,2024-12-21,2,292.66558837890625,148.6552276611328,240.28012084960938,292.66558837890625,445.4306335449219,795.5700073242188,log,2024-12-07,2024-12-21,2
72,2024-12-07,2024-12-28,3,247.75132751464844,127.66622161865234,176.6040802001953,247.75132751464844,332.156494140625,672.407470703125,log,2024-12-07,2024-12-28,3
72,2024-12-07,2025-01-04,4,178.91360473632812,74.41265869140625,150.75173950195312,178.91360473632812,247.91970825195312,559.2090454101562,log,2024-12-07,2025-01-04,4
US,2024-12-07,2024-12-14,1,1955.1,1955.1,1955.1,1955.1,1955.1,2024.5797119140625,log,2024-12-07,2024-12-14,1
US,2024-12-07,2024-12-21,2,1712.4044189453125,557.2035,1585.9190673828125,1712.4044189453125,1720.8526611328125,2056.50732421875,log,2024-12-07,2024-12-21,2
US,2024-12-07,2024-12-28,3,1725.7391357421875,150.444945,1508.702392578125,1725.7391357421875,1882.2437744140625,2104.006591796875,log,2024-12-07,2024-12-28,3
US,2024-12-07,2025-01-04,4,1714.928466796875,98.24252319335938,1461.79052734375,1714.928466796875,2010.2047119140625,2062.90625,log,2024-12-07,2025-01-04,4
01,2024-12-14,2024-12-21,1,264.2057189941406,108.4030532836914,215.37545776367188,264.2057189941406,292.7769470214844,437.8243713378906,log,2024-12-14,2024-12-21,1
01,2024-12-14,2024-12-28,2,400.94989013671875,78.78540802001953,279.0596618652344,400.94989013671875,439.6082763671875,533.6005859375,log,2024-12-14,2024-12-28,2
01,2024-12-14,2025-01-04,3,397.4111328125,82.54480743408203,304.298828125,397.4111328125,433.5608825683594,573.8846435546875,log,2024-12-14,2025-01-04,3
01,2024-12-14,2025-01-11,4,265.83013916015625,78.47833251953125,238.99566650390625,265.83013916015625,297.9132385253906,464.681640625,log,2024-12-14,2025-01-11,4
02,2024-12-14,2024-12-21,1,30.955232620239258,11.2161226272583,24.738508224487305,30.955232620239258,38.03892135620117,57.83865737915039,log,2024-12-14,2024-12-21,1
02,2024-12-14,2024-12-28,2,45.618431091308594,9.229194641113281,26.295169830322266,45.618431091308594,75.84315490722656,81.40674591064453,log,2024-12-14,2024-12-28,2
02,2024-12-14,2025-01-04,3,49.03191375732422,8.690714836120605,27.48456573486328,49.03191375732422,65.9913558959961,109.85037994384766,log,2024-12-14,2025-01-04,3
02,2024-12-14,2025-01-11,4,44.78153991699219,10.224388122558594,25.89339828491211,44.78153991699219,51.22333526611328,202.21630859375,log,2024-12-14,2025-01-11,4
04,2024-12-14,2024-12-21,1,1129.696533203125,306.9,1103.46923828125,1129.696533203125,1160.3404541015625,1525.2125244140625,log,2024-12-14,2024-12-21,1
04,2024-12-14,2024-12-28,2,935.8619995117188,112.25467681884766,933.2098999023438,935.8619995117188,1237.884765625,1554.866943359375,log,2024-12-14,2024-12-28,2
04,2024-12-14,2025-01-04,3,998.1030883789062,145.09544372558594,653.176025390625,998.1030883789062,1210.5382080078125,1268.422607421875,log,2024-12-14,2025-01-04,3
04,2024-12-14,2025-01-11,4,629.2261962890625,86.63239288330078,490.666259765625,629.2261962890625,920.0443115234375,932.9342041015625,log,2024-12-14,2025-01-11,4
05,2024-12-14,2024-12-21,1,67.35115814208984,25.956790924072266,50.43693542480469,67.35115814208984,83.6153793334961,92.74160766601562,log,2024-12-14,2024-12-21,1
05,2024-12-14,2024-12-28,2,104.9326171875,20.540082931518555,78.86080932617188,104.9326171875,141.3476104736328,145.5331573486328,log,2024-12-14,2024-12-28,2
05,2024-12-14,2025-01-04,3,148.32896423339844,32.85176086425781,79.52735900878906,148.32896423339844,167.09117126464844,195.4341583251953,log,2024-12-14,2025-01-04,3
05,2024-12-14,2025-01-11,4,114.18132781982422,20.526288986206055,63.69808578491211,114.18132781982422,134.26490783691406,306.8052978515625,log,2024-12-14,2025-01-11,4
06,2024-12-14,2024-12-21,1,1669.506591796875,456.3,1450.256103515625,1669.506591796875,1846.365478515625,2056.119873046875,log,2024-12-14,2024-12-21,1
06,2024-12-14,2024-12-28,2,1909.746337890625,130.0455,1634.2779541015625,1909.746337890625,1926.7574462890625,2219.217529296875,log,2024-12-14,2024-12-28,2
06,2024-12-14,2025-01-04,3,1539.6968994140625,149.75328063964844,1536.658447265625,1539.6968994140625,1726.1326904296875,1928.1119384765625,log,2024-12-14,2025-01-04,3
06,2024-12-14,2025-01-11,4,1126.9334716796875,93.54582977294922,1065.8284912109375,1126.9334716796875,1360.1328125,1588.033203125,log,2024-12-14,2025-01-11,4
08,2024-12-14,2024-12-21,1,183.44107055664062,95.15196228027344,165.87232971191406,183.44107055664062,207.16702270507812,282.26336669921875,log,2024-12-14,2024-12-21,1
08,2024-12-14,2024-12-28,2,304.2716064453125,74.43498992919922,231.94920349121094,304.2716064453125,351.0289001464844,377.3800964355469,log,2024-12-14,2024-12-28,2
08,2024-12-14,2025-01-04,3,402.63775634765625,81.08833312988281,303.6097106933594,402.63775634765625,418.0041809082031,456.78887939453125,log,2024-12-14,2025-01-04,3
08,2024-12-14,2025-01-11,4,321.5337829589844,76.80569458007812,263.2467346191406,321.5337829589844,325.3441162109375,453.63739013671875,log,2024-12-14,2025-01-11,4
09,2024-12-14,2024-12-21,1,34.858882904052734,9.138484954833984,25.215391159057617,34.858882904052734,53.532958984375,56.39535903930664,log,2024-12-14,2024-12-21,1
09,2024-12-14,2024-12-28,2,62.015254974365234,9.021302223205566,38.50267791748047,62.015254974365234,80.47150421142578,84.68659973144531,log,2024-12-14,2024-12-28,2
09,2024-12-14,2025-01-04,3,92.35054016113281,16.36277198791504,50.96224594116211,92.35054016113281,110.33301544189453,116.55342864990234,log,2024-12-14,2025-01-04,3
09,2024-12-14,2025-01-11,4,101.23382568359375,17.15114402770996,79.94706726074219,101.23382568359375,119.1817626953125,187.6302947998047,log,2024-12-14,2025-01-11,4
10,2024-12-14,2024-12-21,1,24.59048080444336,7.441013813018799,15.886089324951172,24.59048080444336,31.215974807739258,35.52336120605469,log,2024-12-14,2024-12-21,1
10,2024-12-14,2024-12-28,2,37.569793701171875,8.202338218688965,28.33573341369629,37.569793701171875,47.41926956176758,52.44112014770508,log,2024-12-14,2024-12-28,2
10,2024-12-14,2025-01-04,3,49.66530990600586,8.744261741638184,26.345964431762695,49.66530990600586,54.35448455810547,68.9439697265625,log,2024-12-14,2025-01-04,3
10,2024-12-14,2025-01-11,4,35.90150451660156,8.855925559997559,26.489238739013672,35.90150451660156,44.986446380615234,95.91343688964844,log,2024-12-14,2025-01-11,4
11,2024-12-14,2024-12-21,1,8.066458702087402,1.4405077695846558,4.658847332000732,8.066458702087402,12.070696830749512,16.287689208984375,log,2024-12-14,2024-12-21,1
11,2024-12-14,2024-12-28,2,15.088074684143066,0.9614574909210205,9.641729354858398,15.088074684143066,18.53980827331543,27.940534591674805,log,2024-12-14,2024-12-28,2
11,2024-12-14,2025-01-04,3,21.48577880859375,1.6990145444869995,11.030061721801758,21.48577880859375,30.718900680541992,43.009193420410156,log,2024-12-14,2025-01-04,3
11,2024-12-14,2025-01-11,4,30.754016876220703,2.066699504852295,17.834272384643555,30.754016876220703,38.5748291015625,52.184364318847656,log,2024-12-14,2025-01-11,4
12,2024-12-14,2024-12-21,1,1160.27001953125,267.3,1095.851806640625,1160.27001953125,1222.41064453125,1422.7564697265625,log,2024-12-14,2024-12-21,1
12,2024-12-14,2024-12-28,2,1387.0323486328125,112.25467681884766,1197.64013671875,1387.0323486328125,1598.4906005859375,1752.0909423828125,log,2024-12-14,2024-12-28,2
12,2024-12-14,2025-01-04,3,1421.8253173828125,153.12008666992188,1102.8763427734375,1421.8253173828125,1533.28564453125,1604.867919921875,log,2024-12-14,2025-01-04,3
12,2024-12-14,2025-01-11,4,1088.509765625,96.43328094482422,996.741943359375,1088.509765625,1160.29052734375,1163.092041015625,log,2024-12-14,2025-01-11,4
13,2024-12-14,2024-12-21,1,294.42333984375,96.2867660522461,227.61868286132812,294.42333984375,324.80987548828125,446.96533203125,log,2024-12-14,2024-12-21,1
13,2024-12-14,2024-12-28,2,440.6328430175781,76.1978530883789,374.5655212402344,440.6328430175781,487.0136413574219,618.998779296875,log,2024-12-14,2024-12-28,2
13,2024-12-14,2025-01-04,3,593.9151000976562,86.39424133300781,410.2923583984375,593.9151000976562,609.6553344726562,646.8060302734375,log,2024-12-14,2025-01-04,3
13,2024-12-14,2025-01-11,4,422.9970397949219,78.47833251953125,369.3437194824219,422.9970397949219,488.4842224121094,535.7699584960938,log,2024-12-14,2025-01-11,4
15,2024-12-14,2024-12-21,1,42.81751251220703,15.784063339233398,33.98210906982422,42.81751251220703,53.64393615722656,78.1794662475586,log,2024-12-14,2024-12-21,1
15,2024-12-14,2024-12-28,2,59.854148864746094,12.207901954650879,40.410091400146484,59.854148864746094,95.03736114501953,97.59354400634766,log,2024-12-14,2024-12-28,2
15,2024-12-14,2025-01-04,3,83.3461685180664,14.994675636291504,49.20001983642578,83.3461685180664,88.84675598144531,140.038818359375,log,2024-12-14,2025-01-04,3
15,2024-12-14,2025-01-11,4,59.59282684326172,16.66216278076172,43.900657653808594,59.59282684326172,67.4231948852539,250.15687561035156,log,2024-12-14,2025-01-11,4
16,2024-12-14,2024-12-21,1,152.71583557128906,77.68531799316406,139.8368682861328,152.71583557128906,161.25961303710938,235.07261657714844,log,2024-12-14,2024-12-21,1
16,2024-12-14,2024-12-28,2,168.17283630371094,65.02487182617188,153.94146728515625,168.17283630371094,245.59002685546875,347.84429931640625,log,2024-12-14,2024-12-28,2
16,2024-12-14,2025-01-04,3,204.24598693847656,70.75422668457031,135.07693481445312,204.24598693847656,250.47695922851562,370.914306640625,log,2024-12-14,2025-01-04,3
16,2024-12-14,2025-01-11,4,126.2253189086914,63.69200897216797,125.65397644042969,126.2253189086914,130.20668029785156,360.49176025390625,log,2024-12-14,2025-01-11,4
17,2024-12-14,2024-12-21,1,386.79132080078125,129.76654052734375,329.9767761230469,386.79132080078125,404.55023193359375,494.9500732421875,log,2024-12-14,2024-12-21,1
17,2024-12-14,2024-12-28,2,557.5180053710938,100.31858825683594,463.8024597167969,557.5180053710938,620.0184326171875,812.6912841796875,log,2024-12-14,2024-12-28,2
17,2024-12-14,2025-01-04,3,701.3158569335938,128.1772003173828,585.0060424804688,701.3158569335938,726.2439575195312,741.3330078125,log,2024-12-14,2025-01-04,3
17,2024-12-14,2025-01-11,4,527.7515869140625,82.59162902832031,454.5953063964844,527.7515869140625,555.849365234375,659.4058837890625,log,2024-12-14,2025-01-11,4
18,2024-12-14,2024-12-21,1,186.91909790039062,67.17353057861328,149.92510986328125,186.91909790039062,223.5926971435547,355.96112060546875,log,2024-12-14,2024-12-21,1
18,2024-12-14,2024-12-28,2,292.199951171875,54.956695556640625,237.11302185058594,292.199951171875,309.9332580566406,515.19384765625,log,2024-12-14,2024-12-28,2
18,2024-12-14,2025-01-04,3,397.80267333984375,72.69256591796875,321.9305114746094,397.80267333984375,419.6324768066406,540.6326904296875,log,2024-12-14,2025-01-04,3
18,2024-12-14,2025-01-11,4,292.3030090332031,65.19267272949219,246.18795776367188,292.3030090332031,302.8074035644531,507.1403503417969,log,2024-12-14,2025-01-11,4
19,2024-12-14,2024-12-21,1,32.45977783203125,8.096406936645508,24.039915084838867,32.45977783203125,45.11915969848633,55.79960250854492,log,2024-12-14,2024-12-21,1
19,2024-12-14,2024-12-28,2,55.824363708496094,8.887322425842285,42.09676742553711,55.824363708496094,81.95471954345703,83.76953125,log,2024-12-14,2024-12-28,2
19,2024-12-14,2025-01-04,3,79.74295043945312,14.585830688476562,47.313350677490234,79.74295043945312,103.01171875,122.81470489501953,log,2024-12-14,2025-01-04,3
19,2024-12-14,2025-01-11,4,88.98635864257812,13.675376892089844,58.13675308227539,88.98635864257812,94.26832580566406,165.56211853027344,log,2024-12-14,2025-01-11,4
20,2024-12-14,2024-12-21,1,116.0950698852539,40.09524917602539,106.45647430419922,116.0950698852539,140.52792358398438,225.256103515625,log,2024-12-14,2024-12-21,1
20,2024-12-14,2024-12-28,2,188.14512634277344,34.566043853759766,161.0001678466797,188.14512634277344,199.62879943847656,293.4346618652344,log,2024-12-14,2024-12-28,2
20,2024-12-14,2025-01-04,3,189.68898010253906,41.74714660644531,120.11869812011719,189.68898010253906,210.2715301513672,336.2704772949219,log,2024-12-14,2025-01-04,3
20,2024-12-14,2025-01-11,4,156.18907165527344,27.089244842529297,93.7454833984375,156.18907165527344,168.73764038085938,435.6400451660156,log,2024-12-14,2025-01-11,4
21,2024-12-14,2024-12-21,1,141.32568359375,51.40818786621094,111.21391296386719,141.32568359375,147.52317810058594,188.7364501953125,log,2024-12-14,2024-12-21,1
21,2024-12-14,2024-12-28,2,191.67337036132812,39.93953323364258,164.55538940429688,191.67337036132812,210.50125122070312,283.01141357421875,log,2024-12-14,2024-12-28,2
21,2024-12-14,2025-01-04,3,245.63095092773438,52.6366081237793,176.27935791015625,245.63095092773438,254.4211883544922,344.16571044921875,log,2024-12-14,2025-01-04,3
21,2024-12-14,2025-01-11,4,180.2896728515625,40.73824691772461,164.39309692382812,180.2896728515625,199.8050994873047,398.0533752441406,log,2024-12-14,2025-01-11,4
22,2024-12-14,2024-12-21,1,386.9187316894531,130.3611297607422,311.7759704589844,386.9187316894531,387.30645751953125,509.68359375,log,2024-12-14,2024-12-21,1
22,2024-12-14,2024-12-28,2,504.32733154296875,93.8702621459961,365.65673828125,504.32733154296875,515.4134521484375,631.7398681640625,log,2024-12-14,2024-12-28,2
22,2024-12-14,2025-01-04,3,443.2264404296875,132.9834747314453,300.535888671875,443.2264404296875,505.7014465332031,565.551025390625,log,2024-12-14,2025-01-04,3
22,2024-12-14,2025-01-11,4,271.8924865722656,87.3442153930664,242.52328491210938,271.8924865722656,281.8820495605469,456.8901672363281,log,2024-12-14,2025-01-11,4
23,2024-12-14,2024-12-21,1,4.435367584228516,0.6,2.523516893386841,4.435367584228516,7.029839038848877,8.80727767944336,log,2024-12-14,2024-12-21,1
23,2024-12-14,2024-12-28,2,9.11946964263916,0.263259619474411,5.952902793884277,9.11946964263916,12.275105476379395,14.855647087097168,log,2024-12-14,2024-12-28,2
23,2024-12-14,2025-01-04,3,13.270024299621582,0.8368304967880249,11.362096786499023,13.270024299621582,23.27906036376953,24.545455932617188,log,2024-12-14,2025-01-04,3
23,2024-12-14,2025-01-11,4,23.000423431396484,1.2654322385787964,13.104009628295898,23.000423431396484,29.722562789916992,35.0560417175293,log,2024-12-14,2025-01-11,4
24,2024-12-14,2024-12-21,1,114.59773254394531,38.45051574707031,100.51464080810547,114.59773254394531,138.8777313232422,170.7930908203125,log,2024-12-14,2024-12-21,1
24,2024-12-14,2024-12-28,2,176.71286010742188,33.93637466430664,174.10707092285156,176.71286010742188,205.9354705810547,275.54779052734375,log,2024-12-14,2024-12-28,2
24,2024-12-14,2025-01-04,3,235.28468322753906,47.926448822021484,165.6878204345703,235.28468322753906,317.1696472167969,372.7235107421875,log,2024-12-14,2025-01-04,3
24,2024-12-14,2025-01-11,4,242.45338439941406,37.14105987548828,184.95494079589844,242.45338439941406,243.5077667236328,409.5248718261719,log,2024-12-14,2025-01-11,4
25,2024-12-14,2024-12-21,1,197.9291534423828,104.71346282958984,191.49107360839844,197.9291534423828,218.13124084472656,288.7994079589844,log,2024-12-14,2024-12-21,1
25,2024-12-14,2024-12-28,2,344.4713439941406,75.77550506591797,321.0008850097656,344.4713439941406,359.0937805175781,429.1978454589844,log,2024-12-14,2024-12-28,2
25,2024-12-14,2025-01-04,3,452.2049560546875,80.79949951171875,359.7227478027344,452.2049560546875,481.3313293457031,488.1566162109375,log,2024-12-14,2025-01-04,3
25,2024-12-14,2025-01-11,4,320.8092956542969,76.80569458007812,304.58648681640625,320.8092956542969,381.86114501953125,474.1936950683594,log,2024-12-14,2025-01-11,4
26,2024-12-14,2024-12-21,1,265.4525146484375,114.6284408569336,209.63990783691406,265.4525146484375,276.5970458984375,386.1917419433594,log,2024-12-14,2024-12-21,1
26,2024-12-14,2024-12-28,2,412.7793884277344,79.34931182861328,342.44122314453125,412.7793884277344,435.8485107421875,509.7181701660156,log,2024-12-14,2024-12-28,2
26,2024-12-14,2025-01-04,3,541.5855102539062,96.09591674804688,414.8602600097656,541.5855102539062,661.7197265625,694.5,log,2024-12-14,2025-01-04,3
26,2024-12-14,2025-01-11,4,452.1256408691406,78.47833251953125,320.06072998046875,452.1256408691406,490.58984375,606.52587890625,log,2024-12-14,2025-01-11,4
27,2024-12-14,2024-12-21,1,112.64482116699219,28.40020751953125,85.41796875,112.64482116699219,134.30264282226562,249.16064453125,log,2024-12-14,2024-12-21,1
27,2024-12-14,2024-12-28,2,197.9092254638672,27.2322940826416,162.1592254638672,197.9092254638672,264.8446044921875,311.673828125,log,2024-12-14,2024-12-28,2
27,2024-12-14,2025-01-04,3,233.6573944091797,39.538597106933594,169.8303985595703,233.6573944091797,289.2395935058594,423.44268798828125,log,2024-12-14,2025-01-04,3
27,2024-12-14,2025-01-11,4,213.26441955566406,28.738712310791016,174.327392578125,213.26441955566406,249.27113342285156,481.9455871582031,log,2024-12-14,2025-01-11,4
28,2024-12-14,2024-12-21,1,87.73605346679688,43.22324752807617,79.56277465820312,87.73605346679688,102.49689483642578,122.60340881347656,log,2024-12-14,2024-12-21,1
28,2024-12-14,2024-12-28,2,126.91989135742188,36.10260009765625,115.85594940185547,126.91989135742188,156.1973114013672,169.50991821289062,log,2024-12-14,2024-12-28,2
28,2024-12-14,2025-01-04,3,179.5532684326172,50.06678771972656,152.84364318847656,179.5532684326172,187.41940307617188,214.7403106689453,log,2024-12-14,2025-01-04,3
28,2024-12-14,2025-01-11,4,149.33863830566406,45.86376190185547,112.95233154296875,149.33863830566406,177.11770629882812,286.1053466796875,log,2024-12-14,2025-01-11,4
29,2024-12-14,2024-12-21,1,144.35824584960938,56.07601547241211,131.67002868652344,144.35824584960938,157.35855102539062,177.67897033691406,log,2024-12-14,2024-12-21,1
29,2024-12-14,2024-12-28,2,202.4105987548828,42.184051513671875,182.8349609375,202.4105987548828,239.96910095214844,293.77899169921875,log,2024-12-14,2024-12-28,2
29,2024-12-14,2025-01-04,3,247.2825469970703,57.08989334106445,199.41720581054688,247.2825469970703,280.7700500488281,383.8116455078125,log,2024-12-14,2025-01-04,3
29,2024-12-14,2025-01-11,4,201.39219665527344,48.53060531616211,187.124755859375,201.39219665527344,229.77108764648438,408.5502014160156,log,2024-12-14,2025-01-11,4
30,2024-12-14,2024-12-21,1,8.643682479858398,1.7999999999999998,5.317980766296387,8.643682479858398,10.045905113220215,11.948384284973145,log,2024-12-14,2024-12-21,1
30,2024-12-14,2024-12-28,2,17.8903751373291,1.185247778892517,13.517308235168457,17.8903751373291,20.812267303466797,26.398283004760742,log,2024-12-14,2024-12-28,2
30,2024-12-14,2025-01-04,3,31.238948822021484,2.3473894596099854,17.319231033325195,31.238948822021484,34.738887786865234,37.00166702270508,log,2024-12-14,2025-01-04,3
30,2024-12-14,2025-01-11,4,33.5189323425293,2.2224531173706055,18.160188674926758,33.5189323425293,41.09286117553711,42.57786178588867,log,2024-12-14,2025-01-11,4
31,2024-12-14,2024-12-21,1,27.26149559020996,6.918149948120117,19.46444320678711,27.26149559020996,40.01213073730469,41.39116287231445,log,2024-12-14,2024-12-21,1
31,2024-12-14,2024-12-28,2,46.21510696411133,7.975353717803955,28.86420440673828,46.21510696411133,65.80786895751953,67.37622833251953,log,2024-12-14,2024-12-28,2
31,2024-12-14,2025-01-04,3,64.03826904296875,10.170575141906738,34.10490417480469,64.03826904296875,82.20120239257812,88.1816177368164,log,2024-12-14,2025-01-04,3
31,2024-12-14,2025-01-11,4,47.06785583496094,9.156486511230469,31.736894607543945,47.06785583496094,62.26958084106445,109.08827209472656,log,2024-12-14,2025-01-11,4
32,2024-12-14,2024-12-21,1,167.1815185546875,98.33413696289062,159.9648895263672,167.1815185546875,170.50645446777344,232.473876953125,log,2024-12-14,2024-12-21,1
32,2024-12-14,2024-12-28,2,216.43911743164062,67.14054107666016,188.5648956298828,216.43911743164062,238.5589141845703,278.7740173339844,log,2024-12-14,2024-12-28,2
32,2024-12-14,2025-01-04,3,236.2702178955078,76.8125991821289,178.60623168945312,236.2702178955078,262.7823181152344,354.1130065917969,log,2024-12-14,2025-01-04,3
32,2024-12-14,2025-01-11,4,167.04669189453125,67.68506622314453,162.97872924804688,167.04669189453125,185.91246032714844,362.8068542480469,log,2024-12-14,2025-01-11,4
33,2024-12-14,2024-12-21,1,30.821149826049805,13.064606666564941,23.609800338745117,30.821149826049805,34.26401901245117,46.92620849609375,log,2024-12-14,2024-12-21,1
33,2024-12-14,2024-12-28,2,45.44565200805664,11.30094051361084,37.9592170715332,45.44565200805664,60.35603332519531,63.31666946411133,log,2024-12-14,2024-12-28,2
33,2024-12-14,2025-01-04,3,63.25419616699219,15.29665470123291,36.738868713378906,63.25419616699219,71.2900390625,91.37611389160156,log,2024-12-14,2025-01-04,3
33,2024-12-14,2025-01-11,4,48.50592803955078,11.362356185913086,33.9351921081543,48.50592803955078,50.277217864990234,117.58946990966797,log,2024-12-14,2025-01-11,4
34,2024-12-14,2024-12-21,1,279.9212646484375,100.4466552734375,245.49844360351562,279.9212646484375,322.4420166015625,385.9927673339844,log,2024-12-14,2024-12-21,1
34,2024-12-14,2024-12-28,2,431.93170166015625,78.78540802001953,348.7178649902344,431.93170166015625,477.0744323730469,571.7378540039062,log,2024-12-14,2024-12-28,2
34,2024-12-14,2025-01-04,3,547.1860961914062,85.79327392578125,473.0706787109375,547.1860961914062,606.8121337890625,710.0270385742188,log,2024-12-14,2025-01-04,3
34,2024-12-14,2025-01-11,4,443.91265869140625,80.07199096679688,345.2411804199219,443.91265869140625,494.6689758300781,693.5982055664062,log,2024-12-14,2025-01-11,4
35,2024-12-14,2024-12-21,1,141.28964233398438,88.44425964355469,137.12838745117188,141.28964233398438,157.28916931152344,249.1157989501953,log,2024-12-14,2024-12-21,1
35,2024-12-14,2024-12-28,2,179.50927734375,71.78364562988281,164.8350067138672,179.50927734375,232.4392547607422,345.91741943359375,log,2024-12-14,2024-12-28,2
35,2024-12-14,2025-01-04,3,187.75401306152344,74.16154479980469,168.00384521484375,187.75401306152344,253.4543914794922,394.2611083984375,log,2024-12-14,2025-01-04,3
35,2024-12-14,2025-01-11,4,126.68307495117188,65.47002410888672,119.55115509033203,126.68307495117188,138.76646423339844,343.36444091796875,log,2024-12-14,2025-01-11,4
36,2024-12-14,2024-12-21,1,635.702880859375,164.09933471679688,609.953857421875,635.702880859375,700.89404296875,854.5216064453125,log,2024-12-14,2024-12-21,1
36,2024-12-14,2024-12-28,2,956.771484375,112.25467681884766,745.7979736328125,956.771484375,968.9346923828125,1026.228271484375,log,2024-12-14,2024-12-28,2
36,2024-12-14,2025-01-04,3,962.3167724609375,141.4129180908203,852.7855224609375,962.3167724609375,973.6181640625,1043.9681396484375,log,2024-12-14,2025-01-04,3
36,2024-12-14,2025-01-11,4,638.4658813476562,88.53980255126953,632.5347900390625,638.4658813476562,675.8349609375,834.5345458984375,log,2024-12-14,2025-01-11,4
37,2024-12-14,2024-12-21,1,223.61026000976562,70.21097564697266,167.9124755859375,223.61026000976562,283.9639892578125,353.7834777832031,log,2024-12-14,2024-12-21,1
37,2024-12-14,2024-12-28,2,358.8066101074219,57.60063171386719,264.97344970703125,358.8066101074219,362.7359313964844,566.2722778320312,log,2024-12-14,2024-12-28,2
37,2024-12-14,2025-01-04,3,449.2260437011719,80.63249206542969,353.74896240234375,449.2260437011719,461.943359375,598.2880859375,log,2024-12-14,2025-01-04,3
37,2024-12-14,2025-01-11,4,336.274658203125,66.6156234741211,320.85595703125,336.274658203125,396.25640869140625,592.0994873046875,log,2024-12-14,2025-01-11,4
38,2024-12-14,2024-12-21,1,6.051454067230225,1.5,4.635497093200684,6.051454067230225,9.595577239990234,10.83955192565918,log,2024-12-14,2024-12-21,1
38,2024-12-14,2024-12-28,2,13.432467460632324,0.5955817103385925,8.61013126373291,13.432467460632324,19.909992218017578,21.42801284790039,log,2024-12-14,2024-12-28,2
38,2024-12-14,2025-01-04,3,18.37770652770996,1.1364693641662598,12.142342567443848,18.37770652770996,23.455341339111328,28.30483627319336,log,2024-12-14,2025-01-04,3
38,2024-12-14,2025-01-11,4,27.31255531311035,1.5431439876556396,16.126916885375977,27.31255531311035,32.70305252075195,39.298030853271484,log,2024-12-14,2025-01-11,4
39,2024-12-14,2024-12-21,1,254.25889587402344,97.02847290039062,195.26516723632812,254.25889587402344,263.8230895996094,341.54510498046875,log,2024-12-14,2024-12-21,1
39,2024-12-14,2024-12-28,2,343.99310302734375,74.96810913085938,296.2002258300781,343.99310302734375,358.7076416015625,499.4446716308594,log,2024-12-14,2024-12-28,2
39,2024-12-14,2025-01-04,3,472.3851013183594,84.87876892089844,353.9410095214844,472.3851013183594,517.169921875,535.934326171875,log,2024-12-14,2025-01-04,3
39,2024-12-14,2025-01-11,4,374.97943115234375,83.04674530029297,276.25299072265625,374.97943115234375,390.91015625,535.6190185546875,log,2024-12-14,2025-01-11,4
40,2024-12-14,2024-12-21,1,89.6531753540039,34.7745475769043,67.69400787353516,89.6531753540039,90.35677337646484,113.02549743652344,log,2024-12-14,2024-12-21,1
40,2024-12-14,2024-12-28,2,145.317626953125,28.32790184020996,111.17042541503906,145.317626953125,160.9511260986328,162.58238220214844,log,2024-12-14,2024-12-28,2
40,2024-12-14,2025-01-04,3,170.01280212402344,38.71461868286133,115.54988861083984,170.01280212402344,201.58056640625,243.32000732421875,log,2024-12-14,2025-01-04,3
40,2024-12-14,2025-01-11,4,158.07579040527344,33.01398468017578,115.57256317138672,158.07579040527344,158.75079345703125,318.241943359375,log,2024-12-14,2025-01-11,4
41,2024-12-14,2024-12-21,1,310.951416015625,116.28545379638672,263.1787109375,310.951416015625,340.7672119140625,475.3736572265625,log,2024-12-14,2024-12-21,1
41,2024-12-14,2024-12-28,2,307.60845947265625,82.98637390136719,253.28919982910156,307.60845947265625,424.3750915527344,553.5104370117188,log,2024-12-14,2024-12-28,2
41,2024-12-14,2025-01-04,3,345.3762512207031,92.01094818115234,204.73110961914062,345.3762512207031,381.2409362792969,522.1741333007812,log,2024-12-14,2025-01-04,3
41,2024-12-14,2025-01-11,4,183.95761108398438,60.479942321777344,148.02984619140625,183.95761108398438,191.95175170898438,426.8534240722656,log,2024-12-14,2025-01-11,4
42,2024-12-14,2024-12-21,1,485.2817077636719,160.0751495361328,413.3984069824219,485.2817077636719,509.2955627441406,612.8837280273438,log,2024-12-14,2024-12-21,1
42,2024-12-14,2024-12-28,2,711.8731689453125,112.25467681884766,542.7660522460938,711.8731689453125,816.6752319335938,1030.7110595703125,log,2024-12-14,2024-12-28,2
42,2024-12-14,2025-01-04,3,719.84375,148.1588134765625,517.450439453125,719.84375,848.080078125,967.1782836914062,log,2024-12-14,2025-01-04,3
42,2024-12-14,2025-01-11,4,560.7785034179688,91.00785827636719,409.80841064453125,560.7785034179688,616.002685546875,829.3510131835938,log,2024-12-14,2025-01-11,4
44,2024-12-14,2024-12-21,1,35.390052795410156,8.588229179382324,24.07396125793457,35.390052795410156,53.81380081176758,57.46479034423828,log,2024-12-14,2024-12-21,1
44,2024-12-14,2024-12-28,2,52.81513214111328,6.867831707000732,47.279762268066406,52.81513214111328,79.4202651977539,86.73625183105469,log,2024-12-14,2024-12-28,2
44,2024-12-14,2025-01-04,3,64.18733215332031,11.712512969970703,45.69544219970703,64.18733215332031,83.85543060302734,130.93028259277344,log,2024-12-14,2025-01-04,3
44,2024-12-14,2025-01-11,4,42.96552276611328,12.062814712524414,38.07774353027344,42.96552276611328,60.729190826416016,206.95263671875,log,2024-12-14,2025-01-11,4
45,2024-12-14,2024-12-21,1,119.20044708251953,35.43058395385742,97.8001937866211,119.20044708251953,132.81619262695312,200.07127380371094,log,2024-12-14,2024-12-21,1
45,2024-12-14,2024-12-28,2,169.8704071044922,29.409189224243164,167.38308715820312,169.8704071044922,234.44667053222656,280.67547607421875,log,2024-12-14,2024-12-28,2
45,2024-12-14,2025-01-04,3,197.46707153320312,39.44698715209961,165.28192138671875,197.46707153320312,263.1125793457031,369.5088806152344,log,2024-12-14,2025-01-04,3
45,2024-12-14,2025-01-11,4,204.29757690429688,30.96910858154297,166.92893981933594,204.29757690429688,213.0780487060547,412.02203369140625,log,2024-12-14,2025-01-11,4
46,2024-12-14,2024-12-21,1,14.270477294921875,2.4,7.627270698547363,14.270477294921875,14.594944953918457,15.727235794067383,log,2024-12-14,2024-12-21,1
46,2024-12-14,2024-12-28,2,25.63583755493164,1.5055755376815796,13.494945526123047,25.63583755493164,26.983171463012695,27.69524383544922,log,2024-12-14,2024-12-28,2
46,2024-12-14,2025-01-04,3,33.585304260253906,2.9112632274627686,16.211416244506836,33.585304260253906,39.4715461730957,45.36205291748047,log,2024-12-14,2025-01-04,3
46,2024-12-14,2025-01-11,4,30.971158981323242,2.5532631874084473,22.347803115844727,30.971158981323242,45.089942932128906,52.5404167175293,log,2024-12-14,2025-01-11,4
47,2024-12-14,2024-12-21,1,306.2647399902344,111.96121978759766,260.7381591796875,306.2647399902344,366.9442138671875,439.6198425292969,log,2024-12-14,2024-12-21,1
47,2024-12-14,2024-12-28,2,408.14886474609375,85.29480743408203,321.0887145996094,408.14886474609375,490.9908447265625,599.549072265625,log,2024-12-14,2024-12-28,2
47,2024-12-14,2025-01-04,3,464.09912109375,89.52842712402344,291.0567321777344,464.09912109375,513.069580078125,588.6068725585938,log,2024-12-14,2025-01-04,3
47,2024-12-14,2025-01-11,4,313.3724365234375,80.51622772216797,233.0924530029297,313.3724365234375,316.36627197265625,511.2818298339844,log,2024-12-14,2025-01-11,4
48,2024-12-14,2024-12-21,1,916.0773315429688,211.5,894.7174682617188,916.0773315429688,1018.6620483398438,1155.1619873046875,log,2024-12-14,2024-12-21,1
48,2024-12-14,2024-12-28,2,1217.02001953125,112.25467681884766,1012.958251953125,1217.02001953125,1240.580810546875,1355.1287841796875,log,2024-12-14,2024-12-28,2
48,2024-12-14,2025-01-04,3,1105.2586669921875,152.06027221679688,938.3235473632812,1105.2586669921875,1218.7625732421875,1350.80322265625,log,2024-12-14,2025-01-04,3
48,2024-12-14,2025-01-11,4,846.5938720703125,93.81779479980469,806.0592041015625,846.5938720703125,905.2638549804688,1096.0274658203125,log,2024-12-14,2025-01-11,4
49,2024-12-14,2024-12-21,1,136.50152587890625,52.142723083496094,114.30964660644531,136.50152587890625,138.37725830078125,213.29385375976562,log,2024-12-14,2024-12-21,1
49,2024-12-14,2024-12-28,2,166.69056701660156,36.64252853393555,138.36183166503906,166.69056701660156,209.1950225830078,296.5609436035156,log,2024-12-14,2024-12-28,2
49,2024-12-14,2025-01-04,3,186.60617065429688,48.20841979980469,92.98795318603516,186.60617065429688,192.39224243164062,338.9904479980469,log,2024-12-14,2025-01-04,3
49,2024-12-14,2025-01-11,4,130.0316925048828,32.550411224365234,106.58434295654297,130.0316925048828,132.67161560058594,342.3030090332031,log,2024-12-14,2025-01-11,4
50,2024-12-14,2024-12-21,1,10.910516738891602,2.4,6.781387805938721,10.910516738891602,13.011143684387207,13.911410331726074,log,2024-12-14,2024-12-21,1
50,2024-12-14,2024-12-28,2,19.681333541870117,1.230347990989685,10.38073444366455,19.681333541870117,26.74073028564453,28.41986846923828,log,2024-12-14,2024-12-28,2
50,2024-12-14,2025-01-04,3,30.083362579345703,1.7231884002685547,14.44053840637207,30.083362579345703,34.085304260253906,35.89803695678711,log,2024-12-14,2025-01-04,3
50,2024-12-14,2025-01-11,4,28.509119033813477,2.0660858154296875,12.992953300476074,28.509119033813477,35.95710372924805,44.93659973144531,log,2024-12-14,2025-01-11,4
51,2024-12-14,2024-12-21,1,204.9594268798828,75.1075210571289,175.08773803710938,204.9594268798828,224.3314666748047,333.3953857421875,log,2024-12-14,2024-12-21,1
51,2024-12-14,2024-12-28,2,287.5625,56.60991668701172,260.0374450683594,287.5625,334.3553771972656,454.0388488769531,log,2024-12-14,2024-12-28,2
51,2024-12-14,2025-01-04,3,403.8013610839844,72.96515655517578,331.0355529785156,403.8013610839844,443.2247619628906,560.1016845703125,log,2024-12-14,2025-01-04,3
51,2024-12-14,2025-01-11,4,342.1429748535156,65.19267272949219,290.75885009765625,342.1429748535156,353.6861877441406,560.5993041992188,log,2024-12-14,2025-01-11,4
53,2024-12-14,2024-12-21,1,282.4903869628906,79.41665649414062,204.906982421875,282.4903869628906,294.74102783203125,407.6167907714844,log,2024-12-14,2024-12-21,1
53,2024-12-14,2024-12-28,2,399.47332763671875,69.72371673583984,300.00634765625,399.47332763671875,423.87744140625,547.640625,log,2024-12-14,2024-12-28,2
53,2024-12-14,2025-01-04,3,436.6883850097656,81.97030639648438,271.0804138183594,436.6883850097656,441.5570373535156,576.4426879882812,log,2024-12-14,2025-01-04,3
53,2024-12-14,2025-01-11,4,278.11376953125,71.5498275756836,240.4791259765625,278.11376953125,297.4227600097656,482.89691162109375,log,2024-12-14,2025-01-11,4
54,2024-12-14,2024-12-21,1,29.169248580932617,7.158143997192383,21.734394073486328,29.169248580932617,45.06324768066406,50.530677795410156,log,2024-12-14,2024-12-21,1
54,2024-12-14,2024-12-28,2,49.86216735839844,7.949039459228516,37.956321716308594,49.86216735839844,76.8501968383789,78.58724975585938,log,2024-12-14,2024-12-28,2
54,2024-12-14,2025-01-04,3,73.59003448486328,12.432610511779785,39.51584243774414,73.59003448486328,98.71692657470703,117.20635223388672,log,2024-12-14,2025-01-04,3
54,2024-12-14,2025-01-11,4,75.74443054199219,11.674568176269531,46.3492431640625,75.74443054199219,80.01248168945312,149.73458862304688,log,2024-12-14,2025-01-11,4
55,2024-12-14,2024-12-21,1,102.34194946289062,28.143049240112305,76.5687255859375,102.34194946289062,106.3144302368164,159.18971252441406,log,2024-12-14,2024-12-21,1
55,2024-12-14,2024-12-28,2,145.43299865722656,23.917490005493164,119.61451721191406,145.43299865722656,160.2573699951172,251.44700622558594,log,2024-12-14,2024-12-28,2
55,2024-12-14,2025-01-04,3,187.15176391601562,38.68122482299805,140.8362579345703,187.15176391601562,193.86331176757812,382.6145935058594,log,2024-12-14,2025-01-04,3
55,2024-12-14,2025-01-11,4,168.75772094726562,28.09247589111328,142.26730346679688,168.75772094726562,193.66224670410156,445.508544921875,log,2024-12-14,2025-01-11,4
56,2024-12-14,2024-12-21,1,39.37438201904297,9.9,22.605588912963867,39.37438201904297,51.860172271728516,63.96406936645508,log,2024-12-14,2024-12-21,1
56,2024-12-14,2024-12-28,2,43.94687271118164,9.13622760772705,32.26765823364258,43.94687271118164,83.89262390136719,109.86238098144531,log,2024-12-14,2024-12-28,2
56,2024-12-14,2025-01-04,3,48.405094146728516,12.087291717529297,29.895915985107422,48.405094146728516,72.21904754638672,138.8962860107422,log,2024-12-14,2025-01-04,3
56,2024-12-14,2025-01-11,4,29.218408584594727,9.89121150970459,22.915559768676758,29.218408584594727,57.835289001464844,194.82029724121094,log,2024-12-14,2025-01-11,4
72,2024-12-14,2024-12-21,1,426.3294372558594,183.71372985839844,370.2672424316406,426.3294372558594,438.9173889160156,789.98974609375,log,2024-12-14,2024-12-21,1
72,2024-12-14,2024-12-28,2,385.4469299316406,112.25467681884766,300.6455993652344,385.4469299316406,432.7967224121094,739.782470703125,log,2024-12-14,2024-12-28,2
72,2024-12-14,2025-01-04,3,325.57733154296875,134.56297302246094,188.62176513671875,325.57733154296875,372.32720947265625,618.0635375976562,log,2024-12-14,2025-01-04,3
72,2024-12-14,2025-01-11,4,157.12765502929688,73.30799102783203,125.62010192871094,157.12765502929688,188.65133666992188,398.549560546875,log,2024-12-14,2025-01-11,4
US,2024-12-14,2024-12-21,1,2876.7,2876.7,2876.7,2876.7,2876.7,2876.7,log,2024-12-14,2024-12-21,1
US,2024-12-14,2024-12-28,2,1970.087890625,819.8594999999999,1638.11181640625,1970.087890625,1980.568115234375,2340.24609375,log,2024-12-14,2024-12-28,2
US,2024-12-14,2025-01-04,3,1722.2120361328125,221.362065,1586.1151123046875,1722.2120361328125,1930.833984375,2014.8603515625,log,2024-12-14,2025-01-04,3
US,2024-12-14,2025-01-11,4,1382.7421875,96.43328094482422,1299.7864990234375,1382.7421875,1706.56298828125,1741.991943359375,log,2024-12-14,2025-01-11,4
01,2024-12-21,2024-12-28,1,571.6504516601562,138.14186096191406,491.4668273925781,571.6504516601562,653.371337890625,775.4063110351562,log,2024-12-21,2024-12-28,1
01,2024-12-21,2025-01-04,2,574.9827270507812,145.42649841308594,445.17633056640625,574.9827270507812,617.6388549804688,770.23388671875,log,2024-12-21,2025-01-04,2
01,2024-12-21,2025-01-11,3,319.9795837402344,117.25957489013672,301.46917724609375,319.9795837402344,340.6186218261719,683.1516723632812,log,2024-12-21,2025-01-11,3
01,2024-12-21,2025-01-18,4,217.33106994628906,86.24784851074219,191.59014892578125,217.33106994628906,268.8476257324219,486.73077392578125,log,2024-12-21,2025-01-18,4
02,2024-12-21,2024-12-28,1,31.65540313720703,12.940526962280273,24.36794662475586,31.65540313720703,39.709041595458984,60.19597244262695,log,2024-12-21,2024-12-28,1
02,2024-12-21,2025-01-04,2,34.58672332763672,14.665995597839355,26.751407623291016,34.58672332763672,55.68317794799805,75.31993865966797,log,2024-12-21,2025-01-04,2
02,2024-12-21,2025-01-11,3,25.831640243530273,14.391408920288086,18.96654510498047,25.831640243530273,38.185546875,132.69680786132812,log,2024-12-21,2025-01-11,3
02,2024-12-21,2025-01-18,4,24.343263626098633,11.051629066467285,16.949161529541016,24.343263626098633,41.08541488647461,127.03797149658203,log,2024-12-21,2025-01-18,4
04,2024-12-21,2024-12-28,1,1552.513916015625,460.2,1377.1541748046875,1552.513916015625,1726.893798828125,1892.7562255859375,log,2024-12-21,2024-12-28,1
04,2024-12-21,2025-01-04,2,1107.5318603515625,173.6640167236328,1010.9016723632812,1107.5318603515625,1353.1689453125,1388.989501953125,log,2024-12-21,2025-01-04,2
04,2024-12-21,2025-01-11,3,904.6063232421875,126.27598571777344,790.0859375,904.6063232421875,937.7638549804688,974.1787719726562,log,2024-12-21,2025-01-11,3
04,2024-12-21,2025-01-18,4,733.1087036132812,95.4134750366211,459.5098571777344,733.1087036132812,902.7979125976562,910.8860473632812,log,2024-12-21,2025-01-18,4
05,2024-12-21,2024-12-28,1,102.0572280883789,35.89182662963867,79.41600799560547,102.0572280883789,105.32293701171875,147.9706573486328,log,2024-12-21,2024-12-28,1
05,2024-12-21,2025-01-04,2,120.69860076904297,36.740570068359375,88.81912994384766,120.69860076904297,123.85823059082031,253.481689453125,log,2024-12-21,2025-01-04,2
05,2024-12-21,2025-01-11,3,108.91046142578125,40.02155685424805,100.47369384765625,108.91046142578125,118.69198608398438,291.97369384765625,log,2024-12-21,2025-01-11,3
05,2024-12-21,2025-01-18,4,79.64906311035156,31.49207305908203,60.77409744262695,79.64906311035156,94.53699493408203,328.13287353515625,log,2024-12-21,2025-01-18,4
06,2024-12-21,2024-12-28,1,1820.04345703125,769.1999999999999,1614.405029296875,1820.04345703125,1986.87109375,2039.2734375,log,2024-12-21,2024-12-28,1
06,2024-12-21,2025-01-04,2,1739.4886474609375,219.22199999999995,1368.4501953125,1739.4886474609375,1766.9859619140625,1983.5875244140625,log,2024-12-21,2025-01-04,2
06,2024-12-21,2025-01-11,3,1257.260498046875,130.07305908203125,1171.2843017578125,1257.260498046875,1388.7569580078125,1452.172119140625,log,2024-12-21,2025-01-11,3
06,2024-12-21,2025-01-18,4,1111.6275634765625,101.61766052246094,786.723388671875,1111.6275634765625,1157.0042724609375,1274.767578125,log,2024-12-21,2025-01-18,4
08,2024-12-21,2024-12-28,1,269.0908203125,127.1598892211914,241.6383056640625,269.0908203125,285.35662841796875,377.0008544921875,log,2024-12-21,2024-12-28,1
08,2024-12-21,2025-01-04,2,327.4361572265625,129.94935607910156,309.8446044921875,327.4361572265625,336.0874938964844,528.2836303710938,log,2024-12-21,2025-01-04,2
08,2024-12-21,2025-01-11,3,273.1619567871094,107.36833190917969,259.04827880859375,273.1619567871094,298.8688659667969,566.8660278320312,log,2024-12-21,2025-01-11,3
08,2024-12-21,2025-01-18,4,250.20526123046875,89.80121612548828,225.21316528320312,250.20526123046875,264.46624755859375,447.2403259277344,log,2024-12-21,2025-01-18,4
09,2024-12-21,2024-12-28,1,81.5533676147461,30.79644203186035,61.828182220458984,81.5533676147461,97.2042007446289,97.86424255371094,log,2024-12-21,2024-12-28,1
09,2024-12-21,2025-01-04,2,85.96253967285156,29.692626953125,82.92151641845703,85.96253967285156,96.15223693847656,179.49842834472656,log,2024-12-21,2025-01-04,2
09,2024-12-21,2025-01-11,3,75.96831512451172,32.14962387084961,72.28751373291016,75.96831512451172,76.15847778320312,262.1172790527344,log,2024-12-21,2025-01-11,3
09,2024-12-21,2025-01-18,4,78.34072875976562,30.954103469848633,67.00057983398438,78.34072875976562,90.19760131835938,233.9558868408203,log,2024-12-21,2025-01-18,4
10,2024-12-21,2024-12-28,1,50.71064758300781,14.810563087463379,35.5041389465332,50.71064758300781,71.9599609375,80.58673095703125,log,2024-12-21,2024-12-28,1
10,2024-12-21,2025-01-04,2,60.99745559692383,19.235595703125,41.951416015625,60.99745559692383,66.96975708007812,143.82496643066406,log,2024-12-21,2025-01-04,2
10,2024-12-21,2025-01-11,3,29.01766014099121,18.55141258239746,27.756980895996094,29.01766014099121,46.27995681762695,169.32691955566406,log,2024-12-21,2025-01-11,3
10,2024-12-21,2025-01-18,4,27.952425003051758,13.701765060424805,18.25210952758789,27.952425003051758,41.260581970214844,205.80801391601562,log,2024-12-21,2025-01-18,4
11,2024-12-21,2024-12-28,1,21.693449020385742,4.8,13.824711799621582,21.693449020385742,32.4691276550293,35.821563720703125,log,2024-12-21,2024-12-28,1
11,2024-12-21,2025-01-04,2,25.73371124267578,5.091247081756592,13.486881256103516,25.73371124267578,35.538089752197266,52.63557434082031,log,2024-12-21,2025-01-04,2
11,2024-12-21,2025-01-11,3,23.44051742553711,7.168237209320068,19.37974739074707,23.44051742553711,36.12568664550781,68.19046783447266,log,2024-12-21,2025-01-11,3
11,2024-12-21,2025-01-18,4,17.872718811035156,3.0225558280944824,10.946825981140137,17.872718811035156,39.5086555480957,77.55328369140625,log,2024-12-21,2025-01-18,4
12,2024-12-21,2024-12-28,1,1664.691162109375,378.3,1465.698974609375,1664.691162109375,1709.4608154296875,1831.0306396484375,log,2024-12-21,2024-12-28,1
12,2024-12-21,2025-01-04,2,1382.5745849609375,173.6640167236328,1168.6031494140625,1382.5745849609375,1574.0186767578125,1708.3641357421875,log,2024-12-21,2025-01-04,2
12,2024-12-21,2025-01-11,3,1209.644287109375,130.07305908203125,1125.1090087890625,1209.644287109375,1260.078857421875,1265.02783203125,log,2024-12-21,2025-01-11,3
12,2024-12-21,2025-01-18,4,1049.523193359375,102.22321319580078,852.3671264648438,1049.523193359375,1080.3017578125,1154.8363037109375,log,2024-12-21,2025-01-18,4
13,2024-12-21,2024-12-28,1,559.9815673828125,128.43356323242188,507.0146179199219,559.9815673828125,675.0118408203125,841.192138671875,log,2024-12-21,2024-12-28,1
13,2024-12-21,2025-01-04,2,622.6791381835938,145.42649841308594,567.9100341796875,622.6791381835938,665.6565551757812,783.2517700195312,log,2024-12-21,2025-01-04,2
13,2024-12-21,2025-01-11,3,450.5597229003906,111.58673095703125,427.5147399902344,450.5597229003906,474.4176330566406,740.6724243164062,log,2024-12-21,2025-01-11,3
13,2024-12-21,2025-01-18,4,378.8706359863281,84.69400024414062,353.34930419921875,378.8706359863281,387.28497314453125,570.7323608398438,log,2024-12-21,2025-01-18,4
15,2024-12-21,2024-12-28,1,62.37607955932617,35.248390197753906,56.46483612060547,62.37607955932617,81.50807189941406,83.078369140625,log,2024-12-21,2024-12-28,1
15,2024-12-21,2025-01-04,2,72.81432342529297,26.431598663330078,59.30096435546875,72.81432342529297,74.17806243896484,135.19020080566406,log,2024-12-21,2025-01-04,2
15,2024-12-21,2025-01-11,3,51.22388458251953,27.40997314453125,41.28711700439453,51.22388458251953,61.47330856323242,209.31263732910156,log,2024-12-21,2025-01-11,3
15,2024-12-21,2025-01-18,4,43.6193962097168,19.853660583496094,28.48080825805664,43.6193962097168,56.117183685302734,201.1597442626953,log,2024-12-21,2025-01-18,4
16,2024-12-21,2024-12-28,1,229.0250244140625,123.62078857421875,200.516357421875,229.0250244140625,269.12286376953125,414.8905944824219,log,2024-12-21,2024-12-28,1
16,2024-12-21,2025-01-04,2,198.53421020507812,112.7859115600586,185.2144012451172,198.53421020507812,224.54742431640625,461.4116516113281,log,2024-12-21,2025-01-04,2
16,2024-12-21,2025-01-11,3,130.08993530273438,92.15689086914062,113.61121368408203,130.08993530273438,141.28131103515625,452.16259765625,log,2024-12-21,2025-01-11,3
16,2024-12-21,2025-01-18,4,100.34637451171875,69.73440551757812,79.81092834472656,100.34637451171875,114.02857971191406,408.1393127441406,log,2024-12-21,2025-01-18,4
17,2024-12-21,2024-12-28,1,742.9779663085938,160.1479034423828,691.8753662109375,742.9779663085938,863.506103515625,964.29443359375,log,2024-12-21,2024-12-28,1
17,2024-12-21,2025-01-04,2,817.14990234375,173.6640167236328,704.1097412109375,817.14990234375,859.0195922851562,880.2484741210938,log,2024-12-21,2025-01-04,2
17,2024-12-21,2025-01-11,3,621.37109375,130.07305908203125,530.6854248046875,621.37109375,671.1341552734375,736.0276489257812,log,2024-12-21,2025-01-11,3
17,2024-12-21,2025-01-18,4,472.5289306640625,97.31904602050781,412.0123596191406,472.5289306640625,490.42437744140625,580.5191650390625,log,2024-12-21,2025-01-18,4
18,2024-12-21,2024-12-28,1,438.8208923339844,114.45433807373047,342.8113708496094,438.8208923339844,480.158203125,564.7206420898438,log,2024-12-21,2024-12-28,1
18,2024-12-21,2025-01-04,2,436.5857238769531,129.03765869140625,422.4700927734375,436.5857238769531,465.2560119628906,633.63720703125,log,2024-12-21,2025-01-04,2
18,2024-12-21,2025-01-11,3,335.3516540527344,104.46479034423828,310.05706787109375,335.3516540527344,343.63616943359375,637.391357421875,log,2024-12-21,2025-01-11,3
18,2024-12-21,2025-01-18,4,236.2842559814453,84.69400024414062,216.9362335205078,236.2842559814453,242.0006103515625,520.900146484375,log,2024-12-21,2025-01-18,4
19,2024-12-21,2024-12-28,1,75.72244262695312,19.01245880126953,49.7284049987793,75.72244262695312,98.406494140625,98.53018951416016,log,2024-12-21,2024-12-28,1
19,2024-12-21,2025-01-04,2,86.42362976074219,23.679100036621094,69.33329772949219,86.42362976074219,86.55687713623047,185.2290496826172,log,2024-12-21,2025-01-04,2
19,2024-12-21,2025-01-11,3,63.35832977294922,26.596973419189453,62.756752014160156,63.35832977294922,74.99466705322266,229.43856811523438,log,2024-12-21,2025-01-11,3
19,2024-12-21,2025-01-18,4,80.58661651611328,28.938175201416016,57.2716064453125,80.58661651611328,85.02389526367188,253.57879638671875,log,2024-12-21,2025-01-18,4
20,2024-12-21,2024-12-28,1,166.74798583984375,92.96554565429688,149.41758728027344,166.74798583984375,203.17001342773438,284.4282531738281,log,2024-12-21,2024-12-28,1
20,2024-12-21,2025-01-04,2,196.96697998046875,90.53118896484375,167.01022338867188,196.96697998046875,218.4797821044922,388.48101806640625,log,2024-12-21,2025-01-04,2
20,2024-12-21,2025-01-11,3,143.4886932373047,74.35356140136719,117.063720703125,143.4886932373047,146.1233673095703,472.5284729003906,log,2024-12-21,2025-01-11,3
20,2024-12-21,2025-01-18,4,94.328125,63.31492233276367,93.212890625,94.328125,97.20790100097656,343.8345642089844,log,2024-12-21,2025-01-18,4
21,2024-12-21,2024-12-28,1,299.2470397949219,90.64569854736328,218.8658905029297,299.2470397949219,327.0154724121094,441.75250244140625,log,2024-12-21,2024-12-28,1
21,2024-12-21,2025-01-04,2,291.1043701171875,94.99674987792969,235.3502655029297,291.1043701171875,315.3678283691406,505.6833190917969,log,2024-12-21,2025-01-04,2
21,2024-12-21,2025-01-11,3,213.6814727783203,81.66417694091797,171.47879028320312,213.6814727783203,242.768310546875,562.2695922851562,log,2024-12-21,2025-01-11,3
21,2024-12-21,2025-01-18,4,167.27793884277344,76.49526977539062,109.4242172241211,167.27793884277344,182.73513793945312,442.76556396484375,log,2024-12-21,2025-01-18,4
22,2024-12-21,2024-12-28,1,532.4872436523438,197.47898864746094,505.1001892089844,532.4872436523438,616.894775390625,807.6347045898438,log,2024-12-21,2024-12-28,1
22,2024-12-21,2025-01-04,2,474.89801025390625,173.6640167236328,470.2756652832031,474.89801025390625,484.05938720703125,776.9175415039062,log,2024-12-21,2025-01-04,2
22,2024-12-21,2025-01-11,3,297.6284484863281,130.07305908203125,276.24822998046875,297.6284484863281,330.0823669433594,670.9483032226562,log,2024-12-21,2025-01-11,3
22,2024-12-21,2025-01-18,4,236.62245178222656,98.75131225585938,200.5506591796875,236.62245178222656,247.12477111816406,445.26141357421875,log,2024-12-21,2025-01-18,4
23,2024-12-21,2024-12-28,1,15.981600761413574,3.2986507415771484,9.648796081542969,15.981600761413574,19.988618850708008,21.658084869384766,log,2024-12-21,2024-12-28,1
23,2024-12-21,2025-01-04,2,25.09616470336914,2.533616781234741,15.976163864135742,25.09616470336914,28.910457611083984,38.1616096496582,log,2024-12-21,2025-01-04,2
23,2024-12-21,2025-01-11,3,28.381322860717773,4.826422214508057,17.773880004882812,28.381322860717773,35.84828567504883,54.30256652832031,log,2024-12-21,2025-01-11,3
23,2024-12-21,2025-01-18,4,24.171804428100586,2.5116846561431885,21.073041915893555,24.171804428100586,53.84760665893555,53.870338439941406,log,2024-12-21,2025-01-18,4
24,2024-12-21,2024-12-28,1,196.64073181152344,82.8016357421875,179.11712646484375,196.64073181152344,214.00376892089844,328.071044921875,log,2024-12-21,2024-12-28,1
24,2024-12-21,2025-01-04,2,278.7641296386719,90.40052032470703,238.3660430908203,278.7641296386719,284.4873352050781,447.8113708496094,log,2024-12-21,2025-01-04,2
24,2024-12-21,2025-01-11,3,198.21714782714844,76.77616882324219,190.73385620117188,198.21714782714844,206.3936309814453,565.0018310546875,log,2024-12-21,2025-01-11,3
24,2024-12-21,2025-01-18,4,153.3720703125,60.673057556152344,137.50894165039062,153.3720703125,154.09788513183594,462.7259216308594,log,2024-12-21,2025-01-18,4
25,2024-12-21,2024-12-28,1,213.3760223388672,110.84441375732422,202.17919921875,213.3760223388672,245.76222229003906,252.54493713378906,log,2024-12-21,2024-12-28,1
25,2024-12-21,2025-01-04,2,264.7992248535156,115.28209686279297,260.11102294921875,264.7992248535156,270.52093505859375,400.04107666015625,log,2024-12-21,2025-01-04,2
25,2024-12-21,2025-01-11,3,227.51492309570312,100.87400817871094,202.44114685058594,227.51492309570312,228.8951873779297,422.7361145019531,log,2024-12-21,2025-01-11,3
25,2024-12-21,2025-01-18,4,189.23805236816406,74.8045883178711,162.4169464111328,189.23805236816406,215.78163146972656,403.748291015625,log,2024-12-21,2025-01-18,4
26,2024-12-21,2024-12-28,1,408.92510986328125,133.7790069580078,378.1341247558594,408.92510986328125,477.3314208984375,556.2188110351562,log,2024-12-21,2024-12-28,1
26,2024-12-21,2025-01-04,2,516.1337280273438,142.8123321533203,391.8248596191406,516.1337280273438,520.0020751953125,646.4036865234375,log,2024-12-21,2025-01-04,2
26,2024-12-21,2025-01-11,3,430.78997802734375,117.25957489013672,313.3375244140625,430.78997802734375,432.3887939453125,716.5857543945312,log,2024-12-21,2025-01-11,3
26,2024-12-21,2025-01-18,4,337.3276062011719,89.07449340820312,227.67636108398438,337.3276062011719,345.56640625,548.6987915039062,log,2024-12-21,2025-01-18,4
27,2024-12-21,2024-12-28,1,288.41741943359375,84.98477172851562,213.36129760742188,288.41741943359375,328.21844482421875,474.7058410644531,log,2024-12-21,2024-12-28,1
27,2024-12-21,2025-01-04,2,358.340087890625,103.63492584228516,239.04762268066406,358.340087890625,364.2445373535156,567.6686401367188,log,2024-12-21,2025-01-04,2
27,2024-12-21,2025-01-11,3,251.9749298095703,80.52303314208984,182.63458251953125,251.9749298095703,256.0965881347656,600.5358276367188,log,2024-12-21,2025-01-11,3
27,2024-12-21,2025-01-18,4,197.4573211669922,69.97492980957031,117.48450469970703,197.4573211669922,236.88865661621094,469.0094909667969,log,2024-12-21,2025-01-18,4
28,2024-12-21,2024-12-28,1,146.15830993652344,68.79418182373047,124.58934020996094,146.15830993652344,157.6586151123047,231.87612915039062,log,2024-12-21,2024-12-28,1
28,2024-12-21,2025-01-04,2,152.234375,58.28130340576172,129.31033325195312,152.234375,175.59300231933594,331.24066162109375,log,2024-12-21,2025-01-04,2
28,2024-12-21,2025-01-11,3,120.115234375,70.08819580078125,102.0605697631836,120.115234375,162.09986877441406,411.2102355957031,log,2024-12-21,2025-01-11,3
28,2024-12-21,2025-01-18,4,95.03461456298828,62.551475524902344,89.18653869628906,95.03461456298828,121.61216735839844,403.4922790527344,log,2024-12-21,2025-01-18,4
29,2024-12-21,2024-12-28,1,351.48040771484375,94.4085693359375,236.18548583984375,351.48040771484375,359.1971435546875,458.66192626953125,log,2024-12-21,2024-12-28,1
29,2024-12-21,2025-01-04,2,326.2210998535156,106.28618621826172,276.6240539550781,326.2210998535156,354.3428649902344,528.2144775390625,log,2024-12-21,2025-01-04,2
29,2024-12-21,2025-01-11,3,261.86810302734375,91.26627349853516,203.12522888183594,261.86810302734375,270.63409423828125,600.818115234375,log,2024-12-21,2025-01-11,3
29,2024-12-21,2025-01-18,4,185.7688446044922,82.16649627685547,143.2677764892578,185.7688446044922,238.4670867919922,477.281005859375,log,2024-12-21,2025-01-18,4
30,2024-12-21,2024-12-28,1,34.78044128417969,8.1,28.23645782470703,34.78044128417969,59.62178421020508,60.108551025390625,log,2024-12-21,2024-12-28,1
30,2024-12-21,2025-01-04,2,38.58053970336914,9.334199905395508,27.574644088745117,38.58053970336914,57.77881622314453,98.9648208618164,log,2024-12-21,2025-01-04,2
30,2024-12-21,2025-01-11,3,35.99910354614258,15.212782859802246,31.364194869995117,35.99910354614258,51.81988525390625,118.31907653808594,log,2024-12-21,2025-01-11,3
30,2024-12-21,2025-01-18,4,37.590091705322266,12.317642211914062,33.07889175415039,37.590091705322266,62.17172622680664,154.77642822265625,log,2024-12-21,2025-01-18,4
31,2024-12-21,2024-12-28,1,77.60566711425781,30.478824615478516,71.3980484008789,77.60566711425781,110.54705810546875,134.80714416503906,log,2024-12-21,2024-12-28,1
31,2024-12-21,2025-01-04,2,90.40592193603516,26.73651695251465,82.41682434082031,90.40592193603516,116.56390380859375,250.0536651611328,log,2024-12-21,2025-01-04,2
31,2024-12-21,2025-01-11,3,71.52948760986328,29.21807098388672,64.01705932617188,71.52948760986328,90.89543151855469,356.908935546875,log,2024-12-21,2025-01-11,3
31,2024-12-21,2025-01-18,4,69.45618438720703,26.66476058959961,39.377769470214844,69.45618438720703,102.87383270263672,356.189453125,log,2024-12-21,2025-01-18,4
32,2024-12-21,2024-12-28,1,293.4265441894531,124.83810424804688,255.5392608642578,293.4265441894531,330.8605041503906,465.8388671875,log,2024-12-21,2024-12-28,1
32,2024-12-21,2025-01-04,2,289.319580078125,124.5631103515625,242.82550048828125,289.319580078125,315.2541198730469,467.3258056640625,log,2024-12-21,2025-01-04,2
32,2024-12-21,2025-01-11,3,187.6531524658203,97.80570983886719,151.01202392578125,187.6531524658203,208.16241455078125,489.1578063964844,log,2024-12-21,2025-01-11,3
32,2024-12-21,2025-01-18,4,153.3152618408203,84.19127655029297,108.36007690429688,153.3152618408203,156.82528686523438,424.81201171875,log,2024-12-21,2025-01-18,4
33,2024-12-21,2024-12-28,1,34.39962387084961,20.60463523864746,33.229766845703125,34.39962387084961,40.07276916503906,58.80537033081055,log,2024-12-21,2024-12-28,1
33,2024-12-21,2025-01-04,2,34.631805419921875,17.959430694580078,34.39009475708008,34.631805419921875,46.57439422607422,76.67217254638672,log,2024-12-21,2025-01-04,2
33,2024-12-21,2025-01-11,3,35.13768768310547,19.465776443481445,25.253000259399414,35.13768768310547,44.83601379394531,110.46517181396484,log,2024-12-21,2025-01-11,3
33,2024-12-21,2025-01-18,4,26.791889190673828,16.436784744262695,21.502588272094727,26.791889190673828,44.42960739135742,116.79071807861328,log,2024-12-21,2025-01-18,4
34,2024-12-21,2024-12-28,1,500.3802490234375,133.7790069580078,462.7177429199219,500.3802490234375,587.3088989257812,711.161376953125,log,2024-12-21,2024-12-28,1
34,2024-12-21,2025-01-04,2,566.374267578125,145.36752319335938,500.0908203125,566.374267578125,661.5759887695312,885.0206909179688,log,2024-12-21,2025-01-04,2
34,2024-12-21,2025-01-11,3,494.69189453125,117.25957489013672,407.04669189453125,494.69189453125,506.0763244628906,728.77880859375,log,2024-12-21,2025-01-11,3
34,2024-12-21,2025-01-18,4,388.0917663574219,89.80121612548828,318.9512023925781,388.0917663574219,460.24517822265625,617.5651245117188,log,2024-12-21,2025-01-18,4
35,2024-12-21,2024-12-28,1,269.5027160644531,114.90383911132812,231.74891662597656,269.5027160644531,313.7953186035156,471.2510681152344,log,2024-12-21,2024-12-28,1
35,2024-12-21,2025-01-04,2,245.96905517578125,118.69746398925781,202.8645477294922,245.96905517578125,269.98919677734375,460.1184997558594,log,2024-12-21,2025-01-04,2
35,2024-12-21,2025-01-11,3,164.40744018554688,93.32257080078125,148.64688110351562,164.40744018554688,177.84996032714844,472.3456115722656,log,2024-12-21,2025-01-11,3
35,2024-12-21,2025-01-18,4,133.1433563232422,77.90609741210938,94.94892883300781,133.1433563232422,158.29144287109375,413.7101135253906,log,2024-12-21,2025-01-18,4
36,2024-12-21,2024-12-28,1,1133.5494384765625,220.79999999999998,903.8414916992188,1133.5494384765625,1164.6400146484375,1349.721923828125,log,2024-12-21,2024-12-28,1
36,2024-12-21,2025-01-04,2,957.3526000976562,173.6640167236328,883.002685546875,957.3526000976562,1017.1340942382812,1092.720703125,log,2024-12-21,2025-01-04,2
36,2024-12-21,2025-01-11,3,787.2313842773438,130.07305908203125,731.1395263671875,787.2313842773438,794.8311767578125,869.0347900390625,log,2024-12-21,2025-01-11,3
36,2024-12-21,2025-01-18,4,581.2189331054688,96.76468658447266,531.2830810546875,581.2189331054688,620.998779296875,678.9046630859375,log,2024-12-21,2025-01-18,4
37,2024-12-21,2024-12-28,1,430.97613525390625,118.09011840820312,379.1074523925781,430.97613525390625,507.62664794921875,588.7474975585938,log,2024-12-21,2024-12-28,1
37,2024-12-21,2025-01-04,2,470.098388671875,136.00875854492188,437.86456298828125,470.098388671875,503.5099182128906,688.1612548828125,log,2024-12-21,2025-01-04,2
37,2024-12-21,2025-01-11,3,370.4388122558594,106.47835540771484,358.62701416015625,370.4388122558594,374.6878662109375,688.1687622070312,log,2024-12-21,2025-01-11,3
37,2024-12-21,2025-01-18,4,325.078125,84.69400024414062,296.2060241699219,325.078125,339.6263732910156,613.7396240234375,log,2024-12-21,2025-01-18,4
38,2024-12-21,2024-12-28,1,13.575965881347656,2.4,9.983396530151367,13.575965881347656,17.144758224487305,18.177244186401367,log,2024-12-21,2024-12-28,1
38,2024-12-21,2025-01-04,2,22.232826232910156,1.985540747642517,12.435940742492676,22.232826232910156,25.346586227416992,33.214996337890625,log,2024-12-21,2025-01-04,2
38,2024-12-21,2025-01-11,3,21.916400909423828,3.2259674072265625,12.587825775146484,21.916400909423828,29.711753845214844,42.53093338012695,log,2024-12-21,2025-01-11,3
38,2024-12-21,2025-01-18,4,19.147430419921875,2.0562191009521484,13.049565315246582,19.147430419921875,37.95737838745117,47.45148849487305,log,2024-12-21,2025-01-18,4
39,2024-12-21,2024-12-28,1,487.7290344238281,126.62196350097656,438.9347839355469,487.7290344238281,538.58154296875,570.843017578125,log,2024-12-21,2024-12-28,1
39,2024-12-21,2025-01-04,2,523.0707397460938,139.39707946777344,449.7458801269531,523.0707397460938,577.9803466796875,725.30029296875,log,2024-12-21,2025-01-04,2
39,2024-12-21,2025-01-11,3,404.0466003417969,106.2547836303711,362.3761901855469,404.0466003417969,440.4833679199219,743.238037109375,log,2024-12-21,2025-01-11,3
39,2024-12-21,2025-01-18,4,426.4828796386719,86.95130157470703,280.9024353027344,426.4828796386719,461.6761169433594,610.5280151367188,log,2024-12-21,2025-01-18,4
40,2024-12-21,2024-12-28,1,184.4990234375,65.34244537353516,153.58319091796875,184.4990234375,186.64231872558594,209.5943145751953,log,2024-12-21,2024-12-28,1
40,2024-12-21,2025-01-04,2,167.1863250732422,55.48478317260742,162.2063751220703,167.1863250732422,217.1162872314453,352.17724609375,log,2024-12-21,2025-01-04,2
40,2024-12-21,2025-01-11,3,154.8149871826172,71.47175598144531,121.4141845703125,154.8149871826172,176.7681121826172,435.0277404785156,log,2024-12-21,2025-01-11,3
40,2024-12-21,2025-01-18,4,117.02398681640625,47.51011276245117,97.56106567382812,117.02398681640625,137.47097778320312,414.4705810546875,log,2024-12-21,2025-01-18,4
41,2024-12-21,2024-12-28,1,467.9910888671875,158.58908081054688,422.5587463378906,467.9910888671875,549.2219848632812,748.4598999023438,log,2024-12-21,2024-12-28,1
41,2024-12-21,2025-01-04,2,363.9073181152344,173.6640167236328,336.0179138183594,363.9073181152344,422.7492370605469,735.6481323242188,log,2024-12-21,2025-01-04,2
41,2024-12-21,2025-01-11,3,165.73361206054688,130.07305908203125,158.82546997070312,165.73361206054688,237.81356811523438,627.55810546875,log,2024-12-21,2025-01-11,3
41,2024-12-21,2025-01-18,4,139.94113159179688,81.03942108154297,94.2336654663086,139.94113159179688,152.2422637939453,431.6562194824219,log,2024-12-21,2025-01-18,4
42,2024-12-21,2024-12-28,1,865.0108642578125,189.0,842.0169677734375,865.0108642578125,957.6528930664062,1135.465087890625,log,2024-12-21,2024-12-28,1
42,2024-12-21,2025-01-04,2,883.9996948242188,173.6640167236328,735.1881713867188,883.9996948242188,964.822998046875,1101.3714599609375,log,2024-12-21,2025-01-04,2
42,2024-12-21,2025-01-11,3,665.590087890625,130.07305908203125,611.9971313476562,665.590087890625,723.2083740234375,973.3955688476562,log,2024-12-21,2025-01-11,3
42,2024-12-21,2025-01-18,4,551.9736938476562,99.5508804321289,470.35882568359375,551.9736938476562,614.1962280273438,809.0340576171875,log,2024-12-21,2025-01-18,4
44,2024-12-21,2024-12-28,1,41.74234390258789,19.08990478515625,31.29576873779297,41.74234390258789,59.54606628417969,74.09175872802734,log,2024-12-21,2024-12-28,1
44,2024-12-21,2025-01-04,2,52.09746170043945,16.12142562866211,40.139591217041016,52.09746170043945,63.314552307128906,106.53218078613281,log,2024-12-21,2025-01-04,2
44,2024-12-21,2025-01-11,3,41.01811218261719,17.962976455688477,27.891069412231445,41.01811218261719,54.653873443603516,137.23228454589844,log,2024-12-21,2025-01-11,3
44,2024-12-21,2025-01-18,4,37.5260009765625,14.511795997619629,19.122526168823242,37.5260009765625,49.85481643676758,183.6925048828125,log,2024-12-21,2025-01-18,4
45,2024-12-21,2024-12-28,1,234.83949279785156,83.2596206665039,212.31329345703125,234.83949279785156,293.48199462890625,444.2840881347656,log,2024-12-21,2024-12-28,1
45,2024-12-21,2025-01-04,2,290.4554443359375,95.80503845214844,241.81886291503906,290.4554443359375,310.2067565917969,495.0517578125,log,2024-12-21,2025-01-04,2
45,2024-12-21,2025-01-11,3,224.06387329101562,77.32897186279297,218.09780883789062,224.06387329101562,236.59571838378906,587.13916015625,log,2024-12-21,2025-01-11,3
45,2024-12-21,2025-01-18,4,185.71514892578125,63.9819450378418,136.95986938476562,185.71514892578125,242.1388702392578,481.35504150390625,log,2024-12-21,2025-01-18,4
46,2024-12-21,2024-12-28,1,22.83361053466797,4.358791351318359,17.076194763183594,22.83361053466797,32.621158599853516,39.8687629699707,log,2024-12-21,2024-12-28,1
46,2024-12-21,2025-01-04,2,31.569454193115234,6.7113800048828125,22.482074737548828,31.569454193115234,41.265647888183594,54.58203125,log,2024-12-21,2025-01-04,2
46,2024-12-21,2025-01-11,3,28.427515029907227,7.184421062469482,25.228076934814453,28.427515029907227,47.06124496459961,71.19186401367188,log,2024-12-21,2025-01-11,3
46,2024-12-21,2025-01-18,4,25.27886962890625,4.487078666687012,18.125986099243164,25.27886962890625,48.290191650390625,93.48246002197266,log,2024-12-21,2025-01-18,4
47,2024-12-21,2024-12-28,1,491.47528076171875,135.62112426757812,473.67034912109375,491.47528076171875,645.5275268554688,782.9114990234375,log,2024-12-21,2024-12-28,1
47,2024-12-21,2025-01-04,2,542.2775268554688,145.42649841308594,457.6219787597656,542.2775268554688,574.775390625,813.1123657226562,log,2024-12-21,2025-01-04,2
47,2024-12-21,2025-01-11,3,350.6710205078125,111.35258483886719,296.2821350097656,350.6710205078125,382.57086181640625,699.2162475585938,log,2024-12-21,2025-01-11,3
47,2024-12-21,2025-01-18,4,270.0307922363281,86.43534088134766,208.87594604492188,270.0307922363281,278.1119079589844,513.9420166015625,log,2024-12-21,2025-01-18,4
48,2024-12-21,2024-12-28,1,1318.45263671875,354.3,1213.92138671875,1318.45263671875,1465.6304931640625,1784.43310546875,log,2024-12-21,2024-12-28,1
48,2024-12-21,2025-01-04,2,1131.8525390625,173.6640167236328,1090.989013671875,1131.8525390625,1369.7698974609375,1387.7281494140625,log,2024-12-21,2025-01-04,2
48,2024-12-21,2025-01-11,3,1050.4569091796875,130.34622192382812,899.788818359375,1050.4569091796875,1059.029052734375,1071.4112548828125,log,2024-12-21,2025-01-11,3
48,2024-12-21,2025-01-18,4,782.4910888671875,102.22321319580078,709.8291015625,782.4910888671875,874.5224609375,894.4740600585938,log,2024-12-21,2025-01-18,4
49,2024-12-21,2024-12-28,1,220.90658569335938,93.70406341552734,176.73641967773438,220.90658569335938,273.1887512207031,377.0635986328125,log,2024-12-21,2024-12-28,1
49,2024-12-21,2025-01-04,2,233.248779296875,97.2717514038086,181.695068359375,233.248779296875,238.90036010742188,460.4328308105469,log,2024-12-21,2025-01-04,2
49,2024-12-21,2025-01-11,3,149.66574096679688,78.86503601074219,121.0251693725586,149.66574096679688,167.5126495361328,519.9503784179688,log,2024-12-21,2025-01-11,3
49,2024-12-21,2025-01-18,4,110.6677017211914,70.42691802978516,74.92777252197266,110.6677017211914,136.78099060058594,426.8856506347656,log,2024-12-21,2025-01-18,4
50,2024-12-21,2024-12-28,1,13.849774360656738,2.866570234298706,10.616626739501953,13.849774360656738,17.40254783630371,21.495935440063477,log,2024-12-21,2024-12-28,1
50,2024-12-21,2025-01-04,2,20.753965377807617,2.1791458129882812,12.22856616973877,20.753965377807617,21.366262435913086,34.80287551879883,log,2024-12-21,2025-01-04,2
50,2024-12-21,2025-01-11,3,18.2002010345459,3.2266767024993896,13.463241577148438,18.2002010345459,24.755542755126953,46.894065856933594,log,2024-12-21,2025-01-11,3
50,2024-12-21,2025-01-18,4,18.497047424316406,1.8552364110946655,11.990378379821777,18.497047424316406,32.76155090332031,52.86643981933594,log,2024-12-21,2025-01-18,4
51,2024-12-21,2024-12-28,1,287.1805114746094,112.24150085449219,253.9130859375,287.1805114746094,332.6899108886719,440.1841125488281,log,2024-12-21,2024-12-28,1
51,2024-12-21,2025-01-04,2,346.1906433105469,121.57644653320312,319.2749328613281,346.1906433105469,361.3795166015625,515.7117309570312,log,2024-12-21,2025-01-04,2
51,2024-12-21,2025-01-11,3,301.94390869140625,94.65122985839844,276.17022705078125,301.94390869140625,302.65850830078125,593.2105712890625,log,2024-12-21,2025-01-11,3
51,2024-12-21,2025-01-18,4,262.04766845703125,86.95130157470703,225.51150512695312,262.04766845703125,288.7860107421875,488.73004150390625,log,2024-12-21,2025-01-18,4
53,2024-12-21,2024-12-28,1,500.408447265625,125.39999999999999,454.98846435546875,500.408447265625,638.3804931640625,744.8851318359375,log,2024-12-21,2024-12-28,1
53,2024-12-21,2025-01-04,2,470.5892639160156,138.499267578125,465.2677917480469,470.5892639160156,532.4007568359375,745.5508422851562,log,2024-12-21,2025-01-04,2
53,2024-12-21,2025-01-11,3,349.22283935546875,106.2547836303711,284.63250732421875,349.22283935546875,393.3185119628906,657.290283203125,log,2024-12-21,2025-01-11,3
53,2024-12-21,2025-01-18,4,234.90652465820312,83.18287658691406,185.4654083251953,234.90652465820312,249.4966583251953,501.6223449707031,log,2024-12-21,2025-01-18,4
54,2024-12-21,2024-12-28,1,58.97614669799805,17.441160202026367,45.54944610595703,58.97614669799805,83.95186614990234,97.7030029296875,log,2024-12-21,2024-12-28,1
54,2024-12-21,2025-01-04,2,65.07872772216797,17.10995864868164,47.03621292114258,65.07872772216797,86.67327117919922,139.16590881347656,log,2024-12-21,2025-01-04,2
54,2024-12-21,2025-01-11,3,60.60075378417969,25.319732666015625,48.98202896118164,60.60075378417969,71.4103775024414,182.04884338378906,log,2024-12-21,2025-01-11,3
54,2024-12-21,2025-01-18,4,58.55514144897461,22.73904037475586,39.806739807128906,58.55514144897461,70.2870101928711,205.92391967773438,log,2024-12-21,2025-01-18,4
55,2024-12-21,2024-12-28,1,186.3381805419922,50.57327651977539,130.52828979492188,186.3381805419922,208.4927978515625,301.9356994628906,log,2024-12-21,2024-12-28,1
55,2024-12-21,2025-01-04,2,216.38780212402344,53.12135314941406,151.36129760742188,216.38780212402344,234.49012756347656,441.1240234375,log,2024-12-21,2025-01-04,2
55,2024-12-21,2025-01-11,3,183.70245361328125,56.10536193847656,173.34315490722656,183.70245361328125,195.1100616455078,506.6872253417969,log,2024-12-21,2025-01-11,3
55,2024-12-21,2025-01-18,4,139.8606414794922,46.54914093017578,101.07059478759766,139.8606414794922,155.9514923095703,424.9413757324219,log,2024-12-21,2025-01-18,4
56,2024-12-21,2024-12-28,1,27.07857894897461,9.25122356414795,18.71921157836914,27.07857894897461,38.55762481689453,56.09779357910156,log,2024-12-21,2024-12-28,1
56,2024-12-21,2025-01-04,2,26.169893264770508,12.835734367370605,20.25440788269043,26.169893264770508,41.880672454833984,83.6090087890625,log,2024-12-21,2025-01-04,2
56,2024-12-21,2025-01-11,3,27.07221221923828,13.508557319641113,14.896424293518066,27.07221221923828,41.46163558959961,116.00465393066406,log,2024-12-21,2025-01-11,3
56,2024-12-21,2025-01-18,4,20.90733528137207,9.301369667053223,15.661160469055176,20.90733528137207,39.51591873168945,121.38138580322266,log,2024-12-21,2025-01-18,4
72,2024-12-21,2024-12-28,1,611.692626953125,194.97891235351562,553.9898071289062,611.692626953125,744.4246826171875,916.4010009765625,log,2024-12-21,2024-12-28,1
72,2024-12-21,2025-01-04,2,435.1396179199219,173.6640167236328,406.10528564453125,435.1396179199219,491.1600036621094,756.0634155273438,log,2024-12-21,2025-01-04,2
72,2024-12-21,2025-01-11,3,257.98431396484375,117.93978881835938,218.35037231445312,257.98431396484375,288.0712585449219,549.46630859375,log,2024-12-21,2025-01-11,3
72,2024-12-21,2025-01-18,4,168.06396484375,83.66454315185547,111.96849060058594,168.06396484375,213.51559448242188,507.9590148925781,log,2024-12-21,2025-01-18,4
US,2024-12-21,2024-12-28,1,4834.8,4834.8,4834.8,4834.8,4834.8,4834.8,log,2024-12-21,2024-12-28,1
US,2024-12-21,2025-01-04,2,1622.346923828125,1377.918,1434.538330078125,1622.346923828125,1800.48046875,1951.737060546875,log,2024-12-21,2025-01-04,2
US,2024-12-21,2025-01-11,3,1306.53759765625,372.03786,1240.0333251953125,1306.53759765625,1356.070068359375,1457.3262939453125,log,2024-12-21,2025-01-11,3
US,2024-12-21,2025-01-18,4,1107.6175537109375,102.22321319580078,751.3734741210938,1107.6175537109375,1158.0052490234375,1226.0966796875,log,2024-12-21,2025-01-18,4
01,2024-12-28,2025-01-04,1,615.833251953125,198.29999999999998,613.3232421875,615.833251953125,673.9813842773438,983.1046142578125,log,2024-12-28,2025-01-04,1
01,2024-12-28,2025-01-11,2,439.0411682128906,158.4176483154297,409.3269958496094,439.0411682128906,440.9882507324219,835.98681640625,log,2024-12-28,2025-01-11,2
01,2024-12-28,2025-01-18,3,282.2972717285156,127.0707015991211,279.39892578125,282.2972717285156,294.22772216796875,713.027099609375,log,2024-12-28,2025-01-18,3
01,2024-12-28,2025-01-25,4,237.5652313232422,95.98116302490234,235.8736572265625,237.5652313232422,266.9189147949219,537.4550170898438,log,2024-12-28,2025-01-25,4
02,2024-12-28,2025-01-04,1,32.794708251953125,20.5732479095459,30.512704849243164,32.794708251953125,45.373661041259766,71.12264251708984,log,2024-12-28,2025-01-04,1
02,2024-12-28,2025-01-11,2,26.47956085205078,21.22065544128418,26.18325424194336,26.47956085205078,43.21394729614258,131.26016235351562,log,2024-12-28,2025-01-11,2
02,2024-12-28,2025-01-18,3,17.327011108398438,12.43566608428955,13.819053649902344,17.327011108398438,41.593955993652344,166.32952880859375,log,2024-12-28,2025-01-18,3
02,2024-12-28,2025-01-25,4,17.318706512451172,12.830952644348145,12.95421028137207,17.318706512451172,31.063983917236328,162.30734252929688,log,2024-12-28,2025-01-25,4
04,2024-12-28,2025-01-04,1,1352.595703125,702.0,1311.3203125,1352.595703125,1786.220947265625,2097.597412109375,log,2024-12-28,2025-01-04,1
04,2024-12-28,2025-01-11,2,1016.1383666992188,200.07,981.9472045898438,1016.1383666992188,1130.48828125,1478.0831298828125,log,2024-12-28,2025-01-11,2
04,2024-12-28,2025-01-18,3,861.3807983398438,139.4595489501953,666.856689453125,861.3807983398438,1092.44384765625,1124.28125,log,2024-12-28,2025-01-18,3
04,2024-12-28,2025-01-25,4,695.0404663085938,109.82966613769531,481.1676025390625,695.0404663085938,811.6691284179688,1002.9906005859375,log,2024-12-28,2025-01-25,4
05,2024-12-28,2025-01-04,1,137.54388427734375,66.05534362792969,131.53042602539062,137.54388427734375,177.0102081298828,261.5292663574219,log,2024-12-28,2025-01-04,1
05,2024-12-28,2025-01-11,2,112.75732421875,61.36978530883789,107.76747131347656,112.75732421875,173.8992919921875,547.0272216796875,log,2024-12-28,2025-01-11,2
05,2024-12-28,2025-01-18,3,109.84583282470703,64.78732299804688,90.95487213134766,109.84583282470703,146.2268829345703,454.9552001953125,log,2024-12-28,2025-01-18,3
05,2024-12-28,2025-01-25,4,96.9861831665039,52.48722457885742,76.57183074951172,96.9861831665039,130.55186462402344,384.6187744140625,log,2024-12-28,2025-01-25,4
06,2024-12-28,2025-01-04,1,1441.7899169921875,1156.8,1418.7166748046875,1441.7899169921875,1919.689697265625,2105.154052734375,log,2024-12-28,2025-01-04,1
06,2024-12-28,2025-01-11,2,1229.0721435546875,329.68799999999993,1120.595703125,1229.0721435546875,1271.8060302734375,1484.3543701171875,log,2024-12-28,2025-01-11,2
06,2024-12-28,2025-01-18,3,1072.23388671875,140.98269653320312,830.1900024414062,1072.23388671875,1120.2823486328125,1157.432861328125,log,2024-12-28,2025-01-18,3
06,2024-12-28,2025-01-25,4,918.4882202148438,119.6859130859375,730.0319213867188,918.4882202148438,958.7803344726562,985.1823120117188,log,2024-12-28,2025-01-25,4
08,2024-12-28,2025-01-04,1,473.3311767578125,160.9524383544922,458.7377624511719,473.3311767578125,526.7017822265625,728.7258911132812,log,2024-12-28,2025-01-04,1
08,2024-12-28,2025-01-11,2,356.6040954589844,163.664794921875,312.9826354980469,356.6040954589844,363.8048400878906,800.1613159179688,log,2024-12-28,2025-01-11,2
08,2024-12-28,2025-01-18,3,268.50146484375,128.47598266601562,260.6527099609375,268.50146484375,279.40521240234375,720.5820922851562,log,2024-12-28,2025-01-18,3
08,2024-12-28,2025-01-25,4,242.6015625,100.7962646484375,239.7900390625,242.6015625,250.2626495361328,475.7213439941406,log,2024-12-28,2025-01-25,4
09,2024-12-28,2025-01-04,1,132.912841796875,47.84764862060547,111.36555480957031,132.912841796875,152.18338012695312,350.02886962890625,log,2024-12-28,2025-01-04,1
09,2024-12-28,2025-01-11,2,115.36607360839844,46.59193420410156,91.90784454345703,115.36607360839844,178.7623291015625,528.1448364257812,log,2024-12-28,2025-01-11,2
09,2024-12-28,2025-01-18,3,109.16703796386719,47.57896423339844,88.31809997558594,109.16703796386719,131.6998291015625,522.7005615234375,log,2024-12-28,2025-01-18,3
09,2024-12-28,2025-01-25,4,99.48253631591797,33.81396484375,78.85487365722656,99.48253631591797,120.32817840576172,395.8837890625,log,2024-12-28,2025-01-25,4
10,2024-12-28,2025-01-04,1,87.91373443603516,47.06528854370117,87.27208709716797,87.91373443603516,96.00965118408203,209.2544708251953,log,2024-12-28,2025-01-04,1
10,2024-12-28,2025-01-11,2,75.13176727294922,43.5068473815918,62.642147064208984,75.13176727294922,92.4971923828125,423.6941223144531,log,2024-12-28,2025-01-11,2
10,2024-12-28,2025-01-18,3,45.13262176513672,35.23945617675781,44.29684829711914,45.13262176513672,77.13558959960938,400.7718505859375,log,2024-12-28,2025-01-18,3
10,2024-12-28,2025-01-25,4,33.449459075927734,28.002023696899414,31.478046417236328,33.449459075927734,57.808250427246094,342.932373046875,log,2024-12-28,2025-01-25,4
11,2024-12-28,2025-01-04,1,36.421852111816406,14.559825897216797,27.099037170410156,36.421852111816406,55.090614318847656,82.89507293701172,log,2024-12-28,2025-01-04,1
11,2024-12-28,2025-01-11,2,24.98931884765625,15.356603622436523,24.203516006469727,24.98931884765625,39.86679458618164,143.7433624267578,log,2024-12-28,2025-01-11,2
11,2024-12-28,2025-01-18,3,21.37980079650879,15.077326774597168,15.977394104003906,21.37980079650879,39.76036071777344,245.8196563720703,log,2024-12-28,2025-01-18,3
11,2024-12-28,2025-01-25,4,20.80756187438965,14.80139446258545,16.254594802856445,20.80756187438965,36.845985412597656,223.57159423828125,log,2024-12-28,2025-01-25,4
12,2024-12-28,2025-01-04,1,1399.46728515625,623.1,1358.35498046875,1399.46728515625,1766.2181396484375,2198.233642578125,log,2024-12-28,2025-01-04,1
12,2024-12-28,2025-01-11,2,1056.2591552734375,177.5835,1050.2608642578125,1056.2591552734375,1090.744384765625,1463.5408935546875,log,2024-12-28,2025-01-11,2
12,2024-12-28,2025-01-18,3,956.2879638671875,140.98269653320312,774.9122314453125,956.2879638671875,1015.8522338867188,1163.2652587890625,log,2024-12-28,2025-01-18,3
12,2024-12-28,2025-01-25,4,899.4220581054688,123.33890533447266,706.353515625,899.4220581054688,918.35498046875,1038.6451416015625,log,2024-12-28,2025-01-25,4
13,2024-12-28,2025-01-04,1,861.985107421875,240.0,841.251953125,861.985107421875,886.6563720703125,1181.953369140625,log,2024-12-28,2025-01-04,1
13,2024-12-28,2025-01-11,2,682.8982543945312,163.664794921875,675.0440673828125,682.8982543945312,706.1984252929688,1078.5418701171875,log,2024-12-28,2025-01-11,2
13,2024-12-28,2025-01-18,3,470.2338562011719,135.24041748046875,404.2011413574219,470.2338562011719,516.3941650390625,945.524658203125,log,2024-12-28,2025-01-18,3
13,2024-12-28,2025-01-25,4,421.66436767578125,101.44879150390625,385.7638244628906,421.66436767578125,475.05120849609375,647.67431640625,log,2024-12-28,2025-01-25,4
15,2024-12-28,2025-01-04,1,65.28868865966797,42.38990020751953,56.79759979248047,65.28868865966797,73.68573760986328,117.70018005371094,log,2024-12-28,2025-01-04,1
15,2024-12-28,2025-01-11,2,51.221717834472656,43.97780990600586,47.458431243896484,51.221717834472656,53.7541618347168,188.77020263671875,log,2024-12-28,2025-01-11,2
15,2024-12-28,2025-01-18,3,39.12757873535156,29.80777359008789,35.03105926513672,39.12757873535156,43.858402252197266,294.40924072265625,log,2024-12-28,2025-01-18,3
15,2024-12-28,2025-01-25,4,31.504615783691406,22.478336334228516,30.039594650268555,31.504615783691406,33.32743835449219,251.62294006347656,log,2024-12-28,2025-01-25,4
16,2024-12-28,2025-01-04,1,268.10260009765625,151.670166015625,266.4241943359375,268.10260009765625,345.1785888671875,613.0388793945312,log,2024-12-28,2025-01-04,1
16,2024-12-28,2025-01-11,2,183.95848083496094,141.57986450195312,162.69747924804688,183.95848083496094,184.52273559570312,526.2548217773438,log,2024-12-28,2025-01-11,2
16,2024-12-28,2025-01-18,3,117.58539581298828,91.46998596191406,93.59908294677734,117.58539581298828,149.6285400390625,527.3269653320312,log,2024-12-28,2025-01-18,3
16,2024-12-28,2025-01-25,4,79.38859558105469,74.50736236572266,77.33734130859375,79.38859558105469,110.51041412353516,392.1231689453125,log,2024-12-28,2025-01-25,4
17,2024-12-28,2025-01-04,1,957.4266357421875,342.9,955.6655883789062,957.4266357421875,1050.676513671875,1516.706298828125,log,2024-12-28,2025-01-04,1
17,2024-12-28,2025-01-11,2,752.2012329101562,163.664794921875,720.1593627929688,752.2012329101562,778.4290771484375,1121.0059814453125,log,2024-12-28,2025-01-11,2
17,2024-12-28,2025-01-18,3,503.2754211425781,135.24041748046875,482.67730712890625,503.2754211425781,542.7518310546875,953.6318359375,log,2024-12-28,2025-01-18,3
17,2024-12-28,2025-01-25,4,504.31793212890625,104.0153579711914,490.654541015625,504.31793212890625,547.96484375,654.5115356445312,log,2024-12-28,2025-01-25,4
18,2024-12-28,2025-01-04,1,655.1992797851562,177.3006591796875,630.7230224609375,655.1992797851562,669.0640869140625,934.4424438476562,log,2024-12-28,2025-01-04,1
18,2024-12-28,2025-01-11,2,482.3335266113281,143.78636169433594,462.41400146484375,482.3335266113281,509.2313537597656,847.85986328125,log,2024-12-28,2025-01-11,2
18,2024-12-28,2025-01-18,3,344.46044921875,115.4635009765625,316.809814453125,344.46044921875,375.3805236816406,731.8121948242188,log,2024-12-28,2025-01-18,3
18,2024-12-28,2025-01-25,4,331.50848388671875,96.26728057861328,330.7615966796875,331.50848388671875,412.9530334472656,534.3137817382812,log,2024-12-28,2025-01-25,4
19,2024-12-28,2025-01-04,1,109.1250228881836,47.06528854370117,94.64192199707031,109.1250228881836,129.43069458007812,295.7125549316406,log,2024-12-28,2025-01-04,1
19,2024-12-28,2025-01-11,2,104.39893341064453,44.46837615966797,88.57076263427734,104.39893341064453,145.4099578857422,502.9720458984375,log,2024-12-28,2025-01-11,2
19,2024-12-28,2025-01-18,3,85.36931610107422,42.6947135925293,84.6819839477539,85.36931610107422,103.22257232666016,436.8157043457031,log,2024-12-28,2025-01-18,3
19,2024-12-28,2025-01-25,4,89.12600708007812,30.252147674560547,61.21669387817383,89.12600708007812,99.64691925048828,412.0697021484375,log,2024-12-28,2025-01-25,4
20,2024-12-28,2025-01-04,1,247.99282836914062,114.03587341308594,242.6015625,247.99282836914062,249.87905883789062,460.2486877441406,log,2024-12-28,2025-01-04,1
20,2024-12-28,2025-01-11,2,166.426025390625,111.21284484863281,151.7566680908203,166.426025390625,196.97642517089844,478.7435302734375,log,2024-12-28,2025-01-11,2
20,2024-12-28,2025-01-18,3,103.22818756103516,83.22527313232422,101.35581970214844,103.22818756103516,145.9053497314453,442.4378967285156,log,2024-12-28,2025-01-18,3
20,2024-12-28,2025-01-25,4,98.36952209472656,85.09381866455078,87.74620819091797,98.36952209472656,114.43287658691406,380.9554138183594,log,2024-12-28,2025-01-25,4
21,2024-12-28,2025-01-04,1,559.646240234375,154.5,510.6641845703125,559.646240234375,650.1494750976562,898.2999877929688,log,2024-12-28,2025-01-04,1
21,2024-12-28,2025-01-11,2,404.310302734375,134.68092346191406,366.1429443359375,404.310302734375,420.6785583496094,835.4421997070312,log,2024-12-28,2025-01-11,2
21,2024-12-28,2025-01-18,3,264.6200866699219,94.83415985107422,229.21539306640625,264.6200866699219,271.0699157714844,675.6858520507812,log,2024-12-28,2025-01-18,3
21,2024-12-28,2025-01-25,4,219.62509155273438,95.25270080566406,209.03453063964844,219.62509155273438,250.9167022705078,500.01458740234375,log,2024-12-28,2025-01-25,4
22,2024-12-28,2025-01-04,1,520.8267822265625,225.54867553710938,505.6707458496094,520.8267822265625,632.96484375,883.1185913085938,log,2024-12-28,2025-01-04,1
22,2024-12-28,2025-01-11,2,368.7531433105469,172.44778442382812,361.7794189453125,368.7531433105469,394.45660400390625,824.9684448242188,log,2024-12-28,2025-01-11,2
22,2024-12-28,2025-01-18,3,237.07203674316406,127.0707015991211,225.0093994140625,237.07203674316406,321.041259765625,653.4983520507812,log,2024-12-28,2025-01-18,3
22,2024-12-28,2025-01-25,4,232.35812377929688,107.80435180664062,198.5345916748047,232.35812377929688,232.55850219726562,572.5115356445312,log,2024-12-28,2025-01-25,4
23,2024-12-28,2025-01-04,1,32.69635772705078,9.303152084350586,25.57163429260254,32.69635772705078,59.47378921508789,65.3515625,log,2024-12-28,2025-01-04,1
23,2024-12-28,2025-01-11,2,31.102006912231445,14.756766319274902,26.45684814453125,31.102006912231445,55.159446716308594,131.26589965820312,log,2024-12-28,2025-01-11,2
23,2024-12-28,2025-01-18,3,26.111900329589844,17.175369262695312,23.340038299560547,26.111900329589844,56.15121078491211,208.44215393066406,log,2024-12-28,2025-01-18,3
23,2024-12-28,2025-01-25,4,23.515195846557617,14.219562530517578,23.14335823059082,23.515195846557617,54.19631576538086,179.25958251953125,log,2024-12-28,2025-01-25,4
24,2024-12-28,2025-01-04,1,255.26210021972656,116.45189666748047,220.75637817382812,255.26210021972656,268.42926025390625,450.84552001953125,log,2024-12-28,2025-01-04,1
24,2024-12-28,2025-01-11,2,214.5094757080078,113.73074340820312,198.11221313476562,214.5094757080078,278.4465637207031,568.322021484375,log,2024-12-28,2025-01-11,2
24,2024-12-28,2025-01-18,3,165.95175170898438,84.16313171386719,152.79061889648438,165.95175170898438,180.56832885742188,534.9091186523438,log,2024-12-28,2025-01-18,3
24,2024-12-28,2025-01-25,4,153.89271545410156,87.9580078125,147.32662963867188,153.89271545410156,167.2459259033203,474.5679626464844,log,2024-12-28,2025-01-25,4
25,2024-12-28,2025-01-04,1,321.7972106933594,151.33535766601562,275.12164306640625,321.7972106933594,344.1204528808594,539.9868774414062,log,2024-12-28,2025-01-04,1
25,2024-12-28,2025-01-11,2,265.5272216796875,149.96331787109375,257.2651062011719,265.5272216796875,281.9942932128906,598.3115234375,log,2024-12-28,2025-01-11,2
25,2024-12-28,2025-01-18,3,232.22384643554688,117.2884521484375,211.59568786621094,232.22384643554688,240.9163818359375,642.6864624023438,log,2024-12-28,2025-01-18,3
25,2024-12-28,2025-01-25,4,241.74349975585938,94.15065002441406,175.54266357421875,241.74349975585938,256.4656066894531,455.8633728027344,log,2024-12-28,2025-01-25,4
26,2024-12-28,2025-01-04,1,616.7675170898438,190.75196838378906,612.6390380859375,616.7675170898438,644.2589721679688,865.42138671875,log,2024-12-28,2025-01-04,1
26,2024-12-28,2025-01-11,2,538.605224609375,163.664794921875,520.0485229492188,538.605224609375,612.1044311523438,870.4597778320312,log,2024-12-28,2025-01-11,2
26,2024-12-28,2025-01-18,3,447.7052307128906,140.6271514892578,409.4935607910156,447.7052307128906,503.0141296386719,788.9818115234375,log,2024-12-28,2025-01-18,3
26,2024-12-28,2025-01-25,4,483.3630065917969,105.12230682373047,350.6597900390625,483.3630065917969,516.7918090820312,639.0320434570312,log,2024-12-28,2025-01-25,4
27,2024-12-28,2025-01-04,1,724.4308471679688,162.9,553.0138549804688,724.4308471679688,736.0335693359375,918.0385131835938,log,2024-12-28,2025-01-04,1
27,2024-12-28,2025-01-11,2,428.5261535644531,131.572509765625,402.26666259765625,428.5261535644531,548.6589965820312,941.5967407226562,log,2024-12-28,2025-01-11,2
27,2024-12-28,2025-01-18,3,279.79522705078125,94.59418487548828,250.75819396972656,279.79522705078125,369.0993957519531,778.6640014648438,log,2024-12-28,2025-01-18,3
27,2024-12-28,2025-01-25,4,216.30001831054688,91.81954956054688,211.2163848876953,216.30001831054688,271.4430236816406,533.4046020507812,log,2024-12-28,2025-01-25,4
28,2024-12-28,2025-01-04,1,222.33978271484375,102.58477783203125,213.71986389160156,222.33978271484375,224.36026000976562,448.6047668457031,log,2024-12-28,2025-01-04,1
28,2024-12-28,2025-01-11,2,168.31398010253906,101.17816925048828,162.05227661132812,168.31398010253906,218.164794921875,497.9737548828125,log,2024-12-28,2025-01-11,2
28,2024-12-28,2025-01-18,3,150.60325622558594,87.73377227783203,149.1183624267578,150.60325622558594,167.66136169433594,501.0551452636719,log,2024-12-28,2025-01-18,3
28,2024-12-28,2025-01-25,4,143.1356201171875,82.62822723388672,108.92838287353516,143.1356201171875,169.30108642578125,396.2096252441406,log,2024-12-28,2025-01-25,4
29,2024-12-28,2025-01-04,1,645.3678588867188,183.29999999999998,605.9132080078125,645.3678588867188,675.8675537109375,915.9439697265625,log,2024-12-28,2025-01-04,1
29,2024-12-28,2025-01-11,2,452.37548828125,136.54251098632812,413.652587890625,452.37548828125,463.4227600097656,849.9688720703125,log,2024-12-28,2025-01-11,2
29,2024-12-28,2025-01-18,3,306.5825500488281,104.37566375732422,274.0418701171875,306.5825500488281,309.2914733886719,680.1618041992188,log,2024-12-28,2025-01-18,3
29,2024-12-28,2025-01-25,4,258.4690856933594,96.26728057861328,256.3086242675781,258.4690856933594,312.21014404296875,519.7156982421875,log,2024-12-28,2025-01-25,4
30,2024-12-28,2025-01-04,1,58.3943977355957,19.234407424926758,46.54991149902344,58.3943977355957,66.4914779663086,125.7442398071289,log,2024-12-28,2025-01-04,1
30,2024-12-28,2025-01-11,2,52.44222640991211,23.32415008544922,47.5697021484375,52.44222640991211,58.3927001953125,268.287841796875,log,2024-12-28,2025-01-11,2
30,2024-12-28,2025-01-18,3,42.885406494140625,23.896202087402344,32.032630920410156,42.885406494140625,60.00205612182617,402.73016357421875,log,2024-12-28,2025-01-18,3
30,2024-12-28,2025-01-25,4,40.50990676879883,25.57925033569336,28.848173141479492,40.50990676879883,69.11256408691406,298.1127014160156,log,2024-12-28,2025-01-25,4
31,2024-12-28,2025-01-04,1,145.02655029296875,74.25604248046875,144.36163330078125,145.02655029296875,150.4161376953125,303.37640380859375,log,2024-12-28,2025-01-04,1
31,2024-12-28,2025-01-11,2,99.2425308227539,69.9859619140625,89.63822174072266,99.2425308227539,157.0833282470703,438.4972229003906,log,2024-12-28,2025-01-11,2
31,2024-12-28,2025-01-18,3,68.30782318115234,51.55971908569336,68.04825592041016,68.30782318115234,93.5584945678711,434.6850280761719,log,2024-12-28,2025-01-18,3
31,2024-12-28,2025-01-25,4,52.668128967285156,34.07186508178711,46.26506042480469,52.668128967285156,68.88282775878906,347.7002868652344,log,2024-12-28,2025-01-25,4
32,2024-12-28,2025-01-04,1,272.7935485839844,161.86082458496094,236.98565673828125,272.7935485839844,280.50201416015625,463.4147644042969,log,2024-12-28,2025-01-04,1
32,2024-12-28,2025-01-11,2,205.2501220703125,150.235595703125,200.95346069335938,205.2501220703125,215.7398681640625,470.3603820800781,log,2024-12-28,2025-01-11,2
32,2024-12-28,2025-01-18,3,118.62767791748047,113.9114761352539,115.93582916259766,118.62767791748047,177.08738708496094,448.7895812988281,log,2024-12-28,2025-01-18,3
32,2024-12-28,2025-01-25,4,111.89999389648438,90.17069244384766,99.09040832519531,111.89999389648438,142.48040771484375,387.9715576171875,log,2024-12-28,2025-01-25,4
33,2024-12-28,2025-01-04,1,58.93437957763672,34.100399017333984,55.86683654785156,58.93437957763672,75.42631530761719,102.51959991455078,log,2024-12-28,2025-01-04,1
33,2024-12-28,2025-01-11,2,49.85906219482422,40.63959884643555,46.96722412109375,49.85906219482422,54.52497100830078,181.49386596679688,log,2024-12-28,2025-01-11,2
33,2024-12-28,2025-01-18,3,33.321266174316406,31.78509521484375,32.05369567871094,33.321266174316406,48.08563232421875,316.3756408691406,log,2024-12-28,2025-01-18,3
33,2024-12-28,2025-01-25,4,30.69813346862793,20.864032745361328,27.12643814086914,30.69813346862793,38.00050735473633,262.2307434082031,log,2024-12-28,2025-01-25,4
34,2024-12-28,2025-01-04,1,736.8391723632812,216.9,724.9523315429688,736.8391723632812,759.21240234375,1077.3173828125,log,2024-12-28,2025-01-04,1
34,2024-12-28,2025-01-11,2,609.7977294921875,163.664794921875,563.3812866210938,609.7977294921875,643.5015869140625,865.1458740234375,log,2024-12-28,2025-01-11,2
34,2024-12-28,2025-01-18,3,489.0098876953125,140.6271514892578,482.5569152832031,489.0098876953125,522.7525024414062,841.729248046875,log,2024-12-28,2025-01-18,3
34,2024-12-28,2025-01-25,4,466.3966064453125,108.43305206298828,404.8133239746094,466.3966064453125,475.53973388671875,621.710693359375,log,2024-12-28,2025-01-25,4
35,2024-12-28,2025-01-04,1,231.2375030517578,168.40296936035156,192.4287567138672,231.2375030517578,267.668212890625,439.5208740234375,log,2024-12-28,2025-01-04,1
35,2024-12-28,2025-01-11,2,155.44190979003906,145.54734802246094,146.8189697265625,155.44190979003906,173.16973876953125,444.31634521484375,log,2024-12-28,2025-01-11,2
35,2024-12-28,2025-01-18,3,109.20539093017578,90.07383728027344,93.05426025390625,109.20539093017578,152.59121704101562,441.3800048828125,log,2024-12-28,2025-01-18,3
35,2024-12-28,2025-01-25,4,83.30708312988281,76.86155700683594,82.08004760742188,83.30708312988281,103.87303924560547,382.5586242675781,log,2024-12-28,2025-01-25,4
36,2024-12-28,2025-01-04,1,1194.5184326171875,458.4,1131.111083984375,1194.5184326171875,1370.3837890625,1919.2794189453125,log,2024-12-28,2025-01-04,1
36,2024-12-28,2025-01-11,2,920.8984375,174.67042541503906,884.6937255859375,920.8984375,972.0838623046875,1286.1654052734375,log,2024-12-28,2025-01-11,2
36,2024-12-28,2025-01-18,3,648.930419921875,140.6271514892578,625.5078125,648.930419921875,720.4454956054688,1125.2550048828125,log,2024-12-28,2025-01-18,3
36,2024-12-28,2025-01-25,4,655.55322265625,107.30819702148438,584.9932250976562,655.55322265625,703.8455200195312,726.1631469726562,log,2024-12-28,2025-01-25,4
37,2024-12-28,2025-01-04,1,720.1858520507812,183.29999999999998,690.6629028320312,720.1858520507812,730.0064697265625,941.17431640625,log,2024-12-28,2025-01-04,1
37,2024-12-28,2025-01-11,2,528.9083862304688,143.78636169433594,526.1796875,528.9083862304688,633.1181030273438,908.6104125976562,log,2024-12-28,2025-01-11,2
37,2024-12-28,2025-01-18,3,388.15484619140625,115.58523559570312,387.268310546875,388.15484619140625,438.07513427734375,785.1736450195312,log,2024-12-28,2025-01-18,3
37,2024-12-28,2025-01-25,4,384.55810546875,96.26728057861328,345.2332458496094,384.55810546875,468.8306884765625,546.7860717773438,log,2024-12-28,2025-01-25,4
38,2024-12-28,2025-01-04,1,24.446203231811523,6.6,21.149354934692383,24.446203231811523,43.8617057800293,52.21551513671875,log,2024-12-28,2025-01-04,1
38,2024-12-28,2025-01-11,2,26.911701202392578,10.412334442138672,23.124967575073242,26.911701202392578,42.410152435302734,97.78653717041016,log,2024-12-28,2025-01-11,2
38,2024-12-28,2025-01-18,3,22.60793113708496,8.757024765014648,17.51675796508789,22.60793113708496,48.350807189941406,122.8487777709961,log,2024-12-28,2025-01-18,3
38,2024-12-28,2025-01-25,4,20.733152389526367,11.441843032836914,19.54908561706543,20.733152389526367,48.354034423828125,113.61531829833984,log,2024-12-28,2025-01-25,4
39,2024-12-28,2025-01-04,1,760.7886962890625,217.5,738.6773071289062,760.7886962890625,768.5084838867188,1042.3211669921875,log,2024-12-28,2025-01-04,1
39,2024-12-28,2025-01-11,2,602.4580688476562,163.664794921875,589.24853515625,602.4580688476562,629.3541870117188,901.1652221679688,log,2024-12-28,2025-01-11,2
39,2024-12-28,2025-01-18,3,446.40496826171875,133.5434112548828,427.7677917480469,446.40496826171875,451.48590087890625,912.3377685546875,log,2024-12-28,2025-01-18,3
39,2024-12-28,2025-01-25,4,382.1040344238281,105.12230682373047,356.5074157714844,382.1040344238281,461.05987548828125,568.95703125,log,2024-12-28,2025-01-25,4
40,2024-12-28,2025-01-04,1,312.0293273925781,106.05213928222656,272.93914794921875,312.0293273925781,332.2127380371094,621.0699462890625,log,2024-12-28,2025-01-04,1
40,2024-12-28,2025-01-11,2,168.9991912841797,113.09293365478516,166.55612182617188,168.9991912841797,226.37051391601562,527.3433227539062,log,2024-12-28,2025-01-11,2
40,2024-12-28,2025-01-18,3,134.7271270751953,83.4014892578125,126.20220184326172,134.7271270751953,167.0443572998047,518.9505004882812,log,2024-12-28,2025-01-18,3
40,2024-12-28,2025-01-25,4,101.1093978881836,85.2246322631836,100.28246307373047,101.1093978881836,129.294189453125,378.5396728515625,log,2024-12-28,2025-01-25,4
41,2024-12-28,2025-01-04,1,490.4382019042969,217.00877380371094,489.74224853515625,490.4382019042969,547.3280639648438,844.5484619140625,log,2024-12-28,2025-01-04,1
41,2024-12-28,2025-01-11,2,323.1800537109375,156.40065002441406,297.1553649902344,323.1800537109375,349.49615478515625,781.6946411132812,log,2024-12-28,2025-01-11,2
41,2024-12-28,2025-01-18,3,168.25311279296875,122.28443145751953,156.1713104248047,168.25311279296875,220.72740173339844,598.4501342773438,log,2024-12-28,2025-01-18,3
41,2024-12-28,2025-01-25,4,120.41754150390625,91.93048858642578,117.98493957519531,120.41754150390625,174.94320678710938,492.89288330078125,log,2024-12-28,2025-01-25,4
42,2024-12-28,2025-01-04,1,1014.6359252929688,362.4,982.6814575195312,1014.6359252929688,1114.4232177734375,1601.1812744140625,log,2024-12-28,2025-01-04,1
42,2024-12-28,2025-01-11,2,789.8558349609375,177.52430725097656,719.503173828125,789.8558349609375,884.5484619140625,1153.126220703125,log,2024-12-28,2025-01-11,2
42,2024-12-28,2025-01-18,3,587.7733154296875,140.6271514892578,523.763671875,587.7733154296875,707.88720703125,1043.8570556640625,log,2024-12-28,2025-01-18,3
42,2024-12-28,2025-01-25,4,576.5944213867188,122.87736511230469,527.83935546875,576.5944213867188,714.7970581054688,797.9254150390625,log,2024-12-28,2025-01-25,4
44,2024-12-28,2025-01-04,1,75.6854248046875,34.901405334472656,64.61507415771484,75.6854248046875,77.48786926269531,143.67283630371094,log,2024-12-28,2025-01-04,1
44,2024-12-28,2025-01-11,2,51.8062744140625,38.81068801879883,45.04644775390625,51.8062744140625,59.72026443481445,244.5355682373047,log,2024-12-28,2025-01-11,2
44,2024-12-28,2025-01-18,3,38.3486442565918,30.206327438354492,38.27456283569336,38.3486442565918,53.04066467285156,352.1466064453125,log,2024-12-28,2025-01-18,3
44,2024-12-28,2025-01-25,4,28.22834014892578,21.735576629638672,25.129653930664062,28.22834014892578,46.35681915283203,293.2245788574219,log,2024-12-28,2025-01-25,4
45,2024-12-28,2025-01-04,1,343.40057373046875,125.69112396240234,335.4595947265625,343.40057373046875,414.8408203125,645.2433471679688,log,2024-12-28,2025-01-04,1
45,2024-12-28,2025-01-11,2,281.07049560546875,126.12507629394531,252.77511596679688,281.07049560546875,344.2437438964844,711.7440185546875,log,2024-12-28,2025-01-11,2
45,2024-12-28,2025-01-18,3,212.86317443847656,94.97734832763672,203.26553344726562,212.86317443847656,213.1046905517578,674.34228515625,log,2024-12-28,2025-01-18,3
45,2024-12-28,2025-01-25,4,203.4883270263672,90.73077392578125,200.45370483398438,203.4883270263672,217.5004119873047,476.92034912109375,log,2024-12-28,2025-01-25,4
46,2024-12-28,2025-01-04,1,33.75237274169922,11.363499641418457,24.406986236572266,33.75237274169922,63.012054443359375,75.5262680053711,log,2024-12-28,2025-01-04,1
46,2024-12-28,2025-01-11,2,29.537940979003906,12.338913917541504,25.247730255126953,29.537940979003906,42.58293151855469,132.02293395996094,log,2024-12-28,2025-01-11,2
46,2024-12-28,2025-01-18,3,25.52124786376953,15.965599060058594,20.4696102142334,25.52124786376953,47.55377960205078,231.54379272460938,log,2024-12-28,2025-01-18,3
46,2024-12-28,2025-01-25,4,23.438722610473633,12.841904640197754,15.96220588684082,23.438722610473633,42.273223876953125,192.9413299560547,log,2024-12-28,2025-01-25,4
47,2024-12-28,2025-01-04,1,717.0847778320312,224.1,698.7062377929688,717.0847778320312,795.9024047851562,1193.0155029296875,log,2024-12-28,2025-01-04,1
47,2024-12-28,2025-01-11,2,520.7667846679688,161.43612670898438,503.4904479980469,520.7667846679688,548.704833984375,880.5775756835938,log,2024-12-28,2025-01-11,2
47,2024-12-28,2025-01-18,3,368.0179443359375,134.89926147460938,364.44659423828125,368.0179443359375,380.7509460449219,771.4955444335938,log,2024-12-28,2025-01-18,3
47,2024-12-28,2025-01-25,4,323.18731689453125,106.19286346435547,309.7550964355469,323.18731689453125,358.2143249511719,581.6377563476562,log,2024-12-28,2025-01-25,4
48,2024-12-28,2025-01-04,1,1460.10205078125,625.8,1316.240478515625,1460.10205078125,1674.2249755859375,2215.99072265625,log,2024-12-28,2025-01-04,1
48,2024-12-28,2025-01-11,2,1050.1025390625,178.35299999999998,1045.7340087890625,1050.1025390625,1104.637451171875,1519.237060546875,log,2024-12-28,2025-01-11,2
48,2024-12-28,2025-01-18,3,809.7891845703125,134.89926147460938,663.7199096679688,809.7891845703125,820.5384521484375,1149.2474365234375,log,2024-12-28,2025-01-18,3
48,2024-12-28,2025-01-25,4,667.4910278320312,119.57720184326172,606.962890625,667.4910278320312,753.5169067382812,842.1822509765625,log,2024-12-28,2025-01-25,4
49,2024-12-28,2025-01-04,1,299.0785827636719,140.57577514648438,294.9028015136719,299.0785827636719,342.6241760253906,617.868408203125,log,2024-12-28,2025-01-04,1
49,2024-12-28,2025-01-11,2,222.377685546875,131.0090789794922,211.6897735595703,222.377685546875,230.5251007080078,598.999755859375,log,2024-12-28,2025-01-11,2
49,2024-12-28,2025-01-18,3,118.28642272949219,100.11746978759766,116.0025863647461,118.28642272949219,165.47415161132812,518.6734008789062,log,2024-12-28,2025-01-18,3
49,2024-12-28,2025-01-25,4,86.8456802368164,76.66325378417969,84.9380874633789,86.8456802368164,142.1262969970703,406.56268310546875,log,2024-12-28,2025-01-25,4
50,2024-12-28,2025-01-04,1,20.082660675048828,5.7,14.81195068359375,20.082660675048828,40.491554260253906,46.45813751220703,log,2024-12-28,2025-01-04,1
50,2024-12-28,2025-01-11,2,19.57451820373535,6.190860748291016,14.448885917663574,19.57451820373535,31.139686584472656,71.40322875976562,log,2024-12-28,2025-01-11,2
50,2024-12-28,2025-01-18,3,19.315502166748047,4.233381748199463,13.366966247558594,19.315502166748047,39.79447555541992,108.62640380859375,log,2024-12-28,2025-01-18,3
50,2024-12-28,2025-01-25,4,14.440762519836426,6.811230659484863,9.611954689025879,14.440762519836426,34.34629821777344,106.30762481689453,log,2024-12-28,2025-01-25,4
51,2024-12-28,2025-01-04,1,430.0763244628906,154.92819213867188,407.0062255859375,430.0763244628906,459.60626220703125,648.951171875,log,2024-12-28,2025-01-04,1
51,2024-12-28,2025-01-11,2,361.5703430175781,148.16001892089844,330.5044860839844,361.5703430175781,380.94158935546875,703.7987670898438,log,2024-12-28,2025-01-11,2
51,2024-12-28,2025-01-18,3,274.1756591796875,110.86073303222656,267.30963134765625,274.1756591796875,298.698486328125,689.0079345703125,log,2024-12-28,2025-01-18,3
51,2024-12-28,2025-01-25,4,289.0519714355469,92.30221557617188,261.83978271484375,289.0519714355469,324.7416687011719,515.6853637695312,log,2024-12-28,2025-01-25,4
53,2024-12-28,2025-01-04,1,591.1070556640625,183.61924743652344,556.1406860351562,591.1070556640625,623.7313232421875,832.1963500976562,log,2024-12-28,2025-01-04,1
53,2024-12-28,2025-01-11,2,439.83734130859375,148.16001892089844,414.0147705078125,439.83734130859375,481.7160339355469,796.6525268554688,log,2024-12-28,2025-01-11,2
53,2024-12-28,2025-01-18,3,332.8592529296875,119.7762451171875,243.7467803955078,332.8592529296875,361.47698974609375,671.5038452148438,log,2024-12-28,2025-01-18,3
53,2024-12-28,2025-01-25,4,241.3087921142578,93.52455139160156,174.61891174316406,241.3087921142578,304.4198303222656,539.139892578125,log,2024-12-28,2025-01-25,4
54,2024-12-28,2025-01-04,1,115.74127960205078,46.38541793823242,86.66474151611328,115.74127960205078,134.26039123535156,221.33956909179688,log,2024-12-28,2025-01-04,1
54,2024-12-28,2025-01-11,2,93.06085205078125,41.89862823486328,82.24810791015625,93.06085205078125,124.54071807861328,473.4123840332031,log,2024-12-28,2025-01-11,2
54,2024-12-28,2025-01-18,3,78.03292083740234,40.62541198730469,74.3320083618164,78.03292083740234,112.89382934570312,474.3106384277344,log,2024-12-28,2025-01-18,3
54,2024-12-28,2025-01-25,4,62.73395538330078,29.70730209350586,51.229164123535156,62.73395538330078,96.19398498535156,400.10302734375,log,2024-12-28,2025-01-25,4
55,2024-12-28,2025-01-04,1,280.4136962890625,110.38945770263672,263.2696838378906,280.4136962890625,333.4325256347656,608.3257446289062,log,2024-12-28,2025-01-04,1
55,2024-12-28,2025-01-11,2,220.6240234375,118.44921112060547,205.0076446533203,220.6240234375,284.3610534667969,607.2429809570312,log,2024-12-28,2025-01-11,2
55,2024-12-28,2025-01-18,3,191.2490997314453,82.04064178466797,160.3779754638672,191.2490997314453,198.80499267578125,660.3487548828125,log,2024-12-28,2025-01-18,3
55,2024-12-28,2025-01-25,4,131.97796630859375,86.0013198852539,126.45076751708984,131.97796630859375,166.85816955566406,511.6735534667969,log,2024-12-28,2025-01-25,4
56,2024-12-28,2025-01-04,1,55.53460693359375,25.2,48.65920639038086,55.53460693359375,75.91027069091797,155.05337524414062,log,2024-12-28,2025-01-04,1
56,2024-12-28,2025-01-11,2,40.70709228515625,22.866619110107422,36.09294891357422,40.70709228515625,61.062259674072266,336.201171875,log,2024-12-28,2025-01-11,2
56,2024-12-28,2025-01-18,3,29.347698211669922,20.55802345275879,24.038171768188477,29.347698211669922,53.5732421875,373.3461608886719,log,2024-12-28,2025-01-18,3
56,2024-12-28,2025-01-25,4,27.961870193481445,19.411457061767578,25.418323516845703,27.961870193481445,55.562355041503906,308.6615295410156,log,2024-12-28,2025-01-25,4
72,2024-12-28,2025-01-04,1,560.38427734375,225.54867553710938,475.5535888671875,560.38427734375,606.4490966796875,994.3807373046875,log,2024-12-28,2025-01-04,1
72,2024-12-28,2025-01-11,2,381.6096496582031,175.2655792236328,268.6298828125,381.6096496582031,392.5632019042969,906.602294921875,log,2024-12-28,2025-01-11,2
72,2024-12-28,2025-01-18,3,213.49412536621094,123.13102722167969,180.83804321289062,213.49412536621094,277.1954650878906,735.898681640625,log,2024-12-28,2025-01-18,3
72,2024-12-28,2025-01-25,4,154.3022918701172,97.40557861328125,112.71637725830078,154.3022918701172,215.7894744873047,610.6566162109375,log,2024-12-28,2025-01-25,4
US,2024-12-28,2025-01-04,1,8589.0,8589.0,8589.0,8589.0,8589.0,8589.0,log,2024-12-28,2025-01-04,1
US,2024-12-28,2025-01-11,2,2447.865,2447.865,2447.865,2447.865,2447.865,2447.865,log,2024-12-28,2025-01-11,2
US,2024-12-28,2025-01-18,3,874.6514892578125,660.92355,729.7841186523438,874.6514892578125,1034.48681640625,1247.2454833984375,log,2024-12-28,2025-01-18,3
US,2024-12-28,2025-01-25,4,784.8820190429688,168.53550525,658.2046508789062,784.8820190429688,951.9267578125,1102.0928955078125,log,2024-12-28,2025-01-25,4
01,2025-01-04,2025-01-11,1,511.0984191894531,205.2,476.0742492675781,511.0984191894531,555.8570556640625,921.6680908203125,log,2025-01-04,2025-01-11,1
01,2025-01-04,2025-01-18,2,357.97821044921875,141.55796813964844,330.68914794921875,357.97821044921875,379.65557861328125,724.4121704101562,log,2025-01-04,2025-01-18,2
01,2025-01-04,2025-01-25,3,372.19854736328125,119.10035705566406,321.79058837890625,372.19854736328125,403.4947814941406,577.4844360351562,log,2025-01-04,2025-01-25,3
01,2025-01-04,2025-02-01,4,294.3720397949219,90.3995590209961,238.35006713867188,294.3720397949219,300.8231506347656,590.1673583984375,log,2025-01-04,2025-02-01,4
02,2025-01-04,2025-01-11,1,48.621334075927734,33.969635009765625,39.44579315185547,48.621334075927734,62.1854362487793,117.08297729492188,log,2025-01-04,2025-01-11,1
02,2025-01-04,2025-01-18,2,34.77389907836914,25.862369537353516,28.359893798828125,34.77389907836914,40.52827835083008,141.34617614746094,log,2025-01-04,2025-01-18,2
02,2025-01-04,2025-01-25,3,20.17167091369629,18.856760025024414,19.99891471862793,20.17167091369629,42.942909240722656,147.56298828125,log,2025-01-04,2025-01-25,3
02,2025-01-04,2025-02-01,4,25.496959686279297,16.29953956604004,17.603315353393555,25.496959686279297,37.42417907714844,152.18031311035156,log,2025-01-04,2025-02-01,4
04,2025-01-04,2025-01-11,1,1392.702880859375,853.8,1247.6138916015625,1392.702880859375,1685.4384765625,2506.0673828125,log,2025-01-04,2025-01-11,1
04,2025-01-04,2025-01-18,2,885.3037719726562,243.33299999999997,814.9879760742188,885.3037719726562,1031.3271484375,1523.446533203125,log,2025-01-04,2025-01-18,2
04,2025-01-04,2025-01-25,3,865.2330322265625,124.77859497070312,614.2252807617188,865.2330322265625,1009.2528076171875,1095.2447509765625,log,2025-01-04,2025-01-25,3
04,2025-01-04,2025-02-01,4,569.3746337890625,98.57210540771484,446.1993408203125,569.3746337890625,654.2340698242188,795.3512573242188,log,2025-01-04,2025-02-01,4
05,2025-01-04,2025-01-11,1,166.5286407470703,102.4900894165039,154.80169677734375,166.5286407470703,228.85211181640625,446.0976257324219,log,2025-01-04,2025-01-11,1
05,2025-01-04,2025-01-18,2,135.9968719482422,88.9088134765625,129.2678985595703,135.9968719482422,192.14248657226562,413.5620422363281,log,2025-01-04,2025-01-18,2
05,2025-01-04,2025-01-25,3,123.39624786376953,72.49661254882812,122.2862548828125,123.39624786376953,206.97067260742188,257.57080078125,log,2025-01-04,2025-01-25,3
05,2025-01-04,2025-02-01,4,130.81773376464844,70.2527847290039,98.40611267089844,130.81773376464844,174.07058715820312,266.955322265625,log,2025-01-04,2025-02-01,4
06,2025-01-04,2025-01-11,1,1365.609375,1203.3,1263.1053466796875,1365.609375,1607.263427734375,2422.60791015625,log,2025-01-04,2025-01-11,1
06,2025-01-04,2025-01-18,2,1055.81005859375,342.9405,908.4278564453125,1055.81005859375,1097.1103515625,1567.249267578125,log,2025-01-04,2025-01-18,2
06,2025-01-04,2025-01-25,3,976.5662231445312,133.61349487304688,742.3152465820312,976.5662231445312,1162.033935546875,1183.8094482421875,log,2025-01-04,2025-01-25,3
06,2025-01-04,2025-02-01,4,721.5875244140625,111.2784652709961,676.9354248046875,721.5875244140625,851.353271484375,917.16943359375,log,2025-01-04,2025-02-01,4
08,2025-01-04,2025-01-11,1,691.9005126953125,228.0,616.2801513671875,691.9005126953125,812.0950927734375,1206.1993408203125,log,2025-01-04,2025-01-11,1
08,2025-01-04,2025-01-18,2,432.2958068847656,136.22079467773438,345.3009338378906,432.2958068847656,436.0410461425781,778.294921875,log,2025-01-04,2025-01-18,2
08,2025-01-04,2025-01-25,3,406.0058898925781,120.61646270751953,380.48309326171875,406.0058898925781,424.9454345703125,507.171630859375,log,2025-01-04,2025-01-25,3
08,2025-01-04,2025-02-01,4,310.447998046875,96.60169982910156,292.1039123535156,310.447998046875,327.3702392578125,523.448486328125,log,2025-01-04,2025-02-01,4
09,2025-01-04,2025-01-11,1,246.2884063720703,97.32654571533203,221.4902801513672,246.2884063720703,336.58856201171875,666.0133056640625,log,2025-01-04,2025-01-11,1
09,2025-01-04,2025-01-18,2,206.17498779296875,92.21847534179688,184.42889404296875,206.17498779296875,231.71084594726562,505.64105224609375,log,2025-01-04,2025-01-18,2
09,2025-01-04,2025-01-25,3,158.61495971679688,81.6924057006836,138.93490600585938,158.61495971679688,237.1491241455078,340.3992614746094,log,2025-01-04,2025-01-25,3
09,2025-01-04,2025-02-01,4,127.93571472167969,68.33235168457031,127.15158081054688,127.93571472167969,161.5611114501953,270.9223327636719,log,2025-01-04,2025-02-01,4
10,2025-01-04,2025-01-11,1,109.36731719970703,67.72535705566406,95.95466613769531,109.36731719970703,167.2228240966797,407.86236572265625,log,2025-01-04,2025-01-11,1
10,2025-01-04,2025-01-18,2,70.07795715332031,55.434791564941406,59.33766174316406,70.07795715332031,124.38433837890625,355.435546875,log,2025-01-04,2025-01-18,2
10,2025-01-04,2025-01-25,3,64.39976501464844,45.086307525634766,49.049583435058594,64.39976501464844,92.83373260498047,236.37059020996094,log,2025-01-04,2025-01-25,3
10,2025-01-04,2025-02-01,4,50.449676513671875,30.04165267944336,43.509788513183594,50.449676513671875,72.55596923828125,198.2782440185547,log,2025-01-04,2025-02-01,4
11,2025-01-04,2025-01-11,1,58.42932891845703,28.799999999999997,41.1634635925293,58.42932891845703,70.23814392089844,190.07199096679688,log,2025-01-04,2025-01-11,1
11,2025-01-04,2025-01-18,2,42.96419143676758,19.248519897460938,32.89815139770508,42.96419143676758,53.73390579223633,255.89071655273438,log,2025-01-04,2025-01-18,2
11,2025-01-04,2025-01-25,3,40.39772033691406,18.721435546875,23.57826042175293,40.39772033691406,65.4034652709961,234.87503051757812,log,2025-01-04,2025-01-25,3
11,2025-01-04,2025-02-01,4,38.31443405151367,17.443525314331055,20.505502700805664,38.31443405151367,64.40475463867188,157.89044189453125,log,2025-01-04,2025-02-01,4
12,2025-01-04,2025-01-11,1,1381.3809814453125,861.3,1268.5516357421875,1381.3809814453125,1675.6234130859375,2532.170166015625,log,2025-01-04,2025-01-11,1
12,2025-01-04,2025-01-18,2,995.2330322265625,245.47049999999996,954.9400634765625,995.2330322265625,1017.35400390625,1534.0723876953125,log,2025-01-04,2025-01-18,2
12,2025-01-04,2025-01-25,3,951.3053588867188,133.61349487304688,760.5101318359375,951.3053588867188,967.544921875,1119.72802734375,log,2025-01-04,2025-01-25,3
12,2025-01-04,2025-02-01,4,768.2039794921875,113.63958740234375,711.7630615234375,768.2039794921875,781.0010986328125,840.4776000976562,log,2025-01-04,2025-02-01,4
13,2025-01-04,2025-01-11,1,915.9487915039062,343.2,857.8167724609375,915.9487915039062,1026.31787109375,1667.8179931640625,log,2025-01-04,2025-01-11,1
13,2025-01-04,2025-01-18,2,723.6519165039062,140.28335571289062,630.6414184570312,723.6519165039062,726.5311889648438,1014.167236328125,log,2025-01-04,2025-01-18,2
13,2025-01-04,2025-01-25,3,610.4901123046875,125.15412902832031,577.8318481445312,610.4901123046875,653.5411376953125,820.7943115234375,log,2025-01-04,2025-01-25,3
13,2025-01-04,2025-02-01,4,587.4783325195312,98.21361541748047,556.1795043945312,587.4783325195312,598.5750732421875,646.0521240234375,log,2025-01-04,2025-02-01,4
15,2025-01-04,2025-01-11,1,85.68643951416016,58.09675216674805,76.22638702392578,85.68643951416016,106.71981048583984,234.92160034179688,log,2025-01-04,2025-01-11,1
15,2025-01-04,2025-01-18,2,60.146793365478516,41.281532287597656,50.3375129699707,60.146793365478516,92.7843017578125,289.25634765625,log,2025-01-04,2025-01-18,2
15,2025-01-04,2025-01-25,3,49.316776275634766,42.04480743408203,45.35188674926758,49.316776275634766,78.62350463867188,240.34156799316406,log,2025-01-04,2025-01-25,3
15,2025-01-04,2025-02-01,4,50.090423583984375,27.102025985717773,38.86037826538086,50.090423583984375,74.1017837524414,184.02685546875,log,2025-01-04,2025-02-01,4
16,2025-01-04,2025-01-11,1,173.44952392578125,132.67666625976562,156.8309326171875,173.44952392578125,248.16481018066406,392.84478759765625,log,2025-01-04,2025-01-11,1
16,2025-01-04,2025-01-18,2,123.9837417602539,95.23512268066406,112.49720001220703,123.9837417602539,146.1990203857422,378.1813049316406,log,2025-01-04,2025-01-18,2
16,2025-01-04,2025-01-25,3,101.47586059570312,87.89936065673828,93.72276306152344,101.47586059570312,133.79251098632812,341.4161071777344,log,2025-01-04,2025-01-25,3
16,2025-01-04,2025-02-01,4,67.35167694091797,50.51201629638672,59.78912353515625,67.35167694091797,111.11203002929688,350.5171203613281,log,2025-01-04,2025-02-01,4
17,2025-01-04,2025-01-11,1,1137.6434326171875,478.5,1130.5233154296875,1137.6434326171875,1391.0430908203125,2114.505615234375,log,2025-01-04,2025-01-11,1
17,2025-01-04,2025-01-18,2,727.8860473632812,140.106689453125,700.7551879882812,727.8860473632812,735.8712768554688,1183.934326171875,log,2025-01-04,2025-01-18,2
17,2025-01-04,2025-01-25,3,635.7144165039062,125.15412902832031,616.0488891601562,635.7144165039062,686.4869995117188,859.4592895507812,log,2025-01-04,2025-01-25,3
17,2025-01-04,2025-02-01,4,579.40087890625,98.21361541748047,481.1809387207031,579.40087890625,584.1002807617188,664.9496459960938,log,2025-01-04,2025-02-01,4
18,2025-01-04,2025-01-11,1,705.8450927734375,248.7,689.9017944335938,705.8450927734375,754.214111328125,1170.2081298828125,log,2025-01-04,2025-01-11,1
18,2025-01-04,2025-01-18,2,474.05572509765625,140.28335571289062,437.4228210449219,474.05572509765625,496.3714904785156,827.5083618164062,log,2025-01-04,2025-01-18,2
18,2025-01-04,2025-01-25,3,485.7398681640625,120.61646270751953,452.2747497558594,485.7398681640625,502.02874755859375,557.7449340820312,log,2025-01-04,2025-01-25,3
18,2025-01-04,2025-02-01,4,419.10491943359375,96.60169982910156,401.94586181640625,419.10491943359375,445.5958557128906,518.9750366210938,log,2025-01-04,2025-02-01,4
19,2025-01-04,2025-01-11,1,174.41134643554688,90.49736785888672,167.33099365234375,174.41134643554688,225.59112548828125,415.1524353027344,log,2025-01-04,2025-01-11,1
19,2025-01-04,2025-01-18,2,118.0876235961914,80.84381866455078,113.83561706542969,118.0876235961914,159.01441955566406,368.0746154785156,log,2025-01-04,2025-01-18,2
19,2025-01-04,2025-01-25,3,127.48645782470703,65.84623718261719,101.91461944580078,127.48645782470703,170.55856323242188,243.7431640625,log,2025-01-04,2025-01-25,3
19,2025-01-04,2025-02-01,4,104.3134765625,61.021522521972656,92.56989288330078,104.3134765625,127.9177017211914,235.2051544189453,log,2025-01-04,2025-02-01,4
20,2025-01-04,2025-01-11,1,256.457275390625,127.57643127441406,243.48025512695312,256.457275390625,357.1747741699219,642.0673828125,log,2025-01-04,2025-01-11,1
20,2025-01-04,2025-01-18,2,180.50694274902344,108.90752410888672,147.94786071777344,180.50694274902344,185.7470245361328,555.621826171875,log,2025-01-04,2025-01-18,2
20,2025-01-04,2025-01-25,3,139.6684112548828,110.66280364990234,115.0584716796875,139.6684112548828,182.8151397705078,348.80908203125,log,2025-01-04,2025-01-25,3
20,2025-01-04,2025-02-01,4,103.02491760253906,82.88371276855469,96.1379165649414,103.02491760253906,136.5086669921875,329.7934265136719,log,2025-01-04,2025-02-01,4
21,2025-01-04,2025-01-11,1,504.720947265625,203.4,494.00738525390625,504.720947265625,636.5033569335938,1109.9803466796875,log,2025-01-04,2025-01-11,1
21,2025-01-04,2025-01-18,2,350.8328857421875,127.13557434082031,311.6942443847656,350.8328857421875,358.5093994140625,708.2330322265625,log,2025-01-04,2025-01-18,2
21,2025-01-04,2025-01-25,3,309.5776062011719,101.46417999267578,300.72430419921875,309.5776062011719,383.162109375,427.21551513671875,log,2025-01-04,2025-01-25,3
21,2025-01-04,2025-02-01,4,237.6842498779297,76.63740539550781,211.3878631591797,237.6842498779297,256.9612121582031,433.7190246582031,log,2025-01-04,2025-02-01,4
22,2025-01-04,2025-01-11,1,562.6710205078125,213.9,503.05426025390625,562.6710205078125,673.1155395507812,916.7212524414062,log,2025-01-04,2025-01-11,1
22,2025-01-04,2025-01-18,2,389.1170654296875,144.05462646484375,378.6218566894531,389.1170654296875,414.336669921875,943.466552734375,log,2025-01-04,2025-01-18,2
22,2025-01-04,2025-01-25,3,376.7095031738281,125.93838500976562,298.98028564453125,376.7095031738281,429.8591003417969,752.7308349609375,log,2025-01-04,2025-01-25,3
22,2025-01-04,2025-02-01,4,303.8100891113281,92.03348541259766,235.9196319580078,303.8100891113281,304.98468017578125,678.5689086914062,log,2025-01-04,2025-02-01,4
23,2025-01-04,2025-01-11,1,64.30484008789062,26.4,43.33589172363281,64.30484008789062,70.79899597167969,171.96389770507812,log,2025-01-04,2025-01-11,1
23,2025-01-04,2025-01-18,2,51.59904479980469,19.60832405090332,34.46406936645508,51.59904479980469,61.39962387084961,241.59146118164062,log,2025-01-04,2025-01-18,2
23,2025-01-04,2025-01-25,3,56.16421127319336,18.2976131439209,21.063791275024414,56.16421127319336,75.87459564208984,224.86180114746094,log,2025-01-04,2025-01-25,3
23,2025-01-04,2025-02-01,4,43.138084411621094,16.650035858154297,18.628986358642578,43.138084411621094,67.07565307617188,154.67848205566406,log,2025-01-04,2025-02-01,4
24,2025-01-04,2025-01-11,1,412.13507080078125,137.1,380.4736328125,412.13507080078125,501.0055847167969,851.23095703125,log,2025-01-04,2025-01-11,1
24,2025-01-04,2025-01-18,2,318.51165771484375,98.28360748291016,280.4829406738281,318.51165771484375,321.1031494140625,664.7978515625,log,2025-01-04,2025-01-18,2
24,2025-01-04,2025-01-25,3,276.4425048828125,94.07636260986328,215.9324951171875,276.4425048828125,392.70452880859375,400.1518249511719,log,2025-01-04,2025-01-25,3
24,2025-01-04,2025-02-01,4,199.65328979492188,74.52691650390625,187.5199737548828,199.65328979492188,250.5362091064453,369.7904357910156,log,2025-01-04,2025-02-01,4
25,2025-01-04,2025-01-11,1,514.3716430664062,172.79999999999998,502.6803894042969,514.3716430664062,632.1500244140625,997.4244384765625,log,2025-01-04,2025-01-11,1
25,2025-01-04,2025-01-18,2,394.0472412109375,136.12876892089844,385.1036071777344,394.0472412109375,401.5348815917969,863.6941528320312,log,2025-01-04,2025-01-18,2
25,2025-01-04,2025-01-25,3,400.0349426269531,120.595703125,394.61651611328125,400.0349426269531,431.96514892578125,485.98712158203125,log,2025-01-04,2025-01-25,3
25,2025-01-04,2025-02-01,4,396.49365234375,96.0953598022461,302.00762939453125,396.49365234375,396.93475341796875,480.4111022949219,log,2025-01-04,2025-02-01,4
26,2025-01-04,2025-01-11,1,561.3163452148438,193.2,526.9673461914062,561.3163452148438,634.57177734375,930.42236328125,log,2025-01-04,2025-01-11,1
26,2025-01-04,2025-01-18,2,459.92108154296875,141.25355529785156,456.1800231933594,459.92108154296875,486.32208251953125,854.3274536132812,log,2025-01-04,2025-01-18,2
26,2025-01-04,2025-01-25,3,499.6950378417969,122.74028015136719,417.02691650390625,499.6950378417969,545.70263671875,686.7066650390625,log,2025-01-04,2025-01-25,3
26,2025-01-04,2025-02-01,4,455.0036926269531,98.21361541748047,418.3433837890625,455.0036926269531,486.9964294433594,612.5784912109375,log,2025-01-04,2025-02-01,4
27,2025-01-04,2025-01-11,1,721.4920654296875,282.59999999999997,613.74609375,721.4920654296875,839.6486206054688,1359.9647216796875,log,2025-01-04,2025-01-11,1
27,2025-01-04,2025-01-18,2,455.3539123535156,127.47745513916016,445.2484436035156,455.3539123535156,490.70751953125,819.6520385742188,log,2025-01-04,2025-01-18,2
27,2025-01-04,2025-01-25,3,453.4369201660156,110.66280364990234,321.31134033203125,453.4369201660156,480.00244140625,509.48223876953125,log,2025-01-04,2025-01-25,3
27,2025-01-04,2025-02-01,4,236.36256408691406,81.41417694091797,233.58792114257812,236.36256408691406,324.6669921875,464.3178405761719,log,2025-01-04,2025-02-01,4
28,2025-01-04,2025-01-11,1,217.4492645263672,114.405517578125,196.53585815429688,217.4492645263672,281.7171325683594,508.0946960449219,log,2025-01-04,2025-01-11,1
28,2025-01-04,2025-01-18,2,169.79708862304688,99.59984588623047,156.54542541503906,169.79708862304688,184.5223846435547,489.27117919921875,log,2025-01-04,2025-01-18,2
28,2025-01-04,2025-01-25,3,137.91539001464844,83.12328338623047,113.04653930664062,137.91539001464844,181.4119873046875,277.1532897949219,log,2025-01-04,2025-01-25,3
28,2025-01-04,2025-02-01,4,115.9682846069336,74.41812896728516,111.46782684326172,115.9682846069336,171.96009826660156,309.1888122558594,log,2025-01-04,2025-02-01,4
29,2025-01-04,2025-01-11,1,669.3079223632812,248.1,633.185546875,669.3079223632812,749.3985595703125,1236.6341552734375,log,2025-01-04,2025-01-11,1
29,2025-01-04,2025-01-18,2,432.468994140625,138.14039611816406,417.3549499511719,432.468994140625,464.1013488769531,845.4710693359375,log,2025-01-04,2025-01-18,2
29,2025-01-04,2025-01-25,3,419.7095031738281,112.63219451904297,379.6828308105469,419.7095031738281,446.85809326171875,510.4131774902344,log,2025-01-04,2025-01-25,3
29,2025-01-04,2025-02-01,4,301.620361328125,83.21214294433594,277.8829345703125,301.620361328125,342.0309143066406,525.4140014648438,log,2025-01-04,2025-02-01,4
30,2025-01-04,2025-01-11,1,58.05348205566406,24.389904022216797,43.05215072631836,58.05348205566406,68.39042663574219,167.85191345214844,log,2025-01-04,2025-01-11,1
30,2025-01-04,2025-01-18,2,49.889156341552734,24.030345916748047,33.6319580078125,49.889156341552734,58.58604431152344,216.3980712890625,log,2025-01-04,2025-01-18,2
30,2025-01-04,2025-01-25,3,42.20394515991211,29.642534255981445,38.82429122924805,42.20394515991211,78.094970703125,241.0504608154297,log,2025-01-04,2025-01-25,3
30,2025-01-04,2025-02-01,4,41.98416519165039,25.679061889648438,26.97934913635254,41.98416519165039,70.00312805175781,209.10585021972656,log,2025-01-04,2025-02-01,4
31,2025-01-04,2025-01-11,1,148.94451904296875,87.72297668457031,139.8820037841797,148.94451904296875,217.01199340820312,427.9033508300781,log,2025-01-04,2025-01-11,1
31,2025-01-04,2025-01-18,2,108.68658447265625,86.98792266845703,97.77655029296875,108.68658447265625,152.6251220703125,365.6072692871094,log,2025-01-04,2025-01-18,2
31,2025-01-04,2025-01-25,3,89.21126556396484,60.93826675415039,62.76325607299805,89.21126556396484,125.4254150390625,230.74237060546875,log,2025-01-04,2025-01-25,3
31,2025-01-04,2025-02-01,4,82.75569152832031,40.13529586791992,66.34864044189453,82.75569152832031,95.43678283691406,229.31015014648438,log,2025-01-04,2025-02-01,4
32,2025-01-04,2025-01-11,1,287.94500732421875,143.96681213378906,263.9635314941406,287.94500732421875,357.7294006347656,677.4127197265625,log,2025-01-04,2025-01-11,1
32,2025-01-04,2025-01-18,2,192.81643676757812,137.8346710205078,162.75595092773438,192.81643676757812,232.3418731689453,602.3553466796875,log,2025-01-04,2025-01-18,2
32,2025-01-04,2025-01-25,3,161.8418731689453,110.66280364990234,136.6306915283203,161.8418731689453,220.45838928222656,474.6098937988281,log,2025-01-04,2025-01-25,3
32,2025-01-04,2025-02-01,4,118.16351318359375,82.01019287109375,109.01233673095703,118.16351318359375,184.46824645996094,380.2901306152344,log,2025-01-04,2025-02-01,4
33,2025-01-04,2025-01-11,1,75.726318359375,50.66969299316406,74.21517944335938,75.726318359375,99.77336120605469,213.46180725097656,log,2025-01-04,2025-01-11,1
33,2025-01-04,2025-01-18,2,56.83622360229492,37.381996154785156,45.69172286987305,56.83622360229492,89.21333312988281,261.14337158203125,log,2025-01-04,2025-01-18,2
33,2025-01-04,2025-01-25,3,55.31454849243164,38.142242431640625,45.116519927978516,55.31454849243164,80.2112045288086,230.42477416992188,log,2025-01-04,2025-01-25,3
33,2025-01-04,2025-02-01,4,51.18745422363281,24.35851287841797,40.43754577636719,51.18745422363281,78.79122924804688,174.8868408203125,log,2025-01-04,2025-02-01,4
34,2025-01-04,2025-01-11,1,1052.58984375,397.8,1022.8052368164062,1052.58984375,1164.429931640625,2023.4595947265625,log,2025-01-04,2025-01-11,1
34,2025-01-04,2025-01-18,2,617.4793090820312,141.47337341308594,607.9107055664062,617.4793090820312,655.4108276367188,980.2421264648438,log,2025-01-04,2025-01-18,2
34,2025-01-04,2025-01-25,3,523.345703125,122.96771240234375,517.9733276367188,523.345703125,543.2571411132812,763.5336303710938,log,2025-01-04,2025-01-25,3
34,2025-01-04,2025-02-01,4,531.2916870117188,96.9420394897461,476.7162170410156,531.2916870117188,539.4807739257812,611.8497924804688,log,2025-01-04,2025-02-01,4
35,2025-01-04,2025-01-11,1,226.494140625,138.03228759765625,200.9499969482422,226.494140625,307.4683837890625,531.3930053710938,log,2025-01-04,2025-01-11,1
35,2025-01-04,2025-01-18,2,166.57969665527344,136.37582397460938,157.5550079345703,166.57969665527344,208.56024169921875,490.1470031738281,log,2025-01-04,2025-01-18,2
35,2025-01-04,2025-01-25,3,142.35032653808594,104.04961395263672,132.78851318359375,142.35032653808594,197.9738311767578,393.6232604980469,log,2025-01-04,2025-01-25,3
35,2025-01-04,2025-02-01,4,97.95276641845703,73.03138732910156,86.99005889892578,97.95276641845703,151.0623321533203,333.4499206542969,log,2025-01-04,2025-02-01,4
36,2025-01-04,2025-01-11,1,1316.060302734375,778.1999999999999,1239.3873291015625,1316.060302734375,1569.1617431640625,2436.030029296875,log,2025-01-04,2025-01-11,1
36,2025-01-04,2025-01-18,2,884.2504272460938,221.78699999999995,884.2026977539062,884.2504272460938,931.7210083007812,1409.68212890625,log,2025-01-04,2025-01-18,2
36,2025-01-04,2025-01-25,3,847.1849975585938,127.912353515625,704.4302368164062,847.1849975585938,877.3567504882812,989.1993408203125,log,2025-01-04,2025-01-25,3
36,2025-01-04,2025-02-01,4,691.9014892578125,98.5595703125,618.5794067382812,691.9014892578125,740.136474609375,746.7265014648438,log,2025-01-04,2025-02-01,4
37,2025-01-04,2025-01-11,1,819.1505737304688,282.59999999999997,812.2955932617188,819.1505737304688,893.7719116210938,1433.4093017578125,log,2025-01-04,2025-01-11,1
37,2025-01-04,2025-01-18,2,579.8587646484375,141.47337341308594,572.1514892578125,579.8587646484375,741.2544555664062,975.65673828125,log,2025-01-04,2025-01-18,2
37,2025-01-04,2025-01-25,3,657.9513549804688,120.595703125,530.5875854492188,657.9513549804688,674.217041015625,783.8626708984375,log,2025-01-04,2025-01-25,3
37,2025-01-04,2025-02-01,4,565.8907470703125,103.86524200439453,511.7559509277344,565.8907470703125,740.8934936523438,801.113525390625,log,2025-01-04,2025-02-01,4
38,2025-01-04,2025-01-11,1,42.914485931396484,16.8,35.94752883911133,42.914485931396484,56.62815856933594,118.07814025878906,log,2025-01-04,2025-01-11,1
38,2025-01-04,2025-01-18,2,40.68256759643555,18.091405868530273,29.600955963134766,40.68256759643555,41.014225006103516,159.11990356445312,log,2025-01-04,2025-01-18,2
38,2025-01-04,2025-01-25,3,35.270450592041016,17.05137062072754,20.357032775878906,35.270450592041016,41.206851959228516,183.82447814941406,log,2025-01-04,2025-01-25,3
38,2025-01-04,2025-02-01,4,36.58899688720703,15.636301040649414,17.022794723510742,36.58899688720703,54.83901596069336,157.9775848388672,log,2025-01-04,2025-02-01,4
39,2025-01-04,2025-01-11,1,1118.7237548828125,390.59999999999997,1062.147216796875,1118.7237548828125,1226.53271484375,2063.200439453125,log,2025-01-04,2025-01-11,1
39,2025-01-04,2025-01-18,2,617.1414184570312,141.47337341308594,609.1121826171875,617.1414184570312,722.9556884765625,1003.1624755859375,log,2025-01-04,2025-01-18,2
39,2025-01-04,2025-01-25,3,562.2966918945312,125.1325912475586,541.2831420898438,562.2966918945312,567.120361328125,759.9642333984375,log,2025-01-04,2025-01-25,3
39,2025-01-04,2025-02-01,4,536.6240234375,96.9420394897461,535.2987060546875,536.6240234375,556.771240234375,582.1255493164062,log,2025-01-04,2025-02-01,4
40,2025-01-04,2025-01-11,1,303.2351989746094,121.19999999999999,300.0541687011719,303.2351989746094,366.6276550292969,709.5599975585938,log,2025-01-04,2025-01-11,1
40,2025-01-04,2025-01-18,2,211.35414123535156,112.3484115600586,202.6264190673828,211.35414123535156,222.5386962890625,602.0820922851562,log,2025-01-04,2025-01-18,2
40,2025-01-04,2025-01-25,3,176.6774444580078,85.73179626464844,147.5979766845703,176.6774444580078,228.80706787109375,357.3257751464844,log,2025-01-04,2025-01-25,3
40,2025-01-04,2025-02-01,4,146.22337341308594,68.22462463378906,119.00028991699219,146.22337341308594,168.23374938964844,320.4272766113281,log,2025-01-04,2025-02-01,4
41,2025-01-04,2025-01-11,1,370.78363037109375,173.2306365966797,357.51873779296875,370.78363037109375,487.2070617675781,734.595458984375,log,2025-01-04,2025-01-11,1
41,2025-01-04,2025-01-18,2,252.33091735839844,133.36082458496094,226.34893798828125,252.33091735839844,307.2654724121094,602.560546875,log,2025-01-04,2025-01-18,2
41,2025-01-04,2025-01-25,3,246.69259643554688,106.68555450439453,189.2750701904297,246.69259643554688,270.3424377441406,481.8960876464844,log,2025-01-04,2025-01-25,3
41,2025-01-04,2025-02-01,4,136.61854553222656,81.10258483886719,124.10525512695312,136.61854553222656,232.08164978027344,494.2607116699219,log,2025-01-04,2025-02-01,4
42,2025-01-04,2025-01-11,1,1243.5582275390625,609.3,1177.4296875,1243.5582275390625,1504.6641845703125,2492.564208984375,log,2025-01-04,2025-01-11,1
42,2025-01-04,2025-01-18,2,874.9496459960938,173.65049999999997,809.0510864257812,874.9496459960938,937.6524047851562,1443.880859375,log,2025-01-04,2025-01-18,2
42,2025-01-04,2025-01-25,3,807.2188110351562,131.2804718017578,653.0026245117188,807.2188110351562,883.4146118164062,1115.8070068359375,log,2025-01-04,2025-01-25,3
42,2025-01-04,2025-02-01,4,679.9026489257812,111.66997528076172,625.7459716796875,679.9026489257812,687.6087036132812,888.4944458007812,log,2025-01-04,2025-02-01,4
44,2025-01-04,2025-01-11,1,69.32585144042969,56.78847885131836,65.68202209472656,69.32585144042969,92.38446807861328,176.11923217773438,log,2025-01-04,2025-01-11,1
44,2025-01-04,2025-01-18,2,57.7285270690918,47.460289001464844,49.221492767333984,57.7285270690918,72.57831573486328,225.16409301757812,log,2025-01-04,2025-01-18,2
44,2025-01-04,2025-01-25,3,46.0826530456543,40.142276763916016,45.74238967895508,46.0826530456543,66.30545806884766,201.07984924316406,log,2025-01-04,2025-01-25,3
44,2025-01-04,2025-02-01,4,37.03236389160156,35.04600143432617,36.76776123046875,37.03236389160156,63.43795394897461,171.62466430664062,log,2025-01-04,2025-02-01,4
45,2025-01-04,2025-01-11,1,495.52105712890625,156.0,434.5655822753906,495.52105712890625,546.3163452148438,864.5315551757812,log,2025-01-04,2025-01-11,1
45,2025-01-04,2025-01-18,2,344.7178649902344,123.96145629882812,331.9357604980469,344.7178649902344,346.35540771484375,730.5145263671875,log,2025-01-04,2025-01-18,2
45,2025-01-04,2025-01-25,3,320.7777099609375,102.98503875732422,297.7351379394531,320.7777099609375,349.3304138183594,443.6937561035156,log,2025-01-04,2025-01-25,3
45,2025-01-04,2025-02-01,4,300.81610107421875,84.75981140136719,239.73826599121094,300.81610107421875,322.568359375,408.76116943359375,log,2025-01-04,2025-02-01,4
46,2025-01-04,2025-01-11,1,40.84479904174805,22.2294864654541,31.61871337890625,40.84479904174805,54.40019607543945,98.45660400390625,log,2025-01-04,2025-01-11,1
46,2025-01-04,2025-01-18,2,34.86434555053711,18.178565979003906,30.6396484375,34.86434555053711,36.82835006713867,144.85911560058594,log,2025-01-04,2025-01-18,2
46,2025-01-04,2025-01-25,3,29.294384002685547,20.921981811523438,24.598979949951172,29.294384002685547,38.02471160888672,155.88011169433594,log,2025-01-04,2025-01-25,3
46,2025-01-04,2025-02-01,4,31.343645095825195,17.696317672729492,17.836118698120117,31.343645095825195,47.62808609008789,149.1435546875,log,2025-01-04,2025-02-01,4
47,2025-01-04,2025-01-11,1,788.0053100585938,318.9,776.8311157226562,788.0053100585938,952.4512939453125,1615.2225341796875,log,2025-01-04,2025-01-11,1
47,2025-01-04,2025-01-18,2,572.3277587890625,140.28335571289062,510.8672180175781,572.3277587890625,574.006103515625,1044.960205078125,log,2025-01-04,2025-01-18,2
47,2025-01-04,2025-01-25,3,501.1228942871094,128.24520874023438,417.2290954589844,501.1228942871094,512.0166625976562,796.0430297851562,log,2025-01-04,2025-01-25,3
47,2025-01-04,2025-02-01,4,396.18670654296875,91.45710754394531,373.8409423828125,396.18670654296875,421.5833435058594,674.5493774414062,log,2025-01-04,2025-02-01,4
48,2025-01-04,2025-01-11,1,1395.9656982421875,758.1,1320.8973388671875,1395.9656982421875,1683.8927001953125,2561.46337890625,log,2025-01-04,2025-01-11,1
48,2025-01-04,2025-01-18,2,1067.642578125,216.05849999999998,953.6732177734375,1067.642578125,1128.33544921875,1609.125732421875,log,2025-01-04,2025-01-18,2
48,2025-01-04,2025-01-25,3,1099.2325439453125,133.61349487304688,815.099609375,1099.2325439453125,1183.0712890625,1204.5943603515625,log,2025-01-04,2025-01-25,3
48,2025-01-04,2025-02-01,4,816.3583374023438,113.08194732666016,704.7279663085938,816.3583374023438,992.7531127929688,1118.0218505859375,log,2025-01-04,2025-02-01,4
49,2025-01-04,2025-01-11,1,271.2979431152344,127.57643127441406,264.7460021972656,271.2979431152344,370.6574401855469,661.2162475585938,log,2025-01-04,2025-01-11,1
49,2025-01-04,2025-01-18,2,166.07972717285156,127.9996109008789,141.6473846435547,166.07972717285156,198.4666748046875,559.9596557617188,log,2025-01-04,2025-01-18,2
49,2025-01-04,2025-01-25,3,132.800048828125,102.17350769042969,102.42752838134766,132.800048828125,176.43504333496094,398.8741760253906,log,2025-01-04,2025-01-25,3
49,2025-01-04,2025-02-01,4,81.98921966552734,67.0892562866211,81.78097534179688,81.98921966552734,116.69397735595703,361.2110900878906,log,2025-01-04,2025-02-01,4
50,2025-01-04,2025-01-11,1,28.052738189697266,14.142623901367188,22.944257736206055,28.052738189697266,42.45817947387695,63.492733001708984,log,2025-01-04,2025-01-11,1
50,2025-01-04,2025-01-18,2,22.02885627746582,10.263801574707031,21.770729064941406,22.02885627746582,30.01936912536621,74.50894927978516,log,2025-01-04,2025-01-18,2
50,2025-01-04,2025-01-25,3,21.162561416625977,10.20677661895752,10.762443542480469,21.162561416625977,23.389211654663086,110.89273834228516,log,2025-01-04,2025-01-25,3
50,2025-01-04,2025-02-01,4,16.758419036865234,10.752301216125488,10.77414608001709,16.758419036865234,32.25730895996094,121.06294250488281,log,2025-01-04,2025-02-01,4
51,2025-01-04,2025-01-11,1,633.8899536132812,200.7,631.3897094726562,633.8899536132812,748.962890625,1197.896240234375,log,2025-01-04,2025-01-11,1
51,2025-01-04,2025-01-18,2,488.4587707519531,141.47337341308594,479.6243591308594,488.4587707519531,512.932373046875,824.559326171875,log,2025-01-04,2025-01-18,2
51,2025-01-04,2025-01-25,3,503.76666259765625,120.595703125,434.96600341796875,503.76666259765625,544.3419799804688,573.228759765625,log,2025-01-04,2025-01-25,3
51,2025-01-04,2025-02-01,4,413.7206115722656,103.86524200439453,358.4560852050781,413.7206115722656,540.4279174804688,587.9140014648438,log,2025-01-04,2025-02-01,4
53,2025-01-04,2025-01-11,1,386.3322448730469,173.2306365966797,366.51409912109375,386.3322448730469,494.65618896484375,791.3411865234375,log,2025-01-04,2025-01-11,1
53,2025-01-04,2025-01-18,2,319.261962890625,129.497314453125,307.0978088378906,319.261962890625,337.7322998046875,648.4059448242188,log,2025-01-04,2025-01-18,2
53,2025-01-04,2025-01-25,3,304.5362243652344,110.28890991210938,257.50128173828125,304.5362243652344,392.37200927734375,445.9976501464844,log,2025-01-04,2025-01-25,3
53,2025-01-04,2025-02-01,4,238.13673400878906,86.3338394165039,186.09963989257812,238.13673400878906,332.34527587890625,445.7279052734375,log,2025-01-04,2025-02-01,4
54,2025-01-04,2025-01-11,1,151.39260864257812,83.25444030761719,137.57388305664062,151.39260864257812,214.06785583496094,427.98291015625,log,2025-01-04,2025-01-11,1
54,2025-01-04,2025-01-18,2,109.58625030517578,73.62201690673828,99.40379333496094,109.58625030517578,144.92478942871094,386.2079772949219,log,2025-01-04,2025-01-18,2
54,2025-01-04,2025-01-25,3,99.72190856933594,64.05957794189453,92.00637817382812,99.72190856933594,165.1521759033203,244.748046875,log,2025-01-04,2025-01-25,3
54,2025-01-04,2025-02-01,4,87.80204010009766,53.24161911010742,77.88130187988281,87.80204010009766,125.62940216064453,224.71978759765625,log,2025-01-04,2025-02-01,4
55,2025-01-04,2025-01-11,1,369.14776611328125,121.64070129394531,328.42822265625,369.14776611328125,404.1356506347656,755.1863403320312,log,2025-01-04,2025-01-11,1
55,2025-01-04,2025-01-18,2,253.727294921875,109.13163757324219,250.68653869628906,253.727294921875,268.7066345214844,605.8228759765625,log,2025-01-04,2025-01-18,2
55,2025-01-04,2025-01-25,3,246.09544372558594,92.68561553955078,209.69918823242188,246.09544372558594,329.0145263671875,449.87530517578125,log,2025-01-04,2025-01-25,3
55,2025-01-04,2025-02-01,4,161.9853515625,73.53404235839844,153.03076171875,161.9853515625,204.43731689453125,325.0924377441406,log,2025-01-04,2025-02-01,4
56,2025-01-04,2025-01-11,1,83.12139892578125,57.69943618774414,77.36151123046875,83.12139892578125,115.6722183227539,207.0054931640625,log,2025-01-04,2025-01-11,1
56,2025-01-04,2025-01-18,2,58.89152526855469,47.789310455322266,57.927913665771484,58.89152526855469,86.3499984741211,290.486572265625,log,2025-01-04,2025-01-18,2
56,2025-01-04,2025-01-25,3,56.818851470947266,46.377960205078125,47.69003677368164,56.818851470947266,86.17607116699219,199.43038940429688,log,2025-01-04,2025-01-25,3
56,2025-01-04,2025-02-01,4,37.50724792480469,31.801233291625977,36.79365158081055,37.50724792480469,54.23802185058594,193.12896728515625,log,2025-01-04,2025-02-01,4
72,2025-01-04,2025-01-11,1,736.8592529296875,303.0,723.7763671875,736.8592529296875,894.5069580078125,1621.05859375,log,2025-01-04,2025-01-11,1
72,2025-01-04,2025-01-18,2,513.4803466796875,136.7984619140625,469.2130432128906,513.4803466796875,610.5000610351562,1174.804443359375,log,2025-01-04,2025-01-18,2
72,2025-01-04,2025-01-25,3,376.1997985839844,115.0897445678711,286.55938720703125,376.1997985839844,424.20635986328125,1008.7976684570312,log,2025-01-04,2025-01-25,3
72,2025-01-04,2025-02-01,4,233.2887725830078,78.65608978271484,219.32168579101562,233.2887725830078,286.4276428222656,738.7330322265625,log,2025-01-04,2025-02-01,4
US,2025-01-04,2025-01-11,1,11884.199999999999,11884.199999999999,11884.199999999999,11884.199999999999,11884.199999999999,11884.199999999999,log,2025-01-04,2025-01-11,1
US,2025-01-04,2025-01-18,2,3386.9969999999994,3386.9969999999994,3386.9969999999994,3386.9969999999994,3386.9969999999994,3386.9969999999994,log,2025-01-04,2025-01-18,2
US,2025-01-04,2025-01-25,3,920.001220703125,914.4891899999999,914.4891899999999,920.001220703125,1054.0267333984375,1163.727783203125,log,2025-01-04,2025-01-25,3
US,2025-01-04,2025-02-01,4,710.223388671875,233.19474344999998,643.2766723632812,710.223388671875,848.6235961914062,962.8616943359375,log,2025-01-04,2025-02-01,4
01,2025-01-11,2025-01-18,1,292.7314147949219,147.25543212890625,280.7559509277344,292.7314147949219,406.8482971191406,553.9122314453125,log,2025-01-11,2025-01-18,1
01,2025-01-11,2025-01-25,2,250.6189727783203,97.09800720214844,206.52845764160156,250.6189727783203,409.823486328125,575.7913208007812,log,2025-01-11,2025-01-25,2
01,2025-01-11,2025-02-01,3,203.86944580078125,87.62403869628906,189.48858642578125,203.86944580078125,359.13360595703125,615.5497436523438,log,2025-01-11,2025-02-01,3
01,2025-01-11,2025-02-08,4,193.94798278808594,45.62961196899414,170.6777801513672,193.94798278808594,302.9373779296875,592.3529663085938,log,2025-01-11,2025-02-08,4
02,2025-01-11,2025-01-18,1,35.62229537963867,25.425884246826172,26.9625301361084,35.62229537963867,42.40165328979492,80.83203887939453,log,2025-01-11,2025-01-18,1
02,2025-01-11,2025-01-25,2,32.0890998840332,13.007439613342285,21.384225845336914,32.0890998840332,38.30226135253906,76.60916137695312,log,2025-01-11,2025-01-25,2
02,2025-01-11,2025-02-01,3,25.98126983642578,21.820594787597656,24.52417755126953,25.98126983642578,31.051105499267578,80.7138900756836,log,2025-01-11,2025-02-01,3
02,2025-01-11,2025-02-08,4,20.217798233032227,15.295038223266602,18.919605255126953,20.217798233032227,25.143718719482422,95.31192779541016,log,2025-01-11,2025-02-08,4
04,2025-01-11,2025-01-18,1,686.875244140625,444.9,506.7893981933594,686.875244140625,1023.8250732421875,1421.54443359375,log,2025-01-11,2025-01-18,1
04,2025-01-11,2025-01-25,2,461.8568420410156,126.79649999999998,446.5404357910156,461.8568420410156,800.9849853515625,1066.68603515625,log,2025-01-11,2025-01-25,2
04,2025-01-11,2025-02-01,3,406.148193359375,80.97223663330078,400.5335998535156,406.148193359375,688.4002075195312,956.5933837890625,log,2025-01-11,2025-02-01,3
04,2025-01-11,2025-02-08,4,299.1521301269531,53.07471466064453,243.8078155517578,299.1521301269531,519.6136474609375,733.461669921875,log,2025-01-11,2025-02-08,4
05,2025-01-11,2025-01-18,1,130.8264617919922,100.17969512939453,101.89469909667969,130.8264617919922,176.22381591796875,277.0263977050781,log,2025-01-11,2025-01-18,1
05,2025-01-11,2025-01-25,2,133.10018920898438,72.41345977783203,92.47512817382812,133.10018920898438,184.92355346679688,284.3105773925781,log,2025-01-11,2025-01-25,2
05,2025-01-11,2025-02-01,3,121.63800811767578,59.29771423339844,101.00900268554688,121.63800811767578,229.78903198242188,303.43896484375,log,2025-01-11,2025-02-01,3
05,2025-01-11,2025-02-08,4,121.04390716552734,47.1868896484375,101.96502685546875,121.04390716552734,153.31716918945312,346.45196533203125,log,2025-01-11,2025-02-08,4
06,2025-01-11,2025-01-18,1,977.6999999999999,977.6999999999999,977.6999999999999,977.6999999999999,1308.0111083984375,1858.8253173828125,log,2025-01-11,2025-01-18,1
06,2025-01-11,2025-01-25,2,741.4827880859375,278.64449999999994,653.9747924804688,741.4827880859375,1022.7847290039062,1475.04150390625,log,2025-01-11,2025-01-25,2
06,2025-01-11,2025-02-01,3,603.6531372070312,88.53800964355469,545.9545288085938,603.6531372070312,966.3453979492188,1121.998291015625,log,2025-01-11,2025-02-01,3
06,2025-01-11,2025-02-08,4,443.3048400878906,59.0966682434082,428.4397277832031,443.3048400878906,748.6943969726562,869.6893310546875,log,2025-01-11,2025-02-08,4
08,2025-01-11,2025-01-18,1,280.07989501953125,166.50914001464844,262.72698974609375,280.07989501953125,359.72412109375,652.581787109375,log,2025-01-11,2025-01-18,1
08,2025-01-11,2025-01-25,2,247.9823760986328,128.45245361328125,235.810302734375,247.9823760986328,351.5101318359375,464.22332763671875,log,2025-01-11,2025-01-25,2
08,2025-01-11,2025-02-01,3,278.2442321777344,96.57564544677734,225.5343017578125,278.2442321777344,351.6069641113281,635.123291015625,log,2025-01-11,2025-02-01,3
08,2025-01-11,2025-02-08,4,261.1452331542969,64.39539337158203,180.02024841308594,261.1452331542969,269.1755676269531,524.439208984375,log,2025-01-11,2025-02-08,4
09,2025-01-11,2025-01-18,1,173.0423126220703,107.12722778320312,172.3651885986328,173.0423126220703,251.3070526123047,425.96258544921875,log,2025-01-11,2025-01-18,1
09,2025-01-11,2025-01-25,2,139.5455780029297,83.92343139648438,121.72019958496094,139.5455780029297,228.70211791992188,447.5251159667969,log,2025-01-11,2025-01-25,2
09,2025-01-11,2025-02-01,3,144.81878662109375,72.73667907714844,130.00637817382812,144.81878662109375,207.7729034423828,342.955810546875,log,2025-01-11,2025-02-01,3
09,2025-01-11,2025-02-08,4,103.21790313720703,49.27582550048828,92.57083129882812,103.21790313720703,133.81082153320312,311.69635009765625,log,2025-01-11,2025-02-08,4
10,2025-01-11,2025-01-18,1,79.57617950439453,57.488101959228516,59.407962799072266,79.57617950439453,127.48057556152344,178.37454223632812,log,2025-01-11,2025-01-18,1
10,2025-01-11,2025-01-25,2,57.455562591552734,44.57752990722656,45.48697280883789,57.455562591552734,94.55758666992188,182.2663116455078,log,2025-01-11,2025-01-25,2
10,2025-01-11,2025-02-01,3,56.37593078613281,36.454246520996094,42.12660598754883,56.37593078613281,97.06671905517578,184.99192810058594,log,2025-01-11,2025-02-01,3
10,2025-01-11,2025-02-08,4,45.27003479003906,26.253005981445312,39.053749084472656,45.27003479003906,51.789756774902344,177.48414611816406,log,2025-01-11,2025-02-08,4
11,2025-01-11,2025-01-18,1,34.108009338378906,31.12712860107422,32.28480529785156,34.108009338378906,47.42439270019531,107.36042785644531,log,2025-01-11,2025-01-18,1
11,2025-01-11,2025-01-25,2,37.121131896972656,26.084171295166016,30.27803611755371,37.121131896972656,43.61848068237305,100.56058502197266,log,2025-01-11,2025-01-25,2
11,2025-01-11,2025-02-01,3,32.25418472290039,25.396690368652344,27.922021865844727,32.25418472290039,63.728694915771484,120.3861083984375,log,2025-01-11,2025-02-01,3
11,2025-01-11,2025-02-08,4,32.21746826171875,15.329176902770996,31.53729820251465,32.21746826171875,41.33704376220703,121.63204193115234,log,2025-01-11,2025-02-08,4
12,2025-01-11,2025-01-18,1,1006.8326416015625,736.1999999999999,927.61474609375,1006.8326416015625,1373.0577392578125,2250.370849609375,log,2025-01-11,2025-01-18,1
12,2025-01-11,2025-01-25,2,834.292724609375,209.81699999999995,756.3482666015625,834.292724609375,995.3560791015625,1672.8243408203125,log,2025-01-11,2025-01-25,2
12,2025-01-11,2025-02-01,3,780.43603515625,102.59070587158203,755.636474609375,780.43603515625,1114.6722412109375,1387.012451171875,log,2025-01-11,2025-02-01,3
12,2025-01-11,2025-02-08,4,521.4066162109375,80.34468078613281,472.78076171875,521.4066162109375,763.02490234375,959.9320678710938,log,2025-01-11,2025-02-08,4
13,2025-01-11,2025-01-18,1,532.7562255859375,246.89999999999998,515.510986328125,532.7562255859375,596.8121948242188,1080.87109375,log,2025-01-11,2025-01-18,1
13,2025-01-11,2025-01-25,2,441.0103759765625,134.4363250732422,407.9163818359375,441.0103759765625,593.7174072265625,1069.2147216796875,log,2025-01-11,2025-01-25,2
13,2025-01-11,2025-02-01,3,563.4227294921875,103.40457153320312,493.8645935058594,563.4227294921875,723.2035522460938,861.9636840820312,log,2025-01-11,2025-02-01,3
13,2025-01-11,2025-02-08,4,475.54132080078125,65.70301818847656,377.6676330566406,475.54132080078125,547.5985107421875,725.6609497070312,log,2025-01-11,2025-02-08,4
15,2025-01-11,2025-01-18,1,88.06797790527344,73.96939849853516,78.54510498046875,88.06797790527344,111.25228881835938,210.7953338623047,log,2025-01-11,2025-01-18,1
15,2025-01-11,2025-01-25,2,77.47114562988281,42.679718017578125,60.900211334228516,77.47114562988281,115.96538543701172,243.17221069335938,log,2025-01-11,2025-01-25,2
15,2025-01-11,2025-02-01,3,61.9570198059082,35.41692352294922,47.195106506347656,61.9570198059082,95.94639587402344,257.2125244140625,log,2025-01-11,2025-02-01,3
15,2025-01-11,2025-02-08,4,40.9424934387207,28.29976463317871,38.24081039428711,40.9424934387207,59.3323974609375,205.0470428466797,log,2025-01-11,2025-02-08,4
16,2025-01-11,2025-01-18,1,76.03036499023438,71.18873596191406,74.01241302490234,76.03036499023438,84.14295196533203,162.74525451660156,log,2025-01-11,2025-01-18,1
16,2025-01-11,2025-01-25,2,60.5416259765625,52.5756721496582,54.67173767089844,60.5416259765625,79.53438568115234,142.50852966308594,log,2025-01-11,2025-01-25,2
16,2025-01-11,2025-02-01,3,59.188411712646484,54.6702766418457,54.997215270996094,59.188411712646484,84.6144790649414,162.59002685546875,log,2025-01-11,2025-02-01,3
16,2025-01-11,2025-02-08,4,34.02438735961914,25.92163848876953,33.47906494140625,34.02438735961914,56.91379928588867,197.6004638671875,log,2025-01-11,2025-02-08,4
17,2025-01-11,2025-01-18,1,854.2548828125,423.0,816.2550659179688,854.2548828125,1253.9835205078125,2097.900634765625,log,2025-01-11,2025-01-18,1
17,2025-01-11,2025-01-25,2,635.5610961914062,130.74998474121094,584.9456787109375,635.5610961914062,787.8255004882812,1410.2076416015625,log,2025-01-11,2025-01-25,2
17,2025-01-11,2025-02-01,3,609.396240234375,102.59070587158203,580.36474609375,609.396240234375,867.1136474609375,1127.623779296875,log,2025-01-11,2025-02-01,3
17,2025-01-11,2025-02-08,4,400.6157531738281,76.05166625976562,347.2579345703125,400.6157531738281,520.8643188476562,800.5866088867188,log,2025-01-11,2025-02-08,4
18,2025-01-11,2025-01-18,1,310.5343017578125,156.9,310.1603088378906,310.5343017578125,377.9062194824219,616.6797485351562,log,2025-01-11,2025-01-18,1
18,2025-01-11,2025-01-25,2,249.02517700195312,100.3718490600586,229.1175079345703,249.02517700195312,293.0210876464844,508.9997863769531,log,2025-01-11,2025-01-25,2
18,2025-01-11,2025-02-01,3,268.53924560546875,88.53800964355469,251.3147430419922,268.53924560546875,385.52783203125,494.3240051269531,log,2025-01-11,2025-02-01,3
18,2025-01-11,2025-02-08,4,262.51544189453125,47.1631965637207,179.32896423339844,262.51544189453125,277.0832824707031,474.20843505859375,log,2025-01-11,2025-02-08,4
19,2025-01-11,2025-01-18,1,183.70703125,122.0793228149414,180.17568969726562,183.70703125,253.40513610839844,429.70379638671875,log,2025-01-11,2025-01-18,1
19,2025-01-11,2025-01-25,2,161.51336669921875,81.89374542236328,116.91889953613281,161.51336669921875,244.1514892578125,479.4337158203125,log,2025-01-11,2025-01-25,2
19,2025-01-11,2025-02-01,3,118.46949005126953,73.0576171875,107.7283706665039,118.46949005126953,175.71607971191406,397.0006103515625,log,2025-01-11,2025-02-01,3
19,2025-01-11,2025-02-08,4,98.47998809814453,46.72829055786133,88.40208435058594,98.47998809814453,125.89572143554688,319.36688232421875,log,2025-01-11,2025-02-08,4
20,2025-01-11,2025-01-18,1,137.4373016357422,111.20648193359375,126.15575408935547,137.4373016357422,190.26077270507812,330.2995300292969,log,2025-01-11,2025-01-18,1
20,2025-01-11,2025-01-25,2,96.22698211669922,82.7223129272461,83.9307632446289,96.22698211669922,122.8927230834961,298.0570983886719,log,2025-01-11,2025-01-25,2
20,2025-01-11,2025-02-01,3,99.28005981445312,76.7060317993164,77.5394287109375,99.28005981445312,150.00457763671875,383.6058349609375,log,2025-01-11,2025-02-01,3
20,2025-01-11,2025-02-08,4,71.81037902832031,55.405948638916016,57.47441101074219,71.81037902832031,97.80377960205078,327.3622741699219,log,2025-01-11,2025-02-08,4
21,2025-01-11,2025-01-18,1,239.022216796875,138.9,233.45697021484375,239.022216796875,330.091064453125,566.3883056640625,log,2025-01-11,2025-01-18,1
21,2025-01-11,2025-01-25,2,203.71681213378906,92.76382446289062,196.72999572753906,203.71681213378906,253.58328247070312,455.9202575683594,log,2025-01-11,2025-01-25,2
21,2025-01-11,2025-02-01,3,214.16981506347656,78.62798309326172,159.83660888671875,214.16981506347656,289.1656799316406,484.1137390136719,log,2025-01-11,2025-02-01,3
21,2025-01-11,2025-02-08,4,158.16880798339844,59.047000885009766,138.5087127685547,158.16880798339844,218.39576721191406,467.1360168457031,log,2025-01-11,2025-02-08,4
22,2025-01-11,2025-01-18,1,289.16583251953125,147.25543212890625,258.1741943359375,289.16583251953125,383.6955261230469,420.02117919921875,log,2025-01-11,2025-01-18,1
22,2025-01-11,2025-01-25,2,231.1031036376953,110.85572052001953,193.97381591796875,231.1031036376953,347.7523193359375,511.1523742675781,log,2025-01-11,2025-01-25,2
22,2025-01-11,2025-02-01,3,200.5145263671875,87.32665252685547,187.43045043945312,200.5145263671875,305.45135498046875,576.4966430664062,log,2025-01-11,2025-02-01,3
22,2025-01-11,2025-02-08,4,172.0439910888672,54.74247360229492,171.3993682861328,172.0439910888672,281.64111328125,513.2601318359375,log,2025-01-11,2025-02-08,4
23,2025-01-11,2025-01-18,1,73.84552764892578,49.779579162597656,60.299739837646484,73.84552764892578,84.00859069824219,182.70289611816406,log,2025-01-11,2025-01-18,1
23,2025-01-11,2025-01-25,2,76.81163787841797,33.58371353149414,62.65541076660156,76.81163787841797,98.85567474365234,237.6708221435547,log,2025-01-11,2025-01-25,2
23,2025-01-11,2025-02-01,3,63.88855743408203,28.95150375366211,52.45076370239258,63.88855743408203,93.8260726928711,244.744873046875,log,2025-01-11,2025-02-01,3
23,2025-01-11,2025-02-08,4,46.81060028076172,20.527381896972656,45.3945198059082,46.81060028076172,66.67245483398438,194.24073791503906,log,2025-01-11,2025-02-08,4
24,2025-01-11,2025-01-18,1,222.25033569335938,163.56158447265625,221.72454833984375,222.25033569335938,321.50872802734375,632.4961547851562,log,2025-01-11,2025-01-18,1
24,2025-01-11,2025-01-25,2,183.43438720703125,111.34090423583984,177.41810607910156,183.43438720703125,243.3761749267578,551.4747924804688,log,2025-01-11,2025-01-25,2
24,2025-01-11,2025-02-01,3,200.7017059326172,90.3633041381836,186.30628967285156,200.7017059326172,296.1676330566406,518.1829833984375,log,2025-01-11,2025-02-01,3
24,2025-01-11,2025-02-08,4,170.3845672607422,67.80877685546875,154.4302215576172,170.3845672607422,176.76998901367188,498.0856018066406,log,2025-01-11,2025-02-08,4
25,2025-01-11,2025-01-18,1,397.6080017089844,185.90016174316406,369.8121643066406,397.6080017089844,477.597900390625,764.5897827148438,log,2025-01-11,2025-01-18,1
25,2025-01-11,2025-01-25,2,318.5956115722656,108.70164489746094,267.88238525390625,318.5956115722656,407.4547119140625,705.43701171875,log,2025-01-11,2025-01-25,2
25,2025-01-11,2025-02-01,3,372.2864685058594,110.78496551513672,346.9629821777344,372.2864685058594,494.9637756347656,757.943603515625,log,2025-01-11,2025-02-01,3
25,2025-01-11,2025-02-08,4,348.0671081542969,71.29659271240234,340.9197692871094,348.0671081542969,401.3397216796875,598.889892578125,log,2025-01-11,2025-02-08,4
26,2025-01-11,2025-01-18,1,528.544921875,227.4,512.1795654296875,528.544921875,671.2986450195312,1003.5992431640625,log,2025-01-11,2025-01-18,1
26,2025-01-11,2025-01-25,2,469.95440673828125,131.1456756591797,385.3734130859375,469.95440673828125,612.9633178710938,995.9782104492188,log,2025-01-11,2025-01-25,2
26,2025-01-11,2025-02-01,3,464.3480224609375,114.0506820678711,459.9261474609375,464.3480224609375,662.7311401367188,933.0842895507812,log,2025-01-11,2025-02-01,3
26,2025-01-11,2025-02-08,4,413.99835205078125,84.77748107910156,355.2812805175781,413.99835205078125,504.433349609375,841.6549072265625,log,2025-01-11,2025-02-08,4
27,2025-01-11,2025-01-18,1,556.527099609375,267.9,550.7105712890625,556.527099609375,673.43896484375,947.9175415039062,log,2025-01-11,2025-01-18,1
27,2025-01-11,2025-01-25,2,512.3966674804688,119.04739379882812,394.50164794921875,512.3966674804688,521.8997802734375,879.3455200195312,log,2025-01-11,2025-01-25,2
27,2025-01-11,2025-02-01,3,376.93218994140625,93.67765045166016,375.5661315917969,376.93218994140625,577.6585083007812,850.5895385742188,log,2025-01-11,2025-02-01,3
27,2025-01-11,2025-02-08,4,284.7025146484375,61.713008880615234,235.16392517089844,284.7025146484375,423.2840270996094,675.2887573242188,log,2025-01-11,2025-02-08,4
28,2025-01-11,2025-01-18,1,177.88902282714844,121.4644546508789,156.31631469726562,177.88902282714844,215.62734985351562,341.42999267578125,log,2025-01-11,2025-01-18,1
28,2025-01-11,2025-01-25,2,145.4114227294922,98.04307556152344,119.99574279785156,145.4114227294922,181.90322875976562,338.49456787109375,log,2025-01-11,2025-01-25,2
28,2025-01-11,2025-02-01,3,134.09654235839844,86.04443359375,128.83839416503906,134.09654235839844,204.5685272216797,418.752685546875,log,2025-01-11,2025-02-01,3
28,2025-01-11,2025-02-08,4,99.25501251220703,52.59926986694336,99.20205688476562,99.25501251220703,137.50921630859375,374.87921142578125,log,2025-01-11,2025-02-08,4
29,2025-01-11,2025-01-18,1,403.9693298339844,194.1,352.3728332519531,403.9693298339844,435.54742431640625,735.3685913085938,log,2025-01-11,2025-01-18,1
29,2025-01-11,2025-01-25,2,326.0644836425781,130.74998474121094,286.67938232421875,326.0644836425781,425.43255615234375,678.901123046875,log,2025-01-11,2025-01-25,2
29,2025-01-11,2025-02-01,3,322.5259094238281,101.9920883178711,302.5140380859375,322.5259094238281,432.4931640625,679.3155517578125,log,2025-01-11,2025-02-01,3
29,2025-01-11,2025-02-08,4,242.5106201171875,63.90217590332031,237.9649658203125,242.5106201171875,304.9698181152344,632.3007202148438,log,2025-01-11,2025-02-08,4
30,2025-01-11,2025-01-18,1,66.71483612060547,48.4415397644043,61.037052154541016,66.71483612060547,76.2345962524414,119.06714630126953,log,2025-01-11,2025-01-18,1
30,2025-01-11,2025-01-25,2,66.6312255859375,35.57493209838867,56.35426712036133,66.6312255859375,74.29918670654297,137.2537841796875,log,2025-01-11,2025-01-25,2
30,2025-01-11,2025-02-01,3,61.02918243408203,41.265419006347656,48.814796447753906,61.02918243408203,88.57345581054688,169.38800048828125,log,2025-01-11,2025-02-01,3
30,2025-01-11,2025-02-08,4,52.3333854675293,31.507413864135742,46.80303192138672,52.3333854675293,72.33627319335938,186.84884643554688,log,2025-01-11,2025-02-08,4
31,2025-01-11,2025-01-18,1,125.40106201171875,91.68987274169922,104.71895599365234,125.40106201171875,172.51470947265625,298.09375,log,2025-01-11,2025-01-18,1
31,2025-01-11,2025-01-25,2,97.64315795898438,72.5347900390625,78.87692260742188,97.64315795898438,137.9525604248047,308.2126770019531,log,2025-01-11,2025-01-25,2
31,2025-01-11,2025-02-01,3,67.50337219238281,65.04177856445312,67.2930679321289,67.50337219238281,121.51036071777344,354.6235656738281,log,2025-01-11,2025-02-01,3
31,2025-01-11,2025-02-08,4,60.43273162841797,43.997493743896484,55.07197570800781,60.43273162841797,67.67845153808594,266.5669250488281,log,2025-01-11,2025-02-08,4
32,2025-01-11,2025-01-18,1,154.52920532226562,145.81263732910156,147.25543212890625,154.52920532226562,220.17556762695312,288.0028991699219,log,2025-01-11,2025-01-18,1
32,2025-01-11,2025-01-25,2,118.70088958740234,93.7416000366211,99.18562316894531,118.70088958740234,137.5808868408203,330.7212829589844,log,2025-01-11,2025-01-25,2
32,2025-01-11,2025-02-01,3,115.72246551513672,82.74810028076172,84.21760559082031,115.72246551513672,181.62905883789062,402.04345703125,log,2025-01-11,2025-02-01,3
32,2025-01-11,2025-02-08,4,80.80418395996094,46.80206298828125,80.6017074584961,80.80418395996094,138.04025268554688,386.4955749511719,log,2025-01-11,2025-02-08,4
33,2025-01-11,2025-01-18,1,76.93606567382812,70.56499481201172,73.2271728515625,76.93606567382812,91.87715148925781,155.77931213378906,log,2025-01-11,2025-01-18,1
33,2025-01-11,2025-01-25,2,78.41545104980469,38.984230041503906,63.44880294799805,78.41545104980469,106.92350769042969,213.90505981445312,log,2025-01-11,2025-01-25,2
33,2025-01-11,2025-02-01,3,57.95515060424805,39.53862762451172,52.01837158203125,57.95515060424805,84.00296020507812,225.8605499267578,log,2025-01-11,2025-02-01,3
33,2025-01-11,2025-02-08,4,53.67724609375,28.604089736938477,48.77166748046875,53.67724609375,53.89530563354492,194.35519409179688,log,2025-01-11,2025-02-08,4
34,2025-01-11,2025-01-18,1,755.9893798828125,323.4,748.7833862304688,755.9893798828125,1038.4945068359375,1837.1453857421875,log,2025-01-11,2025-01-18,1
34,2025-01-11,2025-01-25,2,561.3925170898438,130.74998474121094,535.5205078125,561.3925170898438,679.1884155273438,1371.7132568359375,log,2025-01-11,2025-01-25,2
34,2025-01-11,2025-02-01,3,573.892822265625,101.9920883178711,446.5118408203125,573.892822265625,802.6038818359375,1092.35986328125,log,2025-01-11,2025-02-01,3
34,2025-01-11,2025-02-08,4,416.3356018066406,63.90217590332031,357.98590087890625,416.3356018066406,469.3305358886719,800.08642578125,log,2025-01-11,2025-02-08,4
35,2025-01-11,2025-01-18,1,157.89755249023438,128.20787048339844,156.67123413085938,157.89755249023438,198.51651000976562,261.7278747558594,log,2025-01-11,2025-01-18,1
35,2025-01-11,2025-01-25,2,132.11297607421875,89.55570983886719,98.21772766113281,132.11297607421875,138.8489227294922,267.6864013671875,log,2025-01-11,2025-01-25,2
35,2025-01-11,2025-02-01,3,107.37732696533203,81.89323425292969,91.42127227783203,107.37732696533203,158.86448669433594,333.6788330078125,log,2025-01-11,2025-02-01,3
35,2025-01-11,2025-02-08,4,67.15013122558594,56.321651458740234,62.94884490966797,67.15013122558594,111.48890686035156,354.93878173828125,log,2025-01-11,2025-02-08,4
36,2025-01-11,2025-01-18,1,968.0156860351562,674.6999999999999,933.9255981445312,968.0156860351562,1357.4652099609375,2164.09228515625,log,2025-01-11,2025-01-18,1
36,2025-01-11,2025-01-25,2,727.7109375,192.28949999999998,706.2672119140625,727.7109375,894.1756591796875,1699.09814453125,log,2025-01-11,2025-01-25,2
36,2025-01-11,2025-02-01,3,667.5659790039062,102.24309539794922,655.956298828125,667.5659790039062,1014.3889770507812,1341.2718505859375,log,2025-01-11,2025-02-01,3
36,2025-01-11,2025-02-08,4,455.0430603027344,76.19976806640625,389.8881530761719,455.0430603027344,592.0463256835938,886.2852783203125,log,2025-01-11,2025-02-08,4
37,2025-01-11,2025-01-18,1,573.959716796875,249.89999999999998,478.3129577636719,573.959716796875,630.7950439453125,961.7060546875,log,2025-01-11,2025-01-18,1
37,2025-01-11,2025-01-25,2,506.14886474609375,122.7546157836914,456.1578063964844,506.14886474609375,557.1814575195312,1042.073974609375,log,2025-01-11,2025-01-25,2
37,2025-01-11,2025-02-01,3,522.406982421875,104.17727661132812,494.13604736328125,522.406982421875,617.6152954101562,895.8432006835938,log,2025-01-11,2025-02-01,3
37,2025-01-11,2025-02-08,4,446.89654541015625,71.44083404541016,444.7006530761719,446.89654541015625,459.2637634277344,835.2252807617188,log,2025-01-11,2025-02-08,4
38,2025-01-11,2025-01-18,1,37.66032791137695,23.667640686035156,26.136287689208984,37.66032791137695,46.36231994628906,83.34906005859375,log,2025-01-11,2025-01-18,1
38,2025-01-11,2025-01-25,2,31.760725021362305,12.427608489990234,25.519723892211914,31.760725021362305,41.465492248535156,96.00706481933594,log,2025-01-11,2025-01-25,2
38,2025-01-11,2025-02-01,3,27.27252769470215,13.14188289642334,22.478525161743164,27.27252769470215,46.72981262207031,125.48149108886719,log,2025-01-11,2025-02-01,3
38,2025-01-11,2025-02-08,4,24.679481506347656,10.029583930969238,19.706239700317383,24.679481506347656,33.98820495605469,115.89836120605469,log,2025-01-11,2025-02-08,4
39,2025-01-11,2025-01-18,1,729.4548950195312,313.2,684.9054565429688,729.4548950195312,840.348388671875,1521.660888671875,log,2025-01-11,2025-01-18,1
39,2025-01-11,2025-01-25,2,555.7715454101562,130.74998474121094,543.9967651367188,555.7715454101562,712.3560180664062,1220.189453125,log,2025-01-11,2025-01-25,2
39,2025-01-11,2025-02-01,3,594.206787109375,103.05423736572266,465.21600341796875,594.206787109375,834.1919555664062,1031.5264892578125,log,2025-01-11,2025-02-01,3
39,2025-01-11,2025-02-08,4,457.5406188964844,65.5340805053711,376.45062255859375,457.5406188964844,483.2583923339844,733.1419677734375,log,2025-01-11,2025-02-08,4
40,2025-01-11,2025-01-18,1,186.0068817138672,141.60671997070312,153.38348388671875,186.0068817138672,207.274658203125,426.7120666503906,log,2025-01-11,2025-01-18,1
40,2025-01-11,2025-01-25,2,121.20329284667969,101.35777282714844,110.43955993652344,121.20329284667969,156.5301055908203,310.6481018066406,log,2025-01-11,2025-01-25,2
40,2025-01-11,2025-02-01,3,124.5514907836914,86.88191986083984,121.0749282836914,124.5514907836914,218.78077697753906,403.1743469238281,log,2025-01-11,2025-02-01,3
40,2025-01-11,2025-02-08,4,102.47952270507812,56.275150299072266,101.70704650878906,102.47952270507812,146.2723846435547,427.060546875,log,2025-01-11,2025-02-08,4
41,2025-01-11,2025-01-18,1,212.56448364257812,114.88703918457031,203.77743530273438,212.56448364257812,268.31353759765625,334.6752014160156,log,2025-01-11,2025-01-18,1
41,2025-01-11,2025-01-25,2,146.4486083984375,84.97735595703125,141.7010040283203,146.4486083984375,239.63290405273438,320.6401062011719,log,2025-01-11,2025-01-25,2
41,2025-01-11,2025-02-01,3,152.3914031982422,70.68534851074219,110.3060531616211,152.3914031982422,245.772705078125,353.3329162597656,log,2025-01-11,2025-02-01,3
41,2025-01-11,2025-02-08,4,102.0716781616211,35.9401741027832,100.4540023803711,102.0716781616211,180.640625,429.496826171875,log,2025-01-11,2025-02-08,4
42,2025-01-11,2025-01-18,1,1131.7476806640625,617.6999999999999,975.8770141601562,1131.7476806640625,1421.3931884765625,2330.828125,log,2025-01-11,2025-01-18,1
42,2025-01-11,2025-01-25,2,755.2667236328125,176.04449999999997,641.1138305664062,755.2667236328125,951.4130249023438,1699.09814453125,log,2025-01-11,2025-01-25,2
42,2025-01-11,2025-02-01,3,646.4755859375,111.9349365234375,635.1038818359375,646.4755859375,1096.134765625,1322.5037841796875,log,2025-01-11,2025-02-01,3
42,2025-01-11,2025-02-08,4,449.3462829589844,75.89824676513672,404.5691833496094,449.3462829589844,647.3521118164062,878.6854248046875,log,2025-01-11,2025-02-08,4
44,2025-01-11,2025-01-18,1,53.042659759521484,42.300086975097656,50.91875457763672,53.042659759521484,65.62446594238281,117.42034149169922,log,2025-01-11,2025-01-18,1
44,2025-01-11,2025-01-25,2,46.423912048339844,34.141143798828125,37.49119567871094,46.423912048339844,54.80915069580078,109.63593292236328,log,2025-01-11,2025-01-25,2
44,2025-01-11,2025-02-01,3,40.69277572631836,38.300575256347656,39.8565559387207,40.69277572631836,62.3487663269043,135.9263458251953,log,2025-01-11,2025-02-01,3
44,2025-01-11,2025-02-08,4,38.890689849853516,23.63943862915039,36.76018142700195,38.890689849853516,43.57703399658203,148.77908325195312,log,2025-01-11,2025-02-08,4
45,2025-01-11,2025-01-18,1,267.9856262207031,178.61573791503906,258.0494079589844,267.9856262207031,391.3072814941406,633.2862548828125,log,2025-01-11,2025-01-18,1
45,2025-01-11,2025-01-25,2,214.6805419921875,111.49266052246094,208.18704223632812,214.6805419921875,349.1014404296875,538.1181030273438,log,2025-01-11,2025-01-25,2
45,2025-01-11,2025-02-01,3,266.4039306640625,90.58597564697266,240.8627471923828,266.4039306640625,324.84344482421875,534.0193481445312,log,2025-01-11,2025-02-01,3
45,2025-01-11,2025-02-08,4,199.664306640625,63.576988220214844,185.3715362548828,199.664306640625,219.0255126953125,524.27587890625,log,2025-01-11,2025-02-08,4
46,2025-01-11,2025-01-18,1,36.77857971191406,25.156044006347656,28.267709732055664,36.77857971191406,51.916019439697266,93.37678527832031,log,2025-01-11,2025-01-18,1
46,2025-01-11,2025-01-25,2,37.87361526489258,16.852516174316406,29.764598846435547,37.87361526489258,41.694000244140625,105.69083404541016,log,2025-01-11,2025-01-25,2
46,2025-01-11,2025-02-01,3,29.662580490112305,13.973381042480469,24.78679847717285,29.662580490112305,40.898399353027344,136.67184448242188,log,2025-01-11,2025-02-01,3
46,2025-01-11,2025-02-08,4,29.37742805480957,10.416756629943848,24.63030242919922,29.37742805480957,32.932193756103516,139.0153350830078,log,2025-01-11,2025-02-08,4
47,2025-01-11,2025-01-18,1,378.6528015136719,205.2,378.45623779296875,378.6528015136719,479.5723571777344,880.2081298828125,log,2025-01-11,2025-01-18,1
47,2025-01-11,2025-01-25,2,280.26129150390625,105.05770874023438,275.8719787597656,280.26129150390625,374.3854064941406,780.0348510742188,log,2025-01-11,2025-01-25,2
47,2025-01-11,2025-02-01,3,274.7809753417969,87.32665252685547,274.4141845703125,274.7809753417969,443.7088317871094,703.5527954101562,log,2025-01-11,2025-02-01,3
47,2025-01-11,2025-02-08,4,222.26417541503906,45.62961196899414,218.28834533691406,222.26417541503906,329.3528747558594,678.8820190429688,log,2025-01-11,2025-02-08,4
48,2025-01-11,2025-01-18,1,1028.29248046875,616.1999999999999,888.9878540039062,1028.29248046875,1293.804931640625,1916.25830078125,log,2025-01-11,2025-01-18,1
48,2025-01-11,2025-01-25,2,813.4024047851562,175.61699999999996,737.7566528320312,813.4024047851562,991.8924560546875,1520.5242919921875,log,2025-01-11,2025-01-25,2
48,2025-01-11,2025-02-01,3,758.6775512695312,103.92156219482422,693.2604370117188,758.6775512695312,990.0382690429688,1105.395263671875,log,2025-01-11,2025-02-01,3
48,2025-01-11,2025-02-08,4,647.89892578125,89.793212890625,567.9838256835938,647.89892578125,819.7824096679688,916.4390258789062,log,2025-01-11,2025-02-08,4
49,2025-01-11,2025-01-18,1,152.25936889648438,131.7260284423828,136.9582977294922,152.25936889648438,209.79293823242188,332.182861328125,log,2025-01-11,2025-01-18,1
49,2025-01-11,2025-01-25,2,107.9107666015625,82.08183288574219,87.01687622070312,107.9107666015625,147.54470825195312,324.95440673828125,log,2025-01-11,2025-01-25,2
49,2025-01-11,2025-02-01,3,92.03610229492188,67.97795867919922,71.91502380371094,92.03610229492188,144.7105712890625,379.9019775390625,log,2025-01-11,2025-02-01,3
49,2025-01-11,2025-02-08,4,58.942440032958984,35.09872055053711,49.37924575805664,58.942440032958984,91.17758178710938,328.84619140625,log,2025-01-11,2025-02-08,4
50,2025-01-11,2025-01-18,1,22.136287689208984,17.64424705505371,17.774667739868164,22.136287689208984,40.76487350463867,64.74598693847656,log,2025-01-11,2025-01-18,1
50,2025-01-11,2025-01-25,2,21.79837417602539,8.888762474060059,18.945743560791016,21.79837417602539,33.8779411315918,79.15166473388672,log,2025-01-11,2025-01-25,2
50,2025-01-11,2025-02-01,3,23.063100814819336,9.483086585998535,15.618513107299805,23.063100814819336,33.76034164428711,99.48622131347656,log,2025-01-11,2025-02-01,3
50,2025-01-11,2025-02-08,4,15.132972717285156,7.403247356414795,11.74489974975586,15.132972717285156,24.743263244628906,102.41253662109375,log,2025-01-11,2025-02-08,4
51,2025-01-11,2025-01-18,1,291.2258605957031,178.61573791503906,266.1028137207031,291.2258605957031,380.3335876464844,595.9169311523438,log,2025-01-11,2025-01-18,1
51,2025-01-11,2025-01-25,2,264.2563171386719,116.84054565429688,253.74989318847656,264.2563171386719,341.94879150390625,535.0532836914062,log,2025-01-11,2025-01-25,2
51,2025-01-11,2025-02-01,3,301.3414306640625,100.94335174560547,284.71954345703125,301.3414306640625,444.0321044921875,555.6353759765625,log,2025-01-11,2025-02-01,3
51,2025-01-11,2025-02-08,4,297.23797607421875,71.44083404541016,267.8866271972656,297.23797607421875,318.27496337890625,531.3922119140625,log,2025-01-11,2025-02-08,4
53,2025-01-11,2025-01-18,1,274.5878601074219,117.6,226.021240234375,274.5878601074219,321.0449523925781,418.1468505859375,log,2025-01-11,2025-01-18,1
53,2025-01-11,2025-01-25,2,225.73812866210938,71.04976654052734,168.63900756835938,225.73812866210938,348.7090148925781,417.1074523925781,log,2025-01-11,2025-01-25,2
53,2025-01-11,2025-02-01,3,200.9158172607422,75.8967056274414,143.61297607421875,200.9158172607422,293.2409973144531,578.1244506835938,log,2025-01-11,2025-02-01,3
53,2025-01-11,2025-02-08,4,155.19921875,38.09379959106445,154.60226440429688,155.19921875,193.98153686523438,514.7883911132812,log,2025-01-11,2025-02-08,4
54,2025-01-11,2025-01-18,1,101.34176635742188,83.36656188964844,86.03044891357422,101.34176635742188,161.94215393066406,251.72149658203125,log,2025-01-11,2025-01-18,1
54,2025-01-11,2025-01-25,2,94.7675552368164,64.3155517578125,64.76044464111328,94.7675552368164,127.89643859863281,244.90452575683594,log,2025-01-11,2025-01-25,2
54,2025-01-11,2025-02-01,3,80.23196411132812,56.77095413208008,78.7735366821289,80.23196411132812,152.4254150390625,286.6578674316406,log,2025-01-11,2025-02-01,3
54,2025-01-11,2025-02-08,4,73.06040954589844,41.7183723449707,72.3953628540039,73.06040954589844,104.90241241455078,285.60662841796875,log,2025-01-11,2025-02-08,4
55,2025-01-11,2025-01-18,1,215.84335327148438,160.1458282470703,214.90435791015625,215.84335327148438,274.23681640625,574.4984741210938,log,2025-01-11,2025-01-18,1
55,2025-01-11,2025-01-25,2,172.45648193359375,108.64913940429688,165.45358276367188,172.45648193359375,247.332275390625,583.9624633789062,log,2025-01-11,2025-01-25,2
55,2025-01-11,2025-02-01,3,186.39044189453125,90.58597564697266,168.7943115234375,186.39044189453125,297.4130859375,537.9874877929688,log,2025-01-11,2025-02-01,3
55,2025-01-11,2025-02-08,4,144.5081024169922,65.61566925048828,124.07525634765625,144.5081024169922,171.87310791015625,470.7808837890625,log,2025-01-11,2025-02-08,4
56,2025-01-11,2025-01-18,1,42.92921829223633,33.37549591064453,41.509403228759766,42.92921829223633,69.3174057006836,114.88848114013672,log,2025-01-11,2025-01-18,1
56,2025-01-11,2025-01-25,2,38.53224182128906,28.283044815063477,31.12729835510254,38.53224182128906,51.384639739990234,96.64453125,log,2025-01-11,2025-01-25,2
56,2025-01-11,2025-02-01,3,31.03572654724121,25.029613494873047,30.384498596191406,31.03572654724121,52.513065338134766,112.55057525634766,log,2025-01-11,2025-02-01,3
56,2025-01-11,2025-02-08,4,30.600664138793945,19.738698959350586,27.075626373291016,30.600664138793945,37.052345275878906,127.6629638671875,log,2025-01-11,2025-02-08,4
72,2025-01-11,2025-01-18,1,880.1854858398438,374.7,850.6484375,880.1854858398438,1156.6741943359375,2030.61376953125,log,2025-01-11,2025-01-18,1
72,2025-01-11,2025-01-25,2,689.8355712890625,135.7342529296875,499.3077087402344,689.8355712890625,789.3020629882812,1616.611083984375,log,2025-01-11,2025-01-25,2
72,2025-01-11,2025-02-01,3,491.6632080078125,98.69087219238281,371.391845703125,491.6632080078125,719.2967529296875,1300.171142578125,log,2025-01-11,2025-02-01,3
72,2025-01-11,2025-02-08,4,262.3538818359375,70.75836944580078,245.5012664794922,262.3538818359375,500.50457763671875,897.863525390625,log,2025-01-11,2025-02-08,4
US,2025-01-11,2025-01-18,1,9546.9,9546.9,9546.9,9546.9,9546.9,9546.9,log,2025-01-11,2025-01-18,1
US,2025-01-11,2025-01-25,2,2720.8664999999996,2720.8664999999996,2720.8664999999996,2720.8664999999996,2720.8664999999996,2720.8664999999996,log,2025-01-11,2025-01-25,2
US,2025-01-11,2025-02-01,3,734.6339549999999,734.6339549999999,734.6339549999999,734.6339549999999,1136.13232421875,1372.847412109375,log,2025-01-11,2025-02-01,3
US,2025-01-11,2025-02-08,4,447.6010437011719,187.33165852499997,428.8133850097656,447.6010437011719,778.7127075195312,973.5753784179688,log,2025-01-11,2025-02-08,4
01,2025-01-18,2025-01-25,1,425.0986022949219,146.4,319.3494873046875,425.0986022949219,429.671142578125,585.6577758789062,log,2025-01-18,2025-01-25,1
01,2025-01-18,2025-02-01,2,234.85804748535156,89.34674072265625,182.4508819580078,234.85804748535156,300.8561096191406,566.12890625,log,2025-01-18,2025-02-01,2
01,2025-01-18,2025-02-08,3,189.67552185058594,55.47953414916992,129.56285095214844,189.67552185058594,369.6104736328125,600.6276245117188,log,2025-01-18,2025-02-08,3
01,2025-01-18,2025-02-15,4,168.3159942626953,50.78273391723633,107.33252716064453,168.3159942626953,255.502197265625,607.4811401367188,log,2025-01-18,2025-02-15,4
02,2025-01-18,2025-01-25,1,25.108612060546875,9.931489944458008,20.9417667388916,25.108612060546875,36.15858459472656,60.634986877441406,log,2025-01-18,2025-01-25,1
02,2025-01-18,2025-02-01,2,16.013948440551758,6.986674785614014,14.137772560119629,16.013948440551758,25.214134216308594,60.33304214477539,log,2025-01-18,2025-02-01,2
02,2025-01-18,2025-02-08,3,16.442655563354492,5.724700927734375,14.634589195251465,16.442655563354492,24.379192352294922,63.783042907714844,log,2025-01-18,2025-02-08,3
02,2025-01-18,2025-02-15,4,12.138504981994629,4.187134265899658,10.393738746643066,12.138504981994629,15.470335006713867,71.56913757324219,log,2025-01-18,2025-02-15,4
04,2025-01-18,2025-01-25,1,707.15673828125,323.09999999999997,547.4705810546875,707.15673828125,791.4681396484375,952.6591186523438,log,2025-01-18,2025-01-25,1
04,2025-01-18,2025-02-01,2,352.443115234375,92.08349999999999,295.8314208984375,352.443115234375,579.1039428710938,815.6095581054688,log,2025-01-18,2025-02-01,2
04,2025-01-18,2025-02-08,3,318.23675537109375,43.53055191040039,184.53778076171875,318.23675537109375,575.3978881835938,758.7401733398438,log,2025-01-18,2025-02-08,3
04,2025-01-18,2025-02-15,4,264.7173767089844,36.72270202636719,125.35623168945312,264.7173767089844,476.6143798828125,663.35205078125,log,2025-01-18,2025-02-15,4
05,2025-01-18,2025-01-25,1,192.47303771972656,147.11708068847656,165.0118408203125,192.47303771972656,240.89700317382812,287.5069274902344,log,2025-01-18,2025-01-25,1
05,2025-01-18,2025-02-01,2,154.5503387451172,106.59481048583984,151.74705505371094,154.5503387451172,232.96066284179688,381.4681091308594,log,2025-01-18,2025-02-01,2
05,2025-01-18,2025-02-08,3,162.06930541992188,61.161537170410156,95.18346405029297,162.06930541992188,273.583740234375,448.6679992675781,log,2025-01-18,2025-02-08,3
05,2025-01-18,2025-02-15,4,109.65023040771484,43.13882064819336,92.19274139404297,109.65023040771484,211.78147888183594,485.1412048339844,log,2025-01-18,2025-02-15,4
06,2025-01-18,2025-01-25,1,1454.3079833984375,1097.7,1130.1597900390625,1454.3079833984375,1807.58740234375,1903.46728515625,log,2025-01-18,2025-01-25,1
06,2025-01-18,2025-02-01,2,909.7974853515625,312.8445,713.9790649414062,909.7974853515625,1643.4854736328125,2061.500244140625,log,2025-01-18,2025-02-01,2
06,2025-01-18,2025-02-08,3,623.07421875,84.468015,387.68121337890625,623.07421875,1376.9833984375,1462.3458251953125,log,2025-01-18,2025-02-08,3
06,2025-01-18,2025-02-15,4,530.682861328125,71.0304946899414,260.2848815917969,530.682861328125,777.670166015625,1240.2481689453125,log,2025-01-18,2025-02-15,4
08,2025-01-18,2025-01-25,1,438.21270751953125,132.29999999999998,389.0225830078125,438.21270751953125,517.165771484375,605.322509765625,log,2025-01-18,2025-01-25,1
08,2025-01-18,2025-02-01,2,269.6135559082031,85.6658935546875,214.69442749023438,269.6135559082031,417.3611145019531,752.9256591796875,log,2025-01-18,2025-02-01,2
08,2025-01-18,2025-02-08,3,260.4277038574219,51.36248779296875,171.7068328857422,260.4277038574219,464.1654357910156,568.79345703125,log,2025-01-18,2025-02-08,3
08,2025-01-18,2025-02-15,4,209.8756866455078,44.735694885253906,126.53971099853516,209.8756866455078,287.5026550292969,623.7843627929688,log,2025-01-18,2025-02-15,4
09,2025-01-18,2025-01-25,1,200.37745666503906,152.66615295410156,155.73602294921875,200.37745666503906,251.15707397460938,300.12164306640625,log,2025-01-18,2025-01-25,1
09,2025-01-18,2025-02-01,2,135.06915283203125,103.03146362304688,125.85833740234375,135.06915283203125,186.0227508544922,367.45880126953125,log,2025-01-18,2025-02-01,2
09,2025-01-18,2025-02-08,3,146.57029724121094,58.22312927246094,109.7855453491211,146.57029724121094,211.47691345214844,377.6795349121094,log,2025-01-18,2025-02-08,3
09,2025-01-18,2025-02-15,4,85.7162857055664,44.88913345336914,80.9300765991211,85.7162857055664,132.25985717773438,466.79595947265625,log,2025-01-18,2025-02-15,4
10,2025-01-18,2025-01-25,1,77.84268188476562,64.94332122802734,68.27934265136719,77.84268188476562,118.91106414794922,130.0919952392578,log,2025-01-18,2025-01-25,1
10,2025-01-18,2025-02-01,2,52.173370361328125,46.221107482910156,51.212257385253906,52.173370361328125,86.93843078613281,144.76504516601562,log,2025-01-18,2025-02-01,2
10,2025-01-18,2025-02-08,3,41.2609748840332,21.10125732421875,31.375438690185547,41.2609748840332,88.07762145996094,143.71664428710938,log,2025-01-18,2025-02-08,3
10,2025-01-18,2025-02-15,4,26.782581329345703,12.107267379760742,18.154634475708008,26.782581329345703,38.7868537902832,167.89669799804688,log,2025-01-18,2025-02-15,4
11,2025-01-18,2025-01-25,1,36.75127029418945,17.4,31.78653335571289,36.75127029418945,55.122318267822266,88.8782958984375,log,2025-01-18,2025-01-25,1
11,2025-01-18,2025-02-01,2,26.37115478515625,9.918025970458984,22.195478439331055,26.37115478515625,47.43140411376953,98.34133911132812,log,2025-01-18,2025-02-01,2
11,2025-01-18,2025-02-08,3,25.003475189208984,8.206729888916016,17.55052947998047,25.003475189208984,45.10836410522461,86.20567321777344,log,2025-01-18,2025-02-08,3
11,2025-01-18,2025-02-15,4,14.799029350280762,7.1060686111450195,14.415419578552246,14.799029350280762,30.9045467376709,101.4691162109375,log,2025-01-18,2025-02-15,4
12,2025-01-18,2025-01-25,1,1798.1231689453125,812.4,1320.8702392578125,1798.1231689453125,1864.27490234375,2394.084228515625,log,2025-01-18,2025-01-25,1
12,2025-01-18,2025-02-01,2,1120.4764404296875,231.53399999999996,898.0654296875,1120.4764404296875,1719.46728515625,2415.2333984375,log,2025-01-18,2025-02-01,2
12,2025-01-18,2025-02-08,3,898.2429809570312,110.4361572265625,596.4093017578125,898.2429809570312,1560.9251708984375,1890.3792724609375,log,2025-01-18,2025-02-08,3
12,2025-01-18,2025-02-15,4,638.732421875,102.5963363647461,405.11529541015625,638.732421875,950.4819946289062,1598.203857421875,log,2025-01-18,2025-02-15,4
13,2025-01-18,2025-01-25,1,1004.3976440429688,297.59999999999997,899.0386962890625,1004.3976440429688,1156.3651123046875,1282.270263671875,log,2025-01-18,2025-01-25,1
13,2025-01-18,2025-02-01,2,728.2716064453125,138.78985595703125,607.3668212890625,728.2716064453125,998.1640625,1585.7783203125,log,2025-01-18,2025-02-01,2
13,2025-01-18,2025-02-08,3,710.8843383789062,78.51643371582031,426.11083984375,710.8843383789062,914.3267211914062,961.9388427734375,log,2025-01-18,2025-02-08,3
13,2025-01-18,2025-02-15,4,572.4489135742188,67.32759857177734,361.6855163574219,572.4489135742188,703.5719604492188,1101.472900390625,log,2025-01-18,2025-02-15,4
15,2025-01-18,2025-01-25,1,79.01652526855469,53.889625549316406,73.29084014892578,79.01652526855469,110.06249237060547,124.77877807617188,log,2025-01-18,2025-01-25,1
15,2025-01-18,2025-02-01,2,52.14616012573242,31.154178619384766,37.46333312988281,52.14616012573242,70.91919708251953,158.43072509765625,log,2025-01-18,2025-02-01,2
15,2025-01-18,2025-02-08,3,48.684669494628906,12.619159698486328,31.756195068359375,48.684669494628906,92.96554565429688,148.20953369140625,log,2025-01-18,2025-02-08,3
15,2025-01-18,2025-02-15,4,29.82600975036621,13.989822387695312,26.818790435791016,29.82600975036621,57.753257751464844,196.3852996826172,log,2025-01-18,2025-02-15,4
16,2025-01-18,2025-01-25,1,80.5704345703125,65.25080108642578,72.14492797851562,80.5704345703125,97.50064849853516,138.23025512695312,log,2025-01-18,2025-01-25,1
16,2025-01-18,2025-02-01,2,52.4845085144043,42.646488189697266,49.33099365234375,52.4845085144043,72.22460174560547,138.5335235595703,log,2025-01-18,2025-02-01,2
16,2025-01-18,2025-02-08,3,47.69826889038086,30.95717430114746,36.71704864501953,47.69826889038086,76.92829895019531,128.43017578125,log,2025-01-18,2025-02-08,3
16,2025-01-18,2025-02-15,4,48.870018005371094,16.87596321105957,31.92228126525879,48.870018005371094,54.10908126831055,140.1415557861328,log,2025-01-18,2025-02-15,4
17,2025-01-18,2025-01-25,1,1279.8511962890625,414.9,961.2975463867188,1279.8511962890625,1523.26123046875,1905.0289306640625,log,2025-01-18,2025-01-25,1
17,2025-01-18,2025-02-01,2,707.7023315429688,118.24649999999998,510.4780578613281,707.7023315429688,1031.1966552734375,1549.885009765625,log,2025-01-18,2025-02-01,2
17,2025-01-18,2025-02-08,3,643.0438232421875,64.6706314086914,370.568115234375,643.0438232421875,932.2922973632812,959.8931274414062,log,2025-01-18,2025-02-08,3
17,2025-01-18,2025-02-15,4,376.9437255859375,80.72990417480469,199.42236328125,376.9437255859375,475.7247314453125,869.6166381835938,log,2025-01-18,2025-02-15,4
18,2025-01-18,2025-01-25,1,553.9929809570312,162.6,539.6954956054688,553.9929809570312,654.5087280273438,754.8914184570312,log,2025-01-18,2025-01-25,1
18,2025-01-18,2025-02-01,2,363.5813903808594,91.45706176757812,299.287109375,363.5813903808594,498.4631652832031,769.3385620117188,log,2025-01-18,2025-02-01,2
18,2025-01-18,2025-02-08,3,264.6639099121094,50.48765563964844,209.4173583984375,264.6639099121094,424.3963928222656,569.5694580078125,log,2025-01-18,2025-02-08,3
18,2025-01-18,2025-02-15,4,261.7398986816406,39.46078872680664,146.41029357910156,261.7398986816406,280.1144714355469,586.68505859375,log,2025-01-18,2025-02-15,4
19,2025-01-18,2025-01-25,1,228.83193969726562,137.23387145996094,165.30491638183594,228.83193969726562,250.62940979003906,410.32196044921875,log,2025-01-18,2025-01-25,1
19,2025-01-18,2025-02-01,2,122.16585540771484,103.99568176269531,115.54615783691406,122.16585540771484,174.3850860595703,410.9732360839844,log,2025-01-18,2025-02-01,2
19,2025-01-18,2025-02-08,3,107.9555892944336,56.49136734008789,106.24122619628906,107.9555892944336,183.87753295898438,430.6555480957031,log,2025-01-18,2025-02-08,3
19,2025-01-18,2025-02-15,4,69.67756652832031,38.874267578125,68.54531860351562,69.67756652832031,122.35482025146484,389.0986633300781,log,2025-01-18,2025-02-15,4
20,2025-01-18,2025-01-25,1,179.1097412109375,114.08706665039062,133.6661376953125,179.1097412109375,207.81103515625,231.11119079589844,log,2025-01-18,2025-01-25,1
20,2025-01-18,2025-02-01,2,105.87683868408203,75.14226531982422,81.9050521850586,105.87683868408203,138.1343536376953,261.14373779296875,log,2025-01-18,2025-02-01,2
20,2025-01-18,2025-02-08,3,89.43402099609375,37.34819030761719,53.0289421081543,89.43402099609375,152.25987243652344,211.2324676513672,log,2025-01-18,2025-02-08,3
20,2025-01-18,2025-02-15,4,59.65393829345703,27.732486724853516,40.63957977294922,59.65393829345703,83.70702362060547,251.89906311035156,log,2025-01-18,2025-02-15,4
21,2025-01-18,2025-01-25,1,333.1728515625,119.1,273.5252380371094,333.1728515625,394.2115173339844,461.1883544921875,log,2025-01-18,2025-01-25,1
21,2025-01-18,2025-02-01,2,222.13177490234375,84.97402954101562,165.67288208007812,222.13177490234375,301.850341796875,497.4750671386719,log,2025-01-18,2025-02-01,2
21,2025-01-18,2025-02-08,3,158.74729919433594,43.18982696533203,108.51840209960938,158.74729919433594,337.88043212890625,474.12005615234375,log,2025-01-18,2025-02-08,3
21,2025-01-18,2025-02-15,4,125.39684295654297,34.458396911621094,84.76512908935547,125.39684295654297,197.42835998535156,534.0228881835938,log,2025-01-18,2025-02-15,4
22,2025-01-18,2025-01-25,1,414.531982421875,143.1,326.7868957519531,414.531982421875,434.28839111328125,558.852783203125,log,2025-01-18,2025-01-25,1
22,2025-01-18,2025-02-01,2,242.0439453125,94.65679168701172,194.46206665039062,242.0439453125,277.6403503417969,564.8223876953125,log,2025-01-18,2025-02-01,2
22,2025-01-18,2025-02-08,3,208.78138732910156,60.556034088134766,142.756591796875,208.78138732910156,381.6766052246094,562.1006469726562,log,2025-01-18,2025-02-08,3
22,2025-01-18,2025-02-15,4,186.39598083496094,64.87175750732422,108.76631927490234,186.39598083496094,312.0641174316406,646.3894653320312,log,2025-01-18,2025-02-15,4
23,2025-01-18,2025-01-25,1,97.64470672607422,67.72689819335938,72.704833984375,97.64470672607422,109.40074157714844,149.3525390625,log,2025-01-18,2025-01-25,1
23,2025-01-18,2025-02-01,2,70.14279174804688,34.76704025268555,57.080753326416016,70.14279174804688,92.57368469238281,162.85975646972656,log,2025-01-18,2025-02-01,2
23,2025-01-18,2025-02-08,3,61.59335708618164,16.760107040405273,42.15470504760742,61.59335708618164,90.1628189086914,178.43894958496094,log,2025-01-18,2025-02-08,3
23,2025-01-18,2025-02-15,4,40.71562194824219,16.596982955932617,38.34909439086914,40.71562194824219,58.4046516418457,177.92605590820312,log,2025-01-18,2025-02-15,4
24,2025-01-18,2025-01-25,1,445.4089050292969,195.86033630371094,332.40966796875,445.4089050292969,496.37457275390625,675.2355346679688,log,2025-01-18,2025-01-25,1
24,2025-01-18,2025-02-01,2,268.7090759277344,135.18202209472656,248.9169464111328,268.7090759277344,386.71533203125,571.0322875976562,log,2025-01-18,2025-02-01,2
24,2025-01-18,2025-02-08,3,214.03831481933594,71.90438842773438,156.5447540283203,214.03831481933594,349.947021484375,545.3945922851562,log,2025-01-18,2025-02-08,3
24,2025-01-18,2025-02-15,4,160.3739013671875,54.33843994140625,148.6349639892578,160.3739013671875,251.29393005371094,622.2061767578125,log,2025-01-18,2025-02-15,4
25,2025-01-18,2025-01-25,1,583.327392578125,227.1,517.36767578125,583.327392578125,682.6729125976562,997.9863891601562,log,2025-01-18,2025-01-25,1
25,2025-01-18,2025-02-01,2,487.5745544433594,134.32542419433594,403.914306640625,487.5745544433594,603.3164672851562,1209.7193603515625,log,2025-01-18,2025-02-01,2
25,2025-01-18,2025-02-08,3,444.2443542480469,85.38748168945312,315.1159973144531,444.2443542480469,689.3699340820312,1186.745849609375,log,2025-01-18,2025-02-08,3
25,2025-01-18,2025-02-15,4,402.49151611328125,85.25399780273438,279.85443115234375,402.49151611328125,458.55517578125,1138.8450927734375,log,2025-01-18,2025-02-15,4
26,2025-01-18,2025-01-25,1,556.86083984375,190.79999999999998,519.1618041992188,556.86083984375,605.1990966796875,789.8826293945312,log,2025-01-18,2025-01-25,1
26,2025-01-18,2025-02-01,2,417.246826171875,105.0302505493164,321.2647705078125,417.246826171875,580.2713623046875,785.3670654296875,log,2025-01-18,2025-02-01,2
26,2025-01-18,2025-02-08,3,375.0581359863281,72.13320922851562,238.14346313476562,375.0581359863281,580.0637817382812,638.4671020507812,log,2025-01-18,2025-02-08,3
26,2025-01-18,2025-02-15,4,387.4988708496094,71.6184310913086,239.52989196777344,387.4988708496094,394.1792907714844,764.1842651367188,log,2025-01-18,2025-02-15,4
27,2025-01-18,2025-01-25,1,968.5000610351562,276.9,766.6891479492188,968.5000610351562,1035.7056884765625,1057.6793212890625,log,2025-01-18,2025-01-25,1
27,2025-01-18,2025-02-01,2,615.3019409179688,132.0854949951172,401.7303161621094,615.3019409179688,697.2327880859375,902.5505981445312,log,2025-01-18,2025-02-01,2
27,2025-01-18,2025-02-08,3,466.3580627441406,71.75203704833984,293.5065612792969,466.3580627441406,731.697265625,802.9530639648438,log,2025-01-18,2025-02-08,3
27,2025-01-18,2025-02-15,4,312.8764953613281,56.44642639160156,202.44076538085938,312.8764953613281,471.1193542480469,806.62548828125,log,2025-01-18,2025-02-15,4
28,2025-01-18,2025-01-25,1,199.1607666015625,135.3404998779297,169.11685180664062,199.1607666015625,217.81695556640625,312.4281005859375,log,2025-01-18,2025-01-25,1
28,2025-01-18,2025-02-01,2,139.38858032226562,95.91570281982422,118.18305969238281,139.38858032226562,185.26715087890625,330.9747619628906,log,2025-01-18,2025-02-01,2
28,2025-01-18,2025-02-08,3,119.19775390625,61.56157684326172,76.16516876220703,119.19775390625,188.66172790527344,271.5329284667969,log,2025-01-18,2025-02-08,3
28,2025-01-18,2025-02-15,4,92.39070129394531,40.85265350341797,77.80242919921875,92.39070129394531,160.1844024658203,452.0744323730469,log,2025-01-18,2025-02-15,4
29,2025-01-18,2025-01-25,1,505.23583984375,167.7,484.2775573730469,505.23583984375,689.6040649414062,720.3849487304688,log,2025-01-18,2025-01-25,1
29,2025-01-18,2025-02-01,2,326.1167297363281,84.23138427734375,270.1008605957031,326.1167297363281,468.71844482421875,737.8665771484375,log,2025-01-18,2025-02-01,2
29,2025-01-18,2025-02-08,3,238.7826690673828,45.956905364990234,186.6753387451172,238.7826690673828,479.184326171875,687.386474609375,log,2025-01-18,2025-02-08,3
29,2025-01-18,2025-02-15,4,201.40377807617188,38.09642028808594,133.2041473388672,201.40377807617188,265.5049743652344,660.8377075195312,log,2025-01-18,2025-02-15,4
30,2025-01-18,2025-01-25,1,81.83921813964844,51.78547668457031,62.688961029052734,81.83921813964844,87.4764633178711,114.14431762695312,log,2025-01-18,2025-01-25,1
30,2025-01-18,2025-02-01,2,51.79668045043945,24.47829818725586,42.194759368896484,51.79668045043945,73.78060150146484,163.51309204101562,log,2025-01-18,2025-02-01,2
30,2025-01-18,2025-02-08,3,38.47499084472656,21.857818603515625,38.05178451538086,38.47499084472656,72.87090301513672,147.35726928710938,log,2025-01-18,2025-02-08,3
30,2025-01-18,2025-02-15,4,36.63005447387695,17.663206100463867,35.27422332763672,36.63005447387695,64.19992065429688,187.05982971191406,log,2025-01-18,2025-02-15,4
31,2025-01-18,2025-01-25,1,100.99883270263672,82.8094253540039,87.13758087158203,100.99883270263672,126.30960845947266,156.2587127685547,log,2025-01-18,2025-01-25,1
31,2025-01-18,2025-02-01,2,59.55403518676758,49.74128723144531,52.597198486328125,59.55403518676758,71.81940460205078,182.7660675048828,log,2025-01-18,2025-02-01,2
31,2025-01-18,2025-02-08,3,58.89503860473633,29.28206443786621,34.022239685058594,58.89503860473633,122.01495361328125,184.78858947753906,log,2025-01-18,2025-02-08,3
31,2025-01-18,2025-02-15,4,36.5847053527832,14.61506175994873,24.67989730834961,36.5847053527832,55.562679290771484,209.64825439453125,log,2025-01-18,2025-02-15,4
32,2025-01-18,2025-01-25,1,152.36463928222656,84.52548217773438,134.3242645263672,152.36463928222656,164.22361755371094,192.69476318359375,log,2025-01-18,2025-01-25,1
32,2025-01-18,2025-02-01,2,81.07076263427734,69.12881469726562,70.33155059814453,81.07076263427734,104.97404479980469,186.98451232910156,log,2025-01-18,2025-02-01,2
32,2025-01-18,2025-02-08,3,76.93335723876953,35.959720611572266,56.23324203491211,76.93335723876953,118.58855438232422,169.30369567871094,log,2025-01-18,2025-02-08,3
32,2025-01-18,2025-02-15,4,72.32760620117188,26.669464111328125,59.58976364135742,72.32760620117188,84.2828140258789,180.94532775878906,log,2025-01-18,2025-02-15,4
33,2025-01-18,2025-01-25,1,80.64935302734375,56.77806091308594,76.82617950439453,80.64935302734375,110.41931915283203,139.70449829101562,log,2025-01-18,2025-01-25,1
33,2025-01-18,2025-02-01,2,69.21762084960938,32.7492561340332,46.8282585144043,69.21762084960938,103.2592544555664,180.63958740234375,log,2025-01-18,2025-02-01,2
33,2025-01-18,2025-02-08,3,47.286590576171875,12.163045883178711,36.55253982543945,47.286590576171875,88.66340637207031,143.6591796875,log,2025-01-18,2025-02-08,3
33,2025-01-18,2025-02-15,4,38.550777435302734,15.875307083129883,31.522159576416016,38.550777435302734,63.29762649536133,191.9293975830078,log,2025-01-18,2025-02-15,4
34,2025-01-18,2025-01-25,1,1471.74560546875,377.7,1206.7711181640625,1471.74560546875,1581.3544921875,2139.441650390625,log,2025-01-18,2025-01-25,1
34,2025-01-18,2025-02-01,2,971.548095703125,140.11813354492188,757.2024536132812,971.548095703125,1265.7554931640625,2018.5135498046875,log,2025-01-18,2025-02-01,2
34,2025-01-18,2025-02-08,3,663.4876708984375,85.20695495605469,465.8275146484375,663.4876708984375,1211.8966064453125,1471.17626953125,log,2025-01-18,2025-02-08,3
34,2025-01-18,2025-02-15,4,540.2041625976562,71.75151824951172,301.73858642578125,540.2041625976562,616.3196411132812,1273.4803466796875,log,2025-01-18,2025-02-15,4
35,2025-01-18,2025-01-25,1,149.32594299316406,110.47134399414062,142.83221435546875,149.32594299316406,169.3511199951172,266.7850646972656,log,2025-01-18,2025-01-25,1
35,2025-01-18,2025-02-01,2,99.17840576171875,79.23429870605469,79.53557586669922,99.17840576171875,110.90325164794922,266.6885681152344,log,2025-01-18,2025-02-01,2
35,2025-01-18,2025-02-08,3,85.72559356689453,43.64265823364258,65.05463409423828,85.72559356689453,142.29360961914062,215.07984924316406,log,2025-01-18,2025-02-08,3
35,2025-01-18,2025-02-15,4,70.94639587402344,32.299957275390625,44.30137252807617,70.94639587402344,120.38031768798828,312.9246826171875,log,2025-01-18,2025-02-15,4
36,2025-01-18,2025-01-25,1,2070.0712890625,785.1,1383.696533203125,2070.0712890625,2512.450927734375,3089.956298828125,log,2025-01-18,2025-01-25,1
36,2025-01-18,2025-02-01,2,1265.1727294921875,223.75349999999997,867.84912109375,1265.1727294921875,1887.0794677734375,2750.377685546875,log,2025-01-18,2025-02-01,2
36,2025-01-18,2025-02-08,3,886.576416015625,104.80242156982422,521.3306274414062,886.576416015625,1508.3770751953125,2028.5794677734375,log,2025-01-18,2025-02-08,3
36,2025-01-18,2025-02-15,4,609.2134399414062,102.5963363647461,385.2378234863281,609.2134399414062,788.8756103515625,1520.3465576171875,log,2025-01-18,2025-02-15,4
37,2025-01-18,2025-01-25,1,1070.54541015625,332.7,909.7271118164062,1070.54541015625,1117.5374755859375,1252.1715087890625,log,2025-01-18,2025-01-25,1
37,2025-01-18,2025-02-01,2,926.3934326171875,138.65467834472656,636.2447509765625,926.3934326171875,1007.6229858398438,1574.69091796875,log,2025-01-18,2025-02-01,2
37,2025-01-18,2025-02-08,3,670.7400512695312,78.13741302490234,394.3327331542969,670.7400512695312,1049.6614990234375,1288.7587890625,log,2025-01-18,2025-02-08,3
37,2025-01-18,2025-02-15,4,534.0443115234375,62.96140670776367,321.76104736328125,534.0443115234375,688.4396362304688,1244.16015625,log,2025-01-18,2025-02-15,4
38,2025-01-18,2025-01-25,1,54.90660858154297,37.27010726928711,52.67722702026367,54.90660858154297,65.774169921875,103.10326385498047,log,2025-01-18,2025-01-25,1
38,2025-01-18,2025-02-01,2,42.421329498291016,20.059003829956055,38.57448196411133,42.421329498291016,62.179168701171875,136.91375732421875,log,2025-01-18,2025-02-01,2
38,2025-01-18,2025-02-08,3,35.49116516113281,16.32245445251465,30.969192504882812,35.49116516113281,66.95368194580078,141.08828735351562,log,2025-01-18,2025-02-08,3
38,2025-01-18,2025-02-15,4,29.89349937438965,10.7620849609375,29.043893814086914,29.89349937438965,50.1959114074707,160.2550506591797,log,2025-01-18,2025-02-15,4
39,2025-01-18,2025-01-25,1,1366.857177734375,344.4,1015.87451171875,1366.857177734375,1436.6673583984375,1606.5611572265625,log,2025-01-18,2025-01-25,1
39,2025-01-18,2025-02-01,2,859.3817749023438,142.35450744628906,700.6581420898438,859.3817749023438,1163.079833984375,1648.9931640625,log,2025-01-18,2025-02-01,2
39,2025-01-18,2025-02-08,3,702.9248657226562,79.41593170166016,472.641845703125,702.9248657226562,1284.07177734375,1370.7513427734375,log,2025-01-18,2025-02-08,3
39,2025-01-18,2025-02-15,4,548.340087890625,66.45238494873047,318.9034423828125,548.340087890625,903.448486328125,1266.0762939453125,log,2025-01-18,2025-02-15,4
40,2025-01-18,2025-01-25,1,343.0745849609375,195.86033630371094,291.7339172363281,343.0745849609375,407.40972900390625,671.0870971679688,log,2025-01-18,2025-01-25,1
40,2025-01-18,2025-02-01,2,253.76397705078125,135.18202209472656,242.1234588623047,253.76397705078125,393.27679443359375,701.9457397460938,log,2025-01-18,2025-02-01,2
40,2025-01-18,2025-02-08,3,194.70892333984375,75.08081817626953,131.54685974121094,194.70892333984375,362.7293395996094,609.005126953125,log,2025-01-18,2025-02-08,3
40,2025-01-18,2025-02-15,4,140.70059204101562,53.721248626708984,119.97087860107422,140.70059204101562,275.1288757324219,736.8733520507812,log,2025-01-18,2025-02-15,4
41,2025-01-18,2025-01-25,1,233.2522430419922,87.75679016113281,209.01780700683594,233.2522430419922,233.40733337402344,288.8605041503906,log,2025-01-18,2025-01-25,1
41,2025-01-18,2025-02-01,2,136.38690185546875,68.41310119628906,126.1732177734375,136.38690185546875,166.18421936035156,278.2727355957031,log,2025-01-18,2025-02-01,2
41,2025-01-18,2025-02-08,3,137.70941162109375,42.39787673950195,91.7174072265625,137.70941162109375,203.63853454589844,311.9214172363281,log,2025-01-18,2025-02-08,3
41,2025-01-18,2025-02-15,4,112.95869445800781,39.007450103759766,80.0218734741211,112.95869445800781,175.43258666992188,301.6877746582031,log,2025-01-18,2025-02-15,4
42,2025-01-18,2025-01-25,1,1997.42626953125,744.0,1367.175537109375,1997.42626953125,2466.34814453125,3063.119140625,log,2025-01-18,2025-01-25,1
42,2025-01-18,2025-02-01,2,1225.3204345703125,212.04,870.5462646484375,1225.3204345703125,1824.32861328125,2750.377685546875,log,2025-01-18,2025-02-01,2
42,2025-01-18,2025-02-08,3,970.6229248046875,109.32138061523438,480.77117919921875,970.6229248046875,1605.4859619140625,2111.244873046875,log,2025-01-18,2025-02-08,3
42,2025-01-18,2025-02-15,4,561.2260131835938,102.5963363647461,275.8315734863281,561.2260131835938,960.3779907226562,1567.2672119140625,log,2025-01-18,2025-02-15,4
44,2025-01-18,2025-01-25,1,80.94746398925781,61.26545715332031,80.45957946777344,80.94746398925781,106.86341857910156,163.7527618408203,log,2025-01-18,2025-01-25,1
44,2025-01-18,2025-02-01,2,66.87391662597656,37.933990478515625,63.521461486816406,66.87391662597656,97.33981323242188,273.2825012207031,log,2025-01-18,2025-02-01,2
44,2025-01-18,2025-02-08,3,54.57079315185547,24.54484748840332,42.06071853637695,54.57079315185547,73.15574645996094,260.2229919433594,log,2025-01-18,2025-02-08,3
44,2025-01-18,2025-02-15,4,33.749481201171875,16.09124755859375,26.563806533813477,33.749481201171875,68.13549041748047,256.3086242675781,log,2025-01-18,2025-02-15,4
45,2025-01-18,2025-01-25,1,507.2581481933594,195.86033630371094,418.0577392578125,507.2581481933594,575.32421875,819.1008911132812,log,2025-01-18,2025-01-25,1
45,2025-01-18,2025-02-01,2,407.9579162597656,135.18202209472656,311.9642639160156,407.9579162597656,474.59130859375,809.4710693359375,log,2025-01-18,2025-02-01,2
45,2025-01-18,2025-02-08,3,346.62548828125,73.08219909667969,192.45144653320312,346.62548828125,526.0502319335938,775.31298828125,log,2025-01-18,2025-02-08,3
45,2025-01-18,2025-02-15,4,268.4126892089844,56.619972229003906,175.21205139160156,268.4126892089844,386.09759521484375,916.2264404296875,log,2025-01-18,2025-02-15,4
46,2025-01-18,2025-01-25,1,49.028011322021484,26.433481216430664,39.18619155883789,49.028011322021484,64.2987060546875,95.1811752319336,log,2025-01-18,2025-01-25,1
46,2025-01-18,2025-02-01,2,30.317577362060547,13.768263816833496,28.615489959716797,30.317577362060547,52.99245834350586,117.2804946899414,log,2025-01-18,2025-02-01,2
46,2025-01-18,2025-02-08,3,30.318161010742188,8.817837715148926,27.039377212524414,30.318161010742188,52.6934700012207,119.17333984375,log,2025-01-18,2025-02-08,3
46,2025-01-18,2025-02-15,4,19.1608943939209,8.36117935180664,16.478857040405273,19.1608943939209,36.67710494995117,154.13560485839844,log,2025-01-18,2025-02-15,4
47,2025-01-18,2025-01-25,1,513.8457641601562,171.0,498.272216796875,513.8457641601562,709.5667724609375,731.1688842773438,log,2025-01-18,2025-01-25,1
47,2025-01-18,2025-02-01,2,359.46844482421875,89.256103515625,272.0115966796875,359.46844482421875,532.4864501953125,655.981689453125,log,2025-01-18,2025-02-01,2
47,2025-01-18,2025-02-08,3,299.78082275390625,51.259159088134766,196.20411682128906,299.78082275390625,582.8814697265625,680.5919799804688,log,2025-01-18,2025-02-08,3
47,2025-01-18,2025-02-15,4,218.9862823486328,45.1795654296875,124.52862548828125,218.9862823486328,373.9174499511719,669.7020874023438,log,2025-01-18,2025-02-15,4
48,2025-01-18,2025-01-25,1,1831.0174560546875,733.5,1299.6966552734375,1831.0174560546875,1884.547607421875,2331.3251953125,log,2025-01-18,2025-01-25,1
48,2025-01-18,2025-02-01,2,1323.6888427734375,209.04749999999999,926.9012451171875,1323.6888427734375,1875.1146240234375,2239.694091796875,log,2025-01-18,2025-02-01,2
48,2025-01-18,2025-02-08,3,1018.31787109375,110.66951751708984,585.0311889648438,1018.31787109375,1655.2701416015625,1757.8046875,log,2025-01-18,2025-02-08,3
48,2025-01-18,2025-02-15,4,728.9180297851562,104.28108978271484,428.0500183105469,728.9180297851562,1136.4122314453125,1534.308837890625,log,2025-01-18,2025-02-15,4
49,2025-01-18,2025-01-25,1,155.04013061523438,102.2053451538086,132.67225646972656,155.04013061523438,177.86207580566406,215.32005310058594,log,2025-01-18,2025-01-25,1
49,2025-01-18,2025-02-01,2,94.78975677490234,70.01304626464844,76.82454681396484,94.78975677490234,108.09877014160156,199.5044708251953,log,2025-01-18,2025-02-01,2
49,2025-01-18,2025-02-08,3,70.74187469482422,34.03157043457031,53.89360427856445,70.74187469482422,113.88189697265625,219.2149658203125,log,2025-01-18,2025-02-08,3
49,2025-01-18,2025-02-15,4,47.54374694824219,20.733617782592773,32.08800506591797,47.54374694824219,71.9488296508789,255.69284057617188,log,2025-01-18,2025-02-15,4
50,2025-01-18,2025-01-25,1,36.4595947265625,22.552682876586914,36.09337615966797,36.4595947265625,47.56597137451172,67.62590789794922,log,2025-01-18,2025-01-25,1
50,2025-01-18,2025-02-01,2,24.182926177978516,13.28614330291748,23.195024490356445,24.182926177978516,48.834171295166016,98.2262954711914,log,2025-01-18,2025-02-01,2
50,2025-01-18,2025-02-08,3,23.581178665161133,8.2688627243042,22.070737838745117,23.581178665161133,48.12371826171875,100.29612731933594,log,2025-01-18,2025-02-08,3
50,2025-01-18,2025-02-15,4,16.714717864990234,7.157402992248535,16.61556625366211,16.714717864990234,35.114715576171875,106.50049591064453,log,2025-01-18,2025-02-15,4
51,2025-01-18,2025-01-25,1,485.401123046875,150.58554077148438,397.209228515625,485.401123046875,572.7251586914062,730.87841796875,log,2025-01-18,2025-01-25,1
51,2025-01-18,2025-02-01,2,385.9488525390625,106.31233215332031,262.5985107421875,385.9488525390625,508.0728759765625,574.687255859375,log,2025-01-18,2025-02-01,2
51,2025-01-18,2025-02-08,3,429.5364685058594,58.39535903930664,236.337890625,429.5364685058594,477.0700988769531,612.1312866210938,log,2025-01-18,2025-02-08,3
51,2025-01-18,2025-02-15,4,333.11151123046875,57.26521682739258,177.22219848632812,333.11151123046875,404.7449951171875,714.220458984375,log,2025-01-18,2025-02-15,4
53,2025-01-18,2025-01-25,1,268.72967529296875,108.0,244.0406951904297,268.72967529296875,290.28594970703125,340.8584899902344,log,2025-01-18,2025-01-25,1
53,2025-01-18,2025-02-01,2,166.57833862304688,69.31998443603516,157.77349853515625,166.57833862304688,235.4159698486328,338.941650390625,log,2025-01-18,2025-02-01,2
53,2025-01-18,2025-02-08,3,181.47071838378906,36.634300231933594,130.75765991210938,181.47071838378906,267.6654052734375,430.9851989746094,log,2025-01-18,2025-02-08,3
53,2025-01-18,2025-02-15,4,178.1533966064453,26.399185180664062,118.21585845947266,178.1533966064453,215.0195770263672,466.6297912597656,log,2025-01-18,2025-02-15,4
54,2025-01-18,2025-01-25,1,109.59168243408203,83.0007095336914,88.5728530883789,109.59168243408203,144.97476196289062,171.4590606689453,log,2025-01-18,2025-01-25,1
54,2025-01-18,2025-02-01,2,81.99139404296875,62.37701416015625,63.87615203857422,81.99139404296875,126.8080062866211,192.53587341308594,log,2025-01-18,2025-02-01,2
54,2025-01-18,2025-02-08,3,93.4393539428711,33.986480712890625,50.7787971496582,93.4393539428711,162.21237182617188,198.91648864746094,log,2025-01-18,2025-02-08,3
54,2025-01-18,2025-02-15,4,59.367103576660156,24.19277000427246,54.44179153442383,59.367103576660156,111.0238037109375,326.796875,log,2025-01-18,2025-02-15,4
55,2025-01-18,2025-01-25,1,489.88079833984375,195.86033630371094,394.4624328613281,489.88079833984375,594.682373046875,829.922119140625,log,2025-01-18,2025-01-25,1
55,2025-01-18,2025-02-01,2,348.0078430175781,135.18202209472656,304.42913818359375,348.0078430175781,452.6345520019531,695.171875,log,2025-01-18,2025-02-01,2
55,2025-01-18,2025-02-08,3,293.0192565917969,71.90438842773438,185.83021545410156,293.0192565917969,479.2193603515625,731.3864135742188,log,2025-01-18,2025-02-08,3
55,2025-01-18,2025-02-15,4,220.7639923095703,54.676753997802734,153.91458129882812,220.7639923095703,303.6452941894531,869.3621826171875,log,2025-01-18,2025-02-15,4
56,2025-01-18,2025-01-25,1,60.04998016357422,31.72909164428711,48.85854721069336,60.04998016357422,76.62944793701172,123.53975677490234,log,2025-01-18,2025-01-25,1
56,2025-01-18,2025-02-01,2,44.553077697753906,12.567412376403809,31.999319076538086,44.553077697753906,71.83934020996094,181.1411590576172,log,2025-01-18,2025-02-01,2
56,2025-01-18,2025-02-08,3,30.969970703125,11.00029468536377,22.725261688232422,30.969970703125,64.89887237548828,115.69625091552734,log,2025-01-18,2025-02-08,3
56,2025-01-18,2025-02-15,4,15.622709274291992,8.335294723510742,14.081222534179688,15.622709274291992,42.810306549072266,148.5430145263672,log,2025-01-18,2025-02-15,4
72,2025-01-18,2025-01-25,1,570.2483520507812,192.9,415.3294982910156,570.2483520507812,709.9751586914062,912.932861328125,log,2025-01-18,2025-01-25,1
72,2025-01-18,2025-02-01,2,282.9993591308594,89.30599975585938,256.38458251953125,282.9993591308594,403.8426818847656,733.3933715820312,log,2025-01-18,2025-02-01,2
72,2025-01-18,2025-02-08,3,239.20025634765625,55.622127532958984,179.9110870361328,239.20025634765625,513.9412841796875,691.4063720703125,log,2025-01-18,2025-02-08,3
72,2025-01-18,2025-02-15,4,193.05252075195312,50.671504974365234,97.1498031616211,193.05252075195312,284.3432312011719,433.6516418457031,log,2025-01-18,2025-02-15,4
US,2025-01-18,2025-01-25,1,10101.0,10101.0,10101.0,10101.0,10101.0,10101.0,log,2025-01-18,2025-01-25,1
US,2025-01-18,2025-02-01,2,2878.785,2878.785,2878.785,2878.785,2878.785,2878.785,log,2025-01-18,2025-02-01,2
US,2025-01-18,2025-02-08,3,881.3193969726562,777.2719500000001,777.2719500000001,881.3193969726562,1702.7249755859375,2209.283935546875,log,2025-01-18,2025-02-08,3
US,2025-01-18,2025-02-15,4,626.21142578125,198.20434725,350.8302001953125,626.21142578125,1012.4613647460938,1663.2518310546875,log,2025-01-18,2025-02-15,4
01,2025-01-25,2025-02-01,1,462.3134765625,187.79999999999998,409.4984436035156,462.3134765625,540.172119140625,764.0332641601562,log,2025-01-25,2025-02-01,1
01,2025-01-25,2025-02-08,2,245.96917724609375,83.69538879394531,176.4651641845703,245.96917724609375,345.0792541503906,743.8209838867188,log,2025-01-25,2025-02-08,2
01,2025-01-25,2025-02-15,3,164.00631713867188,50.12580871582031,150.46270751953125,164.00631713867188,235.79234313964844,664.06298828125,log,2025-01-25,2025-02-15,3
01,2025-01-25,2025-02-22,4,186.27967834472656,36.76713180541992,108.53266143798828,186.27967834472656,270.54022216796875,850.9839477539062,log,2025-01-25,2025-02-22,4
02,2025-01-25,2025-02-01,1,26.897403717041016,8.7,23.47241973876953,26.897403717041016,36.90065002441406,57.604793548583984,log,2025-01-25,2025-02-01,1
02,2025-01-25,2025-02-08,2,18.956817626953125,4.099027156829834,15.935236930847168,18.956817626953125,27.741735458374023,52.669715881347656,log,2025-01-25,2025-02-08,2
02,2025-01-25,2025-02-15,3,15.927207946777344,3.3273911476135254,15.111655235290527,15.927207946777344,20.49480438232422,52.82107162475586,log,2025-01-25,2025-02-15,3
02,2025-01-25,2025-02-22,4,15.827925682067871,1.8651645183563232,12.192522048950195,15.827925682067871,18.488542556762695,55.26068115234375,log,2025-01-25,2025-02-22,4
04,2025-01-25,2025-02-01,1,724.8665161132812,299.7,611.8659057617188,724.8665161132812,966.7273559570312,1060.41943359375,log,2025-01-25,2025-02-01,1
04,2025-01-25,2025-02-08,2,418.3477783203125,85.41449999999999,289.4185791015625,418.3477783203125,676.6842651367188,939.0844116210938,log,2025-01-25,2025-02-08,2
04,2025-01-25,2025-02-15,3,342.1850280761719,39.6052360534668,216.94277954101562,342.1850280761719,579.3980712890625,797.4318237304688,log,2025-01-25,2025-02-15,3
04,2025-01-25,2025-02-22,4,292.83465576171875,31.308855056762695,184.84608459472656,292.83465576171875,478.8380126953125,818.3637084960938,log,2025-01-25,2025-02-22,4
05,2025-01-25,2025-02-01,1,408.4386901855469,172.82144165039062,357.49871826171875,408.4386901855469,471.46502685546875,704.3558959960938,log,2025-01-25,2025-02-01,1
05,2025-01-25,2025-02-08,2,286.9181823730469,116.88460540771484,199.1565704345703,286.9181823730469,415.67803955078125,689.6725463867188,log,2025-01-25,2025-02-08,2
05,2025-01-25,2025-02-15,3,175.3450164794922,67.39689636230469,130.87757873535156,175.3450164794922,319.8319396972656,698.6568603515625,log,2025-01-25,2025-02-15,3
05,2025-01-25,2025-02-22,4,142.83248901367188,42.32453918457031,102.26899719238281,142.83248901367188,242.97703552246094,728.5592651367188,log,2025-01-25,2025-02-22,4
06,2025-01-25,2025-02-01,1,1856.6529541015625,1222.8,1579.5830078125,1856.6529541015625,2097.6943359375,2473.34423828125,log,2025-01-25,2025-02-01,1
06,2025-01-25,2025-02-08,2,1247.2459716796875,348.49799999999993,748.4320068359375,1247.2459716796875,1594.5758056640625,1693.8426513671875,log,2025-01-25,2025-02-08,2
06,2025-01-25,2025-02-15,3,814.60400390625,106.8113784790039,541.6176147460938,814.60400390625,1857.81005859375,2451.359130859375,log,2025-01-25,2025-02-15,3
06,2025-01-25,2025-02-22,4,643.9448852539062,93.78895568847656,320.4383239746094,643.9448852539062,1314.6046142578125,2189.11865234375,log,2025-01-25,2025-02-22,4
08,2025-01-25,2025-02-01,1,441.783935546875,136.79999999999998,409.0361633300781,441.783935546875,461.5188293457031,578.6046142578125,log,2025-01-25,2025-02-01,1
08,2025-01-25,2025-02-08,2,261.84967041015625,62.6473388671875,208.7650909423828,261.84967041015625,382.6835632324219,558.433837890625,log,2025-01-25,2025-02-08,2
08,2025-01-25,2025-02-15,3,184.08013916015625,44.8254508972168,159.72445678710938,184.08013916015625,242.66940307617188,482.23077392578125,log,2025-01-25,2025-02-15,3
08,2025-01-25,2025-02-22,4,224.13674926757812,39.59986114501953,141.1900177001953,224.13674926757812,321.9600830078125,578.1153564453125,log,2025-01-25,2025-02-22,4
09,2025-01-25,2025-02-01,1,372.42462158203125,189.40240478515625,346.1229248046875,372.42462158203125,442.0690612792969,616.25634765625,log,2025-01-25,2025-02-01,1
09,2025-01-25,2025-02-08,2,248.62741088867188,128.8032989501953,181.425048828125,248.62741088867188,312.6543273925781,594.3316650390625,log,2025-01-25,2025-02-08,2
09,2025-01-25,2025-02-15,3,134.63551330566406,66.73453521728516,103.62110900878906,134.63551330566406,254.41705322265625,562.2644653320312,log,2025-01-25,2025-02-15,3
09,2025-01-25,2025-02-22,4,115.30927276611328,45.3251953125,88.86424255371094,115.30927276611328,183.15887451171875,670.6971435546875,log,2025-01-25,2025-02-22,4
10,2025-01-25,2025-02-01,1,91.19309997558594,46.55266571044922,77.33692932128906,91.19309997558594,111.60133361816406,131.97726440429688,log,2025-01-25,2025-02-01,1
10,2025-01-25,2025-02-08,2,53.5068473815918,26.68423843383789,49.87339782714844,53.5068473815918,66.50177764892578,148.88290405273438,log,2025-01-25,2025-02-08,2
10,2025-01-25,2025-02-15,3,36.23463821411133,24.122291564941406,29.220722198486328,36.23463821411133,44.11637878417969,122.22583770751953,log,2025-01-25,2025-02-15,3
10,2025-01-25,2025-02-22,4,26.93824577331543,8.085996627807617,21.919570922851562,26.93824577331543,43.7552375793457,136.77783203125,log,2025-01-25,2025-02-22,4
11,2025-01-25,2025-02-01,1,152.94073486328125,62.099999999999994,131.80960083007812,152.94073486328125,186.0672607421875,397.47021484375,log,2025-01-25,2025-02-01,1
11,2025-01-25,2025-02-08,2,99.27164459228516,19.789596557617188,67.34229278564453,99.27164459228516,145.73915100097656,461.6979675292969,log,2025-01-25,2025-02-08,2
11,2025-01-25,2025-02-15,3,48.39427947998047,15.860809326171875,47.40694046020508,48.39427947998047,135.0745391845703,315.49395751953125,log,2025-01-25,2025-02-15,3
11,2025-01-25,2025-02-22,4,33.077980041503906,7.591734886169434,19.5537052154541,33.077980041503906,83.24933624267578,328.2732238769531,log,2025-01-25,2025-02-22,4
12,2025-01-25,2025-02-01,1,2312.696044921875,972.3,1717.40283203125,2312.696044921875,3099.781982421875,3384.15283203125,log,2025-01-25,2025-02-01,1
12,2025-01-25,2025-02-08,2,1261.167724609375,277.10549999999995,812.2750244140625,1261.167724609375,2042.1483154296875,2832.796875,log,2025-01-25,2025-02-08,2
12,2025-01-25,2025-02-15,3,780.1085815429688,106.8113784790039,589.264892578125,780.1085815429688,1801.606201171875,3130.868408203125,log,2025-01-25,2025-02-15,3
12,2025-01-25,2025-02-22,4,630.28759765625,86.68497467041016,374.5221862792969,630.28759765625,1303.015869140625,2411.589599609375,log,2025-01-25,2025-02-22,4
13,2025-01-25,2025-02-01,1,1413.4791259765625,358.5,1169.8345947265625,1413.4791259765625,1510.0045166015625,1577.6842041015625,log,2025-01-25,2025-02-01,1
13,2025-01-25,2025-02-08,2,1055.611083984375,128.8032989501953,669.6656494140625,1055.611083984375,1568.0421142578125,1685.8968505859375,log,2025-01-25,2025-02-08,2
13,2025-01-25,2025-02-15,3,497.6267395019531,84.44400024414062,432.7208251953125,497.6267395019531,940.1002807617188,1582.147705078125,log,2025-01-25,2025-02-15,3
13,2025-01-25,2025-02-22,4,443.71795654296875,71.70338439941406,275.087158203125,443.71795654296875,773.2615966796875,1468.7801513671875,log,2025-01-25,2025-02-22,4
15,2025-01-25,2025-02-01,1,81.76033020019531,51.44377136230469,68.09857940673828,81.76033020019531,92.94660186767578,120.0632095336914,log,2025-01-25,2025-02-01,1
15,2025-01-25,2025-02-08,2,53.87989044189453,31.551055908203125,49.549781799316406,53.87989044189453,75.59815216064453,138.02035522460938,log,2025-01-25,2025-02-08,2
15,2025-01-25,2025-02-15,3,43.287559509277344,20.175790786743164,31.65066146850586,43.287559509277344,65.85162353515625,126.77412414550781,log,2025-01-25,2025-02-15,3
15,2025-01-25,2025-02-22,4,26.92971420288086,9.55568790435791,23.475154876708984,26.92971420288086,42.78048324584961,151.5140838623047,log,2025-01-25,2025-02-22,4
16,2025-01-25,2025-02-01,1,96.79424285888672,47.63752365112305,82.6216049194336,96.79424285888672,107.35541534423828,122.94513702392578,log,2025-01-25,2025-02-01,1
16,2025-01-25,2025-02-08,2,62.81913375854492,35.121700286865234,50.58819580078125,62.81913375854492,75.10128021240234,131.34815979003906,log,2025-01-25,2025-02-08,2
16,2025-01-25,2025-02-15,3,39.173927307128906,16.31810188293457,35.54682922363281,39.173927307128906,54.51864242553711,146.41009521484375,log,2025-01-25,2025-02-15,3
16,2025-01-25,2025-02-22,4,47.60957717895508,17.81623077392578,36.217315673828125,47.60957717895508,61.81718826293945,116.8333511352539,log,2025-01-25,2025-02-22,4
17,2025-01-25,2025-02-01,1,1966.45947265625,518.4,1389.625244140625,1966.45947265625,2659.55517578125,2706.490966796875,log,2025-01-25,2025-02-01,1
17,2025-01-25,2025-02-08,2,1093.8660888671875,147.74399999999997,712.1710205078125,1093.8660888671875,1665.000244140625,1878.499267578125,log,2025-01-25,2025-02-08,2
17,2025-01-25,2025-02-15,3,512.4912109375,93.16407012939453,474.9490661621094,512.4912109375,1304.8004150390625,1439.3380126953125,log,2025-01-25,2025-02-15,3
17,2025-01-25,2025-02-22,4,430.2015075683594,71.1702880859375,254.91078186035156,430.2015075683594,951.2186279296875,1670.1217041015625,log,2025-01-25,2025-02-22,4
18,2025-01-25,2025-02-01,1,859.8573608398438,236.39999999999998,727.5448608398438,859.8573608398438,1060.6649169921875,1092.07373046875,log,2025-01-25,2025-02-01,1
18,2025-01-25,2025-02-08,2,499.7542419433594,108.73507690429688,389.7772521972656,499.7542419433594,797.6005249023438,928.5358276367188,log,2025-01-25,2025-02-08,2
18,2025-01-25,2025-02-15,3,348.4609680175781,67.94859313964844,305.6850891113281,348.4609680175781,590.0822143554688,953.3423461914062,log,2025-01-25,2025-02-15,3
18,2025-01-25,2025-02-22,4,332.952392578125,50.16642761230469,179.42098999023438,332.952392578125,400.8048095703125,1136.3145751953125,log,2025-01-25,2025-02-22,4
19,2025-01-25,2025-02-01,1,304.1946105957031,189.40240478515625,283.15460205078125,304.1946105957031,331.9238586425781,437.2363586425781,log,2025-01-25,2025-02-01,1
19,2025-01-25,2025-02-08,2,181.91482543945312,112.86939239501953,152.49156188964844,181.91482543945312,268.82049560546875,559.1209106445312,log,2025-01-25,2025-02-08,2
19,2025-01-25,2025-02-15,3,96.42961120605469,67.39689636230469,84.28716278076172,96.42961120605469,166.57913208007812,521.240478515625,log,2025-01-25,2025-02-15,3
19,2025-01-25,2025-02-22,4,77.3000717163086,43.1168098449707,63.60942077636719,77.3000717163086,127.4406967163086,468.4410095214844,log,2025-01-25,2025-02-22,4
20,2025-01-25,2025-02-01,1,177.01683044433594,74.78727722167969,160.37159729003906,177.01683044433594,182.78884887695312,245.1591033935547,log,2025-01-25,2025-02-01,1
20,2025-01-25,2025-02-08,2,106.15760040283203,47.19784164428711,84.27740478515625,106.15760040283203,139.6215362548828,209.62705993652344,log,2025-01-25,2025-02-08,2
20,2025-01-25,2025-02-15,3,70.26423645019531,32.15269088745117,52.58433151245117,70.26423645019531,79.58171081542969,193.2627716064453,log,2025-01-25,2025-02-15,3
20,2025-01-25,2025-02-22,4,74.16380310058594,23.04673194885254,51.9053840637207,74.16380310058594,75.1199722290039,173.62745666503906,log,2025-01-25,2025-02-22,4
21,2025-01-25,2025-02-01,1,369.06304931640625,131.7,341.5867614746094,369.06304931640625,378.47308349609375,522.5117797851562,log,2025-01-25,2025-02-01,1
21,2025-01-25,2025-02-08,2,215.79620361328125,59.74128723144531,151.7101287841797,215.79620361328125,255.96066284179688,446.4271545410156,log,2025-01-25,2025-02-08,2
21,2025-01-25,2025-02-15,3,163.75079345703125,35.72808837890625,121.4931869506836,163.75079345703125,174.31936645507812,472.4429016113281,log,2025-01-25,2025-02-15,3
21,2025-01-25,2025-02-22,4,159.09677124023438,24.573610305786133,79.97370910644531,159.09677124023438,211.67486572265625,553.6971435546875,log,2025-01-25,2025-02-22,4
22,2025-01-25,2025-02-01,1,439.84197998046875,156.29999999999998,391.7048034667969,439.84197998046875,491.0276794433594,636.0885620117188,log,2025-01-25,2025-02-01,1
22,2025-01-25,2025-02-08,2,238.2325439453125,62.6473388671875,159.2692413330078,238.2325439453125,331.4706115722656,637.5186157226562,log,2025-01-25,2025-02-08,2
22,2025-01-25,2025-02-15,3,152.89625549316406,46.812252044677734,129.3345184326172,152.89625549316406,253.0755157470703,606.3546752929688,log,2025-01-25,2025-02-15,3
22,2025-01-25,2025-02-22,4,190.80079650878906,39.13135528564453,111.2918472290039,190.80079650878906,293.6184997558594,637.3676147460938,log,2025-01-25,2025-02-22,4
23,2025-01-25,2025-02-01,1,119.70600128173828,68.88150024414062,99.38459777832031,119.70600128173828,148.62747192382812,166.42864990234375,log,2025-01-25,2025-02-01,1
23,2025-01-25,2025-02-08,2,80.99503326416016,44.49018096923828,78.58478546142578,80.99503326416016,104.73619842529297,270.60614013671875,log,2025-01-25,2025-02-08,2
23,2025-01-25,2025-02-15,3,50.49712371826172,26.262462615966797,44.83954620361328,50.49712371826172,92.32628631591797,219.4628143310547,log,2025-01-25,2025-02-15,3
23,2025-01-25,2025-02-22,4,34.85251235961914,15.455839157104492,32.84925842285156,34.85251235961914,61.72613525390625,211.50538635253906,log,2025-01-25,2025-02-22,4
24,2025-01-25,2025-02-01,1,616.2095336914062,189.40240478515625,525.575439453125,616.2095336914062,770.4508666992188,874.4393920898438,log,2025-01-25,2025-02-01,1
24,2025-01-25,2025-02-08,2,389.24468994140625,128.8032989501953,321.73333740234375,389.24468994140625,612.4784545898438,949.0964965820312,log,2025-01-25,2025-02-08,2
24,2025-01-25,2025-02-15,3,258.3179626464844,70.1897201538086,200.17379760742188,258.3179626464844,460.0498962402344,836.388427734375,log,2025-01-25,2025-02-15,3
24,2025-01-25,2025-02-22,4,220.014892578125,58.184226989746094,160.77862548828125,220.014892578125,348.55548095703125,844.6585083007812,log,2025-01-25,2025-02-22,4
25,2025-01-25,2025-02-01,1,1131.049560546875,297.3,957.0414428710938,1131.049560546875,1274.43359375,1514.0382080078125,log,2025-01-25,2025-02-01,1
25,2025-01-25,2025-02-08,2,771.2086791992188,128.8032989501953,541.770263671875,771.2086791992188,1172.67529296875,1682.7779541015625,log,2025-01-25,2025-02-08,2
25,2025-01-25,2025-02-15,3,506.5572509765625,87.2613525390625,428.3187255859375,506.5572509765625,870.5881958007812,1690.28076171875,log,2025-01-25,2025-02-15,3
25,2025-01-25,2025-02-22,4,396.8852233886719,71.1702880859375,253.35504150390625,396.8852233886719,669.814697265625,1366.593017578125,log,2025-01-25,2025-02-22,4
26,2025-01-25,2025-02-01,1,1214.196044921875,303.9,926.2391357421875,1214.196044921875,1442.9344482421875,1549.5958251953125,log,2025-01-25,2025-02-01,1
26,2025-01-25,2025-02-08,2,761.066650390625,128.8032989501953,581.091552734375,761.066650390625,1274.8411865234375,1421.2161865234375,log,2025-01-25,2025-02-08,2
26,2025-01-25,2025-02-15,3,545.4927978515625,89.25838470458984,407.7520446777344,545.4927978515625,940.6268310546875,1565.367431640625,log,2025-01-25,2025-02-15,3
26,2025-01-25,2025-02-22,4,406.18603515625,85.91719055175781,280.07696533203125,406.18603515625,834.66162109375,1546.6507568359375,log,2025-01-25,2025-02-22,4
27,2025-01-25,2025-02-01,1,842.7642211914062,277.5,725.7229614257812,842.7642211914062,983.2623291015625,1099.3101806640625,log,2025-01-25,2025-02-01,1
27,2025-01-25,2025-02-08,2,468.72113037109375,91.82105255126953,310.5950622558594,468.72113037109375,774.7778930664062,947.957763671875,log,2025-01-25,2025-02-08,2
27,2025-01-25,2025-02-15,3,333.45263671875,53.157623291015625,231.63829040527344,333.45263671875,586.4423828125,826.6179809570312,log,2025-01-25,2025-02-15,3
27,2025-01-25,2025-02-22,4,257.7481689453125,33.602195739746094,175.50039672851562,257.7481689453125,407.96514892578125,766.7301635742188,log,2025-01-25,2025-02-22,4
28,2025-01-25,2025-02-01,1,305.68743896484375,189.40240478515625,303.34954833984375,305.68743896484375,331.863525390625,458.9361877441406,log,2025-01-25,2025-02-01,1
28,2025-01-25,2025-02-08,2,191.5517578125,115.93560028076172,163.36105346679688,191.5517578125,293.91973876953125,598.769775390625,log,2025-01-25,2025-02-08,2
28,2025-01-25,2025-02-15,3,131.01788330078125,66.73453521728516,93.82598114013672,131.01788330078125,215.2371368408203,550.014892578125,log,2025-01-25,2025-02-15,3
28,2025-01-25,2025-02-22,4,95.5700912475586,48.19083786010742,69.7608871459961,95.5700912475586,192.0364227294922,579.1199951171875,log,2025-01-25,2025-02-22,4
29,2025-01-25,2025-02-01,1,601.9550170898438,196.5,565.6053466796875,601.9550170898438,686.2686767578125,884.9835205078125,log,2025-01-25,2025-02-01,1
29,2025-01-25,2025-02-08,2,299.3826599121094,79.5621566772461,263.3968505859375,299.3826599121094,391.7812194824219,744.7140502929688,log,2025-01-25,2025-02-08,2
29,2025-01-25,2025-02-15,3,232.69407653808594,55.03786849975586,221.1312255859375,232.69407653808594,297.8653564453125,689.050048828125,log,2025-01-25,2025-02-15,3
29,2025-01-25,2025-02-22,4,232.60215759277344,34.70917892456055,141.06369018554688,232.60215759277344,291.0903015136719,866.0843505859375,log,2025-01-25,2025-02-22,4
30,2025-01-25,2025-02-01,1,65.99915313720703,28.305051803588867,56.84609603881836,65.99915313720703,74.10450744628906,79.17869567871094,log,2025-01-25,2025-02-01,1
30,2025-01-25,2025-02-08,2,44.32754898071289,18.727397918701172,32.951438903808594,44.32754898071289,65.41901397705078,93.64623260498047,log,2025-01-25,2025-02-08,2
30,2025-01-25,2025-02-15,3,31.641990661621094,11.473034858703613,30.909271240234375,31.641990661621094,44.314117431640625,84.61309051513672,log,2025-01-25,2025-02-15,3
30,2025-01-25,2025-02-22,4,38.33942413330078,10.42996883392334,37.84114456176758,38.33942413330078,39.0850944519043,87.96160888671875,log,2025-01-25,2025-02-22,4
31,2025-01-25,2025-02-01,1,170.68736267089844,87.70571899414062,145.3707275390625,170.68736267089844,199.95433044433594,213.8180694580078,log,2025-01-25,2025-02-01,1
31,2025-01-25,2025-02-08,2,95.74795532226562,61.35756301879883,84.0766830444336,95.74795532226562,147.80169677734375,281.7176818847656,log,2025-01-25,2025-02-08,2
31,2025-01-25,2025-02-15,3,53.6670036315918,36.30207824707031,48.88670349121094,53.6670036315918,107.13001251220703,262.657470703125,log,2025-01-25,2025-02-15,3
31,2025-01-25,2025-02-22,4,57.36050796508789,15.953702926635742,36.19322204589844,57.36050796508789,75.76979064941406,314.09039306640625,log,2025-01-25,2025-02-22,4
32,2025-01-25,2025-02-01,1,186.3582763671875,81.20709991455078,174.2545166015625,186.3582763671875,190.86090087890625,203.19639587402344,log,2025-01-25,2025-02-01,1
32,2025-01-25,2025-02-08,2,109.7762451171875,49.51467514038086,83.03331756591797,109.7762451171875,139.22459411621094,204.8034210205078,log,2025-01-25,2025-02-08,2
32,2025-01-25,2025-02-15,3,72.552001953125,38.328365325927734,60.38907241821289,72.552001953125,86.18936920166016,188.56480407714844,log,2025-01-25,2025-02-15,3
32,2025-01-25,2025-02-22,4,79.70099639892578,26.260791778564453,53.985633850097656,79.70099639892578,79.97640991210938,178.90931701660156,log,2025-01-25,2025-02-22,4
33,2025-01-25,2025-02-01,1,140.57618713378906,79.97698974609375,125.97053527832031,140.57618713378906,163.313720703125,196.2031707763672,log,2025-01-25,2025-02-01,1
33,2025-01-25,2025-02-08,2,92.68145751953125,49.34953689575195,84.5684814453125,92.68145751953125,128.9491424560547,359.4169006347656,log,2025-01-25,2025-02-08,2
33,2025-01-25,2025-02-15,3,66.85453796386719,27.50957489013672,47.385223388671875,66.85453796386719,89.06062316894531,311.8441467285156,log,2025-01-25,2025-02-15,3
33,2025-01-25,2025-02-22,4,36.164669036865234,18.72829246520996,28.666160583496094,36.164669036865234,72.22470092773438,344.767333984375,log,2025-01-25,2025-02-22,4
34,2025-01-25,2025-02-01,1,2194.425048828125,477.29999999999995,1547.821533203125,2194.425048828125,2607.5517578125,2973.66064453125,log,2025-01-25,2025-02-01,1
34,2025-01-25,2025-02-08,2,1164.6883544921875,136.0305,779.13330078125,1164.6883544921875,1768.5892333984375,2234.147216796875,log,2025-01-25,2025-02-08,2
34,2025-01-25,2025-02-15,3,699.7443237304688,93.16407012939453,521.833984375,699.7443237304688,1533.808837890625,1700.7706298828125,log,2025-01-25,2025-02-15,3
34,2025-01-25,2025-02-22,4,490.96551513671875,71.1702880859375,274.3671875,490.96551513671875,1029.5816650390625,1640.11083984375,log,2025-01-25,2025-02-22,4
35,2025-01-25,2025-02-01,1,188.83609008789062,88.949462890625,164.51995849609375,188.83609008789062,194.10997009277344,247.25247192382812,log,2025-01-25,2025-02-01,1
35,2025-01-25,2025-02-08,2,94.20433807373047,53.26466751098633,78.86203002929688,94.20433807373047,119.82756805419922,225.26861572265625,log,2025-01-25,2025-02-08,2
35,2025-01-25,2025-02-15,3,76.40474700927734,31.115074157714844,51.19337463378906,76.40474700927734,92.32054901123047,204.1287841796875,log,2025-01-25,2025-02-15,3
35,2025-01-25,2025-02-22,4,70.12240600585938,20.67099952697754,53.10282897949219,70.12240600585938,75.7123031616211,192.90147399902344,log,2025-01-25,2025-02-22,4
36,2025-01-25,2025-02-01,1,2156.70458984375,879.3,1622.1875,2156.70458984375,2686.1845703125,3079.377197265625,log,2025-01-25,2025-02-01,1
36,2025-01-25,2025-02-08,2,1226.78857421875,250.60049999999995,809.13916015625,1226.78857421875,1972.02783203125,2688.947265625,log,2025-01-25,2025-02-08,2
36,2025-01-25,2025-02-15,3,707.8455810546875,86.21202850341797,571.57373046875,707.8455810546875,1607.4827880859375,2800.77734375,log,2025-01-25,2025-02-15,3
36,2025-01-25,2025-02-22,4,561.4169311523438,75.20429992675781,327.12530517578125,561.4169311523438,1115.62548828125,1930.253662109375,log,2025-01-25,2025-02-22,4
37,2025-01-25,2025-02-01,1,2179.542236328125,474.59999999999997,1535.772216796875,2179.542236328125,2724.246337890625,2970.10107421875,log,2025-01-25,2025-02-01,1
37,2025-01-25,2025-02-08,2,1149.1766357421875,135.26099999999997,792.3899536132812,1149.1766357421875,2009.3082275390625,2477.57763671875,log,2025-01-25,2025-02-08,2
37,2025-01-25,2025-02-15,3,687.4829711914062,78.02338409423828,526.3189697265625,687.4829711914062,1405.403076171875,1994.7694091796875,log,2025-01-25,2025-02-15,3
37,2025-01-25,2025-02-22,4,553.2931518554688,66.01647186279297,304.38299560546875,553.2931518554688,965.6283569335938,1587.59228515625,log,2025-01-25,2025-02-22,4
38,2025-01-25,2025-02-01,1,93.89659118652344,40.34686279296875,81.37394714355469,93.89659118652344,94.44674682617188,165.06805419921875,log,2025-01-25,2025-02-01,1
38,2025-01-25,2025-02-08,2,65.90538787841797,23.312612533569336,58.8094482421875,65.90538787841797,93.79759216308594,243.22915649414062,log,2025-01-25,2025-02-08,2
38,2025-01-25,2025-02-15,3,45.59244155883789,20.545862197875977,44.96945571899414,45.59244155883789,76.57183074951172,214.9019775390625,log,2025-01-25,2025-02-15,3
38,2025-01-25,2025-02-22,4,28.682510375976562,13.771665573120117,22.545082092285156,28.682510375976562,50.06264877319336,204.20831298828125,log,2025-01-25,2025-02-22,4
39,2025-01-25,2025-02-01,1,2239.170654296875,520.5,1682.361328125,2239.170654296875,2927.443603515625,3124.57275390625,log,2025-01-25,2025-02-01,1
39,2025-01-25,2025-02-08,2,1212.21533203125,148.3425,781.8218994140625,1212.21533203125,1964.87744140625,2638.503173828125,log,2025-01-25,2025-02-08,2
39,2025-01-25,2025-02-15,3,736.1629638671875,87.89592742919922,564.3741455078125,736.1629638671875,1639.672607421875,2668.594482421875,log,2025-01-25,2025-02-15,3
39,2025-01-25,2025-02-22,4,547.1939697265625,67.06017303466797,324.732666015625,547.1939697265625,1157.1650390625,1879.1204833984375,log,2025-01-25,2025-02-22,4
40,2025-01-25,2025-02-01,1,665.9617919921875,207.6,599.6630249023438,665.9617919921875,865.5201416015625,1028.10986328125,log,2025-01-25,2025-02-01,1
40,2025-01-25,2025-02-08,2,465.0219421386719,128.8032989501953,321.8587646484375,465.0219421386719,653.9578857421875,974.837890625,log,2025-01-25,2025-02-08,2
40,2025-01-25,2025-02-15,3,302.660400390625,71.42701721191406,229.2036590576172,302.660400390625,551.235107421875,988.7386474609375,log,2025-01-25,2025-02-15,3
40,2025-01-25,2025-02-22,4,203.0064239501953,60.70585632324219,141.15557861328125,203.0064239501953,362.03033447265625,1016.5065307617188,log,2025-01-25,2025-02-22,4
41,2025-01-25,2025-02-01,1,274.70208740234375,88.949462890625,269.2213134765625,274.70208740234375,279.9603576660156,289.2822265625,log,2025-01-25,2025-02-01,1
41,2025-01-25,2025-02-08,2,168.58489990234375,60.188533782958984,128.01800537109375,168.58489990234375,211.37693786621094,255.70936584472656,log,2025-01-25,2025-02-08,2
41,2025-01-25,2025-02-15,3,106.55490112304688,37.41734313964844,98.2840347290039,106.55490112304688,133.7339630126953,283.8766174316406,log,2025-01-25,2025-02-15,3
41,2025-01-25,2025-02-22,4,121.75941467285156,30.028413772583008,100.0657958984375,121.75941467285156,141.43634033203125,320.54962158203125,log,2025-01-25,2025-02-22,4
42,2025-01-25,2025-02-01,1,2321.458251953125,953.6999999999999,1733.93212890625,2321.458251953125,3187.56298828125,3409.81494140625,log,2025-01-25,2025-02-01,1
42,2025-01-25,2025-02-08,2,1309.7137451171875,271.80449999999996,797.6207275390625,1309.7137451171875,2398.811279296875,3228.71044921875,log,2025-01-25,2025-02-08,2
42,2025-01-25,2025-02-15,3,804.6853637695312,96.46687316894531,527.8872680664062,804.6853637695312,2065.9287109375,2889.57470703125,log,2025-01-25,2025-02-15,3
42,2025-01-25,2025-02-22,4,521.962158203125,75.20429992675781,269.2152404785156,521.962158203125,1201.0343017578125,2253.3818359375,log,2025-01-25,2025-02-22,4
44,2025-01-25,2025-02-01,1,109.0873794555664,65.56502532958984,99.79537200927734,109.0873794555664,150.701171875,159.84613037109375,log,2025-01-25,2025-02-01,1
44,2025-01-25,2025-02-08,2,72.42388916015625,35.260101318359375,64.45863342285156,72.42388916015625,90.96732330322266,243.1960906982422,log,2025-01-25,2025-02-08,2
44,2025-01-25,2025-02-15,3,47.21788787841797,18.36488151550293,32.34345245361328,47.21788787841797,65.75016784667969,203.69650268554688,log,2025-01-25,2025-02-15,3
44,2025-01-25,2025-02-22,4,28.154300689697266,13.015583992004395,23.708812713623047,28.154300689697266,44.408653259277344,252.94833374023438,log,2025-01-25,2025-02-22,4
45,2025-01-25,2025-02-01,1,887.0420532226562,249.89999999999998,749.3130493164062,887.0420532226562,937.7459716796875,1057.2689208984375,log,2025-01-25,2025-02-01,1
45,2025-01-25,2025-02-08,2,590.7765502929688,128.8032989501953,461.7758483886719,590.7765502929688,909.2543334960938,1223.3648681640625,log,2025-01-25,2025-02-08,2
45,2025-01-25,2025-02-15,3,340.6432189941406,63.97342300415039,277.11895751953125,340.6432189941406,657.4259033203125,1194.73681640625,log,2025-01-25,2025-02-15,3
45,2025-01-25,2025-02-22,4,282.1805725097656,56.33728790283203,184.30010986328125,282.1805725097656,457.41534423828125,1050.169677734375,log,2025-01-25,2025-02-22,4
46,2025-01-25,2025-02-01,1,87.52250671386719,39.69264221191406,71.06932067871094,87.52250671386719,95.43572998046875,161.73025512695312,log,2025-01-25,2025-02-01,1
46,2025-01-25,2025-02-08,2,58.26813507080078,18.948787689208984,57.950904846191406,58.26813507080078,85.35963439941406,246.93199157714844,log,2025-01-25,2025-02-08,2
46,2025-01-25,2025-02-15,3,41.155067443847656,14.4744291305542,37.15556716918945,41.155067443847656,77.23371124267578,219.23313903808594,log,2025-01-25,2025-02-15,3
46,2025-01-25,2025-02-22,4,23.092124938964844,8.364083290100098,21.17467498779297,23.092124938964844,57.114356994628906,203.76953125,log,2025-01-25,2025-02-22,4
47,2025-01-25,2025-02-01,1,615.9805908203125,193.79999999999998,532.5083618164062,615.9805908203125,629.4741821289062,931.8282470703125,log,2025-01-25,2025-02-01,1
47,2025-01-25,2025-02-08,2,372.31475830078125,62.6473388671875,252.31387329101562,372.31475830078125,517.3812255859375,763.1207275390625,log,2025-01-25,2025-02-08,2
47,2025-01-25,2025-02-15,3,270.0965881347656,47.36669158935547,212.9672088623047,270.0965881347656,384.7723388671875,666.96435546875,log,2025-01-25,2025-02-15,3
47,2025-01-25,2025-02-22,4,258.3081970214844,35.868377685546875,173.60072326660156,258.3081970214844,441.4458312988281,915.1105346679688,log,2025-01-25,2025-02-22,4
48,2025-01-25,2025-02-01,1,2668.672119140625,995.6999999999999,1774.62939453125,2668.672119140625,3290.740234375,3478.1552734375,log,2025-01-25,2025-02-01,1
48,2025-01-25,2025-02-08,2,1484.79638671875,283.77449999999993,911.5507202148438,1484.79638671875,2857.21337890625,3389.4580078125,log,2025-01-25,2025-02-08,2
48,2025-01-25,2025-02-15,3,1067.2528076171875,106.8113784790039,638.947509765625,1067.2528076171875,2251.5498046875,3386.23583984375,log,2025-01-25,2025-02-15,3
48,2025-01-25,2025-02-22,4,728.5303955078125,104.51368713378906,424.4371643066406,728.5303955078125,1421.902587890625,2624.852294921875,log,2025-01-25,2025-02-22,4
49,2025-01-25,2025-02-01,1,162.39793395996094,76.49393463134766,156.7884063720703,162.39793395996094,164.70941162109375,194.51268005371094,log,2025-01-25,2025-02-01,1
49,2025-01-25,2025-02-08,2,89.80355834960938,48.504112243652344,70.36935424804688,89.80355834960938,116.1771240234375,206.4457550048828,log,2025-01-25,2025-02-08,2
49,2025-01-25,2025-02-15,3,61.902523040771484,31.94481658935547,46.74915313720703,61.902523040771484,80.9865493774414,177.89132690429688,log,2025-01-25,2025-02-15,3
49,2025-01-25,2025-02-22,4,64.42015838623047,15.016854286193848,51.074920654296875,64.42015838623047,64.79657745361328,157.43605041503906,log,2025-01-25,2025-02-22,4
50,2025-01-25,2025-02-01,1,56.850730895996094,23.359661102294922,48.090946197509766,56.850730895996094,81.9826889038086,98.44692993164062,log,2025-01-25,2025-02-01,1
50,2025-01-25,2025-02-08,2,37.73216247558594,13.106843948364258,31.547927856445312,37.73216247558594,62.53166198730469,127.19283294677734,log,2025-01-25,2025-02-08,2
50,2025-01-25,2025-02-15,3,28.42292022705078,7.193814277648926,21.353740692138672,28.42292022705078,47.95529556274414,126.59226989746094,log,2025-01-25,2025-02-15,3
50,2025-01-25,2025-02-22,4,18.850492477416992,6.927585601806641,15.381749153137207,18.850492477416992,36.187679290771484,130.43280029296875,log,2025-01-25,2025-02-22,4
51,2025-01-25,2025-02-01,1,729.5960083007812,205.5,618.9310913085938,729.5960083007812,899.3082885742188,954.1317749023438,log,2025-01-25,2025-02-01,1
51,2025-01-25,2025-02-08,2,580.6614379882812,120.88827514648438,357.648681640625,580.6614379882812,942.5792846679688,1004.4374389648438,log,2025-01-25,2025-02-08,2
51,2025-01-25,2025-02-15,3,383.9731750488281,65.63848114013672,339.7782897949219,383.9731750488281,653.8501586914062,812.072998046875,log,2025-01-25,2025-02-15,3
51,2025-01-25,2025-02-22,4,276.3185729980469,62.279388427734375,205.44003295898438,276.3185729980469,461.45355224609375,1029.4705810546875,log,2025-01-25,2025-02-22,4
53,2025-01-25,2025-02-01,1,400.9013977050781,125.1,376.74896240234375,400.9013977050781,442.0650634765625,450.9761047363281,log,2025-01-25,2025-02-01,1
53,2025-01-25,2025-02-08,2,242.1050262451172,62.6473388671875,178.83065795898438,242.1050262451172,320.5784606933594,503.6785888671875,log,2025-01-25,2025-02-08,2
53,2025-01-25,2025-02-15,3,169.7262420654297,40.54903793334961,160.82669067382812,169.7262420654297,229.95713806152344,491.132080078125,log,2025-01-25,2025-02-15,3
53,2025-01-25,2025-02-22,4,189.6566162109375,37.929840087890625,139.84030151367188,189.6566162109375,275.5426330566406,575.3814086914062,log,2025-01-25,2025-02-22,4
54,2025-01-25,2025-02-01,1,192.77291870117188,96.31757354736328,163.7063446044922,192.77291870117188,199.244873046875,211.55909729003906,log,2025-01-25,2025-02-01,1
54,2025-01-25,2025-02-08,2,135.4102783203125,59.6026496887207,98.36033630371094,135.4102783203125,195.89404296875,251.8902587890625,log,2025-01-25,2025-02-08,2
54,2025-01-25,2025-02-15,3,95.52308654785156,38.21204376220703,66.35673522949219,95.52308654785156,133.9029083251953,289.4897766113281,log,2025-01-25,2025-02-15,3
54,2025-01-25,2025-02-22,4,77.00001525878906,17.007808685302734,54.645729064941406,77.00001525878906,125.11034393310547,252.97109985351562,log,2025-01-25,2025-02-22,4
55,2025-01-25,2025-02-01,1,823.4365844726562,257.09999999999997,728.138427734375,823.4365844726562,913.8646240234375,1158.3203125,log,2025-01-25,2025-02-01,1
55,2025-01-25,2025-02-08,2,429.3000183105469,128.8032989501953,344.64434814453125,429.3000183105469,773.698486328125,1037.5704345703125,log,2025-01-25,2025-02-08,2
55,2025-01-25,2025-02-15,3,311.1883239746094,71.42701721191406,236.81346130371094,311.1883239746094,560.02783203125,1149.51123046875,log,2025-01-25,2025-02-15,3
55,2025-01-25,2025-02-22,4,212.87744140625,60.98246765136719,162.41220092773438,212.87744140625,402.5057373046875,861.6461181640625,log,2025-01-25,2025-02-22,4
56,2025-01-25,2025-02-01,1,67.79057312011719,28.405786514282227,57.72502517700195,67.79057312011719,94.26768493652344,100.65274047851562,log,2025-01-25,2025-02-01,1
56,2025-01-25,2025-02-08,2,41.49099349975586,17.912843704223633,34.30550765991211,41.49099349975586,61.74995040893555,80.08660888671875,log,2025-01-25,2025-02-08,2
56,2025-01-25,2025-02-15,3,28.3303279876709,10.223896026611328,22.30813217163086,28.3303279876709,33.742454528808594,78.370849609375,log,2025-01-25,2025-02-15,3
56,2025-01-25,2025-02-22,4,23.272016525268555,6.4120306968688965,19.35283660888672,23.272016525268555,30.358963012695312,86.44405364990234,log,2025-01-25,2025-02-22,4
72,2025-01-25,2025-02-01,1,506.1210632324219,151.5,428.2518005371094,506.1210632324219,621.0040893554688,696.4414672851562,log,2025-01-25,2025-02-01,1
72,2025-01-25,2025-02-08,2,293.01055908203125,55.91892623901367,174.1653594970703,293.01055908203125,436.8209228515625,524.4555053710938,log,2025-01-25,2025-02-08,2
72,2025-01-25,2025-02-15,3,151.7008056640625,36.74275588989258,125.28485107421875,151.7008056640625,279.1817321777344,487.04693603515625,log,2025-01-25,2025-02-15,3
72,2025-01-25,2025-02-22,4,206.50857543945312,23.322322845458984,117.62560272216797,206.50857543945312,231.14317321777344,500.1080017089844,log,2025-01-25,2025-02-22,4
US,2025-01-25,2025-02-01,1,12416.1,12416.1,12416.1,12416.1,12416.1,12416.1,log,2025-01-25,2025-02-01,1
US,2025-01-25,2025-02-08,2,3538.5885,3538.5885,3538.5885,3538.5885,3538.5885,3538.5885,log,2025-01-25,2025-02-08,2
US,2025-01-25,2025-02-15,3,955.418895,955.418895,955.418895,955.418895,2059.73095703125,3448.477294921875,log,2025-01-25,2025-02-15,3
US,2025-01-25,2025-02-22,4,535.892333984375,243.63181822500002,326.4969177246094,535.892333984375,1301.4219970703125,2850.344482421875,log,2025-01-25,2025-02-22,4
01,2025-02-01,2025-02-08,1,750.6509399414062,220.2,724.024169921875,750.6509399414062,860.5308227539062,1194.01513671875,log,2025-02-01,2025-02-08,1
01,2025-02-01,2025-02-15,2,719.787353515625,138.16201782226562,453.3272705078125,719.787353515625,762.3577270507812,1027.6226806640625,log,2025-02-01,2025-02-15,2
01,2025-02-01,2025-02-22,3,392.5943603515625,106.66902160644531,223.39337158203125,392.5943603515625,430.1778564453125,1098.809814453125,log,2025-02-01,2025-02-22,3
01,2025-02-01,2025-03-01,4,240.43284606933594,67.98723602294922,135.45535278320312,240.43284606933594,453.1609191894531,1026.240478515625,log,2025-02-01,2025-03-01,4
02,2025-02-01,2025-02-08,1,31.521747589111328,9.0,26.452226638793945,31.521747589111328,41.874107360839844,53.97931671142578,log,2025-02-01,2025-02-08,1
02,2025-02-01,2025-02-15,2,23.363262176513672,3.9731218814849854,17.632986068725586,23.363262176513672,35.42677307128906,59.66203689575195,log,2025-02-01,2025-02-15,2
02,2025-02-01,2025-02-22,3,22.00940704345703,2.730053186416626,15.8202486038208,22.00940704345703,29.546220779418945,58.80009460449219,log,2025-02-01,2025-02-22,3
02,2025-02-01,2025-03-01,4,11.435070037841797,3.3139455318450928,11.137666702270508,11.435070037841797,22.351055145263672,60.940452575683594,log,2025-02-01,2025-03-01,4
04,2025-02-01,2025-02-08,1,766.9619140625,250.79999999999998,555.7269287109375,766.9619140625,897.8841552734375,1023.2437133789062,log,2025-02-01,2025-02-08,1
04,2025-02-01,2025-02-15,2,673.6641235351562,71.478,476.789794921875,673.6641235351562,881.4730224609375,1162.270263671875,log,2025-02-01,2025-02-15,2
04,2025-02-01,2025-02-22,3,400.90521240234375,30.893892288208008,202.3709259033203,400.90521240234375,825.3804931640625,1020.4061279296875,log,2025-02-01,2025-02-22,3
04,2025-02-01,2025-03-01,4,278.11761474609375,18.28289222717285,166.49461364746094,278.11761474609375,462.0354309082031,824.2637329101562,log,2025-02-01,2025-03-01,4
05,2025-02-01,2025-02-08,1,740.7495727539062,208.8611297607422,729.5172729492188,740.7495727539062,765.3936767578125,981.4551391601562,log,2025-02-01,2025-02-08,1
05,2025-02-01,2025-02-15,2,730.7859497070312,122.8287582397461,491.3733825683594,730.7859497070312,852.3260498046875,1121.8997802734375,log,2025-02-01,2025-02-15,2
05,2025-02-01,2025-02-22,3,539.0958251953125,84.66437530517578,258.32659912109375,539.0958251953125,746.412841796875,1070.7396240234375,log,2025-02-01,2025-02-22,3
05,2025-02-01,2025-03-01,4,278.2362365722656,51.498390197753906,173.7732391357422,278.2362365722656,588.3038940429688,1261.6973876953125,log,2025-02-01,2025-03-01,4
06,2025-02-01,2025-02-08,1,3399.8984375,1372.8,2375.936279296875,3399.8984375,3524.562255859375,3639.5849609375,log,2025-02-01,2025-02-08,1
06,2025-02-01,2025-02-15,2,2598.437744140625,391.24799999999993,1486.7005615234375,2598.437744140625,2674.8671875,3418.233642578125,log,2025-02-01,2025-02-15,2
06,2025-02-01,2025-02-22,3,1532.409423828125,114.54312133789062,639.843505859375,1532.409423828125,2733.969482421875,3115.411376953125,log,2025-02-01,2025-02-22,3
06,2025-02-01,2025-03-01,4,884.4872436523438,78.81588745117188,383.56695556640625,884.4872436523438,2295.543701171875,3062.292236328125,log,2025-02-01,2025-03-01,4
08,2025-02-01,2025-02-08,1,649.9030151367188,162.9,545.1854248046875,649.9030151367188,699.0072631835938,879.8203735351562,log,2025-02-01,2025-02-08,1
08,2025-02-01,2025-02-15,2,588.9716796875,93.56340789794922,379.16021728515625,588.9716796875,660.3140258789062,841.182861328125,log,2025-02-01,2025-02-15,2
08,2025-02-01,2025-02-22,3,344.8843994140625,76.9647216796875,214.6162872314453,344.8843994140625,486.0317077636719,978.857666015625,log,2025-02-01,2025-02-22,3
08,2025-02-01,2025-03-01,4,216.3785858154297,55.95204544067383,175.86595153808594,216.3785858154297,431.88836669921875,768.6629638671875,log,2025-02-01,2025-03-01,4
09,2025-02-01,2025-02-08,1,642.0692138671875,208.8611297607422,607.516845703125,642.0692138671875,669.4674072265625,760.927490234375,log,2025-02-01,2025-02-08,1
09,2025-02-01,2025-02-15,2,487.59716796875,122.8287582397461,322.3282165527344,487.59716796875,547.50927734375,760.69970703125,log,2025-02-01,2025-02-15,2
09,2025-02-01,2025-02-22,3,340.5348815917969,79.01976776123047,212.5367889404297,340.5348815917969,366.54632568359375,791.0189819335938,log,2025-02-01,2025-02-22,3
09,2025-02-01,2025-03-01,4,180.96641540527344,45.73941421508789,92.61344909667969,180.96641540527344,242.81039428710938,840.303466796875,log,2025-02-01,2025-03-01,4
10,2025-02-01,2025-02-08,1,160.09228515625,74.14269256591797,145.2408905029297,160.09228515625,163.27267456054688,303.72869873046875,log,2025-02-01,2025-02-08,1
10,2025-02-01,2025-02-15,2,112.48474884033203,42.53007507324219,110.57275390625,112.48474884033203,167.14712524414062,298.906494140625,log,2025-02-01,2025-02-15,2
10,2025-02-01,2025-02-22,3,80.89585876464844,35.76462173461914,39.46167755126953,80.89585876464844,105.0586166381836,454.2782287597656,log,2025-02-01,2025-02-22,3
10,2025-02-01,2025-03-01,4,59.73786926269531,15.436700820922852,28.79886245727539,59.73786926269531,83.68279266357422,419.88970947265625,log,2025-02-01,2025-03-01,4
11,2025-02-01,2025-02-08,1,192.64535522460938,76.34996032714844,166.26060485839844,192.64535522460938,208.71958923339844,314.8509826660156,log,2025-02-01,2025-02-08,1
11,2025-02-01,2025-02-15,2,154.7477569580078,38.39918518066406,114.66141510009766,154.7477569580078,250.87081909179688,479.5702819824219,log,2025-02-01,2025-02-15,2
11,2025-02-01,2025-02-22,3,81.60633087158203,19.28952407836914,41.881324768066406,81.60633087158203,178.77322387695312,418.6294250488281,log,2025-02-01,2025-02-22,3
11,2025-02-01,2025-03-01,4,52.88762283325195,14.605727195739746,25.353282928466797,52.88762283325195,116.43061828613281,399.4872741699219,log,2025-02-01,2025-03-01,4
12,2025-02-01,2025-02-08,1,3141.600341796875,1136.1,2330.508056640625,3141.600341796875,3429.583984375,3944.269287109375,log,2025-02-01,2025-02-08,1
12,2025-02-01,2025-02-15,2,2420.62109375,323.78849999999994,1355.7503662109375,2420.62109375,3501.051513671875,3642.2802734375,log,2025-02-01,2025-02-15,2
12,2025-02-01,2025-02-22,3,1460.4490966796875,114.54312133789062,671.38037109375,1460.4490966796875,2779.5703125,3737.944580078125,log,2025-02-01,2025-02-22,3
12,2025-02-01,2025-03-01,4,870.9153442382812,74.0868148803711,402.92425537109375,870.9153442382812,2105.364990234375,3412.522216796875,log,2025-02-01,2025-03-01,4
13,2025-02-01,2025-02-08,1,1780.6951904296875,411.9,1578.0260009765625,1780.6951904296875,1813.7744140625,2100.4111328125,log,2025-02-01,2025-02-08,1
13,2025-02-01,2025-02-15,2,1894.9979248046875,133.08880615234375,1310.7547607421875,1894.9979248046875,1925.7760009765625,2275.76025390625,log,2025-02-01,2025-02-15,2
13,2025-02-01,2025-02-22,3,1004.4628295898438,103.68708038330078,482.7012939453125,1004.4628295898438,1631.833740234375,1908.4302978515625,log,2025-02-01,2025-02-22,3
13,2025-02-01,2025-03-01,4,600.7205810546875,72.3321533203125,348.748046875,600.7205810546875,1225.6707763671875,1854.517578125,log,2025-02-01,2025-03-01,4
15,2025-02-01,2025-02-08,1,72.62811279296875,36.60493469238281,63.489471435546875,72.62811279296875,80.12969207763672,100.09062194824219,log,2025-02-01,2025-02-08,1
15,2025-02-01,2025-02-15,2,51.74993896484375,13.915037155151367,51.10313415527344,51.74993896484375,69.28837585449219,103.66741180419922,log,2025-02-01,2025-02-15,2
15,2025-02-01,2025-02-22,3,38.679325103759766,6.758890151977539,26.337522506713867,38.679325103759766,41.472713470458984,107.86180114746094,log,2025-02-01,2025-02-22,3
15,2025-02-01,2025-03-01,4,20.926069259643555,6.8939642906188965,18.20163917541504,20.926069259643555,33.683719635009766,92.66515350341797,log,2025-02-01,2025-03-01,4
16,2025-02-01,2025-02-08,1,171.12673950195312,81.36219787597656,165.97451782226562,171.12673950195312,185.0099334716797,202.7858123779297,log,2025-02-01,2025-02-08,1
16,2025-02-01,2025-02-15,2,156.51026916503906,49.296600341796875,122.30365753173828,156.51026916503906,175.77540588378906,227.4351806640625,log,2025-02-01,2025-02-15,2
16,2025-02-01,2025-02-22,3,94.34844207763672,34.488800048828125,68.4001235961914,94.34844207763672,117.07695007324219,286.8984069824219,log,2025-02-01,2025-02-22,3
16,2025-02-01,2025-03-01,4,70.84961700439453,26.763246536254883,45.11105728149414,70.84961700439453,103.133056640625,310.36083984375,log,2025-02-01,2025-03-01,4
17,2025-02-01,2025-02-08,1,2985.93115234375,643.8,2194.72021484375,2985.93115234375,3289.785888671875,3524.562255859375,log,2025-02-01,2025-02-08,1
17,2025-02-01,2025-02-15,2,2293.84375,183.48299999999998,1312.977783203125,2293.84375,2569.17529296875,2946.445556640625,log,2025-02-01,2025-02-15,2
17,2025-02-01,2025-02-22,3,1219.9385986328125,111.16523742675781,479.0336608886719,1219.9385986328125,2118.94091796875,2325.1533203125,log,2025-02-01,2025-02-22,3
17,2025-02-01,2025-03-01,4,625.8858032226562,67.98723602294922,321.7984313964844,625.8858032226562,1546.137939453125,2436.127685546875,log,2025-02-01,2025-03-01,4
18,2025-02-01,2025-02-08,1,1817.549560546875,388.5,1365.550048828125,1817.549560546875,1979.4771728515625,2081.316650390625,log,2025-02-01,2025-02-08,1
18,2025-02-01,2025-02-15,2,1895.3017578125,133.08880615234375,1262.94677734375,1895.3017578125,2144.241943359375,2548.5380859375,log,2025-02-01,2025-02-15,2
18,2025-02-01,2025-02-22,3,1051.3140869140625,105.74340057373047,496.64764404296875,1051.3140869140625,1881.125244140625,2687.931640625,log,2025-02-01,2025-02-22,3
18,2025-02-01,2025-03-01,4,550.6842651367188,67.98723602294922,347.84063720703125,550.6842651367188,1303.3411865234375,2944.15283203125,log,2025-02-01,2025-03-01,4
19,2025-02-01,2025-02-08,1,524.2322998046875,208.8611297607422,511.3084411621094,524.2322998046875,592.3942260742188,812.3743286132812,log,2025-02-01,2025-02-08,1
19,2025-02-01,2025-02-15,2,431.3608703613281,122.8287582397461,312.89984130859375,431.3608703613281,518.7410278320312,883.80224609375,log,2025-02-01,2025-02-15,2
19,2025-02-01,2025-02-22,3,238.54005432128906,78.5500717163086,132.58815002441406,238.54005432128906,358.3529357910156,825.23193359375,log,2025-02-01,2025-02-22,3
19,2025-02-01,2025-03-01,4,134.492919921875,46.14588165283203,79.94741821289062,134.492919921875,235.5744171142578,872.9312133789062,log,2025-02-01,2025-03-01,4
20,2025-02-01,2025-02-08,1,376.02142333984375,176.0965118408203,344.1586608886719,376.02142333984375,403.8293762207031,553.9524536132812,log,2025-02-01,2025-02-08,1
20,2025-02-01,2025-02-15,2,305.1396789550781,103.18599700927734,225.3393096923828,305.1396789550781,326.2295227050781,586.933349609375,log,2025-02-01,2025-02-15,2
20,2025-02-01,2025-02-22,3,157.7310333251953,75.01551055908203,92.45026397705078,157.7310333251953,237.7274932861328,783.0965576171875,log,2025-02-01,2025-02-22,3
20,2025-02-01,2025-03-01,4,128.70492553710938,54.94991683959961,56.49821853637695,128.70492553710938,242.0017547607422,812.5903930664062,log,2025-02-01,2025-03-01,4
21,2025-02-01,2025-02-08,1,830.0873413085938,222.29999999999998,779.5560302734375,830.0873413085938,915.45263671875,1090.143798828125,log,2025-02-01,2025-02-08,1
21,2025-02-01,2025-02-15,2,884.9015502929688,130.5609588623047,511.21099853515625,884.9015502929688,1002.4368286132812,1071.779541015625,log,2025-02-01,2025-02-15,2
21,2025-02-01,2025-02-22,3,524.1298828125,102.33126068115234,227.90382385253906,524.1298828125,626.041259765625,1121.47314453125,log,2025-02-01,2025-02-22,3
21,2025-02-01,2025-03-01,4,300.7563781738281,67.6902084350586,149.72775268554688,300.7563781738281,648.452392578125,1174.065185546875,log,2025-02-01,2025-03-01,4
22,2025-02-01,2025-02-08,1,677.119384765625,186.0,587.4017333984375,677.119384765625,749.6644897460938,990.9237670898438,log,2025-02-01,2025-02-08,1
22,2025-02-01,2025-02-15,2,516.9871215820312,93.56340789794922,337.7967529296875,516.9871215820312,621.651611328125,883.450439453125,log,2025-02-01,2025-02-15,2
22,2025-02-01,2025-02-22,3,318.237060546875,79.7203140258789,181.67800903320312,318.237060546875,384.9088439941406,1035.028564453125,log,2025-02-01,2025-02-22,3
22,2025-02-01,2025-03-01,4,239.20127868652344,56.27006912231445,119.9522476196289,239.20127868652344,394.8441162109375,874.2799072265625,log,2025-02-01,2025-03-01,4
23,2025-02-01,2025-02-08,1,205.697998046875,119.98178100585938,199.2346649169922,205.697998046875,217.73361206054688,263.8071594238281,log,2025-02-01,2025-02-08,1
23,2025-02-01,2025-02-15,2,171.00120544433594,60.484134674072266,144.80703735351562,171.00120544433594,208.63848876953125,357.6432189941406,log,2025-02-01,2025-02-15,2
23,2025-02-01,2025-02-22,3,118.0926742553711,48.224708557128906,64.76266479492188,118.0926742553711,133.6133575439453,479.49261474609375,log,2025-02-01,2025-02-22,3
23,2025-02-01,2025-03-01,4,74.3953628540039,32.43829345703125,44.141212463378906,74.3953628540039,106.8747329711914,419.3724060058594,log,2025-02-01,2025-03-01,4
24,2025-02-01,2025-02-08,1,1021.6381225585938,243.0,943.926025390625,1021.6381225585938,1068.1063232421875,1374.87646484375,log,2025-02-01,2025-02-08,1
24,2025-02-01,2025-02-15,2,836.1045532226562,130.5609588623047,539.4724731445312,836.1045532226562,1021.7132568359375,1383.6259765625,log,2025-02-01,2025-02-15,2
24,2025-02-01,2025-02-22,3,531.6819458007812,102.11001586914062,311.80133056640625,531.6819458007812,659.157470703125,1301.276611328125,log,2025-02-01,2025-02-22,3
24,2025-02-01,2025-03-01,4,330.6520080566406,66.01605224609375,183.45883178710938,330.6520080566406,516.8182373046875,1241.776123046875,log,2025-02-01,2025-03-01,4
25,2025-02-01,2025-02-08,1,2018.591552734375,404.09999999999997,1712.9698486328125,2018.591552734375,2154.84521484375,2375.681396484375,log,2025-02-01,2025-02-08,1
25,2025-02-01,2025-02-15,2,2413.459716796875,138.16201782226562,1334.2427978515625,2413.459716796875,2616.363037109375,2865.080078125,log,2025-02-01,2025-02-15,2
25,2025-02-01,2025-02-22,3,1284.2059326171875,124.85995483398438,606.29736328125,1284.2059326171875,2158.767333984375,3295.015380859375,log,2025-02-01,2025-02-22,3
25,2025-02-01,2025-03-01,4,734.518310546875,72.3321533203125,456.6022644042969,734.518310546875,1637.9298095703125,3372.142333984375,log,2025-02-01,2025-03-01,4
26,2025-02-01,2025-02-08,1,2047.2412109375,413.7,1722.4075927734375,2047.2412109375,2116.056640625,2366.152587890625,log,2025-02-01,2025-02-08,1
26,2025-02-01,2025-02-15,2,2341.99267578125,138.16201782226562,1296.0399169921875,2341.99267578125,2529.169189453125,2797.7783203125,log,2025-02-01,2025-02-15,2
26,2025-02-01,2025-02-22,3,1309.1307373046875,118.22563171386719,636.859130859375,1309.1307373046875,2042.8118896484375,2644.904541015625,log,2025-02-01,2025-02-22,3
26,2025-02-01,2025-03-01,4,811.53857421875,74.49260711669922,450.2319030761719,811.53857421875,1921.1134033203125,3448.0166015625,log,2025-02-01,2025-03-01,4
27,2025-02-01,2025-02-08,1,771.3408813476562,264.3,629.7429809570312,771.3408813476562,797.1695556640625,1065.740966796875,log,2025-02-01,2025-02-08,1
27,2025-02-01,2025-02-15,2,514.578857421875,75.32549999999999,425.07403564453125,514.578857421875,763.2796020507812,1052.246826171875,log,2025-02-01,2025-02-15,2
27,2025-02-01,2025-02-22,3,290.8971862792969,47.94374084472656,210.94677734375,290.8971862792969,519.9615478515625,917.9429931640625,log,2025-02-01,2025-02-22,3
27,2025-02-01,2025-03-01,4,231.9507598876953,29.970115661621094,172.12156677246094,231.9507598876953,459.5278625488281,772.4291381835938,log,2025-02-01,2025-03-01,4
28,2025-02-01,2025-02-08,1,756.1431884765625,208.8611297607422,726.98193359375,756.1431884765625,847.875244140625,999.947998046875,log,2025-02-01,2025-02-08,1
28,2025-02-01,2025-02-15,2,614.6314086914062,122.8287582397461,371.8673400878906,614.6314086914062,694.1810302734375,1080.546630859375,log,2025-02-01,2025-02-15,2
28,2025-02-01,2025-02-22,3,352.7415466308594,81.5560073852539,188.32821655273438,352.7415466308594,528.0635986328125,1019.3458862304688,log,2025-02-01,2025-02-22,3
28,2025-02-01,2025-03-01,4,241.85012817382812,53.16676712036133,127.215576171875,241.85012817382812,424.60009765625,1169.38916015625,log,2025-02-01,2025-03-01,4
29,2025-02-01,2025-02-08,1,1253.455810546875,311.7,1097.9112548828125,1253.455810546875,1415.6072998046875,1683.4549560546875,log,2025-02-01,2025-02-08,1
29,2025-02-01,2025-02-15,2,1119.5965576171875,130.5609588623047,822.06103515625,1119.5965576171875,1441.1241455078125,1548.649658203125,log,2025-02-01,2025-02-15,2
29,2025-02-01,2025-02-22,3,706.554931640625,102.33126068115234,350.5139465332031,706.554931640625,1079.0567626953125,1369.9228515625,log,2025-02-01,2025-02-22,3
29,2025-02-01,2025-03-01,4,421.965576171875,67.98723602294922,203.83065795898438,421.965576171875,849.0016479492188,1938.7279052734375,log,2025-02-01,2025-03-01,4
30,2025-02-01,2025-02-08,1,132.54701232910156,75.58146667480469,131.5238494873047,132.54701232910156,136.9000244140625,170.60142517089844,log,2025-02-01,2025-02-08,1
30,2025-02-01,2025-02-15,2,132.81057739257812,35.21160125732422,108.14851379394531,132.81057739257812,171.37445068359375,266.6213073730469,log,2025-02-01,2025-02-15,2
30,2025-02-01,2025-02-22,3,85.06685638427734,28.45701026916504,64.94215393066406,85.06685638427734,106.07929992675781,278.0935363769531,log,2025-02-01,2025-02-22,3
30,2025-02-01,2025-03-01,4,59.08145523071289,24.894817352294922,39.89716720581055,59.08145523071289,80.71521759033203,331.537841796875,log,2025-02-01,2025-03-01,4
31,2025-02-01,2025-02-08,1,330.03485107421875,155.26112365722656,324.66387939453125,330.03485107421875,367.4176940917969,470.4815368652344,log,2025-02-01,2025-02-08,1
31,2025-02-01,2025-02-15,2,270.0854797363281,88.70600128173828,205.5218505859375,270.0854797363281,327.4012451171875,607.2461547851562,log,2025-02-01,2025-02-15,2
31,2025-02-01,2025-02-22,3,128.92361450195312,52.06345748901367,74.53671264648438,128.92361450195312,250.05845642089844,676.64453125,log,2025-02-01,2025-02-22,3
31,2025-02-01,2025-03-01,4,91.88127136230469,27.38531494140625,45.68358612060547,91.88127136230469,191.00741577148438,669.023193359375,log,2025-02-01,2025-03-01,4
32,2025-02-01,2025-02-08,1,196.40638732910156,86.79438018798828,160.14752197265625,196.40638732910156,198.3215789794922,218.0946807861328,log,2025-02-01,2025-02-08,1
32,2025-02-01,2025-02-15,2,159.8184356689453,48.045860290527344,106.07909393310547,159.8184356689453,170.9282989501953,197.3624267578125,log,2025-02-01,2025-02-15,2
32,2025-02-01,2025-02-22,3,121.05648040771484,35.592655181884766,75.1959457397461,121.05648040771484,122.81045532226562,204.98358154296875,log,2025-02-01,2025-02-22,3
32,2025-02-01,2025-03-01,4,67.45011138916016,25.715354919433594,46.03029251098633,67.45011138916016,119.6252212524414,182.1254119873047,log,2025-02-01,2025-03-01,4
33,2025-02-01,2025-02-08,1,223.2284393310547,109.99906158447266,206.75132751464844,223.2284393310547,239.8443603515625,291.58123779296875,log,2025-02-01,2025-02-08,1
33,2025-02-01,2025-02-15,2,166.9005126953125,69.73221588134766,164.54039001464844,166.9005126953125,229.36331176757812,396.21624755859375,log,2025-02-01,2025-02-15,2
33,2025-02-01,2025-02-22,3,113.59078216552734,45.870689392089844,61.00251007080078,113.59078216552734,147.5714874267578,476.994873046875,log,2025-02-01,2025-02-22,3
33,2025-02-01,2025-03-01,4,67.84835815429688,22.302824020385742,39.2137565612793,67.84835815429688,106.04483795166016,422.59552001953125,log,2025-02-01,2025-03-01,4
34,2025-02-01,2025-02-08,1,2827.4091796875,538.1999999999999,2109.878662109375,2827.4091796875,2932.7421875,3170.682373046875,log,2025-02-01,2025-02-08,1
34,2025-02-01,2025-02-15,2,2030.2669677734375,153.38699999999997,1281.246337890625,2030.2669677734375,2414.03662109375,2790.963134765625,log,2025-02-01,2025-02-15,2
34,2025-02-01,2025-02-22,3,1212.851806640625,108.66958618164062,516.8239135742188,1212.851806640625,2234.781494140625,2248.05517578125,log,2025-02-01,2025-02-22,3
34,2025-02-01,2025-03-01,4,641.1349487304688,67.98723602294922,311.3970947265625,641.1349487304688,1300.4578857421875,2234.695068359375,log,2025-02-01,2025-03-01,4
35,2025-02-01,2025-02-08,1,233.75050354003906,95.24742126464844,184.1505889892578,233.75050354003906,257.9720764160156,282.451171875,log,2025-02-01,2025-02-08,1
35,2025-02-01,2025-02-15,2,172.94424438476562,51.12394714355469,113.50234985351562,172.94424438476562,223.60040283203125,268.9284362792969,log,2025-02-01,2025-02-15,2
35,2025-02-01,2025-02-22,3,121.37630462646484,43.840938568115234,66.40412902832031,121.37630462646484,124.75137329101562,233.0807342529297,log,2025-02-01,2025-02-22,3
35,2025-02-01,2025-03-01,4,68.04736328125,25.236038208007812,46.55968475341797,68.04736328125,122.85804748535156,236.37716674804688,log,2025-02-01,2025-03-01,4
36,2025-02-01,2025-02-08,1,3169.950439453125,938.4,2265.63330078125,3169.950439453125,3186.109619140625,3418.161865234375,log,2025-02-01,2025-02-08,1
36,2025-02-01,2025-02-15,2,2329.0498046875,267.44399999999996,1407.38818359375,2329.0498046875,2684.123779296875,3358.059326171875,log,2025-02-01,2025-02-15,2
36,2025-02-01,2025-02-22,3,1547.21826171875,111.97232055664062,615.8529663085938,1547.21826171875,2847.02490234375,3382.281005859375,log,2025-02-01,2025-02-22,3
36,2025-02-01,2025-03-01,4,821.019287109375,74.0868148803711,341.4407653808594,821.019287109375,2122.478759765625,2880.250244140625,log,2025-02-01,2025-03-01,4
37,2025-02-01,2025-02-08,1,2833.66455078125,624.6,2181.04296875,2833.66455078125,3260.80322265625,3729.4892578125,log,2025-02-01,2025-02-08,1
37,2025-02-01,2025-02-15,2,2270.889892578125,178.011,1295.7734375,2270.889892578125,3122.451171875,3516.797119140625,log,2025-02-01,2025-02-15,2
37,2025-02-01,2025-02-22,3,1316.642578125,110.98225402832031,568.7301635742188,1316.642578125,2549.838134765625,2770.266357421875,log,2025-02-01,2025-02-22,3
37,2025-02-01,2025-03-01,4,695.6892700195312,72.3321533203125,381.2921447753906,695.6892700195312,1638.4002685546875,2742.353515625,log,2025-02-01,2025-03-01,4
38,2025-02-01,2025-02-08,1,122.3934097290039,66.01864624023438,117.43586730957031,122.3934097290039,133.97181701660156,197.90220642089844,log,2025-02-01,2025-02-08,1
38,2025-02-01,2025-02-15,2,110.4692153930664,31.129703521728516,106.33710479736328,110.4692153930664,150.63050842285156,267.2011413574219,log,2025-02-01,2025-02-15,2
38,2025-02-01,2025-02-22,3,82.55899047851562,23.874990463256836,52.9677619934082,82.55899047851562,106.59070587158203,286.53704833984375,log,2025-02-01,2025-02-22,3
38,2025-02-01,2025-03-01,4,51.2786865234375,18.08452606201172,34.1836051940918,51.2786865234375,69.53915405273438,258.5189514160156,log,2025-02-01,2025-03-01,4
39,2025-02-01,2025-02-08,1,3149.7958984375,756.9,2379.730712890625,3149.7958984375,3644.827880859375,3791.663330078125,log,2025-02-01,2025-02-08,1
39,2025-02-01,2025-02-15,2,2607.232177734375,215.71649999999997,1369.5718994140625,2607.232177734375,3470.562255859375,3687.90234375,log,2025-02-01,2025-02-15,2
39,2025-02-01,2025-02-22,3,1320.2249755859375,110.82377624511719,604.4837646484375,1320.2249755859375,2950.44677734375,3701.051513671875,log,2025-02-01,2025-02-22,3
39,2025-02-01,2025-03-01,4,746.3351440429688,67.98723602294922,392.26116943359375,746.3351440429688,2001.8765869140625,3451.94970703125,log,2025-02-01,2025-03-01,4
40,2025-02-01,2025-02-08,1,1429.865234375,334.2,1232.811767578125,1429.865234375,1457.60302734375,1815.3258056640625,log,2025-02-01,2025-02-08,1
40,2025-02-01,2025-02-15,2,1268.35546875,130.5609588623047,834.1087646484375,1268.35546875,1580.658203125,1979.7764892578125,log,2025-02-01,2025-02-15,2
40,2025-02-01,2025-02-22,3,750.1217041015625,90.14830017089844,401.28582763671875,750.1217041015625,1275.337646484375,2254.464599609375,log,2025-02-01,2025-02-22,3
40,2025-02-01,2025-03-01,4,559.0987548828125,56.161155700683594,284.5910949707031,559.0987548828125,1146.836669921875,2804.4296875,log,2025-02-01,2025-03-01,4
41,2025-02-01,2025-02-08,1,605.7884521484375,150.0,545.722412109375,605.7884521484375,628.104736328125,861.710693359375,log,2025-02-01,2025-02-08,1
41,2025-02-01,2025-02-15,2,505.7434997558594,90.2374038696289,287.4582214355469,505.7434997558594,529.6355590820312,680.83837890625,log,2025-02-01,2025-02-15,2
41,2025-02-01,2025-02-22,3,279.8319091796875,68.3488540649414,155.38157653808594,279.8319091796875,402.42071533203125,887.47705078125,log,2025-02-01,2025-02-22,3
41,2025-02-01,2025-03-01,4,170.3106231689453,54.459346771240234,98.12400817871094,170.3106231689453,328.6856384277344,916.6118774414062,log,2025-02-01,2025-03-01,4
42,2025-02-01,2025-02-08,1,3158.45263671875,1155.6,2342.494384765625,3158.45263671875,3360.834716796875,3944.269287109375,log,2025-02-01,2025-02-08,1
42,2025-02-01,2025-02-15,2,2350.575439453125,329.34599999999995,1369.3052978515625,2350.575439453125,3433.528564453125,3615.904052734375,log,2025-02-01,2025-02-15,2
42,2025-02-01,2025-02-22,3,1380.525634765625,111.97232055664062,528.8419189453125,1380.525634765625,2868.801025390625,3680.0654296875,log,2025-02-01,2025-02-22,3
42,2025-02-01,2025-03-01,4,814.0628051757812,74.0868148803711,365.1889953613281,814.0628051757812,1938.7786865234375,3412.522216796875,log,2025-02-01,2025-03-01,4
44,2025-02-01,2025-02-08,1,213.2275390625,94.13340759277344,189.5110321044922,213.2275390625,228.33778381347656,308.2400817871094,log,2025-02-01,2025-02-08,1
44,2025-02-01,2025-02-15,2,144.51199340820312,38.80992126464844,120.955078125,144.51199340820312,204.8155975341797,434.87847900390625,log,2025-02-01,2025-02-15,2
44,2025-02-01,2025-02-22,3,80.3111801147461,25.769773483276367,41.19389343261719,80.3111801147461,130.92601013183594,486.45037841796875,log,2025-02-01,2025-02-22,3
44,2025-02-01,2025-03-01,4,45.27738571166992,17.335363388061523,25.451942443847656,45.27738571166992,128.22821044921875,443.9606018066406,log,2025-02-01,2025-03-01,4
45,2025-02-01,2025-02-08,1,1742.5904541015625,386.09999999999997,1307.004638671875,1742.5904541015625,1879.713134765625,2270.665771484375,log,2025-02-01,2025-02-08,1
45,2025-02-01,2025-02-15,2,1818.597412109375,130.5609588623047,1154.1497802734375,1818.597412109375,2293.378662109375,2294.245361328125,log,2025-02-01,2025-02-15,2
45,2025-02-01,2025-02-22,3,927.7205810546875,107.7336654663086,458.91888427734375,927.7205810546875,1844.64501953125,2244.67529296875,log,2025-02-01,2025-02-22,3
45,2025-02-01,2025-03-01,4,446.1010437011719,65.80245208740234,311.62030029296875,446.1010437011719,1017.4545288085938,2030.175048828125,log,2025-02-01,2025-03-01,4
46,2025-02-01,2025-02-08,1,160.590576171875,78.93925476074219,155.8549041748047,160.590576171875,173.96218872070312,267.49749755859375,log,2025-02-01,2025-02-08,1
46,2025-02-01,2025-02-15,2,134.99720764160156,29.537080764770508,122.74842071533203,134.99720764160156,195.92813110351562,414.4824523925781,log,2025-02-01,2025-02-15,2
46,2025-02-01,2025-02-22,3,85.53767395019531,19.829008102416992,46.9421272277832,85.53767395019531,126.16575622558594,344.14862060546875,log,2025-02-01,2025-02-22,3
46,2025-02-01,2025-03-01,4,57.21228790283203,15.071885108947754,29.319992065429688,57.21228790283203,106.33505249023438,371.3890075683594,log,2025-02-01,2025-03-01,4
47,2025-02-01,2025-02-08,1,1028.8408203125,283.2,891.5479736328125,1028.8408203125,1107.3072509765625,1567.89990234375,log,2025-02-01,2025-02-08,1
47,2025-02-01,2025-02-15,2,864.0747680664062,93.56340789794922,582.1964111328125,864.0747680664062,1010.7506103515625,1102.00927734375,log,2025-02-01,2025-02-15,2
47,2025-02-01,2025-02-22,3,499.76666259765625,80.64541625976562,269.85870361328125,499.76666259765625,804.98046875,1216.6785888671875,log,2025-02-01,2025-02-22,3
47,2025-02-01,2025-03-01,4,361.1300964355469,58.19410705566406,191.442626953125,361.1300964355469,751.061767578125,1285.054931640625,log,2025-02-01,2025-03-01,4
48,2025-02-01,2025-02-08,1,3443.6611328125,1418.7,2474.97412109375,3443.6611328125,3806.6669921875,4176.69091796875,log,2025-02-01,2025-02-08,1
48,2025-02-01,2025-02-15,2,2749.6181640625,404.3295,1464.5902099609375,2749.6181640625,3882.340576171875,3978.90380859375,log,2025-02-01,2025-02-15,2
48,2025-02-01,2025-02-22,3,1582.9012451171875,121.75203704833984,635.4548950195312,1582.9012451171875,3228.085205078125,4013.926513671875,log,2025-02-01,2025-02-22,3
48,2025-02-01,2025-03-01,4,906.727783203125,78.81588745117188,443.0875244140625,906.727783203125,2524.598388671875,3594.800537109375,log,2025-02-01,2025-03-01,4
49,2025-02-01,2025-02-08,1,196.89346313476562,81.2666244506836,161.58917236328125,196.89346313476562,216.84811401367188,246.41860961914062,log,2025-02-01,2025-02-08,1
49,2025-02-01,2025-02-15,2,144.32005310058594,37.11590576171875,109.11940002441406,144.32005310058594,191.69219970703125,206.36593627929688,log,2025-02-01,2025-02-15,2
49,2025-02-01,2025-02-22,3,106.9293212890625,33.046730041503906,64.79936981201172,106.9293212890625,120.079833984375,194.5783233642578,log,2025-02-01,2025-02-22,3
49,2025-02-01,2025-03-01,4,53.054569244384766,18.5263729095459,36.44075393676758,53.054569244384766,104.60690307617188,167.5021209716797,log,2025-02-01,2025-03-01,4
50,2025-02-01,2025-02-08,1,88.12422943115234,38.25960159301758,85.14798736572266,88.12422943115234,102.18743133544922,171.76531982421875,log,2025-02-01,2025-02-08,1
50,2025-02-01,2025-02-15,2,89.656982421875,16.618314743041992,70.19440460205078,89.656982421875,116.06023406982422,251.07196044921875,log,2025-02-01,2025-02-15,2
50,2025-02-01,2025-02-22,3,51.79902267456055,14.702720642089844,32.46014404296875,51.79902267456055,81.67340087890625,237.83349609375,log,2025-02-01,2025-02-22,3
50,2025-02-01,2025-03-01,4,29.637054443359375,7.538662910461426,18.82877540588379,29.637054443359375,68.8177490234375,253.14712524414062,log,2025-02-01,2025-03-01,4
51,2025-02-01,2025-02-08,1,1550.6253662109375,324.9,1203.4503173828125,1550.6253662109375,1616.7437744140625,1725.225341796875,log,2025-02-01,2025-02-08,1
51,2025-02-01,2025-02-15,2,1410.363037109375,133.08880615234375,842.5328979492188,1410.363037109375,1674.9576416015625,1702.210693359375,log,2025-02-01,2025-02-15,2
51,2025-02-01,2025-02-22,3,816.8768310546875,114.69120025634766,373.6575927734375,816.8768310546875,1334.310302734375,1814.6287841796875,log,2025-02-01,2025-02-22,3
51,2025-02-01,2025-03-01,4,481.864990234375,76.16020202636719,315.7391662597656,481.864990234375,1025.5970458984375,1723.905517578125,log,2025-02-01,2025-03-01,4
53,2025-02-01,2025-02-08,1,754.6957397460938,202.12408447265625,673.5014038085938,754.6957397460938,787.1231689453125,929.4834594726562,log,2025-02-01,2025-02-08,1
53,2025-02-01,2025-02-15,2,800.6539306640625,128.3726043701172,416.33740234375,800.6539306640625,815.9141235351562,914.1936645507812,log,2025-02-01,2025-02-15,2
53,2025-02-01,2025-02-22,3,519.45703125,96.4883041381836,259.52911376953125,519.45703125,536.9086303710938,927.0552368164062,log,2025-02-01,2025-02-22,3
53,2025-02-01,2025-03-01,4,304.1147155761719,69.2896499633789,160.74737548828125,304.1147155761719,620.37060546875,1060.0687255859375,log,2025-02-01,2025-03-01,4
54,2025-02-01,2025-02-08,1,335.69744873046875,163.1960906982422,324.4190673828125,335.69744873046875,371.4245300292969,452.9742736816406,log,2025-02-01,2025-02-08,1
54,2025-02-01,2025-02-15,2,327.4364929199219,89.63411712646484,225.44088745117188,327.4364929199219,390.58868408203125,584.420654296875,log,2025-02-01,2025-02-15,2
54,2025-02-01,2025-02-22,3,181.0536346435547,58.90443420410156,95.15985107421875,181.0536346435547,292.37713623046875,742.8350219726562,log,2025-02-01,2025-02-22,3
54,2025-02-01,2025-03-01,4,116.51077270507812,36.03507995605469,65.68574523925781,116.51077270507812,254.66514587402344,572.502197265625,log,2025-02-01,2025-03-01,4
55,2025-02-01,2025-02-08,1,1273.0926513671875,320.4,1080.610107421875,1273.0926513671875,1282.6368408203125,1747.2650146484375,log,2025-02-01,2025-02-08,1
55,2025-02-01,2025-02-15,2,1015.9482421875,130.5609588623047,783.8641357421875,1015.9482421875,1334.2039794921875,1824.8299560546875,log,2025-02-01,2025-02-15,2
55,2025-02-01,2025-02-22,3,680.1793823242188,100.27396392822266,384.8720397949219,680.1793823242188,1169.8150634765625,1687.4346923828125,log,2025-02-01,2025-02-22,3
55,2025-02-01,2025-03-01,4,429.2208251953125,62.09309768676758,225.827880859375,429.2208251953125,737.6608276367188,1423.94775390625,log,2025-02-01,2025-03-01,4
56,2025-02-01,2025-02-08,1,102.7531967163086,47.61347961425781,96.0335693359375,102.7531967163086,112.54505157470703,136.67755126953125,log,2025-02-01,2025-02-08,1
56,2025-02-01,2025-02-15,2,80.30462646484375,21.14068031311035,68.78602600097656,80.30462646484375,97.59406280517578,120.10980224609375,log,2025-02-01,2025-02-15,2
56,2025-02-01,2025-02-22,3,52.564918518066406,13.410077095031738,38.98748016357422,52.564918518066406,65.14155578613281,157.8884735107422,log,2025-02-01,2025-02-22,3
56,2025-02-01,2025-03-01,4,34.32857894897461,14.9097900390625,25.076866149902344,34.32857894897461,53.83377456665039,150.83750915527344,log,2025-02-01,2025-03-01,4
72,2025-02-01,2025-02-08,1,373.60345458984375,104.39999999999999,281.8626403808594,373.60345458984375,401.9308776855469,437.2008361816406,log,2025-02-01,2025-02-08,1
72,2025-02-01,2025-02-15,2,333.0844421386719,43.003623962402344,272.0776062011719,333.0844421386719,432.0925598144531,461.1553039550781,log,2025-02-01,2025-02-15,2
72,2025-02-01,2025-02-22,3,214.2774658203125,21.958789825439453,110.50786590576172,214.2774658203125,338.1335754394531,574.5645751953125,log,2025-02-01,2025-02-22,3
72,2025-02-01,2025-03-01,4,117.35615539550781,14.253230094909668,80.2989273071289,117.35615539550781,233.26028442382812,329.7650451660156,log,2025-02-01,2025-03-01,4
US,2025-02-01,2025-02-08,1,15750.9,15750.9,15750.9,15750.9,15750.9,15750.9,log,2025-02-01,2025-02-08,1
US,2025-02-01,2025-02-15,2,4489.0064999999995,4489.0064999999995,4489.0064999999995,4489.0064999999995,4489.0064999999995,4489.0064999999995,log,2025-02-01,2025-02-15,2
US,2025-02-01,2025-02-22,3,1453.9395751953125,1212.031755,1212.031755,1453.9395751953125,3302.177490234375,4077.654052734375,log,2025-02-01,2025-02-22,3
US,2025-02-01,2025-03-01,4,820.1535034179688,309.068097525,350.5179748535156,820.1535034179688,2467.0341796875,3732.535888671875,log,2025-02-01,2025-03-01,4
01,2025-02-08,2025-02-15,1,749.9365844726562,220.41868591308594,658.8128662109375,749.9365844726562,757.4035034179688,795.633056640625,log,2025-02-08,2025-02-15,1
01,2025-02-08,2025-02-22,2,860.049072265625,174.38584899902344,734.7662963867188,860.049072265625,865.2260131835938,1347.6065673828125,log,2025-02-08,2025-02-22,2
01,2025-02-08,2025-03-01,3,709.1105346679688,99.62450408935547,447.5738830566406,709.1105346679688,756.8428344726562,1064.1922607421875,log,2025-02-08,2025-03-01,3
01,2025-02-08,2025-03-08,4,428.68389892578125,94.3912353515625,229.73280334472656,428.68389892578125,472.01324462890625,975.888671875,log,2025-02-08,2025-03-08,4
02,2025-02-08,2025-02-15,1,25.055524826049805,9.793356895446777,20.82455062866211,25.055524826049805,31.230947494506836,47.05231857299805,log,2025-02-08,2025-02-15,1
02,2025-02-08,2025-02-22,2,27.578847885131836,6.156174182891846,22.451784133911133,27.578847885131836,35.765220642089844,69.96434020996094,log,2025-02-08,2025-02-22,2
02,2025-02-08,2025-03-01,3,29.089168548583984,4.904653549194336,18.523345947265625,29.089168548583984,33.87751007080078,65.69922637939453,log,2025-02-08,2025-03-01,3
02,2025-02-08,2025-03-08,4,20.308242797851562,2.92293643951416,15.54033374786377,20.308242797851562,34.65744400024414,60.538455963134766,log,2025-02-08,2025-03-08,4
04,2025-02-08,2025-02-15,1,921.93603515625,250.79999999999998,679.9942626953125,921.93603515625,968.081298828125,1239.29443359375,log,2025-02-08,2025-02-15,1
04,2025-02-08,2025-02-22,2,773.3269653320312,88.74771881103516,653.0014038085938,773.3269653320312,845.6280517578125,1332.65576171875,log,2025-02-08,2025-02-22,2
04,2025-02-08,2025-03-01,3,585.3397827148438,57.59428787231445,394.8424072265625,585.3397827148438,824.100830078125,1182.4283447265625,log,2025-02-08,2025-03-01,3
04,2025-02-08,2025-03-08,4,397.2069396972656,41.289306640625,202.77288818359375,397.2069396972656,786.3009643554688,875.64453125,log,2025-02-08,2025-03-08,4
05,2025-02-08,2025-02-15,1,863.01611328125,261.1274719238281,833.9558715820312,863.01611328125,963.7183227539062,1320.23193359375,log,2025-02-08,2025-02-15,1
05,2025-02-08,2025-02-22,2,1131.9151611328125,187.83999633789062,967.3694458007812,1131.9151611328125,1181.4232177734375,1267.8277587890625,log,2025-02-08,2025-02-22,2
05,2025-02-08,2025-03-01,3,1058.333740234375,108.53422546386719,663.3815307617188,1058.333740234375,1568.384033203125,1767.0289306640625,log,2025-02-08,2025-03-01,3
05,2025-02-08,2025-03-08,4,746.0935668945312,81.28604888916016,315.2447509765625,746.0935668945312,1209.7955322265625,1822.2425537109375,log,2025-02-08,2025-03-08,4
06,2025-02-08,2025-02-15,1,1995.4937744140625,1098.6,1519.397216796875,1995.4937744140625,2418.989990234375,2440.390380859375,log,2025-02-08,2025-02-15,1
06,2025-02-08,2025-02-22,2,2249.9091796875,313.10099999999994,1363.8790283203125,2249.9091796875,2567.64501953125,3120.750732421875,log,2025-02-08,2025-02-22,2
06,2025-02-08,2025-03-01,3,1837.7747802734375,89.33890533447266,821.9436645507812,1837.7747802734375,2173.726318359375,2608.4560546875,log,2025-02-08,2025-03-01,3
06,2025-02-08,2025-03-08,4,907.83740234375,78.02116394042969,501.1623840332031,907.83740234375,1804.37255859375,1881.3720703125,log,2025-02-08,2025-03-08,4
08,2025-02-08,2025-02-15,1,750.1589965820312,261.1274719238281,683.7848510742188,750.1589965820312,834.7026977539062,963.9166259765625,log,2025-02-08,2025-02-15,1
08,2025-02-08,2025-02-22,2,1043.8555908203125,186.44647216796875,817.7766723632812,1043.8555908203125,1053.1934814453125,1199.7596435546875,log,2025-02-08,2025-02-22,2
08,2025-02-08,2025-03-01,3,951.4566040039062,110.46368408203125,538.0247802734375,951.4566040039062,1187.5888671875,1270.6873779296875,log,2025-02-08,2025-03-01,3
08,2025-02-08,2025-03-08,4,752.0137939453125,103.79895782470703,300.7430114746094,752.0137939453125,761.9148559570312,1147.33203125,log,2025-02-08,2025-03-08,4
09,2025-02-08,2025-02-15,1,620.3282470703125,258.39239501953125,605.0785522460938,620.3282470703125,695.939453125,844.9238891601562,log,2025-02-08,2025-02-15,1
09,2025-02-08,2025-02-22,2,660.4654541015625,183.86766052246094,595.75244140625,660.4654541015625,694.2310791015625,1055.04541015625,log,2025-02-08,2025-02-22,2
09,2025-02-08,2025-03-01,3,511.55889892578125,103.75069427490234,424.2159118652344,511.55889892578125,718.960205078125,1148.4951171875,log,2025-02-08,2025-03-01,3
09,2025-02-08,2025-03-08,4,399.3686828613281,70.49824523925781,198.47665405273438,399.3686828613281,569.8782958984375,1329.0118408203125,log,2025-02-08,2025-03-08,4
10,2025-02-08,2025-02-15,1,247.7706756591797,162.43222045898438,238.0514678955078,247.7706756591797,320.2233581542969,394.8805236816406,log,2025-02-08,2025-02-15,1
10,2025-02-08,2025-02-22,2,290.4715881347656,92.93571472167969,214.5298309326172,290.4715881347656,352.3261413574219,774.7986450195312,log,2025-02-08,2025-02-22,2
10,2025-02-08,2025-03-01,3,189.41993713378906,56.53403854370117,137.6442108154297,189.41993713378906,343.50469970703125,650.7993774414062,log,2025-02-08,2025-03-01,3
10,2025-02-08,2025-03-08,4,85.02340698242188,27.24832534790039,47.39466094970703,85.02340698242188,199.92434692382812,581.4602661132812,log,2025-02-08,2025-03-08,4
11,2025-02-08,2025-02-15,1,290.91082763671875,135.30389404296875,267.3375244140625,290.91082763671875,342.81463623046875,503.1730041503906,log,2025-02-08,2025-02-15,1
11,2025-02-08,2025-02-22,2,271.4551086425781,74.66783142089844,224.3376922607422,271.4551086425781,361.6239318847656,693.7088012695312,log,2025-02-08,2025-02-22,2
11,2025-02-08,2025-03-01,3,202.38072204589844,49.27866744995117,137.48715209960938,202.38072204589844,362.64642333984375,569.7596435546875,log,2025-02-08,2025-03-01,3
11,2025-02-08,2025-03-08,4,85.10092163085938,20.46933937072754,55.68858337402344,85.10092163085938,211.466064453125,603.6759033203125,log,2025-02-08,2025-03-08,4
12,2025-02-08,2025-02-15,1,2456.378662109375,1004.6999999999999,1754.8349609375,2456.378662109375,2660.01318359375,2962.333251953125,log,2025-02-08,2025-02-15,1
12,2025-02-08,2025-02-22,2,2191.1015625,286.33949999999993,1497.2767333984375,2191.1015625,3095.193115234375,3973.8779296875,log,2025-02-08,2025-02-22,2
12,2025-02-08,2025-03-01,3,1848.6810302734375,98.82715606689453,986.0150146484375,1848.6810302734375,3270.398193359375,4197.76416015625,log,2025-02-08,2025-03-01,3
12,2025-02-08,2025-03-08,4,1042.991455078125,96.65128326416016,549.5584716796875,1042.991455078125,1997.7073974609375,4644.16650390625,log,2025-02-08,2025-03-08,4
13,2025-02-08,2025-02-15,1,1705.4925537109375,390.3,1340.756103515625,1705.4925537109375,1736.3883056640625,1773.9749755859375,log,2025-02-08,2025-02-15,1
13,2025-02-08,2025-02-22,2,1777.3154296875,176.7869415283203,1297.2725830078125,1777.3154296875,2095.5478515625,2319.755615234375,log,2025-02-08,2025-02-22,2
13,2025-02-08,2025-03-01,3,1621.723876953125,96.73736572265625,852.79248046875,1621.723876953125,2266.218994140625,2417.0693359375,log,2025-02-08,2025-03-01,3
13,2025-02-08,2025-03-08,4,953.7683715820312,96.05268096923828,422.0196228027344,953.7683715820312,1663.455810546875,2397.08984375,log,2025-02-08,2025-03-08,4
15,2025-02-08,2025-02-15,1,85.28739929199219,37.088436126708984,68.46501922607422,85.28739929199219,88.79129028320312,121.56493377685547,log,2025-02-08,2025-02-15,1
15,2025-02-08,2025-02-22,2,81.39515686035156,17.025497436523438,69.76631927490234,81.39515686035156,94.40534210205078,148.88397216796875,log,2025-02-08,2025-02-22,2
15,2025-02-08,2025-03-01,3,66.68113708496094,11.06605052947998,38.30165100097656,66.68113708496094,98.94637298583984,125.58399963378906,log,2025-02-08,2025-03-01,3
15,2025-02-08,2025-03-08,4,41.35796356201172,6.529140949249268,32.71580505371094,41.35796356201172,60.66596984863281,106.72227478027344,log,2025-02-08,2025-03-08,4
16,2025-02-08,2025-02-15,1,209.31283569335938,141.56668090820312,173.80540466308594,209.31283569335938,215.45677185058594,245.3858642578125,log,2025-02-08,2025-02-15,1
16,2025-02-08,2025-02-22,2,214.5979766845703,105.12438201904297,195.59121704101562,214.5979766845703,249.97645568847656,368.42657470703125,log,2025-02-08,2025-02-22,2
16,2025-02-08,2025-03-01,3,226.3091583251953,64.970458984375,146.9897918701172,226.3091583251953,274.3302917480469,459.4125671386719,log,2025-02-08,2025-03-01,3
16,2025-02-08,2025-03-08,4,135.38523864746094,66.18816375732422,90.63555908203125,135.38523864746094,222.6940460205078,382.52862548828125,log,2025-02-08,2025-03-08,4
17,2025-02-08,2025-02-15,1,2862.049072265625,710.6999999999999,2159.715087890625,2862.049072265625,3027.01953125,3831.39599609375,log,2025-02-08,2025-02-15,1
17,2025-02-08,2025-02-22,2,3256.550537109375,202.54949999999997,1858.25244140625,3256.550537109375,3767.38818359375,3912.984619140625,log,2025-02-08,2025-02-22,2
17,2025-02-08,2025-03-01,3,2266.878662109375,101.22797393798828,1026.32568359375,2266.878662109375,3127.280517578125,3646.862548828125,log,2025-02-08,2025-03-01,3
17,2025-02-08,2025-03-08,4,1102.8563232421875,97.94729614257812,377.21759033203125,1102.8563232421875,2498.531982421875,3287.7060546875,log,2025-02-08,2025-03-08,4
18,2025-02-08,2025-02-15,1,2243.8798828125,513.3,2018.779296875,2243.8798828125,2539.8544921875,3487.76416015625,log,2025-02-08,2025-02-15,1
18,2025-02-08,2025-02-22,2,3129.0830078125,187.83999633789062,1992.12939453125,3129.0830078125,3418.338134765625,4271.4775390625,log,2025-02-08,2025-02-22,2
18,2025-02-08,2025-03-01,3,2476.4541015625,106.93364715576172,1284.08154296875,2476.4541015625,3525.056396484375,4027.99951171875,log,2025-02-08,2025-03-01,3
18,2025-02-08,2025-03-08,4,1388.81787109375,101.5602798461914,667.3303833007812,1388.81787109375,2627.743896484375,4257.40673828125,log,2025-02-08,2025-03-08,4
19,2025-02-08,2025-02-15,1,704.0471801757812,258.39239501953125,691.0066528320312,704.0471801757812,822.9681396484375,954.7144775390625,log,2025-02-08,2025-02-15,1
19,2025-02-08,2025-02-22,2,728.387451171875,181.37094116210938,568.9730834960938,728.387451171875,786.4458618164062,1070.726318359375,log,2025-02-08,2025-02-22,2
19,2025-02-08,2025-03-01,3,514.3743896484375,90.19355773925781,387.0658264160156,514.3743896484375,710.3478393554688,1231.181396484375,log,2025-02-08,2025-03-01,3
19,2025-02-08,2025-03-08,4,395.84027099609375,68.87159729003906,207.06044006347656,395.84027099609375,604.79248046875,1452.0640869140625,log,2025-02-08,2025-03-08,4
20,2025-02-08,2025-02-15,1,569.2207641601562,254.3094024658203,497.5929870605469,569.2207641601562,579.8690185546875,799.878662109375,log,2025-02-08,2025-02-15,1
20,2025-02-08,2025-02-22,2,556.4152221679688,182.00363159179688,418.04473876953125,556.4152221679688,612.5828857421875,984.9664916992188,log,2025-02-08,2025-02-22,2
20,2025-02-08,2025-03-01,3,396.9766845703125,99.57682800292969,274.50140380859375,396.9766845703125,575.5430297851562,1055.8216552734375,log,2025-02-08,2025-03-01,3
20,2025-02-08,2025-03-08,4,260.70147705078125,82.71831512451172,155.5802764892578,260.70147705078125,520.7901611328125,1355.6650390625,log,2025-02-08,2025-03-08,4
21,2025-02-08,2025-02-15,1,1515.1641845703125,358.8,1309.8824462890625,1515.1641845703125,1647.0894775390625,2128.2216796875,log,2025-02-08,2025-02-15,1
21,2025-02-08,2025-02-22,2,1728.3585205078125,187.83999633789062,1252.671875,1728.3585205078125,2140.92626953125,2457.681884765625,log,2025-02-08,2025-02-22,2
21,2025-02-08,2025-03-01,3,1507.0885009765625,106.53561401367188,831.8702392578125,1507.0885009765625,2065.9296875,2693.170654296875,log,2025-02-08,2025-03-01,3
21,2025-02-08,2025-03-08,4,944.5322265625,101.5602798461914,402.6385192871094,944.5322265625,1861.3189697265625,2306.3291015625,log,2025-02-08,2025-03-08,4
22,2025-02-08,2025-02-15,1,491.2930908203125,181.99456787109375,478.68267822265625,491.2930908203125,617.047119140625,670.1259765625,log,2025-02-08,2025-02-15,1
22,2025-02-08,2025-02-22,2,545.5986328125,133.98095703125,482.0943603515625,545.5986328125,582.94189453125,1025.43896484375,log,2025-02-08,2025-02-22,2
22,2025-02-08,2025-03-01,3,383.4002990722656,85.28817749023438,317.1229248046875,383.4002990722656,479.63629150390625,833.2601928710938,log,2025-02-08,2025-03-01,3
22,2025-02-08,2025-03-08,4,231.8993377685547,70.36495971679688,206.34933471679688,231.8993377685547,432.6498718261719,752.162109375,log,2025-02-08,2025-03-08,4
23,2025-02-08,2025-02-15,1,272.8541259765625,160.2080078125,252.65000915527344,272.8541259765625,276.5760192871094,372.72869873046875,log,2025-02-08,2025-02-15,1
23,2025-02-08,2025-02-22,2,303.2221374511719,102.69933319091797,264.5137023925781,303.2221374511719,351.8281555175781,674.6766357421875,log,2025-02-08,2025-02-22,2
23,2025-02-08,2025-03-01,3,223.31655883789062,66.32080078125,160.01034545898438,223.31655883789062,336.45660400390625,619.5353393554688,log,2025-02-08,2025-03-01,3
23,2025-02-08,2025-03-08,4,135.71365356445312,46.66231155395508,83.60723114013672,135.71365356445312,236.0368194580078,625.7830200195312,log,2025-02-08,2025-03-08,4
24,2025-02-08,2025-02-15,1,1217.9078369140625,325.8,1175.2469482421875,1217.9078369140625,1382.9407958984375,2076.656982421875,log,2025-02-08,2025-02-15,1
24,2025-02-08,2025-02-22,2,1419.9425048828125,185.28961181640625,1077.3380126953125,1419.9425048828125,1421.271728515625,2341.772705078125,log,2025-02-08,2025-02-22,2
24,2025-02-08,2025-03-01,3,1135.35400390625,109.66189575195312,628.4222412109375,1135.35400390625,1262.358642578125,1983.535400390625,log,2025-02-08,2025-03-01,3
24,2025-02-08,2025-03-08,4,648.3932495117188,101.5602798461914,307.24151611328125,648.3932495117188,969.9716796875,1812.15087890625,log,2025-02-08,2025-03-08,4
25,2025-02-08,2025-02-15,1,2136.4521484375,491.09999999999997,1959.745361328125,2136.4521484375,2496.816162109375,3409.9970703125,log,2025-02-08,2025-02-15,1
25,2025-02-08,2025-02-22,2,3027.969970703125,187.83999633789062,1834.062744140625,3027.969970703125,3388.669189453125,4100.05419921875,log,2025-02-08,2025-02-22,2
25,2025-02-08,2025-03-01,3,2578.3232421875,108.87477111816406,1216.4603271484375,2578.3232421875,3261.35693359375,4119.02734375,log,2025-02-08,2025-03-01,3
25,2025-02-08,2025-03-08,4,1623.0057373046875,101.5602798461914,667.88134765625,1623.0057373046875,2680.07958984375,3938.272705078125,log,2025-02-08,2025-03-08,4
26,2025-02-08,2025-02-15,1,2575.300537109375,516.3,2299.860107421875,2575.300537109375,3129.548583984375,3826.720703125,log,2025-02-08,2025-02-15,1
26,2025-02-08,2025-02-22,2,3168.021728515625,186.44647216796875,2006.046875,3168.021728515625,3608.79833984375,4271.4775390625,log,2025-02-08,2025-02-22,2
26,2025-02-08,2025-03-01,3,2589.255615234375,106.55725860595703,1208.8236083984375,2589.255615234375,3746.415771484375,4066.544677734375,log,2025-02-08,2025-03-01,3
26,2025-02-08,2025-03-08,4,1456.601806640625,101.5602798461914,638.203125,1456.601806640625,2864.981689453125,4426.96630859375,log,2025-02-08,2025-03-08,4
27,2025-02-08,2025-02-15,1,686.36572265625,209.7,572.7213134765625,686.36572265625,704.8427124023438,880.5805053710938,log,2025-02-08,2025-02-15,1
27,2025-02-08,2025-02-22,2,649.7298583984375,88.74771881103516,472.5260009765625,649.7298583984375,774.8515625,1127.13623046875,log,2025-02-08,2025-02-22,2
27,2025-02-08,2025-03-01,3,499.5057373046875,57.24635696411133,310.2634582519531,499.5057373046875,683.4779663085938,1032.5003662109375,log,2025-02-08,2025-03-01,3
27,2025-02-08,2025-03-08,4,358.0708312988281,45.273399353027344,219.22683715820312,358.0708312988281,702.2515258789062,820.2545166015625,log,2025-02-08,2025-03-08,4
28,2025-02-08,2025-02-15,1,555.6831665039062,231.474609375,543.941162109375,555.6831665039062,586.8641357421875,674.4691772460938,log,2025-02-08,2025-02-15,1
28,2025-02-08,2025-02-22,2,586.9799194335938,174.38584899902344,499.68524169921875,586.9799194335938,633.5763549804688,1053.6439208984375,log,2025-02-08,2025-02-22,2
28,2025-02-08,2025-03-01,3,457.86761474609375,91.77047729492188,355.73583984375,457.86761474609375,752.82568359375,1126.2640380859375,log,2025-02-08,2025-03-01,3
28,2025-02-08,2025-03-08,4,330.2101135253906,84.88008117675781,206.88690185546875,330.2101135253906,547.559814453125,1400.4705810546875,log,2025-02-08,2025-03-08,4
29,2025-02-08,2025-02-15,1,1693.449951171875,400.5,1475.6785888671875,1693.449951171875,1821.7305908203125,2525.611328125,log,2025-02-08,2025-02-15,1
29,2025-02-08,2025-02-22,2,2506.457275390625,186.44647216796875,1563.7198486328125,2506.457275390625,2699.318359375,2872.695556640625,log,2025-02-08,2025-02-22,2
29,2025-02-08,2025-03-01,3,1918.51220703125,101.83936309814453,963.3885498046875,1918.51220703125,2445.2509765625,2783.946533203125,log,2025-02-08,2025-03-01,3
29,2025-02-08,2025-03-08,4,1079.4874267578125,101.5602798461914,435.98248291015625,1079.4874267578125,2124.17041015625,2726.418701171875,log,2025-02-08,2025-03-08,4
30,2025-02-08,2025-02-15,1,217.92236328125,139.18997192382812,207.9606475830078,217.92236328125,221.37826538085938,325.4132385253906,log,2025-02-08,2025-02-15,1
30,2025-02-08,2025-02-22,2,228.92161560058594,86.60419464111328,227.5218963623047,228.92161560058594,268.5654602050781,538.4127807617188,log,2025-02-08,2025-02-22,2
30,2025-02-08,2025-03-01,3,202.2710723876953,53.46900177001953,130.66885375976562,202.2710723876953,289.24359130859375,507.1762390136719,log,2025-02-08,2025-03-01,3
30,2025-02-08,2025-03-08,4,127.37347412109375,37.70551300048828,79.26763153076172,127.37347412109375,204.42271423339844,504.16156005859375,log,2025-02-08,2025-03-08,4
31,2025-02-08,2025-02-15,1,324.4383239746094,195.5708770751953,301.65948486328125,324.4383239746094,381.7753601074219,536.665283203125,log,2025-02-08,2025-02-15,1
31,2025-02-08,2025-02-22,2,323.3812255859375,150.98883056640625,274.1441955566406,323.3812255859375,372.81085205078125,810.0343017578125,log,2025-02-08,2025-02-22,2
31,2025-02-08,2025-03-01,3,264.9681091308594,75.24740600585938,164.87351989746094,264.9681091308594,408.9253234863281,852.7415771484375,log,2025-02-08,2025-03-01,3
31,2025-02-08,2025-03-08,4,136.43603515625,49.248600006103516,68.53132629394531,136.43603515625,221.5164794921875,677.6156005859375,log,2025-02-08,2025-03-08,4
32,2025-02-08,2025-02-15,1,209.4486541748047,108.59415435791016,188.59129333496094,209.4486541748047,245.298828125,302.4532775878906,log,2025-02-08,2025-02-15,1
32,2025-02-08,2025-02-22,2,271.7853088378906,97.8755111694336,233.1055145263672,271.7853088378906,312.81304931640625,500.2361145019531,log,2025-02-08,2025-02-22,2
32,2025-02-08,2025-03-01,3,202.0253143310547,46.069252014160156,135.96395874023438,202.0253143310547,381.140869140625,464.1931457519531,log,2025-02-08,2025-03-01,3
32,2025-02-08,2025-03-08,4,155.35279846191406,39.39072036743164,92.88775634765625,155.35279846191406,261.7572021484375,367.4728698730469,log,2025-02-08,2025-03-08,4
33,2025-02-08,2025-02-15,1,251.00489807128906,152.0276641845703,226.91433715820312,251.00489807128906,253.26991271972656,335.4828796386719,log,2025-02-08,2025-02-15,1
33,2025-02-08,2025-02-22,2,282.3813171386719,102.86551666259766,240.6334686279297,282.3813171386719,288.1556091308594,535.0310668945312,log,2025-02-08,2025-02-22,2
33,2025-02-08,2025-03-01,3,202.92764282226562,56.02305221557617,130.74288940429688,202.92764282226562,276.7886657714844,578.68310546875,log,2025-02-08,2025-03-01,3
33,2025-02-08,2025-03-08,4,98.94042205810547,28.51722526550293,67.4022445678711,98.94042205810547,183.69972229003906,460.32391357421875,log,2025-02-08,2025-03-08,4
34,2025-02-08,2025-02-15,1,2365.666015625,566.4,1867.8599853515625,2365.666015625,2583.707275390625,3287.110107421875,log,2025-02-08,2025-02-15,1
34,2025-02-08,2025-02-22,2,2569.50634765625,186.44647216796875,1698.56884765625,2569.50634765625,3047.243408203125,3096.477783203125,log,2025-02-08,2025-02-22,2
34,2025-02-08,2025-03-01,3,2073.5595703125,100.8714828491211,992.5327758789062,2073.5595703125,2653.55615234375,2785.134033203125,log,2025-02-08,2025-03-01,3
34,2025-02-08,2025-03-08,4,1118.8599853515625,97.94729614257812,428.6873779296875,1118.8599853515625,2485.640625,3571.717529296875,log,2025-02-08,2025-03-08,4
35,2025-02-08,2025-02-15,1,220.45362854003906,98.63679504394531,193.22267150878906,220.45362854003906,265.5065002441406,315.2878723144531,log,2025-02-08,2025-02-15,1
35,2025-02-08,2025-02-22,2,229.2305450439453,69.5346450805664,167.9291534423828,229.2305450439453,269.8500671386719,337.9232482910156,log,2025-02-08,2025-02-22,2
35,2025-02-08,2025-03-01,3,183.25418090820312,45.238155364990234,122.04956817626953,183.25418090820312,260.92333984375,285.9735412597656,log,2025-02-08,2025-03-01,3
35,2025-02-08,2025-03-08,4,135.66281127929688,35.977542877197266,85.156494140625,135.66281127929688,215.2863311767578,271.9109802246094,log,2025-02-08,2025-03-08,4
36,2025-02-08,2025-02-15,1,2112.779541015625,882.6,1629.07666015625,2112.779541015625,2528.028076171875,2752.34228515625,log,2025-02-08,2025-02-15,1
36,2025-02-08,2025-02-22,2,2074.186767578125,251.541,1433.560546875,2074.186767578125,2614.025390625,3251.354248046875,log,2025-02-08,2025-02-22,2
36,2025-02-08,2025-03-01,3,1927.2088623046875,97.54278564453125,909.7692260742188,1927.2088623046875,2412.593017578125,3319.713623046875,log,2025-02-08,2025-03-01,3
36,2025-02-08,2025-03-08,4,984.2362060546875,92.63372039794922,469.08343505859375,984.2362060546875,1841.9539794921875,2452.349853515625,log,2025-02-08,2025-03-08,4
37,2025-02-08,2025-02-15,1,2901.4638671875,684.0,2147.424560546875,2901.4638671875,3017.723876953125,3786.537841796875,log,2025-02-08,2025-02-15,1
37,2025-02-08,2025-02-22,2,3072.337890625,194.93999999999997,1793.7532958984375,3072.337890625,3109.434326171875,3727.067138671875,log,2025-02-08,2025-02-22,2
37,2025-02-08,2025-03-01,3,2530.116455078125,106.55725860595703,1039.2705078125,2530.116455078125,2771.326416015625,3325.37744140625,log,2025-02-08,2025-03-01,3
37,2025-02-08,2025-03-08,4,1226.7159423828125,101.5602798461914,434.1468505859375,1226.7159423828125,2161.636474609375,3284.40185546875,log,2025-02-08,2025-03-08,4
38,2025-02-08,2025-02-15,1,159.92098999023438,103.52357482910156,155.23631286621094,159.92098999023438,164.33370971679688,232.09510803222656,log,2025-02-08,2025-02-15,1
38,2025-02-08,2025-02-22,2,185.39979553222656,74.57086944580078,174.6444549560547,185.39979553222656,189.2418670654297,425.7843017578125,log,2025-02-08,2025-02-22,2
38,2025-02-08,2025-03-01,3,152.2024383544922,29.86157989501953,102.85902404785156,152.2024383544922,244.3529815673828,398.7510070800781,log,2025-02-08,2025-03-01,3
38,2025-02-08,2025-03-08,4,83.85813903808594,19.904544830322266,57.33004379272461,83.85813903808594,146.68215942382812,392.6883850097656,log,2025-02-08,2025-03-08,4
39,2025-02-08,2025-02-15,1,3125.505859375,980.6999999999999,2329.615478515625,3125.505859375,3282.033935546875,4092.1533203125,log,2025-02-08,2025-02-15,1
39,2025-02-08,2025-02-22,2,3543.880615234375,279.49949999999995,1974.287109375,3543.880615234375,4164.326171875,4536.17626953125,log,2025-02-08,2025-02-22,2
39,2025-02-08,2025-03-01,3,2735.1005859375,104.35350799560547,1150.8682861328125,2735.1005859375,3777.230224609375,4181.0634765625,log,2025-02-08,2025-03-01,3
39,2025-02-08,2025-03-08,4,1533.5703125,101.5602798461914,611.402587890625,1533.5703125,3074.548583984375,4688.6875,log,2025-02-08,2025-03-08,4
40,2025-02-08,2025-02-15,1,1142.361083984375,322.8,1090.7694091796875,1142.361083984375,1162.800048828125,1569.3931884765625,log,2025-02-08,2025-02-15,1
40,2025-02-08,2025-02-22,2,1467.809814453125,178.108642578125,1155.2965087890625,1467.809814453125,1605.21337890625,2217.358154296875,log,2025-02-08,2025-02-22,2
40,2025-02-08,2025-03-01,3,1340.6248779296875,96.39653778076172,747.6790771484375,1340.6248779296875,1882.7799072265625,2925.46142578125,log,2025-02-08,2025-03-01,3
40,2025-02-08,2025-03-08,4,944.564697265625,96.05268096923828,517.0676879882812,944.564697265625,1676.597412109375,3879.893310546875,log,2025-02-08,2025-03-08,4
41,2025-02-08,2025-02-15,1,702.5281982421875,258.39239501953125,639.582275390625,702.5281982421875,788.7437744140625,888.1734008789062,log,2025-02-08,2025-02-15,1
41,2025-02-08,2025-02-22,2,815.9974975585938,183.9149169921875,550.3655395507812,815.9974975585938,828.983642578125,1114.955810546875,log,2025-02-08,2025-02-22,2
41,2025-02-08,2025-03-01,3,690.1519165039062,104.82911682128906,348.1415100097656,690.1519165039062,806.3782958984375,1379.150146484375,log,2025-02-08,2025-03-01,3
41,2025-02-08,2025-03-08,4,452.81304931640625,94.03855895996094,198.15826416015625,452.81304931640625,586.2219848632812,1750.2745361328125,log,2025-02-08,2025-03-08,4
42,2025-02-08,2025-02-15,1,3272.8388671875,1307.1,2311.04833984375,3272.8388671875,3307.64111328125,4108.44775390625,log,2025-02-08,2025-02-15,1
42,2025-02-08,2025-02-22,2,3432.83740234375,372.52349999999996,1892.34814453125,3432.83740234375,4227.6982421875,4536.17626953125,log,2025-02-08,2025-02-22,2
42,2025-02-08,2025-03-01,3,2746.106689453125,100.8714828491211,1079.124267578125,2746.106689453125,3830.88818359375,4080.401123046875,log,2025-02-08,2025-03-01,3
42,2025-02-08,2025-03-08,4,1506.965576171875,97.94729614257812,460.38134765625,1506.965576171875,2971.034912109375,4364.5908203125,log,2025-02-08,2025-03-08,4
44,2025-02-08,2025-02-15,1,224.5187225341797,148.1083221435547,218.93814086914062,224.5187225341797,236.19827270507812,346.8823547363281,log,2025-02-08,2025-02-15,1
44,2025-02-08,2025-02-22,2,241.35604858398438,88.92030334472656,203.9355926513672,241.35604858398438,274.9268493652344,557.8755493164062,log,2025-02-08,2025-02-22,2
44,2025-02-08,2025-03-01,3,182.3589630126953,50.60759353637695,104.33949279785156,182.3589630126953,262.3013916015625,610.801025390625,log,2025-02-08,2025-03-01,3
44,2025-02-08,2025-03-08,4,91.00360107421875,25.10667610168457,46.82692337036133,91.00360107421875,185.50782775878906,482.28009033203125,log,2025-02-08,2025-03-08,4
45,2025-02-08,2025-02-15,1,1367.635498046875,372.3,1325.0426025390625,1367.635498046875,1565.5526123046875,1860.750732421875,log,2025-02-08,2025-02-15,1
45,2025-02-08,2025-02-22,2,1247.1043701171875,178.108642578125,1032.057373046875,1247.1043701171875,1381.827880859375,1994.30029296875,log,2025-02-08,2025-02-22,2
45,2025-02-08,2025-03-01,3,1418.5223388671875,93.64271545410156,902.4131469726562,1418.5223388671875,1590.037841796875,2091.871337890625,log,2025-02-08,2025-03-01,3
45,2025-02-08,2025-03-08,4,794.747314453125,96.05268096923828,387.4772033691406,794.747314453125,1621.053955078125,2366.757568359375,log,2025-02-08,2025-03-08,4
46,2025-02-08,2025-02-15,1,249.89341735839844,116.91519165039062,216.86297607421875,249.89341735839844,272.5878601074219,439.3801574707031,log,2025-02-08,2025-02-15,1
46,2025-02-08,2025-02-22,2,223.73495483398438,67.38992309570312,211.4055938720703,223.73495483398438,318.41766357421875,670.4022216796875,log,2025-02-08,2025-02-22,2
46,2025-02-08,2025-03-01,3,204.23855590820312,37.80093765258789,103.82679748535156,204.23855590820312,327.6192932128906,492.0711975097656,log,2025-02-08,2025-03-01,3
46,2025-02-08,2025-03-08,4,95.90692138671875,19.288545608520508,47.78602981567383,95.90692138671875,222.53463745117188,578.1255493164062,log,2025-02-08,2025-03-08,4
47,2025-02-08,2025-02-15,1,1300.324462890625,320.09999999999997,1085.1773681640625,1300.324462890625,1395.8125,1598.48291015625,log,2025-02-08,2025-02-15,1
47,2025-02-08,2025-02-22,2,1670.7218017578125,186.44647216796875,1187.763427734375,1670.7218017578125,1841.8616943359375,1920.1805419921875,log,2025-02-08,2025-02-22,2
47,2025-02-08,2025-03-01,3,1454.857666015625,104.97409057617188,590.4879760742188,1454.857666015625,1811.3858642578125,2194.060546875,log,2025-02-08,2025-03-01,3
47,2025-02-08,2025-03-08,4,845.9256591796875,99.80455017089844,311.9359130859375,845.9256591796875,1341.857666015625,2182.55859375,log,2025-02-08,2025-03-08,4
48,2025-02-08,2025-02-15,1,2582.989990234375,1278.3,1922.520751953125,2582.989990234375,2917.23974609375,3307.6474609375,log,2025-02-08,2025-02-15,1
48,2025-02-08,2025-02-22,2,2779.2919921875,364.31549999999993,1688.5631103515625,2779.2919921875,3413.93212890625,4073.583740234375,log,2025-02-08,2025-02-22,2
48,2025-02-08,2025-03-01,3,2391.199951171875,98.36518499999998,1068.23583984375,2391.199951171875,3626.059326171875,4174.76708984375,log,2025-02-08,2025-03-01,3
48,2025-02-08,2025-03-08,4,1208.313232421875,96.65128326416016,642.807373046875,1208.313232421875,2915.73193359375,4506.2978515625,log,2025-02-08,2025-03-08,4
49,2025-02-08,2025-02-15,1,210.2598419189453,99.61428833007812,187.00234985351562,210.2598419189453,226.20458984375,282.29388427734375,log,2025-02-08,2025-02-15,1
49,2025-02-08,2025-02-22,2,250.17221069335938,73.48217010498047,176.869873046875,250.17221069335938,268.0448913574219,493.4122314453125,log,2025-02-08,2025-02-22,2
49,2025-02-08,2025-03-01,3,192.4840087890625,41.20703125,96.64839172363281,192.4840087890625,321.0650634765625,420.2806396484375,log,2025-02-08,2025-03-01,3
49,2025-02-08,2025-03-08,4,115.55855560302734,30.305618286132812,61.93967056274414,115.55855560302734,257.3766784667969,388.9370422363281,log,2025-02-08,2025-03-08,4
50,2025-02-08,2025-02-15,1,155.45982360839844,94.09921264648438,136.31576538085938,155.45982360839844,176.44638061523438,292.4352111816406,log,2025-02-08,2025-02-15,1
50,2025-02-08,2025-02-22,2,162.603759765625,45.276248931884766,156.3455047607422,162.603759765625,200.6776580810547,445.2514343261719,log,2025-02-08,2025-02-22,2
50,2025-02-08,2025-03-01,3,146.74082946777344,25.270946502685547,80.1667251586914,146.74082946777344,203.61219787597656,363.2713928222656,log,2025-02-08,2025-03-01,3
50,2025-02-08,2025-03-08,4,66.57762145996094,15.47020149230957,39.32391357421875,66.57762145996094,141.6439208984375,337.3790588378906,log,2025-02-08,2025-03-08,4
51,2025-02-08,2025-02-15,1,1638.0430908203125,394.5,1532.1951904296875,1638.0430908203125,1776.90673828125,2366.280029296875,log,2025-02-08,2025-02-15,1
51,2025-02-08,2025-02-22,2,2227.231201171875,187.83999633789062,1543.2391357421875,2227.231201171875,2389.67431640625,2445.17041015625,log,2025-02-08,2025-02-22,2
51,2025-02-08,2025-03-01,3,2108.44482421875,106.55725860595703,1080.8731689453125,2108.44482421875,2501.161376953125,3086.044189453125,log,2025-02-08,2025-03-01,3
51,2025-02-08,2025-03-08,4,1036.302490234375,107.34037780761719,442.75982666015625,1036.302490234375,1889.0286865234375,2845.64404296875,log,2025-02-08,2025-03-08,4
53,2025-02-08,2025-02-15,1,883.4381713867188,258.39239501953125,742.1160888671875,883.4381713867188,1093.02685546875,1309.891845703125,log,2025-02-08,2025-02-15,1
53,2025-02-08,2025-02-22,2,1185.3516845703125,183.9149169921875,810.9630126953125,1185.3516845703125,1254.5921630859375,1932.54443359375,log,2025-02-08,2025-02-22,2
53,2025-02-08,2025-03-01,3,1053.2542724609375,103.44893646240234,532.1630249023438,1053.2542724609375,1088.7352294921875,1679.8836669921875,log,2025-02-08,2025-03-01,3
53,2025-02-08,2025-03-08,4,572.4092407226562,97.46415710449219,270.08856201171875,572.4092407226562,915.9658203125,1793.9766845703125,log,2025-02-08,2025-03-08,4
54,2025-02-08,2025-02-15,1,583.8880004882812,227.49803161621094,569.0942993164062,583.8880004882812,640.2726440429688,863.0441284179688,log,2025-02-08,2025-02-15,1
54,2025-02-08,2025-02-22,2,712.8851318359375,174.6022491455078,465.69329833984375,712.8851318359375,736.2093505859375,1011.0845336914062,log,2025-02-08,2025-02-22,2
54,2025-02-08,2025-03-01,3,485.8786926269531,105.44859313964844,316.9983825683594,485.8786926269531,611.0905151367188,1023.5597534179688,log,2025-02-08,2025-03-01,3
54,2025-02-08,2025-03-08,4,324.5301818847656,61.97182083129883,181.0073699951172,324.5301818847656,740.7378540039062,1180.369384765625,log,2025-02-08,2025-03-08,4
55,2025-02-08,2025-02-15,1,1355.8875732421875,345.9,1328.119140625,1355.8875732421875,1425.0169677734375,2022.3729248046875,log,2025-02-08,2025-02-15,1
55,2025-02-08,2025-02-22,2,1583.0130615234375,187.83999633789062,1172.135986328125,1583.0130615234375,1771.9635009765625,2088.815673828125,log,2025-02-08,2025-02-22,2
55,2025-02-08,2025-03-01,3,1684.602294921875,106.55725860595703,853.8613891601562,1684.602294921875,1879.6619873046875,2395.960205078125,log,2025-02-08,2025-03-01,3
55,2025-02-08,2025-03-08,4,987.3982543945312,101.5602798461914,358.4886779785156,987.3982543945312,1790.55712890625,2573.107421875,log,2025-02-08,2025-03-08,4
56,2025-02-08,2025-02-15,1,121.07679748535156,85.42884826660156,110.52568054199219,121.07679748535156,137.95733642578125,172.72532653808594,log,2025-02-08,2025-02-15,1
56,2025-02-08,2025-02-22,2,131.93104553222656,56.024192810058594,113.69950866699219,131.93104553222656,147.17047119140625,243.48410034179688,log,2025-02-08,2025-02-22,2
56,2025-02-08,2025-03-01,3,83.75566864013672,19.256206512451172,71.69801330566406,83.75566864013672,150.0407257080078,294.0063781738281,log,2025-02-08,2025-03-01,3
56,2025-02-08,2025-03-08,4,54.66401290893555,19.82316017150879,41.61204528808594,54.66401290893555,122.06675720214844,227.74081420898438,log,2025-02-08,2025-03-08,4
72,2025-02-08,2025-02-15,1,214.8361053466797,105.9416275024414,177.4234619140625,214.8361053466797,231.74546813964844,307.0834045410156,log,2025-02-08,2025-02-15,1
72,2025-02-08,2025-02-22,2,235.84022521972656,40.186893463134766,160.1514434814453,235.84022521972656,289.4638671875,380.048583984375,log,2025-02-08,2025-02-22,2
72,2025-02-08,2025-03-01,3,258.1420593261719,20.419443130493164,101.4680404663086,258.1420593261719,316.79254150390625,363.29412841796875,log,2025-02-08,2025-03-01,3
72,2025-02-08,2025-03-08,4,182.9921112060547,15.797133445739746,88.14199829101562,182.9921112060547,238.28639221191406,242.2998504638672,log,2025-02-08,2025-03-08,4
US,2025-02-08,2025-02-15,1,16657.5,16657.5,16657.5,16657.5,16657.5,16657.5,log,2025-02-08,2025-02-15,1
US,2025-02-08,2025-02-22,2,4747.3875,4747.3875,4747.3875,4747.3875,4747.3875,4747.3875,log,2025-02-08,2025-02-22,2
US,2025-02-08,2025-03-01,3,2394.03173828125,1281.794625,1281.794625,2394.03173828125,3937.9794921875,4195.41845703125,log,2025-02-08,2025-03-01,3
US,2025-02-08,2025-03-08,4,1304.7244873046875,326.857629375,531.8384399414062,1304.7244873046875,3181.34130859375,4729.16650390625,log,2025-02-08,2025-03-08,4
01,2025-02-15,2025-02-22,1,356.1337585449219,124.5,319.33404541015625,356.1337585449219,445.8399658203125,533.5343017578125,log,2025-02-15,2025-02-22,1
01,2025-02-15,2025-03-01,2,357.5787353515625,104.02422332763672,332.4936218261719,357.5787353515625,415.02685546875,682.8881225585938,log,2025-02-15,2025-03-01,2
01,2025-02-15,2025-03-08,3,502.5697021484375,83.6972885131836,290.3998718261719,502.5697021484375,598.3577880859375,931.8273315429688,log,2025-02-15,2025-03-08,3
01,2025-02-15,2025-03-15,4,305.1211242675781,49.689754486083984,202.39788818359375,305.1211242675781,500.52587890625,618.2958984375,log,2025-02-15,2025-03-15,4
02,2025-02-15,2025-02-22,1,56.13502502441406,21.338716506958008,43.08830642700195,56.13502502441406,77.12113189697266,88.08174133300781,log,2025-02-15,2025-02-22,1
02,2025-02-15,2025-03-01,2,58.78273010253906,16.64252471923828,48.853721618652344,58.78273010253906,69.35697937011719,120.5098648071289,log,2025-02-15,2025-03-01,2
02,2025-02-15,2025-03-08,3,53.35130310058594,18.335437774658203,44.18295669555664,53.35130310058594,78.32015228271484,142.6101837158203,log,2025-02-15,2025-03-08,3
02,2025-02-15,2025-03-15,4,39.87541961669922,11.319051742553711,34.073707580566406,39.87541961669922,76.81783294677734,165.1071014404297,log,2025-02-15,2025-03-15,4
04,2025-02-15,2025-02-22,1,874.6168212890625,213.29999999999998,697.5304565429688,874.6168212890625,920.7674560546875,968.0581665039062,log,2025-02-15,2025-02-22,1
04,2025-02-15,2025-03-01,2,779.8560791015625,104.14458465576172,563.5401000976562,779.8560791015625,821.5231323242188,1225.4737548828125,log,2025-02-15,2025-03-01,2
04,2025-02-15,2025-03-08,3,905.1298828125,74.71478271484375,432.675537109375,905.1298828125,995.1874389648438,1353.4188232421875,log,2025-02-15,2025-03-08,3
04,2025-02-15,2025-03-15,4,560.3524780273438,43.976802825927734,286.4868469238281,560.3524780273438,663.430908203125,973.565185546875,log,2025-02-15,2025-03-15,4
05,2025-02-15,2025-02-22,1,590.4921875,199.90594482421875,450.92913818359375,590.4921875,616.7206420898438,908.3975219726562,log,2025-02-15,2025-02-22,1
05,2025-02-15,2025-03-01,2,588.9806518554688,179.20388793945312,542.0604858398438,588.9806518554688,765.1072387695312,1365.1500244140625,log,2025-02-15,2025-03-01,2
05,2025-02-15,2025-03-08,3,764.3919067382812,159.17129516601562,522.384765625,764.3919067382812,1237.435302734375,1902.064697265625,log,2025-02-15,2025-03-08,3
05,2025-02-15,2025-03-15,4,728.466064453125,94.20238494873047,357.8060607910156,728.466064453125,1305.499267578125,1756.015869140625,log,2025-02-15,2025-03-15,4
06,2025-02-15,2025-02-22,1,1338.5198974609375,835.5,963.4097290039062,1338.5198974609375,1608.7879638671875,2078.762451171875,log,2025-02-15,2025-02-22,1
06,2025-02-15,2025-03-01,2,1011.7691040039062,238.11749999999998,918.498779296875,1011.7691040039062,1271.453369140625,1582.06005859375,log,2025-02-15,2025-03-01,2
06,2025-02-15,2025-03-08,3,1393.0604248046875,98.31689453125,565.5578002929688,1393.0604248046875,1494.503662109375,1547.52392578125,log,2025-02-15,2025-03-08,3
06,2025-02-15,2025-03-15,4,927.3699340820312,52.405784606933594,465.0030822753906,927.3699340820312,1139.7733154296875,1147.9735107421875,log,2025-02-15,2025-03-15,4
08,2025-02-15,2025-02-22,1,558.0362548828125,235.3802490234375,485.019287109375,558.0362548828125,589.7255249023438,694.4525756835938,log,2025-02-15,2025-02-22,1
08,2025-02-15,2025-03-01,2,679.198486328125,213.5511016845703,574.1478271484375,679.198486328125,748.2872924804688,1035.1817626953125,log,2025-02-15,2025-03-01,2
08,2025-02-15,2025-03-08,3,773.5160522460938,196.99095153808594,531.3742065429688,773.5160522460938,886.0424194335938,1105.5872802734375,log,2025-02-15,2025-03-08,3
08,2025-02-15,2025-03-15,4,605.3887329101562,115.25731658935547,371.83941650390625,605.3887329101562,704.48876953125,908.2708740234375,log,2025-02-15,2025-03-15,4
09,2025-02-15,2025-02-22,1,473.68890380859375,214.44229125976562,400.07720947265625,473.68890380859375,557.029541015625,588.679443359375,log,2025-02-15,2025-02-22,1
09,2025-02-15,2025-03-01,2,482.47967529296875,207.28756713867188,444.5833435058594,482.47967529296875,570.9147338867188,961.0282592773438,log,2025-02-15,2025-03-01,2
09,2025-02-15,2025-03-08,3,635.6549072265625,197.29547119140625,444.498779296875,635.6549072265625,671.8836059570312,1462.50634765625,log,2025-02-15,2025-03-08,3
09,2025-02-15,2025-03-15,4,397.6298522949219,101.43437957763672,278.9035949707031,397.6298522949219,562.24462890625,1035.4100341796875,log,2025-02-15,2025-03-15,4
10,2025-02-15,2025-02-22,1,223.60501098632812,148.35694885253906,194.8182373046875,223.60501098632812,279.0059814453125,367.673583984375,log,2025-02-15,2025-02-22,1
10,2025-02-15,2025-03-01,2,218.23126220703125,125.68067932128906,210.014892578125,218.23126220703125,283.215576171875,478.4350280761719,log,2025-02-15,2025-03-01,2
10,2025-02-15,2025-03-08,3,208.698486328125,105.31375885009766,156.72349548339844,208.698486328125,306.63580322265625,622.398193359375,log,2025-02-15,2025-03-08,3
10,2025-02-15,2025-03-15,4,134.82786560058594,40.65612030029297,96.68685913085938,134.82786560058594,267.3410949707031,558.63525390625,log,2025-02-15,2025-03-15,4
11,2025-02-15,2025-02-22,1,76.26005554199219,57.6453857421875,70.1272201538086,76.26005554199219,118.69021606445312,166.38546752929688,log,2025-02-15,2025-02-22,1
11,2025-02-15,2025-03-01,2,72.24642181396484,37.069740295410156,63.278621673583984,72.24642181396484,92.30960083007812,166.6819305419922,log,2025-02-15,2025-03-01,2
11,2025-02-15,2025-03-08,3,65.33150482177734,29.261249542236328,41.45187759399414,65.33150482177734,109.16173553466797,143.54747009277344,log,2025-02-15,2025-03-08,3
11,2025-02-15,2025-03-15,4,55.3199462890625,13.333996772766113,32.53615188598633,55.3199462890625,94.71450805664062,148.75738525390625,log,2025-02-15,2025-03-15,4
12,2025-02-15,2025-02-22,1,1395.6466064453125,784.1999999999999,971.2656860351562,1395.6466064453125,1723.0660400390625,2209.821533203125,log,2025-02-15,2025-02-22,1
12,2025-02-15,2025-03-01,2,1039.2724609375,223.49699999999996,983.537841796875,1039.2724609375,1272.4404296875,1601.6611328125,log,2025-02-15,2025-03-01,2
12,2025-02-15,2025-03-08,3,1211.7965087890625,92.10257720947266,619.5451049804688,1211.7965087890625,1267.9984130859375,1640.9703369140625,log,2025-02-15,2025-03-08,3
12,2025-02-15,2025-03-15,4,808.2276000976562,49.5536003112793,497.35125732421875,808.2276000976562,1086.169189453125,1262.5714111328125,log,2025-02-15,2025-03-15,4
13,2025-02-15,2025-02-22,1,644.00390625,220.2,501.4747314453125,644.00390625,740.0343627929688,972.0337524414062,log,2025-02-15,2025-02-22,1
13,2025-02-15,2025-03-01,2,654.0791015625,107.62696075439453,568.1664428710938,654.0791015625,813.1962280273438,1141.2037353515625,log,2025-02-15,2025-03-01,2
13,2025-02-15,2025-03-08,3,971.538330078125,64.90274047851562,384.799560546875,971.538330078125,1225.89013671875,1323.9093017578125,log,2025-02-15,2025-03-08,3
13,2025-02-15,2025-03-15,4,815.217529296875,42.9313850402832,338.3789978027344,815.217529296875,849.7047729492188,963.5366821289062,log,2025-02-15,2025-03-15,4
15,2025-02-15,2025-02-22,1,79.9879150390625,43.313053131103516,66.88352966308594,79.9879150390625,92.80876922607422,116.54216003417969,log,2025-02-15,2025-02-22,1
15,2025-02-15,2025-03-01,2,80.94851684570312,22.680402755737305,59.7222900390625,80.94851684570312,93.06964874267578,125.49307250976562,log,2025-02-15,2025-03-01,2
15,2025-02-15,2025-03-08,3,64.0085678100586,17.201961517333984,42.327877044677734,64.0085678100586,87.45836639404297,135.67330932617188,log,2025-02-15,2025-03-08,3
15,2025-02-15,2025-03-15,4,44.35343933105469,11.735225677490234,36.999290466308594,44.35343933105469,83.87631225585938,105.00537872314453,log,2025-02-15,2025-03-15,4
16,2025-02-15,2025-02-22,1,156.0449981689453,104.67127990722656,122.02527618408203,156.0449981689453,183.99368286132812,229.63247680664062,log,2025-02-15,2025-02-22,1
16,2025-02-15,2025-03-01,2,175.68161010742188,78.27806854248047,171.0240020751953,175.68161010742188,180.07394409179688,247.25057983398438,log,2025-02-15,2025-03-01,2
16,2025-02-15,2025-03-08,3,202.19944763183594,86.95868682861328,140.0682830810547,202.19944763183594,290.090576171875,301.36376953125,log,2025-02-15,2025-03-08,3
16,2025-02-15,2025-03-15,4,201.60133361816406,73.39662170410156,111.13700103759766,201.60133361816406,245.19068908691406,276.3559875488281,log,2025-02-15,2025-03-15,4
17,2025-02-15,2025-02-22,1,1979.585693359375,619.1999999999999,1306.400390625,1979.585693359375,2297.685546875,2928.40869140625,log,2025-02-15,2025-02-22,1
17,2025-02-15,2025-03-01,2,1441.6378173828125,179.20388793945312,1247.3001708984375,1441.6378173828125,1673.2490234375,2843.402587890625,log,2025-02-15,2025-03-01,2
17,2025-02-15,2025-03-08,3,1571.80615234375,161.47772216796875,846.959716796875,1571.80615234375,2257.97998046875,2999.009033203125,log,2025-02-15,2025-03-08,3
17,2025-02-15,2025-03-15,4,1198.7821044921875,99.63487243652344,526.6456909179688,1198.7821044921875,2086.25634765625,2511.080322265625,log,2025-02-15,2025-03-15,4
18,2025-02-15,2025-02-22,1,1714.723876953125,515.1,1486.8721923828125,1714.723876953125,2158.0693359375,2530.415771484375,log,2025-02-15,2025-02-22,1
18,2025-02-15,2025-03-01,2,1940.52392578125,226.38363647460938,1646.2928466796875,1940.52392578125,2501.580078125,3830.076904296875,log,2025-02-15,2025-03-01,2
18,2025-02-15,2025-03-08,3,2233.201904296875,218.05299377441406,1309.77490234375,2233.201904296875,3342.587158203125,4392.29833984375,log,2025-02-15,2025-03-08,3
18,2025-02-15,2025-03-15,4,1712.786865234375,114.8957748413086,802.2081298828125,1712.786865234375,2898.573974609375,4389.9482421875,log,2025-02-15,2025-03-15,4
19,2025-02-15,2025-02-22,1,452.9028625488281,245.69552612304688,417.5025939941406,452.9028625488281,529.33837890625,606.4122924804688,log,2025-02-15,2025-02-22,1
19,2025-02-15,2025-03-01,2,499.4971618652344,220.49746704101562,481.6147766113281,499.4971618652344,590.8716430664062,1066.46044921875,log,2025-02-15,2025-03-01,2
19,2025-02-15,2025-03-08,3,642.1958618164062,197.29547119140625,477.1838684082031,642.1958618164062,715.9591674804688,1476.54150390625,log,2025-02-15,2025-03-08,3
19,2025-02-15,2025-03-15,4,390.7560119628906,103.83694458007812,253.4830322265625,390.7560119628906,588.0662231445312,1140.0235595703125,log,2025-02-15,2025-03-15,4
20,2025-02-15,2025-02-22,1,530.5845336914062,264.75347900390625,480.7486572265625,530.5845336914062,584.298095703125,825.68359375,log,2025-02-15,2025-02-22,1
20,2025-02-15,2025-03-01,2,570.8970336914062,218.98460388183594,535.34375,570.8970336914062,581.7630615234375,1080.0960693359375,log,2025-02-15,2025-03-01,2
20,2025-02-15,2025-03-08,3,661.8278198242188,209.55726623535156,421.158203125,661.8278198242188,863.8120727539062,1401.0855712890625,log,2025-02-15,2025-03-08,3
20,2025-02-15,2025-03-15,4,358.0415344238281,114.48594665527344,250.7711639404297,358.0415344238281,700.5892333984375,1024.6756591796875,log,2025-02-15,2025-03-15,4
21,2025-02-15,2025-02-22,1,954.5800170898438,360.9,854.9933471679688,954.5800170898438,1179.6806640625,1643.14208984375,log,2025-02-15,2025-02-22,1
21,2025-02-15,2025-03-01,2,1335.3555908203125,226.38363647460938,1244.6197509765625,1335.3555908203125,1587.3453369140625,2282.31298828125,log,2025-02-15,2025-03-01,2
21,2025-02-15,2025-03-08,3,1325.098876953125,221.15304565429688,876.0659790039062,1325.098876953125,1904.518310546875,2587.090087890625,log,2025-02-15,2025-03-08,3
21,2025-02-15,2025-03-15,4,1174.6666259765625,114.8957748413086,654.11376953125,1174.6666259765625,1897.1898193359375,2616.162109375,log,2025-02-15,2025-03-15,4
22,2025-02-15,2025-02-22,1,374.2635192871094,117.41169738769531,337.05926513671875,374.2635192871094,467.7440185546875,538.8512573242188,log,2025-02-15,2025-02-22,1
22,2025-02-15,2025-03-01,2,418.4261779785156,102.10210418701172,306.1881408691406,418.4261779785156,426.591552734375,567.9114379882812,log,2025-02-15,2025-03-01,2
22,2025-02-15,2025-03-08,3,499.2222900390625,92.86698150634766,283.2306213378906,499.2222900390625,567.270751953125,833.3123168945312,log,2025-02-15,2025-03-08,3
22,2025-02-15,2025-03-15,4,288.2564392089844,48.64689254760742,179.238525390625,288.2564392089844,416.61669921875,519.1737060546875,log,2025-02-15,2025-03-15,4
23,2025-02-15,2025-02-22,1,288.3670654296875,168.40895080566406,254.4766082763672,288.3670654296875,339.0729675292969,502.8872375488281,log,2025-02-15,2025-02-22,1
23,2025-02-15,2025-03-01,2,322.8275146484375,137.66456604003906,317.0091552734375,322.8275146484375,385.6817626953125,634.4666137695312,log,2025-02-15,2025-03-01,2
23,2025-02-15,2025-03-08,3,306.99835205078125,142.1222686767578,262.1844177246094,306.99835205078125,486.8638000488281,808.0003662109375,log,2025-02-15,2025-03-08,3
23,2025-02-15,2025-03-15,4,230.80303955078125,68.78556060791016,135.45118713378906,230.80303955078125,353.5463562011719,738.0075073242188,log,2025-02-15,2025-03-15,4
24,2025-02-15,2025-02-22,1,862.1674194335938,324.3,841.4889526367188,862.1674194335938,1101.6427001953125,1387.9466552734375,log,2025-02-15,2025-02-22,1
24,2025-02-15,2025-03-01,2,894.9212646484375,220.49746704101562,874.4464721679688,894.9212646484375,962.2598266601562,1788.444091796875,log,2025-02-15,2025-03-01,2
24,2025-02-15,2025-03-08,3,1044.1116943359375,197.29547119140625,711.5611572265625,1044.1116943359375,1240.8289794921875,2247.6220703125,log,2025-02-15,2025-03-08,3
24,2025-02-15,2025-03-15,4,648.6019897460938,109.36436462402344,385.5904846191406,648.6019897460938,1097.0369873046875,1584.9561767578125,log,2025-02-15,2025-03-15,4
25,2025-02-15,2025-02-22,1,1631.7386474609375,456.59999999999997,1375.19140625,1631.7386474609375,1740.0482177734375,2257.818359375,log,2025-02-15,2025-02-22,1
25,2025-02-15,2025-03-01,2,1773.7896728515625,224.24766540527344,1459.420166015625,1773.7896728515625,2201.51513671875,3415.24169921875,log,2025-02-15,2025-03-01,2
25,2025-02-15,2025-03-08,3,1862.8851318359375,203.02734375,1196.2537841796875,1862.8851318359375,2688.13427734375,3505.369140625,log,2025-02-15,2025-03-08,3
25,2025-02-15,2025-03-15,4,1403.60693359375,106.79415893554688,747.3546752929688,1403.60693359375,2285.025634765625,3209.49267578125,log,2025-02-15,2025-03-15,4
26,2025-02-15,2025-02-22,1,2051.0029296875,540.0,1753.358642578125,2051.0029296875,2552.37060546875,3510.535888671875,log,2025-02-15,2025-02-22,1
26,2025-02-15,2025-03-01,2,2229.89453125,230.7727508544922,1886.039794921875,2229.89453125,2897.92431640625,3838.15625,log,2025-02-15,2025-03-01,2
26,2025-02-15,2025-03-08,3,2491.099609375,221.78199768066406,1560.1231689453125,2491.099609375,3634.782958984375,4525.4150390625,log,2025-02-15,2025-03-08,3
26,2025-02-15,2025-03-15,4,2020.2138671875,114.48594665527344,1005.8704833984375,2020.2138671875,3059.109619140625,4607.1298828125,log,2025-02-15,2025-03-15,4
27,2025-02-15,2025-02-22,1,492.0585021972656,149.7,445.9386291503906,492.0585021972656,507.48309326171875,570.5189208984375,log,2025-02-15,2025-02-22,1
27,2025-02-15,2025-03-01,2,586.2015380859375,107.62696075439453,450.7976989746094,586.2015380859375,620.2994995117188,850.0330200195312,log,2025-02-15,2025-03-01,2
27,2025-02-15,2025-03-08,3,606.891845703125,72.78595733642578,279.4564208984375,606.891845703125,826.8670043945312,1150.07373046875,log,2025-02-15,2025-03-08,3
27,2025-02-15,2025-03-15,4,400.0435485839844,35.86920928955078,195.30606079101562,400.0435485839844,613.2989501953125,777.2718505859375,log,2025-02-15,2025-03-15,4
28,2025-02-15,2025-02-22,1,278.2566223144531,159.89683532714844,268.349853515625,278.2566223144531,314.7389221191406,360.12152099609375,log,2025-02-15,2025-02-22,1
28,2025-02-15,2025-03-01,2,312.5779113769531,132.78921508789062,288.42694091796875,312.5779113769531,357.91845703125,464.317626953125,log,2025-02-15,2025-03-01,2
28,2025-02-15,2025-03-08,3,439.917236328125,113.1919937133789,251.85540771484375,439.917236328125,443.6766052246094,652.5169677734375,log,2025-02-15,2025-03-08,3
28,2025-02-15,2025-03-15,4,288.9195251464844,54.55397033691406,152.90895080566406,288.9195251464844,373.2214050292969,480.6949157714844,log,2025-02-15,2025-03-15,4
29,2025-02-15,2025-02-22,1,1382.650390625,427.5,1345.609375,1382.650390625,1635.70947265625,2064.97802734375,log,2025-02-15,2025-02-22,1
29,2025-02-15,2025-03-01,2,1524.392578125,230.7727508544922,1509.3583984375,1524.392578125,1909.8565673828125,2642.2236328125,log,2025-02-15,2025-03-01,2
29,2025-02-15,2025-03-08,3,1833.47216796875,224.93482971191406,1196.357666015625,1833.47216796875,2695.788818359375,2999.669921875,log,2025-02-15,2025-03-08,3
29,2025-02-15,2025-03-15,4,1629.79736328125,114.48594665527344,750.411865234375,1629.79736328125,2564.82470703125,3935.9404296875,log,2025-02-15,2025-03-15,4
30,2025-02-15,2025-02-22,1,164.15272521972656,103.74315643310547,136.9036407470703,164.15272521972656,198.93946838378906,254.05691528320312,log,2025-02-15,2025-02-22,1
30,2025-02-15,2025-03-01,2,159.28981018066406,77.11160278320312,150.734375,159.28981018066406,194.1217041015625,366.2859802246094,log,2025-02-15,2025-03-01,2
30,2025-02-15,2025-03-08,3,148.37005615234375,54.34569549560547,117.38008880615234,148.37005615234375,254.33984375,427.76287841796875,log,2025-02-15,2025-03-08,3
30,2025-02-15,2025-03-15,4,106.41118621826172,27.74978256225586,74.66587829589844,106.41118621826172,223.7649688720703,492.06671142578125,log,2025-02-15,2025-03-15,4
31,2025-02-15,2025-02-22,1,263.284423828125,206.95848083496094,250.16322326660156,263.284423828125,345.2981262207031,449.4871826171875,log,2025-02-15,2025-02-22,1
31,2025-02-15,2025-03-01,2,262.8171691894531,168.59597778320312,260.07952880859375,262.8171691894531,355.92913818359375,587.8718872070312,log,2025-02-15,2025-03-01,2
31,2025-02-15,2025-03-08,3,261.5704650878906,127.4392318725586,212.94741821289062,261.5704650878906,402.4259033203125,627.83154296875,log,2025-02-15,2025-03-08,3
31,2025-02-15,2025-03-15,4,170.71119689941406,65.97097778320312,120.1384506225586,170.71119689941406,313.6473388671875,646.3450317382812,log,2025-02-15,2025-03-15,4
32,2025-02-15,2025-02-22,1,150.60671997070312,99.5130615234375,128.9423828125,150.60671997070312,203.36715698242188,205.2772674560547,log,2025-02-15,2025-02-22,1
32,2025-02-15,2025-03-01,2,131.6304931640625,73.99339294433594,127.77639770507812,131.6304931640625,171.58030700683594,237.71202087402344,log,2025-02-15,2025-03-01,2
32,2025-02-15,2025-03-08,3,193.43328857421875,53.66254425048828,109.59099578857422,193.43328857421875,244.45338439941406,251.70089721679688,log,2025-02-15,2025-03-08,3
32,2025-02-15,2025-03-15,4,152.43844604492188,31.44760513305664,85.84502410888672,152.43844604492188,174.6870880126953,202.97996520996094,log,2025-02-15,2025-03-15,4
33,2025-02-15,2025-02-22,1,173.37890625,152.25418090820312,157.85150146484375,173.37890625,202.9944610595703,325.65753173828125,log,2025-02-15,2025-02-22,1
33,2025-02-15,2025-03-01,2,188.9183807373047,127.08462524414062,181.76556396484375,188.9183807373047,230.70556640625,425.0543212890625,log,2025-02-15,2025-03-01,2
33,2025-02-15,2025-03-08,3,176.5906219482422,97.88663482666016,155.8784637451172,176.5906219482422,282.63763427734375,575.7294311523438,log,2025-02-15,2025-03-08,3
33,2025-02-15,2025-03-15,4,139.83485412597656,39.22075271606445,90.88084411621094,139.83485412597656,245.53465270996094,474.09197998046875,log,2025-02-15,2025-03-15,4
34,2025-02-15,2025-02-22,1,1557.3565673828125,455.09999999999997,1141.6346435546875,1557.3565673828125,1891.19921875,2358.62451171875,log,2025-02-15,2025-02-22,1
34,2025-02-15,2025-03-01,2,1284.6043701171875,154.36175537109375,1134.0872802734375,1284.6043701171875,1731.24462890625,2003.3536376953125,log,2025-02-15,2025-03-01,2
34,2025-02-15,2025-03-08,3,1370.6531982421875,146.7513885498047,712.8095703125,1370.6531982421875,1895.3433837890625,2321.140380859375,log,2025-02-15,2025-03-08,3
34,2025-02-15,2025-03-15,4,860.9022827148438,67.79585266113281,451.3538513183594,860.9022827148438,1389.8634033203125,1808.9219970703125,log,2025-02-15,2025-03-15,4
35,2025-02-15,2025-02-22,1,234.6147918701172,131.64794921875,209.2224884033203,234.6147918701172,290.36444091796875,326.1728820800781,log,2025-02-15,2025-02-22,1
35,2025-02-15,2025-03-01,2,279.6325988769531,111.35157012939453,240.81028747558594,279.6325988769531,304.3435363769531,394.7497253417969,log,2025-02-15,2025-03-01,2
35,2025-02-15,2025-03-08,3,203.98777770996094,94.11962127685547,182.93377685546875,203.98777770996094,281.4021301269531,469.7128601074219,log,2025-02-15,2025-03-08,3
35,2025-02-15,2025-03-15,4,198.70144653320312,58.853755950927734,117.79910278320312,198.70144653320312,266.68280029296875,445.6092834472656,log,2025-02-15,2025-03-15,4
36,2025-02-15,2025-02-22,1,1382.245361328125,747.6,1012.7794189453125,1382.245361328125,1754.8206787109375,2300.178466796875,log,2025-02-15,2025-02-22,1
36,2025-02-15,2025-03-01,2,1098.8548583984375,213.06599999999997,985.5181274414062,1098.8548583984375,1351.724609375,1667.29443359375,log,2025-02-15,2025-03-01,2
36,2025-02-15,2025-03-08,3,1035.82177734375,92.10257720947266,624.1720581054688,1035.82177734375,1219.281494140625,1683.8365478515625,log,2025-02-15,2025-03-08,3
36,2025-02-15,2025-03-15,4,763.3491821289062,52.116668701171875,467.5583190917969,763.3491821289062,1032.0599365234375,1250.5048828125,log,2025-02-15,2025-03-15,4
37,2025-02-15,2025-02-22,1,1685.7005615234375,508.2,1133.5867919921875,1685.7005615234375,1847.756103515625,2664.672607421875,log,2025-02-15,2025-02-22,1
37,2025-02-15,2025-03-01,2,1428.5408935546875,179.20388793945312,1130.614013671875,1428.5408935546875,1554.069580078125,2602.70654296875,log,2025-02-15,2025-03-01,2
37,2025-02-15,2025-03-08,3,1396.0496826171875,161.4380645751953,688.3009033203125,1396.0496826171875,2108.19140625,2540.357421875,log,2025-02-15,2025-03-08,3
37,2025-02-15,2025-03-15,4,1051.99267578125,94.57280731201172,490.6979064941406,1051.99267578125,1570.5040283203125,2128.072265625,log,2025-02-15,2025-03-15,4
38,2025-02-15,2025-02-22,1,86.28871154785156,58.76118469238281,78.0515365600586,86.28871154785156,111.82185363769531,135.4978485107422,log,2025-02-15,2025-02-22,1
38,2025-02-15,2025-03-01,2,87.25697326660156,39.18649673461914,64.14063262939453,87.25697326660156,92.17626190185547,172.68896484375,log,2025-02-15,2025-03-01,2
38,2025-02-15,2025-03-08,3,85.25102996826172,36.48065185546875,72.8924331665039,85.25102996826172,128.57040405273438,160.0477294921875,log,2025-02-15,2025-03-08,3
38,2025-02-15,2025-03-15,4,78.97978973388672,16.603689193725586,43.22265625,78.97978973388672,113.54576110839844,175.90956115722656,log,2025-02-15,2025-03-15,4
39,2025-02-15,2025-02-22,1,3294.29248046875,1111.5,2331.786865234375,3294.29248046875,3643.93798828125,4451.1953125,log,2025-02-15,2025-02-22,1
39,2025-02-15,2025-03-01,2,2755.129638671875,316.7775,1964.0687255859375,2755.129638671875,3532.33740234375,4607.30126953125,log,2025-02-15,2025-03-01,2
39,2025-02-15,2025-03-08,3,2871.70361328125,224.93482971191406,1398.0335693359375,2871.70361328125,3836.695556640625,4569.2333984375,log,2025-02-15,2025-03-08,3
39,2025-02-15,2025-03-15,4,1891.2037353515625,114.48594665527344,866.2269897460938,1891.2037353515625,3639.539794921875,4554.798828125,log,2025-02-15,2025-03-15,4
40,2025-02-15,2025-02-22,1,742.1553955078125,236.1,703.708740234375,742.1553955078125,897.039306640625,1348.7098388671875,log,2025-02-15,2025-02-22,1
40,2025-02-15,2025-03-01,2,793.3381958007812,179.20388793945312,768.8975219726562,793.3381958007812,1095.8994140625,1737.1888427734375,log,2025-02-15,2025-03-01,2
40,2025-02-15,2025-03-08,3,1089.2991943359375,151.33790588378906,539.2583618164062,1089.2991943359375,1499.9388427734375,2188.47314453125,log,2025-02-15,2025-03-08,3
40,2025-02-15,2025-03-15,4,733.4360961914062,85.16910552978516,385.91693115234375,733.4360961914062,1312.9132080078125,1757.9305419921875,log,2025-02-15,2025-03-15,4
41,2025-02-15,2025-02-22,1,473.0367736816406,238.9702606201172,400.8199462890625,473.0367736816406,543.297119140625,636.0445556640625,log,2025-02-15,2025-02-22,1
41,2025-02-15,2025-03-01,2,585.6124267578125,206.37374877929688,498.1912841796875,585.6124267578125,641.449462890625,839.3331909179688,log,2025-02-15,2025-03-01,2
41,2025-02-15,2025-03-08,3,629.8253784179688,171.3598175048828,445.6816711425781,629.8253784179688,719.2520751953125,1266.6297607421875,log,2025-02-15,2025-03-08,3
41,2025-02-15,2025-03-15,4,426.00189208984375,99.01312255859375,242.95132446289062,426.00189208984375,578.6145629882812,851.3927001953125,log,2025-02-15,2025-03-15,4
42,2025-02-15,2025-02-22,1,3062.52880859375,1370.7,2151.614501953125,3062.52880859375,3622.601806640625,4187.3818359375,log,2025-02-15,2025-02-22,1
42,2025-02-15,2025-03-01,2,2659.4765625,390.6495,1977.121337890625,2659.4765625,3545.412353515625,4531.5361328125,log,2025-02-15,2025-03-01,2
42,2025-02-15,2025-03-08,3,2610.989501953125,224.93482971191406,1408.6365966796875,2610.989501953125,3675.28369140625,4376.201171875,log,2025-02-15,2025-03-08,3
42,2025-02-15,2025-03-15,4,1777.027099609375,108.31831359863281,810.143798828125,1777.027099609375,3957.218505859375,4554.798828125,log,2025-02-15,2025-03-15,4
44,2025-02-15,2025-02-22,1,167.71060180664062,112.40734100341797,125.5391616821289,167.71060180664062,191.3385009765625,301.6648254394531,log,2025-02-15,2025-02-22,1
44,2025-02-15,2025-03-01,2,146.80706787109375,82.779541015625,129.5747528076172,146.80706787109375,191.08901977539062,397.35888671875,log,2025-02-15,2025-03-01,2
44,2025-02-15,2025-03-08,3,130.3230438232422,70.23624420166016,107.74288940429688,130.3230438232422,267.7449645996094,481.65435791015625,log,2025-02-15,2025-03-08,3
44,2025-02-15,2025-03-15,4,101.56884002685547,35.654354095458984,77.49801635742188,101.56884002685547,274.31243896484375,416.6571350097656,log,2025-02-15,2025-03-15,4
45,2025-02-15,2025-02-22,1,504.53363037109375,207.0,490.7321472167969,504.53363037109375,629.058837890625,924.4801635742188,log,2025-02-15,2025-02-22,1
45,2025-02-15,2025-03-01,2,618.4136962890625,141.55538940429688,611.8834228515625,618.4136962890625,806.8789672851562,1050.3651123046875,log,2025-02-15,2025-03-01,2
45,2025-02-15,2025-03-08,3,698.3396606445312,137.56443786621094,387.0950622558594,698.3396606445312,743.4534912109375,1137.9942626953125,log,2025-02-15,2025-03-08,3
45,2025-02-15,2025-03-15,4,596.3719482421875,58.03394317626953,317.8042907714844,596.3719482421875,810.2985229492188,983.3895263671875,log,2025-02-15,2025-03-15,4
46,2025-02-15,2025-02-22,1,194.5930633544922,119.56443786621094,141.33395385742188,194.5930633544922,217.1593475341797,332.0548400878906,log,2025-02-15,2025-02-22,1
46,2025-02-15,2025-03-01,2,185.74391174316406,92.74661254882812,176.18994140625,185.74391174316406,271.7207946777344,439.0243835449219,log,2025-02-15,2025-03-01,2
46,2025-02-15,2025-03-08,3,170.78768920898438,67.3592758178711,127.4577865600586,170.78768920898438,295.58013916015625,495.8943176269531,log,2025-02-15,2025-03-08,3
46,2025-02-15,2025-03-15,4,136.400390625,34.42203903198242,80.72877502441406,136.400390625,240.81570434570312,514.7741088867188,log,2025-02-15,2025-03-15,4
47,2025-02-15,2025-02-22,1,651.085693359375,209.7,629.2445068359375,651.085693359375,727.9885864257812,819.914306640625,log,2025-02-15,2025-02-22,1
47,2025-02-15,2025-03-01,2,809.445556640625,179.20388793945312,638.2555541992188,809.445556640625,910.7142944335938,1175.076416015625,log,2025-02-15,2025-03-01,2
47,2025-02-15,2025-03-08,3,1121.97265625,159.17129516601562,522.4835815429688,1121.97265625,1381.104736328125,1484.6312255859375,log,2025-02-15,2025-03-08,3
47,2025-02-15,2025-03-15,4,747.1370239257812,102.0765380859375,337.6509094238281,747.1370239257812,875.4489135742188,1112.191650390625,log,2025-02-15,2025-03-15,4
48,2025-02-15,2025-02-22,1,1494.5179443359375,753.3,1161.4862060546875,1494.5179443359375,1750.6453857421875,2131.705810546875,log,2025-02-15,2025-02-22,1
48,2025-02-15,2025-03-01,2,1148.2381591796875,214.69049999999996,1113.92822265625,1148.2381591796875,1671.2113037109375,1689.8138427734375,log,2025-02-15,2025-03-01,2
48,2025-02-15,2025-03-08,3,1567.2911376953125,135.63082885742188,683.852783203125,1567.2911376953125,1610.9271240234375,2129.1640625,log,2025-02-15,2025-03-08,3
48,2025-02-15,2025-03-15,4,1165.7767333984375,66.24287414550781,521.7305297851562,1165.7767333984375,1311.20703125,2201.608642578125,log,2025-02-15,2025-03-15,4
49,2025-02-15,2025-02-22,1,173.91671752929688,93.69210052490234,153.65625,173.91671752929688,277.80914306640625,297.0568542480469,log,2025-02-15,2025-02-22,1
49,2025-02-15,2025-03-01,2,181.97030639648438,59.67592239379883,127.49810028076172,181.97030639648438,224.72743225097656,313.24774169921875,log,2025-02-15,2025-03-01,2
49,2025-02-15,2025-03-08,3,183.31973266601562,40.32862854003906,91.60124969482422,183.31973266601562,265.06170654296875,359.4428405761719,log,2025-02-15,2025-03-08,3
49,2025-02-15,2025-03-15,4,109.32990264892578,35.83970642089844,82.1099624633789,109.32990264892578,241.705078125,250.00686645507812,log,2025-02-15,2025-03-15,4
50,2025-02-15,2025-02-22,1,141.27432250976562,82.21346282958984,102.83901977539062,141.27432250976562,159.6577911376953,220.388916015625,log,2025-02-15,2025-02-22,1
50,2025-02-15,2025-03-01,2,132.44248962402344,60.12312316894531,107.53107452392578,132.44248962402344,164.0205535888672,309.96392822265625,log,2025-02-15,2025-03-01,2
50,2025-02-15,2025-03-08,3,108.2636489868164,40.454551696777344,88.50386047363281,108.2636489868164,210.7421112060547,306.9540100097656,log,2025-02-15,2025-03-08,3
50,2025-02-15,2025-03-15,4,82.32476043701172,24.417625427246094,58.49689483642578,82.32476043701172,187.94869995117188,371.61370849609375,log,2025-02-15,2025-03-15,4
51,2025-02-15,2025-02-22,1,1203.0799560546875,357.0,984.10888671875,1203.0799560546875,1272.3687744140625,1545.9844970703125,log,2025-02-15,2025-02-22,1
51,2025-02-15,2025-03-01,2,1417.0650634765625,224.24766540527344,1247.717529296875,1417.0650634765625,1536.114501953125,2055.34619140625,log,2025-02-15,2025-03-01,2
51,2025-02-15,2025-03-08,3,1563.2252197265625,200.1802215576172,1007.100830078125,1563.2252197265625,2342.80615234375,2369.714111328125,log,2025-02-15,2025-03-08,3
51,2025-02-15,2025-03-15,4,1180.702880859375,109.36436462402344,610.5825805664062,1180.702880859375,2246.340087890625,2285.083251953125,log,2025-02-15,2025-03-15,4
53,2025-02-15,2025-02-22,1,697.0925903320312,242.70729064941406,543.0326538085938,697.0925903320312,856.2665405273438,941.537841796875,log,2025-02-15,2025-02-22,1
53,2025-02-15,2025-03-01,2,797.2232666015625,210.30609130859375,635.610595703125,797.2232666015625,1018.9577026367188,1456.902099609375,log,2025-02-15,2025-03-01,2
53,2025-02-15,2025-03-08,3,1060.8228759765625,178.3573455810547,541.731201171875,1060.8228759765625,1074.14501953125,1717.6470947265625,log,2025-02-15,2025-03-08,3
53,2025-02-15,2025-03-15,4,565.64990234375,96.66278076171875,310.3782043457031,565.64990234375,901.7684936523438,1133.9071044921875,log,2025-02-15,2025-03-15,4
54,2025-02-15,2025-02-22,1,737.7844848632812,264.75347900390625,563.35791015625,737.7844848632812,787.511474609375,921.7688598632812,log,2025-02-15,2025-02-22,1
54,2025-02-15,2025-03-01,2,794.4426879882812,219.9242706298828,715.9502563476562,794.4426879882812,832.8823852539062,1170.6929931640625,log,2025-02-15,2025-03-01,2
54,2025-02-15,2025-03-08,3,833.854736328125,221.78199768066406,550.29638671875,833.854736328125,1133.6322021484375,1555.542236328125,log,2025-02-15,2025-03-08,3
54,2025-02-15,2025-03-15,4,627.7586669921875,108.70201110839844,381.0057067871094,627.7586669921875,1592.69091796875,1610.6519775390625,log,2025-02-15,2025-03-15,4
55,2025-02-15,2025-02-22,1,865.7689208984375,332.09999999999997,861.8069458007812,865.7689208984375,1146.1007080078125,1540.317138671875,log,2025-02-15,2025-02-22,1
55,2025-02-15,2025-03-01,2,1160.1422119140625,224.24766540527344,1140.959228515625,1160.1422119140625,1492.41357421875,1932.041015625,log,2025-02-15,2025-03-01,2
55,2025-02-15,2025-03-08,3,1190.6226806640625,203.02734375,696.7388305664062,1190.6226806640625,1421.9637451171875,2226.866943359375,log,2025-02-15,2025-03-08,3
55,2025-02-15,2025-03-15,4,895.13916015625,109.36436462402344,471.76702880859375,895.13916015625,1614.85888671875,2156.18408203125,log,2025-02-15,2025-03-15,4
56,2025-02-15,2025-02-22,1,76.9244384765625,48.32365798950195,76.58873748779297,76.9244384765625,106.10498809814453,127.2501220703125,log,2025-02-15,2025-02-22,1
56,2025-02-15,2025-03-01,2,64.519775390625,27.81572914123535,63.112281799316406,64.519775390625,95.71363830566406,143.49124145507812,log,2025-02-15,2025-03-01,2
56,2025-02-15,2025-03-08,3,73.47953796386719,22.859058380126953,66.76028442382812,73.47953796386719,88.07320404052734,147.71713256835938,log,2025-02-15,2025-03-08,3
56,2025-02-15,2025-03-15,4,70.55686950683594,13.502180099487305,39.61952590942383,70.55686950683594,76.69895935058594,121.94927215576172,log,2025-02-15,2025-03-15,4
72,2025-02-15,2025-02-22,1,431.7579345703125,130.54660034179688,374.2556457519531,431.7579345703125,445.9420471191406,505.256103515625,log,2025-02-15,2025-02-22,1
72,2025-02-15,2025-03-01,2,426.0255126953125,100.30690002441406,356.4893493652344,426.0255126953125,443.21966552734375,598.1543579101562,log,2025-02-15,2025-03-01,2
72,2025-02-15,2025-03-08,3,373.60845947265625,76.88130950927734,249.66836547851562,373.60845947265625,399.5493469238281,475.1633605957031,log,2025-02-15,2025-03-08,3
72,2025-02-15,2025-03-15,4,302.3188781738281,34.328460693359375,140.51132202148438,302.3188781738281,350.2038269042969,377.2911682128906,log,2025-02-15,2025-03-15,4
US,2025-02-15,2025-02-22,1,14333.4,14333.4,14333.4,14333.4,14333.4,14333.4,log,2025-02-15,2025-02-22,1
US,2025-02-15,2025-03-01,2,4085.0189999999993,4085.0189999999993,4085.0189999999993,4085.0189999999993,4085.0189999999993,4085.0189999999993,log,2025-02-15,2025-03-01,2
US,2025-02-15,2025-03-08,3,2006.3397216796875,1102.9551299999998,1118.939453125,2006.3397216796875,3103.906982421875,4196.859375,log,2025-02-15,2025-03-08,3
US,2025-02-15,2025-03-15,4,1338.904541015625,281.25355814999995,656.8829345703125,1338.904541015625,2829.74462890625,4319.7998046875,log,2025-02-15,2025-03-15,4
01,2025-02-22,2025-03-01,1,244.6886444091797,126.12550354003906,230.0111083984375,244.6886444091797,283.3751525878906,324.8756103515625,log,2025-02-22,2025-03-01,1
01,2025-02-22,2025-03-08,2,263.268798828125,84.67540740966797,205.68478393554688,263.268798828125,310.1361389160156,398.6202697753906,log,2025-02-22,2025-03-08,2
01,2025-02-22,2025-03-15,3,286.0334777832031,61.445133209228516,211.49383544921875,286.0334777832031,367.39593505859375,443.6617431640625,log,2025-02-22,2025-03-15,3
01,2025-02-22,2025-03-22,4,237.17274475097656,44.26325225830078,129.0836181640625,237.17274475097656,313.8805847167969,497.94354248046875,log,2025-02-22,2025-03-22,4
02,2025-02-22,2025-03-01,1,51.34574890136719,28.745752334594727,43.81788635253906,51.34574890136719,60.4366569519043,93.6220474243164,log,2025-02-22,2025-03-01,1
02,2025-02-22,2025-03-08,2,41.98420715332031,17.523534774780273,35.64471435546875,41.98420715332031,79.5293197631836,118.34223937988281,log,2025-02-22,2025-03-08,2
02,2025-02-22,2025-03-15,3,50.18354797363281,18.781307220458984,38.87858200073242,50.18354797363281,79.36827850341797,143.25181579589844,log,2025-02-22,2025-03-15,3
02,2025-02-22,2025-03-22,4,36.685272216796875,18.866050720214844,27.356647491455078,36.685272216796875,66.89498901367188,112.61924743652344,log,2025-02-22,2025-03-22,4
04,2025-02-22,2025-03-01,1,681.24072265625,194.1,677.1756591796875,681.24072265625,790.5817260742188,881.9347534179688,log,2025-02-22,2025-03-01,1
04,2025-02-22,2025-03-08,2,645.0233764648438,110.30753326416016,560.98583984375,645.0233764648438,731.8135986328125,862.7174682617188,log,2025-02-22,2025-03-08,2
04,2025-02-22,2025-03-15,3,666.806396484375,78.92595672607422,515.833984375,666.806396484375,832.3314208984375,1197.0115966796875,log,2025-02-22,2025-03-15,3
04,2025-02-22,2025-03-22,4,464.8046875,42.31523513793945,292.8930969238281,464.8046875,655.31005859375,941.0777587890625,log,2025-02-22,2025-03-22,4
05,2025-02-22,2025-03-01,1,344.61468505859375,129.4981231689453,298.9812927246094,344.61468505859375,355.72222900390625,505.41497802734375,log,2025-02-22,2025-03-01,1
05,2025-02-22,2025-03-08,2,287.9058837890625,114.73169708251953,282.60394287109375,287.9058837890625,411.44635009765625,484.95184326171875,log,2025-02-22,2025-03-08,2
05,2025-02-22,2025-03-15,3,348.3951721191406,78.48651885986328,332.9879150390625,348.3951721191406,442.00103759765625,774.1685180664062,log,2025-02-22,2025-03-15,3
05,2025-02-22,2025-03-22,4,327.1102600097656,50.8537483215332,261.2288818359375,327.1102600097656,396.19769287109375,545.0947875976562,log,2025-02-22,2025-03-22,4
06,2025-02-22,2025-03-01,1,1152.75537109375,610.5,872.0365600585938,1152.75537109375,1466.087158203125,1781.865478515625,log,2025-02-22,2025-03-01,1
06,2025-02-22,2025-03-08,2,1154.110595703125,173.99249999999998,808.3912353515625,1154.110595703125,1267.6959228515625,1447.02392578125,log,2025-02-22,2025-03-08,2
06,2025-02-22,2025-03-15,3,935.0055541992188,63.63549041748047,656.2213745117188,935.0055541992188,1215.755126953125,1270.111328125,log,2025-02-22,2025-03-15,3
06,2025-02-22,2025-03-22,4,680.33203125,50.7004280090332,303.5218505859375,680.33203125,870.256591796875,1146.8175048828125,log,2025-02-22,2025-03-22,4
08,2025-02-22,2025-03-01,1,455.7749328613281,177.3878173828125,427.4675598144531,455.7749328613281,458.0415954589844,751.96240234375,log,2025-02-22,2025-03-01,1
08,2025-02-22,2025-03-08,2,392.928955078125,134.05892944335938,378.04339599609375,392.928955078125,443.956787109375,798.211181640625,log,2025-02-22,2025-03-08,2
08,2025-02-22,2025-03-15,3,576.310546875,115.78570556640625,366.90191650390625,576.310546875,582.0279541015625,824.3239135742188,log,2025-02-22,2025-03-15,3
08,2025-02-22,2025-03-22,4,442.0130920410156,93.70514678955078,284.5751647949219,442.0130920410156,461.0096435546875,805.5406494140625,log,2025-02-22,2025-03-22,4
09,2025-02-22,2025-03-01,1,335.6804504394531,127.71199798583984,277.28875732421875,335.6804504394531,377.0205078125,482.48822021484375,log,2025-02-22,2025-03-01,1
09,2025-02-22,2025-03-08,2,281.6785888671875,108.0602798461914,246.6936492919922,281.6785888671875,388.6950378417969,494.8398742675781,log,2025-02-22,2025-03-08,2
09,2025-02-22,2025-03-15,3,374.05224609375,68.49092102050781,246.58644104003906,374.05224609375,447.0411682128906,581.1678466796875,log,2025-02-22,2025-03-15,3
09,2025-02-22,2025-03-22,4,274.25518798828125,60.700469970703125,212.20123291015625,274.25518798828125,403.58428955078125,775.6473388671875,log,2025-02-22,2025-03-22,4
10,2025-02-22,2025-03-01,1,148.3935546875,113.67446899414062,128.2140350341797,148.3935546875,150.78915405273438,242.99111938476562,log,2025-02-22,2025-03-01,1
10,2025-02-22,2025-03-08,2,102.07015228271484,75.82054901123047,86.0782699584961,102.07015228271484,137.8523406982422,341.09442138671875,log,2025-02-22,2025-03-08,2
10,2025-02-22,2025-03-15,3,103.72442626953125,64.82864379882812,94.45862579345703,103.72442626953125,157.77674865722656,334.1441955566406,log,2025-02-22,2025-03-15,3
10,2025-02-22,2025-03-22,4,67.99845886230469,36.675174713134766,64.49469757080078,67.99845886230469,144.28077697753906,308.9847717285156,log,2025-02-22,2025-03-22,4
11,2025-02-22,2025-03-01,1,74.78326416015625,46.97566604614258,59.772953033447266,74.78326416015625,95.26577758789062,129.3900909423828,log,2025-02-22,2025-03-01,1
11,2025-02-22,2025-03-08,2,68.9961166381836,29.873641967773438,56.11178970336914,68.9961166381836,86.95561981201172,163.43968200683594,log,2025-02-22,2025-03-08,2
11,2025-02-22,2025-03-15,3,57.684547424316406,26.025678634643555,47.49836349487305,57.684547424316406,67.59093475341797,126.09640502929688,log,2025-02-22,2025-03-15,3
11,2025-02-22,2025-03-22,4,34.66739273071289,13.54007339477539,25.67882537841797,34.66739273071289,58.55690002441406,102.80966186523438,log,2025-02-22,2025-03-22,4
12,2025-02-22,2025-03-01,1,1170.517578125,622.8,1108.260498046875,1170.517578125,1567.6231689453125,2016.2286376953125,log,2025-02-22,2025-03-01,1
12,2025-02-22,2025-03-08,2,1066.979736328125,177.49799999999996,920.4352416992188,1066.979736328125,1220.12841796875,1601.389892578125,log,2025-02-22,2025-03-08,2
12,2025-02-22,2025-03-15,3,869.8724365234375,72.03573608398438,787.0979614257812,869.8724365234375,1339.455322265625,1523.077392578125,log,2025-02-22,2025-03-15,3
12,2025-02-22,2025-03-22,4,752.8055419921875,52.22697067260742,490.5183410644531,752.8055419921875,1001.439208984375,1197.3521728515625,log,2025-02-22,2025-03-22,4
13,2025-02-22,2025-03-01,1,364.8608703613281,138.29999999999998,361.5003356933594,364.8608703613281,431.0752258300781,693.076416015625,log,2025-02-22,2025-03-01,1
13,2025-02-22,2025-03-08,2,522.3208618164062,84.71406555175781,361.361572265625,522.3208618164062,696.4537963867188,737.46044921875,log,2025-02-22,2025-03-08,2
13,2025-02-22,2025-03-15,3,548.3715209960938,55.40611267089844,338.8364562988281,548.3715209960938,620.5178833007812,871.6956787109375,log,2025-02-22,2025-03-15,3
13,2025-02-22,2025-03-22,4,428.9376220703125,45.046592712402344,256.4840393066406,428.9376220703125,567.2973022460938,621.8790893554688,log,2025-02-22,2025-03-22,4
15,2025-02-22,2025-03-01,1,75.27976989746094,54.35002517700195,59.47067642211914,75.27976989746094,113.5624771118164,123.2473373413086,log,2025-02-22,2025-03-01,1
15,2025-02-22,2025-03-08,2,86.95210266113281,34.4830322265625,53.59929656982422,86.95210266113281,94.47410583496094,146.16287231445312,log,2025-02-22,2025-03-08,2
15,2025-02-22,2025-03-15,3,67.19976806640625,22.358076095581055,51.054203033447266,67.19976806640625,115.56378173828125,137.61842346191406,log,2025-02-22,2025-03-15,3
15,2025-02-22,2025-03-22,4,55.81187438964844,23.837448120117188,34.81721115112305,55.81187438964844,78.27931213378906,120.8833999633789,log,2025-02-22,2025-03-22,4
16,2025-02-22,2025-03-01,1,149.5105743408203,128.49728393554688,132.06797790527344,149.5105743408203,166.16676330566406,232.46852111816406,log,2025-02-22,2025-03-01,1
16,2025-02-22,2025-03-08,2,142.41098022460938,88.74480438232422,116.99758911132812,142.41098022460938,184.71817016601562,315.40252685546875,log,2025-02-22,2025-03-08,2
16,2025-02-22,2025-03-15,3,208.74288940429688,88.55667114257812,151.76016235351562,208.74288940429688,294.0126953125,386.65765380859375,log,2025-02-22,2025-03-15,3
16,2025-02-22,2025-03-22,4,197.72312927246094,71.51883697509766,123.0877685546875,197.72312927246094,294.80914306640625,335.4947509765625,log,2025-02-22,2025-03-22,4
17,2025-02-22,2025-03-01,1,1300.024169921875,511.79999999999995,994.3455810546875,1300.024169921875,1952.621826171875,2150.6376953125,log,2025-02-22,2025-03-01,1
17,2025-02-22,2025-03-08,2,955.0161743164062,145.86299999999997,726.9784545898438,955.0161743164062,1060.688720703125,1502.1671142578125,log,2025-02-22,2025-03-08,2
17,2025-02-22,2025-03-15,3,763.4822387695312,69.91004943847656,585.484619140625,763.4822387695312,1061.451416015625,1484.1185302734375,log,2025-02-22,2025-03-15,3
17,2025-02-22,2025-03-22,4,576.5462036132812,57.11524200439453,426.400146484375,576.5462036132812,795.3839111328125,1273.423828125,log,2025-02-22,2025-03-22,4
18,2025-02-22,2025-03-01,1,1620.8907470703125,494.7,1418.1014404296875,1620.8907470703125,1695.2373046875,2169.96826171875,log,2025-02-22,2025-03-01,1
18,2025-02-22,2025-03-08,2,1433.3682861328125,228.1374053955078,1064.352783203125,1433.3682861328125,1746.5616455078125,2918.314208984375,log,2025-02-22,2025-03-08,2
18,2025-02-22,2025-03-15,3,1253.705810546875,198.0122528076172,1105.7017822265625,1253.705810546875,2158.83740234375,3138.0419921875,log,2025-02-22,2025-03-15,3
18,2025-02-22,2025-03-22,4,1232.334716796875,124.84957122802734,676.2572021484375,1232.334716796875,1310.4482421875,2428.178955078125,log,2025-02-22,2025-03-22,4
19,2025-02-22,2025-03-01,1,390.7803039550781,197.067626953125,354.2920227050781,390.7803039550781,421.5920104980469,543.4284057617188,log,2025-02-22,2025-03-01,1
19,2025-02-22,2025-03-08,2,294.9114074707031,153.5926971435547,285.48748779296875,294.9114074707031,437.0107421875,616.1427001953125,log,2025-02-22,2025-03-08,2
19,2025-02-22,2025-03-15,3,451.6947937011719,115.61153411865234,317.50299072265625,451.6947937011719,530.7528686523438,881.8909301757812,log,2025-02-22,2025-03-15,3
19,2025-02-22,2025-03-22,4,348.4883117675781,85.48870849609375,249.00466918945312,348.4883117675781,473.4205322265625,812.7770385742188,log,2025-02-22,2025-03-22,4
20,2025-02-22,2025-03-01,1,377.6752014160156,196.04666137695312,336.7890319824219,377.6752014160156,431.98663330078125,635.797607421875,log,2025-02-22,2025-03-01,1
20,2025-02-22,2025-03-08,2,332.0796203613281,174.35557556152344,286.87890625,332.0796203613281,365.3311767578125,690.8611450195312,log,2025-02-22,2025-03-08,2
20,2025-02-22,2025-03-15,3,411.8857727050781,141.255859375,304.24090576171875,411.8857727050781,500.6114807128906,920.67431640625,log,2025-02-22,2025-03-15,3
20,2025-02-22,2025-03-22,4,313.7860107421875,126.32654571533203,246.76771545410156,313.7860107421875,381.6943054199219,733.816162109375,log,2025-02-22,2025-03-22,4
21,2025-02-22,2025-03-01,1,778.4762573242188,268.8,652.4434204101562,778.4762573242188,1027.2064208984375,1423.102783203125,log,2025-02-22,2025-03-01,1
21,2025-02-22,2025-03-08,2,653.6950073242188,185.28305053710938,537.9063110351562,653.6950073242188,932.0452880859375,1988.036376953125,log,2025-02-22,2025-03-08,2
21,2025-02-22,2025-03-15,3,894.0902709960938,146.1939697265625,739.3131713867188,894.0902709960938,1361.96240234375,1914.4033203125,log,2025-02-22,2025-03-15,3
21,2025-02-22,2025-03-22,4,706.0638427734375,128.43406677246094,378.79473876953125,706.0638427734375,998.2312622070312,1869.7181396484375,log,2025-02-22,2025-03-22,4
22,2025-02-22,2025-03-01,1,351.68145751953125,125.22633361816406,305.68408203125,351.68145751953125,354.5891418457031,369.20654296875,log,2025-02-22,2025-03-01,1
22,2025-02-22,2025-03-08,2,349.1273193359375,102.26968383789062,282.50726318359375,349.1273193359375,361.1269836425781,473.9207458496094,log,2025-02-22,2025-03-08,2
22,2025-02-22,2025-03-15,3,387.0319519042969,81.14151000976562,277.7473449707031,387.0319519042969,503.1273193359375,605.0927124023438,log,2025-02-22,2025-03-15,3
22,2025-02-22,2025-03-22,4,331.7345275878906,52.22697067260742,190.58799743652344,331.7345275878906,427.26043701171875,575.7332763671875,log,2025-02-22,2025-03-22,4
23,2025-02-22,2025-03-01,1,243.23114013671875,201.458984375,207.61050415039062,243.23114013671875,278.1829833984375,454.2298278808594,log,2025-02-22,2025-03-01,1
23,2025-02-22,2025-03-08,2,199.11953735351562,175.10411071777344,176.17523193359375,199.11953735351562,274.39227294921875,523.9636840820312,log,2025-02-22,2025-03-08,2
23,2025-02-22,2025-03-15,3,227.20709228515625,140.4532928466797,195.08023071289062,227.20709228515625,319.498291015625,596.5927734375,log,2025-02-22,2025-03-15,3
23,2025-02-22,2025-03-22,4,199.2205352783203,110.33572387695312,146.93453979492188,199.2205352783203,234.42747497558594,668.9567260742188,log,2025-02-22,2025-03-22,4
24,2025-02-22,2025-03-01,1,547.4190673828125,229.2,496.47705078125,547.4190673828125,609.7499389648438,1010.5383911132812,log,2025-02-22,2025-03-01,1
24,2025-02-22,2025-03-08,2,445.7396240234375,157.03712463378906,410.7101135253906,445.7396240234375,644.502685546875,1076.0194091796875,log,2025-02-22,2025-03-08,2
24,2025-02-22,2025-03-15,3,552.0639038085938,133.88714599609375,437.2016906738281,552.0639038085938,732.5820922851562,961.5159912109375,log,2025-02-22,2025-03-15,3
24,2025-02-22,2025-03-22,4,451.0580139160156,87.0284194946289,263.00970458984375,451.0580139160156,641.2932739257812,1023.6144409179688,log,2025-02-22,2025-03-22,4
25,2025-02-22,2025-03-01,1,1161.3248291015625,414.3,1070.1387939453125,1161.3248291015625,1225.2503662109375,1831.6378173828125,log,2025-02-22,2025-03-01,1
25,2025-02-22,2025-03-08,2,1291.065185546875,157.03712463378906,995.5964965820312,1291.065185546875,1599.2900390625,2813.51953125,log,2025-02-22,2025-03-08,2
25,2025-02-22,2025-03-15,3,1162.4693603515625,133.88714599609375,851.045654296875,1162.4693603515625,1847.9534912109375,2392.7451171875,log,2025-02-22,2025-03-15,3
25,2025-02-22,2025-03-22,4,885.6090087890625,78.35658264160156,556.9635620117188,885.6090087890625,1217.5108642578125,2149.72265625,log,2025-02-22,2025-03-22,4
26,2025-02-22,2025-03-01,1,1709.0660400390625,541.5,1545.79052734375,1709.0660400390625,1814.2513427734375,2204.48095703125,log,2025-02-22,2025-03-01,1
26,2025-02-22,2025-03-08,2,1595.6641845703125,240.76266479492188,1147.401611328125,1595.6641845703125,1998.6025390625,3399.071533203125,log,2025-02-22,2025-03-08,2
26,2025-02-22,2025-03-15,3,1443.6734619140625,210.42279052734375,1153.238525390625,1443.6734619140625,2375.69140625,3296.159912109375,log,2025-02-22,2025-03-15,3
26,2025-02-22,2025-03-22,4,1353.6927490234375,153.02818298339844,804.9374389648438,1353.6927490234375,1652.316650390625,3143.13525390625,log,2025-02-22,2025-03-22,4
27,2025-02-22,2025-03-01,1,380.7704162597656,128.24447631835938,302.5599365234375,380.7704162597656,384.78668212890625,400.91290283203125,log,2025-02-22,2025-03-01,1
27,2025-02-22,2025-03-08,2,390.9021301269531,89.47943878173828,287.8755798339844,390.9021301269531,436.14544677734375,460.9880676269531,log,2025-02-22,2025-03-08,2
27,2025-02-22,2025-03-15,3,424.7957763671875,59.92115783691406,262.1497802734375,424.7957763671875,475.4883728027344,582.5263671875,log,2025-02-22,2025-03-15,3
27,2025-02-22,2025-03-22,4,296.2061767578125,36.38949966430664,165.15518188476562,296.2061767578125,505.5055236816406,643.9562377929688,log,2025-02-22,2025-03-22,4
28,2025-02-22,2025-03-01,1,206.8584442138672,124.03160858154297,205.15110778808594,206.8584442138672,218.86253356933594,254.8534393310547,log,2025-02-22,2025-03-01,1
28,2025-02-22,2025-03-08,2,185.03387451171875,83.40929412841797,155.72482299804688,185.03387451171875,192.40570068359375,285.0812072753906,log,2025-02-22,2025-03-08,2
28,2025-02-22,2025-03-15,3,185.982177734375,54.776268005371094,167.46717834472656,185.982177734375,282.7822265625,351.4613952636719,log,2025-02-22,2025-03-15,3
28,2025-02-22,2025-03-22,4,171.9119415283203,39.54447555541992,116.35930633544922,171.9119415283203,190.18536376953125,327.61383056640625,log,2025-02-22,2025-03-22,4
29,2025-02-22,2025-03-01,1,1191.2757568359375,414.0,998.65966796875,1191.2757568359375,1273.9569091796875,1852.5792236328125,log,2025-02-22,2025-03-01,1
29,2025-02-22,2025-03-08,2,1157.421875,228.1374053955078,852.5209350585938,1157.421875,1446.076171875,2296.05078125,log,2025-02-22,2025-03-08,2
29,2025-02-22,2025-03-15,3,1247.17578125,198.0122528076172,1093.090576171875,1247.17578125,1960.2044677734375,2409.4599609375,log,2025-02-22,2025-03-15,3
29,2025-02-22,2025-03-22,4,1222.59619140625,142.74746704101562,737.15625,1222.59619140625,1462.4588623046875,3099.657958984375,log,2025-02-22,2025-03-22,4
30,2025-02-22,2025-03-01,1,184.85317993164062,144.40933227539062,172.2966766357422,184.85317993164062,196.37655639648438,336.17431640625,log,2025-02-22,2025-03-01,1
30,2025-02-22,2025-03-08,2,159.13433837890625,105.73240661621094,135.9123077392578,159.13433837890625,208.7412872314453,486.0614318847656,log,2025-02-22,2025-03-08,2
30,2025-02-22,2025-03-15,3,134.82740783691406,90.95250701904297,125.91968536376953,134.82740783691406,251.3128204345703,605.228271484375,log,2025-02-22,2025-03-15,3
30,2025-02-22,2025-03-22,4,110.20318603515625,63.64445877075195,92.8331069946289,110.20318603515625,194.4994354248047,524.091064453125,log,2025-02-22,2025-03-22,4
31,2025-02-22,2025-03-01,1,221.3108367919922,173.41542053222656,221.24342346191406,221.3108367919922,267.7862548828125,430.5958557128906,log,2025-02-22,2025-03-01,1
31,2025-02-22,2025-03-08,2,174.79275512695312,125.73112487792969,163.34381103515625,174.79275512695312,253.8148956298828,509.21624755859375,log,2025-02-22,2025-03-08,2
31,2025-02-22,2025-03-15,3,200.15077209472656,105.5208969116211,163.05850219726562,200.15077209472656,350.81158447265625,595.2754516601562,log,2025-02-22,2025-03-15,3
31,2025-02-22,2025-03-22,4,156.9532012939453,80.92269134521484,122.40811920166016,156.9532012939453,295.2662048339844,612.4334106445312,log,2025-02-22,2025-03-22,4
32,2025-02-22,2025-03-01,1,130.6632537841797,78.77825927734375,109.78939819335938,130.6632537841797,140.3858642578125,163.35047912597656,log,2025-02-22,2025-03-01,1
32,2025-02-22,2025-03-08,2,128.3950653076172,61.597354888916016,119.97855377197266,128.3950653076172,136.0454864501953,186.2900390625,log,2025-02-22,2025-03-08,2
32,2025-02-22,2025-03-15,3,153.65676879882812,48.03539276123047,103.28540802001953,153.65676879882812,175.44259643554688,230.296142578125,log,2025-02-22,2025-03-15,3
32,2025-02-22,2025-03-22,4,150.18051147460938,33.24911880493164,93.96566772460938,150.18051147460938,150.32713317871094,159.9179229736328,log,2025-02-22,2025-03-22,4
33,2025-02-22,2025-03-01,1,173.934814453125,139.69557189941406,141.73931884765625,173.934814453125,203.36373901367188,293.18572998046875,log,2025-02-22,2025-03-01,1
33,2025-02-22,2025-03-08,2,132.7926483154297,111.78205108642578,130.11468505859375,132.7926483154297,147.16990661621094,341.49285888671875,log,2025-02-22,2025-03-08,2
33,2025-02-22,2025-03-15,3,137.1040802001953,96.55071258544922,123.75711822509766,137.1040802001953,188.9166717529297,473.0055847167969,log,2025-02-22,2025-03-15,3
33,2025-02-22,2025-03-22,4,114.62287139892578,62.32354736328125,78.19298553466797,114.62287139892578,172.44821166992188,385.4049072265625,log,2025-02-22,2025-03-22,4
34,2025-02-22,2025-03-01,1,984.2291259765625,361.5,836.416748046875,984.2291259765625,1394.4290771484375,1906.8475341796875,log,2025-02-22,2025-03-01,1
34,2025-02-22,2025-03-08,2,782.6828002929688,110.01361846923828,651.452392578125,782.6828002929688,937.43310546875,1453.324951171875,log,2025-02-22,2025-03-08,2
34,2025-02-22,2025-03-15,3,737.459716796875,72.03573608398438,575.8529052734375,737.459716796875,1000.0143432617188,1459.1402587890625,log,2025-02-22,2025-03-15,3
34,2025-02-22,2025-03-22,4,547.0162353515625,52.060218811035156,379.1872253417969,547.0162353515625,730.558837890625,1185.794677734375,log,2025-02-22,2025-03-22,4
35,2025-02-22,2025-03-01,1,200.52000427246094,191.4971466064453,192.01829528808594,200.52000427246094,241.36056518554688,307.88641357421875,log,2025-02-22,2025-03-01,1
35,2025-02-22,2025-03-08,2,198.30076599121094,157.5740509033203,189.03506469726562,198.30076599121094,200.28173828125,369.9297790527344,log,2025-02-22,2025-03-08,2
35,2025-02-22,2025-03-15,3,225.31912231445312,134.56890869140625,188.25672912597656,225.31912231445312,230.5760040283203,489.7897644042969,log,2025-02-22,2025-03-15,3
35,2025-02-22,2025-03-22,4,185.35110473632812,106.2640380859375,137.3584442138672,185.35110473632812,189.10992431640625,465.317138671875,log,2025-02-22,2025-03-22,4
36,2025-02-22,2025-03-01,1,1287.176025390625,610.5,1057.19482421875,1287.176025390625,1775.7042236328125,2176.770751953125,log,2025-02-22,2025-03-01,1
36,2025-02-22,2025-03-08,2,1009.7939453125,173.99249999999998,763.1950073242188,1009.7939453125,1244.486083984375,1494.5286865234375,log,2025-02-22,2025-03-08,2
36,2025-02-22,2025-03-15,3,875.9635620117188,69.3968505859375,731.885986328125,875.9635620117188,1160.1510009765625,1603.0074462890625,log,2025-02-22,2025-03-15,3
36,2025-02-22,2025-03-22,4,762.9964599609375,54.27499008178711,481.82379150390625,762.9964599609375,928.3877563476562,1252.6490478515625,log,2025-02-22,2025-03-22,4
37,2025-02-22,2025-03-01,1,1008.1796264648438,352.2,853.1218872070312,1008.1796264648438,1316.5369873046875,1759.845458984375,log,2025-02-22,2025-03-01,1
37,2025-02-22,2025-03-08,2,674.9757080078125,110.01361846923828,614.49169921875,674.9757080078125,890.53857421875,1239.6824951171875,log,2025-02-22,2025-03-08,2
37,2025-02-22,2025-03-15,3,704.2559814453125,71.7526626586914,532.1060791015625,704.2559814453125,989.1450805664062,996.3029174804688,log,2025-02-22,2025-03-15,3
37,2025-02-22,2025-03-22,4,505.75701904296875,43.709476470947266,284.1571350097656,505.75701904296875,756.4577026367188,844.8291015625,log,2025-02-22,2025-03-22,4
38,2025-02-22,2025-03-01,1,67.01750946044922,38.395233154296875,49.804344177246094,67.01750946044922,77.36083984375,103.8292465209961,log,2025-02-22,2025-03-01,1
38,2025-02-22,2025-03-08,2,56.494163513183594,21.53175926208496,40.44218063354492,56.494163513183594,74.35536193847656,122.82586669921875,log,2025-02-22,2025-03-08,2
38,2025-02-22,2025-03-15,3,62.9976806640625,13.290245056152344,41.42658233642578,62.9976806640625,79.94104766845703,119.26976013183594,log,2025-02-22,2025-03-15,3
38,2025-02-22,2025-03-22,4,33.8277702331543,13.281913757324219,31.7757568359375,33.8277702331543,52.17060470581055,103.09761047363281,log,2025-02-22,2025-03-22,4
39,2025-02-22,2025-03-01,1,2299.730712890625,979.8,1737.1075439453125,2299.730712890625,2633.150634765625,3395.817626953125,log,2025-02-22,2025-03-01,1
39,2025-02-22,2025-03-08,2,2041.464599609375,279.24299999999994,1387.267333984375,2041.464599609375,2605.853271484375,3943.693603515625,log,2025-02-22,2025-03-08,2
39,2025-02-22,2025-03-15,3,1969.21875,198.0122528076172,1410.7554931640625,1969.21875,2861.986083984375,4053.272705078125,log,2025-02-22,2025-03-15,3
39,2025-02-22,2025-03-22,4,1750.0006103515625,124.45526123046875,966.5234375,1750.0006103515625,2022.1220703125,4255.1044921875,log,2025-02-22,2025-03-22,4
40,2025-02-22,2025-03-01,1,348.03765869140625,150.0,335.7512512207031,348.03765869140625,429.7872009277344,587.953857421875,log,2025-02-22,2025-03-01,1
40,2025-02-22,2025-03-08,2,325.7266845703125,89.47943878173828,270.93359375,325.7266845703125,475.0137634277344,736.624267578125,log,2025-02-22,2025-03-08,2
40,2025-02-22,2025-03-15,3,305.4133605957031,61.30008316040039,250.22503662109375,305.4133605957031,585.209228515625,761.4933471679688,log,2025-02-22,2025-03-15,3
40,2025-02-22,2025-03-22,4,284.0307312011719,42.48577117919922,174.9540252685547,284.0307312011719,490.2310791015625,668.50390625,log,2025-02-22,2025-03-22,4
41,2025-02-22,2025-03-01,1,430.7693786621094,192.74916076660156,383.59759521484375,430.7693786621094,467.9906311035156,756.9736328125,log,2025-02-22,2025-03-01,1
41,2025-02-22,2025-03-08,2,411.12158203125,147.76657104492188,331.9727478027344,411.12158203125,480.56744384765625,1094.6024169921875,log,2025-02-22,2025-03-08,2
41,2025-02-22,2025-03-15,3,552.4525146484375,134.2486572265625,352.343017578125,552.4525146484375,583.2053833007812,1240.697509765625,log,2025-02-22,2025-03-15,3
41,2025-02-22,2025-03-22,4,343.2886047363281,92.26725006103516,231.94676208496094,343.2886047363281,546.2777709960938,1012.6740112304688,log,2025-02-22,2025-03-22,4
42,2025-02-22,2025-03-01,1,1967.8419189453125,1124.1,1478.4061279296875,1967.8419189453125,2544.227294921875,3347.878173828125,log,2025-02-22,2025-03-01,1
42,2025-02-22,2025-03-08,2,1587.1378173828125,320.3684999999999,1235.1419677734375,1587.1378173828125,2229.027587890625,3503.27978515625,log,2025-02-22,2025-03-08,2
42,2025-02-22,2025-03-15,3,1257.797607421875,115.61153411865234,943.8863525390625,1257.797607421875,2018.7725830078125,2811.94580078125,log,2025-02-22,2025-03-15,3
42,2025-02-22,2025-03-22,4,994.794189453125,77.85599517822266,614.0953369140625,994.794189453125,1614.9158935546875,2337.21923828125,log,2025-02-22,2025-03-22,4
44,2025-02-22,2025-03-01,1,135.56692504882812,109.03788757324219,112.66097259521484,135.56692504882812,157.5735321044922,238.9149932861328,log,2025-02-22,2025-03-01,1
44,2025-02-22,2025-03-08,2,94.9239501953125,77.11103820800781,88.25487518310547,94.9239501953125,138.8692626953125,306.4972229003906,log,2025-02-22,2025-03-08,2
44,2025-02-22,2025-03-15,3,108.37738800048828,66.97682189941406,106.53264617919922,108.37738800048828,183.77239990234375,340.4862060546875,log,2025-02-22,2025-03-15,3
44,2025-02-22,2025-03-22,4,93.243896484375,39.06255340576172,68.87073516845703,93.243896484375,161.1096649169922,299.6820068359375,log,2025-02-22,2025-03-22,4
45,2025-02-22,2025-03-01,1,390.20159912109375,143.7,375.6819763183594,390.20159912109375,461.42181396484375,713.5363159179688,log,2025-02-22,2025-03-01,1
45,2025-02-22,2025-03-08,2,353.0795593261719,85.69412231445312,287.81689453125,353.0795593261719,465.28692626953125,724.2423706054688,log,2025-02-22,2025-03-08,2
45,2025-02-22,2025-03-15,3,378.1263732910156,61.445133209228516,317.084228515625,378.1263732910156,651.09814453125,688.966796875,log,2025-02-22,2025-03-15,3
45,2025-02-22,2025-03-22,4,365.409423828125,42.95733642578125,176.76007080078125,365.409423828125,564.5388793945312,582.2506713867188,log,2025-02-22,2025-03-22,4
46,2025-02-22,2025-03-01,1,98.06800842285156,82.2933349609375,83.1358413696289,98.06800842285156,114.67569732666016,170.3655242919922,log,2025-02-22,2025-03-01,1
46,2025-02-22,2025-03-08,2,74.39187622070312,60.302955627441406,70.52681732177734,74.39187622070312,100.8355941772461,193.2147979736328,log,2025-02-22,2025-03-08,2
46,2025-02-22,2025-03-15,3,100.6630630493164,41.8389892578125,95.35542297363281,100.6630630493164,132.36309814453125,225.58583068847656,log,2025-02-22,2025-03-15,3
46,2025-02-22,2025-03-22,4,101.49388885498047,30.867897033691406,68.59829711914062,101.49388885498047,118.24968719482422,174.73158264160156,log,2025-02-22,2025-03-22,4
47,2025-02-22,2025-03-01,1,492.94305419921875,163.79999999999998,460.1448974609375,492.94305419921875,657.2654418945312,657.6506958007812,log,2025-02-22,2025-03-01,1
47,2025-02-22,2025-03-08,2,575.4690551757812,111.33779907226562,437.6923522949219,575.4690551757812,753.849365234375,923.1925048828125,log,2025-02-22,2025-03-08,2
47,2025-02-22,2025-03-15,3,721.6539916992188,72.03573608398438,413.17120361328125,721.6539916992188,913.3866577148438,1031.704833984375,log,2025-02-22,2025-03-15,3
47,2025-02-22,2025-03-22,4,525.2031860351562,52.52735900878906,275.1169128417969,525.2031860351562,876.6311645507812,947.914794921875,log,2025-02-22,2025-03-22,4
48,2025-02-22,2025-03-01,1,1009.2026977539062,532.1999999999999,799.6927490234375,1009.2026977539062,1268.5225830078125,1746.2216796875,log,2025-02-22,2025-03-01,1
48,2025-02-22,2025-03-08,2,1028.4971923828125,151.67699999999996,713.533935546875,1028.4971923828125,1370.3138427734375,1439.1751708984375,log,2025-02-22,2025-03-08,2
48,2025-02-22,2025-03-15,3,822.232177734375,62.3197135925293,694.678466796875,822.232177734375,1219.2156982421875,1253.0909423828125,log,2025-02-22,2025-03-15,3
48,2025-02-22,2025-03-22,4,740.5193481445312,50.538455963134766,354.3125305175781,740.5193481445312,896.8885498046875,1056.1578369140625,log,2025-02-22,2025-03-22,4
49,2025-02-22,2025-03-01,1,164.03692626953125,78.02010345458984,122.91221618652344,164.03692626953125,188.88841247558594,265.2790222167969,log,2025-02-22,2025-03-01,1
49,2025-02-22,2025-03-08,2,153.95233154296875,54.37056350708008,101.29838562011719,153.95233154296875,171.05206298828125,294.7860107421875,log,2025-02-22,2025-03-08,2
49,2025-02-22,2025-03-15,3,142.45762634277344,38.74776077270508,86.60494232177734,142.45762634277344,230.2371368408203,285.3353271484375,log,2025-02-22,2025-03-15,3
49,2025-02-22,2025-03-22,4,111.73027038574219,29.638296127319336,64.5956802368164,111.73027038574219,152.0454559326172,281.31768798828125,log,2025-02-22,2025-03-22,4
50,2025-02-22,2025-03-01,1,93.8822021484375,75.82498168945312,83.09861755371094,93.8822021484375,115.58740234375,201.97265625,log,2025-02-22,2025-03-01,1
50,2025-02-22,2025-03-08,2,73.99925231933594,55.13534927368164,72.86882781982422,73.99925231933594,128.19525146484375,288.782958984375,log,2025-02-22,2025-03-08,2
50,2025-02-22,2025-03-15,3,77.8277587890625,46.34334182739258,74.87557983398438,77.8277587890625,150.037841796875,251.40753173828125,log,2025-02-22,2025-03-15,3
50,2025-02-22,2025-03-22,4,72.5326156616211,36.798274993896484,46.04051971435547,72.5326156616211,111.95405578613281,263.7944030761719,log,2025-02-22,2025-03-22,4
51,2025-02-22,2025-03-01,1,845.1384887695312,272.7,662.87353515625,845.1384887695312,1047.01611328125,1299.18505859375,log,2025-02-22,2025-03-01,1
51,2025-02-22,2025-03-08,2,934.6636962890625,158.4999237060547,644.9254150390625,934.6636962890625,1113.432861328125,1370.9501953125,log,2025-02-22,2025-03-08,2
51,2025-02-22,2025-03-15,3,1029.8759765625,133.88714599609375,706.7901000976562,1029.8759765625,1463.5576171875,1671.146728515625,log,2025-02-22,2025-03-15,3
51,2025-02-22,2025-03-22,4,687.3681030273438,86.75260925292969,413.89544677734375,687.3681030273438,967.115966796875,1594.0152587890625,log,2025-02-22,2025-03-22,4
53,2025-02-22,2025-03-01,1,642.4446411132812,214.75718688964844,583.6077880859375,642.4446411132812,752.4354248046875,994.1182861328125,log,2025-02-22,2025-03-01,1
53,2025-02-22,2025-03-08,2,729.7485961914062,185.111328125,561.4161376953125,729.7485961914062,817.9871215820312,1240.1422119140625,log,2025-02-22,2025-03-08,2
53,2025-02-22,2025-03-15,3,838.2440185546875,158.99412536621094,453.5623779296875,838.2440185546875,872.637451171875,1450.9884033203125,log,2025-02-22,2025-03-15,3
53,2025-02-22,2025-03-22,4,569.385009765625,147.1092987060547,369.0577697753906,569.385009765625,668.1792602539062,1012.3067626953125,log,2025-02-22,2025-03-22,4
54,2025-02-22,2025-03-01,1,563.5958251953125,291.51220703125,495.1650695800781,563.5958251953125,633.93505859375,856.8635864257812,log,2025-02-22,2025-03-01,1
54,2025-02-22,2025-03-08,2,419.651123046875,250.05833435058594,354.1075744628906,419.651123046875,617.0701293945312,1221.6898193359375,log,2025-02-22,2025-03-08,2
54,2025-02-22,2025-03-15,3,616.0211791992188,207.35877990722656,444.6730041503906,616.0211791992188,864.8399047851562,1322.505615234375,log,2025-02-22,2025-03-15,3
54,2025-02-22,2025-03-22,4,597.7128295898438,157.45425415039062,384.7381286621094,597.7128295898438,768.2017822265625,1609.592529296875,log,2025-02-22,2025-03-22,4
55,2025-02-22,2025-03-01,1,625.9686279296875,267.59999999999997,549.291259765625,625.9686279296875,702.3839721679688,1076.98681640625,log,2025-02-22,2025-03-01,1
55,2025-02-22,2025-03-08,2,612.8599853515625,137.84242248535156,473.28143310546875,612.8599853515625,618.4358520507812,1066.9400634765625,log,2025-02-22,2025-03-08,2
55,2025-02-22,2025-03-15,3,718.571044921875,118.17066955566406,525.3984375,718.571044921875,776.8563232421875,1241.5030517578125,log,2025-02-22,2025-03-15,3
55,2025-02-22,2025-03-22,4,530.3320922851562,77.85599517822266,308.2732849121094,530.3320922851562,631.43310546875,1220.7725830078125,log,2025-02-22,2025-03-22,4
56,2025-02-22,2025-03-01,1,78.56934356689453,52.37013244628906,67.05189514160156,78.56934356689453,78.74132537841797,142.56800842285156,log,2025-02-22,2025-03-01,1
56,2025-02-22,2025-03-08,2,69.73167419433594,36.750423431396484,65.3719711303711,69.73167419433594,81.14734649658203,166.44613647460938,log,2025-02-22,2025-03-08,2
56,2025-02-22,2025-03-15,3,66.3178482055664,33.717796325683594,58.20226287841797,66.3178482055664,97.58362579345703,150.12371826171875,log,2025-02-22,2025-03-15,3
56,2025-02-22,2025-03-22,4,52.21535110473633,27.443500518798828,45.893638610839844,52.21535110473633,61.22597885131836,120.60179138183594,log,2025-02-22,2025-03-22,4
72,2025-02-22,2025-03-01,1,195.77915954589844,113.67747497558594,173.30715942382812,195.77915954589844,239.9708251953125,305.4919738769531,log,2025-02-22,2025-03-01,1
72,2025-02-22,2025-03-08,2,169.623291015625,92.14263153076172,154.63121032714844,169.623291015625,200.97898864746094,274.3365783691406,log,2025-02-22,2025-03-08,2
72,2025-02-22,2025-03-15,3,193.91831970214844,64.63957977294922,177.7740020751953,193.91831970214844,285.8610534667969,314.1311340332031,log,2025-02-22,2025-03-15,3
72,2025-02-22,2025-03-22,4,196.9645233154297,29.899444580078125,78.62467956542969,196.9645233154297,210.87290954589844,327.8457946777344,log,2025-02-22,2025-03-22,4
US,2025-02-22,2025-03-01,1,11786.4,11786.4,11786.4,11786.4,11786.4,11786.4,log,2025-02-22,2025-03-01,1
US,2025-02-22,2025-03-08,2,3359.124,3359.124,3359.124,3359.124,3359.124,3359.124,log,2025-02-22,2025-03-08,2
US,2025-02-22,2025-03-15,3,953.4356689453125,906.96348,906.96348,953.4356689453125,1373.1258544921875,1684.2486572265625,log,2025-02-22,2025-03-15,3
US,2025-02-22,2025-03-22,4,829.6939697265625,231.2756874,487.0597229003906,829.6939697265625,1072.8245849609375,1363.3974609375,log,2025-02-22,2025-03-22,4
01,2025-03-01,2025-03-08,1,372.3070983886719,134.6103515625,282.4210510253906,372.3070983886719,380.36395263671875,402.20916748046875,log,2025-03-01,2025-03-08,1
01,2025-03-01,2025-03-15,2,363.4637145996094,130.1119384765625,276.2297058105469,363.4637145996094,387.02215576171875,445.3929443359375,log,2025-03-01,2025-03-15,2
01,2025-03-01,2025-03-22,3,273.2605285644531,107.0504379272461,269.924072265625,273.2605285644531,384.41546630859375,430.70721435546875,log,2025-03-01,2025-03-22,3
01,2025-03-01,2025-03-29,4,350.74029541015625,69.26648712158203,236.83421325683594,350.74029541015625,416.0825500488281,501.7043151855469,log,2025-03-01,2025-03-29,4
02,2025-03-01,2025-03-08,1,52.24004364013672,31.22825813293457,46.57213592529297,52.24004364013672,61.927215576171875,93.3638687133789,log,2025-03-01,2025-03-08,1
02,2025-03-01,2025-03-15,2,60.05193328857422,18.74703598022461,36.5311279296875,60.05193328857422,66.30735778808594,108.84166717529297,log,2025-03-01,2025-03-15,2
02,2025-03-01,2025-03-22,3,54.522586822509766,20.389646530151367,28.659725189208984,54.522586822509766,79.83470916748047,133.68328857421875,log,2025-03-01,2025-03-22,3
02,2025-03-01,2025-03-29,4,57.09318923950195,12.809120178222656,35.75814437866211,57.09318923950195,85.75115203857422,136.28028869628906,log,2025-03-01,2025-03-29,4
04,2025-03-01,2025-03-08,1,590.2564697265625,197.1,553.7222900390625,590.2564697265625,653.23095703125,811.9691162109375,log,2025-03-01,2025-03-08,1
04,2025-03-01,2025-03-15,2,500.797119140625,124.76288604736328,493.7326965332031,500.797119140625,611.4834594726562,890.5062866210938,log,2025-03-01,2025-03-15,2
04,2025-03-01,2025-03-22,3,500.3214416503906,109.1839599609375,454.6163635253906,500.3214416503906,689.5559692382812,740.6140747070312,log,2025-03-01,2025-03-22,3
04,2025-03-01,2025-03-29,4,579.1654052734375,74.09590911865234,370.49017333984375,579.1654052734375,740.0181274414062,869.40869140625,log,2025-03-01,2025-03-29,4
05,2025-03-01,2025-03-08,1,340.2410583496094,121.67731475830078,306.2347106933594,340.2410583496094,377.44866943359375,445.51812744140625,log,2025-03-01,2025-03-08,1
05,2025-03-01,2025-03-15,2,315.5935974121094,120.15792083740234,272.5445556640625,315.5935974121094,328.3798522949219,461.7314758300781,log,2025-03-01,2025-03-15,2
05,2025-03-01,2025-03-22,3,238.81446838378906,92.08872985839844,226.50411987304688,238.81446838378906,272.22894287109375,598.9285278320312,log,2025-03-01,2025-03-22,3
05,2025-03-01,2025-03-29,4,295.7073059082031,65.9922866821289,242.91493225097656,295.7073059082031,311.40960693359375,395.6329345703125,log,2025-03-01,2025-03-29,4
06,2025-03-01,2025-03-08,1,1081.3731689453125,439.8,721.3233032226562,1081.3731689453125,1345.520751953125,1447.639892578125,log,2025-03-01,2025-03-08,1
06,2025-03-01,2025-03-15,2,823.9725952148438,125.34299999999999,523.5655517578125,823.9725952148438,1146.2166748046875,1380.403076171875,log,2025-03-01,2025-03-15,2
06,2025-03-01,2025-03-22,3,661.53173828125,58.66300964355469,412.5541076660156,661.53173828125,874.35546875,974.2587280273438,log,2025-03-01,2025-03-22,3
06,2025-03-01,2025-03-29,4,682.3072509765625,38.828128814697266,341.5478820800781,682.3072509765625,842.42431640625,928.271240234375,log,2025-03-01,2025-03-29,4
08,2025-03-01,2025-03-08,1,337.4426574707031,115.90933990478516,316.60516357421875,337.4426574707031,372.22540283203125,430.9126892089844,log,2025-03-01,2025-03-08,1
08,2025-03-01,2025-03-15,2,327.2778625488281,119.49472045898438,269.8014831542969,327.2778625488281,371.2554931640625,506.59014892578125,log,2025-03-01,2025-03-15,2
08,2025-03-01,2025-03-22,3,308.019287109375,96.04180908203125,244.34783935546875,308.019287109375,361.9059143066406,405.80877685546875,log,2025-03-01,2025-03-22,3
08,2025-03-01,2025-03-29,4,398.0052490234375,69.51974487304688,256.0584716796875,398.0052490234375,401.55828857421875,480.8150634765625,log,2025-03-01,2025-03-29,4
09,2025-03-01,2025-03-08,1,246.1515350341797,117.16746520996094,229.0660400390625,246.1515350341797,251.0258026123047,290.69305419921875,log,2025-03-01,2025-03-08,1
09,2025-03-01,2025-03-15,2,251.96575927734375,105.33698272705078,249.8355255126953,251.96575927734375,299.95556640625,328.03558349609375,log,2025-03-01,2025-03-15,2
09,2025-03-01,2025-03-22,3,247.6826629638672,84.99088287353516,212.84104919433594,247.6826629638672,265.6660461425781,380.0068054199219,log,2025-03-01,2025-03-22,3
09,2025-03-01,2025-03-29,4,238.38865661621094,50.9040641784668,223.69189453125,238.38865661621094,336.4115295410156,374.96453857421875,log,2025-03-01,2025-03-29,4
10,2025-03-01,2025-03-08,1,100.13941192626953,73.10781860351562,86.28279876708984,100.13941192626953,102.99431610107422,141.51039123535156,log,2025-03-01,2025-03-08,1
10,2025-03-01,2025-03-15,2,76.42301940917969,58.81458282470703,73.985595703125,76.42301940917969,80.01182556152344,178.9698028564453,log,2025-03-01,2025-03-15,2
10,2025-03-01,2025-03-22,3,67.03950500488281,49.091209411621094,64.05718994140625,67.03950500488281,87.70960998535156,164.8436279296875,log,2025-03-01,2025-03-22,3
10,2025-03-01,2025-03-29,4,103.37406158447266,17.86408233642578,70.64266967773438,103.37406158447266,104.11585998535156,163.39561462402344,log,2025-03-01,2025-03-29,4
11,2025-03-01,2025-03-08,1,83.40011596679688,54.85102844238281,78.07328796386719,83.40011596679688,106.9701919555664,147.58026123046875,log,2025-03-01,2025-03-08,1
11,2025-03-01,2025-03-15,2,64.90802001953125,44.81372833251953,56.60200500488281,64.90802001953125,76.0031509399414,139.20468139648438,log,2025-03-01,2025-03-15,2
11,2025-03-01,2025-03-22,3,52.24633026123047,29.068944931030273,43.65242004394531,52.24633026123047,54.62378692626953,127.00836181640625,log,2025-03-01,2025-03-22,3
11,2025-03-01,2025-03-29,4,63.40164566040039,17.47458267211914,47.60024642944336,63.40164566040039,67.5893325805664,130.26376342773438,log,2025-03-01,2025-03-29,4
12,2025-03-01,2025-03-08,1,1315.489501953125,489.0,1089.2830810546875,1315.489501953125,1660.261962890625,1746.756591796875,log,2025-03-01,2025-03-08,1
12,2025-03-01,2025-03-15,2,1188.304931640625,139.36499999999998,840.1626586914062,1188.304931640625,1188.7115478515625,1682.3660888671875,log,2025-03-01,2025-03-15,2
12,2025-03-01,2025-03-22,3,826.7793579101562,90.6275634765625,745.3743286132812,826.7793579101562,972.3655395507812,1076.4898681640625,log,2025-03-01,2025-03-22,3
12,2025-03-01,2025-03-29,4,837.5299682617188,61.35209274291992,578.5631713867188,837.5299682617188,936.9137573242188,1065.0809326171875,log,2025-03-01,2025-03-29,4
13,2025-03-01,2025-03-08,1,527.094970703125,131.1,367.2287292480469,527.094970703125,530.9324340820312,593.5072631835938,log,2025-03-01,2025-03-08,1
13,2025-03-01,2025-03-15,2,462.8970947265625,79.92935943603516,322.72576904296875,462.8970947265625,579.7809448242188,585.1113891601562,log,2025-03-01,2025-03-15,2
13,2025-03-01,2025-03-22,3,469.2255859375,58.66300964355469,334.60955810546875,469.2255859375,475.3116455078125,616.1544799804688,log,2025-03-01,2025-03-22,3
13,2025-03-01,2025-03-29,4,529.5174560546875,38.828128814697266,299.7630310058594,529.5174560546875,649.1176147460938,657.6884155273438,log,2025-03-01,2025-03-29,4
15,2025-03-01,2025-03-08,1,57.94143295288086,36.90678787231445,45.37166213989258,57.94143295288086,79.40155029296875,96.87140655517578,log,2025-03-01,2025-03-08,1
15,2025-03-01,2025-03-15,2,56.44144058227539,20.008365631103516,44.306922912597656,56.44144058227539,74.67735290527344,109.38126373291016,log,2025-03-01,2025-03-15,2
15,2025-03-01,2025-03-22,3,54.341712951660156,16.898719787597656,40.14427947998047,54.341712951660156,73.80574798583984,108.76580047607422,log,2025-03-01,2025-03-22,3
15,2025-03-01,2025-03-29,4,67.80097198486328,14.383282661437988,36.15632629394531,67.80097198486328,73.44026947021484,111.97689819335938,log,2025-03-01,2025-03-29,4
16,2025-03-01,2025-03-08,1,115.35430908203125,80.45126342773438,103.55288696289062,115.35430908203125,122.94542694091797,151.08474731445312,log,2025-03-01,2025-03-08,1
16,2025-03-01,2025-03-15,2,101.35816192626953,65.75621795654297,93.91034698486328,101.35816192626953,110.593505859375,173.8762664794922,log,2025-03-01,2025-03-15,2
16,2025-03-01,2025-03-22,3,124.84284973144531,47.9036750793457,96.97146606445312,124.84284973144531,144.4168243408203,168.4621124267578,log,2025-03-01,2025-03-22,3
16,2025-03-01,2025-03-29,4,171.29335021972656,39.79801559448242,101.1441650390625,171.29335021972656,173.86285400390625,205.35430908203125,log,2025-03-01,2025-03-29,4
17,2025-03-01,2025-03-08,1,1356.670654296875,393.3,981.38720703125,1356.670654296875,1403.8106689453125,1686.3843994140625,log,2025-03-01,2025-03-08,1
17,2025-03-01,2025-03-15,2,768.7051391601562,122.61419677734375,729.311767578125,768.7051391601562,988.0800170898438,1495.8184814453125,log,2025-03-01,2025-03-15,2
17,2025-03-01,2025-03-22,3,617.91650390625,90.45344543457031,556.8257446289062,617.91650390625,749.9086303710938,948.2230224609375,log,2025-03-01,2025-03-22,3
17,2025-03-01,2025-03-29,4,747.3179321289062,68.0334701538086,495.3125,747.3179321289062,825.02001953125,1030.5157470703125,log,2025-03-01,2025-03-29,4
18,2025-03-01,2025-03-08,1,900.5171508789062,363.0,819.685302734375,900.5171508789062,1068.46728515625,1217.5277099609375,log,2025-03-01,2025-03-08,1
18,2025-03-01,2025-03-15,2,781.310302734375,122.61419677734375,739.9668579101562,781.310302734375,897.0079956054688,1467.06201171875,log,2025-03-01,2025-03-15,2
18,2025-03-01,2025-03-22,3,591.1471557617188,90.45344543457031,554.4432983398438,591.1471557617188,631.76611328125,974.0067138671875,log,2025-03-01,2025-03-22,3
18,2025-03-01,2025-03-29,4,524.7830810546875,65.9922866821289,434.8273620605469,524.7830810546875,750.0991821289062,1165.160400390625,log,2025-03-01,2025-03-29,4
19,2025-03-01,2025-03-08,1,320.2691650390625,119.33894348144531,278.2723083496094,320.2691650390625,358.796142578125,406.1202392578125,log,2025-03-01,2025-03-08,1
19,2025-03-01,2025-03-15,2,315.79473876953125,122.61419677734375,251.55609130859375,315.79473876953125,337.2182312011719,524.8818969726562,log,2025-03-01,2025-03-15,2
19,2025-03-01,2025-03-22,3,263.6102600097656,92.61978912353516,208.94931030273438,263.6102600097656,275.083740234375,456.6646728515625,log,2025-03-01,2025-03-22,3
19,2025-03-01,2025-03-29,4,273.87353515625,64.6008071899414,230.89181518554688,273.87353515625,312.35772705078125,539.0430297851562,log,2025-03-01,2025-03-29,4
20,2025-03-01,2025-03-08,1,252.45765686035156,115.90933990478516,232.7561492919922,252.45765686035156,276.9013977050781,343.62481689453125,log,2025-03-01,2025-03-08,1
20,2025-03-01,2025-03-15,2,214.81736755371094,119.49472045898438,197.7635955810547,214.81736755371094,217.77304077148438,356.33782958984375,log,2025-03-01,2025-03-15,2
20,2025-03-01,2025-03-22,3,197.2789306640625,86.80506134033203,178.0147247314453,197.2789306640625,223.7137451171875,386.3457336425781,log,2025-03-01,2025-03-22,3
20,2025-03-01,2025-03-29,4,268.24188232421875,60.609683990478516,192.9408721923828,268.24188232421875,308.3473205566406,391.5810546875,log,2025-03-01,2025-03-29,4
21,2025-03-01,2025-03-08,1,588.3795166015625,232.2,545.7839965820312,588.3795166015625,748.4760131835938,994.7908935546875,log,2025-03-01,2025-03-08,1
21,2025-03-01,2025-03-15,2,576.3397216796875,146.22955322265625,555.4074096679688,576.3397216796875,773.783447265625,1193.709716796875,log,2025-03-01,2025-03-15,2
21,2025-03-01,2025-03-22,3,527.8096313476562,118.02034759521484,389.0740966796875,527.8096313476562,538.38037109375,1073.6888427734375,log,2025-03-01,2025-03-22,3
21,2025-03-01,2025-03-29,4,705.9060668945312,83.628173828125,463.0032958984375,705.9060668945312,780.79345703125,1023.4356689453125,log,2025-03-01,2025-03-29,4
22,2025-03-01,2025-03-08,1,374.5741271972656,130.41787719726562,302.8117370605469,374.5741271972656,376.2154541015625,435.1452331542969,log,2025-03-01,2025-03-08,1
22,2025-03-01,2025-03-15,2,341.10357666015625,130.1119384765625,293.5246887207031,341.10357666015625,352.98248291015625,433.6732177734375,log,2025-03-01,2025-03-15,2
22,2025-03-01,2025-03-22,3,298.25537109375,104.78834533691406,277.2208251953125,298.25537109375,393.2066650390625,411.8192138671875,log,2025-03-01,2025-03-22,3
22,2025-03-01,2025-03-29,4,363.4331359863281,70.26280975341797,237.4184112548828,363.4331359863281,414.6556396484375,419.88848876953125,log,2025-03-01,2025-03-29,4
23,2025-03-01,2025-03-08,1,167.709228515625,139.3958740234375,157.54554748535156,167.709228515625,202.20835876464844,299.849365234375,log,2025-03-01,2025-03-08,1
23,2025-03-01,2025-03-15,2,127.73697662353516,114.2480239868164,118.57207489013672,127.73697662353516,185.16262817382812,311.31829833984375,log,2025-03-01,2025-03-15,2
23,2025-03-01,2025-03-22,3,135.6871337890625,84.24825286865234,116.42546844482422,135.6871337890625,138.7763214111328,314.3578186035156,log,2025-03-01,2025-03-22,3
23,2025-03-01,2025-03-29,4,161.35496520996094,47.601139068603516,106.24930572509766,161.35496520996094,182.37051391601562,395.1278991699219,log,2025-03-01,2025-03-29,4
24,2025-03-01,2025-03-08,1,401.8033142089844,164.4,352.9571533203125,401.8033142089844,533.8555297851562,657.28369140625,log,2025-03-01,2025-03-08,1
24,2025-03-01,2025-03-15,2,386.2000427246094,91.51712799072266,320.4685363769531,386.2000427246094,502.0987854003906,759.011962890625,log,2025-03-01,2025-03-15,2
24,2025-03-01,2025-03-22,3,304.839111328125,79.4888916015625,235.63681030273438,304.839111328125,463.29388427734375,523.4124755859375,log,2025-03-01,2025-03-22,3
24,2025-03-01,2025-03-29,4,363.1239318847656,48.323177337646484,249.91232299804688,363.1239318847656,506.8177185058594,753.697509765625,log,2025-03-01,2025-03-29,4
25,2025-03-01,2025-03-08,1,914.8148193359375,373.8,889.4169921875,914.8148193359375,966.6885986328125,1370.11376953125,log,2025-03-01,2025-03-08,1
25,2025-03-01,2025-03-15,2,711.2853393554688,113.33000183105469,644.953125,711.2853393554688,836.5433349609375,1365.9326171875,log,2025-03-01,2025-03-15,2
25,2025-03-01,2025-03-22,3,599.6226196289062,92.95573425292969,564.9411010742188,599.6226196289062,619.6900634765625,1003.6777954101562,log,2025-03-01,2025-03-22,3
25,2025-03-01,2025-03-29,4,608.398681640625,66.19454193115234,543.7764282226562,608.398681640625,790.7002563476562,1127.3514404296875,log,2025-03-01,2025-03-29,4
26,2025-03-01,2025-03-08,1,1311.4091796875,500.7,1275.2403564453125,1311.4091796875,1447.118408203125,1615.4429931640625,log,2025-03-01,2025-03-08,1
26,2025-03-01,2025-03-15,2,1123.810302734375,162.67874145507812,1097.7384033203125,1123.810302734375,1429.79833984375,2246.58642578125,log,2025-03-01,2025-03-15,2
26,2025-03-01,2025-03-22,3,879.5390625,136.6037139892578,879.2271118164062,879.5390625,1065.69677734375,1891.415771484375,log,2025-03-01,2025-03-22,3
26,2025-03-01,2025-03-29,4,865.39990234375,87.62720489501953,644.4475708007812,865.39990234375,1048.3516845703125,2065.98486328125,log,2025-03-01,2025-03-29,4
27,2025-03-01,2025-03-08,1,242.7495880126953,114.6995849609375,239.27597045898438,242.7495880126953,284.4891052246094,306.8096923828125,log,2025-03-01,2025-03-08,1
27,2025-03-01,2025-03-15,2,256.5040283203125,72.36390686035156,184.2844696044922,256.5040283203125,266.17694091796875,329.7590637207031,log,2025-03-01,2025-03-15,2
27,2025-03-01,2025-03-22,3,290.1008605957031,44.81390380859375,166.2199249267578,290.1008605957031,296.3110656738281,298.97198486328125,log,2025-03-01,2025-03-22,3
27,2025-03-01,2025-03-29,4,304.387939453125,32.66322708129883,200.71929931640625,304.387939453125,329.5400390625,333.3037109375,log,2025-03-01,2025-03-29,4
28,2025-03-01,2025-03-08,1,211.9180908203125,104.1142578125,178.91128540039062,211.9180908203125,223.9117431640625,253.26979064941406,log,2025-03-01,2025-03-08,1
28,2025-03-01,2025-03-15,2,207.30345153808594,87.33136749267578,153.22433471679688,207.30345153808594,213.497802734375,228.8612060546875,log,2025-03-01,2025-03-15,2
28,2025-03-01,2025-03-22,3,159.28781127929688,58.250389099121094,154.11666870117188,159.28781127929688,171.48233032226562,242.5155029296875,log,2025-03-01,2025-03-22,3
28,2025-03-01,2025-03-29,4,190.2567596435547,41.741355895996094,171.8030548095703,190.2567596435547,218.4500732421875,219.67938232421875,log,2025-03-01,2025-03-29,4
29,2025-03-01,2025-03-08,1,625.7029418945312,258.3,523.1339721679688,625.7029418945312,684.8076782226562,1056.0010986328125,log,2025-03-01,2025-03-08,1
29,2025-03-01,2025-03-15,2,541.4432373046875,120.41377258300781,519.041748046875,541.4432373046875,613.9302368164062,1179.2060546875,log,2025-03-01,2025-03-15,2
29,2025-03-01,2025-03-22,3,546.0833740234375,90.45344543457031,444.8704833984375,546.0833740234375,624.5108032226562,877.4053344726562,log,2025-03-01,2025-03-22,3
29,2025-03-01,2025-03-29,4,553.9030151367188,65.9922866821289,502.1427001953125,553.9030151367188,732.104736328125,993.4760131835938,log,2025-03-01,2025-03-29,4
30,2025-03-01,2025-03-08,1,147.58331298828125,106.7373275756836,143.78961181640625,147.58331298828125,173.99722290039062,235.7207794189453,log,2025-03-01,2025-03-08,1
30,2025-03-01,2025-03-15,2,107.80529022216797,83.80967712402344,91.5179214477539,107.80529022216797,142.9781036376953,352.086669921875,log,2025-03-01,2025-03-15,2
30,2025-03-01,2025-03-22,3,86.18670654296875,71.51448059082031,80.64533996582031,86.18670654296875,113.05485534667969,354.6447448730469,log,2025-03-01,2025-03-22,3
30,2025-03-01,2025-03-29,4,106.09890747070312,46.43429183959961,101.10209655761719,106.09890747070312,106.27610778808594,397.04559326171875,log,2025-03-01,2025-03-29,4
31,2025-03-01,2025-03-08,1,155.279296875,113.28857421875,135.90740966796875,155.279296875,207.4467315673828,208.77418518066406,log,2025-03-01,2025-03-08,1
31,2025-03-01,2025-03-15,2,125.01356506347656,97.4228515625,122.30724334716797,125.01356506347656,143.66607666015625,219.898681640625,log,2025-03-01,2025-03-15,2
31,2025-03-01,2025-03-22,3,98.4283447265625,64.65028381347656,84.73270416259766,98.4283447265625,142.72080993652344,239.20323181152344,log,2025-03-01,2025-03-22,3
31,2025-03-01,2025-03-29,4,165.95303344726562,52.1827507019043,100.54872131347656,165.95303344726562,189.41685485839844,216.38189697265625,log,2025-03-01,2025-03-29,4
32,2025-03-01,2025-03-08,1,92.43305969238281,65.71255493164062,81.56108856201172,92.43305969238281,95.78108978271484,114.10967254638672,log,2025-03-01,2025-03-08,1
32,2025-03-01,2025-03-15,2,81.62894439697266,54.27238082885742,79.24700164794922,81.62894439697266,82.17997741699219,132.43490600585938,log,2025-03-01,2025-03-15,2
32,2025-03-01,2025-03-22,3,98.0080795288086,43.03955841064453,74.60935974121094,98.0080795288086,103.4988021850586,113.19879913330078,log,2025-03-01,2025-03-22,3
32,2025-03-01,2025-03-29,4,105.59893798828125,24.795948028564453,71.03746795654297,105.59893798828125,145.6533203125,159.12747192382812,log,2025-03-01,2025-03-29,4
33,2025-03-01,2025-03-08,1,127.85372924804688,89.0498046875,109.80345153808594,127.85372924804688,163.82167053222656,232.98219299316406,log,2025-03-01,2025-03-08,1
33,2025-03-01,2025-03-15,2,97.93988800048828,74.53282165527344,83.3121109008789,97.93988800048828,122.49742126464844,230.86239624023438,log,2025-03-01,2025-03-15,2
33,2025-03-01,2025-03-22,3,88.31163024902344,58.97580337524414,74.62861633300781,88.31163024902344,116.19986724853516,208.4600372314453,log,2025-03-01,2025-03-22,3
33,2025-03-01,2025-03-29,4,131.73336791992188,32.075653076171875,77.93936157226562,131.73336791992188,132.11183166503906,252.16317749023438,log,2025-03-01,2025-03-29,4
34,2025-03-01,2025-03-08,1,850.0987548828125,281.4,708.4708251953125,850.0987548828125,915.4832153320312,1074.5115966796875,log,2025-03-01,2025-03-08,1
34,2025-03-01,2025-03-15,2,644.3408203125,122.61419677734375,615.2687377929688,644.3408203125,768.3169555664062,1242.8824462890625,log,2025-03-01,2025-03-15,2
34,2025-03-01,2025-03-22,3,589.5514526367188,94.62167358398438,564.7808227539062,589.5514526367188,644.8970947265625,866.2332153320312,log,2025-03-01,2025-03-22,3
34,2025-03-01,2025-03-29,4,698.7863159179688,68.0334701538086,468.8017883300781,698.7863159179688,709.0881958007812,1004.779296875,log,2025-03-01,2025-03-29,4
35,2025-03-01,2025-03-08,1,153.0330352783203,105.0966567993164,145.4798583984375,153.0330352783203,188.50624084472656,202.90867614746094,log,2025-03-01,2025-03-08,1
35,2025-03-01,2025-03-15,2,134.7938690185547,97.0506820678711,122.9970932006836,134.7938690185547,138.4874267578125,217.48394775390625,log,2025-03-01,2025-03-15,2
35,2025-03-01,2025-03-22,3,145.1246337890625,61.6172981262207,118.38463592529297,145.1246337890625,149.9757843017578,188.75698852539062,log,2025-03-01,2025-03-22,3
35,2025-03-01,2025-03-29,4,175.99351501464844,40.579349517822266,115.18034362792969,175.99351501464844,189.6954345703125,239.2818145751953,log,2025-03-01,2025-03-29,4
36,2025-03-01,2025-03-08,1,1481.5819091796875,489.0,1155.991455078125,1481.5819091796875,1679.995849609375,1864.4376220703125,log,2025-03-01,2025-03-08,1
36,2025-03-01,2025-03-15,2,1102.827392578125,139.36499999999998,906.9390258789062,1102.827392578125,1287.0980224609375,1577.2567138671875,log,2025-03-01,2025-03-15,2
36,2025-03-01,2025-03-22,3,903.26611328125,94.62167358398438,732.5499267578125,903.26611328125,917.201416015625,1017.223876953125,log,2025-03-01,2025-03-22,3
36,2025-03-01,2025-03-29,4,922.6849365234375,68.0334701538086,577.7562255859375,922.6849365234375,948.5888061523438,1065.0809326171875,log,2025-03-01,2025-03-29,4
37,2025-03-01,2025-03-08,1,881.361083984375,275.4,794.973876953125,881.361083984375,1078.168212890625,1419.4844970703125,log,2025-03-01,2025-03-08,1
37,2025-03-01,2025-03-15,2,713.6460571289062,91.51712799072266,536.8673706054688,713.6460571289062,927.105712890625,1148.486328125,log,2025-03-01,2025-03-15,2
37,2025-03-01,2025-03-22,3,536.3021240234375,76.12687683105469,473.6983947753906,536.3021240234375,555.9029541015625,635.4473266601562,log,2025-03-01,2025-03-22,3
37,2025-03-01,2025-03-29,4,627.6207885742188,49.82598114013672,303.8661804199219,627.6207885742188,703.3516235351562,782.4832763671875,log,2025-03-01,2025-03-29,4
38,2025-03-01,2025-03-08,1,44.385597229003906,19.005765914916992,28.678272247314453,44.385597229003906,56.0906867980957,81.6494369506836,log,2025-03-01,2025-03-08,1
38,2025-03-01,2025-03-15,2,35.045040130615234,9.979767799377441,25.83144187927246,35.045040130615234,47.918983459472656,79.44768524169922,log,2025-03-01,2025-03-15,2
38,2025-03-01,2025-03-22,3,27.730615615844727,12.0120267868042,24.02918243408203,27.730615615844727,38.23978042602539,69.6595687866211,log,2025-03-01,2025-03-22,3
38,2025-03-01,2025-03-29,4,37.60529708862305,7.023293972015381,17.710405349731445,37.60529708862305,40.524993896484375,77.92577362060547,log,2025-03-01,2025-03-29,4
39,2025-03-01,2025-03-08,1,1851.205322265625,783.3,1426.24072265625,1851.205322265625,2095.759033203125,2618.102294921875,log,2025-03-01,2025-03-08,1
39,2025-03-01,2025-03-15,2,1386.3402099609375,223.24049999999997,994.71826171875,1386.3402099609375,1388.2864990234375,1896.701171875,log,2025-03-01,2025-03-15,2
39,2025-03-01,2025-03-22,3,1176.043701171875,123.50614929199219,917.2263793945312,1176.043701171875,1280.428466796875,1282.81494140625,log,2025-03-01,2025-03-22,3
39,2025-03-01,2025-03-29,4,1067.7342529296875,84.74394226074219,679.2649536132812,1067.7342529296875,1234.9923095703125,1289.8489990234375,log,2025-03-01,2025-03-29,4
40,2025-03-01,2025-03-08,1,258.79644775390625,109.49685668945312,208.80650329589844,258.79644775390625,289.67877197265625,346.4529724121094,log,2025-03-01,2025-03-08,1
40,2025-03-01,2025-03-15,2,263.4910583496094,75.06148529052734,188.29762268066406,263.4910583496094,280.0485534667969,307.73046875,log,2025-03-01,2025-03-15,2
40,2025-03-01,2025-03-22,3,254.8644256591797,45.048973083496094,169.3155517578125,254.8644256591797,304.04693603515625,321.60040283203125,log,2025-03-01,2025-03-22,3
40,2025-03-01,2025-03-29,4,286.286376953125,34.1723518371582,201.55332946777344,286.286376953125,295.7370300292969,356.8181457519531,log,2025-03-01,2025-03-29,4
41,2025-03-01,2025-03-08,1,265.5640869140625,114.7291030883789,240.36964416503906,265.5640869140625,297.37451171875,302.0903015136719,log,2025-03-01,2025-03-08,1
41,2025-03-01,2025-03-15,2,265.1120910644531,117.3498306274414,250.2686309814453,265.1120910644531,293.42498779296875,388.7957458496094,log,2025-03-01,2025-03-15,2
41,2025-03-01,2025-03-22,3,265.9368896484375,86.80506134033203,188.6343231201172,265.9368896484375,308.32843017578125,376.4653625488281,log,2025-03-01,2025-03-22,3
41,2025-03-01,2025-03-29,4,357.8587341308594,60.430538177490234,194.70742797851562,357.8587341308594,401.55828857421875,430.9283447265625,log,2025-03-01,2025-03-29,4
42,2025-03-01,2025-03-08,1,1656.4940185546875,940.5,1230.840087890625,1656.4940185546875,2075.216064453125,2485.960693359375,log,2025-03-01,2025-03-08,1
42,2025-03-01,2025-03-15,2,1158.21923828125,268.04249999999996,869.0120239257812,1158.21923828125,1422.2459716796875,1855.847900390625,log,2025-03-01,2025-03-15,2
42,2025-03-01,2025-03-22,3,918.87548828125,94.62167358398438,636.3994140625,918.87548828125,1015.4246826171875,1183.0758056640625,log,2025-03-01,2025-03-22,3
42,2025-03-01,2025-03-29,4,743.1202392578125,68.0334701538086,614.4890747070312,743.1202392578125,1109.81982421875,1227.0760498046875,log,2025-03-01,2025-03-29,4
44,2025-03-01,2025-03-08,1,74.0823745727539,64.83297729492188,73.27153778076172,74.0823745727539,94.74983978271484,120.0603256225586,log,2025-03-01,2025-03-08,1
44,2025-03-01,2025-03-15,2,62.37384033203125,44.89715576171875,57.243438720703125,62.37384033203125,70.2481689453125,140.50308227539062,log,2025-03-01,2025-03-15,2
44,2025-03-01,2025-03-22,3,50.61866760253906,30.62031364440918,48.92637252807617,50.61866760253906,81.14675903320312,128.13876342773438,log,2025-03-01,2025-03-22,3
44,2025-03-01,2025-03-29,4,78.59461212158203,14.811076164245605,54.63349533081055,78.59461212158203,96.81187438964844,148.24082946777344,log,2025-03-01,2025-03-29,4
45,2025-03-01,2025-03-08,1,407.2514343261719,133.79999999999998,345.29052734375,407.2514343261719,498.81317138671875,636.602783203125,log,2025-03-01,2025-03-08,1
45,2025-03-01,2025-03-15,2,330.92364501953125,77.88716888427734,297.42388916015625,330.92364501953125,428.1770935058594,727.8919677734375,log,2025-03-01,2025-03-15,2
45,2025-03-01,2025-03-22,3,287.9232482910156,51.93867111206055,228.74440002441406,287.9232482910156,441.7144775390625,538.838623046875,log,2025-03-01,2025-03-22,3
45,2025-03-01,2025-03-29,4,421.0853271484375,39.76023483276367,276.82269287109375,421.0853271484375,505.0202941894531,541.3767700195312,log,2025-03-01,2025-03-29,4
46,2025-03-01,2025-03-08,1,67.03223419189453,57.12541580200195,62.53935623168945,67.03223419189453,82.068359375,103.94397735595703,log,2025-03-01,2025-03-08,1
46,2025-03-01,2025-03-15,2,55.16490936279297,39.60470199584961,45.20956802368164,55.16490936279297,64.18241882324219,129.9109649658203,log,2025-03-01,2025-03-15,2
46,2025-03-01,2025-03-22,3,55.816612243652344,29.911300659179688,53.14796829223633,55.816612243652344,65.03913879394531,110.67462921142578,log,2025-03-01,2025-03-22,3
46,2025-03-01,2025-03-29,4,79.58828735351562,12.748411178588867,45.17351150512695,79.58828735351562,91.98992919921875,139.13682556152344,log,2025-03-01,2025-03-29,4
47,2025-03-01,2025-03-08,1,527.5234985351562,157.79999999999998,447.99072265625,527.5234985351562,568.6885986328125,604.1870727539062,log,2025-03-01,2025-03-08,1
47,2025-03-01,2025-03-15,2,492.9369201660156,122.61419677734375,463.54833984375,492.9369201660156,621.78076171875,757.2176513671875,log,2025-03-01,2025-03-15,2
47,2025-03-01,2025-03-22,3,506.4568176269531,104.68080139160156,349.50567626953125,506.4568176269531,656.2178955078125,718.7659301757812,log,2025-03-01,2025-03-22,3
47,2025-03-01,2025-03-29,4,597.1583862304688,69.91035461425781,380.4774475097656,597.1583862304688,691.9629516601562,832.2376708984375,log,2025-03-01,2025-03-29,4
48,2025-03-01,2025-03-08,1,1272.88916015625,465.9,996.1236572265625,1272.88916015625,1509.7220458984375,1608.701171875,log,2025-03-01,2025-03-08,1
48,2025-03-01,2025-03-15,2,935.4046630859375,132.7815,614.7653198242188,935.4046630859375,1323.8846435546875,1597.6243896484375,log,2025-03-01,2025-03-15,2
48,2025-03-01,2025-03-22,3,849.1585083007812,54.46125030517578,517.045166015625,849.1585083007812,1004.2423095703125,1126.94482421875,log,2025-03-01,2025-03-22,3
48,2025-03-01,2025-03-29,4,805.6598510742188,39.062705993652344,496.1104431152344,805.6598510742188,1073.2117919921875,1126.8668212890625,log,2025-03-01,2025-03-29,4
49,2025-03-01,2025-03-08,1,113.97571563720703,70.84923553466797,87.74273681640625,113.97571563720703,114.5606460571289,134.96485900878906,log,2025-03-01,2025-03-08,1
49,2025-03-01,2025-03-15,2,96.08924865722656,55.26422119140625,92.2300796508789,96.08924865722656,101.64169311523438,177.55776977539062,log,2025-03-01,2025-03-15,2
49,2025-03-01,2025-03-22,3,107.58356475830078,34.07674026489258,58.611507415771484,107.58356475830078,127.0766830444336,158.05319213867188,log,2025-03-01,2025-03-22,3
49,2025-03-01,2025-03-29,4,130.59446716308594,24.892305374145508,72.75848388671875,130.59446716308594,152.66226196289062,155.9223175048828,log,2025-03-01,2025-03-29,4
50,2025-03-01,2025-03-08,1,58.365882873535156,41.124595642089844,44.44204330444336,58.365882873535156,83.0962142944336,88.78174591064453,log,2025-03-01,2025-03-08,1
50,2025-03-01,2025-03-15,2,36.39897537231445,22.274274826049805,32.18732833862305,36.39897537231445,54.61853790283203,114.49932861328125,log,2025-03-01,2025-03-15,2
50,2025-03-01,2025-03-22,3,39.33157730102539,16.263568878173828,34.49876022338867,39.33157730102539,46.670448303222656,106.71887969970703,log,2025-03-01,2025-03-22,3
50,2025-03-01,2025-03-29,4,56.02079391479492,7.428424835205078,35.050289154052734,56.02079391479492,56.68680191040039,120.22657012939453,log,2025-03-01,2025-03-29,4
51,2025-03-01,2025-03-08,1,734.7554321289062,218.1,602.6664428710938,734.7554321289062,846.7090454101562,893.9972534179688,log,2025-03-01,2025-03-08,1
51,2025-03-01,2025-03-15,2,617.81884765625,122.61419677734375,527.8068237304688,617.81884765625,782.4570922851562,1115.5811767578125,log,2025-03-01,2025-03-15,2
51,2025-03-01,2025-03-22,3,650.8583984375,94.62167358398438,517.2174072265625,650.8583984375,710.2236938476562,780.3958129882812,log,2025-03-01,2025-03-22,3
51,2025-03-01,2025-03-29,4,660.1532592773438,68.18077087402344,434.4258117675781,660.1532592773438,828.0615844726562,875.3038940429688,log,2025-03-01,2025-03-29,4
53,2025-03-01,2025-03-08,1,312.22088623046875,126.6,292.4328308105469,312.22088623046875,365.8274230957031,501.2854919433594,log,2025-03-01,2025-03-08,1
53,2025-03-01,2025-03-15,2,368.55908203125,117.3498306274414,320.3498840332031,368.55908203125,391.22796630859375,563.605224609375,log,2025-03-01,2025-03-15,2
53,2025-03-01,2025-03-22,3,380.5358581542969,98.11686706542969,227.90579223632812,380.5358581542969,470.6448059082031,508.9173278808594,log,2025-03-01,2025-03-22,3
53,2025-03-01,2025-03-29,4,497.2457580566406,61.22832489013672,261.6712646484375,497.2457580566406,526.4696044921875,582.0462646484375,log,2025-03-01,2025-03-29,4
54,2025-03-01,2025-03-08,1,375.831787109375,209.25067138671875,353.9547119140625,375.831787109375,522.7587280273438,580.325927734375,log,2025-03-01,2025-03-08,1
54,2025-03-01,2025-03-15,2,355.4892578125,161.1870574951172,267.3396911621094,355.4892578125,444.3908996582031,776.2730712890625,log,2025-03-01,2025-03-15,2
54,2025-03-01,2025-03-22,3,358.34283447265625,163.72267150878906,295.4794616699219,358.34283447265625,462.8296203613281,1046.856689453125,log,2025-03-01,2025-03-22,3
54,2025-03-01,2025-03-29,4,510.49658203125,127.67903900146484,319.168212890625,510.49658203125,527.646484375,1043.713623046875,log,2025-03-01,2025-03-29,4
55,2025-03-01,2025-03-08,1,584.9708251953125,234.89999999999998,547.7593994140625,584.9708251953125,717.0389404296875,1024.38818359375,log,2025-03-01,2025-03-08,1
55,2025-03-01,2025-03-15,2,449.6663818359375,122.61419677734375,420.2679748535156,449.6663818359375,563.4558715820312,948.236572265625,log,2025-03-01,2025-03-15,2
55,2025-03-01,2025-03-22,3,331.6199951171875,94.62167358398438,308.4389343261719,331.6199951171875,458.4817810058594,731.7535400390625,log,2025-03-01,2025-03-22,3
55,2025-03-01,2025-03-29,4,402.8928527832031,68.0334701538086,346.14129638671875,402.8928527832031,562.528564453125,1014.7637939453125,log,2025-03-01,2025-03-29,4
56,2025-03-01,2025-03-08,1,50.58954620361328,34.433963775634766,44.254478454589844,50.58954620361328,67.73011016845703,84.88679504394531,log,2025-03-01,2025-03-08,1
56,2025-03-01,2025-03-15,2,35.50202560424805,21.212942123413086,32.80876922607422,35.50202560424805,52.321346282958984,101.07196044921875,log,2025-03-01,2025-03-15,2
56,2025-03-01,2025-03-22,3,27.519739151000977,15.506265640258789,27.08810043334961,27.519739151000977,40.53820037841797,88.44396209716797,log,2025-03-01,2025-03-22,3
56,2025-03-01,2025-03-29,4,44.78548049926758,10.559552192687988,40.76510238647461,44.78548049926758,45.604496002197266,98.57029724121094,log,2025-03-01,2025-03-29,4
72,2025-03-01,2025-03-08,1,263.221435546875,150.80015563964844,233.89215087890625,263.221435546875,310.8027038574219,365.70849609375,log,2025-03-01,2025-03-08,1
72,2025-03-01,2025-03-15,2,258.0447082519531,139.811279296875,244.74359130859375,258.0447082519531,308.74346923828125,357.5295104980469,log,2025-03-01,2025-03-15,2
72,2025-03-01,2025-03-22,3,175.39590454101562,81.43473052978516,141.64112854003906,175.39590454101562,226.90618896484375,397.83062744140625,log,2025-03-01,2025-03-22,3
72,2025-03-01,2025-03-29,4,250.48248291015625,65.70680236816406,173.8248291015625,250.48248291015625,256.8785705566406,392.55157470703125,log,2025-03-01,2025-03-29,4
US,2025-03-01,2025-03-08,1,9570.6,9570.6,9570.6,9570.6,9570.6,9570.6,log,2025-03-01,2025-03-08,1
US,2025-03-01,2025-03-15,2,2727.621,2727.621,2727.621,2727.621,2727.621,2727.621,log,2025-03-01,2025-03-15,2
US,2025-03-01,2025-03-22,3,961.5100708007812,736.4576700000001,736.4576700000001,961.5100708007812,1073.489501953125,1127.12060546875,log,2025-03-01,2025-03-22,3
US,2025-03-01,2025-03-29,4,954.0115356445312,187.79670585000002,641.002685546875,954.0115356445312,1073.2117919921875,1079.4837646484375,log,2025-03-01,2025-03-29,4
01,2025-03-08,2025-03-15,1,252.9546356201172,132.0191192626953,211.40771484375,252.9546356201172,316.79693603515625,338.4147644042969,log,2025-03-08,2025-03-15,1
01,2025-03-08,2025-03-22,2,256.679443359375,110.2718734741211,209.30551147460938,256.679443359375,272.8273620605469,310.4515686035156,log,2025-03-08,2025-03-22,2
01,2025-03-08,2025-03-29,3,196.8363800048828,88.26581573486328,188.1005859375,196.8363800048828,252.77740478515625,314.3194580078125,log,2025-03-08,2025-03-29,3
01,2025-03-08,2025-04-05,4,167.45945739746094,44.39195251464844,121.46918487548828,167.45945739746094,259.1890563964844,328.43341064453125,log,2025-03-08,2025-04-05,4
02,2025-03-08,2025-03-15,1,61.72299575805664,35.49456787109375,52.666297912597656,61.72299575805664,61.916534423828125,85.07362365722656,log,2025-03-08,2025-03-15,1
02,2025-03-08,2025-03-22,2,49.925479888916016,21.634042739868164,38.77845001220703,49.925479888916016,58.23016357421875,104.90447998046875,log,2025-03-08,2025-03-22,2
02,2025-03-08,2025-03-29,3,36.939273834228516,20.52296257019043,27.79283905029297,36.939273834228516,63.320228576660156,107.43987274169922,log,2025-03-08,2025-03-29,3
02,2025-03-08,2025-04-05,4,27.343372344970703,13.186269760131836,19.010498046875,27.343372344970703,48.619380950927734,128.69552612304688,log,2025-03-08,2025-04-05,4
04,2025-03-08,2025-03-15,1,364.5835876464844,149.7,363.24359130859375,364.5835876464844,372.5234375,529.9651489257812,log,2025-03-08,2025-03-15,1
04,2025-03-08,2025-03-22,2,318.42254638671875,119.69374084472656,259.6567077636719,318.42254638671875,341.3958435058594,480.8844299316406,log,2025-03-08,2025-03-22,2
04,2025-03-08,2025-03-29,3,293.2060546875,98.71749877929688,270.3096923828125,293.2060546875,413.3644104003906,624.2772827148438,log,2025-03-08,2025-03-29,3
04,2025-03-08,2025-04-05,4,280.3796081542969,56.026668548583984,174.0565643310547,280.3796081542969,377.3398742675781,513.8200073242188,log,2025-03-08,2025-04-05,4
05,2025-03-08,2025-03-15,1,268.9049072265625,151.61732482910156,249.7531280517578,268.9049072265625,291.1318054199219,324.9842224121094,log,2025-03-08,2025-03-15,1
05,2025-03-08,2025-03-22,2,245.6471710205078,122.6434326171875,234.2483673095703,245.6471710205078,263.2322692871094,296.3207092285156,log,2025-03-08,2025-03-22,2
05,2025-03-08,2025-03-29,3,200.0625457763672,95.92998504638672,175.93260192871094,200.0625457763672,201.48004150390625,432.5297546386719,log,2025-03-08,2025-03-29,3
05,2025-03-08,2025-04-05,4,144.32040405273438,52.9748649597168,143.14352416992188,144.32040405273438,154.09019470214844,478.17218017578125,log,2025-03-08,2025-04-05,4
06,2025-03-08,2025-03-15,1,989.2003173828125,320.7,778.8521728515625,989.2003173828125,1023.7634887695312,1273.43115234375,log,2025-03-08,2025-03-15,1
06,2025-03-08,2025-03-22,2,684.7926025390625,91.39949999999999,508.6365966796875,684.7926025390625,854.6068725585938,951.780029296875,log,2025-03-08,2025-03-22,2
06,2025-03-08,2025-03-29,3,624.8983764648438,50.07162094116211,313.4381103515625,624.8983764648438,740.0404052734375,803.925048828125,log,2025-03-08,2025-03-29,3
06,2025-03-08,2025-04-05,4,367.59393310546875,27.56899070739746,241.29782104492188,367.59393310546875,518.799560546875,566.8630981445312,log,2025-03-08,2025-04-05,4
08,2025-03-08,2025-03-15,1,292.7251281738281,142.76742553710938,250.5240936279297,292.7251281738281,319.684326171875,326.4502258300781,log,2025-03-08,2025-03-15,1
08,2025-03-08,2025-03-22,2,294.9131164550781,117.41085052490234,231.77166748046875,294.9131164550781,303.6891784667969,330.4801330566406,log,2025-03-08,2025-03-22,2
08,2025-03-08,2025-03-29,3,278.46441650390625,93.6357650756836,212.40882873535156,278.46441650390625,293.48284912109375,322.4728698730469,log,2025-03-08,2025-03-29,3
08,2025-03-08,2025-04-05,4,230.39100646972656,53.534027099609375,173.52073669433594,230.39100646972656,267.2915954589844,346.7984313964844,log,2025-03-08,2025-04-05,4
09,2025-03-08,2025-03-15,1,166.71470642089844,125.14059448242188,153.51487731933594,166.71470642089844,181.7572021484375,192.8722686767578,log,2025-03-08,2025-03-15,1
09,2025-03-08,2025-03-22,2,162.97232055664062,89.78580474853516,147.83462524414062,162.97232055664062,179.9519805908203,180.52598571777344,log,2025-03-08,2025-03-22,2
09,2025-03-08,2025-03-29,3,136.96710205078125,46.13002395629883,109.31843566894531,136.96710205078125,158.2308349609375,216.89486694335938,log,2025-03-08,2025-03-29,3
09,2025-03-08,2025-04-05,4,104.47293853759766,30.000995635986328,88.22726440429688,104.47293853759766,116.42233276367188,218.95460510253906,log,2025-03-08,2025-04-05,4
10,2025-03-08,2025-03-15,1,60.86910629272461,44.21940612792969,54.860801696777344,60.86910629272461,66.18707275390625,100.02214813232422,log,2025-03-08,2025-03-15,1
10,2025-03-08,2025-03-22,2,47.43155288696289,25.713285446166992,46.532737731933594,47.43155288696289,61.68412780761719,111.92007446289062,log,2025-03-08,2025-03-22,2
10,2025-03-08,2025-03-29,3,43.61539840698242,16.652467727661133,29.229463577270508,43.61539840698242,47.268104553222656,93.96367645263672,log,2025-03-08,2025-03-29,3
10,2025-03-08,2025-04-05,4,34.57421112060547,10.623223304748535,20.562198638916016,34.57421112060547,37.37297439575195,79.83709716796875,log,2025-03-08,2025-04-05,4
11,2025-03-08,2025-03-15,1,83.20186614990234,54.498313903808594,79.34049987792969,83.20186614990234,96.40666198730469,118.1276626586914,log,2025-03-08,2025-03-15,1
11,2025-03-08,2025-03-22,2,62.11737823486328,49.39784240722656,50.537261962890625,62.11737823486328,69.40362548828125,135.4844512939453,log,2025-03-08,2025-03-22,2
11,2025-03-08,2025-03-29,3,45.577735900878906,21.054271697998047,32.65549850463867,45.577735900878906,51.92137145996094,124.36263275146484,log,2025-03-08,2025-03-29,3
11,2025-03-08,2025-04-05,4,43.55113220214844,20.186248779296875,30.349746704101562,43.55113220214844,46.61956024169922,105.27903747558594,log,2025-03-08,2025-04-05,4
12,2025-03-08,2025-03-15,1,1340.0281982421875,396.59999999999997,1165.316650390625,1340.0281982421875,1450.843017578125,1583.8614501953125,log,2025-03-08,2025-03-15,1
12,2025-03-08,2025-03-22,2,1035.4189453125,122.6434326171875,846.2116088867188,1035.4189453125,1126.333984375,1278.5936279296875,log,2025-03-08,2025-03-22,2
12,2025-03-08,2025-03-29,3,879.2136840820312,95.06639862060547,702.2867431640625,879.2136840820312,905.8262329101562,1212.6788330078125,log,2025-03-08,2025-03-29,3
12,2025-03-08,2025-04-05,4,597.328369140625,41.15767288208008,496.1130676269531,597.328369140625,603.3326416015625,843.2100830078125,log,2025-03-08,2025-04-05,4
13,2025-03-08,2025-03-15,1,345.4069519042969,132.62376403808594,282.8978271484375,345.4069519042969,357.786376953125,372.7406311035156,log,2025-03-08,2025-03-15,1
13,2025-03-08,2025-03-22,2,279.5191345214844,100.4783935546875,234.33689880371094,279.5191345214844,364.83001708984375,379.8473205566406,log,2025-03-08,2025-03-22,2
13,2025-03-08,2025-03-29,3,317.1699523925781,60.736080169677734,223.74964904785156,317.1699523925781,352.6895751953125,372.1976623535156,log,2025-03-08,2025-03-29,3
13,2025-03-08,2025-04-05,4,246.43289184570312,34.40581130981445,170.6744384765625,246.43289184570312,359.6133728027344,409.177734375,log,2025-03-08,2025-04-05,4
15,2025-03-08,2025-03-15,1,52.114871978759766,32.23312759399414,43.141536712646484,52.114871978759766,57.733848571777344,87.39832305908203,log,2025-03-08,2025-03-15,1
15,2025-03-08,2025-03-22,2,41.604366302490234,16.879322052001953,34.11183166503906,41.604366302490234,59.624732971191406,86.83119201660156,log,2025-03-08,2025-03-22,2
15,2025-03-08,2025-03-29,3,47.478248596191406,16.455074310302734,34.1345100402832,47.478248596191406,59.47321319580078,89.58067321777344,log,2025-03-08,2025-03-29,3
15,2025-03-08,2025-04-05,4,37.410072326660156,11.288084030151367,22.39415168762207,37.410072326660156,41.834964752197266,86.1106185913086,log,2025-03-08,2025-04-05,4
16,2025-03-08,2025-03-15,1,94.23703002929688,62.46465301513672,85.3665542602539,94.23703002929688,97.2237777709961,115.44161987304688,log,2025-03-08,2025-03-15,1
16,2025-03-08,2025-03-22,2,85.33370208740234,51.828006744384766,74.18531036376953,85.33370208740234,94.44660949707031,125.37792205810547,log,2025-03-08,2025-03-22,2
16,2025-03-08,2025-03-29,3,81.01775360107422,42.80412292480469,70.94481658935547,81.01775360107422,99.86075592041016,127.35663604736328,log,2025-03-08,2025-03-29,3
16,2025-03-08,2025-04-05,4,76.7304916381836,31.155153274536133,68.409423828125,76.7304916381836,92.17621612548828,117.24446105957031,log,2025-03-08,2025-04-05,4
17,2025-03-08,2025-03-15,1,792.8084716796875,288.0,705.3228149414062,792.8084716796875,854.5130615234375,1071.348876953125,log,2025-03-08,2025-03-15,1
17,2025-03-08,2025-03-22,2,679.1478881835938,95.50316619873047,652.3113403320312,679.1478881835938,696.7674560546875,970.6460571289062,log,2025-03-08,2025-03-22,2
17,2025-03-08,2025-03-29,3,636.6845703125,73.7995376586914,491.59014892578125,636.6845703125,694.6917114257812,921.5968017578125,log,2025-03-08,2025-03-29,3
17,2025-03-08,2025-04-05,4,350.8838806152344,37.42306137084961,281.4512634277344,350.8838806152344,466.74176025390625,735.9492797851562,log,2025-03-08,2025-04-05,4
18,2025-03-08,2025-03-15,1,802.0618286132812,270.0,641.1867065429688,802.0618286132812,836.1293334960938,1001.440673828125,log,2025-03-08,2025-03-15,1
18,2025-03-08,2025-03-22,2,617.2537231445312,119.69374084472656,578.1211547851562,617.2537231445312,701.7289428710938,934.5227661132812,log,2025-03-08,2025-03-22,2
18,2025-03-08,2025-03-29,3,525.662841796875,102.42694091796875,497.47625732421875,525.662841796875,551.5161743164062,971.473876953125,log,2025-03-08,2025-03-29,3
18,2025-03-08,2025-04-05,4,387.8884582519531,40.770748138427734,362.9682312011719,387.8884582519531,401.5918884277344,821.592529296875,log,2025-03-08,2025-04-05,4
19,2025-03-08,2025-03-15,1,222.0048828125,151.61732482910156,220.62783813476562,222.0048828125,260.8028259277344,279.5021667480469,log,2025-03-08,2025-03-15,1
19,2025-03-08,2025-03-22,2,231.20750427246094,119.69374084472656,215.2757110595703,231.20750427246094,248.34356689453125,263.6869812011719,log,2025-03-08,2025-03-22,2
19,2025-03-08,2025-03-29,3,221.3132781982422,92.3579330444336,168.7935028076172,221.3132781982422,233.00048828125,347.837158203125,log,2025-03-08,2025-03-29,3
19,2025-03-08,2025-04-05,4,145.8935089111328,49.380062103271484,123.20841217041016,145.8935089111328,162.2996368408203,329.851806640625,log,2025-03-08,2025-04-05,4
20,2025-03-08,2025-03-15,1,218.0512237548828,140.76316833496094,198.9068603515625,218.0512237548828,233.12672424316406,269.51214599609375,log,2025-03-08,2025-03-15,1
20,2025-03-08,2025-03-22,2,224.87612915039062,119.69731140136719,194.68336486816406,224.87612915039062,226.86630249023438,227.0477294921875,log,2025-03-08,2025-03-22,2
20,2025-03-08,2025-03-29,3,191.8013916015625,89.10641479492188,168.71603393554688,191.8013916015625,194.21885681152344,209.2646026611328,log,2025-03-08,2025-03-29,3
20,2025-03-08,2025-04-05,4,166.7092742919922,47.07349395751953,120.74201965332031,166.7092742919922,170.57598876953125,216.11741638183594,log,2025-03-08,2025-04-05,4
21,2025-03-08,2025-03-15,1,534.6863403320312,189.9,483.4013366699219,534.6863403320312,613.6625366210938,642.7733154296875,log,2025-03-08,2025-03-15,1
21,2025-03-08,2025-03-22,2,413.1797180175781,122.6434326171875,409.57049560546875,413.1797180175781,520.4561157226562,581.9943237304688,log,2025-03-08,2025-03-22,2
21,2025-03-08,2025-03-29,3,400.920166015625,105.4412841796875,294.138916015625,400.920166015625,461.3532409667969,710.1124877929688,log,2025-03-08,2025-03-29,3
21,2025-03-08,2025-04-05,4,297.8560791015625,50.76693344116211,220.96817016601562,297.8560791015625,328.5151062011719,555.046142578125,log,2025-03-08,2025-04-05,4
22,2025-03-08,2025-03-15,1,279.19775390625,170.2060089111328,277.8560791015625,279.19775390625,375.17022705078125,524.35302734375,log,2025-03-08,2025-03-15,1
22,2025-03-08,2025-03-22,2,230.5622100830078,147.99168395996094,215.1332244873047,230.5622100830078,261.7469177246094,393.0311279296875,log,2025-03-08,2025-03-22,2
22,2025-03-08,2025-03-29,3,200.8286895751953,110.77206420898438,197.96946716308594,200.8286895751953,268.17730712890625,484.2109069824219,log,2025-03-08,2025-03-29,3
22,2025-03-08,2025-04-05,4,143.1042022705078,74.25352478027344,134.75062561035156,143.1042022705078,196.88656616210938,513.241455078125,log,2025-03-08,2025-04-05,4
23,2025-03-08,2025-03-15,1,152.64923095703125,98.22335815429688,132.04176330566406,152.64923095703125,152.76071166992188,261.98846435546875,log,2025-03-08,2025-03-15,1
23,2025-03-08,2025-03-22,2,130.94387817382812,77.50190734863281,107.62167358398438,130.94387817382812,131.88282775878906,210.76715087890625,log,2025-03-08,2025-03-22,2
23,2025-03-08,2025-03-29,3,99.8443603515625,59.488468170166016,76.63526153564453,99.8443603515625,112.14261627197266,202.99990844726562,log,2025-03-08,2025-03-29,3
23,2025-03-08,2025-04-05,4,90.9001235961914,32.6235466003418,61.98112869262695,90.9001235961914,91.94568634033203,173.38938903808594,log,2025-03-08,2025-04-05,4
24,2025-03-08,2025-03-15,1,291.0819396972656,144.29428100585938,287.74639892578125,291.0819396972656,297.07958984375,355.37591552734375,log,2025-03-08,2025-03-15,1
24,2025-03-08,2025-03-22,2,238.71156311035156,89.78580474853516,235.6952667236328,238.71156311035156,362.8998718261719,364.9362487792969,log,2025-03-08,2025-03-22,2
24,2025-03-08,2025-03-29,3,290.54217529296875,50.80486297607422,187.8896942138672,290.54217529296875,384.899658203125,395.7772521972656,log,2025-03-08,2025-03-29,3
24,2025-03-08,2025-04-05,4,210.14190673828125,36.33485794067383,148.2992706298828,210.14190673828125,263.1740417480469,426.14422607421875,log,2025-03-08,2025-04-05,4
25,2025-03-08,2025-03-15,1,543.032958984375,224.7,478.9469299316406,543.032958984375,557.565673828125,749.0580444335938,log,2025-03-08,2025-03-15,1
25,2025-03-08,2025-03-22,2,473.759765625,95.50316619873047,395.56561279296875,473.759765625,499.17364501953125,706.6494140625,log,2025-03-08,2025-03-22,2
25,2025-03-08,2025-03-29,3,329.11871337890625,82.3945541381836,299.4640197753906,329.11871337890625,462.0020751953125,851.0009765625,log,2025-03-08,2025-03-29,3
25,2025-03-08,2025-04-05,4,338.4581298828125,40.770748138427734,256.3631286621094,338.4581298828125,462.14361572265625,747.7337036132812,log,2025-03-08,2025-04-05,4
26,2025-03-08,2025-03-15,1,1010.0532836914062,379.2,971.8741455078125,1010.0532836914062,1078.951171875,1274.67333984375,log,2025-03-08,2025-03-15,1
26,2025-03-08,2025-03-22,2,648.1201782226562,119.69374084472656,645.4224243164062,648.1201782226562,795.260498046875,1035.5721435546875,log,2025-03-08,2025-03-22,2
26,2025-03-08,2025-03-29,3,559.8582763671875,105.4412841796875,526.1932373046875,559.8582763671875,604.2874755859375,1226.395751953125,log,2025-03-08,2025-03-29,3
26,2025-03-08,2025-04-05,4,420.1484680175781,50.76693344116211,402.7012939453125,420.1484680175781,450.91253662109375,973.238525390625,log,2025-03-08,2025-04-05,4
27,2025-03-08,2025-03-15,1,186.14915466308594,124.95745086669922,178.9471435546875,186.14915466308594,198.47000122070312,204.94891357421875,log,2025-03-08,2025-03-15,1
27,2025-03-08,2025-03-22,2,184.05482482910156,78.20340728759766,167.09925842285156,184.05482482910156,209.96871948242188,255.30255126953125,log,2025-03-08,2025-03-22,2
27,2025-03-08,2025-03-29,3,218.63389587402344,49.20235061645508,128.89846801757812,218.63389587402344,239.85215759277344,253.75050354003906,log,2025-03-08,2025-03-29,3
27,2025-03-08,2025-04-05,4,170.5803985595703,24.855188369750977,123.17264556884766,170.5803985595703,175.19305419921875,253.47259521484375,log,2025-03-08,2025-04-05,4
28,2025-03-08,2025-03-15,1,150.57745361328125,93.10553741455078,131.71900939941406,150.57745361328125,158.9810791015625,200.9586639404297,log,2025-03-08,2025-03-15,1
28,2025-03-08,2025-03-22,2,150.10362243652344,92.78734588623047,120.59233856201172,150.10362243652344,165.09205627441406,191.1551513671875,log,2025-03-08,2025-03-22,2
28,2025-03-08,2025-03-29,3,126.16223907470703,56.159767150878906,95.64075469970703,126.16223907470703,149.95094299316406,181.37911987304688,log,2025-03-08,2025-03-29,3
28,2025-03-08,2025-04-05,4,104.39667510986328,32.479576110839844,70.01386260986328,104.39667510986328,119.12320709228516,153.8250732421875,log,2025-03-08,2025-04-05,4
29,2025-03-08,2025-03-15,1,612.9396362304688,207.9,522.0108032226562,612.9396362304688,681.5130615234375,684.552978515625,log,2025-03-08,2025-03-15,1
29,2025-03-08,2025-03-22,2,587.19189453125,97.86164855957031,551.982666015625,587.19189453125,736.2578735351562,757.64404296875,log,2025-03-08,2025-03-22,2
29,2025-03-08,2025-03-29,3,520.6854248046875,85.55521392822266,427.9017028808594,520.6854248046875,534.8092041015625,782.1904296875,log,2025-03-08,2025-03-29,3
29,2025-03-08,2025-04-05,4,426.6374206542969,40.770748138427734,356.7103271484375,426.6374206542969,460.79534912109375,721.1156005859375,log,2025-03-08,2025-04-05,4
30,2025-03-08,2025-03-15,1,105.04425811767578,77.9485855102539,98.51642608642578,105.04425811767578,133.1779022216797,184.63671875,log,2025-03-08,2025-03-15,1
30,2025-03-08,2025-03-22,2,86.45982360839844,55.59184265136719,71.99750518798828,86.45982360839844,104.06319427490234,173.21517944335938,log,2025-03-08,2025-03-22,2
30,2025-03-08,2025-03-29,3,59.96797180175781,39.046424865722656,46.15574264526367,59.96797180175781,79.57272338867188,169.2238006591797,log,2025-03-08,2025-03-29,3
30,2025-03-08,2025-04-05,4,54.0018424987793,22.815860748291016,40.19496536254883,54.0018424987793,60.60660171508789,141.90664672851562,log,2025-03-08,2025-04-05,4
31,2025-03-08,2025-03-15,1,119.23271942138672,90.19325256347656,118.15265655517578,119.23271942138672,147.92364501953125,187.61276245117188,log,2025-03-08,2025-03-15,1
31,2025-03-08,2025-03-22,2,126.30924224853516,59.63424301147461,103.80730438232422,126.30924224853516,138.9281005859375,174.5412139892578,log,2025-03-08,2025-03-22,2
31,2025-03-08,2025-03-29,3,123.73291015625,50.92442321777344,87.4695053100586,123.73291015625,145.45367431640625,186.31565856933594,log,2025-03-08,2025-03-29,3
31,2025-03-08,2025-04-05,4,101.96306610107422,30.017955780029297,59.45562744140625,101.96306610107422,105.10504913330078,170.35678100585938,log,2025-03-08,2025-04-05,4
32,2025-03-08,2025-03-15,1,73.28499603271484,52.603153228759766,66.7239761352539,73.28499603271484,84.99727630615234,112.28384399414062,log,2025-03-08,2025-03-15,1
32,2025-03-08,2025-03-22,2,71.18653106689453,31.70655632019043,52.94173812866211,71.18653106689453,77.0198745727539,92.63175201416016,log,2025-03-08,2025-03-22,2
32,2025-03-08,2025-03-29,3,72.14015197753906,25.792497634887695,50.80729675292969,72.14015197753906,84.3521728515625,92.00731658935547,log,2025-03-08,2025-03-29,3
32,2025-03-08,2025-04-05,4,61.44072723388672,17.26739501953125,41.95547103881836,61.44072723388672,69.85799407958984,76.49519348144531,log,2025-03-08,2025-04-05,4
33,2025-03-08,2025-03-15,1,118.98381805419922,78.97681427001953,102.466552734375,118.98381805419922,125.40311431884766,157.7158203125,log,2025-03-08,2025-03-15,1
33,2025-03-08,2025-03-22,2,86.82825469970703,58.04714584350586,75.23326873779297,86.82825469970703,99.95987701416016,163.77978515625,log,2025-03-08,2025-03-22,2
33,2025-03-08,2025-03-29,3,72.32403564453125,41.74878692626953,55.08652114868164,72.32403564453125,96.60929107666016,168.71409606933594,log,2025-03-08,2025-03-29,3
33,2025-03-08,2025-04-05,4,66.35115051269531,23.0390567779541,41.24009323120117,66.35115051269531,71.36422729492188,141.39097595214844,log,2025-03-08,2025-04-05,4
34,2025-03-08,2025-03-15,1,561.5225830078125,189.0,503.5234069824219,561.5225830078125,569.3792724609375,584.1334838867188,log,2025-03-08,2025-03-15,1
34,2025-03-08,2025-03-22,2,466.1287841796875,89.78580474853516,404.76068115234375,466.1287841796875,535.9417724609375,578.3263549804688,log,2025-03-08,2025-03-22,2
34,2025-03-08,2025-03-29,3,444.3624267578125,52.867916107177734,306.8785400390625,444.3624267578125,505.4057922363281,713.9954223632812,log,2025-03-08,2025-03-29,3
34,2025-03-08,2025-04-05,4,279.56689453125,35.15214920043945,251.88796997070312,279.56689453125,437.0420837402344,562.3233032226562,log,2025-03-08,2025-04-05,4
35,2025-03-08,2025-03-15,1,155.96923828125,91.4773941040039,137.3339080810547,155.96923828125,172.0370635986328,206.4501953125,log,2025-03-08,2025-03-15,1
35,2025-03-08,2025-03-22,2,145.98838806152344,80.8317642211914,117.41610717773438,145.98838806152344,169.3118896484375,190.9871826171875,log,2025-03-08,2025-03-22,2
35,2025-03-08,2025-03-29,3,152.1180877685547,66.64764404296875,114.60374450683594,152.1180877685547,174.8331756591797,200.87960815429688,log,2025-03-08,2025-03-29,3
35,2025-03-08,2025-04-05,4,124.15782165527344,45.851104736328125,82.45223236083984,124.15782165527344,149.3069610595703,172.2122344970703,log,2025-03-08,2025-04-05,4
36,2025-03-08,2025-03-15,1,1401.763671875,383.4,1123.3201904296875,1401.763671875,1427.7496337890625,1525.98779296875,log,2025-03-08,2025-03-15,1
36,2025-03-08,2025-03-22,2,1081.849609375,119.69374084472656,903.4088134765625,1081.849609375,1108.0103759765625,1249.89990234375,log,2025-03-08,2025-03-22,2
36,2025-03-08,2025-03-29,3,894.2908935546875,103.69991302490234,783.6096801757812,894.2908935546875,1000.334716796875,1223.648681640625,log,2025-03-08,2025-03-29,3
36,2025-03-08,2025-04-05,4,580.0673828125,46.48194122314453,457.4072570800781,580.0673828125,716.477294921875,843.2100830078125,log,2025-03-08,2025-04-05,4
37,2025-03-08,2025-03-15,1,763.1232299804688,246.6,674.3507080078125,763.1232299804688,863.2555541992188,1043.6239013671875,log,2025-03-08,2025-03-15,1
37,2025-03-08,2025-03-22,2,548.5609741210938,122.6434326171875,528.8283081054688,548.5609741210938,688.329833984375,848.0079956054688,log,2025-03-08,2025-03-22,2
37,2025-03-08,2025-03-29,3,529.6697387695312,74.90814971923828,471.7018737792969,529.6697387695312,564.1954345703125,570.3644409179688,log,2025-03-08,2025-03-29,3
37,2025-03-08,2025-04-05,4,304.9458923339844,46.48194122314453,269.83172607421875,304.9458923339844,394.7059631347656,444.0304260253906,log,2025-03-08,2025-04-05,4
38,2025-03-08,2025-03-15,1,21.388916015625,9.6,16.061498641967773,21.388916015625,34.25920867919922,61.997318267822266,log,2025-03-08,2025-03-15,1
38,2025-03-08,2025-03-22,2,24.337560653686523,3.282100200653076,13.860651016235352,24.337560653686523,33.55120086669922,56.612388610839844,log,2025-03-08,2025-03-22,2
38,2025-03-08,2025-03-29,3,18.941829681396484,3.465083122253418,10.039705276489258,18.941829681396484,27.83867835998535,55.64756774902344,log,2025-03-08,2025-03-29,3
38,2025-03-08,2025-04-05,4,16.370155334472656,1.909834384918213,6.573532581329346,16.370155334472656,20.40386962890625,46.464576721191406,log,2025-03-08,2025-04-05,4
39,2025-03-08,2025-03-15,1,1467.638916015625,571.5,1165.7589111328125,1467.638916015625,1539.555908203125,1901.5048828125,log,2025-03-08,2025-03-15,1
39,2025-03-08,2025-03-22,2,1025.547607421875,162.8775,877.8624267578125,1025.547607421875,1186.2843017578125,1548.3984375,log,2025-03-08,2025-03-22,2
39,2025-03-08,2025-03-29,3,750.2234497070312,98.65019226074219,616.7442016601562,750.2234497070312,839.2823486328125,1260.93359375,log,2025-03-08,2025-03-29,3
39,2025-03-08,2025-04-05,4,495.91943359375,40.65130615234375,462.222900390625,495.91943359375,555.4551391601562,902.0397338867188,log,2025-03-08,2025-04-05,4
40,2025-03-08,2025-03-15,1,193.70327758789062,132.4263916015625,170.19882202148438,193.70327758789062,213.51007080078125,232.84088134765625,log,2025-03-08,2025-03-15,1
40,2025-03-08,2025-03-22,2,192.59336853027344,68.65743255615234,147.8469696044922,192.59336853027344,223.21176147460938,233.6417236328125,log,2025-03-08,2025-03-22,2
40,2025-03-08,2025-03-29,3,186.27073669433594,49.73038864135742,132.28585815429688,186.27073669433594,202.7771759033203,242.57054138183594,log,2025-03-08,2025-03-29,3
40,2025-03-08,2025-04-05,4,136.70361328125,18.91330909729004,107.48114013671875,136.70361328125,147.99537658691406,215.29014587402344,log,2025-03-08,2025-04-05,4
41,2025-03-08,2025-03-15,1,179.3778076171875,131.51771545410156,164.74267578125,179.3778076171875,193.85140991210938,214.23846435546875,log,2025-03-08,2025-03-15,1
41,2025-03-08,2025-03-22,2,179.29490661621094,93.2036361694336,155.5516815185547,179.29490661621094,184.26441955566406,197.50889587402344,log,2025-03-08,2025-03-22,2
41,2025-03-08,2025-03-29,3,185.47544860839844,49.69658279418945,122.33893585205078,185.47544860839844,188.95814514160156,195.57723999023438,log,2025-03-08,2025-03-29,3
41,2025-03-08,2025-04-05,4,154.26904296875,35.63853073120117,83.2187271118164,154.26904296875,170.78662109375,183.65542602539062,log,2025-03-08,2025-04-05,4
42,2025-03-08,2025-03-15,1,1504.4344482421875,728.4,1188.06103515625,1504.4344482421875,1765.133056640625,1929.0264892578125,log,2025-03-08,2025-03-15,1
42,2025-03-08,2025-03-22,2,1138.5086669921875,207.59399999999997,911.0460815429688,1138.5086669921875,1222.5086669921875,1539.8681640625,log,2025-03-08,2025-03-22,2
42,2025-03-08,2025-03-29,3,797.5582275390625,105.4412841796875,601.9788818359375,797.5582275390625,801.3330688476562,1246.5177001953125,log,2025-03-08,2025-03-29,3
42,2025-03-08,2025-04-05,4,488.2844543457031,50.61890411376953,475.0895690917969,488.2844543457031,655.1438598632812,902.0397338867188,log,2025-03-08,2025-04-05,4
44,2025-03-08,2025-03-15,1,64.66468811035156,45.85796356201172,59.87199401855469,64.66468811035156,72.05520629882812,101.0685043334961,log,2025-03-08,2025-03-15,1
44,2025-03-08,2025-03-22,2,50.6583137512207,23.0627498626709,40.20230484008789,50.6583137512207,74.00279235839844,117.4101791381836,log,2025-03-08,2025-03-22,2
44,2025-03-08,2025-03-29,3,56.37095260620117,23.86850357055664,32.19715881347656,56.37095260620117,57.815486907958984,89.80641174316406,log,2025-03-08,2025-03-29,3
44,2025-03-08,2025-04-05,4,34.777496337890625,9.52451229095459,25.261157989501953,34.777496337890625,43.883724212646484,95.33778381347656,log,2025-03-08,2025-04-05,4
45,2025-03-08,2025-03-15,1,342.1202087402344,137.82513427734375,297.12664794921875,342.1202087402344,372.89410400390625,415.4901123046875,log,2025-03-08,2025-03-15,1
45,2025-03-08,2025-03-22,2,239.7771759033203,112.54667663574219,226.8921661376953,239.7771759033203,374.2016296386719,412.34100341796875,log,2025-03-08,2025-03-22,2
45,2025-03-08,2025-03-29,3,314.1374206542969,56.692195892333984,200.34249877929688,314.1374206542969,406.99688720703125,450.6811828613281,log,2025-03-08,2025-03-29,3
45,2025-03-08,2025-04-05,4,200.23068237304688,34.57168197631836,152.70059204101562,200.23068237304688,331.1734924316406,393.94476318359375,log,2025-03-08,2025-04-05,4
46,2025-03-08,2025-03-15,1,52.96539306640625,37.57291793823242,40.91002655029297,52.96539306640625,68.67826080322266,85.51188659667969,log,2025-03-08,2025-03-15,1
46,2025-03-08,2025-03-22,2,37.124393463134766,16.573463439941406,26.158443450927734,37.124393463134766,59.4000129699707,70.74009704589844,log,2025-03-08,2025-03-22,2
46,2025-03-08,2025-03-29,3,40.90411376953125,9.043963432312012,21.296478271484375,40.90411376953125,47.03806686401367,73.59992218017578,log,2025-03-08,2025-03-29,3
46,2025-03-08,2025-04-05,4,30.430362701416016,7.6332316398620605,14.42375373840332,30.430362701416016,39.22194290161133,72.50936889648438,log,2025-03-08,2025-04-05,4
47,2025-03-08,2025-03-15,1,414.7361145019531,151.61732482910156,357.83837890625,414.7361145019531,424.51123046875,536.63427734375,log,2025-03-08,2025-03-15,1
47,2025-03-08,2025-03-22,2,355.1788330078125,122.93939971923828,332.6405944824219,355.1788330078125,468.8846740722656,483.2149658203125,log,2025-03-08,2025-03-22,2
47,2025-03-08,2025-03-29,3,387.172607421875,100.50587463378906,319.10577392578125,387.172607421875,483.1981201171875,538.2036743164062,log,2025-03-08,2025-03-29,3
47,2025-03-08,2025-04-05,4,332.36370849609375,57.49970626831055,214.21957397460938,332.36370849609375,394.9028015136719,531.0531616210938,log,2025-03-08,2025-04-05,4
48,2025-03-08,2025-03-15,1,1107.2745361328125,362.7,957.5399780273438,1107.2745361328125,1161.67626953125,1337.4312744140625,log,2025-03-08,2025-03-15,1
48,2025-03-08,2025-03-22,2,920.388671875,103.36949999999999,628.85693359375,920.388671875,1075.583984375,1098.241455078125,log,2025-03-08,2025-03-22,2
48,2025-03-08,2025-03-29,3,780.7423706054688,65.59527587890625,462.8207702636719,780.7423706054688,846.0460205078125,1141.252197265625,log,2025-03-08,2025-03-29,3
48,2025-03-08,2025-04-05,4,610.6867065429688,33.2571907043457,408.74456787109375,610.6867065429688,648.14306640625,802.0894165039062,log,2025-03-08,2025-04-05,4
49,2025-03-08,2025-03-15,1,115.62293243408203,61.509422302246094,105.62792205810547,115.62293243408203,120.19865417480469,146.73110961914062,log,2025-03-08,2025-03-15,1
49,2025-03-08,2025-03-22,2,96.26203918457031,41.34569549560547,79.09832763671875,96.26203918457031,118.6340103149414,147.48805236816406,log,2025-03-08,2025-03-22,2
49,2025-03-08,2025-03-29,3,92.8497085571289,32.78938293457031,66.65835571289062,92.8497085571289,128.7429656982422,159.12953186035156,log,2025-03-08,2025-03-29,3
49,2025-03-08,2025-04-05,4,98.72130584716797,22.901697158813477,51.452186584472656,98.72130584716797,98.74118041992188,136.072021484375,log,2025-03-08,2025-04-05,4
50,2025-03-08,2025-03-15,1,37.073299407958984,19.055252075195312,25.554256439208984,37.073299407958984,49.11033248901367,70.28520965576172,log,2025-03-08,2025-03-15,1
50,2025-03-08,2025-03-22,2,29.416746139526367,10.808340072631836,25.92021942138672,29.416746139526367,44.08858108520508,68.76429748535156,log,2025-03-08,2025-03-22,2
50,2025-03-08,2025-03-29,3,26.244840621948242,7.04800271987915,17.51215362548828,26.244840621948242,36.36249923706055,64.22598266601562,log,2025-03-08,2025-03-29,3
50,2025-03-08,2025-04-05,4,22.738122940063477,4.576732635498047,12.705120086669922,22.738122940063477,27.623266220092773,57.6966667175293,log,2025-03-08,2025-04-05,4
51,2025-03-08,2025-03-15,1,514.2389526367188,166.79999999999998,458.2798156738281,514.2389526367188,532.6233520507812,584.5222778320312,log,2025-03-08,2025-03-15,1
51,2025-03-08,2025-03-22,2,477.9040222167969,119.69374084472656,467.0935974121094,477.9040222167969,558.9216918945312,579.025146484375,log,2025-03-08,2025-03-22,2
51,2025-03-08,2025-03-29,3,455.08154296875,88.37983703613281,340.6912536621094,455.08154296875,617.0497436523438,701.1166381835938,log,2025-03-08,2025-03-29,3
51,2025-03-08,2025-04-05,4,342.4559631347656,38.453433990478516,274.34735107421875,342.4559631347656,463.0313720703125,538.1962280273438,log,2025-03-08,2025-04-05,4
53,2025-03-08,2025-03-15,1,183.58535766601562,133.12269592285156,179.0841522216797,183.58535766601562,202.52381896972656,221.78359985351562,log,2025-03-08,2025-03-15,1
53,2025-03-08,2025-03-22,2,187.8693389892578,83.50574493408203,171.62574768066406,187.8693389892578,231.9527587890625,239.87673950195312,log,2025-03-08,2025-03-22,2
53,2025-03-08,2025-03-29,3,210.93121337890625,42.50459289550781,140.55093383789062,210.93121337890625,214.92689514160156,252.5514678955078,log,2025-03-08,2025-03-29,3
53,2025-03-08,2025-04-05,4,197.5782012939453,30.67951011657715,122.36540985107422,197.5782012939453,219.7347412109375,232.48577880859375,log,2025-03-08,2025-04-05,4
54,2025-03-08,2025-03-15,1,337.3574523925781,147.91880798339844,313.44140625,337.3574523925781,347.9752502441406,507.3868408203125,log,2025-03-08,2025-03-15,1
54,2025-03-08,2025-03-22,2,266.418212890625,122.93939971923828,184.7489013671875,266.418212890625,364.50482177734375,477.6978454589844,log,2025-03-08,2025-03-22,2
54,2025-03-08,2025-03-29,3,216.1119384765625,105.18441772460938,185.1176300048828,216.1119384765625,302.5748291015625,502.2605285644531,log,2025-03-08,2025-03-29,3
54,2025-03-08,2025-04-05,4,175.0171356201172,54.139259338378906,145.2841339111328,175.0171356201172,287.1794128417969,479.7123718261719,log,2025-03-08,2025-04-05,4
55,2025-03-08,2025-03-15,1,398.8667297363281,151.61732482910156,312.22088623046875,398.8667297363281,400.6402587890625,505.1054992675781,log,2025-03-08,2025-03-15,1
55,2025-03-08,2025-03-22,2,305.0491943359375,95.50316619873047,299.02105712890625,305.0491943359375,383.7674560546875,486.3722839355469,log,2025-03-08,2025-03-22,2
55,2025-03-08,2025-03-29,3,269.3329162597656,78.03484344482422,220.44053649902344,269.3329162597656,425.05615234375,675.783935546875,log,2025-03-08,2025-03-29,3
55,2025-03-08,2025-04-05,4,252.38116455078125,38.453433990478516,156.51959228515625,252.38116455078125,444.16729736328125,513.0965576171875,log,2025-03-08,2025-04-05,4
56,2025-03-08,2025-03-15,1,41.73592758178711,18.063705444335938,34.34185028076172,41.73592758178711,47.291160583496094,83.28071594238281,log,2025-03-08,2025-03-15,1
56,2025-03-08,2025-03-22,2,29.35651206970215,8.658708572387695,21.764057159423828,29.35651206970215,38.54303741455078,81.08383178710938,log,2025-03-08,2025-03-22,2
56,2025-03-08,2025-03-29,3,27.540634155273438,9.767805099487305,18.930105209350586,27.540634155273438,38.753543853759766,80.26757049560547,log,2025-03-08,2025-03-29,3
56,2025-03-08,2025-04-05,4,23.281272888183594,4.032404899597168,12.115203857421875,23.281272888183594,31.03620719909668,76.96175384521484,log,2025-03-08,2025-04-05,4
72,2025-03-08,2025-03-15,1,214.08795166015625,155.62261962890625,188.30267333984375,214.08795166015625,266.9855041503906,316.8805847167969,log,2025-03-08,2025-03-15,1
72,2025-03-08,2025-03-22,2,191.7598419189453,124.4876937866211,185.7299346923828,191.7598419189453,213.36917114257812,285.931396484375,log,2025-03-08,2025-03-22,2
72,2025-03-08,2025-03-29,3,164.36659240722656,103.9417724609375,135.73289489746094,164.36659240722656,243.6846923828125,294.9972229003906,log,2025-03-08,2025-03-29,3
72,2025-03-08,2025-04-05,4,177.53997802734375,48.47966384887695,99.15299987792969,177.53997802734375,194.48695373535156,306.4308166503906,log,2025-03-08,2025-04-05,4
US,2025-03-08,2025-03-15,1,7404.9,7404.9,7404.9,7404.9,7404.9,7404.9,log,2025-03-08,2025-03-15,1
US,2025-03-08,2025-03-22,2,2110.3965,2110.3965,2110.3965,2110.3965,2110.3965,2110.3965,log,2025-03-08,2025-03-22,2
US,2025-03-08,2025-03-29,3,971.0283813476562,569.807055,814.2525024414062,971.0283813476562,1021.8590698242188,1275.0595703125,log,2025-03-08,2025-03-29,3
US,2025-03-08,2025-04-05,4,620.421875,145.300799025,498.3445739746094,620.421875,677.2493896484375,919.0180053710938,log,2025-03-08,2025-04-05,4
01,2025-03-15,2025-03-22,1,227.85885620117188,155.4622039794922,207.81134033203125,227.85885620117188,257.88836669921875,309.4393310546875,log,2025-03-15,2025-03-22,1
01,2025-03-15,2025-03-29,2,206.722900390625,107.04698181152344,159.39012145996094,206.722900390625,230.00515747070312,323.74725341796875,log,2025-03-15,2025-03-29,2
01,2025-03-15,2025-04-05,3,173.24417114257812,61.422420501708984,140.84640502929688,173.24417114257812,201.85073852539062,292.6790466308594,log,2025-03-15,2025-04-05,3
01,2025-03-15,2025-04-12,4,140.85519409179688,37.217769622802734,104.80696105957031,140.85519409179688,222.91998291015625,268.1465148925781,log,2025-03-15,2025-04-12,4
02,2025-03-15,2025-03-22,1,32.718177795410156,12.044228553771973,20.504051208496094,32.718177795410156,35.67995834350586,52.228328704833984,log,2025-03-15,2025-03-22,1
02,2025-03-15,2025-03-29,2,25.745174407958984,5.4627227783203125,19.69893455505371,25.745174407958984,28.209007263183594,61.47110366821289,log,2025-03-15,2025-03-29,2
02,2025-03-15,2025-04-05,3,18.90045166015625,7.66169548034668,15.102035522460938,18.90045166015625,31.610363006591797,52.51828384399414,log,2025-03-15,2025-04-05,3
02,2025-03-15,2025-04-12,4,17.25725746154785,3.502894639968872,9.017395973205566,17.25725746154785,24.412118911743164,53.67002487182617,log,2025-03-15,2025-04-12,4
04,2025-03-15,2025-03-22,1,326.6170349121094,177.3781280517578,316.7402648925781,326.6170349121094,363.2362976074219,396.98828125,log,2025-03-15,2025-03-22,1
04,2025-03-15,2025-03-29,2,272.75933837890625,113.98805236816406,246.22756958007812,272.75933837890625,343.9241943359375,407.83001708984375,log,2025-03-15,2025-03-29,2
04,2025-03-15,2025-04-05,3,304.93377685546875,96.52908325195312,208.8004913330078,304.93377685546875,349.6417541503906,399.389892578125,log,2025-03-15,2025-04-05,3
04,2025-03-15,2025-04-12,4,204.24658203125,51.78794479370117,197.6871337890625,204.24658203125,302.78466796875,399.4400939941406,log,2025-03-15,2025-04-12,4
05,2025-03-15,2025-03-22,1,199.8522186279297,144.37030029296875,189.09469604492188,199.8522186279297,201.8185272216797,232.37290954589844,log,2025-03-15,2025-03-22,1
05,2025-03-15,2025-03-29,2,169.002197265625,110.9336166381836,153.9915008544922,169.002197265625,173.51541137695312,215.93621826171875,log,2025-03-15,2025-03-29,2
05,2025-03-15,2025-04-05,3,165.33108520507812,80.69853973388672,148.1438751220703,165.33108520507812,197.7212371826172,222.66151428222656,log,2025-03-15,2025-04-05,3
05,2025-03-15,2025-04-12,4,126.05490112304688,41.081905364990234,106.41943359375,126.05490112304688,130.27615356445312,179.7466583251953,log,2025-03-15,2025-04-12,4
06,2025-03-15,2025-03-22,1,798.4707641601562,299.09999999999997,705.2295532226562,798.4707641601562,887.7359619140625,1009.1420288085938,log,2025-03-15,2025-03-22,1
06,2025-03-15,2025-03-29,2,797.1627197265625,108.54206085205078,609.5184936523438,797.1627197265625,829.0169067382812,995.626953125,log,2025-03-15,2025-03-29,2
06,2025-03-15,2025-04-05,3,573.6658935546875,53.69161605834961,384.07470703125,573.6658935546875,664.6220092773438,873.3793334960938,log,2025-03-15,2025-04-05,3
06,2025-03-15,2025-04-12,4,420.5565490722656,42.78820037841797,311.0126953125,420.5565490722656,497.7665710449219,499.4002685546875,log,2025-03-15,2025-04-12,4
08,2025-03-15,2025-03-22,1,185.4842529296875,152.3157958984375,181.13169860839844,185.4842529296875,186.54527282714844,217.64840698242188,log,2025-03-15,2025-03-22,1
08,2025-03-15,2025-03-29,2,153.35610961914062,82.22393798828125,153.1180419921875,153.35610961914062,155.04965209960938,217.0869598388672,log,2025-03-15,2025-03-29,2
08,2025-03-15,2025-04-05,3,161.6422119140625,38.6020622253418,109.03473663330078,161.6422119140625,167.3736114501953,187.00306701660156,log,2025-03-15,2025-04-05,3
08,2025-03-15,2025-04-12,4,128.02569580078125,30.242887496948242,108.99266815185547,128.02569580078125,158.57568359375,169.92083740234375,log,2025-03-15,2025-04-12,4
09,2025-03-15,2025-03-22,1,125.88961029052734,92.74348449707031,120.2982177734375,125.88961029052734,134.0077362060547,144.06866455078125,log,2025-03-15,2025-03-22,1
09,2025-03-15,2025-03-29,2,99.84979248046875,58.71916580200195,91.82640838623047,99.84979248046875,114.71414947509766,181.09036254882812,log,2025-03-15,2025-03-29,2
09,2025-03-15,2025-04-05,3,102.44247436523438,33.23692321777344,65.92727661132812,102.44247436523438,126.82744598388672,139.38710021972656,log,2025-03-15,2025-04-05,3
09,2025-03-15,2025-04-12,4,73.58975219726562,20.081157684326172,68.22789001464844,73.58975219726562,106.99557495117188,131.788818359375,log,2025-03-15,2025-04-12,4
10,2025-03-15,2025-03-22,1,44.38053512573242,29.535079956054688,36.25914001464844,44.38053512573242,58.32663345336914,82.6651611328125,log,2025-03-15,2025-03-22,1
10,2025-03-15,2025-03-29,2,40.91352462768555,16.632925033569336,25.0164852142334,40.91352462768555,49.10038375854492,77.78961944580078,log,2025-03-15,2025-03-29,2
10,2025-03-15,2025-04-05,3,30.916332244873047,6.449349880218506,18.638774871826172,30.916332244873047,49.358577728271484,67.80897521972656,log,2025-03-15,2025-04-05,3
10,2025-03-15,2025-04-12,4,17.608196258544922,3.6339128017425537,14.63837718963623,17.608196258544922,33.46714782714844,68.4871826171875,log,2025-03-15,2025-04-12,4
11,2025-03-15,2025-03-22,1,64.58319854736328,44.66510009765625,60.588890075683594,64.58319854736328,69.43096160888672,103.26701354980469,log,2025-03-15,2025-03-22,1
11,2025-03-15,2025-03-29,2,45.589317321777344,26.258289337158203,41.220306396484375,45.589317321777344,71.02290344238281,116.52949523925781,log,2025-03-15,2025-03-29,2
11,2025-03-15,2025-04-05,3,39.59678268432617,17.582706451416016,32.41926193237305,39.59678268432617,48.45806884765625,95.42749786376953,log,2025-03-15,2025-04-05,3
11,2025-03-15,2025-04-12,4,28.28358268737793,9.915801048278809,23.840599060058594,28.28358268737793,30.084754943847656,88.20148468017578,log,2025-03-15,2025-04-12,4
12,2025-03-15,2025-03-22,1,839.9653930664062,332.09999999999997,834.145751953125,839.9653930664062,889.4908447265625,1049.5762939453125,log,2025-03-15,2025-03-22,1
12,2025-03-15,2025-03-29,2,794.3380126953125,120.7510757446289,683.4884033203125,794.3380126953125,853.7318115234375,1177.9681396484375,log,2025-03-15,2025-03-29,2
12,2025-03-15,2025-04-05,3,756.3970336914062,91.43577575683594,623.6282348632812,756.3970336914062,761.004150390625,852.646728515625,log,2025-03-15,2025-04-05,3
12,2025-03-15,2025-04-12,4,535.7955932617188,45.573646545410156,483.6208190917969,535.7955932617188,550.6690063476562,919.0658569335938,log,2025-03-15,2025-04-12,4
13,2025-03-15,2025-03-22,1,333.6864929199219,163.79676818847656,288.0275573730469,333.6864929199219,356.85107421875,368.8769226074219,log,2025-03-15,2025-03-22,1
13,2025-03-15,2025-03-29,2,273.60418701171875,111.97242736816406,273.29583740234375,273.60418701171875,288.6920471191406,343.8549499511719,log,2025-03-15,2025-03-29,2
13,2025-03-15,2025-04-05,3,253.81002807617188,85.67647552490234,235.09254455566406,253.81002807617188,267.7857360839844,314.2151184082031,log,2025-03-15,2025-04-05,3
13,2025-03-15,2025-04-12,4,220.69631958007812,44.27348327636719,149.8950958251953,220.69631958007812,252.42031860351562,391.92303466796875,log,2025-03-15,2025-04-12,4
15,2025-03-15,2025-03-22,1,45.759944915771484,21.202072143554688,38.491172790527344,45.759944915771484,53.27449035644531,80.03960418701172,log,2025-03-15,2025-03-22,1
15,2025-03-15,2025-03-29,2,39.36750793457031,10.089943885803223,32.6201057434082,39.36750793457031,46.10322189331055,86.60502624511719,log,2025-03-15,2025-03-29,2
15,2025-03-15,2025-04-05,3,31.302854537963867,10.232845306396484,27.96271324157715,31.302854537963867,49.232872009277344,75.39151763916016,log,2025-03-15,2025-04-05,3
15,2025-03-15,2025-04-12,4,27.931331634521484,6.296468257904053,19.928606033325195,27.931331634521484,36.07262420654297,79.08026885986328,log,2025-03-15,2025-04-12,4
16,2025-03-15,2025-03-22,1,85.3140640258789,63.6065559387207,76.12422943115234,85.3140640258789,94.91110229492188,130.97119140625,log,2025-03-15,2025-03-22,1
16,2025-03-15,2025-03-29,2,85.69490814208984,44.58293151855469,67.69426727294922,85.69490814208984,88.46469116210938,133.69908142089844,log,2025-03-15,2025-03-29,2
16,2025-03-15,2025-04-05,3,88.19676208496094,46.10041427612305,72.4173812866211,88.19676208496094,97.64781188964844,118.81143951416016,log,2025-03-15,2025-04-05,3
16,2025-03-15,2025-04-12,4,67.41072845458984,33.7280387878418,57.82566833496094,67.41072845458984,74.2843246459961,128.2216796875,log,2025-03-15,2025-04-12,4
17,2025-03-15,2025-03-22,1,593.6414184570312,215.4,528.1612548828125,593.6414184570312,674.8032836914062,696.6140747070312,log,2025-03-15,2025-03-22,1
17,2025-03-15,2025-03-29,2,600.163330078125,86.92815399169922,542.1348266601562,600.163330078125,718.9317626953125,902.7359008789062,log,2025-03-15,2025-03-29,2
17,2025-03-15,2025-04-05,3,496.4322204589844,39.96671676635742,382.6817321777344,496.4322204589844,754.956298828125,779.781982421875,log,2025-03-15,2025-04-05,3
17,2025-03-15,2025-04-12,4,334.2813415527344,28.613231658935547,280.80499267578125,334.2813415527344,433.6945495605469,723.3289184570312,log,2025-03-15,2025-04-12,4
18,2025-03-15,2025-03-22,1,497.6640625,179.7,413.68243408203125,497.6640625,512.9127807617188,554.727294921875,log,2025-03-15,2025-03-22,1
18,2025-03-15,2025-03-29,2,449.2442932128906,80.61474609375,434.8884582519531,449.2442932128906,484.4275207519531,626.7625732421875,log,2025-03-15,2025-03-29,2
18,2025-03-15,2025-04-05,3,395.0338439941406,40.213348388671875,344.573486328125,395.0338439941406,509.01800537109375,715.3447265625,log,2025-03-15,2025-04-05,3
18,2025-03-15,2025-04-12,4,271.5030517578125,34.449005126953125,230.40988159179688,271.5030517578125,290.4521179199219,676.646484375,log,2025-03-15,2025-04-12,4
19,2025-03-15,2025-03-22,1,155.51197814941406,129.58639526367188,155.3712921142578,155.51197814941406,160.75363159179688,169.66845703125,log,2025-03-15,2025-03-22,1
19,2025-03-15,2025-03-29,2,117.03529357910156,75.33981323242188,102.40528869628906,117.03529357910156,118.6854248046875,182.24227905273438,log,2025-03-15,2025-03-29,2
19,2025-03-15,2025-04-05,3,102.8838882446289,33.65234375,69.80500030517578,102.8838882446289,144.5314178466797,159.91148376464844,log,2025-03-15,2025-04-05,3
19,2025-03-15,2025-04-12,4,85.73402404785156,31.946866989135742,59.84373092651367,85.73402404785156,127.71028137207031,138.96987915039062,log,2025-03-15,2025-04-12,4
20,2025-03-15,2025-03-22,1,137.09275817871094,120.71293640136719,130.14639282226562,137.09275817871094,143.29432678222656,162.90899658203125,log,2025-03-15,2025-03-22,1
20,2025-03-15,2025-03-29,2,101.21359252929688,65.57524108886719,95.1128158569336,101.21359252929688,119.84508514404297,179.354248046875,log,2025-03-15,2025-03-29,2
20,2025-03-15,2025-04-05,3,112.84463500976562,30.973064422607422,65.84384155273438,112.84463500976562,140.06202697753906,144.95144653320312,log,2025-03-15,2025-04-05,3
20,2025-03-15,2025-04-12,4,83.2530288696289,22.360755920410156,58.75300598144531,83.2530288696289,117.9154052734375,132.4672393798828,log,2025-03-15,2025-04-12,4
21,2025-03-15,2025-03-22,1,362.9513854980469,174.81019592285156,360.3663024902344,362.9513854980469,399.7245178222656,566.201416015625,log,2025-03-15,2025-03-22,1
21,2025-03-15,2025-03-29,2,258.2317810058594,118.45844268798828,250.9473419189453,258.2317810058594,323.56024169921875,444.11083984375,log,2025-03-15,2025-03-29,2
21,2025-03-15,2025-04-05,3,229.26095581054688,66.5244369506836,195.40231323242188,229.26095581054688,309.5448913574219,525.2376098632812,log,2025-03-15,2025-04-05,3
21,2025-03-15,2025-04-12,4,196.01171875,47.5472297668457,185.234375,196.01171875,218.09530639648438,490.84307861328125,log,2025-03-15,2025-04-12,4
22,2025-03-15,2025-03-22,1,239.15753173828125,142.5144805908203,222.2922821044922,239.15753173828125,281.2825622558594,365.44647216796875,log,2025-03-15,2025-03-22,1
22,2025-03-15,2025-03-29,2,191.66160583496094,102.73925018310547,183.3955078125,191.66160583496094,224.7803955078125,360.91033935546875,log,2025-03-15,2025-03-29,2
22,2025-03-15,2025-04-05,3,175.4882049560547,69.66815948486328,143.95567321777344,175.4882049560547,225.58993530273438,332.1484069824219,log,2025-03-15,2025-04-05,3
22,2025-03-15,2025-04-12,4,134.68539428710938,36.078678131103516,97.0622329711914,134.68539428710938,190.84178161621094,250.05223083496094,log,2025-03-15,2025-04-12,4
23,2025-03-15,2025-03-22,1,80.60914611816406,70.21389770507812,75.98530578613281,80.60914611816406,84.74664306640625,137.44265747070312,log,2025-03-15,2025-03-22,1
23,2025-03-15,2025-03-29,2,56.825828552246094,48.999263763427734,52.225650787353516,56.825828552246094,67.48929595947266,142.10214233398438,log,2025-03-15,2025-03-29,2
23,2025-03-15,2025-04-05,3,52.08606719970703,26.316387176513672,48.66714096069336,52.08606719970703,78.8150863647461,126.1275634765625,log,2025-03-15,2025-04-05,3
23,2025-03-15,2025-04-12,4,42.491981506347656,13.070694923400879,31.1917724609375,42.491981506347656,49.127098083496094,99.24807739257812,log,2025-03-15,2025-04-12,4
24,2025-03-15,2025-03-22,1,210.2655792236328,141.77682495117188,193.6990966796875,210.2655792236328,255.76995849609375,297.9608459472656,log,2025-03-15,2025-03-22,1
24,2025-03-15,2025-03-29,2,185.54197692871094,64.77615356445312,144.60012817382812,185.54197692871094,244.7783966064453,290.942138671875,log,2025-03-15,2025-03-29,2
24,2025-03-15,2025-04-05,3,199.5503692626953,33.310115814208984,120.9686279296875,199.5503692626953,255.75772094726562,279.7169189453125,log,2025-03-15,2025-04-05,3
24,2025-03-15,2025-04-12,4,148.5838165283203,21.042213439941406,130.09036254882812,148.5838165283203,214.50526428222656,265.0864562988281,log,2025-03-15,2025-04-12,4
25,2025-03-15,2025-03-22,1,356.7001037597656,149.75277709960938,346.81500244140625,356.7001037597656,375.8855285644531,380.5431213378906,log,2025-03-15,2025-03-22,1
25,2025-03-15,2025-03-29,2,360.63311767578125,69.60345458984375,264.9163818359375,360.63311767578125,373.2915344238281,373.7381591796875,log,2025-03-15,2025-03-29,2
25,2025-03-15,2025-04-05,3,331.1758728027344,37.6609001159668,279.88079833984375,331.1758728027344,339.250244140625,425.7724914550781,log,2025-03-15,2025-04-05,3
25,2025-03-15,2025-04-12,4,212.9888458251953,26.106678009033203,182.55352783203125,212.9888458251953,237.97828674316406,418.097900390625,log,2025-03-15,2025-04-12,4
26,2025-03-15,2025-03-22,1,589.634521484375,256.5,511.9126892089844,589.634521484375,627.9454956054688,727.2666625976562,log,2025-03-15,2025-03-22,1
26,2025-03-15,2025-03-29,2,514.9994506835938,96.42250061035156,493.7926330566406,514.9994506835938,600.4158935546875,747.54736328125,log,2025-03-15,2025-03-29,2
26,2025-03-15,2025-04-05,3,474.3788757324219,66.60659790039062,469.8140869140625,474.3788757324219,636.882568359375,749.1395874023438,log,2025-03-15,2025-04-05,3
26,2025-03-15,2025-04-12,4,325.2762756347656,35.66659927368164,298.0783386230469,325.2762756347656,351.30078125,826.9380493164062,log,2025-03-15,2025-04-12,4
27,2025-03-15,2025-03-22,1,149.9993896484375,101.05098724365234,146.2546844482422,149.9993896484375,181.2272491455078,184.00064086914062,log,2025-03-15,2025-03-22,1
27,2025-03-15,2025-03-29,2,156.7750244140625,75.33570098876953,142.27188110351562,156.7750244140625,167.43673706054688,175.11451721191406,log,2025-03-15,2025-03-29,2
27,2025-03-15,2025-04-05,3,167.46115112304688,40.717464447021484,125.80976867675781,167.46115112304688,173.038818359375,205.10874938964844,log,2025-03-15,2025-04-05,3
27,2025-03-15,2025-04-12,4,121.03832244873047,31.05980110168457,94.43951416015625,121.03832244873047,163.96060180664062,175.27767944335938,log,2025-03-15,2025-04-12,4
28,2025-03-15,2025-03-22,1,156.98204040527344,106.95767974853516,150.7024688720703,156.98204040527344,167.27096557617188,191.40545654296875,log,2025-03-15,2025-03-22,1
28,2025-03-15,2025-03-29,2,143.52059936523438,84.84986114501953,107.5299301147461,143.52059936523438,171.35736083984375,192.8437042236328,log,2025-03-15,2025-03-29,2
28,2025-03-15,2025-04-05,3,145.73635864257812,56.88825988769531,103.00199890136719,145.73635864257812,158.7683868408203,166.4830322265625,log,2025-03-15,2025-04-05,3
28,2025-03-15,2025-04-12,4,111.89606475830078,37.64320755004883,70.1172866821289,111.89606475830078,161.7075958251953,166.01568603515625,log,2025-03-15,2025-04-12,4
29,2025-03-15,2025-03-22,1,356.28143310546875,174.0559844970703,344.73089599609375,356.28143310546875,381.8655090332031,383.9603271484375,log,2025-03-15,2025-03-22,1
29,2025-03-15,2025-03-29,2,350.1477355957031,75.44143676757812,321.53302001953125,350.1477355957031,362.5419006347656,471.8777160644531,log,2025-03-15,2025-03-29,2
29,2025-03-15,2025-04-05,3,355.4432067871094,37.086063385009766,300.3539123535156,355.4432067871094,365.7578125,408.8572998046875,log,2025-03-15,2025-04-05,3
29,2025-03-15,2025-04-12,4,222.073486328125,25.551319122314453,205.03318786621094,222.073486328125,256.0502624511719,461.5561218261719,log,2025-03-15,2025-04-12,4
30,2025-03-15,2025-03-22,1,86.27830505371094,70.86979675292969,84.42717742919922,86.27830505371094,99.07857513427734,151.47816467285156,log,2025-03-15,2025-03-22,1
30,2025-03-15,2025-03-29,2,69.8710708618164,50.857765197753906,60.671146392822266,69.8710708618164,70.77818298339844,163.99136352539062,log,2025-03-15,2025-03-29,2
30,2025-03-15,2025-04-05,3,62.37991714477539,29.153278350830078,50.81884765625,62.37991714477539,82.55962371826172,151.08184814453125,log,2025-03-15,2025-04-05,3
30,2025-03-15,2025-04-12,4,47.67374038696289,16.701322555541992,38.852359771728516,47.67374038696289,50.54049301147461,118.54493713378906,log,2025-03-15,2025-04-12,4
31,2025-03-15,2025-03-22,1,56.08821105957031,44.45333480834961,51.967227935791016,56.08821105957031,63.91749572753906,114.79390716552734,log,2025-03-15,2025-03-22,1
31,2025-03-15,2025-03-29,2,56.55179214477539,26.168630599975586,46.02241134643555,56.55179214477539,60.266483306884766,107.92997741699219,log,2025-03-15,2025-03-29,2
31,2025-03-15,2025-04-05,3,55.60703659057617,17.124303817749023,37.66649627685547,55.60703659057617,72.6386489868164,87.39019012451172,log,2025-03-15,2025-04-05,3
31,2025-03-15,2025-04-12,4,43.727962493896484,16.30474853515625,37.17060852050781,43.727962493896484,64.40007781982422,100.18485260009766,log,2025-03-15,2025-04-12,4
32,2025-03-15,2025-03-22,1,74.72478485107422,47.320125579833984,63.53238296508789,74.72478485107422,81.08097839355469,113.47669219970703,log,2025-03-15,2025-03-22,1
32,2025-03-15,2025-03-29,2,70.2593765258789,37.51573944091797,65.85340881347656,70.2593765258789,74.85636901855469,114.7280044555664,log,2025-03-15,2025-03-29,2
32,2025-03-15,2025-04-05,3,65.11463165283203,23.181015014648438,49.03145980834961,65.11463165283203,75.49664306640625,91.55265045166016,log,2025-03-15,2025-04-05,3
32,2025-03-15,2025-04-12,4,52.4119873046875,16.49472427368164,38.179595947265625,52.4119873046875,62.022254943847656,79.89328002929688,log,2025-03-15,2025-04-12,4
33,2025-03-15,2025-03-22,1,58.01480484008789,45.16236114501953,56.25166702270508,58.01480484008789,71.1549072265625,108.017333984375,log,2025-03-15,2025-03-22,1
33,2025-03-15,2025-03-29,2,51.81566619873047,31.63896369934082,41.916805267333984,51.81566619873047,53.07455825805664,107.88386535644531,log,2025-03-15,2025-03-29,2
33,2025-03-15,2025-04-05,3,44.283241271972656,17.858816146850586,30.114206314086914,44.283241271972656,56.89265060424805,92.1115951538086,log,2025-03-15,2025-04-05,3
33,2025-03-15,2025-04-12,4,36.378108978271484,12.058539390563965,26.975065231323242,36.378108978271484,45.374183654785156,89.21281433105469,log,2025-03-15,2025-04-12,4
34,2025-03-15,2025-03-22,1,415.5802917480469,160.70697021484375,398.6741943359375,415.5802917480469,427.2208251953125,463.0809631347656,log,2025-03-15,2025-03-22,1
34,2025-03-15,2025-03-29,2,418.9945373535156,75.68136596679688,307.88433837890625,418.9945373535156,431.26275634765625,487.2003173828125,log,2025-03-15,2025-03-29,2
34,2025-03-15,2025-04-05,3,315.2673645019531,34.601165771484375,236.7740020751953,315.2673645019531,465.75006103515625,528.5186157226562,log,2025-03-15,2025-04-05,3
34,2025-03-15,2025-04-12,4,270.2980651855469,21.859453201293945,208.16879272460938,270.2980651855469,330.41265869140625,602.7107543945312,log,2025-03-15,2025-04-12,4
35,2025-03-15,2025-03-22,1,120.71943664550781,81.59896850585938,119.77790832519531,120.71943664550781,139.2048797607422,167.57638549804688,log,2025-03-15,2025-03-22,1
35,2025-03-15,2025-03-29,2,110.56945037841797,66.39554595947266,94.4048843383789,110.56945037841797,116.53055572509766,158.61769104003906,log,2025-03-15,2025-03-29,2
35,2025-03-15,2025-04-05,3,118.03516387939453,50.0497932434082,94.17842102050781,118.03516387939453,131.994384765625,162.71121215820312,log,2025-03-15,2025-04-05,3
35,2025-03-15,2025-04-12,4,80.73220825195312,25.514673233032227,60.27861022949219,80.73220825195312,108.01000213623047,141.57449340820312,log,2025-03-15,2025-04-12,4
36,2025-03-15,2025-03-22,1,911.699951171875,332.09999999999997,886.1773681640625,911.699951171875,923.5093994140625,1123.8585205078125,log,2025-03-15,2025-03-22,1
36,2025-03-15,2025-03-29,2,764.174072265625,120.7510757446289,698.6595458984375,764.174072265625,873.6416015625,1104.5799560546875,log,2025-03-15,2025-03-29,2
36,2025-03-15,2025-04-05,3,790.5863037109375,103.79611206054688,586.8739624023438,790.5863037109375,876.99365234375,892.4481201171875,log,2025-03-15,2025-04-05,3
36,2025-03-15,2025-04-12,4,535.7482299804688,45.573646545410156,441.0333557128906,535.7482299804688,584.2905883789062,874.5558471679688,log,2025-03-15,2025-04-12,4
37,2025-03-15,2025-03-22,1,557.8872680664062,200.1,489.79302978515625,557.8872680664062,599.1531372070312,628.115234375,log,2025-03-15,2025-03-22,1
37,2025-03-15,2025-03-29,2,459.1340637207031,116.61919403076172,389.11761474609375,459.1340637207031,486.14459228515625,664.7149658203125,log,2025-03-15,2025-03-29,2
37,2025-03-15,2025-04-05,3,341.35943603515625,63.907806396484375,266.5074768066406,341.35943603515625,425.4766845703125,500.0341796875,log,2025-03-15,2025-04-05,3
37,2025-03-15,2025-04-12,4,285.195556640625,38.66028594970703,246.58631896972656,285.195556640625,327.1493835449219,409.23468017578125,log,2025-03-15,2025-04-12,4
38,2025-03-15,2025-03-22,1,25.523164749145508,10.836963653564453,24.26378059387207,25.523164749145508,32.46137237548828,51.62660598754883,log,2025-03-15,2025-03-22,1
38,2025-03-15,2025-03-29,2,24.220264434814453,8.09614086151123,17.549867630004883,24.220264434814453,28.685972213745117,58.25812911987305,log,2025-03-15,2025-03-29,2
38,2025-03-15,2025-04-05,3,20.772239685058594,8.200593948364258,16.581836700439453,20.772239685058594,31.79834747314453,52.563690185546875,log,2025-03-15,2025-04-05,3
38,2025-03-15,2025-04-12,4,17.084815979003906,4.515019416809082,13.5453462600708,17.084815979003906,22.933076858520508,55.32134246826172,log,2025-03-15,2025-04-12,4
39,2025-03-15,2025-03-22,1,958.283447265625,408.3,934.0526733398438,958.283447265625,1035.681884765625,1451.4627685546875,log,2025-03-15,2025-03-22,1
39,2025-03-15,2025-03-29,2,698.734619140625,116.3655,633.9008178710938,698.734619140625,892.4783935546875,1307.0177001953125,log,2025-03-15,2025-03-29,2
39,2025-03-15,2025-04-05,3,624.2755126953125,43.66694259643555,442.9837646484375,624.2755126953125,864.5925903320312,986.6265869140625,log,2025-03-15,2025-04-05,3
39,2025-03-15,2025-04-12,4,368.7734069824219,34.35085678100586,249.1274871826172,368.7734069824219,421.37322998046875,904.5398559570312,log,2025-03-15,2025-04-12,4
40,2025-03-15,2025-03-22,1,111.23377227783203,92.54816436767578,97.76251220703125,111.23377227783203,121.32181549072266,135.9642791748047,log,2025-03-15,2025-03-22,1
40,2025-03-15,2025-03-29,2,85.4361801147461,41.80207443237305,76.19766998291016,85.4361801147461,107.78666687011719,150.4154815673828,log,2025-03-15,2025-03-29,2
40,2025-03-15,2025-04-05,3,106.3166275024414,27.877042770385742,81.06394958496094,106.3166275024414,106.6153793334961,116.51133728027344,log,2025-03-15,2025-04-05,3
40,2025-03-15,2025-04-12,4,77.90553283691406,20.73270606994629,59.411075592041016,77.90553283691406,97.0660629272461,132.85232543945312,log,2025-03-15,2025-04-12,4
41,2025-03-15,2025-03-22,1,162.348388671875,115.08370971679688,151.22186279296875,162.348388671875,168.12242126464844,174.4691619873047,log,2025-03-15,2025-03-22,1
41,2025-03-15,2025-03-29,2,148.5652618408203,69.44271850585938,130.72059631347656,148.5652618408203,151.89418029785156,193.10231018066406,log,2025-03-15,2025-03-29,2
41,2025-03-15,2025-04-05,3,144.8007049560547,37.5626220703125,96.97730255126953,144.8007049560547,156.7650909423828,198.3441925048828,log,2025-03-15,2025-04-05,3
41,2025-03-15,2025-04-12,4,119.6784896850586,31.3543643951416,87.70415496826172,119.6784896850586,164.6439208984375,165.7946014404297,log,2025-03-15,2025-04-12,4
42,2025-03-15,2025-03-22,1,1087.0113525390625,493.79999999999995,1002.2005004882812,1087.0113525390625,1134.395263671875,1795.23193359375,log,2025-03-15,2025-03-22,1
42,2025-03-15,2025-03-29,2,840.9752807617188,140.73299999999998,680.4642944335938,840.9752807617188,878.561279296875,1496.2210693359375,log,2025-03-15,2025-03-29,2
42,2025-03-15,2025-04-05,3,640.7366943359375,40.2775993347168,439.4261474609375,640.7366943359375,827.9873046875,1046.36962890625,log,2025-03-15,2025-04-05,3
42,2025-03-15,2025-04-12,4,369.5661315917969,33.243961334228516,248.2882843017578,369.5661315917969,396.6965026855469,850.5773315429688,log,2025-03-15,2025-04-12,4
44,2025-03-15,2025-03-22,1,56.253822326660156,37.68587875366211,49.904239654541016,56.253822326660156,63.38681411743164,89.94508361816406,log,2025-03-15,2025-03-22,1
44,2025-03-15,2025-03-29,2,52.816429138183594,24.067068099975586,38.597984313964844,52.816429138183594,56.12173080444336,93.8896255493164,log,2025-03-15,2025-03-29,2
44,2025-03-15,2025-04-05,3,43.945159912109375,10.233171463012695,28.6378116607666,43.945159912109375,55.81463623046875,88.43368530273438,log,2025-03-15,2025-04-05,3
44,2025-03-15,2025-04-12,4,26.702983856201172,7.532804012298584,20.540386199951172,26.702983856201172,39.981292724609375,73.44556427001953,log,2025-03-15,2025-04-12,4
45,2025-03-15,2025-03-22,1,208.4873046875,170.7555694580078,197.07508850097656,208.4873046875,233.44544982910156,281.1208190917969,log,2025-03-15,2025-03-22,1
45,2025-03-15,2025-03-29,2,211.43031311035156,114.29325866699219,182.1558074951172,211.43031311035156,212.42979431152344,270.3022155761719,log,2025-03-15,2025-03-29,2
45,2025-03-15,2025-04-05,3,189.552001953125,63.907806396484375,152.70616149902344,189.552001953125,258.6557312011719,262.5082702636719,log,2025-03-15,2025-04-05,3
45,2025-03-15,2025-04-12,4,178.84190368652344,26.747026443481445,96.18888092041016,178.84190368652344,225.1319580078125,268.2350769042969,log,2025-03-15,2025-04-12,4
46,2025-03-15,2025-03-22,1,21.673038482666016,10.63970947265625,16.815698623657227,21.673038482666016,34.41883087158203,52.3187370300293,log,2025-03-15,2025-03-22,1
46,2025-03-15,2025-03-29,2,17.822996139526367,4.741605758666992,11.2131929397583,17.822996139526367,23.193044662475586,52.63747787475586,log,2025-03-15,2025-03-29,2
46,2025-03-15,2025-04-05,3,17.352231979370117,4.254088878631592,12.314702033996582,17.352231979370117,22.880741119384766,43.13718032836914,log,2025-03-15,2025-04-05,3
46,2025-03-15,2025-04-12,4,11.570874214172363,2.313206672668457,6.01879358291626,11.570874214172363,20.555017471313477,40.001338958740234,log,2025-03-15,2025-04-12,4
47,2025-03-15,2025-03-22,1,377.5134582519531,177.3781280517578,374.4149475097656,377.5134582519531,401.0650939941406,575.4630126953125,log,2025-03-15,2025-03-22,1
47,2025-03-15,2025-03-29,2,300.1569519042969,124.01884460449219,276.8994140625,300.1569519042969,341.2980651855469,476.75537109375,log,2025-03-15,2025-03-29,2
47,2025-03-15,2025-04-05,3,278.0159606933594,92.68038940429688,241.05531311035156,278.0159606933594,444.346923828125,446.5438537597656,log,2025-03-15,2025-04-05,3
47,2025-03-15,2025-04-12,4,229.63963317871094,48.19559860229492,199.69664001464844,229.63963317871094,323.0180969238281,426.2976379394531,log,2025-03-15,2025-04-12,4
48,2025-03-15,2025-03-22,1,705.7999267578125,272.7,654.6378784179688,705.7999267578125,753.2017822265625,846.3704223632812,log,2025-03-15,2025-03-22,1
48,2025-03-15,2025-03-29,2,716.0022583007812,102.30524444580078,567.6068725585938,716.0022583007812,778.9666748046875,957.5271606445312,log,2025-03-15,2025-03-29,2
48,2025-03-15,2025-04-05,3,563.8842163085938,51.31740188598633,424.4071350097656,563.8842163085938,785.5125732421875,812.4530639648438,log,2025-03-15,2025-04-05,3
48,2025-03-15,2025-04-12,4,553.6024780273438,31.885190963745117,315.71771240234375,553.6024780273438,557.1990356445312,886.43505859375,log,2025-03-15,2025-04-12,4
49,2025-03-15,2025-03-22,1,87.36043548583984,62.02721405029297,81.44125366210938,87.36043548583984,96.30777740478516,117.4433822631836,log,2025-03-15,2025-03-22,1
49,2025-03-15,2025-03-29,2,77.48506927490234,46.624271392822266,75.2801742553711,77.48506927490234,87.27941131591797,128.0192413330078,log,2025-03-15,2025-03-29,2
49,2025-03-15,2025-04-05,3,79.14004516601562,28.68910026550293,61.313838958740234,79.14004516601562,94.57440185546875,122.4283676147461,log,2025-03-15,2025-04-05,3
49,2025-03-15,2025-04-12,4,57.148258209228516,16.36427116394043,42.23607635498047,57.148258209228516,57.72653579711914,98.7629623413086,log,2025-03-15,2025-04-12,4
50,2025-03-15,2025-03-22,1,24.097854614257812,9.6,18.58660888671875,24.097854614257812,37.426631927490234,58.310428619384766,log,2025-03-15,2025-03-22,1
50,2025-03-15,2025-03-29,2,20.040319442749023,4.142024517059326,14.047496795654297,20.040319442749023,27.950376510620117,58.487789154052734,log,2025-03-15,2025-03-29,2
50,2025-03-15,2025-04-05,3,17.453426361083984,2.5529823303222656,11.178033828735352,17.453426361083984,28.7163143157959,55.43524932861328,log,2025-03-15,2025-04-05,3
50,2025-03-15,2025-04-12,4,12.007823944091797,1.3967370986938477,7.487668991088867,12.007823944091797,22.805419921875,43.18946838378906,log,2025-03-15,2025-04-12,4
51,2025-03-15,2025-03-22,1,455.4032897949219,176.9656524658203,446.8978271484375,455.4032897949219,455.9989013671875,598.8693237304688,log,2025-03-15,2025-03-22,1
51,2025-03-15,2025-03-29,2,365.4089050292969,124.01884460449219,331.087646484375,365.4089050292969,433.78057861328125,528.0623168945312,log,2025-03-15,2025-03-29,2
51,2025-03-15,2025-04-05,3,342.0650939941406,91.2586669921875,303.53070068359375,342.0650939941406,492.8177795410156,518.3508911132812,log,2025-03-15,2025-04-05,3
51,2025-03-15,2025-04-12,4,269.67266845703125,43.0657844543457,237.65806579589844,269.67266845703125,334.0425720214844,466.84100341796875,log,2025-03-15,2025-04-12,4
53,2025-03-15,2025-03-22,1,205.5858612060547,134.0992431640625,193.98097229003906,205.5858612060547,206.2786407470703,226.0620574951172,log,2025-03-15,2025-03-22,1
53,2025-03-15,2025-03-29,2,165.4060516357422,70.39402770996094,165.35305786132812,165.4060516357422,188.35647583007812,207.80934143066406,log,2025-03-15,2025-03-29,2
53,2025-03-15,2025-04-05,3,174.6785430908203,36.09157180786133,116.8253173828125,174.6785430908203,185.6602325439453,209.81918334960938,log,2025-03-15,2025-04-05,3
53,2025-03-15,2025-04-12,4,144.62234497070312,25.909561157226562,119.57300567626953,144.62234497070312,159.64952087402344,195.25205993652344,log,2025-03-15,2025-04-12,4
54,2025-03-15,2025-03-22,1,244.93643188476562,173.34939575195312,238.86924743652344,244.93643188476562,301.20233154296875,325.1212158203125,log,2025-03-15,2025-03-22,1
54,2025-03-15,2025-03-29,2,219.19564819335938,116.61919403076172,147.72727966308594,219.19564819335938,225.7810516357422,358.9681091308594,log,2025-03-15,2025-03-29,2
54,2025-03-15,2025-04-05,3,171.6460723876953,80.47305297851562,122.32646942138672,171.6460723876953,200.86354064941406,342.05462646484375,log,2025-03-15,2025-04-05,3
54,2025-03-15,2025-04-12,4,130.8806610107422,46.597900390625,107.05780029296875,130.8806610107422,175.2338104248047,379.7236633300781,log,2025-03-15,2025-04-12,4
55,2025-03-15,2025-03-22,1,274.82318115234375,160.70697021484375,233.11912536621094,274.82318115234375,281.5695495605469,315.65216064453125,log,2025-03-15,2025-03-22,1
55,2025-03-15,2025-03-29,2,272.013671875,74.12847137451172,189.8706512451172,272.013671875,274.3482666015625,292.8795166015625,log,2025-03-15,2025-03-29,2
55,2025-03-15,2025-04-05,3,250.7781219482422,37.6609001159668,165.8817138671875,250.7781219482422,284.63372802734375,381.6977844238281,log,2025-03-15,2025-04-05,3
55,2025-03-15,2025-04-12,4,196.71339416503906,23.42168617248535,134.25149536132812,196.71339416503906,237.54656982421875,239.75973510742188,log,2025-03-15,2025-04-12,4
56,2025-03-15,2025-03-22,1,35.81573486328125,13.52871036529541,28.161718368530273,35.81573486328125,47.16526412963867,73.5768051147461,log,2025-03-15,2025-03-22,1
56,2025-03-15,2025-03-29,2,25.404621124267578,7.096397399902344,20.57723045349121,25.404621124267578,34.65097427368164,83.51610565185547,log,2025-03-15,2025-03-29,2
56,2025-03-15,2025-04-05,3,20.90827178955078,7.27122163772583,18.196456909179688,20.90827178955078,36.29323959350586,73.69418334960938,log,2025-03-15,2025-04-05,3
56,2025-03-15,2025-04-12,4,15.353675842285156,3.609072208404541,12.254988670349121,15.353675842285156,26.044919967651367,66.1248550415039,log,2025-03-15,2025-04-12,4
72,2025-03-15,2025-03-22,1,281.7945251464844,201.58230590820312,251.7129364013672,281.7945251464844,292.968505859375,403.03753662109375,log,2025-03-15,2025-03-22,1
72,2025-03-15,2025-03-29,2,252.410400390625,137.6835479736328,196.52398681640625,252.410400390625,352.3433532714844,456.89605712890625,log,2025-03-15,2025-03-29,2
72,2025-03-15,2025-04-05,3,195.6988525390625,110.55876159667969,189.8256072998047,195.6988525390625,258.96014404296875,498.4124450683594,log,2025-03-15,2025-04-05,3
72,2025-03-15,2025-04-12,4,113.22259521484375,73.57048034667969,100.89421844482422,113.22259521484375,186.1165008544922,391.86175537109375,log,2025-03-15,2025-04-12,4
US,2025-03-15,2025-03-22,1,5654.4,5654.4,5654.4,5654.4,5654.4,5654.4,log,2025-03-15,2025-03-22,1
US,2025-03-15,2025-03-29,2,1611.5039999999997,1611.5039999999997,1611.5039999999997,1611.5039999999997,1611.5039999999997,1611.5039999999997,log,2025-03-15,2025-03-29,2
US,2025-03-15,2025-04-05,3,905.782958984375,435.10607999999996,624.71875,905.782958984375,1097.48583984375,1285.5849609375,log,2025-03-15,2025-04-05,3
US,2025-03-15,2025-04-12,4,558.1266479492188,110.95205039999999,412.1604919433594,558.1266479492188,727.5497436523438,930.0986328125,log,2025-03-15,2025-04-12,4
01,2025-03-22,2025-03-29,1,197.6742401123047,127.58421325683594,172.63986206054688,197.6742401123047,204.12319946289062,231.63340759277344,log,2025-03-22,2025-03-29,1
01,2025-03-22,2025-04-05,2,177.33160400390625,90.09668731689453,152.96261596679688,177.33160400390625,177.4523162841797,246.77197265625,log,2025-03-22,2025-04-05,2
01,2025-03-22,2025-04-12,3,147.13954162597656,61.33749771118164,143.2030487060547,147.13954162597656,215.59378051757812,267.1175231933594,log,2025-03-22,2025-04-12,3
01,2025-03-22,2025-04-19,4,162.4647216796875,34.82899475097656,103.3902816772461,162.4647216796875,191.64938354492188,200.9116668701172,log,2025-03-22,2025-04-19,4
02,2025-03-22,2025-03-29,1,22.856658935546875,11.804224014282227,21.47542381286621,22.856658935546875,32.81270217895508,42.97515869140625,log,2025-03-22,2025-03-29,1
02,2025-03-22,2025-04-05,2,21.752771377563477,6.303012847900391,18.418107986450195,21.752771377563477,29.88495635986328,58.16041564941406,log,2025-03-22,2025-04-05,2
02,2025-03-22,2025-04-12,3,23.556623458862305,3.535195827484131,15.865650177001953,23.556623458862305,27.819156646728516,49.507808685302734,log,2025-03-22,2025-04-12,3
02,2025-03-22,2025-04-19,4,23.17010498046875,2.9365322589874268,8.992457389831543,23.17010498046875,26.414730072021484,48.524818420410156,log,2025-03-22,2025-04-19,4
04,2025-03-22,2025-03-29,1,330.9912414550781,181.1970977783203,290.1443176269531,330.9912414550781,336.5871276855469,363.4913635253906,log,2025-03-22,2025-03-29,1
04,2025-03-22,2025-04-05,2,290.2017822265625,119.82721710205078,259.50140380859375,290.2017822265625,342.2889404296875,444.31060791015625,log,2025-03-22,2025-04-05,2
04,2025-03-22,2025-04-12,3,287.7071533203125,95.41581726074219,225.74212646484375,287.7071533203125,395.0314025878906,395.9844970703125,log,2025-03-22,2025-04-12,3
04,2025-03-22,2025-04-19,4,247.84719848632812,50.27854919433594,184.5958251953125,247.84719848632812,310.115966796875,403.53759765625,log,2025-03-22,2025-04-19,4
05,2025-03-22,2025-03-29,1,138.30902099609375,114.5140380859375,130.19937133789062,138.30902099609375,140.38262939453125,174.57855224609375,log,2025-03-22,2025-03-29,1
05,2025-03-22,2025-04-05,2,112.1094970703125,71.73750305175781,105.28907012939453,112.1094970703125,128.75892639160156,188.54202270507812,log,2025-03-22,2025-04-05,2
05,2025-03-22,2025-04-12,3,121.522216796875,52.97809600830078,91.73226928710938,121.522216796875,137.6764678955078,174.0432891845703,log,2025-03-22,2025-04-12,3
05,2025-03-22,2025-04-19,4,97.221435546875,25.845205307006836,74.81449890136719,97.221435546875,115.68428802490234,168.64273071289062,log,2025-03-22,2025-04-19,4
06,2025-03-22,2025-03-29,1,554.209228515625,213.29999999999998,548.5001831054688,554.209228515625,582.2637329101562,619.4705200195312,log,2025-03-22,2025-03-29,1
06,2025-03-22,2025-04-05,2,512.0802612304688,114.2423095703125,471.2769470214844,512.0802612304688,542.8023681640625,748.2540893554688,log,2025-03-22,2025-04-05,2
06,2025-03-22,2025-04-12,3,457.8063659667969,56.014949798583984,331.32794189453125,457.8063659667969,658.254638671875,707.2367553710938,log,2025-03-22,2025-04-12,3
06,2025-03-22,2025-04-19,4,332.87579345703125,35.05451202392578,250.4718017578125,332.87579345703125,519.072021484375,578.53857421875,log,2025-03-22,2025-04-19,4
08,2025-03-22,2025-03-29,1,148.2260284423828,102.89984130859375,140.7677001953125,148.2260284423828,156.6374053955078,162.4303436279297,log,2025-03-22,2025-03-29,1
08,2025-03-22,2025-04-05,2,111.90042114257812,57.34556579589844,108.3078384399414,111.90042114257812,131.9431610107422,196.49508666992188,log,2025-03-22,2025-04-05,2
08,2025-03-22,2025-04-12,3,131.07733154296875,32.26214599609375,84.69963836669922,131.07733154296875,151.5275421142578,174.0432891845703,log,2025-03-22,2025-04-12,3
08,2025-03-22,2025-04-19,4,107.61996459960938,25.879789352416992,91.71051788330078,107.61996459960938,115.89306640625,154.84642028808594,log,2025-03-22,2025-04-19,4
09,2025-03-22,2025-03-29,1,106.37242126464844,79.25664520263672,95.1645278930664,106.37242126464844,122.38705444335938,122.55685424804688,log,2025-03-22,2025-03-29,1
09,2025-03-22,2025-04-05,2,106.74071502685547,49.63980484008789,82.03102111816406,106.74071502685547,114.36678314208984,145.17933654785156,log,2025-03-22,2025-04-05,2
09,2025-03-22,2025-04-12,3,107.96416473388672,28.86176109313965,82.64350128173828,107.96416473388672,124.63407897949219,150.87994384765625,log,2025-03-22,2025-04-12,3
09,2025-03-22,2025-04-19,4,83.92488861083984,14.809967994689941,60.094974517822266,83.92488861083984,101.4766845703125,145.39669799804688,log,2025-03-22,2025-04-19,4
10,2025-03-22,2025-03-29,1,36.55367660522461,17.946083068847656,26.485280990600586,36.55367660522461,51.08659362792969,67.95484161376953,log,2025-03-22,2025-03-29,1
10,2025-03-22,2025-04-05,2,32.95962142944336,5.630943775177002,20.26633071899414,32.95962142944336,43.63557815551758,73.17191314697266,log,2025-03-22,2025-04-05,2
10,2025-03-22,2025-04-12,3,25.986988067626953,2.5827462673187256,12.996039390563965,25.986988067626953,38.63818359375,65.66250610351562,log,2025-03-22,2025-04-12,3
10,2025-03-22,2025-04-19,4,25.26837730407715,2.111827850341797,10.30231761932373,25.26837730407715,36.999481201171875,59.01033401489258,log,2025-03-22,2025-04-19,4
11,2025-03-22,2025-03-29,1,68.2226791381836,39.42947769165039,51.19917297363281,68.2226791381836,76.94313049316406,94.73892974853516,log,2025-03-22,2025-03-29,1
11,2025-03-22,2025-04-05,2,53.5351448059082,21.375410079956055,39.89971923828125,53.5351448059082,57.460636138916016,103.62085723876953,log,2025-03-22,2025-04-05,2
11,2025-03-22,2025-04-12,3,47.571529388427734,13.88762092590332,31.250333786010742,47.571529388427734,51.8055534362793,93.26070404052734,log,2025-03-22,2025-04-12,3
11,2025-03-22,2025-04-19,4,35.9727668762207,7.100603103637695,24.246475219726562,35.9727668762207,40.613555908203125,81.10794830322266,log,2025-03-22,2025-04-19,4
12,2025-03-22,2025-03-29,1,794.85888671875,276.0,743.72900390625,794.85888671875,797.4566040039062,963.6985473632812,log,2025-03-22,2025-03-29,1
12,2025-03-22,2025-04-05,2,652.2894897460938,131.0736083984375,624.910888671875,652.2894897460938,766.8462524414062,1039.6351318359375,log,2025-03-22,2025-04-05,2
12,2025-03-22,2025-04-12,3,685.6918334960938,98.19559478759766,524.8206787109375,685.6918334960938,847.0652465820312,1035.2415771484375,log,2025-03-22,2025-04-12,3
12,2025-03-22,2025-04-19,4,502.1763000488281,42.35688018798828,371.5508117675781,502.1763000488281,669.8505249023438,1162.4144287109375,log,2025-03-22,2025-04-19,4
13,2025-03-22,2025-03-29,1,210.0850372314453,156.23599243164062,192.33148193359375,210.0850372314453,213.4709014892578,242.04034423828125,log,2025-03-22,2025-03-29,1
13,2025-03-22,2025-04-05,2,219.1523895263672,96.38223266601562,206.4288330078125,219.1523895263672,240.839111328125,257.5594787597656,log,2025-03-22,2025-04-05,2
13,2025-03-22,2025-04-12,3,210.8719940185547,67.0816650390625,190.0841064453125,210.8719940185547,211.33895874023438,236.53738403320312,log,2025-03-22,2025-04-12,3
13,2025-03-22,2025-04-19,4,173.94967651367188,24.712318420410156,105.97258758544922,173.94967651367188,198.4695281982422,217.93760681152344,log,2025-03-22,2025-04-19,4
15,2025-03-22,2025-03-29,1,36.457908630371094,17.897090911865234,29.99176597595215,36.457908630371094,46.56570816040039,73.3604507446289,log,2025-03-22,2025-03-29,1
15,2025-03-22,2025-04-05,2,33.681453704833984,8.617039680480957,26.360076904296875,33.681453704833984,41.83600616455078,73.97480010986328,log,2025-03-22,2025-04-05,2
15,2025-03-22,2025-04-12,3,33.418880462646484,7.598571300506592,22.2651309967041,33.418880462646484,46.31827926635742,68.1012191772461,log,2025-03-22,2025-04-12,3
15,2025-03-22,2025-04-19,4,26.271915435791016,3.6424293518066406,15.135927200317383,26.271915435791016,31.027868270874023,68.05648803710938,log,2025-03-22,2025-04-19,4
16,2025-03-22,2025-03-29,1,80.80496215820312,62.67641830444336,79.35513305664062,80.80496215820312,90.40657806396484,108.51861572265625,log,2025-03-22,2025-03-29,1
16,2025-03-22,2025-04-05,2,73.69624328613281,38.92585372924805,70.5082015991211,73.69624328613281,83.9759292602539,120.66814422607422,log,2025-03-22,2025-04-05,2
16,2025-03-22,2025-04-12,3,86.46011352539062,22.241413116455078,67.25462341308594,86.46011352539062,89.92153930664062,102.23871612548828,log,2025-03-22,2025-04-12,3
16,2025-03-22,2025-04-19,4,61.396766662597656,22.134714126586914,51.149627685546875,61.396766662597656,71.79517364501953,96.44842529296875,log,2025-03-22,2025-04-19,4
17,2025-03-22,2025-03-29,1,452.3140869140625,189.39178466796875,398.3343505859375,452.3140869140625,465.4643859863281,508.3219909667969,log,2025-03-22,2025-03-29,1
17,2025-03-22,2025-04-05,2,439.76776123046875,85.39707946777344,340.3380432128906,439.76776123046875,509.8971862792969,538.5514526367188,log,2025-03-22,2025-04-05,2
17,2025-03-22,2025-04-12,3,355.0594787597656,48.13644790649414,252.703125,355.0594787597656,557.5126953125,634.8482055664062,log,2025-03-22,2025-04-12,3
17,2025-03-22,2025-04-19,4,317.6219177246094,21.959392547607422,238.23983764648438,317.6219177246094,463.7479553222656,548.81103515625,log,2025-03-22,2025-04-19,4
18,2025-03-22,2025-03-29,1,310.8777770996094,129.95204162597656,290.3556823730469,310.8777770996094,372.80157470703125,419.2571716308594,log,2025-03-22,2025-03-29,1
18,2025-03-22,2025-04-05,2,273.26434326171875,66.1293716430664,231.23728942871094,273.26434326171875,378.9873046875,389.7372131347656,log,2025-03-22,2025-04-05,2
18,2025-03-22,2025-04-12,3,313.7453308105469,43.260746002197266,167.1732635498047,313.7453308105469,458.9820251464844,467.06683349609375,log,2025-03-22,2025-04-12,3
18,2025-03-22,2025-04-19,4,211.3706512451172,19.608348846435547,161.0728759765625,211.3706512451172,304.4397888183594,393.7928161621094,log,2025-03-22,2025-04-19,4
19,2025-03-22,2025-03-29,1,69.7318115234375,48.23764419555664,48.387969970703125,69.7318115234375,82.1693115234375,110.73912811279297,log,2025-03-22,2025-03-29,1
19,2025-03-22,2025-04-05,2,60.605953216552734,28.026546478271484,58.77241134643555,60.605953216552734,76.71437072753906,108.1827621459961,log,2025-03-22,2025-04-05,2
19,2025-03-22,2025-04-12,3,84.7879867553711,23.438467025756836,49.91878128051758,84.7879867553711,89.16516876220703,113.29200744628906,log,2025-03-22,2025-04-12,3
19,2025-03-22,2025-04-19,4,62.860626220703125,15.604789733886719,36.16320037841797,62.860626220703125,70.22591400146484,106.41241455078125,log,2025-03-22,2025-04-19,4
20,2025-03-22,2025-03-29,1,99.72613525390625,72.39018249511719,74.3489990234375,99.72613525390625,101.88449096679688,125.81587982177734,log,2025-03-22,2025-03-29,1
20,2025-03-22,2025-04-05,2,93.30799865722656,41.605472564697266,77.74514770507812,93.30799865722656,100.2234115600586,136.83651733398438,log,2025-03-22,2025-04-05,2
20,2025-03-22,2025-04-12,3,96.2963638305664,20.06379508972168,58.81617736816406,96.2963638305664,104.11139678955078,140.40744018554688,log,2025-03-22,2025-04-12,3
20,2025-03-22,2025-04-19,4,79.86544036865234,13.142510414123535,48.02151870727539,79.86544036865234,86.92887115478516,125.76956176757812,log,2025-03-22,2025-04-19,4
21,2025-03-22,2025-03-29,1,343.17254638671875,184.4464111328125,305.681884765625,343.17254638671875,346.30389404296875,391.0269775390625,log,2025-03-22,2025-03-29,1
21,2025-03-22,2025-04-05,2,236.32679748535156,114.92451477050781,215.57766723632812,236.32679748535156,286.52496337890625,398.6622009277344,log,2025-03-22,2025-04-05,2
21,2025-03-22,2025-04-12,3,272.5675048828125,70.68439483642578,201.7470703125,272.5675048828125,349.9244384765625,402.02752685546875,log,2025-03-22,2025-04-12,3
21,2025-03-22,2025-04-19,4,184.6831817626953,29.14527702331543,157.60733032226562,184.6831817626953,229.22955322265625,338.3094177246094,log,2025-03-22,2025-04-19,4
22,2025-03-22,2025-03-29,1,212.610107421875,129.86790466308594,171.6707763671875,212.610107421875,230.53305053710938,273.9678955078125,log,2025-03-22,2025-03-29,1
22,2025-03-22,2025-04-05,2,194.34353637695312,84.16365814208984,164.2158203125,194.34353637695312,223.89608764648438,336.7286376953125,log,2025-03-22,2025-04-05,2
22,2025-03-22,2025-04-12,3,156.45582580566406,60.30058670043945,137.9316864013672,156.45582580566406,248.9372100830078,270.4971008300781,log,2025-03-22,2025-04-12,3
22,2025-03-22,2025-04-19,4,167.31903076171875,26.50105094909668,84.28622436523438,167.31903076171875,192.62245178222656,231.34616088867188,log,2025-03-22,2025-04-19,4
23,2025-03-22,2025-03-29,1,65.0892562866211,48.37767791748047,56.84201431274414,65.0892562866211,72.88697052001953,93.1966781616211,log,2025-03-22,2025-03-29,1
23,2025-03-22,2025-04-05,2,58.126346588134766,17.026954650878906,42.902130126953125,58.126346588134766,76.3138198852539,121.45066833496094,log,2025-03-22,2025-04-05,2
23,2025-03-22,2025-04-12,3,45.95233917236328,9.33423900604248,31.552444458007812,45.95233917236328,64.47427368164062,95.07652282714844,log,2025-03-22,2025-04-12,3
23,2025-03-22,2025-04-19,4,50.36509704589844,6.331799507141113,23.5184268951416,50.36509704589844,51.84555435180664,93.47813415527344,log,2025-03-22,2025-04-19,4
24,2025-03-22,2025-03-29,1,172.52655029296875,113.78043365478516,142.6071014404297,172.52655029296875,215.75723266601562,225.3339080810547,log,2025-03-22,2025-03-29,1
24,2025-03-22,2025-04-05,2,186.0501251220703,61.28021240234375,125.46599578857422,186.0501251220703,186.20074462890625,240.74237060546875,log,2025-03-22,2025-04-05,2
24,2025-03-22,2025-04-12,3,146.10275268554688,38.376930236816406,106.87396240234375,146.10275268554688,193.8689727783203,204.89952087402344,log,2025-03-22,2025-04-12,3
24,2025-03-22,2025-04-19,4,135.11444091796875,17.015125274658203,77.26173400878906,135.11444091796875,168.6150665283203,175.163818359375,log,2025-03-22,2025-04-19,4
25,2025-03-22,2025-03-29,1,239.57760620117188,129.13771057128906,206.94955444335938,239.57760620117188,324.1598815917969,334.2658386230469,log,2025-03-22,2025-03-29,1
25,2025-03-22,2025-04-05,2,242.1668243408203,57.25080108642578,235.2472686767578,242.1668243408203,255.22251892089844,309.1513977050781,log,2025-03-22,2025-04-05,2
25,2025-03-22,2025-04-12,3,267.6040344238281,47.83789825439453,189.516845703125,267.6040344238281,323.4644775390625,367.6138000488281,log,2025-03-22,2025-04-12,3
25,2025-03-22,2025-04-19,4,206.28546142578125,21.959392547607422,176.33921813964844,206.28546142578125,271.2406921386719,289.6365051269531,log,2025-03-22,2025-04-19,4
26,2025-03-22,2025-03-29,1,868.1972045898438,284.4,790.0217895507812,868.1972045898438,870.1930541992188,1168.4815673828125,log,2025-03-22,2025-03-29,1
26,2025-03-22,2025-04-05,2,784.9183959960938,141.00733947753906,695.4208984375,784.9183959960938,878.6975708007812,1263.4700927734375,log,2025-03-22,2025-04-05,2
26,2025-03-22,2025-04-12,3,712.42236328125,133.43927001953125,581.576904296875,712.42236328125,956.0223388671875,1207.62890625,log,2025-03-22,2025-04-12,3
26,2025-03-22,2025-04-19,4,440.76702880859375,55.29038619995117,408.19354248046875,440.76702880859375,716.7722778320312,1222.5880126953125,log,2025-03-22,2025-04-19,4
27,2025-03-22,2025-03-29,1,181.57838439941406,111.61991882324219,165.73948669433594,181.57838439941406,202.23287963867188,213.18495178222656,log,2025-03-22,2025-03-29,1
27,2025-03-22,2025-04-05,2,183.36624145507812,86.20683288574219,174.6372528076172,183.36624145507812,215.05059814453125,222.45950317382812,log,2025-03-22,2025-04-05,2
27,2025-03-22,2025-04-12,3,187.1514129638672,93.22039031982422,166.7646942138672,187.1514129638672,227.0632781982422,237.25624084472656,log,2025-03-22,2025-04-12,3
27,2025-03-22,2025-04-19,4,177.42831420898438,36.77849578857422,108.87902069091797,177.42831420898438,180.74346923828125,187.06251525878906,log,2025-03-22,2025-04-19,4
28,2025-03-22,2025-03-29,1,91.51607513427734,73.37633514404297,73.7135238647461,91.51607513427734,96.64117431640625,105.27397155761719,log,2025-03-22,2025-03-29,1
28,2025-03-22,2025-04-05,2,79.4354476928711,52.00521469116211,61.2786979675293,79.4354476928711,97.84500885009766,140.1346893310547,log,2025-03-22,2025-04-05,2
28,2025-03-22,2025-04-12,3,77.07618713378906,32.30978012084961,54.116729736328125,77.07618713378906,97.83440399169922,139.05413818359375,log,2025-03-22,2025-04-12,3
28,2025-03-22,2025-04-19,4,79.0649185180664,13.199954986572266,43.94049835205078,79.0649185180664,81.13050079345703,113.90101623535156,log,2025-03-22,2025-04-19,4
29,2025-03-22,2025-03-29,1,322.3707580566406,129.95204162597656,258.996826171875,322.3707580566406,403.8583068847656,472.39166259765625,log,2025-03-22,2025-03-29,1
29,2025-03-22,2025-04-05,2,339.0267639160156,70.00962829589844,224.3879852294922,339.0267639160156,356.78778076171875,456.1211853027344,log,2025-03-22,2025-04-05,2
29,2025-03-22,2025-04-12,3,373.51397705078125,46.38523483276367,186.07598876953125,373.51397705078125,374.1402587890625,427.3739929199219,log,2025-03-22,2025-04-12,3
29,2025-03-22,2025-04-19,4,297.1478271484375,21.959392547607422,195.08331298828125,297.1478271484375,344.07916259765625,408.09112548828125,log,2025-03-22,2025-04-19,4
30,2025-03-22,2025-03-29,1,78.11500549316406,52.77587127685547,64.53693389892578,78.11500549316406,79.84723663330078,104.53094482421875,log,2025-03-22,2025-03-29,1
30,2025-03-22,2025-04-05,2,61.918601989746094,26.549890518188477,51.811283111572266,61.918601989746094,77.00257873535156,127.57011413574219,log,2025-03-22,2025-04-05,2
30,2025-03-22,2025-04-12,3,54.57818603515625,17.534748077392578,38.49769592285156,54.57818603515625,67.1849136352539,111.97199249267578,log,2025-03-22,2025-04-12,3
30,2025-03-22,2025-04-19,4,43.12411117553711,9.933204650878906,25.920759201049805,43.12411117553711,51.606483459472656,114.23527526855469,log,2025-03-22,2025-04-19,4
31,2025-03-22,2025-03-29,1,46.99729919433594,27.16490936279297,34.73976516723633,46.99729919433594,61.78790283203125,84.8094253540039,log,2025-03-22,2025-03-29,1
31,2025-03-22,2025-04-05,2,44.836090087890625,12.153473854064941,32.370628356933594,44.836090087890625,53.6031494140625,73.32769012451172,log,2025-03-22,2025-04-05,2
31,2025-03-22,2025-04-12,3,42.0063591003418,6.2616167068481445,24.43415641784668,42.0063591003418,57.52300262451172,68.3500747680664,log,2025-03-22,2025-04-12,3
31,2025-03-22,2025-04-19,4,34.912689208984375,5.467802047729492,21.169641494750977,34.912689208984375,43.52510452270508,71.8372573852539,log,2025-03-22,2025-04-19,4
32,2025-03-22,2025-03-29,1,81.10877227783203,48.29716110229492,69.64865112304688,81.10877227783203,81.72154998779297,102.9605484008789,log,2025-03-22,2025-03-29,1
32,2025-03-22,2025-04-05,2,70.64823913574219,32.3896484375,57.61384963989258,70.64823913574219,84.05996704101562,115.2009506225586,log,2025-03-22,2025-04-05,2
32,2025-03-22,2025-04-12,3,79.01957702636719,20.116138458251953,49.49751281738281,79.01957702636719,87.70804595947266,110.64800262451172,log,2025-03-22,2025-04-12,3
32,2025-03-22,2025-04-19,4,73.3626480102539,12.428956031799316,35.59455871582031,73.3626480102539,75.7020263671875,89.8831787109375,log,2025-03-22,2025-04-19,4
33,2025-03-22,2025-03-29,1,43.16493606567383,17.754409790039062,30.922853469848633,43.16493606567383,60.23832702636719,81.14334869384766,log,2025-03-22,2025-03-29,1
33,2025-03-22,2025-04-05,2,34.30506134033203,8.195232391357422,28.05421257019043,34.30506134033203,49.053306579589844,77.51119232177734,log,2025-03-22,2025-04-05,2
33,2025-03-22,2025-04-12,3,33.28449630737305,5.1508331298828125,16.010589599609375,33.28449630737305,54.47542953491211,65.09684753417969,log,2025-03-22,2025-04-12,3
33,2025-03-22,2025-04-19,4,27.724971771240234,2.4594733715057373,14.84041976928711,27.724971771240234,36.875240325927734,59.18961715698242,log,2025-03-22,2025-04-19,4
34,2025-03-22,2025-03-29,1,329.2517395019531,129.13771057128906,270.81524658203125,329.2517395019531,353.4927673339844,428.8437194824219,log,2025-03-22,2025-03-29,1
34,2025-03-22,2025-04-05,2,326.1408996582031,83.85708618164062,237.81027221679688,326.1408996582031,327.5635070800781,367.88812255859375,log,2025-03-22,2025-04-05,2
34,2025-03-22,2025-04-12,3,328.1118469238281,44.36725997924805,199.49050903320312,328.1118469238281,347.0927429199219,375.8546142578125,log,2025-03-22,2025-04-12,3
34,2025-03-22,2025-04-19,4,266.6785888671875,20.359493255615234,173.05491638183594,266.6785888671875,284.0191650390625,349.0049743652344,log,2025-03-22,2025-04-19,4
35,2025-03-22,2025-03-29,1,112.15648651123047,65.13471221923828,85.54044342041016,112.15648651123047,115.10114288330078,129.1205291748047,log,2025-03-22,2025-03-29,1
35,2025-03-22,2025-04-05,2,99.6369857788086,51.456851959228516,84.58165740966797,99.6369857788086,100.74327850341797,159.1400604248047,log,2025-03-22,2025-04-05,2
35,2025-03-22,2025-04-12,3,95.74177551269531,33.64698028564453,80.29427337646484,95.74177551269531,114.8840560913086,151.80075073242188,log,2025-03-22,2025-04-12,3
35,2025-03-22,2025-04-19,4,78.43631744384766,20.02333641052246,54.18613052368164,78.43631744384766,98.50242614746094,127.43267822265625,log,2025-03-22,2025-04-19,4
36,2025-03-22,2025-03-29,1,802.3180541992188,268.2,742.0951538085938,802.3180541992188,812.2269287109375,942.9240112304688,log,2025-03-22,2025-03-29,1
36,2025-03-22,2025-04-05,2,651.4228515625,128.71945190429688,629.5078125,651.4228515625,793.6314086914062,984.0726928710938,log,2025-03-22,2025-04-05,2
36,2025-03-22,2025-04-12,3,656.5931396484375,95.8929214477539,513.9299926757812,656.5931396484375,875.4016723632812,1133.601318359375,log,2025-03-22,2025-04-12,3
36,2025-03-22,2025-04-19,4,475.5211181640625,41.90901184082031,382.82977294921875,475.5211181640625,590.5562133789062,1012.2376098632812,log,2025-03-22,2025-04-19,4
37,2025-03-22,2025-03-29,1,368.6477355957031,181.1970977783203,351.5303039550781,368.6477355957031,392.755615234375,410.5493469238281,log,2025-03-22,2025-03-29,1
37,2025-03-22,2025-04-05,2,336.5715026855469,90.39812469482422,303.6039123535156,336.5715026855469,411.4784240722656,429.2279968261719,log,2025-03-22,2025-04-05,2
37,2025-03-22,2025-04-12,3,315.0909729003906,40.835453033447266,184.71754455566406,315.0909729003906,444.4892272949219,454.3876647949219,log,2025-03-22,2025-04-12,3
37,2025-03-22,2025-04-19,4,238.81640625,25.331607818603516,153.1750030517578,238.81640625,330.8476867675781,333.5505676269531,log,2025-03-22,2025-04-19,4
38,2025-03-22,2025-03-29,1,20.10030174255371,9.860339164733887,17.7156925201416,20.10030174255371,31.07600975036621,44.50941467285156,log,2025-03-22,2025-03-29,1
38,2025-03-22,2025-04-05,2,20.0042724609375,5.902728080749512,15.153067588806152,20.0042724609375,24.840404510498047,53.0963249206543,log,2025-03-22,2025-04-05,2
38,2025-03-22,2025-04-12,3,24.882429122924805,3.362809181213379,11.25009536743164,24.882429122924805,25.884641647338867,49.128292083740234,log,2025-03-22,2025-04-12,3
38,2025-03-22,2025-04-19,4,18.524864196777344,2.92678165435791,10.707731246948242,18.524864196777344,24.793703079223633,45.81992721557617,log,2025-03-22,2025-04-19,4
39,2025-03-22,2025-03-29,1,599.9779052734375,239.1,538.04150390625,599.9779052734375,752.2145385742188,990.9209594726562,log,2025-03-22,2025-03-29,1
39,2025-03-22,2025-04-05,2,470.41815185546875,68.14349999999999,392.19049072265625,470.41815185546875,898.0298461914062,1110.4349365234375,log,2025-03-22,2025-04-05,2
39,2025-03-22,2025-04-12,3,411.9444274902344,46.87529754638672,277.1400451660156,411.9444274902344,819.4501953125,834.57958984375,log,2025-03-22,2025-04-12,3
39,2025-03-22,2025-04-19,4,325.0343017578125,20.92315673828125,258.0760803222656,325.0343017578125,464.8759765625,728.9246215820312,log,2025-03-22,2025-04-19,4
40,2025-03-22,2025-03-29,1,56.85881423950195,44.545528411865234,49.96903991699219,56.85881423950195,78.82262420654297,103.06668853759766,log,2025-03-22,2025-03-29,1
40,2025-03-22,2025-04-05,2,64.85184478759766,26.492687225341797,64.24750518798828,64.85184478759766,66.41627502441406,108.22098541259766,log,2025-03-22,2025-04-05,2
40,2025-03-22,2025-04-12,3,76.43487548828125,26.151456832885742,52.971736907958984,76.43487548828125,88.39155578613281,100.65763092041016,log,2025-03-22,2025-04-12,3
40,2025-03-22,2025-04-19,4,64.57103729248047,16.54201316833496,43.80513000488281,64.57103729248047,72.39364624023438,102.8226318359375,log,2025-03-22,2025-04-19,4
41,2025-03-22,2025-03-29,1,95.0986099243164,54.96464538574219,78.54593658447266,95.0986099243164,106.07556915283203,125.77349090576172,log,2025-03-22,2025-03-29,1
41,2025-03-22,2025-04-05,2,93.63802337646484,37.650386810302734,70.1932144165039,93.63802337646484,109.88326263427734,144.94329833984375,log,2025-03-22,2025-04-05,2
41,2025-03-22,2025-04-12,3,100.13753509521484,26.796281814575195,62.5789680480957,100.13753509521484,123.08995819091797,147.05458068847656,log,2025-03-22,2025-04-12,3
41,2025-03-22,2025-04-19,4,91.4010009765625,17.17138671875,53.660484313964844,91.4010009765625,113.20032501220703,141.19842529296875,log,2025-03-22,2025-04-19,4
42,2025-03-22,2025-03-29,1,1125.099853515625,403.8,1090.7772216796875,1125.099853515625,1400.4886474609375,1415.2696533203125,log,2025-03-22,2025-03-29,1
42,2025-03-22,2025-04-05,2,827.4739990234375,115.083,792.707763671875,827.4739990234375,1340.597412109375,1386.0557861328125,log,2025-03-22,2025-04-05,2
42,2025-03-22,2025-04-12,3,767.1923217773438,47.83789825439453,378.736083984375,767.1923217773438,1121.5662841796875,1198.9166259765625,log,2025-03-22,2025-04-12,3
42,2025-03-22,2025-04-19,4,499.94842529296875,33.723716735839844,342.2457275390625,499.94842529296875,646.3012084960938,1067.3006591796875,log,2025-03-22,2025-04-19,4
44,2025-03-22,2025-03-29,1,34.686302185058594,15.094892501831055,25.293943405151367,34.686302185058594,51.21355056762695,64.86346435546875,log,2025-03-22,2025-03-29,1
44,2025-03-22,2025-04-05,2,31.34615135192871,6.423991680145264,17.660825729370117,31.34615135192871,49.239444732666016,69.17675018310547,log,2025-03-22,2025-04-05,2
44,2025-03-22,2025-04-12,3,25.411800384521484,2.620750904083252,9.579424858093262,25.411800384521484,42.775413513183594,62.573814392089844,log,2025-03-22,2025-04-12,3
44,2025-03-22,2025-04-19,4,26.695844650268555,1.9040950536727905,8.102362632751465,26.695844650268555,29.892248153686523,52.15299987792969,log,2025-03-22,2025-04-19,4
45,2025-03-22,2025-03-29,1,175.29592895507812,144.8052978515625,159.74545288085938,175.29592895507812,191.18338012695312,203.31570434570312,log,2025-03-22,2025-03-29,1
45,2025-03-22,2025-04-05,2,166.8313446044922,81.39201354980469,162.43113708496094,166.8313446044922,173.6247100830078,214.19351196289062,log,2025-03-22,2025-04-05,2
45,2025-03-22,2025-04-12,3,167.1221923828125,37.96907424926758,146.18309020996094,167.1221923828125,177.8900604248047,198.2297821044922,log,2025-03-22,2025-04-12,3
45,2025-03-22,2025-04-19,4,145.5727081298828,25.312116622924805,77.51744842529297,145.5727081298828,155.9728240966797,159.7232208251953,log,2025-03-22,2025-04-19,4
46,2025-03-22,2025-03-29,1,15.196884155273438,5.782081604003906,10.708144187927246,15.196884155273438,21.686054229736328,44.394203186035156,log,2025-03-22,2025-03-29,1
46,2025-03-22,2025-04-05,2,13.871313095092773,2.8447484970092773,9.175236701965332,13.871313095092773,19.126483917236328,45.83039093017578,log,2025-03-22,2025-04-05,2
46,2025-03-22,2025-04-12,3,15.472671508789062,1.472039818763733,7.916737079620361,15.472671508789062,20.968122482299805,44.733428955078125,log,2025-03-22,2025-04-12,3
46,2025-03-22,2025-04-19,4,14.349148750305176,1.950635313987732,5.915032863616943,14.349148750305176,19.579557418823242,40.482322692871094,log,2025-03-22,2025-04-19,4
47,2025-03-22,2025-03-29,1,277.93267822265625,184.4464111328125,252.1107940673828,277.93267822265625,320.2507629394531,320.32568359375,log,2025-03-22,2025-03-29,1
47,2025-03-22,2025-04-05,2,257.19232177734375,121.7496337890625,238.7117919921875,257.19232177734375,276.8215026855469,364.2812805175781,log,2025-03-22,2025-04-05,2
47,2025-03-22,2025-04-12,3,239.57864379882812,90.34318542480469,198.10784912109375,239.57864379882812,275.681396484375,296.5054931640625,log,2025-03-22,2025-04-12,3
47,2025-03-22,2025-04-19,4,254.1591033935547,39.84999084472656,157.90628051757812,254.1591033935547,261.48870849609375,292.4447021484375,log,2025-03-22,2025-04-19,4
48,2025-03-22,2025-03-29,1,508.4132995605469,188.20782470703125,502.8009948730469,508.4132995605469,509.76031494140625,522.6159057617188,log,2025-03-22,2025-03-29,1
48,2025-03-22,2025-04-05,2,512.3746337890625,95.23888397216797,510.79937744140625,512.3746337890625,521.8611450195312,624.8064575195312,log,2025-03-22,2025-04-05,2
48,2025-03-22,2025-04-12,3,493.79498291015625,44.3714485168457,319.9176025390625,493.79498291015625,730.5361328125,781.8764038085938,log,2025-03-22,2025-04-12,3
48,2025-03-22,2025-04-19,4,388.6329650878906,30.41551399230957,234.3208465576172,388.6329650878906,581.77392578125,733.170654296875,log,2025-03-22,2025-04-19,4
49,2025-03-22,2025-03-29,1,82.22350311279297,49.41351318359375,73.1474380493164,82.22350311279297,87.552734375,99.22637939453125,log,2025-03-22,2025-03-29,1
49,2025-03-22,2025-04-05,2,71.63882446289062,25.21232795715332,57.95562744140625,71.63882446289062,79.9042739868164,111.62329864501953,log,2025-03-22,2025-04-05,2
49,2025-03-22,2025-04-12,3,59.75886917114258,12.900901794433594,38.64085006713867,59.75886917114258,73.49868774414062,92.82147216796875,log,2025-03-22,2025-04-12,3
49,2025-03-22,2025-04-19,4,48.637794494628906,9.238229751586914,26.486427307128906,48.637794494628906,65.62189483642578,79.67852020263672,log,2025-03-22,2025-04-19,4
50,2025-03-22,2025-03-29,1,25.47594451904297,11.896599769592285,19.92289924621582,25.47594451904297,32.90208053588867,55.742103576660156,log,2025-03-22,2025-03-29,1
50,2025-03-22,2025-04-05,2,23.24456787109375,6.3589582443237305,16.8539981842041,23.24456787109375,27.546649932861328,58.30748748779297,log,2025-03-22,2025-04-05,2
50,2025-03-22,2025-04-12,3,23.8922061920166,2.7690868377685547,11.461231231689453,23.8922061920166,32.1318244934082,55.816993713378906,log,2025-03-22,2025-04-12,3
50,2025-03-22,2025-04-19,4,18.32047462463379,2.7374701499938965,11.964685440063477,18.32047462463379,24.366621017456055,54.06899642944336,log,2025-03-22,2025-04-19,4
51,2025-03-22,2025-03-29,1,278.3109436035156,184.4464111328125,263.8959655761719,278.3109436035156,299.64044189453125,309.4295654296875,log,2025-03-22,2025-03-29,1
51,2025-03-22,2025-04-05,2,236.83058166503906,93.53739929199219,206.4228057861328,236.83058166503906,289.4352111816406,371.0729064941406,log,2025-03-22,2025-04-05,2
51,2025-03-22,2025-04-12,3,287.5971984863281,43.76292037963867,148.22866821289062,287.5971984863281,371.3478088378906,387.6695251464844,log,2025-03-22,2025-04-12,3
51,2025-03-22,2025-04-19,4,244.5720977783203,28.741228103637695,148.8240203857422,244.5720977783203,296.1545715332031,314.96514892578125,log,2025-03-22,2025-04-19,4
53,2025-03-22,2025-03-29,1,141.70753479003906,77.41724395751953,109.2487564086914,141.70753479003906,152.72119140625,179.15234375,log,2025-03-22,2025-03-29,1
53,2025-03-22,2025-04-05,2,131.71324157714844,41.56011199951172,111.07440185546875,131.71324157714844,146.83815002441406,197.91900634765625,log,2025-03-22,2025-04-05,2
53,2025-03-22,2025-04-12,3,166.62588500976562,35.88367462158203,97.49646759033203,166.62588500976562,183.8395538330078,184.83216857910156,log,2025-03-22,2025-04-12,3
53,2025-03-22,2025-04-19,4,105.2465591430664,16.048877716064453,80.39788055419922,105.2465591430664,113.98690032958984,156.82754516601562,log,2025-03-22,2025-04-19,4
54,2025-03-22,2025-03-29,1,243.7086181640625,178.8852081298828,209.68663024902344,243.7086181640625,260.3595275878906,303.2440490722656,log,2025-03-22,2025-03-29,1
54,2025-03-22,2025-04-05,2,203.2697296142578,115.48027038574219,177.36451721191406,203.2697296142578,213.70982360839844,358.99676513671875,log,2025-03-22,2025-04-05,2
54,2025-03-22,2025-04-12,3,150.72518920898438,78.45563507080078,131.4935760498047,150.72518920898438,237.49288940429688,289.6288757324219,log,2025-03-22,2025-04-12,3
54,2025-03-22,2025-04-19,4,127.82946014404297,38.35239791870117,100.21134948730469,127.82946014404297,170.52297973632812,297.7168884277344,log,2025-03-22,2025-04-19,4
55,2025-03-22,2025-03-29,1,150.78872680664062,107.9718017578125,143.27850341796875,150.78872680664062,168.14291381835938,212.5274200439453,log,2025-03-22,2025-03-29,1
55,2025-03-22,2025-04-05,2,131.65643310546875,53.34561538696289,104.17778015136719,131.65643310546875,134.18321228027344,200.11903381347656,log,2025-03-22,2025-04-05,2
55,2025-03-22,2025-04-12,3,153.1678009033203,40.281429290771484,103.67025756835938,153.1678009033203,157.78318786621094,204.3023681640625,log,2025-03-22,2025-04-12,3
55,2025-03-22,2025-04-19,4,140.43455505371094,16.947265625,101.16861724853516,140.43455505371094,155.73446655273438,160.55752563476562,log,2025-03-22,2025-04-19,4
56,2025-03-22,2025-03-29,1,26.849071502685547,10.039962768554688,19.17254066467285,26.849071502685547,35.81236267089844,51.448360443115234,log,2025-03-22,2025-03-29,1
56,2025-03-22,2025-04-05,2,23.708160400390625,3.3308732509613037,13.605437278747559,23.708160400390625,30.032445907592773,56.50540542602539,log,2025-03-22,2025-04-05,2
56,2025-03-22,2025-04-12,3,17.83954620361328,2.0839946269989014,11.415553092956543,17.83954620361328,29.72984504699707,51.71184539794922,log,2025-03-22,2025-04-12,3
56,2025-03-22,2025-04-19,4,15.409013748168945,0.7466058731079102,6.8356242179870605,15.409013748168945,24.22920036315918,51.89760208129883,log,2025-03-22,2025-04-19,4
72,2025-03-22,2025-03-29,1,200.2016143798828,126.32321166992188,184.5153045654297,200.2016143798828,215.00177001953125,291.8511962890625,log,2025-03-22,2025-03-29,1
72,2025-03-22,2025-04-05,2,159.72682189941406,81.69658660888672,142.52467346191406,159.72682189941406,229.24130249023438,308.7505798339844,log,2025-03-22,2025-04-05,2
72,2025-03-22,2025-04-12,3,149.0794219970703,47.43357467651367,115.5411605834961,149.0794219970703,261.09710693359375,274.7930603027344,log,2025-03-22,2025-04-12,3
72,2025-03-22,2025-04-19,4,139.88180541992188,20.909059524536133,71.39763641357422,139.88180541992188,213.5258331298828,246.01605224609375,log,2025-03-22,2025-04-19,4
US,2025-03-22,2025-03-29,1,4209.9,4209.9,4209.9,4209.9,4209.9,4209.9,log,2025-03-22,2025-03-29,1
US,2025-03-22,2025-04-05,2,1199.8214999999998,1199.8214999999998,1199.8214999999998,1199.8214999999998,1401.83251953125,1564.873046875,log,2025-03-22,2025-04-05,2
US,2025-03-22,2025-04-12,3,961.4558715820312,323.951805,504.2046813964844,961.4558715820312,1290.7689208984375,1401.7957763671875,log,2025-03-22,2025-04-12,3
US,2025-03-22,2025-04-19,4,598.1572265625,82.607710275,439.82366943359375,598.1572265625,891.7841796875,1262.326171875,log,2025-03-22,2025-04-19,4
01,2025-03-29,2025-04-05,1,142.01510620117188,97.22686767578125,120.67574310302734,142.01510620117188,144.69757080078125,159.12770080566406,log,2025-03-29,2025-04-05,1
01,2025-03-29,2025-04-12,2,139.62240600585938,65.9336929321289,118.88990783691406,139.62240600585938,145.3326873779297,196.4200439453125,log,2025-03-29,2025-04-12,2
01,2025-03-29,2025-04-19,3,152.16073608398438,53.57352828979492,114.63831329345703,152.16073608398438,154.47573852539062,179.849853515625,log,2025-03-29,2025-04-19,3
01,2025-03-29,2025-04-26,4,100.43257904052734,24.974056243896484,92.18817138671875,100.43257904052734,128.0179443359375,155.7876739501953,log,2025-03-29,2025-04-26,4
02,2025-03-29,2025-04-05,1,27.803014755249023,10.128641128540039,22.034326553344727,27.803014755249023,30.51969337463379,49.70148849487305,log,2025-03-29,2025-04-05,1
02,2025-03-29,2025-04-12,2,27.42352294921875,7.064724922180176,20.845388412475586,27.42352294921875,31.87193489074707,59.944664001464844,log,2025-03-29,2025-04-12,2
02,2025-03-29,2025-04-19,3,22.49384117126465,5.625663757324219,20.296794891357422,22.49384117126465,24.204591751098633,52.06254577636719,log,2025-03-29,2025-04-19,3
02,2025-03-29,2025-04-26,4,23.32818031311035,3.927448034286499,17.3575439453125,23.32818031311035,24.862443923950195,59.48674011230469,log,2025-03-29,2025-04-26,4
04,2025-03-29,2025-04-05,1,194.07546997070312,155.63845825195312,184.20541381835938,194.07546997070312,196.482177734375,227.91986083984375,log,2025-03-29,2025-04-05,1
04,2025-03-29,2025-04-12,2,179.19496154785156,108.25057220458984,138.26119995117188,179.19496154785156,190.70506286621094,279.1639709472656,log,2025-03-29,2025-04-12,2
04,2025-03-29,2025-04-19,3,146.6130828857422,46.04180908203125,113.48214721679688,146.6130828857422,178.6190643310547,191.93565368652344,log,2025-03-29,2025-04-19,3
04,2025-03-29,2025-04-26,4,126.28217315673828,26.274106979370117,120.21917724609375,126.28217315673828,173.44760131835938,260.71856689453125,log,2025-03-29,2025-04-26,4
05,2025-03-29,2025-04-05,1,84.77433013916016,59.72654724121094,61.90654373168945,84.77433013916016,87.62763214111328,118.9021987915039,log,2025-03-29,2025-04-05,1
05,2025-03-29,2025-04-12,2,84.56533813476562,49.69456481933594,57.03269577026367,84.56533813476562,85.74958038330078,139.45138549804688,log,2025-03-29,2025-04-12,2
05,2025-03-29,2025-04-19,3,74.71131896972656,19.303754806518555,60.11199188232422,74.71131896972656,86.48709869384766,126.22404479980469,log,2025-03-29,2025-04-19,3
05,2025-03-29,2025-04-26,4,56.538455963134766,13.09758472442627,43.601539611816406,56.538455963134766,76.6458511352539,145.89590454101562,log,2025-03-29,2025-04-26,4
06,2025-03-29,2025-04-05,1,540.7765502929688,178.79999999999998,433.2151794433594,540.7765502929688,590.8330078125,636.216796875,log,2025-03-29,2025-04-05,1
06,2025-03-29,2025-04-12,2,393.6793212890625,138.74986267089844,393.54986572265625,393.6793212890625,534.3477783203125,609.7222900390625,log,2025-03-29,2025-04-12,2
06,2025-03-29,2025-04-19,3,403.708740234375,67.28141021728516,336.5616760253906,403.708740234375,534.6089477539062,563.581298828125,log,2025-03-29,2025-04-19,3
06,2025-03-29,2025-04-26,4,307.4710388183594,35.06731414794922,245.6891632080078,307.4710388183594,527.3944702148438,568.4881591796875,log,2025-03-29,2025-04-26,4
08,2025-03-29,2025-04-05,1,87.46368408203125,75.06707000732422,84.22813415527344,87.46368408203125,90.74376678466797,117.6129379272461,log,2025-03-29,2025-04-05,1
08,2025-03-29,2025-04-12,2,100.9415054321289,49.35567092895508,73.1509017944336,100.9415054321289,107.38357543945312,143.4595489501953,log,2025-03-29,2025-04-12,2
08,2025-03-29,2025-04-19,3,84.82633209228516,19.051685333251953,67.90113830566406,84.82633209228516,99.03682708740234,123.92404174804688,log,2025-03-29,2025-04-19,3
08,2025-03-29,2025-04-26,4,66.58544921875,12.943843841552734,47.4771842956543,66.58544921875,87.07183074951172,156.76095581054688,log,2025-03-29,2025-04-26,4
09,2025-03-29,2025-04-05,1,51.83527374267578,37.10994338989258,46.46248245239258,51.83527374267578,71.46798706054688,92.17972564697266,log,2025-03-29,2025-04-05,1
09,2025-03-29,2025-04-12,2,48.853424072265625,22.951332092285156,39.35649871826172,48.853424072265625,71.22994995117188,101.53050231933594,log,2025-03-29,2025-04-12,2
09,2025-03-29,2025-04-19,3,53.11885070800781,14.524274826049805,41.37332534790039,53.11885070800781,65.79560089111328,78.67766571044922,log,2025-03-29,2025-04-19,3
09,2025-03-29,2025-04-26,4,48.35553741455078,12.731828689575195,35.53374481201172,48.35553741455078,59.23690414428711,140.9373321533203,log,2025-03-29,2025-04-26,4
10,2025-03-29,2025-04-05,1,24.169193267822266,10.2,15.72527027130127,24.169193267822266,30.76412582397461,50.16595458984375,log,2025-03-29,2025-04-05,1
10,2025-03-29,2025-04-12,2,16.72353172302246,3.792815685272217,11.43460464477539,16.72353172302246,31.862892150878906,60.34614562988281,log,2025-03-29,2025-04-12,2
10,2025-03-29,2025-04-19,3,20.679779052734375,1.5486912727355957,9.617438316345215,20.679779052734375,29.380630493164062,47.08824920654297,log,2025-03-29,2025-04-19,3
10,2025-03-29,2025-04-26,4,17.80721092224121,0.7009243965148926,9.101768493652344,17.80721092224121,21.05049705505371,59.1193962097168,log,2025-03-29,2025-04-26,4
11,2025-03-29,2025-04-05,1,49.56588363647461,35.13277816772461,44.547420501708984,49.56588363647461,56.78861618041992,83.27693939208984,log,2025-03-29,2025-04-05,1
11,2025-03-29,2025-04-12,2,50.09895324707031,12.440000534057617,32.49510192871094,50.09895324707031,62.917137145996094,102.1825180053711,log,2025-03-29,2025-04-12,2
11,2025-03-29,2025-04-19,3,44.95254898071289,11.954233169555664,26.080814361572266,44.95254898071289,51.90891647338867,78.37638092041016,log,2025-03-29,2025-04-19,3
11,2025-03-29,2025-04-26,4,34.85946273803711,6.938036918640137,24.00006675720215,34.85946273803711,36.68993377685547,80.07949829101562,log,2025-03-29,2025-04-26,4
12,2025-03-29,2025-04-05,1,607.9278564453125,217.2,591.5067138671875,607.9278564453125,677.5916137695312,768.9955444335938,log,2025-03-29,2025-04-05,1
12,2025-03-29,2025-04-12,2,563.4644775390625,137.69207763671875,559.2210693359375,563.4644775390625,795.5399780273438,887.9889526367188,log,2025-03-29,2025-04-12,2
12,2025-03-29,2025-04-19,3,468.34210205078125,70.95545196533203,468.10626220703125,468.34210205078125,625.8260498046875,762.5215454101562,log,2025-03-29,2025-04-19,3
12,2025-03-29,2025-04-26,4,358.8467712402344,35.06731414794922,321.56024169921875,358.8467712402344,671.5336303710938,833.5418701171875,log,2025-03-29,2025-04-26,4
13,2025-03-29,2025-04-05,1,152.4547576904297,116.05342864990234,137.92599487304688,152.4547576904297,161.40135192871094,177.84808349609375,log,2025-03-29,2025-04-05,1
13,2025-03-29,2025-04-12,2,133.26693725585938,66.58763885498047,102.98380279541016,133.26693725585938,168.628173828125,198.72573852539062,log,2025-03-29,2025-04-12,2
13,2025-03-29,2025-04-19,3,139.48521423339844,43.18463134765625,126.77766418457031,139.48521423339844,178.1171875,180.0973358154297,log,2025-03-29,2025-04-19,3
13,2025-03-29,2025-04-26,4,121.96141052246094,20.10073471069336,101.61849212646484,121.96141052246094,141.17652893066406,168.29412841796875,log,2025-03-29,2025-04-26,4
15,2025-03-29,2025-04-05,1,27.694608688354492,10.424691200256348,22.20050048828125,27.694608688354492,34.5086669921875,54.91817855834961,log,2025-03-29,2025-04-05,1
15,2025-03-29,2025-04-12,2,28.561988830566406,6.403833866119385,20.11823272705078,28.561988830566406,34.60661697387695,65.85736083984375,log,2025-03-29,2025-04-12,2
15,2025-03-29,2025-04-19,3,27.145763397216797,6.04697322845459,17.678251266479492,27.145763397216797,30.989389419555664,52.15150451660156,log,2025-03-29,2025-04-19,3
15,2025-03-29,2025-04-26,4,22.17194366455078,1.5670133829116821,13.420933723449707,22.17194366455078,22.404752731323242,60.10054016113281,log,2025-03-29,2025-04-26,4
16,2025-03-29,2025-04-05,1,49.312625885009766,37.78642654418945,45.752899169921875,49.312625885009766,56.437496185302734,67.587890625,log,2025-03-29,2025-04-05,1
16,2025-03-29,2025-04-12,2,45.17466735839844,18.820188522338867,28.669158935546875,45.17466735839844,63.06436538696289,83.25029754638672,log,2025-03-29,2025-04-12,2
16,2025-03-29,2025-04-19,3,47.41252517700195,10.137344360351562,26.290973663330078,47.41252517700195,51.79232406616211,64.58489227294922,log,2025-03-29,2025-04-19,3
16,2025-03-29,2025-04-26,4,34.282554626464844,4.587909698486328,19.597007751464844,34.282554626464844,38.790523529052734,71.56024169921875,log,2025-03-29,2025-04-26,4
17,2025-03-29,2025-04-05,1,276.7891845703125,123.14464569091797,213.29833984375,276.7891845703125,287.7870178222656,293.1534423828125,log,2025-03-29,2025-04-05,1
17,2025-03-29,2025-04-12,2,230.20428466796875,80.71599578857422,202.7101287841797,230.20428466796875,350.7342529296875,355.7933349609375,log,2025-03-29,2025-04-12,2
17,2025-03-29,2025-04-19,3,267.35479736328125,32.70626449584961,198.9710235595703,267.35479736328125,270.8975524902344,320.0353088378906,log,2025-03-29,2025-04-19,3
17,2025-03-29,2025-04-26,4,199.75723266601562,19.730388641357422,142.12828063964844,199.75723266601562,268.1830749511719,362.799072265625,log,2025-03-29,2025-04-26,4
18,2025-03-29,2025-04-05,1,158.6775360107422,110.8804702758789,143.3749237060547,158.6775360107422,184.0619659423828,231.8256072998047,log,2025-03-29,2025-04-05,1
18,2025-03-29,2025-04-12,2,139.24264526367188,64.16769409179688,137.0568084716797,139.24264526367188,160.34019470214844,250.0990447998047,log,2025-03-29,2025-04-12,2
18,2025-03-29,2025-04-19,3,143.13079833984375,30.467042922973633,134.16510009765625,143.13079833984375,168.8533477783203,194.00711059570312,log,2025-03-29,2025-04-19,3
18,2025-03-29,2025-04-26,4,134.44219970703125,18.179283142089844,112.52371978759766,134.44219970703125,143.9522247314453,208.392822265625,log,2025-03-29,2025-04-26,4
19,2025-03-29,2025-04-05,1,41.49692153930664,25.38966178894043,32.11429977416992,41.49692153930664,58.988616943359375,76.5215835571289,log,2025-03-29,2025-04-05,1
19,2025-03-29,2025-04-12,2,35.40380096435547,16.219083786010742,25.857900619506836,35.40380096435547,55.26996612548828,72.61898803710938,log,2025-03-29,2025-04-12,2
19,2025-03-29,2025-04-19,3,34.306602478027344,10.419357299804688,25.771215438842773,34.306602478027344,47.49324035644531,56.697723388671875,log,2025-03-29,2025-04-19,3
19,2025-03-29,2025-04-26,4,37.81730651855469,10.39277172088623,25.51203155517578,37.81730651855469,40.399417877197266,107.45787048339844,log,2025-03-29,2025-04-26,4
20,2025-03-29,2025-04-05,1,47.06412124633789,34.94474411010742,40.91460418701172,47.06412124633789,64.0424575805664,89.3638916015625,log,2025-03-29,2025-04-05,1
20,2025-03-29,2025-04-12,2,40.753562927246094,19.483646392822266,40.01667022705078,40.753562927246094,57.03269577026367,93.70582580566406,log,2025-03-29,2025-04-12,2
20,2025-03-29,2025-04-19,3,40.72250747680664,12.110271453857422,34.96120071411133,40.72250747680664,59.41389846801758,64.94876098632812,log,2025-03-29,2025-04-19,3
20,2025-03-29,2025-04-26,4,38.7896614074707,9.41036319732666,30.181926727294922,38.7896614074707,43.933876037597656,110.12950134277344,log,2025-03-29,2025-04-26,4
21,2025-03-29,2025-04-05,1,187.9960174560547,168.90980529785156,170.21343994140625,187.9960174560547,208.5982208251953,233.6372528076172,log,2025-03-29,2025-04-05,1
21,2025-03-29,2025-04-12,2,173.46548461914062,100.03356170654297,126.34185028076172,173.46548461914062,185.5478515625,273.4696044921875,log,2025-03-29,2025-04-12,2
21,2025-03-29,2025-04-19,3,127.46918487548828,37.560211181640625,113.15355682373047,127.46918487548828,204.7564239501953,207.74623107910156,log,2025-03-29,2025-04-19,3
21,2025-03-29,2025-04-26,4,140.1337432861328,24.79069709777832,98.20680236816406,140.1337432861328,144.27183532714844,276.8500061035156,log,2025-03-29,2025-04-26,4
22,2025-03-29,2025-04-05,1,151.57656860351562,114.6209945678711,136.90554809570312,151.57656860351562,163.1631317138672,169.74913024902344,log,2025-03-29,2025-04-05,1
22,2025-03-29,2025-04-12,2,135.39024353027344,62.389556884765625,106.00875854492188,135.39024353027344,164.3584747314453,216.03140258789062,log,2025-03-29,2025-04-12,2
22,2025-03-29,2025-04-19,3,135.0714874267578,44.00639724731445,96.14625549316406,135.0714874267578,151.20706176757812,179.9506072998047,log,2025-03-29,2025-04-19,3
22,2025-03-29,2025-04-26,4,117.09868621826172,18.394155502319336,64.5292739868164,117.09868621826172,135.27581787109375,158.12646484375,log,2025-03-29,2025-04-26,4
23,2025-03-29,2025-04-05,1,42.235015869140625,23.46457290649414,36.705726623535156,42.235015869140625,59.73088836669922,81.75531768798828,log,2025-03-29,2025-04-05,1
23,2025-03-29,2025-04-12,2,35.709110260009766,18.265296936035156,22.285747528076172,35.709110260009766,51.094627380371094,74.80387115478516,log,2025-03-29,2025-04-12,2
23,2025-03-29,2025-04-19,3,26.498382568359375,5.137359619140625,20.203641891479492,26.498382568359375,42.449642181396484,66.67235565185547,log,2025-03-29,2025-04-19,3
23,2025-03-29,2025-04-26,4,23.80075454711914,2.884310483932495,12.387848854064941,23.80075454711914,30.958202362060547,63.66825866699219,log,2025-03-29,2025-04-26,4
24,2025-03-29,2025-04-05,1,97.08364868164062,64.88162231445312,73.39730072021484,97.08364868164062,102.75359344482422,144.2387237548828,log,2025-03-29,2025-04-05,1
24,2025-03-29,2025-04-12,2,79.06549072265625,40.76271438598633,66.50238800048828,79.06549072265625,93.95751953125,170.97610473632812,log,2025-03-29,2025-04-12,2
24,2025-03-29,2025-04-19,3,92.8358383178711,21.77297019958496,63.25959014892578,92.8358383178711,113.36871337890625,152.0926055908203,log,2025-03-29,2025-04-19,3
24,2025-03-29,2025-04-26,4,68.49983978271484,14.858898162841797,54.855369567871094,68.49983978271484,93.58393096923828,146.61997985839844,log,2025-03-29,2025-04-26,4
25,2025-03-29,2025-04-05,1,154.11141967773438,109.25564575195312,118.44255065917969,154.11141967773438,195.14447021484375,222.08082580566406,log,2025-03-29,2025-04-05,1
25,2025-03-29,2025-04-12,2,165.5683135986328,75.7117919921875,154.70314025878906,165.5683135986328,169.20489501953125,250.10658264160156,log,2025-03-29,2025-04-12,2
25,2025-03-29,2025-04-19,3,170.44683837890625,32.7789421081543,145.20352172851562,170.44683837890625,172.239501953125,251.27853393554688,log,2025-03-29,2025-04-19,3
25,2025-03-29,2025-04-26,4,132.48321533203125,19.094829559326172,105.44117736816406,132.48321533203125,169.28753662109375,276.9513854980469,log,2025-03-29,2025-04-26,4
26,2025-03-29,2025-04-05,1,466.83453369140625,190.79999999999998,443.6967468261719,466.83453369140625,484.0841369628906,516.189697265625,log,2025-03-29,2025-04-05,1
26,2025-03-29,2025-04-12,2,435.2989501953125,141.9317169189453,425.0175476074219,435.2989501953125,468.1807556152344,499.66998291015625,log,2025-03-29,2025-04-12,2
26,2025-03-29,2025-04-19,3,396.67108154296875,73.3147964477539,348.91534423828125,396.67108154296875,400.4298400878906,473.03271484375,log,2025-03-29,2025-04-19,3
26,2025-03-29,2025-04-26,4,311.6437072753906,36.39521408081055,268.66021728515625,311.6437072753906,314.9443664550781,570.6033935546875,log,2025-03-29,2025-04-26,4
27,2025-03-29,2025-04-05,1,58.94240951538086,45.553497314453125,58.731754302978516,58.94240951538086,83.3631820678711,103.32698822021484,log,2025-03-29,2025-04-05,1
27,2025-03-29,2025-04-12,2,67.43549346923828,46.05543899536133,49.7392692565918,67.43549346923828,94.1242904663086,120.96630096435547,log,2025-03-29,2025-04-12,2
27,2025-03-29,2025-04-19,3,76.85549926757812,19.653356552124023,54.28279113769531,76.85549926757812,78.59283447265625,91.92893981933594,log,2025-03-29,2025-04-19,3
27,2025-03-29,2025-04-26,4,60.76959228515625,15.451190948486328,50.15382766723633,60.76959228515625,66.6419677734375,136.69651794433594,log,2025-03-29,2025-04-26,4
28,2025-03-29,2025-04-05,1,40.80741500854492,30.792030334472656,37.203399658203125,40.80741500854492,59.95585250854492,81.12220001220703,log,2025-03-29,2025-04-05,1
28,2025-03-29,2025-04-12,2,36.376548767089844,13.757817268371582,25.343984603881836,36.376548767089844,56.01647186279297,74.754150390625,log,2025-03-29,2025-04-12,2
28,2025-03-29,2025-04-19,3,33.79679489135742,9.40053939819336,26.27958869934082,33.79679489135742,45.855831146240234,55.714298248291016,log,2025-03-29,2025-04-19,3
28,2025-03-29,2025-04-26,4,32.39906692504883,6.307413101196289,21.793834686279297,32.39906692504883,38.16972732543945,88.29110717773438,log,2025-03-29,2025-04-26,4
29,2025-03-29,2025-04-05,1,118.66886901855469,88.02471160888672,101.53797912597656,118.66886901855469,151.7480010986328,186.84661865234375,log,2025-03-29,2025-04-05,1
29,2025-03-29,2025-04-12,2,139.82752990722656,62.77225875854492,137.40707397460938,139.82752990722656,150.50930786132812,210.51829528808594,log,2025-03-29,2025-04-12,2
29,2025-03-29,2025-04-19,3,128.14381408691406,31.996234893798828,124.30233001708984,128.14381408691406,172.20364379882812,175.3379669189453,log,2025-03-29,2025-04-19,3
29,2025-03-29,2025-04-26,4,126.83396911621094,18.222122192382812,105.28983306884766,126.83396911621094,130.80056762695312,216.40728759765625,log,2025-03-29,2025-04-26,4
30,2025-03-29,2025-04-05,1,46.68704605102539,24.92218780517578,38.959556579589844,46.68704605102539,57.48500442504883,79.42301940917969,log,2025-03-29,2025-04-05,1
30,2025-03-29,2025-04-12,2,40.795616149902344,17.79934310913086,23.362693786621094,40.795616149902344,53.30375671386719,76.79212188720703,log,2025-03-29,2025-04-12,2
30,2025-03-29,2025-04-19,3,31.63357925415039,5.225250244140625,19.638307571411133,31.63357925415039,42.861934661865234,70.44528198242188,log,2025-03-29,2025-04-19,3
30,2025-03-29,2025-04-26,4,23.44992446899414,4.23677396774292,13.908819198608398,23.44992446899414,30.89659881591797,76.4704360961914,log,2025-03-29,2025-04-26,4
31,2025-03-29,2025-04-05,1,23.462932586669922,14.29050350189209,19.910017013549805,23.462932586669922,37.633663177490234,61.04438781738281,log,2025-03-29,2025-04-05,1
31,2025-03-29,2025-04-12,2,22.18929672241211,5.906937599182129,18.232290267944336,22.18929672241211,33.1989631652832,59.490169525146484,log,2025-03-29,2025-04-12,2
31,2025-03-29,2025-04-19,3,27.14695167541504,4.610482692718506,16.430126190185547,27.14695167541504,31.382701873779297,48.30780029296875,log,2025-03-29,2025-04-19,3
31,2025-03-29,2025-04-26,4,20.177825927734375,2.3947465419769287,13.51977252960205,20.177825927734375,24.997257232666016,54.82229995727539,log,2025-03-29,2025-04-26,4
32,2025-03-29,2025-04-05,1,65.51457214355469,45.043758392333984,59.144832611083984,65.51457214355469,71.86580657958984,87.89389038085938,log,2025-03-29,2025-04-05,1
32,2025-03-29,2025-04-12,2,65.08270263671875,24.006248474121094,52.924442291259766,65.08270263671875,71.88102722167969,116.05331420898438,log,2025-03-29,2025-04-12,2
32,2025-03-29,2025-04-19,3,65.13720703125,14.5748872756958,43.699745178222656,65.13720703125,77.17703247070312,86.3349609375,log,2025-03-29,2025-04-19,3
32,2025-03-29,2025-04-26,4,54.12490463256836,8.570446968078613,33.223907470703125,54.12490463256836,54.857444763183594,82.60816955566406,log,2025-03-29,2025-04-26,4
33,2025-03-29,2025-04-05,1,20.76462173461914,12.38454818725586,18.45694351196289,20.76462173461914,33.41265106201172,57.339195251464844,log,2025-03-29,2025-04-05,1
33,2025-03-29,2025-04-12,2,17.20877456665039,3.958958148956299,14.003570556640625,17.20877456665039,28.171300888061523,57.257633209228516,log,2025-03-29,2025-04-12,2
33,2025-03-29,2025-04-19,3,16.15996551513672,1.4539726972579956,10.623746871948242,16.15996551513672,25.35626792907715,46.159507751464844,log,2025-03-29,2025-04-19,3
33,2025-03-29,2025-04-26,4,13.523650169372559,0.9020200371742249,9.940340995788574,13.523650169372559,18.24477195739746,49.922821044921875,log,2025-03-29,2025-04-26,4
34,2025-03-29,2025-04-05,1,254.94081115722656,123.96890258789062,202.27455139160156,254.94081115722656,279.0265197753906,280.7560729980469,log,2025-03-29,2025-04-05,1
34,2025-03-29,2025-04-12,2,259.8990783691406,109.05289459228516,218.9543914794922,259.8990783691406,263.7992248535156,298.83514404296875,log,2025-03-29,2025-04-12,2
34,2025-03-29,2025-04-19,3,226.4779815673828,39.762420654296875,171.95152282714844,226.4779815673828,263.8176574707031,265.8747863769531,log,2025-03-29,2025-04-19,3
34,2025-03-29,2025-04-26,4,166.49891662597656,20.30921173095703,158.2735137939453,166.49891662597656,234.07614135742188,313.4540100097656,log,2025-03-29,2025-04-26,4
35,2025-03-29,2025-04-05,1,76.24867248535156,53.03178787231445,69.03852081298828,76.24867248535156,91.50777435302734,104.26502990722656,log,2025-03-29,2025-04-05,1
35,2025-03-29,2025-04-12,2,81.83929443359375,39.45906448364258,66.95011901855469,81.83929443359375,90.72959899902344,132.27491760253906,log,2025-03-29,2025-04-12,2
35,2025-03-29,2025-04-19,3,72.850830078125,24.899145126342773,53.97425842285156,72.850830078125,75.4158935546875,97.58438110351562,log,2025-03-29,2025-04-19,3
35,2025-03-29,2025-04-26,4,61.281192779541016,10.294535636901855,37.410858154296875,61.281192779541016,71.02936553955078,113.63078308105469,log,2025-03-29,2025-04-26,4
36,2025-03-29,2025-04-05,1,468.8620300292969,183.29999999999998,452.4757995605469,468.8620300292969,520.5745239257812,563.4114379882812,log,2025-03-29,2025-04-05,1
36,2025-03-29,2025-04-12,2,402.0032958984375,122.78247833251953,395.19647216796875,402.0032958984375,535.8680419921875,576.3540649414062,log,2025-03-29,2025-04-12,2
36,2025-03-29,2025-04-19,3,409.5070495605469,46.88496780395508,320.90570068359375,409.5070495605469,565.0846557617188,610.9037475585938,log,2025-03-29,2025-04-19,3
36,2025-03-29,2025-04-26,4,355.1549072265625,27.491500854492188,257.5559997558594,355.1549072265625,565.125732421875,698.129638671875,log,2025-03-29,2025-04-26,4
37,2025-03-29,2025-04-05,1,238.5067138671875,163.375,203.42300415039062,238.5067138671875,282.02655029296875,283.6468811035156,log,2025-03-29,2025-04-05,1
37,2025-03-29,2025-04-12,2,215.85214233398438,89.57950592041016,199.3996124267578,215.85214233398438,288.8506774902344,328.2677307128906,log,2025-03-29,2025-04-12,2
37,2025-03-29,2025-04-19,3,238.0310516357422,34.85204315185547,174.40591430664062,238.0310516357422,284.03900146484375,300.59210205078125,log,2025-03-29,2025-04-19,3
37,2025-03-29,2025-04-26,4,166.9423828125,23.466041564941406,128.35427856445312,166.9423828125,252.8946990966797,337.4657287597656,log,2025-03-29,2025-04-26,4
38,2025-03-29,2025-04-05,1,19.44222640991211,8.057833671569824,15.502362251281738,19.44222640991211,26.029338836669922,41.508026123046875,log,2025-03-29,2025-04-05,1
38,2025-03-29,2025-04-12,2,19.838043212890625,7.302242279052734,14.032379150390625,19.838043212890625,22.61050796508789,53.53121566772461,log,2025-03-29,2025-04-12,2
38,2025-03-29,2025-04-19,3,21.88656234741211,5.00627326965332,17.696874618530273,21.88656234741211,23.12403106689453,44.5550537109375,log,2025-03-29,2025-04-19,3
38,2025-03-29,2025-04-26,4,18.405275344848633,4.011615753173828,12.448716163635254,18.405275344848633,20.257362365722656,53.0063362121582,log,2025-03-29,2025-04-26,4
39,2025-03-29,2025-04-05,1,371.8568420410156,135.9,269.1933288574219,371.8568420410156,377.2861022949219,477.89739990234375,log,2025-03-29,2025-04-05,1
39,2025-03-29,2025-04-12,2,232.6295623779297,70.10233306884766,230.369384765625,232.6295623779297,428.0813293457031,439.2010803222656,log,2025-03-29,2025-04-12,2
39,2025-03-29,2025-04-19,3,271.5929870605469,32.868873596191406,235.37347412109375,271.5929870605469,438.0028991699219,475.6495056152344,log,2025-03-29,2025-04-19,3
39,2025-03-29,2025-04-26,4,276.2687072753906,20.072463989257812,158.25323486328125,276.2687072753906,381.9423828125,538.8327026367188,log,2025-03-29,2025-04-26,4
40,2025-03-29,2025-04-05,1,51.40639877319336,36.29798126220703,42.00820541381836,51.40639877319336,68.32359313964844,93.233154296875,log,2025-03-29,2025-04-05,1
40,2025-03-29,2025-04-12,2,54.30324935913086,25.453367233276367,41.85655212402344,54.30324935913086,66.38130950927734,103.58728790283203,log,2025-03-29,2025-04-12,2
40,2025-03-29,2025-04-19,3,57.65897750854492,18.021102905273438,42.27484130859375,57.65897750854492,70.5490951538086,77.98725891113281,log,2025-03-29,2025-04-19,3
40,2025-03-29,2025-04-26,4,42.30774688720703,15.030817985534668,36.624019622802734,42.30774688720703,63.97233963012695,113.97357940673828,log,2025-03-29,2025-04-26,4
41,2025-03-29,2025-04-05,1,82.17811584472656,42.72047424316406,69.39013671875,82.17811584472656,88.7254638671875,101.13520812988281,log,2025-03-29,2025-04-05,1
41,2025-03-29,2025-04-12,2,78.47875213623047,40.803916931152344,56.90289306640625,78.47875213623047,92.3937759399414,120.96217346191406,log,2025-03-29,2025-04-12,2
41,2025-03-29,2025-04-19,3,63.17088317871094,16.421688079833984,46.850284576416016,63.17088317871094,79.8401107788086,90.4898681640625,log,2025-03-29,2025-04-19,3
41,2025-03-29,2025-04-26,4,65.22443389892578,11.1170654296875,41.70061492919922,65.22443389892578,66.47757720947266,130.19686889648438,log,2025-03-29,2025-04-26,4
42,2025-03-29,2025-04-05,1,637.08154296875,287.4,629.332275390625,637.08154296875,700.65576171875,765.9164428710938,log,2025-03-29,2025-04-05,1
42,2025-03-29,2025-04-12,2,426.1468811035156,106.1397705078125,421.7087097167969,426.1468811035156,722.1945190429688,902.3873291015625,log,2025-03-29,2025-04-12,2
42,2025-03-29,2025-04-19,3,393.2829895019531,34.943260192871094,313.156494140625,393.2829895019531,574.746826171875,774.4805297851562,log,2025-03-29,2025-04-19,3
42,2025-03-29,2025-04-26,4,337.5896911621094,20.072463989257812,230.85067749023438,337.5896911621094,534.5581665039062,852.5144653320312,log,2025-03-29,2025-04-26,4
44,2025-03-29,2025-04-05,1,20.247928619384766,7.8,15.074345588684082,20.247928619384766,23.851865768432617,46.83354949951172,log,2025-03-29,2025-04-05,1
44,2025-03-29,2025-04-12,2,17.97384262084961,2.8557071685791016,10.76342487335205,17.97384262084961,24.957014083862305,51.86244201660156,log,2025-03-29,2025-04-12,2
44,2025-03-29,2025-04-19,3,18.60201644897461,1.651365876197815,9.772725105285645,18.60201644897461,24.497568130493164,43.16383361816406,log,2025-03-29,2025-04-19,3
44,2025-03-29,2025-04-26,4,12.675322532653809,0.44044190645217896,6.5275163650512695,12.675322532653809,17.446102142333984,40.42926788330078,log,2025-03-29,2025-04-26,4
45,2025-03-29,2025-04-05,1,103.56953430175781,63.47007369995117,84.30445098876953,103.56953430175781,112.97635650634766,125.95291900634766,log,2025-03-29,2025-04-05,1
45,2025-03-29,2025-04-12,2,106.7403564453125,56.66326141357422,92.1645278930664,106.7403564453125,110.64305114746094,153.15345764160156,log,2025-03-29,2025-04-12,2
45,2025-03-29,2025-04-19,3,102.01536560058594,21.248411178588867,77.27084350585938,102.01536560058594,133.77952575683594,150.13986206054688,log,2025-03-29,2025-04-19,3
45,2025-03-29,2025-04-26,4,87.79137420654297,14.680920600891113,63.47951126098633,87.79137420654297,93.66203308105469,136.3074493408203,log,2025-03-29,2025-04-26,4
46,2025-03-29,2025-04-05,1,8.009771347045898,3.3,6.357218265533447,8.009771347045898,14.103470802307129,32.29460525512695,log,2025-03-29,2025-04-05,1
46,2025-03-29,2025-04-12,2,7.699202537536621,1.35193932056427,4.603632926940918,7.699202537536621,10.339006423950195,43.83994674682617,log,2025-03-29,2025-04-12,2
46,2025-03-29,2025-04-19,3,10.44662094116211,0.5640234351158142,6.062445640563965,10.44662094116211,12.216874122619629,31.53390884399414,log,2025-03-29,2025-04-19,3
46,2025-03-29,2025-04-26,4,8.114090919494629,0.28100886940956116,3.4586689472198486,8.114090919494629,12.152173042297363,38.589752197265625,log,2025-03-29,2025-04-26,4
47,2025-03-29,2025-04-05,1,176.22711181640625,165.79205322265625,175.60934448242188,176.22711181640625,189.33831787109375,194.11090087890625,log,2025-03-29,2025-04-05,1
47,2025-03-29,2025-04-12,2,163.9032745361328,97.80066680908203,129.1703643798828,163.9032745361328,204.9474334716797,260.0722961425781,log,2025-03-29,2025-04-12,2
47,2025-03-29,2025-04-19,3,143.7810516357422,52.67487335205078,120.17467498779297,143.7810516357422,182.06141662597656,187.77444458007812,log,2025-03-29,2025-04-19,3
47,2025-03-29,2025-04-26,4,119.134033203125,23.919889450073242,91.59326171875,119.134033203125,168.28402709960938,260.4118957519531,log,2025-03-29,2025-04-26,4
48,2025-03-29,2025-04-05,1,484.3185119628906,161.7,406.90020751953125,484.3185119628906,503.4478759765625,554.5775756835938,log,2025-03-29,2025-04-05,1
48,2025-03-29,2025-04-12,2,426.8552551269531,123.42715454101562,402.2166748046875,426.8552551269531,577.5498046875,659.8396606445312,log,2025-03-29,2025-04-12,2
48,2025-03-29,2025-04-19,3,417.3804931640625,45.33115768432617,346.60113525390625,417.3804931640625,562.6309814453125,573.1151123046875,log,2025-03-29,2025-04-19,3
48,2025-03-29,2025-04-26,4,379.41644287109375,28.051990509033203,284.3328857421875,379.41644287109375,525.2860107421875,699.0633544921875,log,2025-03-29,2025-04-26,4
49,2025-03-29,2025-04-05,1,53.07649230957031,28.3652286529541,43.937252044677734,53.07649230957031,54.28759002685547,67.06591796875,log,2025-03-29,2025-04-05,1
49,2025-03-29,2025-04-12,2,35.833213806152344,15.159735679626465,29.18404769897461,35.833213806152344,64.02880859375,79.58240509033203,log,2025-03-29,2025-04-12,2
49,2025-03-29,2025-04-19,3,38.68381881713867,7.217092514038086,25.218778610229492,38.68381881713867,45.04927062988281,61.72362518310547,log,2025-03-29,2025-04-19,3
49,2025-03-29,2025-04-26,4,29.2718563079834,3.198709726333618,13.855851173400879,29.2718563079834,40.31734848022461,68.4164047241211,log,2025-03-29,2025-04-26,4
50,2025-03-29,2025-04-05,1,22.402591705322266,7.8,15.922192573547363,22.402591705322266,26.921539306640625,42.57002639770508,log,2025-03-29,2025-04-05,1
50,2025-03-29,2025-04-12,2,15.934821128845215,5.910706520080566,12.861194610595703,15.934821128845215,25.63423728942871,52.56159591674805,log,2025-03-29,2025-04-12,2
50,2025-03-29,2025-04-19,3,19.84465217590332,4.082319736480713,13.462575912475586,19.84465217590332,22.099138259887695,49.049964904785156,log,2025-03-29,2025-04-19,3
50,2025-03-29,2025-04-26,4,17.6496524810791,1.8019918203353882,10.746236801147461,17.6496524810791,19.386899948120117,53.06941604614258,log,2025-03-29,2025-04-26,4
51,2025-03-29,2025-04-05,1,160.048583984375,132.00694274902344,144.9991912841797,160.048583984375,188.96746826171875,198.3453369140625,log,2025-03-29,2025-04-05,1
51,2025-03-29,2025-04-12,2,162.5621795654297,84.82955932617188,116.17717742919922,162.5621795654297,168.32859802246094,228.52671813964844,log,2025-03-29,2025-04-12,2
51,2025-03-29,2025-04-19,3,126.39492797851562,31.154193878173828,103.53439331054688,126.39492797851562,180.30177307128906,189.1859130859375,log,2025-03-29,2025-04-19,3
51,2025-03-29,2025-04-26,4,101.62333679199219,18.844614028930664,87.86731719970703,101.62333679199219,160.26220703125,212.86256408691406,log,2025-03-29,2025-04-26,4
53,2025-03-29,2025-04-05,1,91.48845672607422,47.33366394042969,62.706092834472656,91.48845672607422,99.10124206542969,121.84062957763672,log,2025-03-29,2025-04-05,1
53,2025-03-29,2025-04-12,2,82.03501892089844,34.22013854980469,61.476226806640625,82.03501892089844,95.10704040527344,145.4036102294922,log,2025-03-29,2025-04-12,2
53,2025-03-29,2025-04-19,3,80.54904174804688,17.217086791992188,62.33384323120117,80.54904174804688,107.11589050292969,123.94679260253906,log,2025-03-29,2025-04-19,3
53,2025-03-29,2025-04-26,4,63.42821502685547,12.112781524658203,49.95153045654297,63.42821502685547,81.19310760498047,132.47901916503906,log,2025-03-29,2025-04-26,4
54,2025-03-29,2025-04-05,1,132.99038696289062,108.60026550292969,121.20364379882812,132.99038696289062,145.8540802001953,146.2701416015625,log,2025-03-29,2025-04-05,1
54,2025-03-29,2025-04-12,2,111.04415893554688,64.42642974853516,81.36844635009766,111.04415893554688,115.5409927368164,188.76385498046875,log,2025-03-29,2025-04-12,2
54,2025-03-29,2025-04-19,3,71.63356018066406,29.285680770874023,57.56202697753906,71.63356018066406,112.91799926757812,163.76673889160156,log,2025-03-29,2025-04-19,3
54,2025-03-29,2025-04-26,4,86.27164459228516,17.869874954223633,63.08795166015625,86.27164459228516,98.66297149658203,170.33023071289062,log,2025-03-29,2025-04-26,4
55,2025-03-29,2025-04-05,1,88.60848236083984,71.7072982788086,78.02085876464844,88.60848236083984,89.93376159667969,134.94456481933594,log,2025-03-29,2025-04-05,1
55,2025-03-29,2025-04-12,2,86.20891571044922,45.60346221923828,82.65758514404297,86.20891571044922,86.6718521118164,155.78057861328125,log,2025-03-29,2025-04-12,2
55,2025-03-29,2025-04-19,3,105.20938110351562,26.92636489868164,88.73727416992188,105.20938110351562,138.38516235351562,144.71974182128906,log,2025-03-29,2025-04-19,3
55,2025-03-29,2025-04-26,4,79.47113037109375,16.55244255065918,76.71592712402344,79.47113037109375,84.39039611816406,180.9036865234375,log,2025-03-29,2025-04-26,4
56,2025-03-29,2025-04-05,1,18.82324981689453,9.831000328063965,15.759651184082031,18.82324981689453,23.83173942565918,40.23617935180664,log,2025-03-29,2025-04-05,1
56,2025-03-29,2025-04-12,2,19.053831100463867,4.751542091369629,11.498308181762695,19.053831100463867,25.331377029418945,51.78693771362305,log,2025-03-29,2025-04-12,2
56,2025-03-29,2025-04-19,3,18.241283416748047,2.5504212379455566,9.887682914733887,18.241283416748047,19.014326095581055,41.420379638671875,log,2025-03-29,2025-04-19,3
56,2025-03-29,2025-04-26,4,15.779029846191406,0.8196517825126648,6.843055248260498,15.779029846191406,17.764652252197266,48.46828079223633,log,2025-03-29,2025-04-26,4
72,2025-03-29,2025-04-05,1,174.2016143798828,133.44625854492188,145.48348999023438,174.2016143798828,193.02503967285156,228.75030517578125,log,2025-03-29,2025-04-05,1
72,2025-03-29,2025-04-12,2,180.69815063476562,68.88786315917969,121.2201919555664,180.69815063476562,215.891845703125,293.5825500488281,log,2025-03-29,2025-04-12,2
72,2025-03-29,2025-04-19,3,156.74349975585938,45.77804183959961,110.36651611328125,156.74349975585938,183.14306640625,219.19827270507812,log,2025-03-29,2025-04-19,3
72,2025-03-29,2025-04-26,4,133.91371154785156,21.361907958984375,73.21170806884766,133.91371154785156,135.109375,194.184326171875,log,2025-03-29,2025-04-26,4
US,2025-03-29,2025-04-05,1,2988.2999999999997,2988.2999999999997,2988.2999999999997,2988.2999999999997,2988.2999999999997,2988.2999999999997,log,2025-03-29,2025-04-05,1
US,2025-03-29,2025-04-12,2,851.6654999999998,851.6654999999998,851.6654999999998,851.6654999999998,1245.179443359375,1431.2762451171875,log,2025-03-29,2025-04-12,2
US,2025-03-29,2025-04-19,3,625.3671264648438,229.94968499999996,444.1978759765625,625.3671264648438,931.6405639648438,1095.9454345703125,log,2025-03-29,2025-04-19,3
US,2025-03-29,2025-04-26,4,460.2491455078125,58.63716967499999,325.644287109375,460.2491455078125,891.939208984375,959.180419921875,log,2025-03-29,2025-04-26,4
01,2025-04-05,2025-04-12,1,52.65341567993164,44.82583236694336,51.74906921386719,52.65341567993164,68.14330291748047,94.07091522216797,log,2025-04-05,2025-04-12,1
01,2025-04-05,2025-04-19,2,42.7733154296875,23.577756881713867,36.831146240234375,42.7733154296875,50.8361930847168,98.62662506103516,log,2025-04-05,2025-04-19,2
01,2025-04-05,2025-04-26,3,38.25642776489258,9.93815803527832,26.728595733642578,38.25642776489258,62.25971603393555,81.75531768798828,log,2025-04-05,2025-04-26,3
01,2025-04-05,2025-05-03,4,43.386383056640625,5.6421098709106445,19.67286491394043,43.386383056640625,62.3917350769043,75.07424926757812,log,2025-04-05,2025-05-03,4
02,2025-04-05,2025-04-12,1,14.32502269744873,7.918570041656494,11.261458396911621,14.32502269744873,20.98550796508789,34.940372467041016,log,2025-04-05,2025-04-12,1
02,2025-04-05,2025-04-19,2,10.312252044677734,6.064806938171387,6.107499599456787,10.312252044677734,14.960893630981445,36.81362533569336,log,2025-04-05,2025-04-19,2
02,2025-04-05,2025-04-26,3,10.77142333984375,1.637497901916504,4.425134181976318,10.77142333984375,14.613554000854492,38.42776107788086,log,2025-04-05,2025-04-26,3
02,2025-04-05,2025-05-03,4,11.238348007202148,0.41756194829940796,2.4667153358459473,11.238348007202148,13.988797187805176,32.439170837402344,log,2025-04-05,2025-05-03,4
04,2025-04-05,2025-04-12,1,77.7664794921875,65.29861450195312,69.91583251953125,77.7664794921875,87.09312438964844,123.8290023803711,log,2025-04-05,2025-04-12,1
04,2025-04-05,2025-04-19,2,57.7225341796875,34.60956954956055,41.62242889404297,57.7225341796875,62.2755241394043,153.8816375732422,log,2025-04-05,2025-04-19,2
04,2025-04-05,2025-04-26,3,60.601341247558594,17.371152877807617,43.62385559082031,60.601341247558594,92.12864685058594,124.51264953613281,log,2025-04-05,2025-04-26,3
04,2025-04-05,2025-05-03,4,59.51905059814453,9.623774528503418,28.50899314880371,59.51905059814453,98.21910095214844,105.85466766357422,log,2025-04-05,2025-05-03,4
05,2025-04-05,2025-04-12,1,45.22295379638672,36.76826858520508,41.29380416870117,45.22295379638672,57.0418815612793,92.1783447265625,log,2025-04-05,2025-04-12,1
05,2025-04-05,2025-04-19,2,34.96965789794922,17.705806732177734,25.866968154907227,34.96965789794922,54.07078170776367,90.25724029541016,log,2025-04-05,2025-04-19,2
05,2025-04-05,2025-04-26,3,36.35417938232422,10.68083667755127,25.00120735168457,36.35417938232422,49.829471588134766,75.7909927368164,log,2025-04-05,2025-04-26,3
05,2025-04-05,2025-05-03,4,33.81403732299805,8.285746574401855,17.23851203918457,33.81403732299805,48.8796501159668,72.15333557128906,log,2025-04-05,2025-05-03,4
06,2025-04-05,2025-04-12,1,394.528076171875,182.3993682861328,378.8217468261719,394.528076171875,453.52923583984375,459.6271057128906,log,2025-04-05,2025-04-12,1
06,2025-04-05,2025-04-19,2,261.5406494140625,119.14360046386719,254.0863494873047,261.5406494140625,342.88531494140625,420.2034912109375,log,2025-04-05,2025-04-19,2
06,2025-04-05,2025-04-26,3,254.88027954101562,57.57878494262695,222.9195556640625,254.88027954101562,399.0547790527344,414.43115234375,log,2025-04-05,2025-04-26,3
06,2025-04-05,2025-05-03,4,229.62940979003906,23.581823348999023,103.7469482421875,229.62940979003906,303.9480285644531,338.91668701171875,log,2025-04-05,2025-05-03,4
08,2025-04-05,2025-04-12,1,69.98721313476562,53.79642105102539,55.728118896484375,69.98721313476562,75.77301788330078,104.8906478881836,log,2025-04-05,2025-04-12,1
08,2025-04-05,2025-04-19,2,45.964195251464844,22.262718200683594,34.219383239746094,45.964195251464844,62.626583099365234,100.70606994628906,log,2025-04-05,2025-04-19,2
08,2025-04-05,2025-04-26,3,48.01399230957031,10.177350044250488,32.73582077026367,48.01399230957031,57.891143798828125,87.46680450439453,log,2025-04-05,2025-04-26,3
08,2025-04-05,2025-05-03,4,52.36188888549805,7.205731391906738,21.507244110107422,52.36188888549805,62.60962677001953,79.82102966308594,log,2025-04-05,2025-05-03,4
09,2025-04-05,2025-04-12,1,42.226295471191406,29.76713752746582,36.51503372192383,42.226295471191406,57.44266128540039,79.83756256103516,log,2025-04-05,2025-04-12,1
09,2025-04-05,2025-04-19,2,30.61343765258789,22.044784545898438,23.776493072509766,30.61343765258789,39.16299057006836,62.90317916870117,log,2025-04-05,2025-04-19,2
09,2025-04-05,2025-04-26,3,35.381744384765625,8.855180740356445,26.109813690185547,35.381744384765625,44.62139892578125,63.641563415527344,log,2025-04-05,2025-04-26,3
09,2025-04-05,2025-05-03,4,32.823604583740234,5.766247749328613,16.480985641479492,32.823604583740234,47.85667419433594,62.53974914550781,log,2025-04-05,2025-05-03,4
10,2025-04-05,2025-04-12,1,17.261886596679688,8.505772590637207,13.522150993347168,17.261886596679688,24.028430938720703,47.75841522216797,log,2025-04-05,2025-04-12,1
10,2025-04-05,2025-04-19,2,13.100953102111816,5.730710506439209,10.852560997009277,13.100953102111816,16.804874420166016,39.83968734741211,log,2025-04-05,2025-04-19,2
10,2025-04-05,2025-04-26,3,11.529683113098145,1.547291874885559,7.4789719581604,11.529683113098145,16.465435028076172,34.564823150634766,log,2025-04-05,2025-04-26,3
10,2025-04-05,2025-05-03,4,9.840879440307617,0.42684853076934814,4.089316368103027,9.840879440307617,14.28119945526123,32.77214813232422,log,2025-04-05,2025-05-03,4
11,2025-04-05,2025-04-12,1,22.27333641052246,16.045568466186523,17.658227920532227,22.27333641052246,31.162734985351562,53.992923736572266,log,2025-04-05,2025-04-12,1
11,2025-04-05,2025-04-19,2,15.27428150177002,6.463477611541748,10.101988792419434,15.27428150177002,22.585905075073242,49.838924407958984,log,2025-04-05,2025-04-19,2
11,2025-04-05,2025-04-26,3,14.505162239074707,1.7451390027999878,10.159786224365234,14.505162239074707,30.896560668945312,42.695831298828125,log,2025-04-05,2025-04-26,3
11,2025-04-05,2025-05-03,4,9.928547859191895,1.2432680130004883,3.772156238555908,9.928547859191895,17.733272552490234,40.7181396484375,log,2025-04-05,2025-05-03,4
12,2025-04-05,2025-04-12,1,511.3175048828125,200.91542053222656,466.2537841796875,511.3175048828125,520.245361328125,545.0098876953125,log,2025-04-05,2025-04-12,1
12,2025-04-05,2025-04-19,2,409.4775085449219,132.92893981933594,307.29986572265625,409.4775085449219,481.8362121582031,532.8773803710938,log,2025-04-05,2025-04-19,2
12,2025-04-05,2025-04-26,3,395.065185546875,70.48859405517578,281.2503967285156,395.065185546875,515.6484375,561.9151611328125,log,2025-04-05,2025-04-26,3
12,2025-04-05,2025-05-03,4,319.7757873535156,30.978317260742188,151.8491973876953,319.7757873535156,454.9902038574219,526.6758422851562,log,2025-04-05,2025-05-03,4
13,2025-04-05,2025-04-12,1,124.22277069091797,90.30486297607422,109.1125259399414,124.22277069091797,130.65980529785156,161.6040496826172,log,2025-04-05,2025-04-12,1
13,2025-04-05,2025-04-19,2,86.57884216308594,64.36132049560547,83.79249572753906,86.57884216308594,99.16961669921875,171.05230712890625,log,2025-04-05,2025-04-19,2
13,2025-04-05,2025-04-26,3,106.47015380859375,33.377723693847656,63.44966125488281,106.47015380859375,116.79234313964844,156.28968811035156,log,2025-04-05,2025-04-26,3
13,2025-04-05,2025-05-03,4,84.73711395263672,20.172439575195312,43.971473693847656,84.73711395263672,123.89628601074219,138.71908569335938,log,2025-04-05,2025-05-03,4
15,2025-04-05,2025-04-12,1,28.25837516784668,13.504338264465332,21.653650283813477,28.25837516784668,35.88915252685547,56.13221740722656,log,2025-04-05,2025-04-12,1
15,2025-04-05,2025-04-19,2,18.960309982299805,8.61280345916748,16.81480598449707,18.960309982299805,27.357540130615234,53.58135986328125,log,2025-04-05,2025-04-19,2
15,2025-04-05,2025-04-26,3,19.519319534301758,4.0265398025512695,13.581596374511719,19.519319534301758,28.87543487548828,54.29359817504883,log,2025-04-05,2025-04-26,3
15,2025-04-05,2025-05-03,4,19.29291534423828,2.5691258907318115,8.458532333374023,19.29291534423828,21.17179298400879,48.084625244140625,log,2025-04-05,2025-05-03,4
16,2025-04-05,2025-04-12,1,21.49333953857422,14.67845344543457,19.95851707458496,21.49333953857422,31.722217559814453,57.25652313232422,log,2025-04-05,2025-04-12,1
16,2025-04-05,2025-04-19,2,16.899192810058594,7.878053188323975,11.861576080322266,16.899192810058594,20.447978973388672,48.476524353027344,log,2025-04-05,2025-04-19,2
16,2025-04-05,2025-04-26,3,14.141966819763184,3.0501580238342285,9.995158195495605,14.141966819763184,27.24259376525879,38.19716262817383,log,2025-04-05,2025-04-26,3
16,2025-04-05,2025-05-03,4,12.395310401916504,0.7809951305389404,4.621217727661133,12.395310401916504,21.087154388427734,37.08271408081055,log,2025-04-05,2025-05-03,4
17,2025-04-05,2025-04-12,1,258.0649719238281,170.518310546875,230.09153747558594,258.0649719238281,271.47265625,273.9954528808594,log,2025-04-05,2025-04-12,1
17,2025-04-05,2025-04-19,2,205.24049377441406,96.89362335205078,154.44541931152344,205.24049377441406,208.84152221679688,268.87158203125,log,2025-04-05,2025-04-19,2
17,2025-04-05,2025-04-26,3,200.669189453125,34.24854278564453,133.02725219726562,200.669189453125,223.7685089111328,290.6737365722656,log,2025-04-05,2025-04-26,3
17,2025-04-05,2025-05-03,4,161.50576782226562,15.387960433959961,75.63311767578125,161.50576782226562,181.9064483642578,187.4511260986328,log,2025-04-05,2025-05-03,4
18,2025-04-05,2025-04-12,1,86.14024353027344,75.5706558227539,81.73712921142578,86.14024353027344,102.24728393554688,138.97401428222656,log,2025-04-05,2025-04-12,1
18,2025-04-05,2025-04-19,2,66.53213500976562,51.4189453125,59.99742889404297,66.53213500976562,67.44136810302734,155.5522003173828,log,2025-04-05,2025-04-19,2
18,2025-04-05,2025-04-26,3,65.89466857910156,20.387340545654297,50.287452697753906,65.89466857910156,99.90693664550781,152.1099853515625,log,2025-04-05,2025-04-26,3
18,2025-04-05,2025-05-03,4,72.45649719238281,13.85387897491455,41.38767623901367,72.45649719238281,93.0708999633789,119.13386535644531,log,2025-04-05,2025-05-03,4
19,2025-04-05,2025-04-12,1,26.838829040527344,12.9,22.03107452392578,26.838829040527344,39.9152946472168,74.2738037109375,log,2025-04-05,2025-04-12,1
19,2025-04-05,2025-04-19,2,18.643898010253906,6.691984176635742,14.321993827819824,18.643898010253906,27.80609893798828,53.033512115478516,log,2025-04-05,2025-04-19,2
19,2025-04-05,2025-04-26,3,28.570709228515625,5.7807207107543945,14.761913299560547,28.570709228515625,32.30621337890625,53.633880615234375,log,2025-04-05,2025-04-26,3
19,2025-04-05,2025-05-03,4,22.69202423095703,2.6953394412994385,10.841257095336914,22.69202423095703,38.09318542480469,47.072303771972656,log,2025-04-05,2025-05-03,4
20,2025-04-05,2025-04-12,1,25.61812400817871,19.65323829650879,21.75305938720703,25.61812400817871,38.625003814697266,68.52387237548828,log,2025-04-05,2025-04-12,1
20,2025-04-05,2025-04-19,2,18.918840408325195,10.32431411743164,14.965388298034668,18.918840408325195,25.125150680541992,52.52079772949219,log,2025-04-05,2025-04-19,2
20,2025-04-05,2025-04-26,3,24.059743881225586,5.323177337646484,16.254196166992188,24.059743881225586,31.950456619262695,48.59593963623047,log,2025-04-05,2025-04-26,3
20,2025-04-05,2025-05-03,4,20.606176376342773,3.5209696292877197,9.194995880126953,20.606176376342773,29.460121154785156,39.79777145385742,log,2025-04-05,2025-05-03,4
21,2025-04-05,2025-04-12,1,122.99934387207031,96.03968048095703,102.92516326904297,122.99934387207031,139.33282470703125,145.99595642089844,log,2025-04-05,2025-04-12,1
21,2025-04-05,2025-04-19,2,83.57955932617188,53.963905334472656,66.331787109375,83.57955932617188,96.19884490966797,166.0528106689453,log,2025-04-05,2025-04-19,2
21,2025-04-05,2025-04-26,3,72.30016326904297,23.828033447265625,50.68359375,72.30016326904297,104.31413269042969,142.37973022460938,log,2025-04-05,2025-04-26,3
21,2025-04-05,2025-05-03,4,82.19346618652344,14.849928855895996,33.64708709716797,82.19346618652344,92.56226348876953,118.61530303955078,log,2025-04-05,2025-05-03,4
22,2025-04-05,2025-04-12,1,82.41615295410156,58.03383255004883,74.75209045410156,82.41615295410156,84.55497741699219,121.73155212402344,log,2025-04-05,2025-04-12,1
22,2025-04-05,2025-04-19,2,63.75299072265625,39.65724563598633,51.80213165283203,63.75299072265625,66.0978775024414,141.01722717285156,log,2025-04-05,2025-04-19,2
22,2025-04-05,2025-04-26,3,52.494468688964844,11.471236228942871,34.61589431762695,52.494468688964844,88.763427734375,111.83061981201172,log,2025-04-05,2025-04-26,3
22,2025-04-05,2025-05-03,4,50.66455841064453,5.369469165802002,22.244632720947266,50.66455841064453,73.73896026611328,100.12760162353516,log,2025-04-05,2025-05-03,4
23,2025-04-05,2025-04-12,1,39.490657806396484,16.5,26.561729431152344,39.490657806396484,47.18312454223633,77.36229705810547,log,2025-04-05,2025-04-12,1
23,2025-04-05,2025-04-19,2,18.92625617980957,5.920620918273926,13.066025733947754,18.92625617980957,33.97903823852539,65.68631744384766,log,2025-04-05,2025-04-19,2
23,2025-04-05,2025-04-26,3,21.458433151245117,2.9046385288238525,10.953920364379883,21.458433151245117,35.874088287353516,64.24128723144531,log,2025-04-05,2025-04-26,3
23,2025-04-05,2025-05-03,4,19.9461669921875,1.2944047451019287,7.569779396057129,19.9461669921875,27.639205932617188,55.17128372192383,log,2025-04-05,2025-05-03,4
24,2025-04-05,2025-04-12,1,101.24333190917969,74.84649658203125,90.12957000732422,101.24333190917969,125.180419921875,140.8372039794922,log,2025-04-05,2025-04-12,1
24,2025-04-05,2025-04-19,2,82.50263214111328,53.077640533447266,70.1319351196289,82.50263214111328,90.27204132080078,134.66830444335938,log,2025-04-05,2025-04-19,2
24,2025-04-05,2025-04-26,3,91.15037536621094,27.673072814941406,64.7588119506836,91.15037536621094,111.08000946044922,130.0895538330078,log,2025-04-05,2025-04-26,3
24,2025-04-05,2025-05-03,4,84.6514663696289,23.482187271118164,44.13489532470703,84.6514663696289,100.17091369628906,121.78704071044922,log,2025-04-05,2025-05-03,4
25,2025-04-05,2025-04-12,1,109.83938598632812,77.06460571289062,85.7138900756836,109.83938598632812,119.56719970703125,132.09417724609375,log,2025-04-05,2025-04-12,1
25,2025-04-05,2025-04-19,2,83.79119873046875,39.67232131958008,67.85400390625,83.79119873046875,92.6709213256836,150.54615783691406,log,2025-04-05,2025-04-19,2
25,2025-04-05,2025-04-26,3,89.95479583740234,27.24738883972168,77.55294799804688,89.95479583740234,115.57295227050781,195.15316772460938,log,2025-04-05,2025-04-26,3
25,2025-04-05,2025-05-03,4,101.03492736816406,14.37078857421875,53.79164123535156,101.03492736816406,115.15569305419922,205.37142944335938,log,2025-04-05,2025-05-03,4
26,2025-04-05,2025-04-12,1,220.21827697753906,157.9493865966797,198.15711975097656,220.21827697753906,238.76849365234375,279.2453308105469,log,2025-04-05,2025-04-12,1
26,2025-04-05,2025-04-19,2,190.8412322998047,61.35625457763672,146.2378387451172,190.8412322998047,210.39659118652344,242.28976440429688,log,2025-04-05,2025-04-19,2
26,2025-04-05,2025-04-26,3,166.7256622314453,29.914823532104492,140.02906799316406,166.7256622314453,197.42874145507812,316.4971923828125,log,2025-04-05,2025-04-26,3
26,2025-04-05,2025-05-03,4,157.04910278320312,16.06622314453125,74.83470916748047,157.04910278320312,177.93125915527344,312.1986389160156,log,2025-04-05,2025-05-03,4
27,2025-04-05,2025-04-12,1,51.58329772949219,43.13945388793945,44.80202865600586,51.58329772949219,71.48865509033203,83.0811767578125,log,2025-04-05,2025-04-12,1
27,2025-04-05,2025-04-19,2,47.10719299316406,27.411043167114258,31.27083969116211,47.10719299316406,59.34957504272461,89.25089263916016,log,2025-04-05,2025-04-19,2
27,2025-04-05,2025-04-26,3,53.49764633178711,12.43104076385498,42.936580657958984,53.49764633178711,59.542659759521484,79.5898208618164,log,2025-04-05,2025-04-26,3
27,2025-04-05,2025-05-03,4,52.98021697998047,11.392796516418457,24.798519134521484,52.98021697998047,71.18184661865234,79.3769760131836,log,2025-04-05,2025-05-03,4
28,2025-04-05,2025-04-12,1,36.80221939086914,22.45294189453125,35.43585968017578,36.80221939086914,50.78424072265625,82.098388671875,log,2025-04-05,2025-04-12,1
28,2025-04-05,2025-04-19,2,24.43508529663086,9.742921829223633,19.38344955444336,24.43508529663086,36.28981018066406,61.44158935546875,log,2025-04-05,2025-04-19,2
28,2025-04-05,2025-04-26,3,27.91099739074707,4.969305038452148,18.29632568359375,27.91099739074707,36.59197235107422,61.44998550415039,log,2025-04-05,2025-04-26,3
28,2025-04-05,2025-05-03,4,26.199312210083008,1.6100531816482544,9.893896102905273,26.199312210083008,40.04622268676758,51.103084564208984,log,2025-04-05,2025-05-03,4
29,2025-04-05,2025-04-12,1,84.90145874023438,65.59696197509766,73.71619415283203,84.90145874023438,90.1055908203125,122.40070343017578,log,2025-04-05,2025-04-12,1
29,2025-04-05,2025-04-19,2,58.370018005371094,33.24934768676758,55.12411117553711,58.370018005371094,60.660911560058594,140.68869018554688,log,2025-04-05,2025-04-19,2
29,2025-04-05,2025-04-26,3,68.26728820800781,24.96341896057129,63.26914978027344,68.26728820800781,96.5718765258789,124.43893432617188,log,2025-04-05,2025-04-26,3
29,2025-04-05,2025-05-03,4,73.59359741210938,13.850748062133789,40.49443054199219,73.59359741210938,100.59395599365234,118.62134552001953,log,2025-04-05,2025-05-03,4
30,2025-04-05,2025-04-12,1,18.35782241821289,10.888659477233887,16.16196632385254,18.35782241821289,29.055557250976562,61.45966720581055,log,2025-04-05,2025-04-12,1
30,2025-04-05,2025-04-19,2,12.114829063415527,3.8861312866210938,7.07344388961792,12.114829063415527,19.23448944091797,50.13628005981445,log,2025-04-05,2025-04-19,2
30,2025-04-05,2025-04-26,3,9.684809684753418,1.408713936805725,7.0693159103393555,9.684809684753418,21.87141990661621,46.05937576293945,log,2025-04-05,2025-04-26,3
30,2025-04-05,2025-05-03,4,8.40041732788086,0.35922205448150635,2.5145814418792725,8.40041732788086,13.271208763122559,37.13182067871094,log,2025-04-05,2025-05-03,4
31,2025-04-05,2025-04-12,1,12.79008674621582,5.277712345123291,10.015668869018555,12.79008674621582,15.711212158203125,39.684688568115234,log,2025-04-05,2025-04-12,1
31,2025-04-05,2025-04-19,2,8.932520866394043,2.793400287628174,6.2514119148254395,8.932520866394043,14.108019828796387,39.27078628540039,log,2025-04-05,2025-04-19,2
31,2025-04-05,2025-04-26,3,12.156403541564941,0.7542181015014648,6.164102554321289,12.156403541564941,17.630924224853516,32.276466369628906,log,2025-04-05,2025-04-26,3
31,2025-04-05,2025-05-03,4,11.120041847229004,0.4639817774295807,3.990771770477295,11.120041847229004,15.25193977355957,29.132787704467773,log,2025-04-05,2025-05-03,4
32,2025-04-05,2025-04-12,1,34.08698654174805,24.244766235351562,31.782079696655273,34.08698654174805,48.82233810424805,61.50331497192383,log,2025-04-05,2025-04-12,1
32,2025-04-05,2025-04-19,2,28.263530731201172,17.099252700805664,25.088756561279297,28.263530731201172,37.17917251586914,58.35212707519531,log,2025-04-05,2025-04-19,2
32,2025-04-05,2025-04-26,3,28.89192771911621,6.031184196472168,19.603391647338867,28.89192771911621,41.91480255126953,57.68552780151367,log,2025-04-05,2025-04-26,3
32,2025-04-05,2025-05-03,4,24.095054626464844,4.973118782043457,11.181680679321289,24.095054626464844,38.991485595703125,48.473846435546875,log,2025-04-05,2025-05-03,4
33,2025-04-05,2025-04-12,1,12.011493682861328,5.1,9.038147926330566,12.011493682861328,15.69019603729248,41.77944564819336,log,2025-04-05,2025-04-12,1
33,2025-04-05,2025-04-19,2,7.369540691375732,3.297471284866333,5.227485179901123,7.369540691375732,11.297002792358398,37.75263214111328,log,2025-04-05,2025-04-19,2
33,2025-04-05,2025-04-26,3,8.13467025756836,0.8903172612190247,4.126082420349121,8.13467025756836,14.516571044921875,31.026805877685547,log,2025-04-05,2025-04-26,3
33,2025-04-05,2025-05-03,4,7.671229362487793,0.2270309031009674,2.5521650314331055,7.671229362487793,11.276127815246582,28.571491241455078,log,2025-04-05,2025-05-03,4
34,2025-04-05,2025-04-12,1,203.93978881835938,138.203369140625,188.94229125976562,203.93978881835938,215.66050720214844,215.76963806152344,log,2025-04-05,2025-04-12,1
34,2025-04-05,2025-04-19,2,144.7742919921875,104.5033187866211,134.12379455566406,144.7742919921875,165.65650939941406,192.01055908203125,log,2025-04-05,2025-04-19,2
34,2025-04-05,2025-04-26,3,131.0838165283203,57.55917739868164,103.72332763671875,131.0838165283203,178.5802764892578,201.2281951904297,log,2025-04-05,2025-04-26,3
34,2025-04-05,2025-05-03,4,136.71971130371094,28.66350746154785,80.06468963623047,136.71971130371094,162.84280395507812,166.90403747558594,log,2025-04-05,2025-05-03,4
35,2025-04-05,2025-04-12,1,45.14056396484375,30.563701629638672,38.3732795715332,45.14056396484375,57.252716064453125,80.01070404052734,log,2025-04-05,2025-04-12,1
35,2025-04-05,2025-04-19,2,28.483718872070312,19.31765365600586,22.20686912536621,28.483718872070312,46.53876876831055,67.62250518798828,log,2025-04-05,2025-04-19,2
35,2025-04-05,2025-04-26,3,30.46518325805664,5.215766906738281,19.246482849121094,30.46518325805664,41.12420654296875,64.22265625,log,2025-04-05,2025-04-26,3
35,2025-04-05,2025-05-03,4,27.613510131835938,3.59055757522583,13.367270469665527,27.613510131835938,37.390480041503906,62.66779708862305,log,2025-04-05,2025-05-03,4
36,2025-04-05,2025-04-12,1,434.8890686035156,199.82339477539062,424.59197998046875,434.8890686035156,453.6560363769531,457.9335021972656,log,2025-04-05,2025-04-12,1
36,2025-04-05,2025-04-19,2,331.0355529785156,129.81649780273438,291.93402099609375,331.0355529785156,364.0728454589844,427.6537170410156,log,2025-04-05,2025-04-19,2
36,2025-04-05,2025-04-26,3,307.0181884765625,58.79119873046875,235.15109252929688,307.0181884765625,349.34326171875,511.6278381347656,log,2025-04-05,2025-04-26,3
36,2025-04-05,2025-05-03,4,265.4142761230469,25.639684677124023,128.63381958007812,265.4142761230469,350.0454406738281,379.72003173828125,log,2025-04-05,2025-05-03,4
37,2025-04-05,2025-04-12,1,134.25045776367188,90.9822769165039,120.52144622802734,134.25045776367188,152.80770874023438,165.16128540039062,log,2025-04-05,2025-04-12,1
37,2025-04-05,2025-04-19,2,90.98890686035156,49.41106033325195,84.52796936035156,90.98890686035156,101.49295806884766,176.36305236816406,log,2025-04-05,2025-04-19,2
37,2025-04-05,2025-04-26,3,97.69246673583984,25.385560989379883,71.18852996826172,97.69246673583984,116.68797302246094,174.20079040527344,log,2025-04-05,2025-04-26,3
37,2025-04-05,2025-05-03,4,83.00775909423828,12.490403175354004,46.36892318725586,83.00775909423828,121.71569061279297,128.99203491210938,log,2025-04-05,2025-05-03,4
38,2025-04-05,2025-04-12,1,12.812053680419922,6.681552886962891,10.367454528808594,12.812053680419922,16.735544204711914,36.604736328125,log,2025-04-05,2025-04-12,1
38,2025-04-05,2025-04-19,2,10.84664535522461,3.456925392150879,6.013765335083008,10.84664535522461,14.262764930725098,38.5701789855957,log,2025-04-05,2025-04-19,2
38,2025-04-05,2025-04-26,3,10.215913772583008,1.1187387704849243,6.927831172943115,10.215913772583008,15.081076622009277,33.00600814819336,log,2025-04-05,2025-04-26,3
38,2025-04-05,2025-05-03,4,7.876089096069336,0.3943256139755249,3.15974497795105,7.876089096069336,12.45605754852295,31.469165802001953,log,2025-04-05,2025-05-03,4
39,2025-04-05,2025-04-12,1,206.4671173095703,137.24969482421875,190.93821716308594,206.4671173095703,211.42889404296875,278.2655334472656,log,2025-04-05,2025-04-12,1
39,2025-04-05,2025-04-19,2,156.090087890625,61.35625457763672,139.58499145507812,156.090087890625,171.38539123535156,273.4508972167969,log,2025-04-05,2025-04-19,2
39,2025-04-05,2025-04-26,3,151.5880584716797,28.74159812927246,129.75181579589844,151.5880584716797,198.83071899414062,304.97039794921875,log,2025-04-05,2025-04-26,3
39,2025-04-05,2025-05-03,4,173.510498046875,15.247457504272461,83.95441436767578,173.510498046875,185.20977783203125,231.32733154296875,log,2025-04-05,2025-05-03,4
40,2025-04-05,2025-04-12,1,28.915462493896484,19.534059524536133,24.526996612548828,28.915462493896484,43.546180725097656,68.79425048828125,log,2025-04-05,2025-04-12,1
40,2025-04-05,2025-04-19,2,23.879955291748047,12.036863327026367,18.447525024414062,23.879955291748047,30.58619499206543,52.54640197753906,log,2025-04-05,2025-04-19,2
40,2025-04-05,2025-04-26,3,28.326824188232422,4.8069024085998535,22.28067398071289,28.326824188232422,37.86274337768555,49.3917121887207,log,2025-04-05,2025-04-26,3
40,2025-04-05,2025-05-03,4,21.883838653564453,5.727773666381836,14.975147247314453,21.883838653564453,36.55037307739258,47.36582565307617,log,2025-04-05,2025-05-03,4
41,2025-04-05,2025-04-12,1,80.72187805175781,54.471988677978516,60.70553207397461,80.72187805175781,86.44939422607422,101.56614685058594,log,2025-04-05,2025-04-12,1
41,2025-04-05,2025-04-19,2,53.934688568115234,40.71161651611328,43.07392883300781,53.934688568115234,70.55165100097656,99.08348846435547,log,2025-04-05,2025-04-19,2
41,2025-04-05,2025-04-26,3,62.445106506347656,18.014907836914062,44.85054016113281,62.445106506347656,68.8259048461914,93.86112213134766,log,2025-04-05,2025-04-26,3
41,2025-04-05,2025-05-03,4,54.791908264160156,13.723211288452148,27.74932861328125,54.791908264160156,62.7238655090332,73.41209411621094,log,2025-04-05,2025-05-03,4
42,2025-04-05,2025-04-12,1,450.3894348144531,201.29999999999998,374.0767517089844,450.3894348144531,470.7435302734375,538.7647705078125,log,2025-04-05,2025-04-12,1
42,2025-04-05,2025-04-19,2,293.1262512207031,69.83924865722656,215.699462890625,293.1262512207031,421.5083923339844,528.71484375,log,2025-04-05,2025-04-19,2
42,2025-04-05,2025-04-26,3,269.3824157714844,31.059640884399414,186.26243591308594,269.3824157714844,519.2168579101562,525.6256713867188,log,2025-04-05,2025-04-26,3
42,2025-04-05,2025-05-03,4,317.08074951171875,17.359237670898438,119.07504272460938,317.08074951171875,403.6705322265625,442.25164794921875,log,2025-04-05,2025-05-03,4
44,2025-04-05,2025-04-12,1,19.628965377807617,8.2227783203125,13.501392364501953,19.628965377807617,24.841672897338867,48.61574935913086,log,2025-04-05,2025-04-12,1
44,2025-04-05,2025-04-19,2,13.742280960083008,5.56002140045166,10.60749626159668,13.742280960083008,18.540857315063477,41.970314025878906,log,2025-04-05,2025-04-19,2
44,2025-04-05,2025-04-26,3,13.256904602050781,1.5012058019638062,8.324172973632812,13.256904602050781,17.487117767333984,36.05478286743164,log,2025-04-05,2025-04-26,3
44,2025-04-05,2025-05-03,4,11.232449531555176,0.9999517202377319,5.056144714355469,11.232449531555176,16.983373641967773,34.66712951660156,log,2025-04-05,2025-05-03,4
45,2025-04-05,2025-04-12,1,51.655784606933594,39.36262893676758,48.20810317993164,51.655784606933594,59.144344329833984,89.43415069580078,log,2025-04-05,2025-04-12,1
45,2025-04-05,2025-04-19,2,38.99992370605469,21.38738441467285,34.83818054199219,38.99992370605469,49.076377868652344,93.9871826171875,log,2025-04-05,2025-04-19,2
45,2025-04-05,2025-04-26,3,40.26392364501953,10.702157974243164,25.829790115356445,40.26392364501953,65.45028686523438,74.40787506103516,log,2025-04-05,2025-04-26,3
45,2025-04-05,2025-05-03,4,44.97089385986328,7.004462718963623,20.449390411376953,44.97089385986328,55.173160552978516,72.31515502929688,log,2025-04-05,2025-05-03,4
46,2025-04-05,2025-04-12,1,6.094525337219238,2.4,3.9754130840301514,6.094525337219238,9.579894065856934,25.696304321289062,log,2025-04-05,2025-04-12,1
46,2025-04-05,2025-04-19,2,4.187462329864502,0.7782372236251831,2.9950006008148193,4.187462329864502,5.78931188583374,28.033855438232422,log,2025-04-05,2025-04-19,2
46,2025-04-05,2025-04-26,3,5.688151836395264,0.21012406051158905,3.1498451232910156,5.688151836395264,7.908352375030518,23.751359939575195,log,2025-04-05,2025-04-26,3
46,2025-04-05,2025-05-03,4,6.195107460021973,0.05358163267374039,2.0490851402282715,6.195107460021973,6.858780384063721,24.20456886291504,log,2025-04-05,2025-05-03,4
47,2025-04-05,2025-04-12,1,124.434326171875,105.2269515991211,110.24370574951172,124.434326171875,138.94058227539062,140.60940551757812,log,2025-04-05,2025-04-12,1
47,2025-04-05,2025-04-19,2,75.5203628540039,54.21542739868164,69.08879852294922,75.5203628540039,80.20694732666016,147.668212890625,log,2025-04-05,2025-04-19,2
47,2025-04-05,2025-04-26,3,80.44544219970703,24.789731979370117,70.85047149658203,80.44544219970703,109.51408386230469,129.1284637451172,log,2025-04-05,2025-04-26,3
47,2025-04-05,2025-05-03,4,87.93255615234375,11.580312728881836,40.28398895263672,87.93255615234375,94.38314056396484,125.12110900878906,log,2025-04-05,2025-05-03,4
48,2025-04-05,2025-04-12,1,270.185546875,168.67857360839844,261.8287658691406,270.185546875,276.640625,303.2321472167969,log,2025-04-05,2025-04-12,1
48,2025-04-05,2025-04-19,2,242.4008026123047,94.61862182617188,207.3793487548828,242.4008026123047,271.7688903808594,304.24847412109375,log,2025-04-05,2025-04-19,2
48,2025-04-05,2025-04-26,3,237.78123474121094,32.92733383178711,162.75189208984375,237.78123474121094,247.69583129882812,365.62841796875,log,2025-04-05,2025-04-26,3
48,2025-04-05,2025-05-03,4,233.6048126220703,14.694007873535156,105.6771469116211,233.6048126220703,287.6237487792969,327.7578430175781,log,2025-04-05,2025-05-03,4
49,2025-04-05,2025-04-12,1,38.64088821411133,19.345481872558594,32.58842849731445,38.64088821411133,52.51260757446289,78.34651947021484,log,2025-04-05,2025-04-12,1
49,2025-04-05,2025-04-19,2,22.755329132080078,8.29979133605957,18.654869079589844,22.755329132080078,36.53275680541992,62.78293228149414,log,2025-04-05,2025-04-19,2
49,2025-04-05,2025-04-26,3,24.332117080688477,4.1113691329956055,15.765613555908203,24.332117080688477,36.959468841552734,64.72498321533203,log,2025-04-05,2025-04-26,3
49,2025-04-05,2025-05-03,4,24.471302032470703,2.0504095554351807,8.383292198181152,24.471302032470703,35.4998664855957,59.56604766845703,log,2025-04-05,2025-05-03,4
50,2025-04-05,2025-04-12,1,19.008451461791992,10.550485610961914,14.38011360168457,19.008451461791992,26.59370994567871,39.018890380859375,log,2025-04-05,2025-04-12,1
50,2025-04-05,2025-04-19,2,11.76943588256836,8.04509449005127,10.300078392028809,11.76943588256836,18.304222106933594,44.290042877197266,log,2025-04-05,2025-04-19,2
50,2025-04-05,2025-04-26,3,13.878966331481934,3.0974209308624268,9.360756874084473,13.878966331481934,18.29147720336914,41.45973205566406,log,2025-04-05,2025-04-26,3
50,2025-04-05,2025-05-03,4,12.486875534057617,1.7768381834030151,5.74730110168457,12.486875534057617,15.214259147644043,39.66038513183594,log,2025-04-05,2025-05-03,4
51,2025-04-05,2025-04-12,1,125.01602935791016,87.79772186279297,94.93648529052734,125.01602935791016,137.9518280029297,151.57241821289062,log,2025-04-05,2025-04-12,1
51,2025-04-05,2025-04-19,2,84.6962890625,46.2598876953125,71.93338775634766,84.6962890625,84.82489776611328,157.18565368652344,log,2025-04-05,2025-04-19,2
51,2025-04-05,2025-04-26,3,83.73784637451172,26.07604217529297,64.92376708984375,83.73784637451172,120.53894805908203,131.0115966796875,log,2025-04-05,2025-04-26,3
51,2025-04-05,2025-05-03,4,91.4299545288086,14.050019264221191,43.275753021240234,91.4299545288086,107.99227905273438,121.62321472167969,log,2025-04-05,2025-05-03,4
53,2025-04-05,2025-04-12,1,89.50455474853516,59.15690612792969,71.65323638916016,89.50455474853516,99.00072479248047,105.9991683959961,log,2025-04-05,2025-04-12,1
53,2025-04-05,2025-04-19,2,59.71062088012695,42.59157943725586,46.11396026611328,59.71062088012695,74.14935302734375,111.01942443847656,log,2025-04-05,2025-04-19,2
53,2025-04-05,2025-04-26,3,68.18109893798828,22.13434600830078,45.39982986450195,68.18109893798828,74.37836456298828,107.39701843261719,log,2025-04-05,2025-04-26,3
53,2025-04-05,2025-05-03,4,70.55994415283203,14.404518127441406,29.673627853393555,70.55994415283203,76.60861206054688,88.14446258544922,log,2025-04-05,2025-05-03,4
54,2025-04-05,2025-04-12,1,54.012306213378906,48.11581039428711,50.29949951171875,54.012306213378906,61.64339828491211,98.97926330566406,log,2025-04-05,2025-04-12,1
54,2025-04-05,2025-04-19,2,44.69859313964844,22.076778411865234,27.671733856201172,44.69859313964844,52.146209716796875,118.53445434570312,log,2025-04-05,2025-04-19,2
54,2025-04-05,2025-04-26,3,37.163692474365234,9.210335731506348,25.582849502563477,37.163692474365234,60.274051666259766,87.33082580566406,log,2025-04-05,2025-04-26,3
54,2025-04-05,2025-05-03,4,42.26909637451172,6.976617813110352,17.403759002685547,42.26909637451172,51.05613708496094,88.9419174194336,log,2025-04-05,2025-05-03,4
55,2025-04-05,2025-04-12,1,49.79814147949219,41.513275146484375,46.34062194824219,49.79814147949219,65.7764663696289,91.97259521484375,log,2025-04-05,2025-04-12,1
55,2025-04-05,2025-04-19,2,37.99187088012695,23.212242126464844,33.261287689208984,37.99187088012695,49.921512603759766,93.79817962646484,log,2025-04-05,2025-04-19,2
55,2025-04-05,2025-04-26,3,40.6313591003418,15.991814613342285,37.53696823120117,40.6313591003418,62.91875457763672,73.21393585205078,log,2025-04-05,2025-04-26,3
55,2025-04-05,2025-05-03,4,55.282630920410156,11.951864242553711,28.634490966796875,55.282630920410156,70.1671142578125,81.2716064453125,log,2025-04-05,2025-05-03,4
56,2025-04-05,2025-04-12,1,11.113232612609863,3.5999999999999996,6.122223854064941,11.113232612609863,13.836214065551758,36.16679000854492,log,2025-04-05,2025-04-12,1
56,2025-04-05,2025-04-19,2,7.697128772735596,1.3427454233169556,3.7864389419555664,7.697128772735596,10.364048957824707,35.19293975830078,log,2025-04-05,2025-04-19,2
56,2025-04-05,2025-04-26,3,6.641847610473633,0.3625412881374359,3.4832584857940674,6.641847610473633,12.394150733947754,29.425201416015625,log,2025-04-05,2025-04-26,3
56,2025-04-05,2025-05-03,4,5.830711364746094,0.09244802594184875,1.8119171857833862,5.830711364746094,7.079403400421143,27.742565155029297,log,2025-04-05,2025-05-03,4
72,2025-04-05,2025-04-12,1,166.116943359375,95.82909393310547,123.94483184814453,166.116943359375,173.15106201171875,216.86827087402344,log,2025-04-05,2025-04-12,1
72,2025-04-05,2025-04-19,2,113.66297912597656,63.65944290161133,92.32086181640625,113.66297912597656,114.69473266601562,222.24342346191406,log,2025-04-05,2025-04-19,2
72,2025-04-05,2025-04-26,3,114.98583221435547,31.208532333374023,73.13304901123047,114.98583221435547,183.9786834716797,200.91946411132812,log,2025-04-05,2025-04-26,3
72,2025-04-05,2025-05-03,4,87.72551727294922,17.406620025634766,41.8812255859375,87.72551727294922,117.97767639160156,150.7284393310547,log,2025-04-05,2025-05-03,4
US,2025-04-05,2025-04-12,1,2094.0,2094.0,2094.0,2094.0,2094.0,2094.0,log,2025-04-05,2025-04-12,1
US,2025-04-05,2025-04-19,2,656.7618408203125,596.79,596.79,656.7618408203125,748.6740112304688,1380.0191650390625,log,2025-04-05,2025-04-19,2
US,2025-04-05,2025-04-26,3,490.39202880859375,161.1333,282.46942138671875,490.39202880859375,795.91650390625,910.2109985351562,log,2025-04-05,2025-04-26,3
US,2025-04-05,2025-05-03,4,483.44036865234375,41.0889915,171.77867126464844,483.44036865234375,727.1131591796875,733.3748168945312,log,2025-04-05,2025-05-03,4
01,2025-04-12,2025-04-19,1,37.6526985168457,25.078439712524414,31.57697105407715,37.6526985168457,45.73679733276367,69.064208984375,log,2025-04-12,2025-04-19,1
01,2025-04-12,2025-04-26,2,21.774463653564453,12.063702583312988,17.26028823852539,21.774463653564453,35.0532112121582,54.800716400146484,log,2025-04-12,2025-04-26,2
01,2025-04-12,2025-05-03,3,15.53585433959961,4.281838417053223,9.496443748474121,15.53585433959961,31.783485412597656,41.731422424316406,log,2025-04-12,2025-05-03,3
01,2025-04-12,2025-05-10,4,11.892359733581543,1.9825682640075684,6.179298400878906,11.892359733581543,21.986520767211914,44.35216522216797,log,2025-04-12,2025-05-10,4
02,2025-04-12,2025-04-19,1,12.127242088317871,6.616640567779541,11.00627613067627,12.127242088317871,16.809276580810547,31.695234298706055,log,2025-04-12,2025-04-19,1
02,2025-04-12,2025-04-26,2,9.504966735839844,5.392312526702881,6.769645690917969,9.504966735839844,13.047043800354004,32.014678955078125,log,2025-04-12,2025-04-26,2
02,2025-04-12,2025-05-03,3,6.558915615081787,1.8915594816207886,3.367910623550415,6.558915615081787,9.769499778747559,26.769819259643555,log,2025-04-12,2025-05-03,3
02,2025-04-12,2025-05-10,4,6.101817607879639,0.6058317422866821,2.23336124420166,6.101817607879639,8.708526611328125,27.760189056396484,log,2025-04-12,2025-05-10,4
04,2025-04-12,2025-04-19,1,55.07667922973633,51.83399200439453,54.07516860961914,55.07667922973633,81.08335876464844,104.55731201171875,log,2025-04-12,2025-04-19,1
04,2025-04-12,2025-04-26,2,43.033878326416016,23.980405807495117,36.041160583496094,43.033878326416016,66.4525146484375,85.03349304199219,log,2025-04-12,2025-04-26,2
04,2025-04-12,2025-05-03,3,39.22187805175781,14.054139137268066,19.519245147705078,39.22187805175781,53.09252166748047,74.75862884521484,log,2025-04-12,2025-05-03,3
04,2025-04-12,2025-05-10,4,36.99363708496094,7.21592903137207,20.091880798339844,36.99363708496094,44.39455795288086,59.3772087097168,log,2025-04-12,2025-05-10,4
05,2025-04-12,2025-04-19,1,22.35624885559082,20.71487808227539,20.74151611328125,22.35624885559082,41.59967041015625,64.14898681640625,log,2025-04-12,2025-04-19,1
05,2025-04-12,2025-04-26,2,17.849956512451172,11.847582817077637,14.475173950195312,17.849956512451172,28.537134170532227,40.14481735229492,log,2025-04-12,2025-04-26,2
05,2025-04-12,2025-05-03,3,15.285771369934082,5.006485462188721,7.494388103485107,15.285771369934082,16.852975845336914,39.38695526123047,log,2025-04-12,2025-05-03,3
05,2025-04-12,2025-05-10,4,9.109748840332031,2.1549088954925537,7.146559715270996,9.109748840332031,18.632675170898438,33.99448776245117,log,2025-04-12,2025-05-10,4
06,2025-04-12,2025-04-19,1,354.5152282714844,173.27658081054688,320.5439453125,354.5152282714844,396.5213317871094,401.0050964355469,log,2025-04-12,2025-04-19,1
06,2025-04-12,2025-04-26,2,286.66595458984375,118.43081665039062,263.7849426269531,286.66595458984375,346.1772155761719,385.7879638671875,log,2025-04-12,2025-04-26,2
06,2025-04-12,2025-05-03,3,176.8711395263672,61.26091384887695,123.66036987304688,176.8711395263672,340.53863525390625,358.6512145996094,log,2025-04-12,2025-05-03,3
06,2025-04-12,2025-05-10,4,164.5258026123047,22.03660011291504,83.5344009399414,164.5258026123047,264.59234619140625,304.795654296875,log,2025-04-12,2025-05-10,4
08,2025-04-12,2025-04-19,1,46.011348724365234,31.675308227539062,41.77305221557617,46.011348724365234,55.19084167480469,81.23595428466797,log,2025-04-12,2025-04-19,1
08,2025-04-12,2025-04-26,2,34.67416000366211,18.9620418548584,28.358304977416992,34.67416000366211,47.56479263305664,61.18130874633789,log,2025-04-12,2025-04-26,2
08,2025-04-12,2025-05-03,3,28.411788940429688,8.567008972167969,14.256990432739258,28.411788940429688,34.02219009399414,56.97535705566406,log,2025-04-12,2025-05-03,3
08,2025-04-12,2025-05-10,4,20.995370864868164,4.998979568481445,11.641890525817871,20.995370864868164,29.45051383972168,52.48255920410156,log,2025-04-12,2025-05-10,4
09,2025-04-12,2025-04-19,1,24.147977828979492,17.448701858520508,22.99688148498535,24.147977828979492,40.617008209228516,63.469947814941406,log,2025-04-12,2025-04-19,1
09,2025-04-12,2025-04-26,2,21.59341812133789,7.763519287109375,15.953392028808594,21.59341812133789,34.56705093383789,46.76192855834961,log,2025-04-12,2025-04-26,2
09,2025-04-12,2025-05-03,3,15.015022277832031,4.24871826171875,8.571138381958008,15.015022277832031,21.183135986328125,45.08229446411133,log,2025-04-12,2025-05-03,3
09,2025-04-12,2025-05-10,4,11.8737154006958,1.570934534072876,6.149452209472656,11.8737154006958,19.688934326171875,39.75015640258789,log,2025-04-12,2025-05-10,4
10,2025-04-12,2025-04-19,1,10.748018264770508,5.983698844909668,10.603267669677734,10.748018264770508,12.238426208496094,30.940067291259766,log,2025-04-12,2025-04-19,1
10,2025-04-12,2025-04-26,2,7.762382507324219,1.9462155103683472,4.352322101593018,7.762382507324219,9.972808837890625,30.80132484436035,log,2025-04-12,2025-04-26,2
10,2025-04-12,2025-05-03,3,5.376248836517334,0.525478184223175,2.2867376804351807,5.376248836517334,8.668984413146973,24.196643829345703,log,2025-04-12,2025-05-03,3
10,2025-04-12,2025-05-10,4,3.414705991744995,0.13399693369865417,1.1094449758529663,3.414705991744995,6.109852313995361,23.230422973632812,log,2025-04-12,2025-05-10,4
11,2025-04-12,2025-04-19,1,9.029928207397461,3.185645341873169,7.067917346954346,9.029928207397461,11.053009033203125,32.73857116699219,log,2025-04-12,2025-04-19,1
11,2025-04-12,2025-04-26,2,5.37761116027832,1.3963301181793213,3.6360318660736084,5.37761116027832,8.39401626586914,29.827611923217773,log,2025-04-12,2025-04-26,2
11,2025-04-12,2025-05-03,3,3.7768514156341553,0.37700915336608887,1.0342190265655518,3.7768514156341553,6.670014381408691,22.798219680786133,log,2025-04-12,2025-05-03,3
11,2025-04-12,2025-05-10,4,2.867367744445801,0.09613732993602753,0.8031592965126038,2.867367744445801,4.9067063331604,20.23226547241211,log,2025-04-12,2025-05-10,4
12,2025-04-12,2025-04-19,1,353.5125427246094,169.41262817382812,348.21044921875,353.5125427246094,361.88824462890625,362.50775146484375,log,2025-04-12,2025-04-19,1
12,2025-04-12,2025-04-26,2,250.92091369628906,109.95767974853516,240.91050720214844,250.92091369628906,294.3033142089844,297.6096496582031,log,2025-04-12,2025-04-26,2
12,2025-04-12,2025-05-03,3,151.84527587890625,37.41946792602539,124.4422836303711,151.84527587890625,191.96115112304688,253.72984313964844,log,2025-04-12,2025-05-03,3
12,2025-04-12,2025-05-10,4,149.4855194091797,18.2956485748291,66.3967056274414,149.4855194091797,196.6731414794922,274.6623840332031,log,2025-04-12,2025-05-10,4
13,2025-04-12,2025-04-19,1,55.44991683959961,45.79228591918945,51.981689453125,55.44991683959961,72.17859649658203,89.18228149414062,log,2025-04-12,2025-04-19,1
13,2025-04-12,2025-04-26,2,42.70079040527344,29.907424926757812,35.232242584228516,42.70079040527344,62.74565505981445,78.51335906982422,log,2025-04-12,2025-04-26,2
13,2025-04-12,2025-05-03,3,36.01586151123047,11.722813606262207,16.331769943237305,36.01586151123047,50.53749465942383,67.5241470336914,log,2025-04-12,2025-05-03,3
13,2025-04-12,2025-05-10,4,32.941993713378906,6.564545631408691,15.333070755004883,32.941993713378906,41.80481719970703,59.57815170288086,log,2025-04-12,2025-05-10,4
15,2025-04-12,2025-04-19,1,20.073776245117188,10.458613395690918,17.190000534057617,20.073776245117188,27.879865646362305,38.24174880981445,log,2025-04-12,2025-04-19,1
15,2025-04-12,2025-04-26,2,13.149633407592773,6.967323303222656,11.92568302154541,13.149633407592773,19.647029876708984,38.75456619262695,log,2025-04-12,2025-04-26,2
15,2025-04-12,2025-05-03,3,9.978401184082031,3.85186767578125,6.828970909118652,9.978401184082031,14.946664810180664,33.85447692871094,log,2025-04-12,2025-05-03,3
15,2025-04-12,2025-05-10,4,10.406295776367188,0.9822262525558472,3.546048402786255,10.406295776367188,11.982836723327637,29.747440338134766,log,2025-04-12,2025-05-10,4
16,2025-04-12,2025-04-19,1,17.188138961791992,8.930780410766602,16.408824920654297,17.188138961791992,23.678674697875977,42.434303283691406,log,2025-04-12,2025-04-19,1
16,2025-04-12,2025-04-26,2,11.878670692443848,5.089606285095215,9.73770523071289,11.878670692443848,19.359107971191406,36.63835525512695,log,2025-04-12,2025-04-26,2
16,2025-04-12,2025-05-03,3,8.52509880065918,1.4370352029800415,3.1871728897094727,8.52509880065918,14.6804838180542,32.270301818847656,log,2025-04-12,2025-05-03,3
16,2025-04-12,2025-05-10,4,6.27393913269043,0.3664439618587494,2.2799816131591797,6.27393913269043,12.205223083496094,31.73872947692871,log,2025-04-12,2025-05-10,4
17,2025-04-12,2025-04-19,1,102.0378646850586,84.05980682373047,96.65994262695312,102.0378646850586,125.59831237792969,141.1845245361328,log,2025-04-12,2025-04-19,1
17,2025-04-12,2025-04-26,2,94.68781280517578,60.10074234008789,91.8123779296875,94.68781280517578,99.89765167236328,133.65406799316406,log,2025-04-12,2025-04-26,2
17,2025-04-12,2025-05-03,3,73.68616485595703,25.228038787841797,39.27125549316406,73.68616485595703,102.7458724975586,106.79467010498047,log,2025-04-12,2025-05-03,3
17,2025-04-12,2025-05-10,4,63.070899963378906,10.468925476074219,35.22411346435547,63.070899963378906,65.0634536743164,108.58108520507812,log,2025-04-12,2025-05-10,4
18,2025-04-12,2025-04-19,1,56.92556381225586,49.06038284301758,52.15810775756836,56.92556381225586,73.02778625488281,96.45660400390625,log,2025-04-12,2025-04-19,1
18,2025-04-12,2025-04-26,2,40.9052619934082,23.4323673248291,36.47231674194336,40.9052619934082,49.79344177246094,84.3359375,log,2025-04-12,2025-04-26,2
18,2025-04-12,2025-05-03,3,29.89171028137207,15.996047973632812,19.687597274780273,29.89171028137207,46.9124641418457,65.80560302734375,log,2025-04-12,2025-05-03,3
18,2025-04-12,2025-05-10,4,31.477998733520508,9.083788871765137,13.496797561645508,31.477998733520508,34.00950241088867,61.71967697143555,log,2025-04-12,2025-05-10,4
19,2025-04-12,2025-04-19,1,17.46392250061035,8.630512237548828,12.651093482971191,17.46392250061035,20.63840675354004,48.656944274902344,log,2025-04-12,2025-04-19,1
19,2025-04-12,2025-04-26,2,13.085634231567383,5.034360885620117,8.992819786071777,13.085634231567383,19.823427200317383,36.670719146728516,log,2025-04-12,2025-04-26,2
19,2025-04-12,2025-05-03,3,10.060404777526855,2.7330005168914795,5.352745532989502,10.060404777526855,14.423569679260254,30.272653579711914,log,2025-04-12,2025-05-03,3
19,2025-04-12,2025-05-10,4,7.930832862854004,1.5867407321929932,4.874804496765137,7.930832862854004,13.539556503295898,27.838340759277344,log,2025-04-12,2025-05-10,4
20,2025-04-12,2025-04-19,1,16.098854064941406,9.380331993103027,15.606718063354492,16.098854064941406,23.76686668395996,49.28052520751953,log,2025-04-12,2025-04-19,1
20,2025-04-12,2025-04-26,2,13.46071720123291,4.830493927001953,11.029301643371582,13.46071720123291,20.92627716064453,41.6667366027832,log,2025-04-12,2025-04-26,2
20,2025-04-12,2025-05-03,3,9.547836303710938,2.5526723861694336,6.78291654586792,9.547836303710938,16.384349822998047,30.173154830932617,log,2025-04-12,2025-05-03,3
20,2025-04-12,2025-05-10,4,6.722562789916992,0.6525816321372986,3.8947882652282715,6.722562789916992,13.646151542663574,30.040483474731445,log,2025-04-12,2025-05-10,4
21,2025-04-12,2025-04-19,1,51.73672103881836,48.4761848449707,50.718475341796875,51.73672103881836,74.25908660888672,99.4706039428711,log,2025-04-12,2025-04-19,1
21,2025-04-12,2025-04-26,2,38.294559478759766,26.025388717651367,33.53947448730469,38.294559478759766,47.401145935058594,88.949462890625,log,2025-04-12,2025-04-26,2
21,2025-04-12,2025-05-03,3,28.31383514404297,12.990147590637207,13.249309539794922,28.31383514404297,35.95334243774414,69.03440856933594,log,2025-04-12,2025-05-03,3
21,2025-04-12,2025-05-10,4,24.759897232055664,6.106232166290283,12.086974143981934,24.759897232055664,25.334829330444336,65.91381072998047,log,2025-04-12,2025-05-10,4
22,2025-04-12,2025-04-19,1,49.0421028137207,44.89252853393555,47.37212371826172,49.0421028137207,62.25576400756836,79.4629135131836,log,2025-04-12,2025-04-19,1
22,2025-04-12,2025-04-26,2,34.27924728393555,22.30726432800293,31.118574142456055,34.27924728393555,53.168006896972656,79.43690490722656,log,2025-04-12,2025-04-26,2
22,2025-04-12,2025-05-03,3,24.108257293701172,8.012368202209473,13.978301048278809,24.108257293701172,39.87602996826172,58.27672576904297,log,2025-04-12,2025-05-03,3
22,2025-04-12,2025-05-10,4,19.015695571899414,3.5975148677825928,9.118398666381836,19.015695571899414,25.208385467529297,54.45014572143555,log,2025-04-12,2025-05-10,4
23,2025-04-12,2025-04-19,1,27.3956241607666,13.392102241516113,26.275537490844727,27.3956241607666,34.15703201293945,53.45732879638672,log,2025-04-12,2025-04-19,1
23,2025-04-12,2025-04-26,2,17.944759368896484,7.3402862548828125,14.990195274353027,17.944759368896484,24.144187927246094,45.372344970703125,log,2025-04-12,2025-04-26,2
23,2025-04-12,2025-05-03,3,12.476258277893066,3.538623094558716,6.335168838500977,12.476258277893066,19.230289459228516,44.649295806884766,log,2025-04-12,2025-05-03,3
23,2025-04-12,2025-05-10,4,8.41836929321289,0.9023488759994507,4.400821208953857,8.41836929321289,13.995052337646484,39.3530158996582,log,2025-04-12,2025-05-10,4
24,2025-04-12,2025-04-19,1,72.78912353515625,56.478485107421875,72.46444702148438,72.78912353515625,77.41425323486328,96.43448638916016,log,2025-04-12,2025-04-19,1
24,2025-04-12,2025-04-26,2,61.732505798339844,35.204368591308594,56.6898307800293,61.732505798339844,71.5327377319336,86.96258544921875,log,2025-04-12,2025-04-26,2
24,2025-04-12,2025-05-03,3,40.84543991088867,12.62926197052002,24.63332748413086,40.84543991088867,52.103878021240234,78.59423828125,log,2025-04-12,2025-05-03,3
24,2025-04-12,2025-05-10,4,34.60847473144531,7.264129638671875,17.33948516845703,34.60847473144531,41.0324592590332,73.7292709350586,log,2025-04-12,2025-05-10,4
25,2025-04-12,2025-04-19,1,84.82718658447266,61.74722671508789,69.34014129638672,84.82718658447266,89.62763214111328,118.06439971923828,log,2025-04-12,2025-04-19,1
25,2025-04-12,2025-04-26,2,64.11566162109375,35.39033889770508,60.43663024902344,64.11566162109375,76.18000030517578,118.88298797607422,log,2025-04-12,2025-04-26,2
25,2025-04-12,2025-05-03,3,51.4251823425293,16.062589645385742,23.462203979492188,51.4251823425293,83.70455932617188,109.86048126220703,log,2025-04-12,2025-05-03,3
25,2025-04-12,2025-05-10,4,50.847530364990234,11.030652046203613,24.85002899169922,50.847530364990234,60.27212142944336,108.58500671386719,log,2025-04-12,2025-05-10,4
26,2025-04-12,2025-04-19,1,192.00669860839844,147.46348571777344,179.25717163085938,192.00669860839844,236.0936737060547,268.883544921875,log,2025-04-12,2025-04-19,1
26,2025-04-12,2025-04-26,2,182.07284545898438,78.90373992919922,150.98223876953125,182.07284545898438,194.82383728027344,200.02919006347656,log,2025-04-12,2025-04-26,2
26,2025-04-12,2025-05-03,3,114.67741394042969,29.60793113708496,76.02297973632812,114.67741394042969,152.0243682861328,168.7259063720703,log,2025-04-12,2025-05-03,3
26,2025-04-12,2025-05-10,4,83.44428253173828,11.639213562011719,54.136077880859375,83.44428253173828,94.7471923828125,211.37855529785156,log,2025-04-12,2025-05-10,4
27,2025-04-12,2025-04-19,1,42.81736755371094,34.0868034362793,38.57878494262695,42.81736755371094,57.14384841918945,77.30914306640625,log,2025-04-12,2025-04-19,1
27,2025-04-12,2025-04-26,2,41.1273193359375,13.017683029174805,31.52056884765625,41.1273193359375,53.412086486816406,57.22591781616211,log,2025-04-12,2025-04-26,2
27,2025-04-12,2025-05-03,3,29.839248657226562,8.331206321716309,14.463504791259766,29.839248657226562,37.88463592529297,56.004974365234375,log,2025-04-12,2025-05-03,3
27,2025-04-12,2025-05-10,4,25.097732543945312,6.426558494567871,13.254444122314453,25.097732543945312,37.987457275390625,52.922298431396484,log,2025-04-12,2025-05-10,4
28,2025-04-12,2025-04-19,1,28.63309097290039,14.201909065246582,26.134302139282227,28.63309097290039,46.49393081665039,68.7139892578125,log,2025-04-12,2025-04-19,1
28,2025-04-12,2025-04-26,2,20.83074188232422,7.6031174659729,15.854177474975586,20.83074188232422,34.25197219848633,55.51595687866211,log,2025-04-12,2025-04-26,2
28,2025-04-12,2025-05-03,3,17.78706169128418,4.46875524520874,8.513991355895996,17.78706169128418,28.901123046875,52.698307037353516,log,2025-04-12,2025-05-03,3
28,2025-04-12,2025-05-10,4,12.379629135131836,1.1395325660705566,5.915128231048584,12.379629135131836,20.699859619140625,47.13093948364258,log,2025-04-12,2025-05-10,4
29,2025-04-12,2025-04-19,1,67.95388793945312,51.81543731689453,58.143436431884766,67.95388793945312,79.10887145996094,101.05609893798828,log,2025-04-12,2025-04-19,1
29,2025-04-12,2025-04-26,2,46.90973663330078,31.363283157348633,46.64520263671875,46.90973663330078,56.061729431152344,91.80680084228516,log,2025-04-12,2025-04-26,2
29,2025-04-12,2025-05-03,3,36.51765441894531,16.268007278442383,20.164670944213867,36.51765441894531,45.107177734375,77.31537628173828,log,2025-04-12,2025-05-03,3
29,2025-04-12,2025-05-10,4,35.208805084228516,10.32178783416748,19.120025634765625,35.208805084228516,35.6646842956543,69.49063110351562,log,2025-04-12,2025-05-10,4
30,2025-04-12,2025-04-19,1,18.860612869262695,10.2,16.55434226989746,18.860612869262695,28.505565643310547,50.03352355957031,log,2025-04-12,2025-04-19,1
30,2025-04-12,2025-04-26,2,11.405717849731445,4.012022495269775,10.215792655944824,11.405717849731445,19.594594955444336,39.71389389038086,log,2025-04-12,2025-04-26,2
30,2025-04-12,2025-05-03,3,8.279854774475098,1.8300375938415527,3.162320375442505,8.279854774475098,15.99665641784668,37.75510787963867,log,2025-04-12,2025-05-03,3
30,2025-04-12,2025-05-10,4,5.160980224609375,0.4666595757007599,2.2324821949005127,5.160980224609375,11.316887855529785,35.17127227783203,log,2025-04-12,2025-05-10,4
31,2025-04-12,2025-04-19,1,10.62238597869873,6.157514572143555,9.131587982177734,10.62238597869873,14.680774688720703,34.459564208984375,log,2025-04-12,2025-04-19,1
31,2025-04-12,2025-04-26,2,7.921509265899658,2.2920000553131104,5.2827677726745605,7.921509265899658,11.269489288330078,32.68950653076172,log,2025-04-12,2025-04-26,2
31,2025-04-12,2025-05-03,3,6.5897016525268555,0.6188400387763977,2.909883737564087,6.5897016525268555,12.448177337646484,24.656579971313477,log,2025-04-12,2025-05-03,3
31,2025-04-12,2025-05-10,4,4.049432277679443,0.1578042060136795,1.6253437995910645,4.049432277679443,9.835484504699707,24.126497268676758,log,2025-04-12,2025-05-10,4
32,2025-04-12,2025-04-19,1,32.601932525634766,14.7,28.652915954589844,32.601932525634766,38.315765380859375,61.22618865966797,log,2025-04-12,2025-04-19,1
32,2025-04-12,2025-04-26,2,26.169574737548828,8.800890922546387,21.793102264404297,26.169574737548828,37.44855499267578,53.24486541748047,log,2025-04-12,2025-04-26,2
32,2025-04-12,2025-05-03,3,21.324016571044922,6.889401435852051,12.581914901733398,21.324016571044922,30.069580078125,46.72063064575195,log,2025-04-12,2025-05-03,3
32,2025-04-12,2025-05-10,4,14.362980842590332,2.0039100646972656,5.942981243133545,14.362980842590332,20.518320083618164,46.09701156616211,log,2025-04-12,2025-05-10,4
33,2025-04-12,2025-04-19,1,14.102030754089355,6.6,13.20224380493164,14.102030754089355,17.932600021362305,36.54502868652344,log,2025-04-12,2025-04-19,1
33,2025-04-12,2025-04-26,2,8.277551651000977,4.0738630294799805,7.84970760345459,8.277551651000977,13.616131782531738,37.09217834472656,log,2025-04-12,2025-04-26,2
33,2025-04-12,2025-05-03,3,7.090161323547363,1.0999430418014526,2.4427967071533203,7.090161323547363,13.427155494689941,29.879140853881836,log,2025-04-12,2025-05-03,3
33,2025-04-12,2025-05-10,4,5.272706031799316,0.28048548102378845,2.2987375259399414,5.272706031799316,9.299821853637695,28.762197494506836,log,2025-04-12,2025-05-10,4
34,2025-04-12,2025-04-19,1,124.2486343383789,69.42115783691406,120.13002014160156,124.2486343383789,125.49602508544922,147.7965087890625,log,2025-04-12,2025-04-19,1
34,2025-04-12,2025-04-26,2,88.53011322021484,54.129058837890625,76.67547607421875,88.53011322021484,96.11522674560547,124.96549987792969,log,2025-04-12,2025-04-26,2
34,2025-04-12,2025-05-03,3,59.81150817871094,21.123504638671875,36.88173294067383,59.81150817871094,81.7741470336914,106.92731475830078,log,2025-04-12,2025-05-03,3
34,2025-04-12,2025-05-10,4,51.5145149230957,13.676594734191895,27.008535385131836,51.5145149230957,58.922149658203125,105.49626159667969,log,2025-04-12,2025-05-10,4
35,2025-04-12,2025-04-19,1,23.621028900146484,16.431060791015625,20.61639976501465,23.621028900146484,40.15437316894531,55.69688415527344,log,2025-04-12,2025-04-19,1
35,2025-04-12,2025-04-26,2,16.520103454589844,6.393260478973389,12.802727699279785,16.520103454589844,26.038330078125,41.01801300048828,log,2025-04-12,2025-04-26,2
35,2025-04-12,2025-05-03,3,10.444781303405762,2.234638214111328,5.009883880615234,10.444781303405762,17.76773452758789,40.170841217041016,log,2025-04-12,2025-05-03,3
35,2025-04-12,2025-05-10,4,6.678608417510986,0.7030981183052063,2.928105115890503,6.678608417510986,13.777048110961914,34.078983306884766,log,2025-04-12,2025-05-10,4
36,2025-04-12,2025-04-19,1,319.3514709472656,135.73594665527344,316.98065185546875,319.3514709472656,349.4461975097656,376.0318603515625,log,2025-04-12,2025-04-19,1
36,2025-04-12,2025-04-26,2,277.7232666015625,107.64974975585938,266.1634216308594,277.7232666015625,284.99951171875,297.6498107910156,log,2025-04-12,2025-04-26,2
36,2025-04-12,2025-05-03,3,159.9052734375,38.04326629638672,126.36079406738281,159.9052734375,201.74253845214844,262.6150817871094,log,2025-04-12,2025-05-03,3
36,2025-04-12,2025-05-10,4,135.76138305664062,17.950958251953125,68.1506576538086,135.76138305664062,146.552490234375,278.78668212890625,log,2025-04-12,2025-05-10,4
37,2025-04-12,2025-04-19,1,56.47056198120117,48.800987243652344,54.156375885009766,56.47056198120117,70.97322845458984,101.93169403076172,log,2025-04-12,2025-04-19,1
37,2025-04-12,2025-04-26,2,44.5399284362793,31.86516571044922,37.98909378051758,44.5399284362793,50.05137634277344,93.11724853515625,log,2025-04-12,2025-04-26,2
37,2025-04-12,2025-05-03,3,36.086856842041016,14.867975234985352,18.70680809020996,36.086856842041016,46.662696838378906,71.14451599121094,log,2025-04-12,2025-05-03,3
37,2025-04-12,2025-05-10,4,31.434425354003906,6.466442584991455,14.234037399291992,31.434425354003906,33.43238067626953,60.66141128540039,log,2025-04-12,2025-05-10,4
38,2025-04-12,2025-04-19,1,9.148019790649414,3.5999999999999996,7.697238922119141,9.148019790649414,14.629733085632324,26.226255416870117,log,2025-04-12,2025-04-19,1
38,2025-04-12,2025-04-26,2,6.040627956390381,1.7270060777664185,4.0711541175842285,6.040627956390381,10.7437162399292,27.495447158813477,log,2025-04-12,2025-04-26,2
38,2025-04-12,2025-05-03,3,5.584048748016357,0.4662916660308838,2.200187921524048,5.584048748016357,8.286742210388184,23.078113555908203,log,2025-04-12,2025-05-03,3
38,2025-04-12,2025-05-10,4,3.315707206726074,0.11890437453985214,1.001448631286621,3.315707206726074,6.025397300720215,25.840412139892578,log,2025-04-12,2025-05-10,4
39,2025-04-12,2025-04-19,1,103.75604248046875,91.60924530029297,101.74320220947266,103.75604248046875,153.22117614746094,156.67770385742188,log,2025-04-12,2025-04-19,1
39,2025-04-12,2025-04-26,2,96.1516342163086,61.43489074707031,76.56188201904297,96.1516342163086,104.95130157470703,149.8092041015625,log,2025-04-12,2025-04-26,2
39,2025-04-12,2025-05-03,3,70.56884765625,25.626426696777344,52.97306442260742,70.56884765625,106.49517059326172,107.77188110351562,log,2025-04-12,2025-05-03,3
39,2025-04-12,2025-05-10,4,57.747013092041016,10.617793083190918,31.965150833129883,57.747013092041016,72.2157974243164,117.3635482788086,log,2025-04-12,2025-05-10,4
40,2025-04-12,2025-04-19,1,16.326112747192383,8.571343421936035,11.43356990814209,16.326112747192383,18.04452133178711,38.91697311401367,log,2025-04-12,2025-04-19,1
40,2025-04-12,2025-04-26,2,12.478813171386719,4.546637535095215,8.801545143127441,12.478813171386719,17.622913360595703,33.516841888427734,log,2025-04-12,2025-04-26,2
40,2025-04-12,2025-05-03,3,9.80120849609375,2.45353102684021,4.611978054046631,9.80120849609375,14.407761573791504,27.446504592895508,log,2025-04-12,2025-05-03,3
40,2025-04-12,2025-05-10,4,7.459171772003174,0.6256504058837891,3.3611161708831787,7.459171772003174,12.135015487670898,24.517459869384766,log,2025-04-12,2025-05-10,4
41,2025-04-12,2025-04-19,1,41.84340286254883,22.665597915649414,33.76857376098633,41.84340286254883,47.91731643676758,63.52084732055664,log,2025-04-12,2025-04-19,1
41,2025-04-12,2025-04-26,2,25.556447982788086,14.631901741027832,20.288585662841797,25.556447982788086,43.90071105957031,57.32347869873047,log,2025-04-12,2025-04-26,2
41,2025-04-12,2025-05-03,3,20.469135284423828,5.112977981567383,10.261000633239746,20.469135284423828,31.083467483520508,50.22225570678711,log,2025-04-12,2025-05-03,3
41,2025-04-12,2025-05-10,4,15.015987396240234,2.6315701007843018,6.997751712799072,15.015987396240234,24.647247314453125,47.83714294433594,log,2025-04-12,2025-05-10,4
42,2025-04-12,2025-04-19,1,359.12261962890625,143.7,355.82720947265625,359.12261962890625,377.09820556640625,432.1921081542969,log,2025-04-12,2025-04-19,1
42,2025-04-12,2025-04-26,2,245.68740844726562,84.67479705810547,233.4875946044922,245.68740844726562,306.4349060058594,335.813232421875,log,2025-04-12,2025-04-26,2
42,2025-04-12,2025-05-03,3,157.9070281982422,30.69535255432129,97.07780456542969,157.9070281982422,249.45068359375,283.025634765625,log,2025-04-12,2025-05-03,3
42,2025-04-12,2025-05-10,4,138.09568786621094,12.496418952941895,71.77570343017578,138.09568786621094,211.8297882080078,274.7868957519531,log,2025-04-12,2025-05-10,4
44,2025-04-12,2025-04-19,1,16.392175674438477,7.981816291809082,13.91404914855957,16.392175674438477,19.03829002380371,38.06503677368164,log,2025-04-12,2025-04-19,1
44,2025-04-12,2025-04-26,2,11.219583511352539,5.32874870300293,9.640618324279785,11.219583511352539,15.120819091796875,37.33101272583008,log,2025-04-12,2025-04-26,2
44,2025-04-12,2025-05-03,3,8.541470527648926,1.4698786735534668,4.5750932693481445,8.541470527648926,11.680522918701172,31.754758834838867,log,2025-04-12,2025-05-03,3
44,2025-04-12,2025-05-10,4,7.110565185546875,0.5218656063079834,3.0875046253204346,7.110565185546875,10.014487266540527,31.842653274536133,log,2025-04-12,2025-05-10,4
45,2025-04-12,2025-04-19,1,27.759613037109375,22.53217315673828,25.33684539794922,27.759613037109375,44.72290802001953,69.51278686523438,log,2025-04-12,2025-04-19,1
45,2025-04-12,2025-04-26,2,20.528690338134766,13.350229263305664,20.149856567382812,20.528690338134766,36.6092643737793,48.31360626220703,log,2025-04-12,2025-04-26,2
45,2025-04-12,2025-05-03,3,20.131811141967773,6.2958550453186035,10.255231857299805,20.131811141967773,27.00487518310547,41.75605392456055,log,2025-04-12,2025-05-03,3
45,2025-04-12,2025-05-10,4,15.862317085266113,4.087702751159668,8.289081573486328,15.862317085266113,23.612470626831055,40.335636138916016,log,2025-04-12,2025-05-10,4
46,2025-04-12,2025-04-19,1,6.281668663024902,2.1,3.6133790016174316,6.281668663024902,8.029303550720215,19.666152954101562,log,2025-04-12,2025-04-19,1
46,2025-04-12,2025-04-26,2,3.624342441558838,0.6288151144981384,1.6437063217163086,3.624342441558838,6.291073799133301,20.141250610351562,log,2025-04-12,2025-04-26,2
46,2025-04-12,2025-05-03,3,3.559227228164673,0.16978009045124054,1.1915363073349,3.559227228164673,4.883089065551758,19.09769058227539,log,2025-04-12,2025-05-03,3
46,2025-04-12,2025-05-10,4,2.5789501667022705,0.043293923139572144,0.8946036100387573,2.5789501667022705,3.9019956588745117,18.323293685913086,log,2025-04-12,2025-05-10,4
47,2025-04-12,2025-04-19,1,63.695308685302734,55.544960021972656,58.986473083496094,63.695308685302734,77.46774291992188,97.98249816894531,log,2025-04-12,2025-04-19,1
47,2025-04-12,2025-04-26,2,44.603031158447266,35.4099006652832,41.61743927001953,44.603031158447266,59.45130157470703,82.96330261230469,log,2025-04-12,2025-04-26,2
47,2025-04-12,2025-05-03,3,36.92906951904297,16.614748001098633,19.780899047851562,36.92906951904297,46.09657287597656,78.55690002441406,log,2025-04-12,2025-05-03,3
47,2025-04-12,2025-05-10,4,35.96482467651367,8.341617584228516,17.98583984375,35.96482467651367,36.25239944458008,66.1966552734375,log,2025-04-12,2025-05-10,4
48,2025-04-12,2025-04-19,1,227.39727783203125,143.41712951660156,206.8658905029297,227.39727783203125,238.69773864746094,252.04441833496094,log,2025-04-12,2025-04-19,1
48,2025-04-12,2025-04-26,2,214.6288299560547,82.43624114990234,192.45993041992188,214.6288299560547,233.73707580566406,235.30833435058594,log,2025-04-12,2025-04-26,2
48,2025-04-12,2025-05-03,3,128.67678833007812,32.11591720581055,98.70437622070312,128.67678833007812,191.01025390625,213.7368621826172,log,2025-04-12,2025-05-03,3
48,2025-04-12,2025-05-10,4,108.83512115478516,13.104893684387207,57.3455924987793,108.83512115478516,141.42059326171875,219.5757598876953,log,2025-04-12,2025-05-10,4
49,2025-04-12,2025-04-19,1,24.818584442138672,15.632243156433105,23.66252899169922,24.818584442138672,31.74595832824707,45.0988883972168,log,2025-04-12,2025-04-19,1
49,2025-04-12,2025-04-26,2,20.13947105407715,7.05108118057251,15.498148918151855,20.13947105407715,23.42746353149414,40.65803909301758,log,2025-04-12,2025-04-26,2
49,2025-04-12,2025-05-03,3,10.826416969299316,2.2625319957733154,6.141914367675781,10.826416969299316,17.84678840637207,39.3935432434082,log,2025-04-12,2025-05-03,3
49,2025-04-12,2025-05-10,4,6.517982006072998,0.5769456624984741,3.32365083694458,6.517982006072998,15.698848724365234,37.7631950378418,log,2025-04-12,2025-05-10,4
50,2025-04-12,2025-04-19,1,9.16121768951416,3.6785035133361816,6.143903732299805,9.16121768951416,11.24567985534668,26.25445556640625,log,2025-04-12,2025-04-19,1
50,2025-04-12,2025-04-26,2,5.76077127456665,1.4877824783325195,3.144639730453491,5.76077127456665,8.11613655090332,27.355289459228516,log,2025-04-12,2025-04-26,2
50,2025-04-12,2025-05-03,3,4.1002373695373535,0.40170127153396606,1.1756401062011719,4.1002373695373535,5.340017318725586,22.411705017089844,log,2025-04-12,2025-05-03,3
50,2025-04-12,2025-05-10,4,3.030987024307251,0.10243382304906845,0.5988591313362122,3.030987024307251,5.387656211853027,19.637697219848633,log,2025-04-12,2025-05-10,4
51,2025-04-12,2025-04-19,1,54.604774475097656,50.253273010253906,51.22072219848633,54.604774475097656,74.00816345214844,97.61061096191406,log,2025-04-12,2025-04-19,1
51,2025-04-12,2025-04-26,2,42.25718307495117,28.11400604248047,38.79583740234375,42.25718307495117,55.735015869140625,88.06258392333984,log,2025-04-12,2025-04-26,2
51,2025-04-12,2025-05-03,3,35.214149475097656,15.912923812866211,17.71916389465332,35.214149475097656,44.41794204711914,71.28238677978516,log,2025-04-12,2025-05-03,3
51,2025-04-12,2025-05-10,4,38.88039779663086,9.419668197631836,18.619558334350586,38.88039779663086,39.07273864746094,67.84691619873047,log,2025-04-12,2025-05-10,4
53,2025-04-12,2025-04-19,1,58.16047286987305,45.0888786315918,57.00190353393555,58.16047286987305,69.35875701904297,86.3917007446289,log,2025-04-12,2025-04-19,1
53,2025-04-12,2025-04-26,2,49.03763961791992,29.337186813354492,47.10990905761719,49.03763961791992,68.61170959472656,79.7288589477539,log,2025-04-12,2025-04-26,2
53,2025-04-12,2025-05-03,3,41.27374267578125,13.630847930908203,23.47844123840332,41.27374267578125,45.8034782409668,66.10802459716797,log,2025-04-12,2025-05-03,3
53,2025-04-12,2025-05-10,4,26.86056137084961,5.880506992340088,17.359920501708984,26.86056137084961,41.58047866821289,59.1679801940918,log,2025-04-12,2025-05-10,4
54,2025-04-12,2025-04-19,1,30.604379653930664,21.522506713867188,29.33279037475586,30.604379653930664,43.03365707397461,63.20559310913086,log,2025-04-12,2025-04-19,1
54,2025-04-12,2025-04-26,2,21.044368743896484,10.269436836242676,18.038347244262695,21.044368743896484,34.97565841674805,54.2726936340332,log,2025-04-12,2025-04-26,2
54,2025-04-12,2025-05-03,3,13.655258178710938,4.383366107940674,6.033167839050293,13.655258178710938,21.102441787719727,42.813011169433594,log,2025-04-12,2025-05-03,3
54,2025-04-12,2025-05-10,4,9.593619346618652,1.682126760482788,7.04935359954834,9.593619346618652,17.526247024536133,46.42578887939453,log,2025-04-12,2025-05-10,4
55,2025-04-12,2025-04-19,1,42.22565460205078,30.352033615112305,38.81834030151367,42.22565460205078,50.896427154541016,84.14778137207031,log,2025-04-12,2025-04-19,1
55,2025-04-12,2025-04-26,2,35.8321418762207,17.347244262695312,27.345258712768555,35.8321418762207,44.14237594604492,66.32196044921875,log,2025-04-12,2025-04-26,2
55,2025-04-12,2025-05-03,3,28.68975067138672,11.050793647766113,14.44495677947998,28.68975067138672,39.77745819091797,56.81932067871094,log,2025-04-12,2025-05-03,3
55,2025-04-12,2025-05-10,4,25.814960479736328,6.560701847076416,14.263521194458008,25.814960479736328,34.207279205322266,59.88273620605469,log,2025-04-12,2025-05-10,4
56,2025-04-12,2025-04-19,1,3.725137233734131,1.2,3.3797035217285156,3.725137233734131,6.439905166625977,21.209325790405273,log,2025-04-12,2025-04-19,1
56,2025-04-12,2025-04-26,2,2.192528486251831,0.34199999999999997,1.4385559558868408,2.192528486251831,3.875058889389038,18.166973114013672,log,2025-04-12,2025-04-26,2
56,2025-04-12,2025-05-03,3,1.8090077638626099,0.09233999999999999,0.5025548338890076,1.8090077638626099,3.071465492248535,16.29194450378418,log,2025-04-12,2025-05-03,3
56,2025-04-12,2025-05-10,4,1.34954035282135,0.023546699999999997,0.12815147638320923,1.34954035282135,3.0858960151672363,16.138994216918945,log,2025-04-12,2025-05-10,4
72,2025-04-12,2025-04-19,1,155.40603637695312,130.1138153076172,148.83824157714844,155.40603637695312,247.54681396484375,252.9088592529297,log,2025-04-12,2025-04-19,1
72,2025-04-12,2025-04-26,2,150.32554626464844,72.17489624023438,129.4864959716797,150.32554626464844,222.41647338867188,300.0713806152344,log,2025-04-12,2025-04-26,2
72,2025-04-12,2025-05-03,3,77.91407012939453,45.469398498535156,51.48122024536133,77.91407012939453,133.6751251220703,288.8025817871094,log,2025-04-12,2025-05-03,3
72,2025-04-12,2025-05-10,4,54.796138763427734,16.40717315673828,24.06047821044922,54.796138763427734,95.67098999023438,274.2747497558594,log,2025-04-12,2025-05-10,4
US,2025-04-12,2025-04-19,1,1518.0,1518.0,1518.0,1518.0,1518.0,1518.0,log,2025-04-12,2025-04-19,1
US,2025-04-12,2025-04-26,2,503.0064392089844,432.62999999999994,432.62999999999994,503.0064392089844,723.6802978515625,1024.3509521484375,log,2025-04-12,2025-04-26,2
US,2025-04-12,2025-05-03,3,357.6912536621094,116.81009999999999,176.0131072998047,357.6912536621094,689.8517456054688,774.391845703125,log,2025-04-12,2025-05-03,3
US,2025-04-12,2025-05-10,4,299.52362060546875,29.786575499999998,130.4793701171875,299.52362060546875,566.2133178710938,636.3370971679688,log,2025-04-12,2025-05-10,4
01,2025-04-19,2025-04-26,1,30.953990936279297,16.283695220947266,24.323139190673828,30.953990936279297,40.2704963684082,67.36223602294922,log,2025-04-19,2025-04-26,1
01,2025-04-19,2025-05-03,2,19.835166931152344,5.037718296051025,11.444607734680176,19.835166931152344,35.107330322265625,49.748680114746094,log,2025-04-19,2025-05-03,2
01,2025-04-19,2025-05-10,3,15.377457618713379,1.452742099761963,7.667802333831787,15.377457618713379,23.197948455810547,46.917640686035156,log,2025-04-19,2025-05-10,3
01,2025-04-19,2025-05-17,4,9.490482330322266,0.49852606654167175,4.648342132568359,9.490482330322266,22.6940975189209,42.33885955810547,log,2025-04-19,2025-05-17,4
02,2025-04-19,2025-04-26,1,8.72633171081543,3.9464828968048096,6.294686794281006,8.72633171081543,13.502999305725098,29.115644454956055,log,2025-04-19,2025-04-26,1
02,2025-04-19,2025-05-03,2,6.7324676513671875,1.5391806364059448,4.020930290222168,6.7324676513671875,10.506093978881836,28.480653762817383,log,2025-04-19,2025-05-03,2
02,2025-04-19,2025-05-10,3,6.017322063446045,0.41557878255844116,2.792142152786255,6.017322063446045,7.693082332611084,26.892921447753906,log,2025-04-19,2025-05-10,3
02,2025-04-19,2025-05-17,4,3.206716299057007,0.10597258806228638,1.0780229568481445,3.206716299057007,7.270348072052002,26.85723876953125,log,2025-04-19,2025-05-17,4
04,2025-04-19,2025-04-26,1,55.385459899902344,47.12123107910156,49.56166458129883,55.385459899902344,80.17488861083984,96.68448638916016,log,2025-04-19,2025-04-26,1
04,2025-04-19,2025-05-03,2,50.433475494384766,25.742937088012695,32.81806564331055,50.433475494384766,63.40348815917969,87.54850769042969,log,2025-04-19,2025-05-03,2
04,2025-04-19,2025-05-10,3,44.72587203979492,12.672359466552734,26.077850341796875,44.72587203979492,53.578758239746094,80.17609405517578,log,2025-04-19,2025-05-10,3
04,2025-04-19,2025-05-17,4,25.70694351196289,8.028764724731445,20.370342254638672,25.70694351196289,52.03755187988281,68.71641540527344,log,2025-04-19,2025-05-17,4
05,2025-04-19,2025-04-26,1,15.758312225341797,10.167004585266113,13.45296573638916,15.758312225341797,26.08220863342285,45.83572769165039,log,2025-04-19,2025-04-26,1
05,2025-04-19,2025-05-03,2,11.03603744506836,3.796018600463867,10.492593765258789,11.03603744506836,18.347164154052734,33.96055603027344,log,2025-04-19,2025-05-03,2
05,2025-04-19,2025-05-10,3,10.40737533569336,2.050687313079834,5.9938530921936035,10.40737533569336,15.402603149414062,31.657745361328125,log,2025-04-19,2025-05-10,3
05,2025-04-19,2025-05-17,4,4.858577251434326,0.6916950941085815,4.632138252258301,4.858577251434326,12.458941459655762,26.859092712402344,log,2025-04-19,2025-05-17,4
06,2025-04-19,2025-04-26,1,302.96490478515625,166.74742126464844,248.4488067626953,302.96490478515625,308.63433837890625,338.8341979980469,log,2025-04-19,2025-04-26,1
06,2025-04-19,2025-05-03,2,232.26210021972656,101.15619659423828,177.69644165039062,232.26210021972656,254.14462280273438,273.22979736328125,log,2025-04-19,2025-05-03,2
06,2025-04-19,2025-05-10,3,151.31314086914062,45.650917053222656,128.28712463378906,151.31314086914062,245.6450653076172,250.49110412597656,log,2025-04-19,2025-05-10,3
06,2025-04-19,2025-05-17,4,122.91966247558594,20.864688873291016,74.54265594482422,122.91966247558594,216.7769775390625,260.59619140625,log,2025-04-19,2025-05-17,4
08,2025-04-19,2025-04-26,1,25.47037696838379,14.785832405090332,24.686933517456055,25.47037696838379,34.587520599365234,51.59746551513672,log,2025-04-19,2025-04-26,1
08,2025-04-19,2025-05-03,2,21.383899688720703,5.431514739990234,13.721877098083496,21.383899688720703,25.890840530395508,43.01746368408203,log,2025-04-19,2025-05-03,2
08,2025-04-19,2025-05-10,3,14.98465347290039,2.380007266998291,8.855298042297363,14.98465347290039,18.88751792907715,39.13153839111328,log,2025-04-19,2025-05-10,3
08,2025-04-19,2025-05-17,4,8.534926414489746,1.4763548374176025,5.9377360343933105,8.534926414489746,16.069059371948242,34.09218215942383,log,2025-04-19,2025-05-17,4
09,2025-04-19,2025-04-26,1,23.43488311767578,12.117352485656738,20.219133377075195,23.43488311767578,30.94264030456543,55.546173095703125,log,2025-04-19,2025-04-26,1
09,2025-04-19,2025-05-03,2,20.90041732788086,7.030242919921875,14.695684432983398,20.90041732788086,27.969480514526367,47.76299285888672,log,2025-04-19,2025-05-03,2
09,2025-04-19,2025-05-10,3,15.462279319763184,2.922741413116455,8.848448753356934,15.462279319763184,23.02016830444336,45.76280975341797,log,2025-04-19,2025-05-10,3
09,2025-04-19,2025-05-17,4,8.67757797241211,1.6083312034606934,6.736937522888184,8.67757797241211,20.085002899169922,41.29904556274414,log,2025-04-19,2025-05-17,4
10,2025-04-19,2025-04-26,1,5.911151885986328,3.0,4.745142459869385,5.911151885986328,9.232728958129883,27.74666404724121,log,2025-04-19,2025-04-26,1
10,2025-04-19,2025-05-03,2,4.710748672485352,0.855,2.8725087642669678,4.710748672485352,7.04245138168335,26.087852478027344,log,2025-04-19,2025-05-03,2
10,2025-04-19,2025-05-10,3,4.96439790725708,0.23085,1.6804312467575073,4.96439790725708,5.810026168823242,22.080806732177734,log,2025-04-19,2025-05-10,3
10,2025-04-19,2025-05-17,4,1.8977375030517578,0.05886675,0.7053516507148743,1.8977375030517578,4.616526126861572,21.150754928588867,log,2025-04-19,2025-05-17,4
11,2025-04-19,2025-04-26,1,5.4016289710998535,2.1,3.1733169555664062,5.4016289710998535,7.452269077301025,28.79886245727539,log,2025-04-19,2025-04-26,1
11,2025-04-19,2025-05-03,2,3.225816249847412,0.5984999999999999,1.9952809810638428,3.225816249847412,5.483423709869385,26.066774368286133,log,2025-04-19,2025-05-03,2
11,2025-04-19,2025-05-10,3,3.168996572494507,0.161595,0.8036041259765625,3.168996572494507,4.646886825561523,19.318355560302734,log,2025-04-19,2025-05-10,3
11,2025-04-19,2025-05-17,4,1.1827696561813354,0.041206725,0.5379124283790588,1.1827696561813354,3.2458651065826416,16.709693908691406,log,2025-04-19,2025-05-17,4
12,2025-04-19,2025-04-26,1,262.6580810546875,164.45571899414062,224.5575408935547,262.6580810546875,293.6561584472656,303.6957092285156,log,2025-04-19,2025-04-26,1
12,2025-04-19,2025-05-03,2,188.06515502929688,109.4127426147461,170.42355346679688,188.06515502929688,238.17356872558594,251.95924377441406,log,2025-04-19,2025-05-03,2
12,2025-04-19,2025-05-10,3,133.78524780273438,41.64038848876953,124.31661224365234,133.78524780273438,190.78561401367188,270.0834045410156,log,2025-04-19,2025-05-10,3
12,2025-04-19,2025-05-17,4,100.81675720214844,19.34497833251953,76.445068359375,100.81675720214844,148.54180908203125,248.8373565673828,log,2025-04-19,2025-05-17,4
13,2025-04-19,2025-04-26,1,43.824684143066406,32.589420318603516,37.53682327270508,43.824684143066406,51.0427360534668,74.34199523925781,log,2025-04-19,2025-04-26,1
13,2025-04-19,2025-05-03,2,32.116390228271484,16.397687911987305,20.69396209716797,32.116390228271484,42.4150276184082,61.59929656982422,log,2025-04-19,2025-05-03,2
13,2025-04-19,2025-05-10,3,25.713125228881836,5.876544952392578,15.508854866027832,25.713125228881836,36.254581451416016,53.390647888183594,log,2025-04-19,2025-05-10,3
13,2025-04-19,2025-05-17,4,17.029787063598633,3.5171382427215576,11.85838794708252,17.029787063598633,31.505088806152344,50.813053131103516,log,2025-04-19,2025-05-17,4
15,2025-04-19,2025-04-26,1,15.452014923095703,9.923699378967285,12.858201026916504,15.452014923095703,22.84079360961914,39.6141242980957,log,2025-04-19,2025-04-26,1
15,2025-04-19,2025-05-03,2,10.842432022094727,5.182746410369873,8.800122261047363,10.842432022094727,17.368261337280273,38.61445236206055,log,2025-04-19,2025-05-03,2
15,2025-04-19,2025-05-10,3,8.121440887451172,2.241459608078003,5.922077655792236,8.121440887451172,12.800358772277832,33.16654968261719,log,2025-04-19,2025-05-10,3
15,2025-04-19,2025-05-17,4,6.890782356262207,1.0293024778366089,2.94205379486084,6.890782356262207,11.66543960571289,30.997787475585938,log,2025-04-19,2025-05-17,4
16,2025-04-19,2025-04-26,1,10.69038200378418,7.058733940124512,7.447585105895996,10.69038200378418,12.614933013916016,28.644865036010742,log,2025-04-19,2025-04-26,1
16,2025-04-19,2025-05-03,2,6.334939002990723,2.0117392539978027,4.415958404541016,6.334939002990723,8.811297416687012,29.35784339904785,log,2025-04-19,2025-05-03,2
16,2025-04-19,2025-05-10,3,7.064949989318848,0.5431696176528931,2.469635486602783,7.064949989318848,8.571402549743652,24.216951370239258,log,2025-04-19,2025-05-10,3
16,2025-04-19,2025-05-17,4,2.994229793548584,0.13850824534893036,1.2936978340148926,2.994229793548584,8.02236557006836,20.55855369567871,log,2025-04-19,2025-05-17,4
17,2025-04-19,2025-04-26,1,112.18357849121094,77.49513244628906,104.973388671875,112.18357849121094,133.24920654296875,140.92726135253906,log,2025-04-19,2025-04-26,1
17,2025-04-19,2025-05-03,2,89.33683776855469,48.484004974365234,62.13923263549805,89.33683776855469,94.48084259033203,129.9967041015625,log,2025-04-19,2025-05-03,2
17,2025-04-19,2025-05-10,3,49.16929244995117,22.011600494384766,39.20039367675781,49.16929244995117,91.00684356689453,119.66508483886719,log,2025-04-19,2025-05-10,3
17,2025-04-19,2025-05-17,4,43.43091583251953,9.35964584350586,30.868358612060547,43.43091583251953,74.2141342163086,130.21475219726562,log,2025-04-19,2025-05-17,4
18,2025-04-19,2025-04-26,1,33.07023239135742,26.264530181884766,26.588119506835938,33.07023239135742,43.7725830078125,72.47965240478516,log,2025-04-19,2025-04-26,1
18,2025-04-19,2025-05-03,2,23.303483963012695,12.632355690002441,19.98186492919922,23.303483963012695,37.09572982788086,52.93694305419922,log,2025-04-19,2025-05-03,2
18,2025-04-19,2025-05-10,3,23.12592887878418,5.989091873168945,13.81601619720459,23.12592887878418,30.001787185668945,44.56312561035156,log,2025-04-19,2025-05-10,3
18,2025-04-19,2025-05-17,4,12.140985488891602,4.781356334686279,7.782151222229004,12.140985488891602,23.436614990234375,51.905460357666016,log,2025-04-19,2025-05-17,4
19,2025-04-19,2025-04-26,1,9.782376289367676,5.393313884735107,6.210394859313965,9.782376289367676,10.991485595703125,27.856491088867188,log,2025-04-19,2025-04-26,1
19,2025-04-19,2025-05-03,2,6.990874767303467,2.55484676361084,4.896100997924805,6.990874767303467,10.395515441894531,28.537296295166016,log,2025-04-19,2025-05-03,2
19,2025-04-19,2025-05-10,3,6.526895523071289,0.7624070048332214,3.37994647026062,6.526895523071289,9.312606811523438,24.149248123168945,log,2025-04-19,2025-05-10,3
19,2025-04-19,2025-05-17,4,3.568516492843628,0.19441378116607666,2.137387752532959,3.568516492843628,8.219344139099121,22.59903335571289,log,2025-04-19,2025-05-17,4
20,2025-04-19,2025-04-26,1,21.180952072143555,11.134689331054688,15.039863586425781,21.180952072143555,26.2773380279541,43.278499603271484,log,2025-04-19,2025-04-26,1
20,2025-04-19,2025-05-03,2,14.547228813171387,5.523391246795654,9.47989559173584,14.547228813171387,21.628684997558594,37.872501373291016,log,2025-04-19,2025-05-03,2
20,2025-04-19,2025-05-10,3,10.726789474487305,2.485635757446289,6.359455585479736,10.726789474487305,19.266298294067383,36.12053298950195,log,2025-04-19,2025-05-10,3
20,2025-04-19,2025-05-17,4,6.850853443145752,1.1847249269485474,4.536938190460205,6.850853443145752,14.103272438049316,35.938385009765625,log,2025-04-19,2025-05-17,4
21,2025-04-19,2025-04-26,1,32.40528869628906,23.883615493774414,26.600296020507812,32.40528869628906,41.437618255615234,74.03932189941406,log,2025-04-19,2025-04-26,1
21,2025-04-19,2025-05-03,2,19.80626678466797,12.760400772094727,15.59499454498291,19.80626678466797,31.46065902709961,52.254554748535156,log,2025-04-19,2025-05-03,2
21,2025-04-19,2025-05-10,3,18.985042572021484,5.291074275970459,8.559171676635742,18.985042572021484,25.01399803161621,44.27478790283203,log,2025-04-19,2025-05-10,3
21,2025-04-19,2025-05-17,4,11.507406234741211,2.7322347164154053,7.263705730438232,11.507406234741211,19.28827476501465,47.17012023925781,log,2025-04-19,2025-05-17,4
22,2025-04-19,2025-04-26,1,49.86716079711914,31.192462921142578,38.94548797607422,49.86716079711914,62.05568313598633,82.85287475585938,log,2025-04-19,2025-04-26,1
22,2025-04-19,2025-05-03,2,37.26837921142578,16.599824905395508,24.958232879638672,37.26837921142578,44.96420669555664,77.74706268310547,log,2025-04-19,2025-05-03,2
22,2025-04-19,2025-05-10,3,29.834903717041016,5.252459526062012,15.450571060180664,29.834903717041016,30.783647537231445,62.90372848510742,log,2025-04-19,2025-05-10,3
22,2025-04-19,2025-05-17,4,15.577574729919434,2.0730903148651123,9.467604637145996,15.577574729919434,27.023330688476562,56.07778549194336,log,2025-04-19,2025-05-17,4
23,2025-04-19,2025-04-26,1,17.01945686340332,9.390573501586914,13.860612869262695,17.01945686340332,21.37572479248047,41.21192169189453,log,2025-04-19,2025-04-26,1
23,2025-04-19,2025-05-03,2,11.107010841369629,3.9777493476867676,7.694881439208984,11.107010841369629,15.880630493164062,35.90011215209961,log,2025-04-19,2025-05-03,2
23,2025-04-19,2025-05-10,3,8.688606262207031,1.073992371559143,4.32145357131958,8.688606262207031,13.242615699768066,32.74911880493164,log,2025-04-19,2025-05-10,3
23,2025-04-19,2025-05-17,4,4.636687278747559,0.27386805415153503,2.0892999172210693,4.636687278747559,11.070576667785645,27.19288444519043,log,2025-04-19,2025-05-17,4
24,2025-04-19,2025-04-26,1,55.5213737487793,34.73527526855469,43.82160568237305,55.5213737487793,56.33808135986328,65.82691955566406,log,2025-04-19,2025-04-26,1
24,2025-04-19,2025-05-03,2,29.610719680786133,20.619192123413086,22.285036087036133,29.610719680786133,48.733402252197266,60.258392333984375,log,2025-04-19,2025-05-03,2
24,2025-04-19,2025-05-10,3,24.48209571838379,5.5671820640563965,14.071014404296875,24.48209571838379,34.224281311035156,49.862335205078125,log,2025-04-19,2025-05-10,3
24,2025-04-19,2025-05-17,4,14.24392318725586,2.893376111984253,9.003515243530273,14.24392318725586,27.597291946411133,47.816688537597656,log,2025-04-19,2025-05-17,4
25,2025-04-19,2025-04-26,1,60.09867477416992,50.89322280883789,56.38526153564453,60.09867477416992,67.28528594970703,88.39990997314453,log,2025-04-19,2025-04-26,1
25,2025-04-19,2025-05-03,2,38.46839141845703,24.51974868774414,31.057096481323242,38.46839141845703,64.9402084350586,87.53394317626953,log,2025-04-19,2025-05-03,2
25,2025-04-19,2025-05-10,3,31.182456970214844,10.554361343383789,21.512451171875,31.182456970214844,50.0062370300293,68.66490936279297,log,2025-04-19,2025-05-10,3
25,2025-04-19,2025-05-17,4,29.39153289794922,8.258096694946289,16.35477638244629,29.39153289794922,47.85372543334961,95.9897689819336,log,2025-04-19,2025-05-17,4
26,2025-04-19,2025-04-26,1,139.53050231933594,104.37983703613281,125.4631576538086,139.53050231933594,161.3144073486328,194.89398193359375,log,2025-04-19,2025-04-26,1
26,2025-04-19,2025-05-03,2,95.04313659667969,60.21862030029297,85.47831726074219,95.04313659667969,110.14237976074219,132.2261962890625,log,2025-04-19,2025-05-03,2
26,2025-04-19,2025-05-10,3,63.93663024902344,25.214853286743164,53.698577880859375,63.93663024902344,76.39578247070312,129.79116821289062,log,2025-04-19,2025-05-10,3
26,2025-04-19,2025-05-17,4,42.62029266357422,11.049150466918945,33.488685607910156,42.62029266357422,67.38959503173828,114.07186126708984,log,2025-04-19,2025-05-17,4
27,2025-04-19,2025-04-26,1,29.276426315307617,14.266265869140625,22.870750427246094,29.276426315307617,32.617374420166016,51.342403411865234,log,2025-04-19,2025-04-26,1
27,2025-04-19,2025-05-03,2,21.930797576904297,6.212610244750977,12.255133628845215,21.930797576904297,29.771421432495117,43.41460418701172,log,2025-04-19,2025-05-03,2
27,2025-04-19,2025-05-10,3,16.69245719909668,3.0618841648101807,7.247888565063477,16.69245719909668,24.967931747436523,42.10980987548828,log,2025-04-19,2025-05-10,3
27,2025-04-19,2025-05-17,4,11.190850257873535,1.7175333499908447,5.704948425292969,11.190850257873535,23.834091186523438,41.43222427368164,log,2025-04-19,2025-05-17,4
28,2025-04-19,2025-04-26,1,21.244050979614258,10.207351684570312,16.134937286376953,21.244050979614258,27.653411865234375,43.16102981567383,log,2025-04-19,2025-04-26,1
28,2025-04-19,2025-05-03,2,14.404760360717773,3.8135781288146973,8.999785423278809,14.404760360717773,22.55707550048828,39.275970458984375,log,2025-04-19,2025-05-03,2
28,2025-04-19,2025-05-10,3,11.74317455291748,1.5446319580078125,4.541182994842529,11.74317455291748,18.023841857910156,37.50043487548828,log,2025-04-19,2025-05-10,3
28,2025-04-19,2025-05-17,4,7.002075672149658,0.3938811421394348,3.3748726844787598,7.002075672149658,14.47811508178711,34.11681365966797,log,2025-04-19,2025-05-17,4
29,2025-04-19,2025-04-26,1,63.32218933105469,49.87144470214844,51.37534713745117,63.32218933105469,79.982666015625,101.11148834228516,log,2025-04-19,2025-04-26,1
29,2025-04-19,2025-05-03,2,43.76380920410156,28.750051498413086,32.76239013671875,43.76380920410156,57.29762268066406,97.76651763916016,log,2025-04-19,2025-05-03,2
29,2025-04-19,2025-05-10,3,35.45779037475586,13.462620735168457,24.987472534179688,35.45779037475586,46.0777473449707,83.25082397460938,log,2025-04-19,2025-05-10,3
29,2025-04-19,2025-05-17,4,30.83132553100586,8.84939956665039,16.71769142150879,30.83132553100586,41.91273498535156,80.59536743164062,log,2025-04-19,2025-05-17,4
30,2025-04-19,2025-04-26,1,15.473774909973145,9.012654304504395,11.839688301086426,15.473774909973145,19.2408447265625,38.329227447509766,log,2025-04-19,2025-04-26,1
30,2025-04-19,2025-05-03,2,9.498669624328613,2.729119300842285,5.916707992553711,9.498669624328613,15.907767295837402,34.329246520996094,log,2025-04-19,2025-05-03,2
30,2025-04-19,2025-05-10,3,7.530013561248779,0.919522762298584,2.7679736614227295,7.530013561248779,10.31097412109375,29.269222259521484,log,2025-04-19,2025-05-10,3
30,2025-04-19,2025-05-17,4,4.254419326782227,0.23447829484939575,1.7719542980194092,4.254419326782227,8.906890869140625,28.4497013092041,log,2025-04-19,2025-05-17,4
31,2025-04-19,2025-04-26,1,12.16368579864502,4.958539009094238,7.732944488525391,12.16368579864502,12.91342830657959,33.65128707885742,log,2025-04-19,2025-04-26,1
31,2025-04-19,2025-05-03,2,8.492046356201172,2.5518431663513184,4.840859889984131,8.492046356201172,11.226283073425293,31.18540382385254,log,2025-04-19,2025-05-03,2
31,2025-04-19,2025-05-10,3,6.375056743621826,0.6889976859092712,2.7218902111053467,6.375056743621826,9.216703414916992,30.01151466369629,log,2025-04-19,2025-05-10,3
31,2025-04-19,2025-05-17,4,4.440208435058594,0.17569440603256226,1.7542833089828491,4.440208435058594,8.2572021484375,27.241941452026367,log,2025-04-19,2025-05-17,4
32,2025-04-19,2025-04-26,1,28.370893478393555,13.698575019836426,23.479957580566406,28.370893478393555,40.59724807739258,61.043678283691406,log,2025-04-19,2025-04-26,1
32,2025-04-19,2025-05-03,2,24.249805450439453,10.277392387390137,18.942899703979492,24.249805450439453,32.44093322753906,51.85908889770508,log,2025-04-19,2025-05-03,2
32,2025-04-19,2025-05-10,3,19.693191528320312,4.536073207855225,11.190228462219238,19.693191528320312,27.01450538635254,46.315670013427734,log,2025-04-19,2025-05-10,3
32,2025-04-19,2025-05-17,4,11.98729133605957,1.5157533884048462,6.619167327880859,11.98729133605957,22.249666213989258,48.061763763427734,log,2025-04-19,2025-05-17,4
33,2025-04-19,2025-04-26,1,14.199763298034668,7.208827018737793,10.47295093536377,14.199763298034668,19.151893615722656,36.18549728393555,log,2025-04-19,2025-04-26,1
33,2025-04-19,2025-05-03,2,10.086848258972168,6.477719306945801,7.675164699554443,10.086848258972168,13.10062313079834,35.36885452270508,log,2025-04-19,2025-05-03,2
33,2025-04-19,2025-05-10,3,8.033217430114746,1.7489843368530273,5.078897953033447,8.033217430114746,11.947915077209473,29.401752471923828,log,2025-04-19,2025-05-10,3
33,2025-04-19,2025-05-17,4,6.3634467124938965,0.7374064922332764,2.672393798828125,6.3634467124938965,11.636110305786133,29.563310623168945,log,2025-04-19,2025-05-17,4
34,2025-04-19,2025-04-26,1,96.5459213256836,77.27960968017578,92.58145141601562,96.5459213256836,110.95801544189453,137.82672119140625,log,2025-04-19,2025-04-26,1
34,2025-04-19,2025-05-03,2,79.31143188476562,49.29204559326172,57.494293212890625,79.31143188476562,90.49466705322266,119.10041046142578,log,2025-04-19,2025-05-03,2
34,2025-04-19,2025-05-10,3,53.529476165771484,25.7320613861084,37.82499694824219,53.529476165771484,86.89395141601562,106.16061401367188,log,2025-04-19,2025-05-10,3
34,2025-04-19,2025-05-17,4,41.45326232910156,12.618117332458496,29.961973190307617,41.45326232910156,73.3012924194336,114.6557388305664,log,2025-04-19,2025-05-17,4
35,2025-04-19,2025-04-26,1,19.801881790161133,10.803388595581055,16.18280601501465,19.801881790161133,26.022960662841797,50.03590774536133,log,2025-04-19,2025-04-26,1
35,2025-04-19,2025-05-03,2,12.955577850341797,4.8968024253845215,10.055100440979004,12.955577850341797,19.495615005493164,36.86814498901367,log,2025-04-19,2025-05-03,2
35,2025-04-19,2025-05-10,3,9.7581205368042,1.3221367597579956,4.9971184730529785,9.7581205368042,14.980210304260254,36.849403381347656,log,2025-04-19,2025-05-10,3
35,2025-04-19,2025-05-17,4,5.540950775146484,0.3371448814868927,3.067366361618042,5.540950775146484,12.167656898498535,30.458274841308594,log,2025-04-19,2025-05-17,4
36,2025-04-19,2025-04-26,1,209.18170166015625,163.5512237548828,184.5787353515625,209.18170166015625,218.9534454345703,251.03494262695312,log,2025-04-19,2025-04-26,1
36,2025-04-19,2025-05-03,2,147.32705688476562,90.20281982421875,142.96925354003906,147.32705688476562,154.7291259765625,188.8202362060547,log,2025-04-19,2025-05-03,2
36,2025-04-19,2025-05-10,3,104.61390686035156,32.007320404052734,98.54936218261719,104.61390686035156,132.73353576660156,226.27230834960938,log,2025-04-19,2025-05-10,3
36,2025-04-19,2025-05-17,4,73.4704818725586,11.951620101928711,41.51498794555664,73.4704818725586,107.6850357055664,239.4960479736328,log,2025-04-19,2025-05-17,4
37,2025-04-19,2025-04-26,1,37.176448822021484,29.440874099731445,30.595972061157227,37.176448822021484,47.430259704589844,77.1899642944336,log,2025-04-19,2025-04-26,1
37,2025-04-19,2025-05-03,2,20.5992431640625,11.252264976501465,18.100465774536133,20.5992431640625,31.17472267150879,58.26593017578125,log,2025-04-19,2025-05-03,2
37,2025-04-19,2025-05-10,3,21.532249450683594,4.23234224319458,9.679145812988281,21.532249450683594,30.28339958190918,43.56246566772461,log,2025-04-19,2025-05-10,3
37,2025-04-19,2025-05-17,4,12.86664867401123,2.19199800491333,7.274801731109619,12.86664867401123,22.25897979736328,46.565208435058594,log,2025-04-19,2025-05-17,4
38,2025-04-19,2025-04-26,1,9.359171867370605,5.030440330505371,5.716789245605469,9.359171867370605,12.869683265686035,29.4962215423584,log,2025-04-19,2025-04-26,1
38,2025-04-19,2025-05-03,2,6.160431385040283,2.8776378631591797,4.027711868286133,6.160431385040283,9.96188735961914,26.851654052734375,log,2025-04-19,2025-05-03,2
38,2025-04-19,2025-05-10,3,5.380664348602295,0.7769622802734375,2.5790131092071533,5.380664348602295,8.788591384887695,26.768733978271484,log,2025-04-19,2025-05-10,3
38,2025-04-19,2025-05-17,4,3.9714603424072266,0.19812537729740143,1.0858160257339478,3.9714603424072266,7.797386646270752,26.162275314331055,log,2025-04-19,2025-05-17,4
39,2025-04-19,2025-04-26,1,63.29928207397461,56.589454650878906,62.486629486083984,63.29928207397461,81.6021957397461,111.99451446533203,log,2025-04-19,2025-04-26,1
39,2025-04-19,2025-05-03,2,51.44157028198242,30.497119903564453,47.703250885009766,51.44157028198242,58.37953186035156,96.02806854248047,log,2025-04-19,2025-05-03,2
39,2025-04-19,2025-05-10,3,41.74927520751953,16.546743392944336,27.134218215942383,41.74927520751953,49.80859375,86.1554946899414,log,2025-04-19,2025-05-10,3
39,2025-04-19,2025-05-17,4,26.20299530029297,8.950425148010254,20.439159393310547,26.20299530029297,42.54876708984375,79.97332000732422,log,2025-04-19,2025-05-17,4
40,2025-04-19,2025-04-26,1,14.21796989440918,7.10186243057251,10.183126449584961,14.21796989440918,19.033527374267578,36.041259765625,log,2025-04-19,2025-04-26,1
40,2025-04-19,2025-05-03,2,12.363933563232422,3.2718377113342285,7.18632173538208,12.363933563232422,16.818233489990234,31.71634292602539,log,2025-04-19,2025-05-03,2
40,2025-04-19,2025-05-10,3,7.179973125457764,0.8833962082862854,4.1228413581848145,7.179973125457764,15.07425308227539,26.70077133178711,log,2025-04-19,2025-05-10,3
40,2025-04-19,2025-05-17,4,6.309194087982178,0.4903448820114136,3.7024197578430176,6.309194087982178,12.498159408569336,26.44561195373535,log,2025-04-19,2025-05-17,4
41,2025-04-19,2025-04-26,1,26.613922119140625,17.261917114257812,26.36151885986328,26.613922119140625,38.492000579833984,60.170475006103516,log,2025-04-19,2025-04-26,1
41,2025-04-19,2025-05-03,2,22.584999084472656,8.312299728393555,16.233179092407227,22.584999084472656,33.447322845458984,49.5742301940918,log,2025-04-19,2025-05-03,2
41,2025-04-19,2025-05-10,3,17.144550323486328,2.6969168186187744,9.397397994995117,17.144550323486328,25.029924392700195,43.13601303100586,log,2025-04-19,2025-05-10,3
41,2025-04-19,2025-05-17,4,12.923051834106445,1.1786388158798218,6.439451217651367,12.923051834106445,21.805435180664062,44.16584396362305,log,2025-04-19,2025-05-17,4
42,2025-04-19,2025-04-26,1,320.308837890625,156.90582275390625,280.768310546875,320.308837890625,367.31109619140625,376.66827392578125,log,2025-04-19,2025-04-26,1
42,2025-04-19,2025-05-03,2,270.7850341796875,91.9990234375,218.45310974121094,270.7850341796875,328.8644104003906,375.1295166015625,log,2025-04-19,2025-05-03,2
42,2025-04-19,2025-05-10,3,182.57260131835938,32.5125732421875,106.381591796875,182.57260131835938,243.2943878173828,270.8775939941406,log,2025-04-19,2025-05-10,3
42,2025-04-19,2025-05-17,4,112.51868438720703,14.000616073608398,69.74830627441406,112.51868438720703,218.5048065185547,260.8269348144531,log,2025-04-19,2025-05-17,4
44,2025-04-19,2025-04-26,1,13.159994125366211,6.168411731719971,9.914169311523438,13.159994125366211,16.0853328704834,29.66226577758789,log,2025-04-19,2025-04-26,1
44,2025-04-19,2025-05-03,2,8.553719520568848,4.1655755043029785,6.552014350891113,8.553719520568848,12.845146179199219,28.778650283813477,log,2025-04-19,2025-05-03,2
44,2025-04-19,2025-05-10,3,6.783044338226318,1.12470543384552,4.733125686645508,6.783044338226318,10.150450706481934,27.372486114501953,log,2025-04-19,2025-05-10,3
44,2025-04-19,2025-05-17,4,6.063849449157715,0.3916069269180298,2.036025047302246,6.063849449157715,10.908227920532227,26.740564346313477,log,2025-04-19,2025-05-17,4
45,2025-04-19,2025-04-26,1,20.01067352294922,11.75698184967041,17.05082893371582,20.01067352294922,30.075366973876953,55.281394958496094,log,2025-04-19,2025-04-26,1
45,2025-04-19,2025-05-03,2,17.002090454101562,4.705801486968994,11.689696311950684,17.002090454101562,24.257938385009766,42.67346954345703,log,2025-04-19,2025-05-03,2
45,2025-04-19,2025-05-10,3,14.388348579406738,2.4078400135040283,8.974807739257812,14.388348579406738,20.761804580688477,34.01371765136719,log,2025-04-19,2025-05-10,3
45,2025-04-19,2025-05-17,4,7.7826409339904785,1.1187711954116821,5.8501973152160645,7.7826409339904785,16.443078994750977,32.20893096923828,log,2025-04-19,2025-05-17,4
46,2025-04-19,2025-04-26,1,5.906670093536377,3.0,5.058346271514893,5.906670093536377,10.12010383605957,18.00395393371582,log,2025-04-19,2025-04-26,1
46,2025-04-19,2025-05-03,2,4.71464729309082,1.9761089086532593,3.099809169769287,4.71464729309082,7.655003070831299,17.47923469543457,log,2025-04-19,2025-05-03,2
46,2025-04-19,2025-05-10,3,4.905694007873535,0.7044060826301575,2.648190975189209,4.905694007873535,6.01156759262085,18.13852882385254,log,2025-04-19,2025-05-10,3
46,2025-04-19,2025-05-17,4,3.2700610160827637,0.25440940260887146,1.6532044410705566,3.2700610160827637,4.942776203155518,15.797089576721191,log,2025-04-19,2025-05-17,4
47,2025-04-19,2025-04-26,1,37.868797302246094,33.02168273925781,34.23999786376953,37.868797302246094,51.39274597167969,73.96968841552734,log,2025-04-19,2025-04-26,1
47,2025-04-19,2025-05-03,2,24.332202911376953,13.980730056762695,21.592599868774414,24.332202911376953,37.70143508911133,59.80373764038086,log,2025-04-19,2025-05-03,2
47,2025-04-19,2025-05-10,3,26.481178283691406,5.654484272003174,14.70441722869873,26.481178283691406,32.642478942871094,48.72480392456055,log,2025-04-19,2025-05-10,3
47,2025-04-19,2025-05-17,4,15.02558708190918,5.038530349731445,11.089046478271484,15.02558708190918,26.549299240112305,46.18467712402344,log,2025-04-19,2025-05-17,4
48,2025-04-19,2025-04-26,1,236.63446044921875,140.80325317382812,211.56527709960938,236.63446044921875,256.5389099121094,277.08380126953125,log,2025-04-19,2025-04-26,1
48,2025-04-19,2025-05-03,2,188.3062744140625,107.56658172607422,179.44361877441406,188.3062744140625,210.6845703125,229.6643829345703,log,2025-04-19,2025-05-03,2
48,2025-04-19,2025-05-10,3,131.91824340820312,46.483253479003906,130.01263427734375,131.91824340820312,179.015380859375,223.81588745117188,log,2025-04-19,2025-05-10,3
48,2025-04-19,2025-05-17,4,113.53915405273438,19.63817596435547,57.5723876953125,113.53915405273438,148.3550262451172,236.11854553222656,log,2025-04-19,2025-05-17,4
49,2025-04-19,2025-04-26,1,20.455068588256836,11.13227653503418,16.09677505493164,20.455068588256836,26.783655166625977,40.40590286254883,log,2025-04-19,2025-04-26,1
49,2025-04-19,2025-05-03,2,13.444202423095703,5.5424346923828125,11.915353775024414,13.444202423095703,20.168643951416016,37.70195770263672,log,2025-04-19,2025-05-03,2
49,2025-04-19,2025-05-10,3,12.014583587646484,2.062108278274536,6.9989776611328125,12.014583587646484,16.689239501953125,32.6898193359375,log,2025-04-19,2025-05-10,3
49,2025-04-19,2025-05-17,4,6.716536998748779,0.6288410425186157,3.403010368347168,6.716536998748779,12.693528175354004,32.620941162109375,log,2025-04-19,2025-05-17,4
50,2025-04-19,2025-04-26,1,6.595168590545654,3.5999999999999996,5.416815757751465,6.595168590545654,9.455530166625977,26.272668838500977,log,2025-04-19,2025-04-26,1
50,2025-04-19,2025-05-03,2,5.023484230041504,1.0259999999999998,2.8136956691741943,5.023484230041504,8.003846168518066,27.646650314331055,log,2025-04-19,2025-05-03,2
50,2025-04-19,2025-05-10,3,4.891152858734131,0.27702,2.1690826416015625,4.891152858734131,6.5296220779418945,22.808053970336914,log,2025-04-19,2025-05-10,3
50,2025-04-19,2025-05-17,4,2.9612820148468018,0.0706401,0.9155937433242798,2.9612820148468018,5.068718910217285,21.706838607788086,log,2025-04-19,2025-05-17,4
51,2025-04-19,2025-04-26,1,36.87617874145508,30.914148330688477,32.9579963684082,36.87617874145508,45.917415618896484,74.75960540771484,log,2025-04-19,2025-04-26,1
51,2025-04-19,2025-05-03,2,25.245746612548828,13.207232475280762,20.166988372802734,25.245746612548828,38.975032806396484,58.956787109375,log,2025-04-19,2025-05-03,2
51,2025-04-19,2025-05-10,3,25.757299423217773,7.338181018829346,15.136958122253418,25.757299423217773,34.825077056884766,44.80834197998047,log,2025-04-19,2025-05-10,3
51,2025-04-19,2025-05-17,4,13.750142097473145,5.9046244621276855,10.683287620544434,13.750142097473145,29.19025993347168,56.11394119262695,log,2025-04-19,2025-05-17,4
53,2025-04-19,2025-04-26,1,32.44940948486328,17.70487403869629,26.509098052978516,32.44940948486328,41.678436279296875,56.33649444580078,log,2025-04-19,2025-04-26,1
53,2025-04-19,2025-05-03,2,28.05617332458496,10.910323143005371,16.206140518188477,28.05617332458496,31.87645721435547,48.584529876708984,log,2025-04-19,2025-05-03,2
53,2025-04-19,2025-05-10,3,20.80838966369629,3.760568618774414,11.125981330871582,20.80838966369629,25.368385314941406,40.92734909057617,log,2025-04-19,2025-05-10,3
53,2025-04-19,2025-05-17,4,12.808734893798828,1.8898953199386597,6.999727249145508,12.808734893798828,20.32956886291504,37.84648895263672,log,2025-04-19,2025-05-17,4
54,2025-04-19,2025-04-26,1,15.830557823181152,7.8,11.126492500305176,15.830557823181152,24.3533992767334,48.942325592041016,log,2025-04-19,2025-04-26,1
54,2025-04-19,2025-05-03,2,9.91020679473877,3.394674777984619,5.929463863372803,9.91020679473877,16.363525390625,37.377593994140625,log,2025-04-19,2025-05-03,2
54,2025-04-19,2025-05-10,3,9.082511901855469,0.9165621995925903,5.083336353302002,9.082511901855469,14.20918083190918,31.097253799438477,log,2025-04-19,2025-05-10,3
54,2025-04-19,2025-05-17,4,4.77700662612915,0.24695152044296265,2.2309482097625732,4.77700662612915,10.02708911895752,26.105649948120117,log,2025-04-19,2025-05-17,4
55,2025-04-19,2025-04-26,1,29.05488395690918,20.42893409729004,23.920543670654297,29.05488395690918,35.350521087646484,55.69544982910156,log,2025-04-19,2025-04-26,1
55,2025-04-19,2025-05-03,2,21.768335342407227,8.33420181274414,14.961708068847656,21.768335342407227,34.31578826904297,41.72759246826172,log,2025-04-19,2025-05-03,2
55,2025-04-19,2025-05-10,3,23.41889190673828,4.09414005279541,11.212930679321289,23.41889190673828,25.17673683166504,39.946495056152344,log,2025-04-19,2025-05-10,3
55,2025-04-19,2025-05-17,4,12.336843490600586,4.187570095062256,6.9546217918396,12.336843490600586,23.659931182861328,44.395477294921875,log,2025-04-19,2025-05-17,4
56,2025-04-19,2025-04-26,1,2.2215123176574707,0.8999999999999999,1.3999993801116943,2.2215123176574707,4.261894226074219,20.113441467285156,log,2025-04-19,2025-04-26,1
56,2025-04-19,2025-05-03,2,1.2765735387802124,0.25649999999999995,0.8174728155136108,1.2765735387802124,2.350240707397461,17.069063186645508,log,2025-04-19,2025-05-03,2
56,2025-04-19,2025-05-10,3,1.1056361198425293,0.069255,0.24417293071746826,1.1056361198425293,1.816263198852539,13.46093463897705,log,2025-04-19,2025-05-10,3
56,2025-04-19,2025-05-17,4,0.4295338988304138,0.017660025,0.0622640959918499,0.4295338988304138,1.5676937103271484,12.989063262939453,log,2025-04-19,2025-05-17,4
72,2025-04-19,2025-04-26,1,151.91357421875,92.18790435791016,119.83148193359375,151.91357421875,176.2547607421875,218.06825256347656,log,2025-04-19,2025-04-26,1
72,2025-04-19,2025-05-03,2,80.92652130126953,60.589595794677734,74.49091339111328,80.92652130126953,133.27032470703125,182.67776489257812,log,2025-04-19,2025-05-03,2
72,2025-04-19,2025-05-10,3,72.569580078125,24.666296005249023,37.51239013671875,72.569580078125,93.09449768066406,127.3676528930664,log,2025-04-19,2025-05-10,3
72,2025-04-19,2025-05-17,4,33.510894775390625,10.80735969543457,23.4491024017334,33.510894775390625,71.35739135742188,131.05616760253906,log,2025-04-19,2025-05-17,4
US,2025-04-19,2025-04-26,1,1190.1,1190.1,1190.1,1190.1,1190.1,1489.4654541015625,log,2025-04-19,2025-04-26,1
US,2025-04-19,2025-05-03,2,615.6856079101562,339.17849999999993,443.22900390625,615.6856079101562,896.5298461914062,1035.9444580078125,log,2025-04-19,2025-05-03,2
US,2025-04-19,2025-05-10,3,426.5866394042969,91.578195,261.2142333984375,426.5866394042969,757.7156372070312,783.6751708984375,log,2025-04-19,2025-05-10,3
US,2025-04-19,2025-05-17,4,234.33229064941406,23.352439725,162.78016662597656,234.33229064941406,602.656982421875,656.4263305664062,log,2025-04-19,2025-05-17,4
01,2025-04-26,2025-05-03,1,19.7119083404541,10.5,16.13547706604004,19.7119083404541,30.67732048034668,51.88640594482422,log,2025-04-26,2025-05-03,1
01,2025-04-26,2025-05-10,2,15.777057647705078,3.127945899963379,9.047445297241211,15.777057647705078,23.57851791381836,42.826290130615234,log,2025-04-26,2025-05-10,2
01,2025-04-26,2025-05-17,3,11.6513671875,1.8208425045013428,4.655699729919434,11.6513671875,18.977493286132812,38.215980529785156,log,2025-04-26,2025-05-17,3
01,2025-04-26,2025-05-24,4,8.462540626525879,0.4643148183822632,3.3844780921936035,8.462540626525879,16.034631729125977,36.44609451293945,log,2025-04-26,2025-05-24,4
02,2025-04-26,2025-05-03,1,5.507476329803467,2.6999999999999997,3.8567614555358887,5.507476329803467,9.822113037109375,21.388832092285156,log,2025-04-26,2025-05-03,1
02,2025-04-26,2025-05-10,2,4.301411151885986,0.7694999999999999,1.888582706451416,4.301411151885986,7.331958770751953,20.095497131347656,log,2025-04-26,2025-05-10,2
02,2025-04-26,2025-05-17,3,3.0263161659240723,0.20776499999999998,1.0924643278121948,3.0263161659240723,5.586378574371338,21.869205474853516,log,2025-04-26,2025-05-17,3
02,2025-04-26,2025-05-24,4,2.2326297760009766,0.052980074999999995,0.4051077961921692,2.2326297760009766,4.474730968475342,19.703569412231445,log,2025-04-26,2025-05-24,4
04,2025-04-26,2025-05-03,1,60.95229721069336,43.071258544921875,54.157875061035156,60.95229721069336,73.2398452758789,88.581787109375,log,2025-04-26,2025-05-03,1
04,2025-04-26,2025-05-10,2,53.956275939941406,27.58667755126953,30.041282653808594,53.956275939941406,60.966182708740234,70.18815612792969,log,2025-04-26,2025-05-10,2
04,2025-04-26,2025-05-17,3,37.73152542114258,12.462029457092285,21.15069580078125,37.73152542114258,43.94346618652344,68.5131607055664,log,2025-04-26,2025-05-17,3
04,2025-04-26,2025-05-24,4,29.21830177307129,8.278932571411133,15.947928428649902,29.21830177307129,51.086753845214844,71.66712951660156,log,2025-04-26,2025-05-24,4
05,2025-04-26,2025-05-03,1,15.55582332611084,8.944083213806152,12.567363739013672,15.55582332611084,22.4339656829834,42.60133743286133,log,2025-04-26,2025-05-03,1
05,2025-04-26,2025-05-10,2,10.842888832092285,3.8794689178466797,7.635621547698975,10.842888832092285,18.98830795288086,32.50130844116211,log,2025-04-26,2025-05-10,2
05,2025-04-26,2025-05-17,3,7.74335241317749,2.6479909420013428,4.292564392089844,7.74335241317749,14.151938438415527,27.886600494384766,log,2025-04-26,2025-05-17,3
05,2025-04-26,2025-05-24,4,6.223000526428223,1.566677451133728,3.3634140491485596,6.223000526428223,12.879064559936523,27.234697341918945,log,2025-04-26,2025-05-24,4
06,2025-04-26,2025-05-03,1,201.78033447265625,132.22238159179688,163.34632873535156,201.78033447265625,202.772216796875,237.74412536621094,log,2025-04-26,2025-05-03,1
06,2025-04-26,2025-05-10,2,151.87405395507812,85.16191101074219,123.24241638183594,151.87405395507812,166.4464569091797,173.4750518798828,log,2025-04-26,2025-05-10,2
06,2025-04-26,2025-05-17,3,102.85852813720703,46.29443359375,87.0909423828125,102.85852813720703,118.61524200439453,151.25897216796875,log,2025-04-26,2025-05-17,3
06,2025-04-26,2025-05-24,4,65.99592590332031,21.643251419067383,49.847469329833984,65.99592590332031,118.88453674316406,128.4306640625,log,2025-04-26,2025-05-24,4
08,2025-04-26,2025-05-03,1,24.59490966796875,13.012256622314453,23.025585174560547,24.59490966796875,35.299339294433594,58.39363479614258,log,2025-04-26,2025-05-03,1
08,2025-04-26,2025-05-10,2,20.607269287109375,7.707201957702637,12.433452606201172,20.607269287109375,29.743072509765625,43.45391845703125,log,2025-04-26,2025-05-10,2
08,2025-04-26,2025-05-17,3,15.094255447387695,2.9710311889648438,7.931967735290527,15.094255447387695,21.94075584411621,44.20750427246094,log,2025-04-26,2025-05-17,3
08,2025-04-26,2025-05-24,4,11.126418113708496,1.6100622415542603,5.616766452789307,11.126418113708496,17.013648986816406,35.51495361328125,log,2025-04-26,2025-05-24,4
09,2025-04-26,2025-05-03,1,31.6579647064209,19.559974670410156,25.961862564086914,31.6579647064209,40.19417190551758,56.9627799987793,log,2025-04-26,2025-05-03,1
09,2025-04-26,2025-05-10,2,23.505704879760742,11.29909610748291,16.28963851928711,23.505704879760742,34.976131439208984,50.09547805786133,log,2025-04-26,2025-05-10,2
09,2025-04-26,2025-05-17,3,17.76304054260254,8.467223167419434,10.411479949951172,17.76304054260254,26.943395614624023,44.78759765625,log,2025-04-26,2025-05-17,3
09,2025-04-26,2025-05-24,4,13.392170906066895,5.217556953430176,7.670394420623779,13.392170906066895,18.84880828857422,43.881980895996094,log,2025-04-26,2025-05-24,4
10,2025-04-26,2025-05-03,1,2.852570056915283,1.2,2.2027437686920166,2.852570056915283,4.827374458312988,17.250646591186523,log,2025-04-26,2025-05-03,1
10,2025-04-26,2025-05-10,2,1.5504090785980225,0.34199999999999997,0.8436948657035828,1.5504090785980225,3.4398579597473145,15.536970138549805,log,2025-04-26,2025-05-10,2
10,2025-04-26,2025-05-17,3,1.58441960811615,0.09233999999999999,0.4804603159427643,1.58441960811615,2.560539722442627,16.124156951904297,log,2025-04-26,2025-05-17,3
10,2025-04-26,2025-05-24,4,0.8987265825271606,0.023546699999999997,0.12251737713813782,0.8987265825271606,2.1292409896850586,14.165287971496582,log,2025-04-26,2025-05-24,4
11,2025-04-26,2025-05-03,1,3.9601891040802,2.1,2.7781505584716797,3.9601891040802,5.871911525726318,22.333084106445312,log,2025-04-26,2025-05-03,1
11,2025-04-26,2025-05-10,2,2.582810640335083,0.5984999999999999,1.0307801961898804,2.582810640335083,4.308852195739746,20.12295150756836,log,2025-04-26,2025-05-10,2
11,2025-04-26,2025-05-17,3,1.9994579553604126,0.161595,0.6149503588676453,1.9994579553604126,4.317929744720459,16.389543533325195,log,2025-04-26,2025-05-17,3
11,2025-04-26,2025-05-24,4,1.2931185960769653,0.041206725,0.15681234002113342,1.2931185960769653,2.4918203353881836,14.930935859680176,log,2025-04-26,2025-05-24,4
12,2025-04-26,2025-05-03,1,198.2470703125,134.96978759765625,183.14219665527344,198.2470703125,220.7935028076172,233.831787109375,log,2025-04-26,2025-05-03,1
12,2025-04-26,2025-05-10,2,181.78073120117188,91.01680755615234,133.18405151367188,181.78073120117188,182.06430053710938,194.97984313964844,log,2025-04-26,2025-05-10,2
12,2025-04-26,2025-05-17,3,106.74127960205078,43.28654479980469,79.6436767578125,106.74127960205078,129.51686096191406,218.1166229248047,log,2025-04-26,2025-05-17,3
12,2025-04-26,2025-05-24,4,81.36475372314453,22.934783935546875,58.742950439453125,81.36475372314453,95.02733612060547,171.09727478027344,log,2025-04-26,2025-05-24,4
13,2025-04-26,2025-05-03,1,24.73401641845703,18.976215362548828,23.343294143676758,24.73401641845703,43.36194610595703,60.21701431274414,log,2025-04-26,2025-05-03,1
13,2025-04-26,2025-05-10,2,26.26495933532715,7.869340896606445,15.370344161987305,26.26495933532715,33.34326171875,42.270973205566406,log,2025-04-26,2025-05-10,2
13,2025-04-26,2025-05-17,3,16.5789737701416,4.072264671325684,9.401994705200195,16.5789737701416,23.75351905822754,43.45406723022461,log,2025-04-26,2025-05-17,3
13,2025-04-26,2025-05-24,4,10.794645309448242,2.292433738708496,6.994228363037109,10.794645309448242,23.259775161743164,33.406768798828125,log,2025-04-26,2025-05-24,4
15,2025-04-26,2025-05-03,1,15.286703109741211,9.270652770996094,12.51877498626709,15.286703109741211,21.734384536743164,41.67327880859375,log,2025-04-26,2025-05-03,1
15,2025-04-26,2025-05-10,2,11.802294731140137,5.318361759185791,8.495733261108398,11.802294731140137,18.29206657409668,38.9017333984375,log,2025-04-26,2025-05-10,2
15,2025-04-26,2025-05-17,3,9.919988632202148,3.216154098510742,5.301804542541504,9.919988632202148,14.674824714660645,32.4386100769043,log,2025-04-26,2025-05-17,3
15,2025-04-26,2025-05-24,4,5.727893352508545,1.5408953428268433,2.971595048904419,5.727893352508545,10.0970458984375,30.337730407714844,log,2025-04-26,2025-05-24,4
16,2025-04-26,2025-05-03,1,11.83890151977539,6.446561813354492,10.268770217895508,11.83890151977539,14.719937324523926,27.40057373046875,log,2025-04-26,2025-05-03,1
16,2025-04-26,2025-05-10,2,9.218947410583496,3.3196425437927246,4.8627424240112305,9.218947410583496,12.26216983795166,30.065832138061523,log,2025-04-26,2025-05-10,2
16,2025-04-26,2025-05-17,3,8.269768714904785,1.1763015985488892,3.0682425498962402,8.269768714904785,10.161797523498535,27.422330856323242,log,2025-04-26,2025-05-17,3
16,2025-04-26,2025-05-24,4,4.319080829620361,0.4857412874698639,2.2806882858276367,4.319080829620361,7.866459369659424,24.33845329284668,log,2025-04-26,2025-05-24,4
17,2025-04-26,2025-05-03,1,86.9035873413086,67.87557983398438,82.32698059082031,86.9035873413086,94.26800537109375,122.08290100097656,log,2025-04-26,2025-05-03,1
17,2025-04-26,2025-05-10,2,77.37055206298828,40.76950454711914,48.521488189697266,77.37055206298828,82.28888702392578,116.26924133300781,log,2025-04-26,2025-05-10,2
17,2025-04-26,2025-05-17,3,46.434383392333984,19.284791946411133,30.107086181640625,46.434383392333984,70.34661865234375,108.92288208007812,log,2025-04-26,2025-05-17,3
17,2025-04-26,2025-05-24,4,35.279083251953125,14.800457000732422,22.34605598449707,35.279083251953125,61.171852111816406,87.64669036865234,log,2025-04-26,2025-05-24,4
18,2025-04-26,2025-05-03,1,25.95441246032715,16.55402374267578,23.985641479492188,25.95441246032715,31.87187385559082,59.834564208984375,log,2025-04-26,2025-05-03,1
18,2025-04-26,2025-05-10,2,20.31844139099121,6.189113616943359,11.439494132995605,20.31844139099121,28.202009201049805,43.191532135009766,log,2025-04-26,2025-05-10,2
18,2025-04-26,2025-05-17,3,12.332793235778809,3.8728115558624268,9.129143714904785,12.332793235778809,22.1373233795166,39.55757522583008,log,2025-04-26,2025-05-17,3
18,2025-04-26,2025-05-24,4,10.866325378417969,1.4836947917938232,5.230656623840332,10.866325378417969,21.414308547973633,34.46665573120117,log,2025-04-26,2025-05-24,4
19,2025-04-26,2025-05-03,1,8.764824867248535,4.2,6.929695129394531,8.764824867248535,11.790472984313965,30.322961807250977,log,2025-04-26,2025-05-03,1
19,2025-04-26,2025-05-10,2,8.81368637084961,1.5790172815322876,3.5000946521759033,8.81368637084961,11.018084526062012,28.259511947631836,log,2025-04-26,2025-05-10,2
19,2025-04-26,2025-05-17,3,5.979393005371094,0.4263346791267395,2.2196807861328125,5.979393005371094,9.003138542175293,23.89788055419922,log,2025-04-26,2025-05-17,3
19,2025-04-26,2025-05-24,4,4.861178874969482,0.16957740485668182,1.4684679508209229,4.861178874969482,7.1880412101745605,22.303668975830078,log,2025-04-26,2025-05-24,4
20,2025-04-26,2025-05-03,1,8.430534362792969,3.8863258361816406,5.196502208709717,8.430534362792969,8.877472877502441,23.233219146728516,log,2025-04-26,2025-05-03,1
20,2025-04-26,2025-05-10,2,5.387731552124023,1.7805882692337036,3.2404978275299072,5.387731552124023,7.140837669372559,22.42170524597168,log,2025-04-26,2025-05-10,2
20,2025-04-26,2025-05-17,3,4.597596645355225,0.7082696557044983,2.1697709560394287,4.597596645355225,5.583469390869141,19.52057647705078,log,2025-04-26,2025-05-17,3
20,2025-04-26,2025-05-24,4,3.776888370513916,0.18060876429080963,0.9281562566757202,3.776888370513916,5.016102313995361,17.75193214416504,log,2025-04-26,2025-05-24,4
21,2025-04-26,2025-05-03,1,19.74698829650879,12.617104530334473,15.76358699798584,19.74698829650879,28.852357864379883,57.5058708190918,log,2025-04-26,2025-05-03,1
21,2025-04-26,2025-05-10,2,15.538211822509766,4.707152366638184,8.901046752929688,15.538211822509766,22.1589412689209,36.215484619140625,log,2025-04-26,2025-05-10,2
21,2025-04-26,2025-05-17,3,9.99629020690918,2.7416391372680664,6.6266279220581055,9.99629020690918,16.880834579467773,35.43010711669922,log,2025-04-26,2025-05-17,3
21,2025-04-26,2025-05-24,4,7.7876176834106445,1.162116289138794,4.350915431976318,7.7876176834106445,15.445218086242676,31.5958194732666,log,2025-04-26,2025-05-24,4
22,2025-04-26,2025-05-03,1,42.30398941040039,26.637758255004883,36.89985656738281,42.30398941040039,49.511531829833984,77.74874877929688,log,2025-04-26,2025-05-03,1
22,2025-04-26,2025-05-10,2,26.60835838317871,14.452676773071289,20.462522506713867,26.60835838317871,38.99694061279297,59.29570007324219,log,2025-04-26,2025-05-10,2
22,2025-04-26,2025-05-17,3,22.642486572265625,3.9022228717803955,9.650931358337402,22.642486572265625,23.193910598754883,58.99665451049805,log,2025-04-26,2025-05-17,3
22,2025-04-26,2025-05-24,4,13.414079666137695,2.5856447219848633,6.626713275909424,13.414079666137695,21.685300827026367,47.82296371459961,log,2025-04-26,2025-05-24,4
23,2025-04-26,2025-05-03,1,10.857549667358398,4.8829803466796875,7.224801063537598,10.857549667358398,13.091707229614258,30.45357894897461,log,2025-04-26,2025-05-03,1
23,2025-04-26,2025-05-10,2,7.501898765563965,2.6555442810058594,4.666232585906982,7.501898765563965,11.445866584777832,29.428197860717773,log,2025-04-26,2025-05-10,2
23,2025-04-26,2025-05-17,3,4.820493221282959,0.8757343888282776,1.9644255638122559,4.820493221282959,8.804950714111328,25.103893280029297,log,2025-04-26,2025-05-17,3
23,2025-04-26,2025-05-24,4,2.4150047302246094,0.22331225872039795,1.0772563219070435,2.4150047302246094,7.369729995727539,22.824867248535156,log,2025-04-26,2025-05-24,4
24,2025-04-26,2025-05-03,1,26.90819549560547,20.553752899169922,26.300662994384766,26.90819549560547,38.1031608581543,58.429298400878906,log,2025-04-26,2025-05-03,1
24,2025-04-26,2025-05-10,2,23.405609130859375,7.126425266265869,15.126100540161133,23.405609130859375,29.12266731262207,47.48906707763672,log,2025-04-26,2025-05-10,2
24,2025-04-26,2025-05-17,3,14.288578987121582,2.794848918914795,8.230816841125488,14.288578987121582,22.280494689941406,44.31978988647461,log,2025-04-26,2025-05-17,3
24,2025-04-26,2025-05-24,4,9.247621536254883,1.6645901203155518,4.274115085601807,9.247621536254883,22.873323440551758,37.681488037109375,log,2025-04-26,2025-05-24,4
25,2025-04-26,2025-05-03,1,59.951316833496094,44.67665481567383,52.433780670166016,59.951316833496094,73.43494415283203,94.52861785888672,log,2025-04-26,2025-05-03,1
25,2025-04-26,2025-05-10,2,49.89004135131836,28.248310089111328,30.429779052734375,49.89004135131836,60.703941345214844,82.40959167480469,log,2025-04-26,2025-05-10,2
25,2025-04-26,2025-05-17,3,34.0042610168457,14.82481861114502,21.45240592956543,34.0042610168457,43.162906646728516,70.56127166748047,log,2025-04-26,2025-05-17,3
25,2025-04-26,2025-05-24,4,26.510784149169922,10.572609901428223,13.216265678405762,26.510784149169922,42.795589447021484,64.88237762451172,log,2025-04-26,2025-05-24,4
26,2025-04-26,2025-05-03,1,64.97124481201172,58.93758010864258,63.74808120727539,64.97124481201172,94.1739730834961,114.90814971923828,log,2025-04-26,2025-05-03,1
26,2025-04-26,2025-05-10,2,59.51544189453125,36.62318420410156,41.25827407836914,59.51544189453125,62.314369201660156,110.06852722167969,log,2025-04-26,2025-05-10,2
26,2025-04-26,2025-05-17,3,33.733219146728516,15.255043983459473,22.762290954589844,33.733219146728516,63.12301254272461,102.14635467529297,log,2025-04-26,2025-05-17,3
26,2025-04-26,2025-05-24,4,23.942655563354492,9.464639663696289,17.133207321166992,23.942655563354492,47.77978515625,89.32503509521484,log,2025-04-26,2025-05-24,4
27,2025-04-26,2025-05-03,1,19.821645736694336,10.13248348236084,17.634794235229492,19.821645736694336,28.297529220581055,42.09566879272461,log,2025-04-26,2025-05-03,1
27,2025-04-26,2025-05-10,2,13.380800247192383,7.273158550262451,10.645047187805176,13.380800247192383,22.45405387878418,34.81059265136719,log,2025-04-26,2025-05-10,2
27,2025-04-26,2025-05-17,3,9.803729057312012,3.403252363204956,7.645778179168701,9.803729057312012,17.746652603149414,28.061771392822266,log,2025-04-26,2025-05-17,3
27,2025-04-26,2025-05-24,4,6.572451114654541,0.9736309051513672,3.3714945316314697,6.572451114654541,14.74427604675293,24.111160278320312,log,2025-04-26,2025-05-24,4
28,2025-04-26,2025-05-03,1,14.8936767578125,9.596524238586426,13.856148719787598,14.8936767578125,20.58342933654785,34.651092529296875,log,2025-04-26,2025-05-03,1
28,2025-04-26,2025-05-10,2,10.457728385925293,4.016948699951172,7.376613140106201,10.457728385925293,17.530916213989258,30.25518798828125,log,2025-04-26,2025-05-10,2
28,2025-04-26,2025-05-17,3,6.909887313842773,3.116795063018799,4.063868045806885,6.909887313842773,13.23901653289795,27.096847534179688,log,2025-04-26,2025-05-17,3
28,2025-04-26,2025-05-24,4,5.977959632873535,0.7947826981544495,3.0588793754577637,5.977959632873535,10.992841720581055,26.006664276123047,log,2025-04-26,2025-05-24,4
29,2025-04-26,2025-05-03,1,47.28844451904297,37.95610809326172,46.367706298828125,47.28844451904297,68.917724609375,72.3951187133789,log,2025-04-26,2025-05-03,1
29,2025-04-26,2025-05-10,2,38.020503997802734,21.472097396850586,24.349966049194336,38.020503997802734,53.139862060546875,61.917884826660156,log,2025-04-26,2025-05-10,2
29,2025-04-26,2025-05-17,3,26.753597259521484,8.639448165893555,16.537479400634766,26.753597259521484,38.920867919921875,62.702232360839844,log,2025-04-26,2025-05-17,3
29,2025-04-26,2025-05-24,4,18.526968002319336,6.997177600860596,11.687880516052246,18.526968002319336,34.06792068481445,59.51775360107422,log,2025-04-26,2025-05-24,4
30,2025-04-26,2025-05-03,1,7.0334577560424805,3.3,5.662508487701416,7.0334577560424805,10.271796226501465,25.119949340820312,log,2025-04-26,2025-05-03,1
30,2025-04-26,2025-05-10,2,4.751783847808838,0.9404999999999999,2.6495933532714844,4.751783847808838,6.339838027954102,25.10597801208496,log,2025-04-26,2025-05-10,2
30,2025-04-26,2025-05-17,3,3.1771066188812256,0.2814877927303314,1.4706376791000366,3.1771066188812256,6.791202545166016,21.101835250854492,log,2025-04-26,2025-05-17,3
30,2025-04-26,2025-05-24,4,1.6726559400558472,0.07177938520908356,0.6483452320098877,1.6726559400558472,4.396583557128906,21.730833053588867,log,2025-04-26,2025-05-24,4
31,2025-04-26,2025-05-03,1,7.765414237976074,3.5999999999999996,5.3611555099487305,7.765414237976074,11.418120384216309,21.60445213317871,log,2025-04-26,2025-05-03,1
31,2025-04-26,2025-05-10,2,6.10064172744751,2.158945083618164,2.6723124980926514,6.10064172744751,8.017195701599121,18.72686195373535,log,2025-04-26,2025-05-10,2
31,2025-04-26,2025-05-17,3,5.141806602478027,0.582915186882019,1.8146461248397827,5.141806602478027,7.57533073425293,22.4150390625,log,2025-04-26,2025-05-17,3
31,2025-04-26,2025-05-24,4,2.901216983795166,0.1486433744430542,1.088447093963623,2.901216983795166,6.054532051086426,21.517194747924805,log,2025-04-26,2025-05-24,4
32,2025-04-26,2025-05-03,1,21.744754791259766,11.830572128295898,18.334129333496094,21.744754791259766,30.578506469726562,47.20549392700195,log,2025-04-26,2025-05-03,1
32,2025-04-26,2025-05-10,2,16.356874465942383,7.192015171051025,10.683045387268066,16.356874465942383,24.11408805847168,40.76716613769531,log,2025-04-26,2025-05-10,2
32,2025-04-26,2025-05-17,3,11.264399528503418,3.7268950939178467,7.353488445281982,11.264399528503418,17.84830665588379,38.24388122558594,log,2025-04-26,2025-05-17,3
32,2025-04-26,2025-05-24,4,7.30108642578125,1.5054922103881836,4.1700615882873535,7.30108642578125,13.692328453063965,34.320343017578125,log,2025-04-26,2025-05-24,4
33,2025-04-26,2025-05-03,1,6.3063201904296875,2.6999999999999997,5.462836742401123,6.3063201904296875,8.829341888427734,20.946304321289062,log,2025-04-26,2025-05-03,1
33,2025-04-26,2025-05-10,2,4.338860034942627,0.9470221996307373,2.6770451068878174,4.338860034942627,5.846185684204102,18.905981063842773,log,2025-04-26,2025-05-10,2
33,2025-04-26,2025-05-17,3,3.459259510040283,0.25569599866867065,1.4780631065368652,3.459259510040283,4.936083793640137,18.649776458740234,log,2025-04-26,2025-05-17,3
33,2025-04-26,2025-05-24,4,1.6474697589874268,0.06520248204469681,0.48781535029411316,1.6474697589874268,3.760932445526123,17.887996673583984,log,2025-04-26,2025-05-24,4
34,2025-04-26,2025-05-03,1,45.7306022644043,35.70568084716797,41.53205108642578,45.7306022644043,61.73304748535156,88.80919647216797,log,2025-04-26,2025-05-03,1
34,2025-04-26,2025-05-10,2,37.25034713745117,25.87424659729004,27.397262573242188,37.25034713745117,51.7524528503418,73.90786743164062,log,2025-04-26,2025-05-10,2
34,2025-04-26,2025-05-17,3,21.98353385925293,10.290037155151367,16.2689208984375,21.98353385925293,36.84089660644531,59.37300491333008,log,2025-04-26,2025-05-17,3
34,2025-04-26,2025-05-24,4,19.618940353393555,7.364595413208008,13.622530937194824,19.618940353393555,33.980690002441406,56.92222213745117,log,2025-04-26,2025-05-24,4
35,2025-04-26,2025-05-03,1,27.548603057861328,13.591361999511719,20.68933868408203,27.548603057861328,34.441925048828125,50.49612808227539,log,2025-04-26,2025-05-03,1
35,2025-04-26,2025-05-10,2,18.778287887573242,7.791635036468506,12.778800964355469,18.778287887573242,25.645084381103516,41.906494140625,log,2025-04-26,2025-05-10,2
35,2025-04-26,2025-05-17,3,13.819704055786133,4.306225776672363,6.7215447425842285,13.819704055786133,19.14934730529785,40.55671691894531,log,2025-04-26,2025-05-17,3
35,2025-04-26,2025-05-24,4,8.382650375366211,1.9624300003051758,4.9657721519470215,8.382650375366211,15.122183799743652,32.9042854309082,log,2025-04-26,2025-05-24,4
36,2025-04-26,2025-05-03,1,172.3793182373047,116.80481719970703,153.71356201171875,172.3793182373047,183.4287567138672,186.96121215820312,log,2025-04-26,2025-05-03,1
36,2025-04-26,2025-05-10,2,135.05467224121094,81.82274627685547,87.43011474609375,135.05467224121094,138.18206787109375,156.30484008789062,log,2025-04-26,2025-05-10,2
36,2025-04-26,2025-05-17,3,61.668853759765625,28.154203414916992,46.100067138671875,61.668853759765625,81.20361328125,133.7936553955078,log,2025-04-26,2025-05-17,3
36,2025-04-26,2025-05-24,4,55.14554977416992,14.232246398925781,35.129451751708984,55.14554977416992,73.20707702636719,112.76236724853516,log,2025-04-26,2025-05-24,4
37,2025-04-26,2025-05-03,1,29.46652603149414,16.215320587158203,23.240633010864258,29.46652603149414,38.745384216308594,67.03155517578125,log,2025-04-26,2025-05-03,1
37,2025-04-26,2025-05-10,2,23.42499351501465,5.060788631439209,11.462764739990234,23.42499351501465,27.31281089782715,44.62849044799805,log,2025-04-26,2025-05-10,2
37,2025-04-26,2025-05-17,3,12.31796932220459,2.7075538635253906,7.296579360961914,12.31796932220459,21.31561279296875,44.90959930419922,log,2025-04-26,2025-05-17,3
37,2025-04-26,2025-05-24,4,8.763358116149902,1.4516278505325317,5.55180025100708,8.763358116149902,23.421401977539062,40.10057067871094,log,2025-04-26,2025-05-24,4
38,2025-04-26,2025-05-03,1,7.803057670593262,3.5246682167053223,4.920452117919922,7.803057670593262,12.19313907623291,22.48550796508789,log,2025-04-26,2025-05-03,1
38,2025-04-26,2025-05-10,2,6.003968715667725,1.7176268100738525,2.3118529319763184,6.003968715667725,8.642662048339844,19.901519775390625,log,2025-04-26,2025-05-10,2
38,2025-04-26,2025-05-17,3,4.592015743255615,0.8462322950363159,1.335787057876587,4.592015743255615,7.497256278991699,22.422128677368164,log,2025-04-26,2025-05-17,3
38,2025-04-26,2025-05-24,4,2.8863518238067627,0.21578922867774963,0.8036662340164185,2.8863518238067627,5.781575679779053,22.985984802246094,log,2025-04-26,2025-05-24,4
39,2025-04-26,2025-05-03,1,53.638465881347656,42.71550369262695,51.45684051513672,53.638465881347656,74.80664825439453,91.68235778808594,log,2025-04-26,2025-05-03,1
39,2025-04-26,2025-05-10,2,45.91203308105469,27.86829948425293,28.0127010345459,45.91203308105469,49.576507568359375,81.09275817871094,log,2025-04-26,2025-05-10,2
39,2025-04-26,2025-05-17,3,26.426668167114258,13.4077787399292,21.67716407775879,26.426668167114258,38.55048370361328,65.31024932861328,log,2025-04-26,2025-05-17,3
39,2025-04-26,2025-05-24,4,25.28374481201172,7.29703426361084,17.14476203918457,25.28374481201172,41.41466522216797,64.66909790039062,log,2025-04-26,2025-05-24,4
40,2025-04-26,2025-05-03,1,14.125041961669922,6.578995227813721,9.045206069946289,14.125041961669922,17.692176818847656,33.92765426635742,log,2025-04-26,2025-05-03,1
40,2025-04-26,2025-05-10,2,9.51405143737793,5.501800537109375,5.831756114959717,9.51405143737793,14.289935111999512,32.47992706298828,log,2025-04-26,2025-05-10,2
40,2025-04-26,2025-05-17,3,8.377717018127441,2.0442252159118652,4.311230659484863,8.377717018127441,13.686613082885742,27.960613250732422,log,2025-04-26,2025-05-17,3
40,2025-04-26,2025-05-24,4,6.814367294311523,0.7895705103874207,2.56691837310791,6.814367294311523,11.174932479858398,26.218708038330078,log,2025-04-26,2025-05-24,4
41,2025-04-26,2025-05-03,1,22.05875587463379,10.816056251525879,18.872730255126953,22.05875587463379,30.553024291992188,50.199119567871094,log,2025-04-26,2025-05-03,1
41,2025-04-26,2025-05-10,2,15.663440704345703,5.112313747406006,10.862130165100098,15.663440704345703,26.960176467895508,43.217037200927734,log,2025-04-26,2025-05-10,2
41,2025-04-26,2025-05-17,3,13.1419677734375,2.743584394454956,6.622661113739014,13.1419677734375,18.15523338317871,37.35848617553711,log,2025-04-26,2025-05-17,3
41,2025-04-26,2025-05-24,4,10.280278205871582,0.9708039164543152,4.483969688415527,10.280278205871582,14.330080032348633,33.32115936279297,log,2025-04-26,2025-05-24,4
42,2025-04-26,2025-05-03,1,380.8705749511719,142.2,325.1781311035156,380.8705749511719,472.79339599609375,533.0303955078125,log,2025-04-26,2025-05-03,1
42,2025-04-26,2025-05-10,2,242.24497985839844,83.8448715209961,182.18060302734375,242.24497985839844,407.63726806640625,464.8215637207031,log,2025-04-26,2025-05-10,2
42,2025-04-26,2025-05-17,3,153.54029846191406,53.405174255371094,110.60456848144531,153.54029846191406,278.6401062011719,358.947509765625,log,2025-04-26,2025-05-17,3
42,2025-04-26,2025-05-24,4,137.66549682617188,25.53401756286621,70.52224731445312,137.66549682617188,199.36656188964844,247.16737365722656,log,2025-04-26,2025-05-24,4
44,2025-04-26,2025-05-03,1,3.735584259033203,1.2,2.7955827713012695,3.735584259033203,6.278215408325195,17.842079162597656,log,2025-04-26,2025-05-03,1
44,2025-04-26,2025-05-10,2,2.042882204055786,0.34199999999999997,1.1181938648223877,2.042882204055786,4.007388591766357,16.699596405029297,log,2025-04-26,2025-05-10,2
44,2025-04-26,2025-05-17,3,1.8124029636383057,0.09233999999999999,0.515451967716217,1.8124029636383057,2.590562105178833,16.979623794555664,log,2025-04-26,2025-05-17,3
44,2025-04-26,2025-05-24,4,1.3633347749710083,0.023546699999999997,0.22655434906482697,1.3633347749710083,3.1856977939605713,15.424357414245605,log,2025-04-26,2025-05-24,4
45,2025-04-26,2025-05-03,1,21.5013484954834,10.615787506103516,16.84605598449707,21.5013484954834,29.29741668701172,52.40928649902344,log,2025-04-26,2025-05-03,1
45,2025-04-26,2025-05-10,2,16.631092071533203,6.473890781402588,11.171783447265625,16.631092071533203,26.675844192504883,40.443485260009766,log,2025-04-26,2025-05-10,2
45,2025-04-26,2025-05-17,3,11.368974685668945,2.963745355606079,7.1313886642456055,11.368974685668945,18.2113094329834,39.50760269165039,log,2025-04-26,2025-05-17,3
45,2025-04-26,2025-05-24,4,10.205409049987793,1.3278071880340576,4.831829071044922,10.205409049987793,16.289775848388672,32.725830078125,log,2025-04-26,2025-05-24,4
46,2025-04-26,2025-05-03,1,5.000648021697998,2.4,3.80975341796875,5.000648021697998,7.489830493927002,15.427709579467773,log,2025-04-26,2025-05-03,1
46,2025-04-26,2025-05-10,2,5.129587650299072,0.9590874910354614,2.9290502071380615,5.129587650299072,5.947330474853516,14.819801330566406,log,2025-04-26,2025-05-10,2
46,2025-04-26,2025-05-17,3,3.209489345550537,0.6781179308891296,1.494585633277893,3.209489345550537,5.183102130889893,16.521326065063477,log,2025-04-26,2025-05-17,3
46,2025-04-26,2025-05-24,4,2.2615766525268555,0.17292006313800812,0.7287794351577759,2.2615766525268555,4.173631191253662,15.985940933227539,log,2025-04-26,2025-05-24,4
47,2025-04-26,2025-05-03,1,44.003360748291016,20.989896774291992,36.31719970703125,44.003360748291016,56.9239616394043,76.94744110107422,log,2025-04-26,2025-05-03,1
47,2025-04-26,2025-05-10,2,25.683826446533203,11.576665878295898,15.769702911376953,25.683826446533203,39.92424392700195,60.051700592041016,log,2025-04-26,2025-05-10,2
47,2025-04-26,2025-05-17,3,20.174564361572266,5.605375289916992,12.376860618591309,20.174564361572266,31.090980529785156,63.46628952026367,log,2025-04-26,2025-05-17,3
47,2025-04-26,2025-05-24,4,19.851228713989258,4.380091190338135,9.295461654663086,19.851228713989258,32.24789810180664,50.625858306884766,log,2025-04-26,2025-05-24,4
48,2025-04-26,2025-05-03,1,195.00245666503906,118.55086517333984,161.6563262939453,195.00245666503906,199.95587158203125,218.76966857910156,log,2025-04-26,2025-05-03,1
48,2025-04-26,2025-05-10,2,148.89976501464844,74.87084197998047,111.16250610351562,148.89976501464844,166.17050170898438,169.53414916992188,log,2025-04-26,2025-05-10,2
48,2025-04-26,2025-05-17,3,90.17321014404297,38.00687026977539,62.555171966552734,90.17321014404297,101.24571990966797,151.71282958984375,log,2025-04-26,2025-05-17,3
48,2025-04-26,2025-05-24,4,72.77167510986328,18.939685821533203,43.734500885009766,72.77167510986328,99.07198333740234,125.07511138916016,log,2025-04-26,2025-05-24,4
49,2025-04-26,2025-05-03,1,13.10749340057373,8.381954193115234,13.07670783996582,13.10749340057373,17.101545333862305,32.02923583984375,log,2025-04-26,2025-05-03,1
49,2025-04-26,2025-05-10,2,10.637811660766602,2.985945224761963,6.278697967529297,10.637811660766602,14.295269012451172,31.52198028564453,log,2025-04-26,2025-05-10,2
49,2025-04-26,2025-05-17,3,6.863792419433594,1.6495963335037231,3.98038649559021,6.863792419433594,10.171613693237305,25.537731170654297,log,2025-04-26,2025-05-17,3
49,2025-04-26,2025-05-24,4,5.129194259643555,0.4206470549106598,2.079880475997925,5.129194259643555,9.520024299621582,23.484657287597656,log,2025-04-26,2025-05-24,4
50,2025-04-26,2025-05-03,1,7.9335713386535645,3.9,4.854862213134766,7.9335713386535645,10.06999397277832,26.288143157958984,log,2025-04-26,2025-05-03,1
50,2025-04-26,2025-05-10,2,5.634117126464844,1.1115,2.944901466369629,5.634117126464844,7.852473735809326,24.920259475708008,log,2025-04-26,2025-05-10,2
50,2025-04-26,2025-05-17,3,3.916578531265259,0.501518189907074,1.6356775760650635,3.916578531265259,6.125542640686035,22.395061492919922,log,2025-04-26,2025-05-17,3
50,2025-04-26,2025-05-24,4,3.0381436347961426,0.12788712978363037,0.8687669634819031,3.0381436347961426,5.000550746917725,21.13515853881836,log,2025-04-26,2025-05-24,4
51,2025-04-26,2025-05-03,1,37.6019172668457,17.185836791992188,26.752544403076172,37.6019172668457,46.392974853515625,67.4859619140625,log,2025-04-26,2025-05-03,1
51,2025-04-26,2025-05-10,2,24.513683319091797,7.5496368408203125,13.732059478759766,24.513683319091797,38.4169921875,50.2627067565918,log,2025-04-26,2025-05-10,2
51,2025-04-26,2025-05-17,3,15.54635238647461,4.215117454528809,11.351496696472168,15.54635238647461,29.443603515625,48.71090316772461,log,2025-04-26,2025-05-17,3
51,2025-04-26,2025-05-24,4,16.142934799194336,3.2283811569213867,7.592570781707764,16.142934799194336,33.29132080078125,47.8053092956543,log,2025-04-26,2025-05-24,4
53,2025-04-26,2025-05-03,1,26.46385383605957,15.631720542907715,22.901880264282227,26.46385383605957,34.86294174194336,56.31976318359375,log,2025-04-26,2025-05-03,1
53,2025-04-26,2025-05-10,2,19.80027961730957,8.771178245544434,12.47334098815918,19.80027961730957,33.90660095214844,42.34735107421875,log,2025-04-26,2025-05-10,2
53,2025-04-26,2025-05-17,3,16.549467086791992,3.3779022693634033,9.033927917480469,16.549467086791992,23.414566040039062,39.584678649902344,log,2025-04-26,2025-05-17,3
53,2025-04-26,2025-05-24,4,14.174149513244629,1.5108513832092285,6.204777240753174,14.174149513244629,19.683483123779297,33.588844299316406,log,2025-04-26,2025-05-24,4
54,2025-04-26,2025-05-03,1,12.353015899658203,5.3999999999999995,9.090972900390625,12.353015899658203,16.0568904876709,33.50571823120117,log,2025-04-26,2025-05-03,1
54,2025-04-26,2025-05-10,2,7.782783508300781,1.9106169939041138,5.439968585968018,7.782783508300781,11.58036994934082,26.78521156311035,log,2025-04-26,2025-05-10,2
54,2025-04-26,2025-05-17,3,4.657166957855225,1.621024250984192,3.5859122276306152,4.657166957855225,11.653082847595215,23.95514678955078,log,2025-04-26,2025-05-17,3
54,2025-04-26,2025-05-24,4,3.9597115516662598,0.41336116194725037,2.4184679985046387,3.9597115516662598,9.289226531982422,21.65361785888672,log,2025-04-26,2025-05-24,4
55,2025-04-26,2025-05-03,1,22.65561866760254,10.085894584655762,17.63115119934082,22.65561866760254,29.286771774291992,50.415931701660156,log,2025-04-26,2025-05-03,1
55,2025-04-26,2025-05-10,2,17.390356063842773,6.7186384201049805,10.643342971801758,17.390356063842773,26.671152114868164,40.18600082397461,log,2025-04-26,2025-05-10,2
55,2025-04-26,2025-05-17,3,11.327255249023438,3.0313448905944824,7.786444664001465,11.327255249023438,16.831188201904297,40.54547119140625,log,2025-04-26,2025-05-17,3
55,2025-04-26,2025-05-24,4,11.577289581298828,1.0709439516067505,4.631448268890381,11.577289581298828,16.621721267700195,34.26721954345703,log,2025-04-26,2025-05-24,4
56,2025-04-26,2025-05-03,1,3.502603769302368,1.7999999999999998,2.0674355030059814,3.502603769302368,5.938116550445557,13.990269660949707,log,2025-04-26,2025-05-03,1
56,2025-04-26,2025-05-10,2,1.8138647079467773,0.5129999999999999,1.3214579820632935,1.8138647079467773,3.6834664344787598,16.3217716217041,log,2025-04-26,2025-05-10,2
56,2025-04-26,2025-05-17,3,1.2429002523422241,0.13851,0.577036440372467,1.2429002523422241,2.91156005859375,16.193702697753906,log,2025-04-26,2025-05-17,3
56,2025-04-26,2025-05-24,4,0.5856477618217468,0.03532005,0.14714428782463074,0.5856477618217468,1.7998268604278564,13.822470664978027,log,2025-04-26,2025-05-24,4
72,2025-04-26,2025-05-03,1,112.66287231445312,78.95084381103516,99.33932495117188,112.66287231445312,157.16354370117188,187.93833923339844,log,2025-04-26,2025-05-03,1
72,2025-04-26,2025-05-10,2,86.5068359375,49.302371978759766,59.533538818359375,86.5068359375,128.79339599609375,178.2445831298828,log,2025-04-26,2025-05-10,2
72,2025-04-26,2025-05-17,3,60.00950241088867,25.997594833374023,37.01968002319336,60.00950241088867,94.65533447265625,130.0649871826172,log,2025-04-26,2025-05-17,3
72,2025-04-26,2025-05-24,4,51.040279388427734,13.806174278259277,25.00342559814453,51.040279388427734,68.37378692626953,104.50724792480469,log,2025-04-26,2025-05-24,4
US,2025-04-26,2025-05-03,1,1112.97802734375,993.0,993.0,1112.97802734375,1259.11767578125,1607.4482421875,log,2025-04-26,2025-05-03,1
US,2025-04-26,2025-05-10,2,747.2739868164062,283.005,478.0502014160156,747.2739868164062,876.4073486328125,1149.88818359375,log,2025-04-26,2025-05-10,2
US,2025-04-26,2025-05-17,3,378.1733703613281,76.41135,241.5354766845703,378.1733703613281,655.6102294921875,835.4697265625,log,2025-04-26,2025-05-17,3
US,2025-04-26,2025-05-24,4,363.5511474609375,23.94785499572754,213.4744873046875,363.5511474609375,556.0171508789062,729.3727416992188,log,2025-04-26,2025-05-24,4
