location,cutoff_date,forecast_date,forecast_week,forecast
01,2024-11-02,2024-11-09,1,19.08958625793457
01,2024-11-02,2024-11-16,2,31.256555557250977
01,2024-11-02,2024-11-23,3,50.577423095703125
01,2024-11-02,2024-11-30,4,78.1641845703125
02,2024-11-02,2024-11-09,1,8.546826362609863
02,2024-11-02,2024-11-16,2,14.4573974609375
02,2024-11-02,2024-11-23,3,29.04310417175293
02,2024-11-02,2024-11-30,4,27.249361038208008
04,2024-11-02,2024-11-09,1,176.32635498046875
04,2024-11-02,2024-11-16,2,289.3383483886719
04,2024-11-02,2024-11-23,3,262.33001708984375
04,2024-11-02,2024-11-30,4,710.7572021484375
05,2024-11-02,2024-11-09,1,9.27158260345459
05,2024-11-02,2024-11-16,2,26.739530563354492
05,2024-11-02,2024-11-23,3,31.589759826660156
05,2024-11-02,2024-11-30,4,30.37383460998535
06,2024-11-02,2024-11-09,1,170.8534698486328
06,2024-11-02,2024-11-16,2,265.774658203125
06,2024-11-02,2024-11-23,3,409.81842041015625
06,2024-11-02,2024-11-30,4,508.1724853515625
08,2024-11-02,2024-11-09,1,32.10824203491211
08,2024-11-02,2024-11-16,2,58.33366775512695
08,2024-11-02,2024-11-23,3,86.80878448486328
08,2024-11-02,2024-11-30,4,112.47607421875
09,2024-11-02,2024-11-09,1,13.88426399230957
09,2024-11-02,2024-11-16,2,24.6058292388916
09,2024-11-02,2024-11-23,3,30.43914222717285
09,2024-11-02,2024-11-30,4,37.585147857666016
10,2024-11-02,2024-11-09,1,4.262923240661621
10,2024-11-02,2024-11-16,2,9.760343551635742
10,2024-11-02,2024-11-23,3,15.277342796325684
10,2024-11-02,2024-11-30,4,20.33405303955078
11,2024-11-02,2024-11-09,1,11.981609344482422
11,2024-11-02,2024-11-16,2,9.221232414245605
11,2024-11-02,2024-11-23,3,15.436789512634277
11,2024-11-02,2024-11-30,4,21.746280670166016
12,2024-11-02,2024-11-09,1,180.55859375
12,2024-11-02,2024-11-16,2,256.99786376953125
12,2024-11-02,2024-11-23,3,360.52606201171875
12,2024-11-02,2024-11-30,4,512.4956665039062
13,2024-11-02,2024-11-09,1,25.520442962646484
13,2024-11-02,2024-11-16,2,36.782222747802734
13,2024-11-02,2024-11-23,3,61.98731994628906
13,2024-11-02,2024-11-30,4,98.0687026977539
15,2024-11-02,2024-11-09,1,4.949556827545166
15,2024-11-02,2024-11-16,2,10.298203468322754
15,2024-11-02,2024-11-23,3,17.26170539855957
15,2024-11-02,2024-11-30,4,25.178730010986328
16,2024-11-02,2024-11-09,1,4.240290641784668
16,2024-11-02,2024-11-16,2,11.97400951385498
16,2024-11-02,2024-11-23,3,25.23609733581543
16,2024-11-02,2024-11-30,4,28.89419937133789
17,2024-11-02,2024-11-09,1,35.102210998535156
17,2024-11-02,2024-11-16,2,64.18851470947266
17,2024-11-02,2024-11-23,3,109.21685791015625
17,2024-11-02,2024-11-30,4,150.3811492919922
18,2024-11-02,2024-11-09,1,23.938169479370117
18,2024-11-02,2024-11-16,2,36.0989875793457
18,2024-11-02,2024-11-23,3,52.32646179199219
18,2024-11-02,2024-11-30,4,90.01434326171875
19,2024-11-02,2024-11-09,1,6.576197147369385
19,2024-11-02,2024-11-16,2,14.234259605407715
19,2024-11-02,2024-11-23,3,22.89653968811035
19,2024-11-02,2024-11-30,4,31.171510696411133
20,2024-11-02,2024-11-09,1,14.997023582458496
20,2024-11-02,2024-11-16,2,25.718290328979492
20,2024-11-02,2024-11-23,3,50.12344741821289
20,2024-11-02,2024-11-30,4,87.77568054199219
21,2024-11-02,2024-11-09,1,10.74431324005127
21,2024-11-02,2024-11-16,2,18.10388946533203
21,2024-11-02,2024-11-23,3,34.98311233520508
21,2024-11-02,2024-11-30,4,43.31389236450195
22,2024-11-02,2024-11-09,1,36.535972595214844
22,2024-11-02,2024-11-16,2,64.57394409179688
22,2024-11-02,2024-11-23,3,91.17326354980469
22,2024-11-02,2024-11-30,4,123.40789031982422
23,2024-11-02,2024-11-09,1,4.262923240661621
23,2024-11-02,2024-11-16,2,14.771001815795898
23,2024-11-02,2024-11-23,3,14.749822616577148
23,2024-11-02,2024-11-30,4,18.287708282470703
24,2024-11-02,2024-11-09,1,7.107795715332031
24,2024-11-02,2024-11-16,2,13.39271354675293
24,2024-11-02,2024-11-23,3,20.831275939941406
24,2024-11-02,2024-11-30,4,27.371295928955078
25,2024-11-02,2024-11-09,1,6.137603282928467
25,2024-11-02,2024-11-16,2,13.356621742248535
25,2024-11-02,2024-11-23,3,18.382537841796875
25,2024-11-02,2024-11-30,4,21.64385414123535
26,2024-11-02,2024-11-09,1,11.048141479492188
26,2024-11-02,2024-11-16,2,16.600282669067383
26,2024-11-02,2024-11-23,3,23.604656219482422
26,2024-11-02,2024-11-30,4,34.497642517089844
27,2024-11-02,2024-11-09,1,18.3254337310791
27,2024-11-02,2024-11-16,2,35.90353775024414
27,2024-11-02,2024-11-23,3,54.25273895263672
27,2024-11-02,2024-11-30,4,85.01042938232422
28,2024-11-02,2024-11-09,1,22.18438720703125
28,2024-11-02,2024-11-16,2,30.92104148864746
28,2024-11-02,2024-11-23,3,48.28776550292969
28,2024-11-02,2024-11-30,4,46.43782043457031
29,2024-11-02,2024-11-09,1,22.718860626220703
29,2024-11-02,2024-11-16,2,32.136837005615234
29,2024-11-02,2024-11-23,3,56.94713592529297
29,2024-11-02,2024-11-30,4,92.38743591308594
30,2024-11-02,2024-11-09,1,4.264188289642334
30,2024-11-02,2024-11-16,2,8.484748840332031
30,2024-11-02,2024-11-23,3,14.492655754089355
30,2024-11-02,2024-11-30,4,19.331130981445312
31,2024-11-02,2024-11-09,1,5.621557235717773
31,2024-11-02,2024-11-16,2,9.87557601928711
31,2024-11-02,2024-11-23,3,15.871452331542969
31,2024-11-02,2024-11-30,4,23.207895278930664
32,2024-11-02,2024-11-09,1,15.471808433532715
32,2024-11-02,2024-11-16,2,27.26960563659668
32,2024-11-02,2024-11-23,3,42.135929107666016
32,2024-11-02,2024-11-30,4,62.57746887207031
33,2024-11-02,2024-11-09,1,5.1926093101501465
33,2024-11-02,2024-11-16,2,8.66915225982666
33,2024-11-02,2024-11-23,3,16.02402114868164
33,2024-11-02,2024-11-30,4,20.809429168701172
34,2024-11-02,2024-11-09,1,36.41293716430664
34,2024-11-02,2024-11-16,2,51.495906829833984
34,2024-11-02,2024-11-23,3,97.93708801269531
34,2024-11-02,2024-11-30,4,134.01815795898438
35,2024-11-02,2024-11-09,1,11.993330001831055
35,2024-11-02,2024-11-16,2,13.780332565307617
35,2024-11-02,2024-11-23,3,30.33795166015625
35,2024-11-02,2024-11-30,4,53.93357467651367
36,2024-11-02,2024-11-09,1,25.877614974975586
36,2024-11-02,2024-11-16,2,31.050582885742188
36,2024-11-02,2024-11-23,3,46.91485595703125
36,2024-11-02,2024-11-30,4,75.75445556640625
37,2024-11-02,2024-11-09,1,30.009204864501953
37,2024-11-02,2024-11-16,2,54.16908264160156
37,2024-11-02,2024-11-23,3,81.13104248046875
37,2024-11-02,2024-11-30,4,145.91748046875
38,2024-11-02,2024-11-09,1,4.071472644805908
38,2024-11-02,2024-11-16,2,9.094339370727539
38,2024-11-02,2024-11-23,3,15.204824447631836
38,2024-11-02,2024-11-30,4,24.7248477935791
39,2024-11-02,2024-11-09,1,54.799537658691406
39,2024-11-02,2024-11-16,2,67.16844940185547
39,2024-11-02,2024-11-23,3,122.77022552490234
39,2024-11-02,2024-11-30,4,194.54627990722656
40,2024-11-02,2024-11-09,1,6.938235759735107
40,2024-11-02,2024-11-16,2,14.793700218200684
40,2024-11-02,2024-11-23,3,23.275009155273438
40,2024-11-02,2024-11-30,4,40.463966369628906
41,2024-11-02,2024-11-09,1,9.996705055236816
41,2024-11-02,2024-11-16,2,14.52858829498291
41,2024-11-02,2024-11-23,3,23.933116912841797
41,2024-11-02,2024-11-30,4,48.28252410888672
42,2024-11-02,2024-11-09,1,81.70977783203125
42,2024-11-02,2024-11-16,2,133.70477294921875
42,2024-11-02,2024-11-23,3,205.1852569580078
42,2024-11-02,2024-11-30,4,350.88861083984375
44,2024-11-02,2024-11-09,1,3.981433153152466
44,2024-11-02,2024-11-16,2,8.069062232971191
44,2024-11-02,2024-11-23,3,16.995023727416992
44,2024-11-02,2024-11-30,4,17.375350952148438
45,2024-11-02,2024-11-09,1,13.339605331420898
45,2024-11-02,2024-11-16,2,26.404977798461914
45,2024-11-02,2024-11-23,3,44.310028076171875
45,2024-11-02,2024-11-30,4,62.42341232299805
46,2024-11-02,2024-11-09,1,4.522099018096924
46,2024-11-02,2024-11-16,2,8.265058517456055
46,2024-11-02,2024-11-23,3,15.349039077758789
46,2024-11-02,2024-11-30,4,17.08445930480957
47,2024-11-02,2024-11-09,1,62.14894485473633
47,2024-11-02,2024-11-16,2,95.22183227539062
47,2024-11-02,2024-11-23,3,154.7729034423828
47,2024-11-02,2024-11-30,4,191.9121856689453
48,2024-11-02,2024-11-09,1,139.8991241455078
48,2024-11-02,2024-11-16,2,219.1651611328125
48,2024-11-02,2024-11-23,3,415.0773010253906
48,2024-11-02,2024-11-30,4,447.843994140625
49,2024-11-02,2024-11-09,1,6.432422161102295
49,2024-11-02,2024-11-16,2,9.875448226928711
49,2024-11-02,2024-11-23,3,18.492979049682617
49,2024-11-02,2024-11-30,4,24.148910522460938
50,2024-11-02,2024-11-09,1,4.420839786529541
50,2024-11-02,2024-11-16,2,6.990602016448975
50,2024-11-02,2024-11-23,3,16.145954132080078
50,2024-11-02,2024-11-30,4,18.28398895263672
51,2024-11-02,2024-11-09,1,24.12228012084961
51,2024-11-02,2024-11-16,2,41.62668228149414
51,2024-11-02,2024-11-23,3,49.847511291503906
51,2024-11-02,2024-11-30,4,71.57647705078125
53,2024-11-02,2024-11-09,1,10.213906288146973
53,2024-11-02,2024-11-16,2,16.028783798217773
53,2024-11-02,2024-11-23,3,24.121816635131836
53,2024-11-02,2024-11-30,4,34.463069915771484
54,2024-11-02,2024-11-09,1,4.204212188720703
54,2024-11-02,2024-11-16,2,8.67818546295166
54,2024-11-02,2024-11-23,3,15.110416412353516
54,2024-11-02,2024-11-30,4,16.204126358032227
55,2024-11-02,2024-11-09,1,8.67151927947998
55,2024-11-02,2024-11-16,2,15.593904495239258
55,2024-11-02,2024-11-23,3,26.84527587890625
55,2024-11-02,2024-11-30,4,30.7956485748291
56,2024-11-02,2024-11-09,1,6.242807865142822
56,2024-11-02,2024-11-16,2,11.6954345703125
56,2024-11-02,2024-11-23,3,20.21596908569336
56,2024-11-02,2024-11-30,4,22.297929763793945
72,2024-11-02,2024-11-09,1,23.524606704711914
72,2024-11-02,2024-11-16,2,39.4182014465332
72,2024-11-02,2024-11-23,3,50.93519592285156
72,2024-11-02,2024-11-30,4,97.84555053710938
US,2024-11-02,2024-11-09,1,1233.17724609375
US,2024-11-02,2024-11-16,2,1738.8125
US,2024-11-02,2024-11-23,3,1180.4478759765625
US,2024-11-02,2024-11-30,4,1419.0318603515625
01,2024-11-09,2024-11-16,1,50.60240936279297
01,2024-11-09,2024-11-23,2,77.19945526123047
01,2024-11-09,2024-11-30,3,143.6946258544922
01,2024-11-09,2024-12-07,4,159.94537353515625
02,2024-11-09,2024-11-16,1,10.709694862365723
02,2024-11-09,2024-11-23,2,19.18048667907715
02,2024-11-09,2024-11-30,3,28.418380737304688
02,2024-11-09,2024-12-07,4,32.44512939453125
04,2024-11-09,2024-11-16,1,314.1000671386719
04,2024-11-09,2024-11-23,2,449.4570617675781
04,2024-11-09,2024-11-30,3,648.4701538085938
04,2024-11-09,2024-12-07,4,762.1054077148438
05,2024-11-09,2024-11-16,1,17.906034469604492
05,2024-11-09,2024-11-23,2,32.41585922241211
05,2024-11-09,2024-11-30,3,47.421810150146484
05,2024-11-09,2024-12-07,4,72.64302825927734
06,2024-11-09,2024-11-16,1,217.6624298095703
06,2024-11-09,2024-11-23,2,366.2444152832031
06,2024-11-09,2024-11-30,3,826.2130126953125
06,2024-11-09,2024-12-07,4,1310.25341796875
08,2024-11-09,2024-11-16,1,31.3966064453125
08,2024-11-09,2024-11-23,2,56.69149398803711
08,2024-11-09,2024-11-30,3,89.10055541992188
08,2024-11-09,2024-12-07,4,118.44314575195312
09,2024-11-09,2024-11-16,1,9.419973373413086
09,2024-11-09,2024-11-23,2,16.652538299560547
09,2024-11-09,2024-11-30,3,27.088022232055664
09,2024-11-09,2024-12-07,4,36.36652755737305
10,2024-11-09,2024-11-16,1,13.285547256469727
10,2024-11-09,2024-11-23,2,9.269686698913574
10,2024-11-09,2024-11-30,3,17.689834594726562
10,2024-11-09,2024-12-07,4,21.45612144470215
11,2024-11-09,2024-11-16,1,4.44720983505249
11,2024-11-09,2024-11-23,2,9.82918643951416
11,2024-11-09,2024-11-30,3,16.071352005004883
11,2024-11-09,2024-12-07,4,22.491456985473633
12,2024-11-09,2024-11-16,1,499.85394287109375
12,2024-11-09,2024-11-23,2,1005.8240966796875
12,2024-11-09,2024-11-30,3,1395.0484619140625
12,2024-11-09,2024-12-07,4,1396.4254150390625
13,2024-11-09,2024-11-16,1,55.073883056640625
13,2024-11-09,2024-11-23,2,90.4405517578125
13,2024-11-09,2024-11-30,3,138.78909301757812
13,2024-11-09,2024-12-07,4,207.883544921875
15,2024-11-09,2024-11-16,1,10.135913848876953
15,2024-11-09,2024-11-23,2,17.79209327697754
15,2024-11-09,2024-11-30,3,31.248653411865234
15,2024-11-09,2024-12-07,4,36.06999588012695
16,2024-11-09,2024-11-16,1,10.28735637664795
16,2024-11-09,2024-11-23,2,16.667959213256836
16,2024-11-09,2024-11-30,3,27.874061584472656
16,2024-11-09,2024-12-07,4,30.220199584960938
17,2024-11-09,2024-11-16,1,56.69501495361328
17,2024-11-09,2024-11-23,2,93.06172943115234
17,2024-11-09,2024-11-30,3,143.26255798339844
17,2024-11-09,2024-12-07,4,185.44879150390625
18,2024-11-09,2024-11-16,1,37.35293960571289
18,2024-11-09,2024-11-23,2,62.4296989440918
18,2024-11-09,2024-11-30,3,109.89582824707031
18,2024-11-09,2024-12-07,4,150.4367218017578
19,2024-11-09,2024-11-16,1,6.3558807373046875
19,2024-11-09,2024-11-23,2,11.958869934082031
19,2024-11-09,2024-11-30,3,21.099571228027344
19,2024-11-09,2024-12-07,4,28.427457809448242
20,2024-11-09,2024-11-16,1,12.078112602233887
20,2024-11-09,2024-11-23,2,16.52037811279297
20,2024-11-09,2024-11-30,3,27.68381118774414
20,2024-11-09,2024-12-07,4,35.899871826171875
21,2024-11-09,2024-11-16,1,24.153030395507812
21,2024-11-09,2024-11-23,2,31.86008071899414
21,2024-11-09,2024-11-30,3,59.06779479980469
21,2024-11-09,2024-12-07,4,86.3438720703125
22,2024-11-09,2024-11-16,1,134.37533569335938
22,2024-11-09,2024-11-23,2,161.68853759765625
22,2024-11-09,2024-11-30,3,280.10101318359375
22,2024-11-09,2024-12-07,4,345.3028564453125
23,2024-11-09,2024-11-16,1,4.656686782836914
23,2024-11-09,2024-11-23,2,9.852544784545898
23,2024-11-09,2024-11-30,3,14.909269332885742
23,2024-11-09,2024-12-07,4,21.080249786376953
24,2024-11-09,2024-11-16,1,13.974040031433105
24,2024-11-09,2024-11-23,2,21.05680274963379
24,2024-11-09,2024-11-30,3,33.9847297668457
24,2024-11-09,2024-12-07,4,51.41215896606445
25,2024-11-09,2024-11-16,1,50.064640045166016
25,2024-11-09,2024-11-23,2,89.02359008789062
25,2024-11-09,2024-11-30,3,136.2192840576172
25,2024-11-09,2024-12-07,4,180.1153564453125
26,2024-11-09,2024-11-16,1,49.64561080932617
26,2024-11-09,2024-11-23,2,86.4571762084961
26,2024-11-09,2024-11-30,3,138.04473876953125
26,2024-11-09,2024-12-07,4,169.546630859375
27,2024-11-09,2024-11-16,1,17.283594131469727
27,2024-11-09,2024-11-23,2,33.04371643066406
27,2024-11-09,2024-11-30,3,53.116111755371094
27,2024-11-09,2024-12-07,4,96.57430267333984
28,2024-11-09,2024-11-16,1,31.636728286743164
28,2024-11-09,2024-11-23,2,49.7928352355957
28,2024-11-09,2024-11-30,3,78.52494049072266
28,2024-11-09,2024-12-07,4,104.32355499267578
29,2024-11-09,2024-11-16,1,46.231849670410156
29,2024-11-09,2024-11-23,2,85.07707977294922
29,2024-11-09,2024-11-30,3,139.22938537597656
29,2024-11-09,2024-12-07,4,159.12022399902344
30,2024-11-09,2024-11-16,1,4.611056804656982
30,2024-11-09,2024-11-23,2,8.380982398986816
30,2024-11-09,2024-11-30,3,14.849679946899414
30,2024-11-09,2024-12-07,4,21.38591957092285
31,2024-11-09,2024-11-16,1,13.475435256958008
31,2024-11-09,2024-11-23,2,7.65244722366333
31,2024-11-09,2024-11-30,3,18.45033836364746
31,2024-11-09,2024-12-07,4,26.489591598510742
32,2024-11-09,2024-11-16,1,29.871231079101562
32,2024-11-09,2024-11-23,2,45.616241455078125
32,2024-11-09,2024-11-30,3,87.54672241210938
32,2024-11-09,2024-12-07,4,107.64080810546875
33,2024-11-09,2024-11-16,1,3.920588254928589
33,2024-11-09,2024-11-23,2,9.571393013000488
33,2024-11-09,2024-11-30,3,23.623367309570312
33,2024-11-09,2024-12-07,4,23.681991577148438
34,2024-11-09,2024-11-16,1,49.0551643371582
34,2024-11-09,2024-11-23,2,91.1407470703125
34,2024-11-09,2024-11-30,3,126.12886810302734
34,2024-11-09,2024-12-07,4,170.05856323242188
35,2024-11-09,2024-11-16,1,23.297138214111328
35,2024-11-09,2024-11-23,2,26.941387176513672
35,2024-11-09,2024-11-30,3,57.97610855102539
35,2024-11-09,2024-12-07,4,81.77079010009766
36,2024-11-09,2024-11-16,1,85.85071563720703
36,2024-11-09,2024-11-23,2,135.32652282714844
36,2024-11-09,2024-11-30,3,146.3033447265625
36,2024-11-09,2024-12-07,4,274.9066467285156
37,2024-11-09,2024-11-16,1,29.96311378479004
37,2024-11-09,2024-11-23,2,37.848201751708984
37,2024-11-09,2024-11-30,3,43.03645324707031
37,2024-11-09,2024-12-07,4,54.39595413208008
38,2024-11-09,2024-11-16,1,4.9554829597473145
38,2024-11-09,2024-11-23,2,10.142241477966309
38,2024-11-09,2024-11-30,3,15.602331161499023
38,2024-11-09,2024-12-07,4,23.384105682373047
39,2024-11-09,2024-11-16,1,31.752450942993164
39,2024-11-09,2024-11-23,2,51.604042053222656
39,2024-11-09,2024-11-30,3,114.99661254882812
39,2024-11-09,2024-12-07,4,156.12921142578125
40,2024-11-09,2024-11-16,1,23.063138961791992
40,2024-11-09,2024-11-23,2,32.077083587646484
40,2024-11-09,2024-11-30,3,63.13994216918945
40,2024-11-09,2024-12-07,4,100.00481414794922
41,2024-11-09,2024-11-16,1,29.911291122436523
41,2024-11-09,2024-11-23,2,54.13750076293945
41,2024-11-09,2024-11-30,3,86.63068389892578
41,2024-11-09,2024-12-07,4,112.1768569946289
42,2024-11-09,2024-11-16,1,161.26507568359375
42,2024-11-09,2024-11-23,2,290.7036437988281
42,2024-11-09,2024-11-30,3,447.350830078125
42,2024-11-09,2024-12-07,4,611.7479858398438
44,2024-11-09,2024-11-16,1,3.723421573638916
44,2024-11-09,2024-11-23,2,6.884851932525635
44,2024-11-09,2024-11-30,3,18.172767639160156
44,2024-11-09,2024-12-07,4,18.095481872558594
45,2024-11-09,2024-11-16,1,29.261486053466797
45,2024-11-09,2024-11-23,2,47.48270797729492
45,2024-11-09,2024-11-30,3,81.85120391845703
45,2024-11-09,2024-12-07,4,108.35478973388672
46,2024-11-09,2024-11-16,1,4.716180324554443
46,2024-11-09,2024-11-23,2,8.543232917785645
46,2024-11-09,2024-11-30,3,15.338163375854492
46,2024-11-09,2024-12-07,4,19.07341766357422
47,2024-11-09,2024-11-16,1,111.9180908203125
47,2024-11-09,2024-11-23,2,169.53977966308594
47,2024-11-09,2024-11-30,3,267.7234191894531
47,2024-11-09,2024-12-07,4,377.595947265625
48,2024-11-09,2024-11-16,1,257.0997314453125
48,2024-11-09,2024-11-23,2,272.4100646972656
48,2024-11-09,2024-11-30,3,404.26446533203125
48,2024-11-09,2024-12-07,4,695.5331420898438
49,2024-11-09,2024-11-16,1,8.358513832092285
49,2024-11-09,2024-11-23,2,13.696834564208984
49,2024-11-09,2024-11-30,3,28.98725128173828
49,2024-11-09,2024-12-07,4,30.527606964111328
50,2024-11-09,2024-11-16,1,4.758387088775635
50,2024-11-09,2024-11-23,2,7.044463157653809
50,2024-11-09,2024-11-30,3,17.156217575073242
50,2024-11-09,2024-12-07,4,18.19291114807129
51,2024-11-09,2024-11-16,1,34.592140197753906
51,2024-11-09,2024-11-23,2,42.31255340576172
51,2024-11-09,2024-11-30,3,63.60612487792969
51,2024-11-09,2024-12-07,4,91.31743621826172
53,2024-11-09,2024-11-16,1,22.162796020507812
53,2024-11-09,2024-11-23,2,26.22450828552246
53,2024-11-09,2024-11-30,3,44.82846450805664
53,2024-11-09,2024-12-07,4,62.471221923828125
54,2024-11-09,2024-11-16,1,8.404160499572754
54,2024-11-09,2024-11-23,2,12.288263320922852
54,2024-11-09,2024-11-30,3,30.800716400146484
54,2024-11-09,2024-12-07,4,33.46208953857422
55,2024-11-09,2024-11-16,1,17.591503143310547
55,2024-11-09,2024-11-23,2,29.400657653808594
55,2024-11-09,2024-11-30,3,53.14787673950195
55,2024-11-09,2024-12-07,4,67.05992126464844
56,2024-11-09,2024-11-16,1,5.237522602081299
56,2024-11-09,2024-11-23,2,12.148677825927734
56,2024-11-09,2024-11-30,3,24.583478927612305
56,2024-11-09,2024-12-07,4,19.866701126098633
72,2024-11-09,2024-11-16,1,130.95352172851562
72,2024-11-09,2024-11-23,2,149.2312774658203
72,2024-11-09,2024-11-30,3,226.6658172607422
72,2024-11-09,2024-12-07,4,294.2124938964844
US,2024-11-09,2024-11-16,1,2424.789794921875
US,2024-11-09,2024-11-23,2,2717.80126953125
US,2024-11-09,2024-11-30,3,1678.406982421875
US,2024-11-09,2024-12-07,4,1560.66552734375
01,2024-11-16,2024-11-23,1,66.58285522460938
01,2024-11-16,2024-11-30,2,106.61945343017578
01,2024-11-16,2024-12-07,3,143.55819702148438
01,2024-11-16,2024-12-14,4,168.17050170898438
02,2024-11-16,2024-11-23,1,19.538497924804688
02,2024-11-16,2024-11-30,2,13.548150062561035
02,2024-11-16,2024-12-07,3,21.965177536010742
02,2024-11-16,2024-12-14,4,22.872547149658203
04,2024-11-16,2024-11-23,1,469.4839172363281
04,2024-11-16,2024-11-30,2,706.534423828125
04,2024-11-16,2024-12-07,3,517.7651977539062
04,2024-11-16,2024-12-14,4,995.7876586914062
05,2024-11-16,2024-11-23,1,19.210329055786133
05,2024-11-16,2024-11-30,2,39.86383819580078
05,2024-11-16,2024-12-07,3,58.37395095825195
05,2024-11-16,2024-12-14,4,74.12926483154297
06,2024-11-16,2024-11-23,1,404.38397216796875
06,2024-11-16,2024-11-30,2,705.3338623046875
06,2024-11-16,2024-12-07,3,874.1896362304688
06,2024-11-16,2024-12-14,4,1140.168701171875
08,2024-11-16,2024-11-23,1,42.26117706298828
08,2024-11-16,2024-11-30,2,62.28224563598633
08,2024-11-16,2024-12-07,3,119.08901977539062
08,2024-11-16,2024-12-14,4,152.06570434570312
09,2024-11-16,2024-11-23,1,14.047174453735352
09,2024-11-16,2024-11-30,2,19.734678268432617
09,2024-11-16,2024-12-07,3,24.65314292907715
09,2024-11-16,2024-12-14,4,33.47744369506836
10,2024-11-16,2024-11-23,1,3.2846477031707764
10,2024-11-16,2024-11-30,2,9.406792640686035
10,2024-11-16,2024-12-07,3,22.62940216064453
10,2024-11-16,2024-12-14,4,21.611888885498047
11,2024-11-16,2024-11-23,1,4.699950695037842
11,2024-11-16,2024-11-30,2,9.11259651184082
11,2024-11-16,2024-12-07,3,15.240286827087402
11,2024-11-16,2024-12-14,4,23.741727828979492
12,2024-11-16,2024-11-23,1,462.87786865234375
12,2024-11-16,2024-11-30,2,626.3958129882812
12,2024-11-16,2024-12-07,3,824.966552734375
12,2024-11-16,2024-12-14,4,955.6885375976562
13,2024-11-16,2024-11-23,1,71.51901245117188
13,2024-11-16,2024-11-30,2,111.26494598388672
13,2024-11-16,2024-12-07,3,159.70404052734375
13,2024-11-16,2024-12-14,4,215.79393005371094
15,2024-11-16,2024-11-23,1,18.88250732421875
15,2024-11-16,2024-11-30,2,27.672657012939453
15,2024-11-16,2024-12-07,3,50.60511779785156
15,2024-11-16,2024-12-14,4,61.06882095336914
16,2024-11-16,2024-11-23,1,15.883638381958008
16,2024-11-16,2024-11-30,2,22.566835403442383
16,2024-11-16,2024-12-07,3,35.031253814697266
16,2024-11-16,2024-12-14,4,37.912784576416016
17,2024-11-16,2024-11-23,1,58.966392517089844
17,2024-11-16,2024-11-30,2,92.39540100097656
17,2024-11-16,2024-12-07,3,133.86068725585938
17,2024-11-16,2024-12-14,4,166.22967529296875
18,2024-11-16,2024-11-23,1,44.6811408996582
18,2024-11-16,2024-11-30,2,62.01278305053711
18,2024-11-16,2024-12-07,3,87.81385040283203
18,2024-11-16,2024-12-14,4,135.94407653808594
19,2024-11-16,2024-11-23,1,9.160232543945312
19,2024-11-16,2024-11-30,2,17.587690353393555
19,2024-11-16,2024-12-07,3,22.087209701538086
19,2024-11-16,2024-12-14,4,33.216922760009766
20,2024-11-16,2024-11-23,1,14.111238479614258
20,2024-11-16,2024-11-30,2,25.614643096923828
20,2024-11-16,2024-12-07,3,38.093021392822266
20,2024-11-16,2024-12-14,4,52.84452438354492
21,2024-11-16,2024-11-23,1,26.027936935424805
21,2024-11-16,2024-11-30,2,35.32786560058594
21,2024-11-16,2024-12-07,3,60.60486602783203
21,2024-11-16,2024-12-14,4,102.76162719726562
22,2024-11-16,2024-11-23,1,128.8101806640625
22,2024-11-16,2024-11-30,2,197.58950805664062
22,2024-11-16,2024-12-07,3,222.19229125976562
22,2024-11-16,2024-12-14,4,219.92213439941406
23,2024-11-16,2024-11-23,1,4.667540550231934
23,2024-11-16,2024-11-30,2,10.62281322479248
23,2024-11-16,2024-12-07,3,14.533695220947266
23,2024-11-16,2024-12-14,4,21.5989990234375
24,2024-11-16,2024-11-23,1,17.248836517333984
24,2024-11-16,2024-11-30,2,25.274173736572266
24,2024-11-16,2024-12-07,3,35.80353546142578
24,2024-11-16,2024-12-14,4,41.418209075927734
25,2024-11-16,2024-11-23,1,25.313871383666992
25,2024-11-16,2024-11-30,2,43.27347946166992
25,2024-11-16,2024-12-07,3,72.86247253417969
25,2024-11-16,2024-12-14,4,108.80748748779297
26,2024-11-16,2024-11-23,1,68.43540954589844
26,2024-11-16,2024-11-30,2,96.60317993164062
26,2024-11-16,2024-12-07,3,154.68458557128906
26,2024-11-16,2024-12-14,4,207.08328247070312
27,2024-11-16,2024-11-23,1,18.02036476135254
27,2024-11-16,2024-11-30,2,28.884735107421875
27,2024-11-16,2024-12-07,3,28.854856491088867
27,2024-11-16,2024-12-14,4,42.487422943115234
28,2024-11-16,2024-11-23,1,37.73827362060547
28,2024-11-16,2024-11-30,2,61.36396789550781
28,2024-11-16,2024-12-07,3,86.88359069824219
28,2024-11-16,2024-12-14,4,119.85275268554688
29,2024-11-16,2024-11-23,1,44.53024673461914
29,2024-11-16,2024-11-30,2,85.09160614013672
29,2024-11-16,2024-12-07,3,127.63818359375
29,2024-11-16,2024-12-14,4,148.01129150390625
30,2024-11-16,2024-11-23,1,5.290960311889648
30,2024-11-16,2024-11-30,2,10.022849082946777
30,2024-11-16,2024-12-07,3,18.224470138549805
30,2024-11-16,2024-12-14,4,21.308509826660156
31,2024-11-16,2024-11-23,1,6.203066825866699
31,2024-11-16,2024-11-30,2,12.873104095458984
31,2024-11-16,2024-12-07,3,25.066020965576172
31,2024-11-16,2024-12-14,4,31.761995315551758
32,2024-11-16,2024-11-23,1,55.03577423095703
32,2024-11-16,2024-11-30,2,75.7323989868164
32,2024-11-16,2024-12-07,3,130.0651397705078
32,2024-11-16,2024-12-14,4,144.57122802734375
33,2024-11-16,2024-11-23,1,5.8752593994140625
33,2024-11-16,2024-11-30,2,10.318232536315918
33,2024-11-16,2024-12-07,3,25.15302085876465
33,2024-11-16,2024-12-14,4,23.147666931152344
34,2024-11-16,2024-11-23,1,55.616180419921875
34,2024-11-16,2024-11-30,2,86.43549346923828
34,2024-11-16,2024-12-07,3,125.64433288574219
34,2024-11-16,2024-12-14,4,167.88746643066406
35,2024-11-16,2024-11-23,1,26.92683219909668
35,2024-11-16,2024-11-30,2,53.01675796508789
35,2024-11-16,2024-12-07,3,77.83583068847656
35,2024-11-16,2024-12-14,4,99.8516616821289
36,2024-11-16,2024-11-23,1,111.16087341308594
36,2024-11-16,2024-11-30,2,192.22218322753906
36,2024-11-16,2024-12-07,3,258.1525573730469
36,2024-11-16,2024-12-14,4,313.45428466796875
37,2024-11-16,2024-11-23,1,42.264076232910156
37,2024-11-16,2024-11-30,2,51.856685638427734
37,2024-11-16,2024-12-07,3,64.2163314819336
37,2024-11-16,2024-12-14,4,104.45787811279297
38,2024-11-16,2024-11-23,1,4.829061031341553
38,2024-11-16,2024-11-30,2,8.716865539550781
38,2024-11-16,2024-12-07,3,15.311391830444336
38,2024-11-16,2024-12-14,4,25.777889251708984
39,2024-11-16,2024-11-23,1,47.575923919677734
39,2024-11-16,2024-11-30,2,71.73345184326172
39,2024-11-16,2024-12-07,3,157.1189727783203
39,2024-11-16,2024-12-14,4,205.91714477539062
40,2024-11-16,2024-11-23,1,19.74822235107422
40,2024-11-16,2024-11-30,2,34.871551513671875
40,2024-11-16,2024-12-07,3,55.15106201171875
40,2024-11-16,2024-12-14,4,78.9758529663086
41,2024-11-16,2024-11-23,1,48.359474182128906
41,2024-11-16,2024-11-30,2,84.10704803466797
41,2024-11-16,2024-12-07,3,131.9170379638672
41,2024-11-16,2024-12-14,4,170.02833557128906
42,2024-11-16,2024-11-23,1,184.60630798339844
42,2024-11-16,2024-11-30,2,259.82757568359375
42,2024-11-16,2024-12-07,3,405.0135192871094
42,2024-11-16,2024-12-14,4,356.6704406738281
44,2024-11-16,2024-11-23,1,5.212818622589111
44,2024-11-16,2024-11-30,2,9.118265151977539
44,2024-11-16,2024-12-07,3,17.044513702392578
44,2024-11-16,2024-12-14,4,21.262319564819336
45,2024-11-16,2024-11-23,1,24.265810012817383
45,2024-11-16,2024-11-30,2,38.81904220581055
45,2024-11-16,2024-12-07,3,48.650142669677734
45,2024-11-16,2024-12-14,4,64.46380615234375
46,2024-11-16,2024-11-23,1,4.995437145233154
46,2024-11-16,2024-11-30,2,10.084512710571289
46,2024-11-16,2024-12-07,3,15.22943115234375
46,2024-11-16,2024-12-14,4,17.624128341674805
47,2024-11-16,2024-11-23,1,155.23147583007812
47,2024-11-16,2024-11-30,2,217.68658447265625
47,2024-11-16,2024-12-07,3,330.1054992675781
47,2024-11-16,2024-12-14,4,326.7241516113281
48,2024-11-16,2024-11-23,1,307.2618103027344
48,2024-11-16,2024-11-30,2,485.3684387207031
48,2024-11-16,2024-12-07,3,599.1571044921875
48,2024-11-16,2024-12-14,4,793.3876953125
49,2024-11-16,2024-11-23,1,13.416973114013672
49,2024-11-16,2024-11-30,2,21.197195053100586
49,2024-11-16,2024-12-07,3,36.025150299072266
49,2024-11-16,2024-12-14,4,33.677730560302734
50,2024-11-16,2024-11-23,1,4.841526985168457
50,2024-11-16,2024-11-30,2,9.128148078918457
50,2024-11-16,2024-12-07,3,14.49416732788086
50,2024-11-16,2024-12-14,4,7.952330112457275
51,2024-11-16,2024-11-23,1,45.291053771972656
51,2024-11-16,2024-11-30,2,64.02572631835938
51,2024-11-16,2024-12-07,3,80.08109283447266
51,2024-11-16,2024-12-14,4,122.41259765625
53,2024-11-16,2024-11-23,1,32.7973747253418
53,2024-11-16,2024-11-30,2,62.5189208984375
53,2024-11-16,2024-12-07,3,80.6551742553711
53,2024-11-16,2024-12-14,4,106.18878173828125
54,2024-11-16,2024-11-23,1,6.351239204406738
54,2024-11-16,2024-11-30,2,13.372885704040527
54,2024-11-16,2024-12-07,3,23.930349349975586
54,2024-11-16,2024-12-14,4,34.36723327636719
55,2024-11-16,2024-11-23,1,15.21167278289795
55,2024-11-16,2024-11-30,2,22.118406295776367
55,2024-11-16,2024-12-07,3,29.384262084960938
55,2024-11-16,2024-12-14,4,43.9560432434082
56,2024-11-16,2024-11-23,1,7.557926654815674
56,2024-11-16,2024-11-30,2,13.529088020324707
56,2024-11-16,2024-12-07,3,27.409278869628906
56,2024-11-16,2024-12-14,4,29.253128051757812
72,2024-11-16,2024-11-23,1,232.71456909179688
72,2024-11-16,2024-11-30,2,306.9698791503906
72,2024-11-16,2024-12-07,3,288.4161071777344
72,2024-11-16,2024-12-14,4,201.87631225585938
US,2024-11-16,2024-11-23,1,2339.800048828125
US,2024-11-16,2024-11-30,2,2724.28369140625
US,2024-11-16,2024-12-07,3,1434.4913330078125
US,2024-11-16,2024-12-14,4,1352.892822265625
01,2024-11-23,2024-11-30,1,70.51465606689453
01,2024-11-23,2024-12-07,2,111.00094604492188
01,2024-11-23,2024-12-14,3,182.0867919921875
01,2024-11-23,2024-12-21,4,200.92970275878906
02,2024-11-23,2024-11-30,1,17.100322723388672
02,2024-11-23,2024-12-07,2,18.252532958984375
02,2024-11-23,2024-12-14,3,17.684852600097656
02,2024-11-23,2024-12-21,4,24.74823570251465
04,2024-11-23,2024-11-30,1,593.0458374023438
04,2024-11-23,2024-12-07,2,556.9090576171875
04,2024-11-23,2024-12-14,3,494.9688720703125
04,2024-11-23,2024-12-21,4,914.85888671875
05,2024-11-23,2024-11-30,1,18.045520782470703
05,2024-11-23,2024-12-07,2,25.962963104248047
05,2024-11-23,2024-12-14,3,41.741939544677734
05,2024-11-23,2024-12-21,4,39.32877731323242
06,2024-11-23,2024-11-30,1,782.8231201171875
06,2024-11-23,2024-12-07,2,857.8909912109375
06,2024-11-23,2024-12-14,3,1062.0867919921875
06,2024-11-23,2024-12-21,4,1149.38623046875
08,2024-11-23,2024-11-30,1,42.472537994384766
08,2024-11-23,2024-12-07,2,48.0810661315918
08,2024-11-23,2024-12-14,3,66.3355712890625
08,2024-11-23,2024-12-21,4,94.26670837402344
09,2024-11-23,2024-11-30,1,15.54201602935791
09,2024-11-23,2024-12-07,2,18.133365631103516
09,2024-11-23,2024-12-14,3,25.659666061401367
09,2024-11-23,2024-12-21,4,33.830387115478516
10,2024-11-23,2024-11-30,1,7.598474979400635
10,2024-11-23,2024-12-07,2,13.078676223754883
10,2024-11-23,2024-12-14,3,27.144784927368164
10,2024-11-23,2024-12-21,4,16.083330154418945
11,2024-11-23,2024-11-30,1,7.998086929321289
11,2024-11-23,2024-12-07,2,7.430846691131592
11,2024-11-23,2024-12-14,3,22.089101791381836
11,2024-11-23,2024-12-21,4,14.794466972351074
12,2024-11-23,2024-11-30,1,607.58935546875
12,2024-11-23,2024-12-07,2,772.3468627929688
12,2024-11-23,2024-12-14,3,1002.312744140625
12,2024-11-23,2024-12-21,4,1031.8570556640625
13,2024-11-23,2024-11-30,1,68.71401977539062
13,2024-11-23,2024-12-07,2,99.23257446289062
13,2024-11-23,2024-12-14,3,155.85165405273438
13,2024-11-23,2024-12-21,4,232.33497619628906
15,2024-11-23,2024-11-30,1,16.528789520263672
15,2024-11-23,2024-12-07,2,20.138761520385742
15,2024-11-23,2024-12-14,3,32.13749313354492
15,2024-11-23,2024-12-21,4,53.69385528564453
16,2024-11-23,2024-11-30,1,37.787574768066406
16,2024-11-23,2024-12-07,2,58.3690299987793
16,2024-11-23,2024-12-14,3,95.55458068847656
16,2024-11-23,2024-12-21,4,112.62451934814453
17,2024-11-23,2024-11-30,1,127.31044006347656
17,2024-11-23,2024-12-07,2,151.99267578125
17,2024-11-23,2024-12-14,3,239.5207061767578
17,2024-11-23,2024-12-21,4,379.2080078125
18,2024-11-23,2024-11-30,1,59.62779235839844
18,2024-11-23,2024-12-07,2,78.19307708740234
18,2024-11-23,2024-12-14,3,115.56753540039062
18,2024-11-23,2024-12-21,4,156.6027069091797
19,2024-11-23,2024-11-30,1,13.722224235534668
19,2024-11-23,2024-12-07,2,15.430081367492676
19,2024-11-23,2024-12-14,3,21.29804801940918
19,2024-11-23,2024-12-21,4,31.730709075927734
20,2024-11-23,2024-11-30,1,23.2540225982666
20,2024-11-23,2024-12-07,2,31.202760696411133
20,2024-11-23,2024-12-14,3,48.07324981689453
20,2024-11-23,2024-12-21,4,66.79398345947266
21,2024-11-23,2024-11-30,1,26.471492767333984
21,2024-11-23,2024-12-07,2,35.83919906616211
21,2024-11-23,2024-12-14,3,51.29631805419922
21,2024-11-23,2024-12-21,4,75.74449920654297
22,2024-11-23,2024-11-30,1,114.16544342041016
22,2024-11-23,2024-12-07,2,129.55343627929688
22,2024-11-23,2024-12-14,3,164.6016845703125
22,2024-11-23,2024-12-21,4,196.59475708007812
23,2024-11-23,2024-11-30,1,7.12506628036499
23,2024-11-23,2024-12-07,2,10.195951461791992
23,2024-11-23,2024-12-14,3,19.35344886779785
23,2024-11-23,2024-12-21,4,20.296743392944336
24,2024-11-23,2024-11-30,1,22.662616729736328
24,2024-11-23,2024-12-07,2,31.14129066467285
24,2024-11-23,2024-12-14,3,49.08724594116211
24,2024-11-23,2024-12-21,4,71.9284896850586
25,2024-11-23,2024-11-30,1,87.36599731445312
25,2024-11-23,2024-12-07,2,112.5147933959961
25,2024-11-23,2024-12-14,3,149.3907928466797
25,2024-11-23,2024-12-21,4,194.06300354003906
26,2024-11-23,2024-11-30,1,110.445556640625
26,2024-11-23,2024-12-07,2,137.5558624267578
26,2024-11-23,2024-12-14,3,214.39427185058594
26,2024-11-23,2024-12-21,4,283.9805908203125
27,2024-11-23,2024-11-30,1,16.96355438232422
27,2024-11-23,2024-12-07,2,26.7596378326416
27,2024-11-23,2024-12-14,3,38.85836410522461
27,2024-11-23,2024-12-21,4,54.16471481323242
28,2024-11-23,2024-11-30,1,50.00676345825195
28,2024-11-23,2024-12-07,2,71.67799377441406
28,2024-11-23,2024-12-14,3,109.67082977294922
28,2024-11-23,2024-12-21,4,133.44674682617188
29,2024-11-23,2024-11-30,1,55.75562286376953
29,2024-11-23,2024-12-07,2,80.93924713134766
29,2024-11-23,2024-12-14,3,124.60474395751953
29,2024-11-23,2024-12-21,4,146.18641662597656
30,2024-11-23,2024-11-30,1,7.882448673248291
30,2024-11-23,2024-12-07,2,10.040145874023438
30,2024-11-23,2024-12-14,3,17.905637741088867
30,2024-11-23,2024-12-21,4,26.740707397460938
31,2024-11-23,2024-11-30,1,10.377799987792969
31,2024-11-23,2024-12-07,2,14.069740295410156
31,2024-11-23,2024-12-14,3,19.75233268737793
31,2024-11-23,2024-12-21,4,33.44517135620117
32,2024-11-23,2024-11-30,1,59.69668960571289
32,2024-11-23,2024-12-07,2,93.1214828491211
32,2024-11-23,2024-12-14,3,174.5287628173828
32,2024-11-23,2024-12-21,4,206.961669921875
33,2024-11-23,2024-11-30,1,14.28971004486084
33,2024-11-23,2024-12-07,2,25.72492027282715
33,2024-11-23,2024-12-14,3,51.87669372558594
33,2024-11-23,2024-12-21,4,57.19580078125
34,2024-11-23,2024-11-30,1,74.68209838867188
34,2024-11-23,2024-12-07,2,116.28585815429688
34,2024-11-23,2024-12-14,3,149.34230041503906
34,2024-11-23,2024-12-21,4,155.39183044433594
35,2024-11-23,2024-11-30,1,32.16275405883789
35,2024-11-23,2024-12-07,2,34.250221252441406
35,2024-11-23,2024-12-14,3,60.48367691040039
35,2024-11-23,2024-12-21,4,77.72792053222656
36,2024-11-23,2024-11-30,1,151.35069274902344
36,2024-11-23,2024-12-07,2,203.1204833984375
36,2024-11-23,2024-12-14,3,328.04669189453125
36,2024-11-23,2024-12-21,4,457.15667724609375
37,2024-11-23,2024-11-30,1,39.90064239501953
37,2024-11-23,2024-12-07,2,49.23848342895508
37,2024-11-23,2024-12-14,3,58.623294830322266
37,2024-11-23,2024-12-21,4,86.3277587890625
38,2024-11-23,2024-11-30,1,5.082335472106934
38,2024-11-23,2024-12-07,2,10.405707359313965
38,2024-11-23,2024-12-14,3,15.834680557250977
38,2024-11-23,2024-12-21,4,29.665626525878906
39,2024-11-23,2024-11-30,1,53.600059509277344
39,2024-11-23,2024-12-07,2,53.092437744140625
39,2024-11-23,2024-12-14,3,68.44700622558594
39,2024-11-23,2024-12-21,4,102.72521209716797
40,2024-11-23,2024-11-30,1,24.459856033325195
40,2024-11-23,2024-12-07,2,32.03889846801758
40,2024-11-23,2024-12-14,3,39.844966888427734
40,2024-11-23,2024-12-21,4,67.6110610961914
41,2024-11-23,2024-11-30,1,77.35453796386719
41,2024-11-23,2024-12-07,2,118.08987426757812
41,2024-11-23,2024-12-14,3,191.67918395996094
41,2024-11-23,2024-12-21,4,265.6712951660156
42,2024-11-23,2024-11-30,1,174.1393280029297
42,2024-11-23,2024-12-07,2,187.95123291015625
42,2024-11-23,2024-12-14,3,234.8056640625
42,2024-11-23,2024-12-21,4,320.882080078125
44,2024-11-23,2024-11-30,1,6.926826477050781
44,2024-11-23,2024-12-07,2,7.778873443603516
44,2024-11-23,2024-12-14,3,16.597183227539062
44,2024-11-23,2024-12-21,4,20.63521385192871
45,2024-11-23,2024-11-30,1,23.16570281982422
45,2024-11-23,2024-12-07,2,26.568937301635742
45,2024-11-23,2024-12-14,3,37.50105285644531
45,2024-11-23,2024-12-21,4,45.10628128051758
46,2024-11-23,2024-11-30,1,5.572423458099365
46,2024-11-23,2024-12-07,2,8.111824989318848
46,2024-11-23,2024-12-14,3,15.09799575805664
46,2024-11-23,2024-12-21,4,13.996537208557129
47,2024-11-23,2024-11-30,1,61.11628341674805
47,2024-11-23,2024-12-07,2,82.39501953125
47,2024-11-23,2024-12-14,3,156.58203125
47,2024-11-23,2024-12-21,4,192.11032104492188
48,2024-11-23,2024-11-30,1,375.7255859375
48,2024-11-23,2024-12-07,2,492.8179931640625
48,2024-11-23,2024-12-14,3,719.0648803710938
48,2024-11-23,2024-12-21,4,820.8668212890625
49,2024-11-23,2024-11-30,1,28.81918716430664
49,2024-11-23,2024-12-07,2,36.701881408691406
49,2024-11-23,2024-12-14,3,52.03672790527344
49,2024-11-23,2024-12-21,4,80.0425796508789
50,2024-11-23,2024-11-30,1,7.34895133972168
50,2024-11-23,2024-12-07,2,8.883472442626953
50,2024-11-23,2024-12-14,3,15.523885726928711
50,2024-11-23,2024-12-21,4,22.759782791137695
51,2024-11-23,2024-11-30,1,56.13515090942383
51,2024-11-23,2024-12-07,2,73.56440734863281
51,2024-11-23,2024-12-14,3,103.84966278076172
51,2024-11-23,2024-12-21,4,141.3209228515625
53,2024-11-23,2024-11-30,1,39.87308883666992
53,2024-11-23,2024-12-07,2,58.80933380126953
53,2024-11-23,2024-12-14,3,89.38867950439453
53,2024-11-23,2024-12-21,4,133.346435546875
54,2024-11-23,2024-11-30,1,7.536518096923828
54,2024-11-23,2024-12-07,2,13.729275703430176
54,2024-11-23,2024-12-14,3,22.545621871948242
54,2024-11-23,2024-12-21,4,27.953237533569336
55,2024-11-23,2024-11-30,1,29.119935989379883
55,2024-11-23,2024-12-07,2,35.76844024658203
55,2024-11-23,2024-12-14,3,55.79816436767578
55,2024-11-23,2024-12-21,4,89.55207061767578
56,2024-11-23,2024-11-30,1,10.645678520202637
56,2024-11-23,2024-12-07,2,13.103806495666504
56,2024-11-23,2024-12-14,3,23.72928237915039
56,2024-11-23,2024-12-21,4,12.277364730834961
72,2024-11-23,2024-11-30,1,146.9698028564453
72,2024-11-23,2024-12-07,2,126.86384582519531
72,2024-11-23,2024-12-14,3,154.95957946777344
72,2024-11-23,2024-12-21,4,192.16746520996094
US,2024-11-23,2024-11-30,1,2395.8759765625
US,2024-11-23,2024-12-07,2,2289.605712890625
US,2024-11-23,2024-12-14,3,1394.193115234375
US,2024-11-23,2024-12-21,4,1197.415283203125
01,2024-11-30,2024-12-07,1,94.18045806884766
01,2024-11-30,2024-12-14,2,135.7262420654297
01,2024-11-30,2024-12-21,3,163.5297393798828
01,2024-11-30,2024-12-28,4,183.95469665527344
02,2024-11-30,2024-12-07,1,15.695955276489258
02,2024-11-30,2024-12-14,2,17.736238479614258
02,2024-11-30,2024-12-21,3,16.914915084838867
02,2024-11-30,2024-12-28,4,28.78407096862793
04,2024-11-30,2024-12-07,1,624.0411987304688
04,2024-11-30,2024-12-14,2,492.8894348144531
04,2024-11-30,2024-12-21,3,402.29913330078125
04,2024-11-30,2024-12-28,4,432.77484130859375
05,2024-11-30,2024-12-07,1,19.32208824157715
05,2024-11-30,2024-12-14,2,29.21859359741211
05,2024-11-30,2024-12-21,3,41.43925094604492
05,2024-11-30,2024-12-28,4,41.39682388305664
06,2024-11-30,2024-12-07,1,923.7840576171875
06,2024-11-30,2024-12-14,2,998.2594604492188
06,2024-11-30,2024-12-21,3,1411.203857421875
06,2024-11-30,2024-12-28,4,1257.6236572265625
08,2024-11-30,2024-12-07,1,86.52853393554688
08,2024-11-30,2024-12-14,2,111.8188705444336
08,2024-11-30,2024-12-21,3,169.6346893310547
08,2024-11-30,2024-12-28,4,195.18408203125
09,2024-11-30,2024-12-07,1,19.037866592407227
09,2024-11-30,2024-12-14,2,21.066726684570312
09,2024-11-30,2024-12-21,3,31.580968856811523
09,2024-11-30,2024-12-28,4,40.17491149902344
10,2024-11-30,2024-12-07,1,8.313586235046387
10,2024-11-30,2024-12-14,2,11.970220565795898
10,2024-11-30,2024-12-21,3,34.32305145263672
10,2024-11-30,2024-12-28,4,27.485828399658203
11,2024-11-30,2024-12-07,1,10.64773178100586
11,2024-11-30,2024-12-14,2,14.584075927734375
11,2024-11-30,2024-12-21,3,27.858234405517578
11,2024-11-30,2024-12-28,4,32.00764846801758
12,2024-11-30,2024-12-07,1,686.7908935546875
12,2024-11-30,2024-12-14,2,812.5155029296875
12,2024-11-30,2024-12-21,3,927.614501953125
12,2024-11-30,2024-12-28,4,994.8222045898438
13,2024-11-30,2024-12-07,1,73.88458251953125
13,2024-11-30,2024-12-14,2,103.58356475830078
13,2024-11-30,2024-12-21,3,153.63714599609375
13,2024-11-30,2024-12-28,4,207.3787841796875
15,2024-11-30,2024-12-07,1,20.394241333007812
15,2024-11-30,2024-12-14,2,22.576093673706055
15,2024-11-30,2024-12-21,3,38.51494216918945
15,2024-11-30,2024-12-28,4,57.74650192260742
16,2024-11-30,2024-12-07,1,72.00933074951172
16,2024-11-30,2024-12-14,2,81.49799346923828
16,2024-11-30,2024-12-21,3,124.62677764892578
16,2024-11-30,2024-12-28,4,150.9460906982422
17,2024-11-30,2024-12-07,1,131.61474609375
17,2024-11-30,2024-12-14,2,152.73480224609375
17,2024-11-30,2024-12-21,3,229.7047882080078
17,2024-11-30,2024-12-28,4,303.4464416503906
18,2024-11-30,2024-12-07,1,57.47703170776367
18,2024-11-30,2024-12-14,2,80.72815704345703
18,2024-11-30,2024-12-21,3,118.17143249511719
18,2024-11-30,2024-12-28,4,152.66958618164062
19,2024-11-30,2024-12-07,1,14.08386516571045
19,2024-11-30,2024-12-14,2,15.597397804260254
19,2024-11-30,2024-12-21,3,21.91594696044922
19,2024-11-30,2024-12-28,4,33.40852355957031
20,2024-11-30,2024-12-07,1,32.9212646484375
20,2024-11-30,2024-12-14,2,37.187896728515625
20,2024-11-30,2024-12-21,3,53.96736145019531
20,2024-11-30,2024-12-28,4,85.87452697753906
21,2024-11-30,2024-12-07,1,34.461612701416016
21,2024-11-30,2024-12-14,2,45.06662368774414
21,2024-11-30,2024-12-21,3,65.30805969238281
21,2024-11-30,2024-12-28,4,85.8333969116211
22,2024-11-30,2024-12-07,1,165.24522399902344
22,2024-11-30,2024-12-14,2,178.0543212890625
22,2024-11-30,2024-12-21,3,241.23439025878906
22,2024-11-30,2024-12-28,4,345.2627258300781
23,2024-11-30,2024-12-07,1,7.516319751739502
23,2024-11-30,2024-12-14,2,8.989020347595215
23,2024-11-30,2024-12-21,3,17.78900146484375
23,2024-11-30,2024-12-28,4,24.26127052307129
24,2024-11-30,2024-12-07,1,28.56075668334961
24,2024-11-30,2024-12-14,2,36.82535171508789
24,2024-11-30,2024-12-21,3,62.257240295410156
24,2024-11-30,2024-12-28,4,100.83894348144531
25,2024-11-30,2024-12-07,1,107.96864318847656
25,2024-11-30,2024-12-14,2,146.6551513671875
25,2024-11-30,2024-12-21,3,214.25784301757812
25,2024-11-30,2024-12-28,4,287.37860107421875
26,2024-11-30,2024-12-07,1,98.43805694580078
26,2024-11-30,2024-12-14,2,126.9960708618164
26,2024-11-30,2024-12-21,3,165.4254913330078
26,2024-11-30,2024-12-28,4,197.66183471679688
27,2024-11-30,2024-12-07,1,25.062515258789062
27,2024-11-30,2024-12-14,2,33.06826400756836
27,2024-11-30,2024-12-21,3,45.98423385620117
27,2024-11-30,2024-12-28,4,59.4999885559082
28,2024-11-30,2024-12-07,1,44.266387939453125
28,2024-11-30,2024-12-14,2,44.694427490234375
28,2024-11-30,2024-12-21,3,63.374942779541016
28,2024-11-30,2024-12-28,4,85.01998138427734
29,2024-11-30,2024-12-07,1,72.58660888671875
29,2024-11-30,2024-12-14,2,87.91924285888672
29,2024-11-30,2024-12-21,3,114.34536743164062
29,2024-11-30,2024-12-28,4,136.717529296875
30,2024-11-30,2024-12-07,1,7.781728744506836
30,2024-11-30,2024-12-14,2,9.282637596130371
30,2024-11-30,2024-12-21,3,17.412445068359375
30,2024-11-30,2024-12-28,4,25.79586410522461
31,2024-11-30,2024-12-07,1,16.41807746887207
31,2024-11-30,2024-12-14,2,24.049072265625
31,2024-11-30,2024-12-21,3,35.194740295410156
31,2024-11-30,2024-12-28,4,41.11075973510742
32,2024-11-30,2024-12-07,1,83.12025451660156
32,2024-11-30,2024-12-14,2,123.58406066894531
32,2024-11-30,2024-12-21,3,159.98214721679688
32,2024-11-30,2024-12-28,4,165.55136108398438
33,2024-11-30,2024-12-07,1,17.894025802612305
33,2024-11-30,2024-12-14,2,26.729267120361328
33,2024-11-30,2024-12-21,3,56.86886978149414
33,2024-11-30,2024-12-28,4,55.041744232177734
34,2024-11-30,2024-12-07,1,103.251953125
34,2024-11-30,2024-12-14,2,122.26789855957031
34,2024-11-30,2024-12-21,3,199.60427856445312
34,2024-11-30,2024-12-28,4,203.88690185546875
35,2024-11-30,2024-12-07,1,62.99240493774414
35,2024-11-30,2024-12-14,2,82.84076690673828
35,2024-11-30,2024-12-21,3,110.73041534423828
35,2024-11-30,2024-12-28,4,115.09001922607422
36,2024-11-30,2024-12-07,1,187.49563598632812
36,2024-11-30,2024-12-14,2,274.6965637207031
36,2024-11-30,2024-12-21,3,500.9853515625
36,2024-11-30,2024-12-28,4,602.6400756835938
37,2024-11-30,2024-12-07,1,76.61048126220703
37,2024-11-30,2024-12-14,2,97.89830017089844
37,2024-11-30,2024-12-21,3,149.6471405029297
37,2024-11-30,2024-12-28,4,220.19664001464844
38,2024-11-30,2024-12-07,1,7.7428812980651855
38,2024-11-30,2024-12-14,2,9.4316987991333
38,2024-11-30,2024-12-21,3,16.492202758789062
38,2024-11-30,2024-12-28,4,30.01988983154297
39,2024-11-30,2024-12-07,1,76.40654754638672
39,2024-11-30,2024-12-14,2,99.86157989501953
39,2024-11-30,2024-12-21,3,156.10279846191406
39,2024-11-30,2024-12-28,4,173.3860321044922
40,2024-11-30,2024-12-07,1,56.847774505615234
40,2024-11-30,2024-12-14,2,90.73737335205078
40,2024-11-30,2024-12-21,3,123.69634246826172
40,2024-11-30,2024-12-28,4,150.77272033691406
41,2024-11-30,2024-12-07,1,93.70741271972656
41,2024-11-30,2024-12-14,2,155.3404083251953
41,2024-11-30,2024-12-21,3,237.76466369628906
41,2024-11-30,2024-12-28,4,369.79351806640625
42,2024-11-30,2024-12-07,1,150.06399536132812
42,2024-11-30,2024-12-14,2,150.8148193359375
42,2024-11-30,2024-12-21,3,164.3092041015625
42,2024-11-30,2024-12-28,4,227.35549926757812
44,2024-11-30,2024-12-07,1,9.016776084899902
44,2024-11-30,2024-12-14,2,13.791695594787598
44,2024-11-30,2024-12-21,3,22.97579574584961
44,2024-11-30,2024-12-28,4,24.116804122924805
45,2024-11-30,2024-12-07,1,26.182924270629883
45,2024-11-30,2024-12-14,2,27.263553619384766
45,2024-11-30,2024-12-21,3,38.5755615234375
45,2024-11-30,2024-12-28,4,49.759220123291016
46,2024-11-30,2024-12-07,1,5.007127285003662
46,2024-11-30,2024-12-14,2,9.582651138305664
46,2024-11-30,2024-12-21,3,20.909727096557617
46,2024-11-30,2024-12-28,4,14.061675071716309
47,2024-11-30,2024-12-07,1,71.25666046142578
47,2024-11-30,2024-12-14,2,54.900550842285156
47,2024-11-30,2024-12-21,3,81.48223876953125
47,2024-11-30,2024-12-28,4,140.63795471191406
48,2024-11-30,2024-12-07,1,561.5276489257812
48,2024-11-30,2024-12-14,2,729.0394287109375
48,2024-11-30,2024-12-21,3,812.6265869140625
48,2024-11-30,2024-12-28,4,810.8908081054688
49,2024-11-30,2024-12-07,1,26.256078720092773
49,2024-11-30,2024-12-14,2,39.21626663208008
49,2024-11-30,2024-12-21,3,52.97605895996094
49,2024-11-30,2024-12-28,4,78.89592742919922
50,2024-11-30,2024-12-07,1,5.0273027420043945
50,2024-11-30,2024-12-14,2,10.347016334533691
50,2024-11-30,2024-12-21,3,16.22829246520996
50,2024-11-30,2024-12-28,4,21.491580963134766
51,2024-11-30,2024-12-07,1,73.52318572998047
51,2024-11-30,2024-12-14,2,96.3934097290039
51,2024-11-30,2024-12-21,3,130.0838623046875
51,2024-11-30,2024-12-28,4,163.14248657226562
53,2024-11-30,2024-12-07,1,64.18363189697266
53,2024-11-30,2024-12-14,2,74.75995635986328
53,2024-11-30,2024-12-21,3,137.38174438476562
53,2024-11-30,2024-12-28,4,179.0027313232422
54,2024-11-30,2024-12-07,1,7.988036632537842
54,2024-11-30,2024-12-14,2,11.7488431930542
54,2024-11-30,2024-12-21,3,22.190235137939453
54,2024-11-30,2024-12-28,4,25.88080596923828
55,2024-11-30,2024-12-07,1,25.150114059448242
55,2024-11-30,2024-12-14,2,25.11746597290039
55,2024-11-30,2024-12-21,3,34.698970794677734
55,2024-11-30,2024-12-28,4,57.705074310302734
56,2024-11-30,2024-12-07,1,11.409916877746582
56,2024-11-30,2024-12-14,2,11.316302299499512
56,2024-11-30,2024-12-21,3,23.704181671142578
56,2024-11-30,2024-12-28,4,34.694942474365234
72,2024-11-30,2024-12-07,1,457.2179260253906
72,2024-11-30,2024-12-14,2,341.8418273925781
72,2024-11-30,2024-12-21,3,244.58494567871094
72,2024-11-30,2024-12-28,4,232.71792602539062
US,2024-11-30,2024-12-07,1,2740.375244140625
US,2024-11-30,2024-12-14,2,2084.418212890625
US,2024-11-30,2024-12-21,3,1424.7528076171875
US,2024-11-30,2024-12-28,4,1262.3585205078125
01,2024-12-07,2024-12-14,1,129.08444213867188
01,2024-12-07,2024-12-21,2,154.68275451660156
01,2024-12-07,2024-12-28,3,212.69686889648438
01,2024-12-07,2025-01-04,4,261.0993347167969
02,2024-12-07,2024-12-14,1,23.37217140197754
02,2024-12-07,2024-12-21,2,28.434940338134766
02,2024-12-07,2024-12-28,3,33.99168014526367
02,2024-12-07,2025-01-04,4,39.43539810180664
04,2024-12-07,2024-12-14,1,927.447265625
04,2024-12-07,2024-12-21,2,802.9120483398438
04,2024-12-07,2024-12-28,3,567.0321044921875
04,2024-12-07,2025-01-04,4,990.8379516601562
05,2024-12-07,2024-12-14,1,44.32545852661133
05,2024-12-07,2024-12-21,2,79.16364288330078
05,2024-12-07,2024-12-28,3,113.71590423583984
05,2024-12-07,2025-01-04,4,104.64478302001953
06,2024-12-07,2024-12-14,1,1343.25146484375
06,2024-12-07,2024-12-21,2,1970.7197265625
06,2024-12-07,2024-12-28,3,1683.59423828125
06,2024-12-07,2025-01-04,4,1504.7320556640625
08,2024-12-07,2024-12-14,1,122.79581451416016
08,2024-12-07,2024-12-21,2,152.3382110595703
08,2024-12-07,2024-12-28,3,196.78919982910156
08,2024-12-07,2025-01-04,4,265.46051025390625
09,2024-12-07,2024-12-14,1,23.546415328979492
09,2024-12-07,2024-12-21,2,33.07563018798828
09,2024-12-07,2024-12-28,3,47.071388244628906
09,2024-12-07,2025-01-04,4,76.01551818847656
10,2024-12-07,2024-12-14,1,17.858579635620117
10,2024-12-07,2024-12-21,2,27.141826629638672
10,2024-12-07,2024-12-28,3,47.60923767089844
10,2024-12-07,2025-01-04,4,51.15707015991211
11,2024-12-07,2024-12-14,1,9.116640090942383
11,2024-12-07,2024-12-21,2,15.192009925842285
11,2024-12-07,2024-12-28,3,28.55616569519043
11,2024-12-07,2025-01-04,4,52.754905700683594
12,2024-12-07,2024-12-14,1,809.605712890625
12,2024-12-07,2024-12-21,2,852.3336791992188
12,2024-12-07,2024-12-28,3,960.4800415039062
12,2024-12-07,2025-01-04,4,964.4224243164062
13,2024-12-07,2024-12-14,1,107.37931060791016
13,2024-12-07,2024-12-21,2,161.69589233398438
13,2024-12-07,2024-12-28,3,274.96478271484375
13,2024-12-07,2025-01-04,4,264.5726623535156
15,2024-12-07,2024-12-14,1,25.24355697631836
15,2024-12-07,2024-12-21,2,31.995210647583008
15,2024-12-07,2024-12-28,3,46.264041900634766
15,2024-12-07,2025-01-04,4,60.87831497192383
16,2024-12-07,2024-12-14,1,85.13544464111328
16,2024-12-07,2024-12-21,2,110.37889099121094
16,2024-12-07,2024-12-28,3,114.48648834228516
16,2024-12-07,2025-01-04,4,158.26329040527344
17,2024-12-07,2024-12-14,1,144.01333618164062
17,2024-12-07,2024-12-21,2,188.3706512451172
17,2024-12-07,2024-12-28,3,264.6318054199219
17,2024-12-07,2025-01-04,4,371.9482116699219
18,2024-12-07,2024-12-14,1,91.84600830078125
18,2024-12-07,2024-12-21,2,129.40379333496094
18,2024-12-07,2024-12-28,3,171.51205444335938
18,2024-12-07,2025-01-04,4,166.5040283203125
19,2024-12-07,2024-12-14,1,24.112520217895508
19,2024-12-07,2024-12-21,2,27.773683547973633
19,2024-12-07,2024-12-28,3,50.85929870605469
19,2024-12-07,2025-01-04,4,71.08206939697266
20,2024-12-07,2024-12-14,1,49.06977462768555
20,2024-12-07,2024-12-21,2,67.41719055175781
20,2024-12-07,2024-12-28,3,105.91739654541016
20,2024-12-07,2025-01-04,4,109.937744140625
21,2024-12-07,2024-12-14,1,62.946781158447266
21,2024-12-07,2024-12-21,2,96.24822998046875
21,2024-12-07,2024-12-28,3,133.85531616210938
21,2024-12-07,2025-01-04,4,127.4468765258789
22,2024-12-07,2024-12-14,1,182.3084716796875
22,2024-12-07,2024-12-21,2,212.0328369140625
22,2024-12-07,2024-12-28,3,185.52056884765625
22,2024-12-07,2025-01-04,4,283.1999816894531
23,2024-12-07,2024-12-14,1,8.304746627807617
23,2024-12-07,2024-12-21,2,12.176569938659668
23,2024-12-07,2024-12-28,3,22.499130249023438
23,2024-12-07,2025-01-04,4,39.50933074951172
24,2024-12-07,2024-12-14,1,59.35358428955078
24,2024-12-07,2024-12-21,2,82.39633178710938
24,2024-12-07,2024-12-28,3,143.70468139648438
24,2024-12-07,2025-01-04,4,131.11300659179688
25,2024-12-07,2024-12-14,1,110.92195129394531
25,2024-12-07,2024-12-21,2,156.54074096679688
25,2024-12-07,2024-12-28,3,197.48374938964844
25,2024-12-07,2025-01-04,4,185.89234924316406
26,2024-12-07,2024-12-14,1,130.46368408203125
26,2024-12-07,2024-12-21,2,167.73507690429688
26,2024-12-07,2024-12-28,3,258.3284912109375
26,2024-12-07,2025-01-04,4,263.39288330078125
27,2024-12-07,2024-12-14,1,52.6541862487793
27,2024-12-07,2024-12-21,2,72.52884674072266
27,2024-12-07,2024-12-28,3,127.54981231689453
27,2024-12-07,2025-01-04,4,118.97418212890625
28,2024-12-07,2024-12-14,1,43.69163513183594
28,2024-12-07,2024-12-21,2,50.40196990966797
28,2024-12-07,2024-12-28,3,67.94641876220703
28,2024-12-07,2025-01-04,4,80.3834457397461
29,2024-12-07,2024-12-14,1,61.03995132446289
29,2024-12-07,2024-12-21,2,81.40119934082031
29,2024-12-07,2024-12-28,3,94.89188385009766
29,2024-12-07,2025-01-04,4,104.5854721069336
30,2024-12-07,2024-12-14,1,9.35476016998291
30,2024-12-07,2024-12-21,2,11.3690824508667
30,2024-12-07,2024-12-28,3,24.75726318359375
30,2024-12-07,2025-01-04,4,40.22475814819336
31,2024-12-07,2024-12-14,1,15.910287857055664
31,2024-12-07,2024-12-21,2,27.387439727783203
31,2024-12-07,2024-12-28,3,36.20509719848633
31,2024-12-07,2025-01-04,4,53.908145904541016
32,2024-12-07,2024-12-14,1,115.38347625732422
32,2024-12-07,2024-12-21,2,133.45724487304688
32,2024-12-07,2024-12-28,3,146.7579803466797
32,2024-12-07,2025-01-04,4,134.2346649169922
33,2024-12-07,2024-12-14,1,23.56183433532715
33,2024-12-07,2024-12-21,2,31.641862869262695
33,2024-12-07,2024-12-28,3,47.092987060546875
33,2024-12-07,2025-01-04,4,48.48128128051758
34,2024-12-07,2024-12-14,1,144.30453491210938
34,2024-12-07,2024-12-21,2,180.57655334472656
34,2024-12-07,2024-12-28,3,242.2601776123047
34,2024-12-07,2025-01-04,4,438.5744934082031
35,2024-12-07,2024-12-14,1,115.01911926269531
35,2024-12-07,2024-12-21,2,109.41014099121094
35,2024-12-07,2024-12-28,3,132.15328979492188
35,2024-12-07,2025-01-04,4,221.69674682617188
36,2024-12-07,2024-12-14,1,323.9563293457031
36,2024-12-07,2024-12-21,2,510.8756408691406
36,2024-12-07,2024-12-28,3,741.7037353515625
36,2024-12-07,2025-01-04,4,774.3916625976562
37,2024-12-07,2024-12-14,1,92.96472930908203
37,2024-12-07,2024-12-21,2,131.0859375
37,2024-12-07,2024-12-28,3,182.59559631347656
37,2024-12-07,2025-01-04,4,190.26254272460938
38,2024-12-07,2024-12-14,1,7.5431437492370605
38,2024-12-07,2024-12-21,2,9.345367431640625
38,2024-12-07,2024-12-28,3,25.171560287475586
38,2024-12-07,2025-01-04,4,42.025306701660156
39,2024-12-07,2024-12-14,1,123.74296569824219
39,2024-12-07,2024-12-21,2,156.55320739746094
39,2024-12-07,2024-12-28,3,228.30020141601562
39,2024-12-07,2025-01-04,4,295.52960205078125
40,2024-12-07,2024-12-14,1,50.0347785949707
40,2024-12-07,2024-12-21,2,94.46836853027344
40,2024-12-07,2024-12-28,3,112.69473266601562
40,2024-12-07,2025-01-04,4,106.58421325683594
41,2024-12-07,2024-12-14,1,117.77241516113281
41,2024-12-07,2024-12-21,2,175.9563751220703
41,2024-12-07,2024-12-28,3,246.00347900390625
41,2024-12-07,2025-01-04,4,321.012451171875
42,2024-12-07,2024-12-14,1,178.11599731445312
42,2024-12-07,2024-12-21,2,202.65122985839844
42,2024-12-07,2024-12-28,3,304.5400085449219
42,2024-12-07,2025-01-04,4,362.8883056640625
44,2024-12-07,2024-12-14,1,15.943852424621582
44,2024-12-07,2024-12-21,2,21.276554107666016
44,2024-12-07,2024-12-28,3,34.5972785949707
44,2024-12-07,2025-01-04,4,50.95938491821289
45,2024-12-07,2024-12-14,1,57.50802230834961
45,2024-12-07,2024-12-21,2,85.73008728027344
45,2024-12-07,2024-12-28,3,133.47386169433594
45,2024-12-07,2025-01-04,4,132.13687133789062
46,2024-12-07,2024-12-14,1,8.74322509765625
46,2024-12-07,2024-12-21,2,10.826452255249023
46,2024-12-07,2024-12-28,3,25.812564849853516
46,2024-12-07,2025-01-04,4,55.47785568237305
47,2024-12-07,2024-12-14,1,125.79590606689453
47,2024-12-07,2024-12-21,2,108.77450561523438
47,2024-12-07,2024-12-28,3,195.69252014160156
47,2024-12-07,2025-01-04,4,214.09976196289062
48,2024-12-07,2024-12-14,1,654.2733154296875
48,2024-12-07,2024-12-21,2,764.892578125
48,2024-12-07,2024-12-28,3,850.7659301757812
48,2024-12-07,2025-01-04,4,761.7716064453125
49,2024-12-07,2024-12-14,1,72.58580017089844
49,2024-12-07,2024-12-21,2,91.96537017822266
49,2024-12-07,2024-12-28,3,161.67018127441406
49,2024-12-07,2025-01-04,4,197.08499145507812
50,2024-12-07,2024-12-14,1,8.035295486450195
50,2024-12-07,2024-12-21,2,9.613306045532227
50,2024-12-07,2024-12-28,3,19.950958251953125
50,2024-12-07,2025-01-04,4,46.12778091430664
51,2024-12-07,2024-12-14,1,100.42037200927734
51,2024-12-07,2024-12-21,2,132.80247497558594
51,2024-12-07,2024-12-28,3,176.95492553710938
51,2024-12-07,2025-01-04,4,173.4908905029297
53,2024-12-07,2024-12-14,1,117.53424835205078
53,2024-12-07,2024-12-21,2,146.69741821289062
53,2024-12-07,2024-12-28,3,235.76998901367188
53,2024-12-07,2025-01-04,4,281.1123962402344
54,2024-12-07,2024-12-14,1,27.76250648498535
54,2024-12-07,2024-12-21,2,26.838397979736328
54,2024-12-07,2024-12-28,3,51.75007247924805
54,2024-12-07,2025-01-04,4,72.838134765625
55,2024-12-07,2024-12-14,1,34.278221130371094
55,2024-12-07,2024-12-21,2,42.5716667175293
55,2024-12-07,2024-12-28,3,77.43367767333984
55,2024-12-07,2025-01-04,4,91.6471176147461
56,2024-12-07,2024-12-14,1,12.364665985107422
56,2024-12-07,2024-12-21,2,14.693521499633789
56,2024-12-07,2024-12-28,3,21.271316528320312
56,2024-12-07,2025-01-04,4,39.60053634643555
72,2024-12-07,2024-12-14,1,518.030029296875
72,2024-12-07,2024-12-21,2,335.3059997558594
72,2024-12-07,2024-12-28,3,335.9307556152344
72,2024-12-07,2025-01-04,4,305.8772277832031
US,2024-12-07,2024-12-14,1,2154.528076171875
US,2024-12-07,2024-12-21,2,1956.905517578125
US,2024-12-07,2024-12-28,3,1523.98193359375
US,2024-12-07,2025-01-04,4,1224.052490234375
01,2024-12-14,2024-12-21,1,248.57847595214844
01,2024-12-14,2024-12-28,2,348.20526123046875
01,2024-12-14,2025-01-04,3,455.4991455078125
01,2024-12-14,2025-01-11,4,302.43048095703125
02,2024-12-14,2024-12-21,1,23.35428810119629
02,2024-12-14,2024-12-28,2,57.78609085083008
02,2024-12-14,2025-01-04,3,42.24074935913086
02,2024-12-14,2025-01-11,4,27.943988800048828
04,2024-12-14,2024-12-21,1,1050.2767333984375
04,2024-12-14,2024-12-28,2,858.686767578125
04,2024-12-14,2025-01-04,3,775.8798217773438
04,2024-12-14,2025-01-11,4,656.2962036132812
05,2024-12-14,2024-12-21,1,69.78363800048828
05,2024-12-14,2024-12-28,2,124.71475219726562
05,2024-12-14,2025-01-04,3,143.17367553710938
05,2024-12-14,2025-01-11,4,95.34150695800781
06,2024-12-14,2024-12-21,1,1711.67919921875
06,2024-12-14,2024-12-28,2,2128.20166015625
06,2024-12-14,2025-01-04,3,1296.1102294921875
06,2024-12-14,2025-01-11,4,1111.029296875
08,2024-12-14,2024-12-21,1,160.5860137939453
08,2024-12-14,2024-12-28,2,244.30702209472656
08,2024-12-14,2025-01-04,3,296.7228088378906
08,2024-12-14,2025-01-11,4,196.08018493652344
09,2024-12-14,2024-12-21,1,42.876827239990234
09,2024-12-14,2024-12-28,2,68.75382232666016
09,2024-12-14,2025-01-04,3,102.20205688476562
09,2024-12-14,2025-01-11,4,86.77609252929688
10,2024-12-14,2024-12-21,1,28.597145080566406
10,2024-12-14,2024-12-28,2,43.09822463989258
10,2024-12-14,2025-01-04,3,65.1179428100586
10,2024-12-14,2025-01-11,4,49.57550048828125
11,2024-12-14,2024-12-21,1,12.8980131149292
11,2024-12-14,2024-12-28,2,25.470396041870117
11,2024-12-14,2025-01-04,3,34.79174041748047
11,2024-12-14,2025-01-11,4,46.515167236328125
12,2024-12-14,2024-12-21,1,1052.0419921875
12,2024-12-14,2024-12-28,2,1163.273681640625
12,2024-12-14,2025-01-04,3,1209.287353515625
12,2024-12-14,2025-01-11,4,1043.8680419921875
13,2024-12-14,2024-12-21,1,279.8044738769531
13,2024-12-14,2024-12-28,2,443.00506591796875
13,2024-12-14,2025-01-04,3,567.7294921875
13,2024-12-14,2025-01-11,4,383.29669189453125
15,2024-12-14,2024-12-21,1,41.47681427001953
15,2024-12-14,2024-12-28,2,68.37218475341797
15,2024-12-14,2025-01-04,3,74.94990539550781
15,2024-12-14,2025-01-11,4,46.89896774291992
16,2024-12-14,2024-12-21,1,110.59786987304688
16,2024-12-14,2024-12-28,2,162.8290252685547
16,2024-12-14,2025-01-04,3,199.29176330566406
16,2024-12-14,2025-01-11,4,96.36446380615234
17,2024-12-14,2024-12-21,1,316.71429443359375
17,2024-12-14,2024-12-28,2,567.8359985351562
17,2024-12-14,2025-01-04,3,726.24951171875
17,2024-12-14,2025-01-11,4,516.7293090820312
18,2024-12-14,2024-12-21,1,178.06625366210938
18,2024-12-14,2024-12-28,2,249.5911865234375
18,2024-12-14,2025-01-04,3,422.4976806640625
18,2024-12-14,2025-01-11,4,258.85791015625
19,2024-12-14,2024-12-21,1,32.345394134521484
19,2024-12-14,2024-12-28,2,51.221031188964844
19,2024-12-14,2025-01-04,3,100.33000183105469
19,2024-12-14,2025-01-11,4,86.46627807617188
20,2024-12-14,2024-12-21,1,117.88545227050781
20,2024-12-14,2024-12-28,2,165.03973388671875
20,2024-12-14,2025-01-04,3,217.5914306640625
20,2024-12-14,2025-01-11,4,94.38702392578125
21,2024-12-14,2024-12-21,1,126.03700256347656
21,2024-12-14,2024-12-28,2,170.2903289794922
21,2024-12-14,2025-01-04,3,245.0727996826172
21,2024-12-14,2025-01-11,4,159.97897338867188
22,2024-12-14,2024-12-21,1,330.2066345214844
22,2024-12-14,2024-12-28,2,434.2633972167969
22,2024-12-14,2025-01-04,3,450.8169860839844
22,2024-12-14,2025-01-11,4,213.09129333496094
23,2024-12-14,2024-12-21,1,11.835859298706055
23,2024-12-14,2024-12-28,2,23.143861770629883
23,2024-12-14,2025-01-04,3,33.15391540527344
23,2024-12-14,2025-01-11,4,41.498985290527344
24,2024-12-14,2024-12-21,1,115.84673309326172
24,2024-12-14,2024-12-28,2,202.8957061767578
24,2024-12-14,2025-01-04,3,272.7550964355469
24,2024-12-14,2025-01-11,4,200.2712860107422
25,2024-12-14,2024-12-21,1,163.29904174804688
25,2024-12-14,2024-12-28,2,240.3357391357422
25,2024-12-14,2025-01-04,3,379.6676330566406
25,2024-12-14,2025-01-11,4,214.71444702148438
26,2024-12-14,2024-12-21,1,248.67930603027344
26,2024-12-14,2024-12-28,2,382.7084045410156
26,2024-12-14,2025-01-04,3,581.3976440429688
26,2024-12-14,2025-01-11,4,396.4957580566406
27,2024-12-14,2024-12-21,1,134.70489501953125
27,2024-12-14,2024-12-28,2,183.07156372070312
27,2024-12-14,2025-01-04,3,258.4083557128906
27,2024-12-14,2025-01-11,4,254.50546264648438
28,2024-12-14,2024-12-21,1,84.0234375
28,2024-12-14,2024-12-28,2,133.7595977783203
28,2024-12-14,2025-01-04,3,140.7959747314453
28,2024-12-14,2025-01-11,4,98.8321304321289
29,2024-12-14,2024-12-21,1,130.18186950683594
29,2024-12-14,2024-12-28,2,175.36431884765625
29,2024-12-14,2025-01-04,3,261.8938903808594
29,2024-12-14,2025-01-11,4,168.16725158691406
30,2024-12-14,2024-12-21,1,14.099836349487305
30,2024-12-14,2024-12-28,2,27.211833953857422
30,2024-12-14,2025-01-04,3,34.727054595947266
30,2024-12-14,2025-01-11,4,47.48793029785156
31,2024-12-14,2024-12-21,1,32.109764099121094
31,2024-12-14,2024-12-28,2,47.91213607788086
31,2024-12-14,2025-01-04,3,83.9695816040039
31,2024-12-14,2025-01-11,4,68.54377746582031
32,2024-12-14,2024-12-21,1,139.98695373535156
32,2024-12-14,2024-12-28,2,187.3214874267578
32,2024-12-14,2025-01-04,3,212.6918182373047
32,2024-12-14,2025-01-11,4,130.5602264404297
33,2024-12-14,2024-12-21,1,33.67460632324219
33,2024-12-14,2024-12-28,2,45.816287994384766
33,2024-12-14,2025-01-04,3,82.40573120117188
33,2024-12-14,2025-01-11,4,65.92539978027344
34,2024-12-14,2024-12-21,1,225.1317138671875
34,2024-12-14,2024-12-28,2,370.2373962402344
34,2024-12-14,2025-01-04,3,561.9108276367188
34,2024-12-14,2025-01-11,4,409.566650390625
35,2024-12-14,2024-12-21,1,142.69004821777344
35,2024-12-14,2024-12-28,2,166.2570343017578
35,2024-12-14,2025-01-04,3,201.26513671875
35,2024-12-14,2025-01-11,4,106.07296752929688
36,2024-12-14,2024-12-21,1,616.3605346679688
36,2024-12-14,2024-12-28,2,801.0064697265625
36,2024-12-14,2025-01-04,3,1060.6759033203125
36,2024-12-14,2025-01-11,4,746.273681640625
37,2024-12-14,2024-12-21,1,219.3856658935547
37,2024-12-14,2024-12-28,2,306.992919921875
37,2024-12-14,2025-01-04,3,547.973388671875
37,2024-12-14,2025-01-11,4,322.2240295410156
38,2024-12-14,2024-12-21,1,11.538758277893066
38,2024-12-14,2024-12-28,2,23.348379135131836
38,2024-12-14,2025-01-04,3,36.94008255004883
38,2024-12-14,2025-01-11,4,46.67300033569336
39,2024-12-14,2024-12-21,1,192.270263671875
39,2024-12-14,2024-12-28,2,301.1771545410156
39,2024-12-14,2025-01-04,3,460.391845703125
39,2024-12-14,2025-01-11,4,366.2210388183594
40,2024-12-14,2024-12-21,1,83.5814208984375
40,2024-12-14,2024-12-28,2,127.43924713134766
40,2024-12-14,2025-01-04,3,156.987548828125
40,2024-12-14,2025-01-11,4,117.03914642333984
41,2024-12-14,2024-12-21,1,263.49066162109375
41,2024-12-14,2024-12-28,2,462.11865234375
41,2024-12-14,2025-01-04,3,534.2102661132812
41,2024-12-14,2025-01-11,4,198.67984008789062
42,2024-12-14,2024-12-21,1,353.04791259765625
42,2024-12-14,2024-12-28,2,562.33642578125
42,2024-12-14,2025-01-04,3,743.7474365234375
42,2024-12-14,2025-01-11,4,474.2851867675781
44,2024-12-14,2024-12-21,1,51.7045783996582
44,2024-12-14,2024-12-28,2,65.75949096679688
44,2024-12-14,2025-01-04,3,99.91185760498047
44,2024-12-14,2025-01-11,4,71.16118621826172
45,2024-12-14,2024-12-21,1,119.66704559326172
45,2024-12-14,2024-12-28,2,193.25619506835938
45,2024-12-14,2025-01-04,3,277.0548095703125
45,2024-12-14,2025-01-11,4,176.11819458007812
46,2024-12-14,2024-12-21,1,12.740911483764648
46,2024-12-14,2024-12-28,2,29.372325897216797
46,2024-12-14,2025-01-04,3,56.09904861450195
46,2024-12-14,2025-01-11,4,50.88429641723633
47,2024-12-14,2024-12-21,1,266.2252502441406
47,2024-12-14,2024-12-28,2,362.4312744140625
47,2024-12-14,2025-01-04,3,526.0267333984375
47,2024-12-14,2025-01-11,4,288.8565673828125
48,2024-12-14,2024-12-21,1,924.598876953125
48,2024-12-14,2024-12-28,2,840.3500366210938
48,2024-12-14,2025-01-04,3,969.841796875
48,2024-12-14,2025-01-11,4,680.5399169921875
49,2024-12-14,2024-12-21,1,94.96282196044922
49,2024-12-14,2024-12-28,2,163.263916015625
49,2024-12-14,2025-01-04,3,213.34579467773438
49,2024-12-14,2025-01-11,4,112.64418029785156
50,2024-12-14,2024-12-21,1,14.621129989624023
50,2024-12-14,2024-12-28,2,30.094932556152344
50,2024-12-14,2025-01-04,3,48.4174919128418
50,2024-12-14,2025-01-11,4,48.925941467285156
51,2024-12-14,2024-12-21,1,183.26292419433594
51,2024-12-14,2024-12-28,2,283.8863830566406
51,2024-12-14,2025-01-04,3,468.76202392578125
51,2024-12-14,2025-01-11,4,276.5014953613281
53,2024-12-14,2024-12-21,1,271.00311279296875
53,2024-12-14,2024-12-28,2,361.60150146484375
53,2024-12-14,2025-01-04,3,476.9806823730469
53,2024-12-14,2025-01-11,4,209.48106384277344
54,2024-12-14,2024-12-21,1,28.478113174438477
54,2024-12-14,2024-12-28,2,51.56820297241211
54,2024-12-14,2025-01-04,3,102.21139526367188
54,2024-12-14,2025-01-11,4,61.17958450317383
55,2024-12-14,2024-12-21,1,101.2314453125
55,2024-12-14,2024-12-28,2,200.0243682861328
55,2024-12-14,2025-01-04,3,286.2889709472656
55,2024-12-14,2025-01-11,4,212.74456787109375
56,2024-12-14,2024-12-21,1,24.726491928100586
56,2024-12-14,2024-12-28,2,51.56269836425781
56,2024-12-14,2025-01-04,3,97.72999572753906
56,2024-12-14,2025-01-11,4,42.436851501464844
72,2024-12-14,2024-12-21,1,301.6285705566406
72,2024-12-14,2024-12-28,2,235.68844604492188
72,2024-12-14,2025-01-04,3,277.6495666503906
72,2024-12-14,2025-01-11,4,106.68814849853516
US,2024-12-14,2024-12-21,1,2753.7
US,2024-12-14,2024-12-28,2,1951.5643310546875
US,2024-12-14,2025-01-04,3,1462.79296875
US,2024-12-14,2025-01-11,4,1031.8011474609375
01,2024-12-21,2024-12-28,1,640.34228515625
01,2024-12-21,2025-01-04,2,700.0346069335938
01,2024-12-21,2025-01-11,3,510.6256408691406
01,2024-12-21,2025-01-18,4,226.1892547607422
02,2024-12-21,2024-12-28,1,35.96138000488281
02,2024-12-21,2025-01-04,2,40.23716354370117
02,2024-12-21,2025-01-11,3,29.912353515625
02,2024-12-21,2025-01-18,4,29.63588523864746
04,2024-12-21,2024-12-28,1,1194.83642578125
04,2024-12-21,2025-01-04,2,1304.963134765625
04,2024-12-21,2025-01-11,3,888.04833984375
04,2024-12-21,2025-01-18,4,776.3818969726562
05,2024-12-21,2024-12-28,1,100.50363159179688
05,2024-12-21,2025-01-04,2,135.1044158935547
05,2024-12-21,2025-01-11,3,133.67079162597656
05,2024-12-21,2025-01-18,4,89.45881652832031
06,2024-12-21,2024-12-28,1,1553.3853759765625
06,2024-12-21,2025-01-04,2,1709.3707275390625
06,2024-12-21,2025-01-11,3,1136.210205078125
06,2024-12-21,2025-01-18,4,1015.1334228515625
08,2024-12-21,2024-12-28,1,227.90267944335938
08,2024-12-21,2025-01-04,2,300.96356201171875
08,2024-12-21,2025-01-11,3,243.92091369628906
08,2024-12-21,2025-01-18,4,172.1339569091797
09,2024-12-21,2024-12-28,1,71.4560775756836
09,2024-12-21,2025-01-04,2,106.59761047363281
09,2024-12-21,2025-01-11,3,102.46497344970703
09,2024-12-21,2025-01-18,4,115.55094909667969
10,2024-12-21,2024-12-28,1,46.53291320800781
10,2024-12-21,2025-01-04,2,61.802947998046875
10,2024-12-21,2025-01-11,3,34.32661437988281
10,2024-12-21,2025-01-18,4,30.317092895507812
11,2024-12-21,2024-12-28,1,35.52626037597656
11,2024-12-21,2025-01-04,2,32.719757080078125
11,2024-12-21,2025-01-11,3,26.655590057373047
11,2024-12-21,2025-01-18,4,23.266592025756836
12,2024-12-21,2024-12-28,1,1476.1534423828125
12,2024-12-21,2025-01-04,2,1344.600830078125
12,2024-12-21,2025-01-11,3,1008.8778686523438
12,2024-12-21,2025-01-18,4,905.4739990234375
13,2024-12-21,2024-12-28,1,567.5383911132812
13,2024-12-21,2025-01-04,2,691.4447021484375
13,2024-12-21,2025-01-11,3,665.3536376953125
13,2024-12-21,2025-01-18,4,448.64373779296875
15,2024-12-21,2024-12-28,1,63.111732482910156
15,2024-12-21,2025-01-04,2,77.50885772705078
15,2024-12-21,2025-01-11,3,37.21052932739258
15,2024-12-21,2025-01-18,4,33.345619201660156
16,2024-12-21,2024-12-28,1,228.7156982421875
16,2024-12-21,2025-01-04,2,286.7454528808594
16,2024-12-21,2025-01-11,3,204.83058166503906
16,2024-12-21,2025-01-18,4,74.50936889648438
17,2024-12-21,2024-12-28,1,784.4234008789062
17,2024-12-21,2025-01-04,2,726.8096313476562
17,2024-12-21,2025-01-11,3,811.4921875
17,2024-12-21,2025-01-18,4,420.83795166015625
18,2024-12-21,2024-12-28,1,424.4207458496094
18,2024-12-21,2025-01-04,2,472.75286865234375
18,2024-12-21,2025-01-11,3,361.2342224121094
18,2024-12-21,2025-01-18,4,236.04498291015625
19,2024-12-21,2024-12-28,1,74.35918426513672
19,2024-12-21,2025-01-04,2,106.49327850341797
19,2024-12-21,2025-01-11,3,102.73595428466797
19,2024-12-21,2025-01-18,4,108.88289642333984
20,2024-12-21,2024-12-28,1,182.36277770996094
20,2024-12-21,2025-01-04,2,177.5748291015625
20,2024-12-21,2025-01-11,3,145.21670532226562
20,2024-12-21,2025-01-18,4,75.71246337890625
21,2024-12-21,2024-12-28,1,299.3455810546875
21,2024-12-21,2025-01-04,2,388.43096923828125
21,2024-12-21,2025-01-11,3,243.05780029296875
21,2024-12-21,2025-01-18,4,159.84446716308594
22,2024-12-21,2024-12-28,1,590.596923828125
22,2024-12-21,2025-01-04,2,507.552490234375
22,2024-12-21,2025-01-11,3,396.7525939941406
22,2024-12-21,2025-01-18,4,180.8693389892578
23,2024-12-21,2024-12-28,1,29.42406463623047
23,2024-12-21,2025-01-04,2,36.00913619995117
23,2024-12-21,2025-01-11,3,46.6738395690918
23,2024-12-21,2025-01-18,4,63.859779357910156
24,2024-12-21,2024-12-28,1,193.0382080078125
24,2024-12-21,2025-01-04,2,247.216796875
24,2024-12-21,2025-01-11,3,232.4090118408203
24,2024-12-21,2025-01-18,4,152.81398010253906
25,2024-12-21,2024-12-28,1,177.693115234375
25,2024-12-21,2025-01-04,2,194.5608367919922
25,2024-12-21,2025-01-11,3,228.71278381347656
25,2024-12-21,2025-01-18,4,168.89012145996094
26,2024-12-21,2024-12-28,1,313.3899230957031
26,2024-12-21,2025-01-04,2,398.3292541503906
26,2024-12-21,2025-01-11,3,341.7052001953125
26,2024-12-21,2025-01-18,4,317.2441711425781
27,2024-12-21,2024-12-28,1,260.3631896972656
27,2024-12-21,2025-01-04,2,436.42852783203125
27,2024-12-21,2025-01-11,3,288.9763488769531
27,2024-12-21,2025-01-18,4,166.3538818359375
28,2024-12-21,2024-12-28,1,143.23828125
28,2024-12-21,2025-01-04,2,171.3817138671875
28,2024-12-21,2025-01-11,3,165.28817749023438
28,2024-12-21,2025-01-18,4,149.83335876464844
29,2024-12-21,2024-12-28,1,282.2886047363281
29,2024-12-21,2025-01-04,2,453.45098876953125
29,2024-12-21,2025-01-11,3,299.9115905761719
29,2024-12-21,2025-01-18,4,237.26882934570312
30,2024-12-21,2024-12-28,1,42.56226348876953
30,2024-12-21,2025-01-04,2,69.5286865234375
30,2024-12-21,2025-01-11,3,36.12006378173828
30,2024-12-21,2025-01-18,4,37.63398742675781
31,2024-12-21,2024-12-28,1,102.12422180175781
31,2024-12-21,2025-01-04,2,125.98367309570312
31,2024-12-21,2025-01-11,3,114.58646392822266
31,2024-12-21,2025-01-18,4,63.76206970214844
32,2024-12-21,2024-12-28,1,284.9264831542969
32,2024-12-21,2025-01-04,2,307.9418029785156
32,2024-12-21,2025-01-11,3,227.21119689941406
32,2024-12-21,2025-01-18,4,117.65340423583984
33,2024-12-21,2024-12-28,1,39.5297737121582
33,2024-12-21,2025-01-04,2,54.15984344482422
33,2024-12-21,2025-01-11,3,45.346858978271484
33,2024-12-21,2025-01-18,4,41.45870590209961
34,2024-12-21,2024-12-28,1,481.6915283203125
34,2024-12-21,2025-01-04,2,678.656005859375
34,2024-12-21,2025-01-11,3,464.8266906738281
34,2024-12-21,2025-01-18,4,472.89752197265625
35,2024-12-21,2024-12-28,1,253.71812438964844
35,2024-12-21,2025-01-04,2,322.57501220703125
35,2024-12-21,2025-01-11,3,216.76925659179688
35,2024-12-21,2025-01-18,4,93.72245025634766
36,2024-12-21,2024-12-28,1,1079.615966796875
36,2024-12-21,2025-01-04,2,1139.460205078125
36,2024-12-21,2025-01-11,3,1283.719970703125
36,2024-12-21,2025-01-18,4,789.3422241210938
37,2024-12-21,2024-12-28,1,451.0227966308594
37,2024-12-21,2025-01-04,2,494.16949462890625
37,2024-12-21,2025-01-11,3,459.3898010253906
37,2024-12-21,2025-01-18,4,407.1709289550781
38,2024-12-21,2024-12-28,1,20.272764205932617
38,2024-12-21,2025-01-04,2,31.9361515045166
38,2024-12-21,2025-01-11,3,30.217580795288086
38,2024-12-21,2025-01-18,4,36.230186462402344
39,2024-12-21,2024-12-28,1,453.83251953125
39,2024-12-21,2025-01-04,2,523.6602783203125
39,2024-12-21,2025-01-11,3,423.4195251464844
39,2024-12-21,2025-01-18,4,345.1016845703125
40,2024-12-21,2024-12-28,1,161.33314514160156
40,2024-12-21,2025-01-04,2,169.4315185546875
40,2024-12-21,2025-01-11,3,146.34854125976562
40,2024-12-21,2025-01-18,4,97.13380432128906
41,2024-12-21,2024-12-28,1,574.2888793945312
41,2024-12-21,2025-01-04,2,469.47857666015625
41,2024-12-21,2025-01-11,3,368.67041015625
41,2024-12-21,2025-01-18,4,131.4569854736328
42,2024-12-21,2024-12-28,1,816.6771850585938
42,2024-12-21,2025-01-04,2,884.7595825195312
42,2024-12-21,2025-01-11,3,701.49169921875
42,2024-12-21,2025-01-18,4,518.4382934570312
44,2024-12-21,2024-12-28,1,38.32844924926758
44,2024-12-21,2025-01-04,2,62.73242950439453
44,2024-12-21,2025-01-11,3,57.86654281616211
44,2024-12-21,2025-01-18,4,45.84978103637695
45,2024-12-21,2024-12-28,1,258.70697021484375
45,2024-12-21,2025-01-04,2,295.43072509765625
45,2024-12-21,2025-01-11,3,285.8226623535156
45,2024-12-21,2025-01-18,4,127.39683532714844
46,2024-12-21,2024-12-28,1,28.02998161315918
46,2024-12-21,2025-01-04,2,36.82001495361328
46,2024-12-21,2025-01-11,3,45.357078552246094
46,2024-12-21,2025-01-18,4,41.20332336425781
47,2024-12-21,2024-12-28,1,577.7734985351562
47,2024-12-21,2025-01-04,2,660.55908203125
47,2024-12-21,2025-01-11,3,443.2550048828125
47,2024-12-21,2025-01-18,4,268.4269104003906
48,2024-12-21,2024-12-28,1,1382.4635009765625
48,2024-12-21,2025-01-04,2,1556.8272705078125
48,2024-12-21,2025-01-11,3,1104.7274169921875
48,2024-12-21,2025-01-18,4,792.4425048828125
49,2024-12-21,2024-12-28,1,214.11180114746094
49,2024-12-21,2025-01-04,2,284.4002685546875
49,2024-12-21,2025-01-11,3,265.0142517089844
49,2024-12-21,2025-01-18,4,97.38282775878906
50,2024-12-21,2024-12-28,1,18.256641387939453
50,2024-12-21,2025-01-04,2,30.62284278869629
50,2024-12-21,2025-01-11,3,17.787384033203125
50,2024-12-21,2025-01-18,4,23.6767578125
51,2024-12-21,2024-12-28,1,286.21270751953125
51,2024-12-21,2025-01-04,2,373.8760681152344
51,2024-12-21,2025-01-11,3,294.92193603515625
51,2024-12-21,2025-01-18,4,194.91241455078125
53,2024-12-21,2024-12-28,1,634.3675537109375
53,2024-12-21,2025-01-04,2,604.4639892578125
53,2024-12-21,2025-01-11,3,501.9129638671875
53,2024-12-21,2025-01-18,4,220.68150329589844
54,2024-12-21,2024-12-28,1,69.81727600097656
54,2024-12-21,2025-01-04,2,84.83891296386719
54,2024-12-21,2025-01-11,3,80.29534149169922
54,2024-12-21,2025-01-18,4,62.01471710205078
55,2024-12-21,2024-12-28,1,194.97933959960938
55,2024-12-21,2025-01-04,2,222.8498077392578
55,2024-12-21,2025-01-11,3,220.13282775878906
55,2024-12-21,2025-01-18,4,132.48037719726562
56,2024-12-21,2024-12-28,1,24.709495544433594
56,2024-12-21,2025-01-04,2,35.82032775878906
56,2024-12-21,2025-01-11,3,27.98893165588379
56,2024-12-21,2025-01-18,4,22.48003578186035
72,2024-12-21,2024-12-28,1,389.11517333984375
72,2024-12-21,2025-01-04,2,281.70794677734375
72,2024-12-21,2025-01-11,3,170.7970733642578
72,2024-12-21,2025-01-18,4,77.67201232910156
US,2024-12-21,2024-12-28,1,4631.7
US,2024-12-21,2025-01-04,2,1773.1541748046875
US,2024-12-21,2025-01-11,3,1192.5400390625
US,2024-12-21,2025-01-18,4,914.4904174804688
01,2024-12-28,2025-01-04,1,675.0283203125
01,2024-12-28,2025-01-11,2,514.59033203125
01,2024-12-28,2025-01-18,3,397.6178283691406
01,2024-12-28,2025-01-25,4,284.7530822753906
02,2024-12-28,2025-01-04,1,35.81455612182617
02,2024-12-28,2025-01-11,2,45.34409713745117
02,2024-12-28,2025-01-18,3,16.074426651000977
02,2024-12-28,2025-01-25,4,28.502330780029297
04,2024-12-28,2025-01-04,1,1292.4793701171875
04,2024-12-28,2025-01-11,2,1097.30517578125
04,2024-12-28,2025-01-18,3,898.2272338867188
04,2024-12-28,2025-01-25,4,738.1653442382812
05,2024-12-28,2025-01-04,1,125.60620880126953
05,2024-12-28,2025-01-11,2,141.76995849609375
05,2024-12-28,2025-01-18,3,143.0704803466797
05,2024-12-28,2025-01-25,4,120.5633316040039
06,2024-12-28,2025-01-04,1,1829.39306640625
06,2024-12-28,2025-01-11,2,1298.84716796875
06,2024-12-28,2025-01-18,3,1035.440673828125
06,2024-12-28,2025-01-25,4,806.7194213867188
08,2024-12-28,2025-01-04,1,491.922119140625
08,2024-12-28,2025-01-11,2,471.7734680175781
08,2024-12-28,2025-01-18,3,396.8734436035156
08,2024-12-28,2025-01-25,4,325.71429443359375
09,2024-12-28,2025-01-04,1,142.9269561767578
09,2024-12-28,2025-01-11,2,176.25
09,2024-12-28,2025-01-18,3,178.43807983398438
09,2024-12-28,2025-01-25,4,144.2547149658203
10,2024-12-28,2025-01-04,1,64.28296661376953
10,2024-12-28,2025-01-11,2,53.9446907043457
10,2024-12-28,2025-01-18,3,53.119239807128906
10,2024-12-28,2025-01-25,4,45.20151138305664
11,2024-12-28,2025-01-04,1,43.947444915771484
11,2024-12-28,2025-01-11,2,22.654617309570312
11,2024-12-28,2025-01-18,3,18.966354370117188
11,2024-12-28,2025-01-25,4,12.76579475402832
12,2024-12-28,2025-01-04,1,1383.1929931640625
12,2024-12-28,2025-01-11,2,1292.1580810546875
12,2024-12-28,2025-01-18,3,1012.6956787109375
12,2024-12-28,2025-01-25,4,777.5796508789062
13,2024-12-28,2025-01-04,1,940.2113037109375
13,2024-12-28,2025-01-11,2,1191.0867919921875
13,2024-12-28,2025-01-18,3,998.07470703125
13,2024-12-28,2025-01-25,4,577.7772216796875
15,2024-12-28,2025-01-04,1,64.61949920654297
15,2024-12-28,2025-01-11,2,54.10010528564453
15,2024-12-28,2025-01-18,3,22.715497970581055
15,2024-12-28,2025-01-25,4,19.500638961791992
16,2024-12-28,2025-01-04,1,287.0093688964844
16,2024-12-28,2025-01-11,2,264.6181640625
16,2024-12-28,2025-01-18,3,100.16040802001953
16,2024-12-28,2025-01-25,4,44.68942642211914
17,2024-12-28,2025-01-04,1,1413.6297607421875
17,2024-12-28,2025-01-11,2,1235.8211669921875
17,2024-12-28,2025-01-18,3,651.1786499023438
17,2024-12-28,2025-01-25,4,531.8953857421875
18,2024-12-28,2025-01-04,1,642.296142578125
18,2024-12-28,2025-01-11,2,676.367919921875
18,2024-12-28,2025-01-18,3,531.3781127929688
18,2024-12-28,2025-01-25,4,455.25274658203125
19,2024-12-28,2025-01-04,1,132.0889434814453
19,2024-12-28,2025-01-11,2,178.7737274169922
19,2024-12-28,2025-01-18,3,177.59866333007812
19,2024-12-28,2025-01-25,4,169.0030517578125
20,2024-12-28,2025-01-04,1,203.32469177246094
20,2024-12-28,2025-01-11,2,239.1302490234375
20,2024-12-28,2025-01-18,3,116.68640899658203
20,2024-12-28,2025-01-25,4,79.69418334960938
21,2024-12-28,2025-01-04,1,536.8523559570312
21,2024-12-28,2025-01-11,2,493.6046142578125
21,2024-12-28,2025-01-18,3,414.8949279785156
21,2024-12-28,2025-01-25,4,228.46702575683594
22,2024-12-28,2025-01-04,1,593.7973022460938
22,2024-12-28,2025-01-11,2,443.1483459472656
22,2024-12-28,2025-01-18,3,309.76507568359375
22,2024-12-28,2025-01-25,4,205.13629150390625
23,2024-12-28,2025-01-04,1,56.308956146240234
23,2024-12-28,2025-01-11,2,50.17538070678711
23,2024-12-28,2025-01-18,3,53.648895263671875
23,2024-12-28,2025-01-25,4,49.59328842163086
24,2024-12-28,2025-01-04,1,222.538330078125
24,2024-12-28,2025-01-11,2,294.261962890625
24,2024-12-28,2025-01-18,3,232.85589599609375
24,2024-12-28,2025-01-25,4,170.2967987060547
25,2024-12-28,2025-01-04,1,275.9685974121094
25,2024-12-28,2025-01-11,2,330.3691101074219
25,2024-12-28,2025-01-18,3,274.0265197753906
25,2024-12-28,2025-01-25,4,318.5215148925781
26,2024-12-28,2025-01-04,1,494.2966613769531
26,2024-12-28,2025-01-11,2,570.3253784179688
26,2024-12-28,2025-01-18,3,542.1895141601562
26,2024-12-28,2025-01-25,4,539.0572509765625
27,2024-12-28,2025-01-04,1,566.3137817382812
27,2024-12-28,2025-01-11,2,638.9141845703125
27,2024-12-28,2025-01-18,3,427.49212646484375
27,2024-12-28,2025-01-25,4,327.0220947265625
28,2024-12-28,2025-01-04,1,221.88014221191406
28,2024-12-28,2025-01-11,2,288.3953552246094
28,2024-12-28,2025-01-18,3,211.4551239013672
28,2024-12-28,2025-01-25,4,207.9850311279297
29,2024-12-28,2025-01-04,1,627.7190551757812
29,2024-12-28,2025-01-11,2,684.5258178710938
29,2024-12-28,2025-01-18,3,421.86810302734375
29,2024-12-28,2025-01-25,4,338.4114685058594
30,2024-12-28,2025-01-04,1,55.37922668457031
30,2024-12-28,2025-01-11,2,43.79115295410156
30,2024-12-28,2025-01-18,3,41.869083404541016
30,2024-12-28,2025-01-25,4,37.508201599121094
31,2024-12-28,2025-01-04,1,136.9014129638672
31,2024-12-28,2025-01-11,2,151.7972869873047
31,2024-12-28,2025-01-18,3,106.70149993896484
31,2024-12-28,2025-01-25,4,94.6227035522461
32,2024-12-28,2025-01-04,1,277.8441467285156
32,2024-12-28,2025-01-11,2,283.1046447753906
32,2024-12-28,2025-01-18,3,134.9223175048828
32,2024-12-28,2025-01-25,4,112.2837142944336
33,2024-12-28,2025-01-04,1,55.08321762084961
33,2024-12-28,2025-01-11,2,43.94850540161133
33,2024-12-28,2025-01-18,3,13.663579940795898
33,2024-12-28,2025-01-25,4,22.814149856567383
34,2024-12-28,2025-01-04,1,823.4380493164062
34,2024-12-28,2025-01-11,2,771.2254028320312
34,2024-12-28,2025-01-18,3,560.1781616210938
34,2024-12-28,2025-01-25,4,584.0476684570312
35,2024-12-28,2025-01-04,1,252.6669921875
35,2024-12-28,2025-01-11,2,244.53099060058594
35,2024-12-28,2025-01-18,3,113.79216003417969
35,2024-12-28,2025-01-25,4,84.04951477050781
36,2024-12-28,2025-01-04,1,1609.1104736328125
36,2024-12-28,2025-01-11,2,1530.1187744140625
36,2024-12-28,2025-01-18,3,949.7807006835938
36,2024-12-28,2025-01-25,4,928.548583984375
37,2024-12-28,2025-01-04,1,628.9937744140625
37,2024-12-28,2025-01-11,2,661.2683715820312
37,2024-12-28,2025-01-18,3,623.3077392578125
37,2024-12-28,2025-01-25,4,549.0867309570312
38,2024-12-28,2025-01-04,1,36.49139404296875
38,2024-12-28,2025-01-11,2,30.313472747802734
38,2024-12-28,2025-01-18,3,27.2371768951416
38,2024-12-28,2025-01-25,4,28.691587448120117
39,2024-12-28,2025-01-04,1,804.0479736328125
39,2024-12-28,2025-01-11,2,829.2672119140625
39,2024-12-28,2025-01-18,3,944.3116455078125
39,2024-12-28,2025-01-25,4,618.3124389648438
40,2024-12-28,2025-01-04,1,283.353515625
40,2024-12-28,2025-01-11,2,262.8377380371094
40,2024-12-28,2025-01-18,3,175.28131103515625
40,2024-12-28,2025-01-25,4,161.48129272460938
41,2024-12-28,2025-01-04,1,601.7316284179688
41,2024-12-28,2025-01-11,2,417.4696350097656
41,2024-12-28,2025-01-18,3,327.66351318359375
41,2024-12-28,2025-01-25,4,177.43887329101562
42,2024-12-28,2025-01-04,1,1028.4134521484375
42,2024-12-28,2025-01-11,2,1203.1231689453125
42,2024-12-28,2025-01-18,3,741.2864379882812
42,2024-12-28,2025-01-25,4,562.207275390625
44,2024-12-28,2025-01-04,1,46.117347717285156
44,2024-12-28,2025-01-11,2,36.37569808959961
44,2024-12-28,2025-01-18,3,26.687793731689453
44,2024-12-28,2025-01-25,4,23.128896713256836
45,2024-12-28,2025-01-04,1,388.7132263183594
45,2024-12-28,2025-01-11,2,377.12860107421875
45,2024-12-28,2025-01-18,3,437.2579650878906
45,2024-12-28,2025-01-25,4,330.744873046875
46,2024-12-28,2025-01-04,1,47.514068603515625
46,2024-12-28,2025-01-11,2,30.955373764038086
46,2024-12-28,2025-01-18,3,35.82837677001953
46,2024-12-28,2025-01-25,4,27.276073455810547
47,2024-12-28,2025-01-04,1,754.8694458007812
47,2024-12-28,2025-01-11,2,735.3110961914062
47,2024-12-28,2025-01-18,3,403.7989807128906
47,2024-12-28,2025-01-25,4,379.1728515625
48,2024-12-28,2025-01-04,1,1503.542236328125
48,2024-12-28,2025-01-11,2,1337.2774658203125
48,2024-12-28,2025-01-18,3,963.6945190429688
48,2024-12-28,2025-01-25,4,845.0223388671875
49,2024-12-28,2025-01-04,1,319.73095703125
49,2024-12-28,2025-01-11,2,366.0091857910156
49,2024-12-28,2025-01-18,3,217.54159545898438
49,2024-12-28,2025-01-25,4,93.02599334716797
50,2024-12-28,2025-01-04,1,22.204605102539062
50,2024-12-28,2025-01-11,2,16.404918670654297
50,2024-12-28,2025-01-18,3,22.438133239746094
50,2024-12-28,2025-01-25,4,10.039124488830566
51,2024-12-28,2025-01-04,1,449.0651550292969
51,2024-12-28,2025-01-11,2,454.8747253417969
51,2024-12-28,2025-01-18,3,488.3139343261719
51,2024-12-28,2025-01-25,4,451.1178894042969
53,2024-12-28,2025-01-04,1,605.46826171875
53,2024-12-28,2025-01-11,2,500.8983459472656
53,2024-12-28,2025-01-18,3,448.47869873046875
53,2024-12-28,2025-01-25,4,308.7681579589844
54,2024-12-28,2025-01-04,1,120.94342803955078
54,2024-12-28,2025-01-11,2,93.0062255859375
54,2024-12-28,2025-01-18,3,105.27340698242188
54,2024-12-28,2025-01-25,4,78.88829803466797
55,2024-12-28,2025-01-04,1,318.1567687988281
55,2024-12-28,2025-01-11,2,348.0490417480469
55,2024-12-28,2025-01-18,3,261.759033203125
55,2024-12-28,2025-01-25,4,154.32154846191406
56,2024-12-28,2025-01-04,1,69.28401184082031
56,2024-12-28,2025-01-11,2,46.02014923095703
56,2024-12-28,2025-01-18,3,47.30715560913086
56,2024-12-28,2025-01-25,4,33.83488845825195
72,2024-12-28,2025-01-04,1,541.2313232421875
72,2024-12-28,2025-01-11,2,391.6228332519531
72,2024-12-28,2025-01-18,3,337.9390869140625
72,2024-12-28,2025-01-25,4,204.09146118164062
US,2024-12-28,2025-01-04,1,8307.3
US,2024-12-28,2025-01-11,2,2367.5804999999996
US,2024-12-28,2025-01-18,3,1061.4500732421875
US,2024-12-28,2025-01-25,4,810.4381713867188
01,2025-01-04,2025-01-11,1,559.1357421875
01,2025-01-04,2025-01-18,2,454.482421875
01,2025-01-04,2025-01-25,3,391.63671875
01,2025-01-04,2025-02-01,4,231.72134399414062
02,2025-01-04,2025-01-11,1,19.414918899536133
02,2025-01-04,2025-01-18,2,15.103257179260254
02,2025-01-04,2025-01-25,3,28.27157974243164
02,2025-01-04,2025-02-01,4,16.875032424926758
04,2025-01-04,2025-01-11,1,1245.9981689453125
04,2025-01-04,2025-01-18,2,1096.8087158203125
04,2025-01-04,2025-01-25,3,836.7102661132812
04,2025-01-04,2025-02-01,4,656.1741333007812
05,2025-01-04,2025-01-11,1,188.9074249267578
05,2025-01-04,2025-01-18,2,182.66741943359375
05,2025-01-04,2025-01-25,3,203.2041015625
05,2025-01-04,2025-02-01,4,185.70803833007812
06,2025-01-04,2025-01-11,1,1393.2501220703125
06,2025-01-04,2025-01-18,2,1286.0953369140625
06,2025-01-04,2025-01-25,3,989.6259765625
06,2025-01-04,2025-02-01,4,705.0435180664062
08,2025-01-04,2025-01-11,1,763.7112426757812
08,2025-01-04,2025-01-18,2,693.2089233398438
08,2025-01-04,2025-01-25,3,439.2445983886719
08,2025-01-04,2025-02-01,4,264.8416442871094
09,2025-01-04,2025-01-11,1,276.4839172363281
09,2025-01-04,2025-01-18,2,269.4526672363281
09,2025-01-04,2025-01-25,3,278.9425354003906
09,2025-01-04,2025-02-01,4,171.02984619140625
10,2025-01-04,2025-01-11,1,107.4972915649414
10,2025-01-04,2025-01-18,2,133.3047637939453
10,2025-01-04,2025-01-25,3,177.21836853027344
10,2025-01-04,2025-02-01,4,56.98698806762695
11,2025-01-04,2025-01-11,1,74.23139953613281
11,2025-01-04,2025-01-18,2,57.21060562133789
11,2025-01-04,2025-01-25,3,71.88549041748047
11,2025-01-04,2025-02-01,4,71.9685287475586
12,2025-01-04,2025-01-11,1,1237.4757080078125
12,2025-01-04,2025-01-18,2,1137.544189453125
12,2025-01-04,2025-01-25,3,844.8641967773438
12,2025-01-04,2025-02-01,4,723.6570434570312
13,2025-01-04,2025-01-11,1,1263.0311279296875
13,2025-01-04,2025-01-18,2,1293.2918701171875
13,2025-01-04,2025-01-25,3,615.8790283203125
13,2025-01-04,2025-02-01,4,609.8751831054688
15,2025-01-04,2025-01-11,1,76.01658630371094
15,2025-01-04,2025-01-18,2,59.0379753112793
15,2025-01-04,2025-01-25,3,123.42223358154297
15,2025-01-04,2025-02-01,4,39.22561264038086
16,2025-01-04,2025-01-11,1,181.9888153076172
16,2025-01-04,2025-01-18,2,118.89402770996094
16,2025-01-04,2025-01-25,3,89.70426940917969
16,2025-01-04,2025-02-01,4,70.1734619140625
17,2025-01-04,2025-01-11,1,1833.4561767578125
17,2025-01-04,2025-01-18,2,1411.5419921875
17,2025-01-04,2025-01-25,3,851.7467651367188
17,2025-01-04,2025-02-01,4,630.1907348632812
18,2025-01-04,2025-01-11,1,795.7898559570312
18,2025-01-04,2025-01-18,2,1016.3973999023438
18,2025-01-04,2025-01-25,3,563.6242065429688
18,2025-01-04,2025-02-01,4,473.2561340332031
19,2025-01-04,2025-01-11,1,178.45704650878906
19,2025-01-04,2025-01-18,2,162.80978393554688
19,2025-01-04,2025-01-25,3,196.4779815673828
19,2025-01-04,2025-02-01,4,116.71478271484375
20,2025-01-04,2025-01-11,1,270.7519226074219
20,2025-01-04,2025-01-18,2,213.1841583251953
20,2025-01-04,2025-01-25,3,247.99485778808594
20,2025-01-04,2025-02-01,4,76.3460693359375
21,2025-01-04,2025-01-11,1,673.6449584960938
21,2025-01-04,2025-01-18,2,489.81573486328125
21,2025-01-04,2025-01-25,3,440.1526184082031
21,2025-01-04,2025-02-01,4,255.131103515625
22,2025-01-04,2025-01-11,1,633.070068359375
22,2025-01-04,2025-01-18,2,473.9715881347656
22,2025-01-04,2025-01-25,3,387.9122009277344
22,2025-01-04,2025-02-01,4,192.0450439453125
23,2025-01-04,2025-01-11,1,81.07836151123047
23,2025-01-04,2025-01-18,2,71.91312408447266
23,2025-01-04,2025-01-25,3,96.95362091064453
23,2025-01-04,2025-02-01,4,120.25418853759766
24,2025-01-04,2025-01-11,1,460.0443420410156
24,2025-01-04,2025-01-18,2,525.0549926757812
24,2025-01-04,2025-01-25,3,486.3446350097656
24,2025-01-04,2025-02-01,4,285.9306945800781
25,2025-01-04,2025-01-11,1,548.771484375
25,2025-01-04,2025-01-18,2,551.339111328125
25,2025-01-04,2025-01-25,3,474.8207702636719
25,2025-01-04,2025-02-01,4,460.1051330566406
26,2025-01-04,2025-01-11,1,653.1300048828125
26,2025-01-04,2025-01-18,2,469.0890808105469
26,2025-01-04,2025-01-25,3,543.5272827148438
26,2025-01-04,2025-02-01,4,538.1283569335938
27,2025-01-04,2025-01-11,1,896.6210327148438
27,2025-01-04,2025-01-18,2,1075.919921875
27,2025-01-04,2025-01-25,3,568.03125
27,2025-01-04,2025-02-01,4,320.4052734375
28,2025-01-04,2025-01-11,1,255.86740112304688
28,2025-01-04,2025-01-18,2,225.73104858398438
28,2025-01-04,2025-01-25,3,192.75845336914062
28,2025-01-04,2025-02-01,4,179.78732299804688
29,2025-01-04,2025-01-11,1,765.2510986328125
29,2025-01-04,2025-01-18,2,944.083251953125
29,2025-01-04,2025-01-25,3,584.85498046875
29,2025-01-04,2025-02-01,4,340.0419921875
30,2025-01-04,2025-01-11,1,67.52297973632812
30,2025-01-04,2025-01-18,2,36.0565299987793
30,2025-01-04,2025-01-25,3,51.4959602355957
30,2025-01-04,2025-02-01,4,68.95328521728516
31,2025-01-04,2025-01-11,1,142.3271484375
31,2025-01-04,2025-01-18,2,157.18295288085938
31,2025-01-04,2025-01-25,3,238.0176239013672
31,2025-01-04,2025-02-01,4,93.31208801269531
32,2025-01-04,2025-01-11,1,311.8374938964844
32,2025-01-04,2025-01-18,2,232.17984008789062
32,2025-01-04,2025-01-25,3,233.8134307861328
32,2025-01-04,2025-02-01,4,104.45816040039062
33,2025-01-04,2025-01-11,1,76.21723937988281
33,2025-01-04,2025-01-18,2,62.4000129699707
33,2025-01-04,2025-01-25,3,71.9301986694336
33,2025-01-04,2025-02-01,4,76.53816986083984
34,2025-01-04,2025-01-11,1,1230.832275390625
34,2025-01-04,2025-01-18,2,920.3211669921875
34,2025-01-04,2025-01-25,3,510.97686767578125
34,2025-01-04,2025-02-01,4,577.5115966796875
35,2025-01-04,2025-01-11,1,245.82354736328125
35,2025-01-04,2025-01-18,2,207.38760375976562
35,2025-01-04,2025-01-25,3,174.90394592285156
35,2025-01-04,2025-02-01,4,112.04185485839844
36,2025-01-04,2025-01-11,1,1538.969970703125
36,2025-01-04,2025-01-18,2,1162.4122314453125
36,2025-01-04,2025-01-25,3,786.982421875
36,2025-01-04,2025-02-01,4,658.3054809570312
37,2025-01-04,2025-01-11,1,870.9808349609375
37,2025-01-04,2025-01-18,2,1175.74755859375
37,2025-01-04,2025-01-25,3,1119.2296142578125
37,2025-01-04,2025-02-01,4,627.4224243164062
38,2025-01-04,2025-01-11,1,48.01798629760742
38,2025-01-04,2025-01-18,2,18.766820907592773
38,2025-01-04,2025-01-25,3,34.724002838134766
38,2025-01-04,2025-02-01,4,68.09349822998047
39,2025-01-04,2025-01-11,1,1270.192626953125
39,2025-01-04,2025-01-18,2,1222.418701171875
39,2025-01-04,2025-01-25,3,633.8947143554688
39,2025-01-04,2025-02-01,4,564.0479125976562
40,2025-01-04,2025-01-11,1,442.0354919433594
40,2025-01-04,2025-01-18,2,316.39544677734375
40,2025-01-04,2025-01-25,3,324.2433776855469
40,2025-01-04,2025-02-01,4,129.1800079345703
41,2025-01-04,2025-01-11,1,370.69989013671875
41,2025-01-04,2025-01-18,2,260.5319519042969
41,2025-01-04,2025-01-25,3,258.82586669921875
41,2025-01-04,2025-02-01,4,163.9930419921875
42,2025-01-04,2025-01-11,1,1553.2890625
42,2025-01-04,2025-01-18,2,1161.9466552734375
42,2025-01-04,2025-01-25,3,811.1934204101562
42,2025-01-04,2025-02-01,4,690.2423706054688
44,2025-01-04,2025-01-11,1,50.89237594604492
44,2025-01-04,2025-01-18,2,37.92578125
44,2025-01-04,2025-01-25,3,66.62625122070312
44,2025-01-04,2025-02-01,4,55.09125518798828
45,2025-01-04,2025-01-11,1,546.5067138671875
45,2025-01-04,2025-01-18,2,354.5938415527344
45,2025-01-04,2025-01-25,3,359.440673828125
45,2025-01-04,2025-02-01,4,242.4357452392578
46,2025-01-04,2025-01-11,1,42.1136589050293
46,2025-01-04,2025-01-18,2,27.895559310913086
46,2025-01-04,2025-01-25,3,53.11344909667969
46,2025-01-04,2025-02-01,4,51.58099365234375
47,2025-01-04,2025-01-11,1,864.9822387695312
47,2025-01-04,2025-01-18,2,655.7205200195312
47,2025-01-04,2025-01-25,3,424.6772155761719
47,2025-01-04,2025-02-01,4,288.2955322265625
48,2025-01-04,2025-01-11,1,1360.3082275390625
48,2025-01-04,2025-01-18,2,1436.632568359375
48,2025-01-04,2025-01-25,3,1067.39892578125
48,2025-01-04,2025-02-01,4,781.0198364257812
49,2025-01-04,2025-01-11,1,327.7493591308594
49,2025-01-04,2025-01-18,2,218.5303192138672
49,2025-01-04,2025-01-25,3,210.47657775878906
49,2025-01-04,2025-02-01,4,64.9340591430664
50,2025-01-04,2025-01-11,1,19.68916130065918
50,2025-01-04,2025-01-18,2,5.611411094665527
50,2025-01-04,2025-01-25,3,27.956132888793945
50,2025-01-04,2025-02-01,4,25.965593338012695
51,2025-01-04,2025-01-11,1,631.0932006835938
51,2025-01-04,2025-01-18,2,684.1290283203125
51,2025-01-04,2025-01-25,3,480.1766052246094
51,2025-01-04,2025-02-01,4,506.7840881347656
53,2025-01-04,2025-01-11,1,441.5867919921875
53,2025-01-04,2025-01-18,2,341.9573974609375
53,2025-01-04,2025-01-25,3,335.37652587890625
53,2025-01-04,2025-02-01,4,238.96905517578125
54,2025-01-04,2025-01-11,1,170.09661865234375
54,2025-01-04,2025-01-18,2,129.8875732421875
54,2025-01-04,2025-01-25,3,181.3487548828125
54,2025-01-04,2025-02-01,4,89.9350814819336
55,2025-01-04,2025-01-11,1,445.4065856933594
55,2025-01-04,2025-01-18,2,344.2671203613281
55,2025-01-04,2025-01-25,3,451.36773681640625
55,2025-01-04,2025-02-01,4,256.2358703613281
56,2025-01-04,2025-01-11,1,107.88509368896484
56,2025-01-04,2025-01-18,2,58.09385299682617
56,2025-01-04,2025-01-25,3,82.23361206054688
56,2025-01-04,2025-02-01,4,64.75354766845703
72,2025-01-04,2025-01-11,1,691.5140380859375
72,2025-01-04,2025-01-18,2,659.7726440429688
72,2025-01-04,2025-01-25,3,524.7550048828125
72,2025-01-04,2025-02-01,4,425.53399658203125
US,2025-01-04,2025-01-11,1,11607.9
US,2025-01-04,2025-01-18,2,3308.2514999999994
US,2025-01-04,2025-01-25,3,980.5233764648438
US,2025-01-04,2025-02-01,4,670.431396484375
01,2025-01-11,2025-01-18,1,413.35009765625
01,2025-01-11,2025-01-25,2,379.11651611328125
01,2025-01-11,2025-02-01,3,358.7693176269531
01,2025-01-11,2025-02-08,4,290.46124267578125
02,2025-01-11,2025-01-18,1,26.8173770904541
02,2025-01-11,2025-01-25,2,19.19927978515625
02,2025-01-11,2025-02-01,3,19.606674194335938
02,2025-01-11,2025-02-08,4,10.360334396362305
04,2025-01-11,2025-01-18,1,1069.37841796875
04,2025-01-11,2025-01-25,2,972.2503662109375
04,2025-01-11,2025-02-01,3,643.9921264648438
04,2025-01-11,2025-02-08,4,508.3811340332031
05,2025-01-11,2025-01-18,1,185.2954559326172
05,2025-01-11,2025-01-25,2,174.44422912597656
05,2025-01-11,2025-02-01,3,213.22952270507812
05,2025-01-11,2025-02-08,4,220.6195526123047
06,2025-01-11,2025-01-18,1,1366.3538818359375
06,2025-01-11,2025-01-25,2,1345.6749267578125
06,2025-01-11,2025-02-01,3,915.9586791992188
06,2025-01-11,2025-02-08,4,553.1732177734375
08,2025-01-11,2025-01-18,1,463.90130615234375
08,2025-01-11,2025-01-25,2,383.5128173828125
08,2025-01-11,2025-02-01,3,366.2920227050781
08,2025-01-11,2025-02-08,4,265.6648254394531
09,2025-01-11,2025-01-18,1,223.0413818359375
09,2025-01-11,2025-01-25,2,223.61512756347656
09,2025-01-11,2025-02-01,3,176.61700439453125
09,2025-01-11,2025-02-08,4,118.90180969238281
10,2025-01-11,2025-01-18,1,67.27778625488281
10,2025-01-11,2025-01-25,2,76.15912628173828
10,2025-01-11,2025-02-01,3,52.39500427246094
10,2025-01-11,2025-02-08,4,49.84150695800781
11,2025-01-11,2025-01-18,1,49.03857421875
11,2025-01-11,2025-01-25,2,32.82610321044922
11,2025-01-11,2025-02-01,3,62.472591400146484
11,2025-01-11,2025-02-08,4,52.66233444213867
12,2025-01-11,2025-01-18,1,1146.244873046875
12,2025-01-11,2025-01-25,2,926.4627075195312
12,2025-01-11,2025-02-01,3,887.5099487304688
12,2025-01-11,2025-02-08,4,647.5133666992188
13,2025-01-11,2025-01-18,1,679.6155395507812
13,2025-01-11,2025-01-25,2,759.6375732421875
13,2025-01-11,2025-02-01,3,492.4519958496094
13,2025-01-11,2025-02-08,4,481.5527648925781
15,2025-01-11,2025-01-18,1,102.22383117675781
15,2025-01-11,2025-01-25,2,97.96965789794922
15,2025-01-11,2025-02-01,3,88.34487915039062
15,2025-01-11,2025-02-08,4,66.87447357177734
16,2025-01-11,2025-01-18,1,104.8553466796875
16,2025-01-11,2025-01-25,2,84.2822494506836
16,2025-01-11,2025-02-01,3,82.02513885498047
16,2025-01-11,2025-02-08,4,72.20770263671875
17,2025-01-11,2025-01-18,1,1270.4239501953125
17,2025-01-11,2025-01-25,2,923.5303955078125
17,2025-01-11,2025-02-01,3,789.1121826171875
17,2025-01-11,2025-02-08,4,329.7058410644531
18,2025-01-11,2025-01-18,1,457.823486328125
18,2025-01-11,2025-01-25,2,438.6592712402344
18,2025-01-11,2025-02-01,3,419.7090759277344
18,2025-01-11,2025-02-08,4,319.92987060546875
19,2025-01-11,2025-01-18,1,233.88417053222656
19,2025-01-11,2025-01-25,2,195.12850952148438
19,2025-01-11,2025-02-01,3,254.44935607910156
19,2025-01-11,2025-02-08,4,98.46870422363281
20,2025-01-11,2025-01-18,1,160.80026245117188
20,2025-01-11,2025-01-25,2,140.6515655517578
20,2025-01-11,2025-02-01,3,142.0911865234375
20,2025-01-11,2025-02-08,4,95.58808135986328
21,2025-01-11,2025-01-18,1,386.0566711425781
21,2025-01-11,2025-01-25,2,335.23480224609375
21,2025-01-11,2025-02-01,3,327.7721862792969
21,2025-01-11,2025-02-08,4,214.4025421142578
22,2025-01-11,2025-01-18,1,342.67218017578125
22,2025-01-11,2025-01-25,2,333.8460388183594
22,2025-01-11,2025-02-01,3,310.384521484375
22,2025-01-11,2025-02-08,4,290.7167663574219
23,2025-01-11,2025-01-18,1,105.47004699707031
23,2025-01-11,2025-01-25,2,100.70585632324219
23,2025-01-11,2025-02-01,3,130.2830352783203
23,2025-01-11,2025-02-08,4,122.67947387695312
24,2025-01-11,2025-01-18,1,348.0688781738281
24,2025-01-11,2025-01-25,2,312.52935791015625
24,2025-01-11,2025-02-01,3,299.6361083984375
24,2025-01-11,2025-02-08,4,209.29415893554688
25,2025-01-11,2025-01-18,1,573.3569946289062
25,2025-01-11,2025-01-25,2,519.096923828125
25,2025-01-11,2025-02-01,3,485.08843994140625
25,2025-01-11,2025-02-08,4,361.83953857421875
26,2025-01-11,2025-01-18,1,477.71630859375
26,2025-01-11,2025-01-25,2,453.8573303222656
26,2025-01-11,2025-02-01,3,459.3878173828125
26,2025-01-11,2025-02-08,4,359.89031982421875
27,2025-01-11,2025-01-18,1,714.3652954101562
27,2025-01-11,2025-01-25,2,521.068359375
27,2025-01-11,2025-02-01,3,608.1122436523438
27,2025-01-11,2025-02-08,4,421.2366943359375
28,2025-01-11,2025-01-18,1,211.05740356445312
28,2025-01-11,2025-01-25,2,223.81863403320312
28,2025-01-11,2025-02-01,3,217.97975158691406
28,2025-01-11,2025-02-08,4,197.2451934814453
29,2025-01-11,2025-01-18,1,544.3916015625
29,2025-01-11,2025-01-25,2,489.41082763671875
29,2025-01-11,2025-02-01,3,402.6799011230469
29,2025-01-11,2025-02-08,4,245.298828125
30,2025-01-11,2025-01-18,1,62.326961517333984
30,2025-01-11,2025-01-25,2,71.09519958496094
30,2025-01-11,2025-02-01,3,56.14437484741211
30,2025-01-11,2025-02-08,4,59.21625518798828
31,2025-01-11,2025-01-18,1,160.02610778808594
31,2025-01-11,2025-01-25,2,119.30685424804688
31,2025-01-11,2025-02-01,3,151.03671264648438
31,2025-01-11,2025-02-08,4,81.73400115966797
32,2025-01-11,2025-01-18,1,217.39735412597656
32,2025-01-11,2025-01-25,2,164.418212890625
32,2025-01-11,2025-02-01,3,159.84197998046875
32,2025-01-11,2025-02-08,4,110.87555694580078
33,2025-01-11,2025-01-18,1,98.68749237060547
33,2025-01-11,2025-01-25,2,81.37297821044922
33,2025-01-11,2025-02-01,3,103.99517059326172
33,2025-01-11,2025-02-08,4,79.52369689941406
34,2025-01-11,2025-01-18,1,767.9685668945312
34,2025-01-11,2025-01-25,2,837.7466430664062
34,2025-01-11,2025-02-01,3,809.6998291015625
34,2025-01-11,2025-02-08,4,516.6888427734375
35,2025-01-11,2025-01-18,1,213.90992736816406
35,2025-01-11,2025-01-25,2,164.47174072265625
35,2025-01-11,2025-02-01,3,163.24708557128906
35,2025-01-11,2025-02-08,4,103.12689971923828
36,2025-01-11,2025-01-18,1,1262.971923828125
36,2025-01-11,2025-01-25,2,966.7149047851562
36,2025-01-11,2025-02-01,3,861.0630493164062
36,2025-01-11,2025-02-08,4,558.0269775390625
37,2025-01-11,2025-01-18,1,770.0850830078125
37,2025-01-11,2025-01-25,2,691.6470336914062
37,2025-01-11,2025-02-01,3,612.931884765625
37,2025-01-11,2025-02-08,4,548.5052490234375
38,2025-01-11,2025-01-18,1,40.88460922241211
38,2025-01-11,2025-01-25,2,39.478294372558594
38,2025-01-11,2025-02-01,3,50.238590240478516
38,2025-01-11,2025-02-08,4,52.0733528137207
39,2025-01-11,2025-01-18,1,909.34912109375
39,2025-01-11,2025-01-25,2,987.6807250976562
39,2025-01-11,2025-02-01,3,937.0745239257812
39,2025-01-11,2025-02-08,4,596.231201171875
40,2025-01-11,2025-01-18,1,212.7621307373047
40,2025-01-11,2025-01-25,2,219.69459533691406
40,2025-01-11,2025-02-01,3,206.47157287597656
40,2025-01-11,2025-02-08,4,171.53871154785156
41,2025-01-11,2025-01-18,1,192.6275177001953
41,2025-01-11,2025-01-25,2,239.1840362548828
41,2025-01-11,2025-02-01,3,194.41627502441406
41,2025-01-11,2025-02-08,4,140.0533447265625
42,2025-01-11,2025-01-18,1,1208.6241455078125
42,2025-01-11,2025-01-25,2,931.5770874023438
42,2025-01-11,2025-02-01,3,790.1572265625
42,2025-01-11,2025-02-08,4,511.8156433105469
44,2025-01-11,2025-01-18,1,45.893924713134766
44,2025-01-11,2025-01-25,2,38.23066329956055
44,2025-01-11,2025-02-01,3,59.05735778808594
44,2025-01-11,2025-02-08,4,47.69313049316406
45,2025-01-11,2025-01-18,1,373.7044677734375
45,2025-01-11,2025-01-25,2,319.6838073730469
45,2025-01-11,2025-02-01,3,335.7818298339844
45,2025-01-11,2025-02-08,4,212.5470733642578
46,2025-01-11,2025-01-18,1,32.96152114868164
46,2025-01-11,2025-01-25,2,44.72417068481445
46,2025-01-11,2025-02-01,3,49.18769073486328
46,2025-01-11,2025-02-08,4,42.86204528808594
47,2025-01-11,2025-01-18,1,540.7499389648438
47,2025-01-11,2025-01-25,2,410.6468200683594
47,2025-01-11,2025-02-01,3,381.71502685546875
47,2025-01-11,2025-02-08,4,346.0156555175781
48,2025-01-11,2025-01-18,1,1258.8798828125
48,2025-01-11,2025-01-25,2,1293.2105712890625
48,2025-01-11,2025-02-01,3,928.9868774414062
48,2025-01-11,2025-02-08,4,714.537353515625
49,2025-01-11,2025-01-18,1,162.02435302734375
49,2025-01-11,2025-01-25,2,156.11375427246094
49,2025-01-11,2025-02-01,3,139.9761505126953
49,2025-01-11,2025-02-08,4,85.92940521240234
50,2025-01-11,2025-01-18,1,25.652048110961914
50,2025-01-11,2025-01-25,2,40.546810150146484
50,2025-01-11,2025-02-01,3,44.791908264160156
50,2025-01-11,2025-02-08,4,32.270782470703125
51,2025-01-11,2025-01-18,1,414.26409912109375
51,2025-01-11,2025-01-25,2,402.2793273925781
51,2025-01-11,2025-02-01,3,414.41278076171875
51,2025-01-11,2025-02-08,4,394.10430908203125
53,2025-01-11,2025-01-18,1,277.2652282714844
53,2025-01-11,2025-01-25,2,279.38555908203125
53,2025-01-11,2025-02-01,3,258.6395263671875
53,2025-01-11,2025-02-08,4,191.0526123046875
54,2025-01-11,2025-01-18,1,136.951416015625
54,2025-01-11,2025-01-25,2,123.8107681274414
54,2025-01-11,2025-02-01,3,138.80068969726562
54,2025-01-11,2025-02-08,4,69.83085632324219
55,2025-01-11,2025-01-18,1,353.8414306640625
55,2025-01-11,2025-01-25,2,323.8821105957031
55,2025-01-11,2025-02-01,3,311.9503173828125
55,2025-01-11,2025-02-08,4,214.46466064453125
56,2025-01-11,2025-01-18,1,35.965755462646484
56,2025-01-11,2025-01-25,2,38.08881378173828
56,2025-01-11,2025-02-01,3,49.81296157836914
56,2025-01-11,2025-02-08,4,45.13785934448242
72,2025-01-11,2025-01-18,1,851.3854370117188
72,2025-01-11,2025-01-25,2,863.8740844726562
72,2025-01-11,2025-02-01,3,705.2631225585938
72,2025-01-11,2025-02-08,4,404.4389953613281
US,2025-01-11,2025-01-18,1,9228.3
US,2025-01-11,2025-01-25,2,2630.0654999999997
US,2025-01-11,2025-02-01,3,1023.3884887695312
US,2025-01-11,2025-02-08,4,608.837646484375
01,2025-01-18,2025-01-25,1,382.4625244140625
01,2025-01-18,2025-02-01,2,335.9895324707031
01,2025-01-18,2025-02-08,3,369.8088073730469
01,2025-01-18,2025-02-15,4,309.63092041015625
02,2025-01-18,2025-01-25,1,28.751136779785156
02,2025-01-18,2025-02-01,2,23.47035789489746
02,2025-01-18,2025-02-08,3,27.419857025146484
02,2025-01-18,2025-02-15,4,19.941118240356445
04,2025-01-18,2025-01-25,1,883.1674194335938
04,2025-01-18,2025-02-01,2,602.57666015625
04,2025-01-18,2025-02-08,3,512.5557250976562
04,2025-01-18,2025-02-15,4,481.9153137207031
05,2025-01-18,2025-01-25,1,200.08575439453125
05,2025-01-18,2025-02-01,2,234.49472045898438
05,2025-01-18,2025-02-08,3,216.02476501464844
05,2025-01-18,2025-02-15,4,177.77113342285156
06,2025-01-18,2025-01-25,1,1324.99072265625
06,2025-01-18,2025-02-01,2,1347.1160888671875
06,2025-01-18,2025-02-08,3,713.56298828125
06,2025-01-18,2025-02-15,4,582.4359130859375
08,2025-01-18,2025-01-25,1,503.8016662597656
08,2025-01-18,2025-02-01,2,379.2989196777344
08,2025-01-18,2025-02-08,3,313.6137390136719
08,2025-01-18,2025-02-15,4,329.7539367675781
09,2025-01-18,2025-01-25,1,199.37901306152344
09,2025-01-18,2025-02-01,2,217.1374969482422
09,2025-01-18,2025-02-08,3,172.39857482910156
09,2025-01-18,2025-02-15,4,123.8494873046875
10,2025-01-18,2025-01-25,1,46.57255554199219
10,2025-01-18,2025-02-01,2,39.51075744628906
10,2025-01-18,2025-02-08,3,42.15013885498047
10,2025-01-18,2025-02-15,4,36.79047775268555
11,2025-01-18,2025-01-25,1,28.66909408569336
11,2025-01-18,2025-02-01,2,24.87489128112793
11,2025-01-18,2025-02-08,3,41.01313018798828
11,2025-01-18,2025-02-15,4,46.027626037597656
12,2025-01-18,2025-01-25,1,1206.747802734375
12,2025-01-18,2025-02-01,2,1023.3510131835938
12,2025-01-18,2025-02-08,3,660.6713256835938
12,2025-01-18,2025-02-15,4,607.6710815429688
13,2025-01-18,2025-01-25,1,868.7965087890625
13,2025-01-18,2025-02-01,2,796.1810302734375
13,2025-01-18,2025-02-08,3,475.7709655761719
13,2025-01-18,2025-02-15,4,429.9637756347656
15,2025-01-18,2025-01-25,1,77.93010711669922
15,2025-01-18,2025-02-01,2,69.5419692993164
15,2025-01-18,2025-02-08,3,69.98117065429688
15,2025-01-18,2025-02-15,4,74.1923599243164
16,2025-01-18,2025-01-25,1,79.0570297241211
16,2025-01-18,2025-02-01,2,77.79244232177734
16,2025-01-18,2025-02-08,3,66.96207427978516
16,2025-01-18,2025-02-15,4,76.84236907958984
17,2025-01-18,2025-01-25,1,1185.41796875
17,2025-01-18,2025-02-01,2,869.525146484375
17,2025-01-18,2025-02-08,3,543.74267578125
17,2025-01-18,2025-02-15,4,376.6610107421875
18,2025-01-18,2025-01-25,1,580.5940551757812
18,2025-01-18,2025-02-01,2,467.0243225097656
18,2025-01-18,2025-02-08,3,319.5309753417969
18,2025-01-18,2025-02-15,4,340.6029357910156
19,2025-01-18,2025-01-25,1,232.1558837890625
19,2025-01-18,2025-02-01,2,189.9602813720703
19,2025-01-18,2025-02-08,3,142.97952270507812
19,2025-01-18,2025-02-15,4,89.62911987304688
20,2025-01-18,2025-01-25,1,157.43772888183594
20,2025-01-18,2025-02-01,2,111.29276275634766
20,2025-01-18,2025-02-08,3,96.75597381591797
20,2025-01-18,2025-02-15,4,88.84838104248047
21,2025-01-18,2025-01-25,1,325.1211853027344
21,2025-01-18,2025-02-01,2,315.8909912109375
21,2025-01-18,2025-02-08,3,256.9600830078125
21,2025-01-18,2025-02-15,4,224.2307586669922
22,2025-01-18,2025-01-25,1,369.2095031738281
22,2025-01-18,2025-02-01,2,343.5292053222656
22,2025-01-18,2025-02-08,3,400.717529296875
22,2025-01-18,2025-02-15,4,246.0294647216797
23,2025-01-18,2025-01-25,1,73.86287689208984
23,2025-01-18,2025-02-01,2,68.08761596679688
23,2025-01-18,2025-02-08,3,72.80845642089844
23,2025-01-18,2025-02-15,4,81.00906372070312
24,2025-01-18,2025-01-25,1,415.2878112792969
24,2025-01-18,2025-02-01,2,359.1223449707031
24,2025-01-18,2025-02-08,3,292.44439697265625
24,2025-01-18,2025-02-15,4,155.8668670654297
25,2025-01-18,2025-01-25,1,729.67333984375
25,2025-01-18,2025-02-01,2,575.7327270507812
25,2025-01-18,2025-02-08,3,372.2487487792969
25,2025-01-18,2025-02-15,4,221.45555114746094
26,2025-01-18,2025-01-25,1,411.4087219238281
26,2025-01-18,2025-02-01,2,442.6065673828125
26,2025-01-18,2025-02-08,3,396.6139221191406
26,2025-01-18,2025-02-15,4,435.28375244140625
27,2025-01-18,2025-01-25,1,713.0072631835938
27,2025-01-18,2025-02-01,2,515.3565063476562
27,2025-01-18,2025-02-08,3,345.13507080078125
27,2025-01-18,2025-02-15,4,240.1102294921875
28,2025-01-18,2025-01-25,1,184.10516357421875
28,2025-01-18,2025-02-01,2,186.67430114746094
28,2025-01-18,2025-02-08,3,174.0161590576172
28,2025-01-18,2025-02-15,4,145.1178741455078
29,2025-01-18,2025-01-25,1,588.6821899414062
29,2025-01-18,2025-02-01,2,476.1043395996094
29,2025-01-18,2025-02-08,3,371.5093078613281
29,2025-01-18,2025-02-15,4,273.72393798828125
30,2025-01-18,2025-01-25,1,66.65483856201172
30,2025-01-18,2025-02-01,2,68.102294921875
30,2025-01-18,2025-02-08,3,72.76150512695312
30,2025-01-18,2025-02-15,4,87.50021362304688
31,2025-01-18,2025-01-25,1,108.15205383300781
31,2025-01-18,2025-02-01,2,85.67193603515625
31,2025-01-18,2025-02-08,3,76.58502197265625
31,2025-01-18,2025-02-15,4,77.62928771972656
32,2025-01-18,2025-01-25,1,144.9951171875
32,2025-01-18,2025-02-01,2,87.32709503173828
32,2025-01-18,2025-02-08,3,97.3412857055664
32,2025-01-18,2025-02-15,4,89.73841857910156
33,2025-01-18,2025-01-25,1,73.46800231933594
33,2025-01-18,2025-02-01,2,81.2354736328125
33,2025-01-18,2025-02-08,3,78.46945190429688
33,2025-01-18,2025-02-15,4,81.23002624511719
34,2025-01-18,2025-01-25,1,1283.720458984375
34,2025-01-18,2025-02-01,2,764.7410278320312
34,2025-01-18,2025-02-08,3,480.3639221191406
34,2025-01-18,2025-02-15,4,303.3595886230469
35,2025-01-18,2025-01-25,1,173.2913055419922
35,2025-01-18,2025-02-01,2,119.79456329345703
35,2025-01-18,2025-02-08,3,94.9720230102539
35,2025-01-18,2025-02-15,4,97.00047302246094
36,2025-01-18,2025-01-25,1,1223.3311767578125
36,2025-01-18,2025-02-01,2,1186.25341796875
36,2025-01-18,2025-02-08,3,734.7384643554688
36,2025-01-18,2025-02-15,4,606.2940063476562
37,2025-01-18,2025-01-25,1,1025.86962890625
37,2025-01-18,2025-02-01,2,997.7010498046875
37,2025-01-18,2025-02-08,3,631.1454467773438
37,2025-01-18,2025-02-15,4,421.8321838378906
38,2025-01-18,2025-01-25,1,34.3353271484375
38,2025-01-18,2025-02-01,2,49.52134323120117
38,2025-01-18,2025-02-08,3,49.63578414916992
38,2025-01-18,2025-02-15,4,60.25724792480469
39,2025-01-18,2025-01-25,1,1286.0323486328125
39,2025-01-18,2025-02-01,2,839.2036743164062
39,2025-01-18,2025-02-08,3,677.1694946289062
39,2025-01-18,2025-02-15,4,550.2024536132812
40,2025-01-18,2025-01-25,1,384.50970458984375
40,2025-01-18,2025-02-01,2,314.1024169921875
40,2025-01-18,2025-02-08,3,254.75863647460938
40,2025-01-18,2025-02-15,4,119.80876922607422
41,2025-01-18,2025-01-25,1,243.6575927734375
41,2025-01-18,2025-02-01,2,222.7823486328125
41,2025-01-18,2025-02-08,3,215.3284912109375
41,2025-01-18,2025-02-15,4,185.03733825683594
42,2025-01-18,2025-01-25,1,1179.3885498046875
42,2025-01-18,2025-02-01,2,1139.322998046875
42,2025-01-18,2025-02-08,3,825.732177734375
42,2025-01-18,2025-02-15,4,488.7825927734375
44,2025-01-18,2025-01-25,1,69.57132720947266
44,2025-01-18,2025-02-01,2,63.22444152832031
44,2025-01-18,2025-02-08,3,95.6241226196289
44,2025-01-18,2025-02-15,4,64.15713500976562
45,2025-01-18,2025-01-25,1,469.54290771484375
45,2025-01-18,2025-02-01,2,381.05206298828125
45,2025-01-18,2025-02-08,3,285.29681396484375
45,2025-01-18,2025-02-15,4,238.7881622314453
46,2025-01-18,2025-01-25,1,36.0228385925293
46,2025-01-18,2025-02-01,2,38.98516082763672
46,2025-01-18,2025-02-08,3,42.045406341552734
46,2025-01-18,2025-02-15,4,35.746803283691406
47,2025-01-18,2025-01-25,1,429.1710510253906
47,2025-01-18,2025-02-01,2,407.8568420410156
47,2025-01-18,2025-02-08,3,360.2691650390625
47,2025-01-18,2025-02-15,4,368.7271728515625
48,2025-01-18,2025-01-25,1,1255.104248046875
48,2025-01-18,2025-02-01,2,1290.28662109375
48,2025-01-18,2025-02-08,3,799.349853515625
48,2025-01-18,2025-02-15,4,601.2447509765625
49,2025-01-18,2025-01-25,1,153.5616912841797
49,2025-01-18,2025-02-01,2,113.58145904541016
49,2025-01-18,2025-02-08,3,108.49921417236328
49,2025-01-18,2025-02-15,4,98.51744842529297
50,2025-01-18,2025-01-25,1,23.68731689453125
50,2025-01-18,2025-02-01,2,36.72857666015625
50,2025-01-18,2025-02-08,3,38.43391036987305
50,2025-01-18,2025-02-15,4,33.213924407958984
51,2025-01-18,2025-01-25,1,443.8185729980469
51,2025-01-18,2025-02-01,2,414.2372131347656
51,2025-01-18,2025-02-08,3,384.2659606933594
51,2025-01-18,2025-02-15,4,468.8446044921875
53,2025-01-18,2025-01-25,1,322.60546875
53,2025-01-18,2025-02-01,2,319.9777526855469
53,2025-01-18,2025-02-08,3,394.0010681152344
53,2025-01-18,2025-02-15,4,354.0935363769531
54,2025-01-18,2025-01-25,1,113.72948455810547
54,2025-01-18,2025-02-01,2,92.3586196899414
54,2025-01-18,2025-02-08,3,95.76266479492188
54,2025-01-18,2025-02-15,4,61.737937927246094
55,2025-01-18,2025-01-25,1,547.911865234375
55,2025-01-18,2025-02-01,2,427.2739562988281
55,2025-01-18,2025-02-08,3,264.4726257324219
55,2025-01-18,2025-02-15,4,202.90850830078125
56,2025-01-18,2025-01-25,1,60.60700988769531
56,2025-01-18,2025-02-01,2,53.22929000854492
56,2025-01-18,2025-02-08,3,47.106895446777344
56,2025-01-18,2025-02-15,4,47.262962341308594
72,2025-01-18,2025-01-25,1,408.06646728515625
72,2025-01-18,2025-02-01,2,525.1925659179688
72,2025-01-18,2025-02-08,3,292.8772277832031
72,2025-01-18,2025-02-15,4,206.5589599609375
US,2025-01-18,2025-01-25,1,9897.6
US,2025-01-18,2025-02-01,2,2820.816
US,2025-01-18,2025-02-08,3,888.4281616210938
US,2025-01-18,2025-02-15,4,586.4920654296875
01,2025-01-25,2025-02-01,1,401.28851318359375
01,2025-01-25,2025-02-08,2,332.5104064941406
01,2025-01-25,2025-02-15,3,384.5509948730469
01,2025-01-25,2025-02-22,4,380.5616760253906
02,2025-01-25,2025-02-01,1,20.44919776916504
02,2025-01-25,2025-02-08,2,11.129768371582031
02,2025-01-25,2025-02-15,3,23.322330474853516
02,2025-01-25,2025-02-22,4,18.45545768737793
04,2025-01-25,2025-02-01,1,776.3798828125
04,2025-01-25,2025-02-08,2,529.6463012695312
04,2025-01-25,2025-02-15,3,488.1343078613281
04,2025-01-25,2025-02-22,4,532.6627197265625
05,2025-01-25,2025-02-01,1,272.0386962890625
05,2025-01-25,2025-02-08,2,278.4848937988281
05,2025-01-25,2025-02-15,3,244.1064910888672
05,2025-01-25,2025-02-22,4,187.2771453857422
06,2025-01-25,2025-02-01,1,1279.0927734375
06,2025-01-25,2025-02-08,2,1102.72119140625
06,2025-01-25,2025-02-15,3,694.4096069335938
06,2025-01-25,2025-02-22,4,606.128173828125
08,2025-01-25,2025-02-01,1,344.60040283203125
08,2025-01-25,2025-02-08,2,305.0676574707031
08,2025-01-25,2025-02-15,3,401.8259582519531
08,2025-01-25,2025-02-22,4,414.5774841308594
09,2025-01-25,2025-02-01,1,276.74139404296875
09,2025-01-25,2025-02-08,2,267.09161376953125
09,2025-01-25,2025-02-15,3,176.43324279785156
09,2025-01-25,2025-02-22,4,150.7299041748047
10,2025-01-25,2025-02-01,1,52.150020599365234
10,2025-01-25,2025-02-08,2,32.5660400390625
10,2025-01-25,2025-02-15,3,42.42633056640625
10,2025-01-25,2025-02-22,4,23.600452423095703
11,2025-01-25,2025-02-01,1,94.93804931640625
11,2025-01-25,2025-02-08,2,125.09088897705078
11,2025-01-25,2025-02-15,3,225.80618286132812
11,2025-01-25,2025-02-22,4,57.58057403564453
12,2025-01-25,2025-02-01,1,1349.615966796875
12,2025-01-25,2025-02-08,2,1026.489013671875
12,2025-01-25,2025-02-15,3,592.9176635742188
12,2025-01-25,2025-02-22,4,572.8366088867188
13,2025-01-25,2025-02-01,1,947.6766357421875
13,2025-01-25,2025-02-08,2,604.29248046875
13,2025-01-25,2025-02-15,3,412.52117919921875
13,2025-01-25,2025-02-22,4,386.3798522949219
15,2025-01-25,2025-02-01,1,61.79621887207031
15,2025-01-25,2025-02-08,2,51.80942153930664
15,2025-01-25,2025-02-15,3,71.16109466552734
15,2025-01-25,2025-02-22,4,76.07630157470703
16,2025-01-25,2025-02-01,1,63.99203109741211
16,2025-01-25,2025-02-08,2,64.66588592529297
16,2025-01-25,2025-02-15,3,47.143890380859375
16,2025-01-25,2025-02-22,4,44.63579177856445
17,2025-01-25,2025-02-01,1,1323.450439453125
17,2025-01-25,2025-02-08,2,951.5186767578125
17,2025-01-25,2025-02-15,3,430.4846496582031
17,2025-01-25,2025-02-22,4,371.68499755859375
18,2025-01-25,2025-02-01,1,536.49560546875
18,2025-01-25,2025-02-08,2,670.6193237304688
18,2025-01-25,2025-02-15,3,361.14837646484375
18,2025-01-25,2025-02-22,4,389.7102966308594
19,2025-01-25,2025-02-01,1,257.1297302246094
19,2025-01-25,2025-02-08,2,240.94248962402344
19,2025-01-25,2025-02-15,3,194.15232849121094
19,2025-01-25,2025-02-22,4,102.13484191894531
20,2025-01-25,2025-02-01,1,151.71336364746094
20,2025-01-25,2025-02-08,2,105.33384704589844
20,2025-01-25,2025-02-15,3,103.55550384521484
20,2025-01-25,2025-02-22,4,107.32965850830078
21,2025-01-25,2025-02-01,1,322.8059997558594
21,2025-01-25,2025-02-08,2,298.6670837402344
21,2025-01-25,2025-02-15,3,398.6580505371094
21,2025-01-25,2025-02-22,4,397.77264404296875
22,2025-01-25,2025-02-01,1,342.60675048828125
22,2025-01-25,2025-02-08,2,328.7218017578125
22,2025-01-25,2025-02-15,3,374.40240478515625
22,2025-01-25,2025-02-22,4,341.28375244140625
23,2025-01-25,2025-02-01,1,69.60944366455078
23,2025-01-25,2025-02-08,2,69.45204162597656
23,2025-01-25,2025-02-15,3,85.05711364746094
23,2025-01-25,2025-02-22,4,80.48312377929688
24,2025-01-25,2025-02-01,1,463.9171447753906
24,2025-01-25,2025-02-08,2,397.4822998046875
24,2025-01-25,2025-02-15,3,313.25726318359375
24,2025-01-25,2025-02-22,4,186.58360290527344
25,2025-01-25,2025-02-01,1,915.65966796875
25,2025-01-25,2025-02-08,2,861.4591064453125
25,2025-01-25,2025-02-15,3,433.7247009277344
25,2025-01-25,2025-02-22,4,293.3545227050781
26,2025-01-25,2025-02-01,1,911.14013671875
26,2025-01-25,2025-02-08,2,784.011962890625
26,2025-01-25,2025-02-15,3,542.4442749023438
26,2025-01-25,2025-02-22,4,464.8622131347656
27,2025-01-25,2025-02-01,1,701.2305908203125
27,2025-01-25,2025-02-08,2,472.39324951171875
27,2025-01-25,2025-02-15,3,315.2631530761719
27,2025-01-25,2025-02-22,4,267.9684143066406
28,2025-01-25,2025-02-01,1,255.5707244873047
28,2025-01-25,2025-02-08,2,294.8748474121094
28,2025-01-25,2025-02-15,3,235.85594177246094
28,2025-01-25,2025-02-22,4,195.12474060058594
29,2025-01-25,2025-02-01,1,469.4749450683594
29,2025-01-25,2025-02-08,2,409.16131591796875
29,2025-01-25,2025-02-15,3,468.67974853515625
29,2025-01-25,2025-02-22,4,386.8402404785156
30,2025-01-25,2025-02-01,1,61.28030776977539
30,2025-01-25,2025-02-08,2,52.674564361572266
30,2025-01-25,2025-02-15,3,56.425148010253906
30,2025-01-25,2025-02-22,4,68.65055084228516
31,2025-01-25,2025-02-01,1,107.9375991821289
31,2025-01-25,2025-02-08,2,122.58831787109375
31,2025-01-25,2025-02-15,3,123.61095428466797
31,2025-01-25,2025-02-22,4,113.45233917236328
32,2025-01-25,2025-02-01,1,131.84678649902344
32,2025-01-25,2025-02-08,2,90.62208557128906
32,2025-01-25,2025-02-15,3,100.84747314453125
32,2025-01-25,2025-02-22,4,105.36536407470703
33,2025-01-25,2025-02-01,1,82.32139587402344
33,2025-01-25,2025-02-08,2,114.29276275634766
33,2025-01-25,2025-02-15,3,160.12667846679688
33,2025-01-25,2025-02-22,4,57.05109405517578
34,2025-01-25,2025-02-01,1,1382.94482421875
34,2025-01-25,2025-02-08,2,988.371826171875
34,2025-01-25,2025-02-15,3,518.544189453125
34,2025-01-25,2025-02-22,4,448.7790222167969
35,2025-01-25,2025-02-01,1,144.087890625
35,2025-01-25,2025-02-08,2,71.56279754638672
35,2025-01-25,2025-02-15,3,74.88911437988281
35,2025-01-25,2025-02-22,4,102.1155014038086
36,2025-01-25,2025-02-01,1,1351.690673828125
36,2025-01-25,2025-02-08,2,964.8941040039062
36,2025-01-25,2025-02-15,3,543.1763305664062
36,2025-01-25,2025-02-22,4,587.1471557617188
37,2025-01-25,2025-02-01,1,1348.149169921875
37,2025-01-25,2025-02-08,2,985.2722778320312
37,2025-01-25,2025-02-15,3,481.5144958496094
37,2025-01-25,2025-02-22,4,426.25640869140625
38,2025-01-25,2025-02-01,1,69.67530822753906
38,2025-01-25,2025-02-08,2,58.66341018676758
38,2025-01-25,2025-02-15,3,65.37228393554688
38,2025-01-25,2025-02-22,4,50.86069107055664
39,2025-01-25,2025-02-01,1,1389.05029296875
39,2025-01-25,2025-02-08,2,972.1788940429688
39,2025-01-25,2025-02-15,3,502.2903137207031
39,2025-01-25,2025-02-22,4,515.8271484375
40,2025-01-25,2025-02-01,1,681.2407836914062
40,2025-01-25,2025-02-08,2,650.5722045898438
40,2025-01-25,2025-02-15,3,338.703369140625
40,2025-01-25,2025-02-22,4,163.75645446777344
41,2025-01-25,2025-02-01,1,227.09048461914062
41,2025-01-25,2025-02-08,2,201.76312255859375
41,2025-01-25,2025-02-15,3,189.48992919921875
41,2025-01-25,2025-02-22,4,201.08209228515625
42,2025-01-25,2025-02-01,1,1317.21142578125
42,2025-01-25,2025-02-08,2,1076.243408203125
42,2025-01-25,2025-02-15,3,724.182373046875
42,2025-01-25,2025-02-22,4,529.8970336914062
44,2025-01-25,2025-02-01,1,79.6906967163086
44,2025-01-25,2025-02-08,2,75.3928451538086
44,2025-01-25,2025-02-15,3,84.07850646972656
44,2025-01-25,2025-02-22,4,52.38313674926758
45,2025-01-25,2025-02-01,1,741.6480712890625
45,2025-01-25,2025-02-08,2,443.791259765625
45,2025-01-25,2025-02-15,3,300.9358215332031
45,2025-01-25,2025-02-22,4,239.61622619628906
46,2025-01-25,2025-02-01,1,45.035789489746094
46,2025-01-25,2025-02-08,2,56.64978790283203
46,2025-01-25,2025-02-15,3,66.3531723022461
46,2025-01-25,2025-02-22,4,51.52880859375
47,2025-01-25,2025-02-01,1,437.60784912109375
47,2025-01-25,2025-02-08,2,387.0057067871094
47,2025-01-25,2025-02-15,3,466.6240234375
47,2025-01-25,2025-02-22,4,510.9107971191406
48,2025-01-25,2025-02-01,1,1387.3826904296875
48,2025-01-25,2025-02-08,2,1150.1900634765625
48,2025-01-25,2025-02-15,3,775.8165893554688
48,2025-01-25,2025-02-22,4,593.86865234375
49,2025-01-25,2025-02-01,1,137.76112365722656
49,2025-01-25,2025-02-08,2,91.18363189697266
49,2025-01-25,2025-02-15,3,90.63627624511719
49,2025-01-25,2025-02-22,4,91.73494720458984
50,2025-01-25,2025-02-01,1,28.494295120239258
50,2025-01-25,2025-02-08,2,26.006912231445312
50,2025-01-25,2025-02-15,3,29.356639862060547
50,2025-01-25,2025-02-22,4,22.616689682006836
51,2025-01-25,2025-02-01,1,471.5786437988281
51,2025-01-25,2025-02-08,2,404.8006286621094
51,2025-01-25,2025-02-15,3,378.6111145019531
51,2025-01-25,2025-02-22,4,383.3454895019531
53,2025-01-25,2025-02-01,1,339.8016662597656
53,2025-01-25,2025-02-08,2,392.9457092285156
53,2025-01-25,2025-02-15,3,464.8540954589844
53,2025-01-25,2025-02-22,4,413.172119140625
54,2025-01-25,2025-02-01,1,126.70260620117188
54,2025-01-25,2025-02-08,2,115.02277374267578
54,2025-01-25,2025-02-15,3,97.69178771972656
54,2025-01-25,2025-02-22,4,103.99708557128906
55,2025-01-25,2025-02-01,1,761.5909423828125
55,2025-01-25,2025-02-08,2,641.083740234375
55,2025-01-25,2025-02-15,3,261.9632568359375
55,2025-01-25,2025-02-22,4,186.24539184570312
56,2025-01-25,2025-02-01,1,39.81485366821289
56,2025-01-25,2025-02-08,2,19.35655403137207
56,2025-01-25,2025-02-15,3,27.546781539916992
56,2025-01-25,2025-02-22,4,24.68581771850586
72,2025-01-25,2025-02-01,1,264.2380065917969
72,2025-01-25,2025-02-08,2,199.4527130126953
72,2025-01-25,2025-02-15,3,298.8923034667969
72,2025-01-25,2025-02-22,4,246.9748077392578
US,2025-01-25,2025-02-01,1,12184.5
US,2025-01-25,2025-02-08,2,3472.5824999999995
US,2025-01-25,2025-02-15,3,937.597275
US,2025-01-25,2025-02-22,4,583.167724609375
01,2025-02-01,2025-02-08,1,409.9073181152344
01,2025-02-01,2025-02-15,2,347.53533935546875
01,2025-02-01,2025-02-22,3,463.8089294433594
01,2025-02-01,2025-03-01,4,411.0544128417969
02,2025-02-01,2025-02-08,1,9.616460800170898
02,2025-02-01,2025-02-15,2,2.7406911849975586
02,2025-02-01,2025-02-22,3,18.564197540283203
02,2025-02-01,2025-03-01,4,17.120298385620117
04,2025-02-01,2025-02-08,1,605.874267578125
04,2025-02-01,2025-02-15,2,540.9099731445312
04,2025-02-01,2025-02-22,3,455.2652587890625
04,2025-02-01,2025-03-01,4,499.18182373046875
05,2025-02-01,2025-02-08,1,519.306640625
05,2025-02-01,2025-02-15,2,481.6619567871094
05,2025-02-01,2025-02-22,3,343.9211120605469
05,2025-02-01,2025-03-01,4,222.81419372558594
06,2025-02-01,2025-02-08,1,1344.7073974609375
06,2025-02-01,2025-02-15,2,1112.4144287109375
06,2025-02-01,2025-02-22,3,751.5485229492188
06,2025-02-01,2025-03-01,4,633.4794311523438
08,2025-02-01,2025-02-08,1,360.2900695800781
08,2025-02-01,2025-02-15,2,373.3092346191406
08,2025-02-01,2025-02-22,3,453.570068359375
08,2025-02-01,2025-03-01,4,460.5391540527344
09,2025-02-01,2025-02-08,1,327.581298828125
09,2025-02-01,2025-02-15,2,221.0188446044922
09,2025-02-01,2025-02-22,3,246.11383056640625
09,2025-02-01,2025-03-01,4,129.99359130859375
10,2025-02-01,2025-02-08,1,45.65483474731445
10,2025-02-01,2025-02-15,2,39.30119323730469
10,2025-02-01,2025-02-22,3,85.25312805175781
10,2025-02-01,2025-03-01,4,28.518962860107422
11,2025-02-01,2025-02-08,1,146.6984405517578
11,2025-02-01,2025-02-15,2,107.57268524169922
11,2025-02-01,2025-02-22,3,120.78119659423828
11,2025-02-01,2025-03-01,4,55.89915084838867
12,2025-02-01,2025-02-08,1,1380.5384521484375
12,2025-02-01,2025-02-15,2,1110.93603515625
12,2025-02-01,2025-02-22,3,774.184814453125
12,2025-02-01,2025-03-01,4,593.0865478515625
13,2025-02-01,2025-02-08,1,743.8767700195312
13,2025-02-01,2025-02-15,2,723.8515014648438
13,2025-02-01,2025-02-22,3,530.215087890625
13,2025-02-01,2025-03-01,4,443.87646484375
15,2025-02-01,2025-02-08,1,48.98830795288086
15,2025-02-01,2025-02-15,2,30.772764205932617
15,2025-02-01,2025-02-22,3,33.02580642700195
15,2025-02-01,2025-03-01,4,32.550743103027344
16,2025-02-01,2025-02-08,1,69.00578308105469
16,2025-02-01,2025-02-15,2,117.18067169189453
16,2025-02-01,2025-02-22,3,103.09711456298828
16,2025-02-01,2025-03-01,4,100.31243896484375
17,2025-02-01,2025-02-08,1,1259.46142578125
17,2025-02-01,2025-02-15,2,927.8519897460938
17,2025-02-01,2025-02-22,3,515.503173828125
17,2025-02-01,2025-03-01,4,462.47528076171875
18,2025-02-01,2025-02-08,1,748.3604736328125
18,2025-02-01,2025-02-15,2,759.448486328125
18,2025-02-01,2025-02-22,3,464.5199890136719
18,2025-02-01,2025-03-01,4,409.18878173828125
19,2025-02-01,2025-02-08,1,340.8040771484375
19,2025-02-01,2025-02-15,2,242.6529541015625
19,2025-02-01,2025-02-22,3,213.8817138671875
19,2025-02-01,2025-03-01,4,95.56327819824219
20,2025-02-01,2025-02-08,1,238.58766174316406
20,2025-02-01,2025-02-15,2,215.70408630371094
20,2025-02-01,2025-02-22,3,218.53480529785156
20,2025-02-01,2025-03-01,4,185.94015502929688
21,2025-02-01,2025-02-08,1,410.1321105957031
21,2025-02-01,2025-02-15,2,526.4331665039062
21,2025-02-01,2025-02-22,3,457.2858581542969
21,2025-02-01,2025-03-01,4,372.6854553222656
22,2025-02-01,2025-02-08,1,381.4530029296875
22,2025-02-01,2025-02-15,2,349.6427917480469
22,2025-02-01,2025-02-22,3,505.2311096191406
22,2025-02-01,2025-03-01,4,459.0596618652344
23,2025-02-01,2025-02-08,1,107.0649185180664
23,2025-02-01,2025-02-15,2,79.0771484375
23,2025-02-01,2025-02-22,3,105.2254638671875
23,2025-02-01,2025-03-01,4,57.6949348449707
24,2025-02-01,2025-02-08,1,637.5695190429688
24,2025-02-01,2025-02-15,2,414.3041076660156
24,2025-02-01,2025-02-22,3,406.15081787109375
24,2025-02-01,2025-03-01,4,302.76654052734375
25,2025-02-01,2025-02-08,1,901.954345703125
25,2025-02-01,2025-02-15,2,825.15087890625
25,2025-02-01,2025-02-22,3,571.8594970703125
25,2025-02-01,2025-03-01,4,482.0004577636719
26,2025-02-01,2025-02-08,1,917.7955322265625
26,2025-02-01,2025-02-15,2,827.5050659179688
26,2025-02-01,2025-02-22,3,491.9029541015625
26,2025-02-01,2025-03-01,4,466.72833251953125
27,2025-02-01,2025-02-08,1,682.4238891601562
27,2025-02-01,2025-02-15,2,470.07379150390625
27,2025-02-01,2025-02-22,3,422.331298828125
27,2025-02-01,2025-03-01,4,347.8482971191406
28,2025-02-01,2025-02-08,1,484.5002136230469
28,2025-02-01,2025-02-15,2,493.6921081542969
28,2025-02-01,2025-02-22,3,283.41656494140625
28,2025-02-01,2025-03-01,4,225.55661010742188
29,2025-02-01,2025-02-08,1,513.3761596679688
29,2025-02-01,2025-02-15,2,684.4253540039062
29,2025-02-01,2025-02-22,3,463.2264099121094
29,2025-02-01,2025-03-01,4,459.4681091308594
30,2025-02-01,2025-02-08,1,74.40953063964844
30,2025-02-01,2025-02-15,2,63.3663215637207
30,2025-02-01,2025-02-22,3,78.68394470214844
30,2025-02-01,2025-03-01,4,96.88883209228516
31,2025-02-01,2025-02-08,1,217.84152221679688
31,2025-02-01,2025-02-15,2,166.5695037841797
31,2025-02-01,2025-02-22,3,218.10031127929688
31,2025-02-01,2025-03-01,4,80.92284393310547
32,2025-02-01,2025-02-08,1,94.54368591308594
32,2025-02-01,2025-02-15,2,74.97401428222656
32,2025-02-01,2025-02-22,3,82.06733703613281
32,2025-02-01,2025-03-01,4,123.1103286743164
33,2025-02-01,2025-02-08,1,132.1060791015625
33,2025-02-01,2025-02-15,2,89.88358306884766
33,2025-02-01,2025-02-22,3,110.63076782226562
33,2025-02-01,2025-03-01,4,91.12480926513672
34,2025-02-01,2025-02-08,1,1191.3778076171875
34,2025-02-01,2025-02-15,2,782.385498046875
34,2025-02-01,2025-02-22,3,543.1304931640625
34,2025-02-01,2025-03-01,4,473.1146545410156
35,2025-02-01,2025-02-08,1,121.77013397216797
35,2025-02-01,2025-02-15,2,68.1298828125
35,2025-02-01,2025-02-22,3,78.69173431396484
35,2025-02-01,2025-03-01,4,111.28459930419922
36,2025-02-01,2025-02-08,1,1213.063232421875
36,2025-02-01,2025-02-15,2,838.405029296875
36,2025-02-01,2025-02-22,3,554.439697265625
36,2025-02-01,2025-03-01,4,586.2281494140625
37,2025-02-01,2025-02-08,1,1371.619873046875
37,2025-02-01,2025-02-15,2,1075.2327880859375
37,2025-02-01,2025-02-22,3,682.9083251953125
37,2025-02-01,2025-03-01,4,491.412109375
38,2025-02-01,2025-02-08,1,79.91637420654297
38,2025-02-01,2025-02-15,2,60.59323501586914
38,2025-02-01,2025-02-22,3,83.21422576904297
38,2025-02-01,2025-03-01,4,65.06038665771484
39,2025-02-01,2025-02-08,1,1385.038330078125
39,2025-02-01,2025-02-15,2,1098.83349609375
39,2025-02-01,2025-02-22,3,690.16357421875
39,2025-02-01,2025-03-01,4,558.5097045898438
40,2025-02-01,2025-02-08,1,749.0956420898438
40,2025-02-01,2025-02-15,2,765.30810546875
40,2025-02-01,2025-02-22,3,434.4486083984375
40,2025-02-01,2025-03-01,4,332.3709411621094
41,2025-02-01,2025-02-08,1,300.6426086425781
41,2025-02-01,2025-02-15,2,519.2693481445312
41,2025-02-01,2025-02-22,3,385.3777160644531
41,2025-02-01,2025-03-01,4,416.6385498046875
42,2025-02-01,2025-02-08,1,1367.9400634765625
42,2025-02-01,2025-02-15,2,1106.5478515625
42,2025-02-01,2025-02-22,3,777.5013427734375
42,2025-02-01,2025-03-01,4,547.6610107421875
44,2025-02-01,2025-02-08,1,87.2117919921875
44,2025-02-01,2025-02-15,2,95.49860382080078
44,2025-02-01,2025-02-22,3,154.92958068847656
44,2025-02-01,2025-03-01,4,55.84812545776367
45,2025-02-01,2025-02-08,1,798.824951171875
45,2025-02-01,2025-02-15,2,793.346435546875
45,2025-02-01,2025-02-22,3,440.9877014160156
45,2025-02-01,2025-03-01,4,436.8035888671875
46,2025-02-01,2025-02-08,1,83.26402282714844
46,2025-02-01,2025-02-15,2,66.5771255493164
46,2025-02-01,2025-02-22,3,114.31278991699219
46,2025-02-01,2025-03-01,4,39.89152526855469
47,2025-02-01,2025-02-08,1,461.41552734375
47,2025-02-01,2025-02-15,2,621.0452270507812
47,2025-02-01,2025-02-22,3,505.4318542480469
47,2025-02-01,2025-03-01,4,503.4774475097656
48,2025-02-01,2025-02-08,1,1883.66162109375
48,2025-02-01,2025-02-15,2,1084.22216796875
48,2025-02-01,2025-02-22,3,784.4755859375
48,2025-02-01,2025-03-01,4,604.4360961914062
49,2025-02-01,2025-02-08,1,100.14735412597656
49,2025-02-01,2025-02-15,2,74.93254852294922
49,2025-02-01,2025-02-22,3,97.25670623779297
49,2025-02-01,2025-03-01,4,105.78482818603516
50,2025-02-01,2025-02-08,1,41.51871109008789
50,2025-02-01,2025-02-15,2,21.23896026611328
50,2025-02-01,2025-02-22,3,53.31181716918945
50,2025-02-01,2025-03-01,4,41.94844436645508
51,2025-02-01,2025-02-08,1,704.994140625
51,2025-02-01,2025-02-15,2,719.13916015625
51,2025-02-01,2025-02-22,3,425.59832763671875
51,2025-02-01,2025-03-01,4,388.66278076171875
53,2025-02-01,2025-02-08,1,414.16888427734375
53,2025-02-01,2025-02-15,2,456.6857604980469
53,2025-02-01,2025-02-22,3,537.7302856445312
53,2025-02-01,2025-03-01,4,491.6424560546875
54,2025-02-01,2025-02-08,1,205.86941528320312
54,2025-02-01,2025-02-15,2,173.9696044921875
54,2025-02-01,2025-02-22,3,130.344482421875
54,2025-02-01,2025-03-01,4,75.81169128417969
55,2025-02-01,2025-02-08,1,779.6339721679688
55,2025-02-01,2025-02-15,2,516.8328247070312
55,2025-02-01,2025-02-22,3,383.0020751953125
55,2025-02-01,2025-03-01,4,340.5726013183594
56,2025-02-01,2025-02-08,1,49.05656051635742
56,2025-02-01,2025-02-15,2,26.556917190551758
56,2025-02-01,2025-02-22,3,52.75901794433594
56,2025-02-01,2025-03-01,4,21.286643981933594
72,2025-02-01,2025-02-08,1,185.4398956298828
72,2025-02-01,2025-02-15,2,142.1589813232422
72,2025-02-01,2025-02-22,3,243.4239959716797
72,2025-02-01,2025-03-01,4,226.51535034179688
US,2025-02-01,2025-02-08,1,15364.199999999999
US,2025-02-01,2025-02-15,2,4378.797
US,2025-02-01,2025-02-22,3,1182.27519
US,2025-02-01,2025-03-01,4,590.1480102539062
01,2025-02-08,2025-02-15,1,435.69903564453125
01,2025-02-08,2025-02-22,2,429.7577819824219
01,2025-02-08,2025-03-01,3,360.3525695800781
01,2025-02-08,2025-03-08,4,289.2962951660156
02,2025-02-08,2025-02-15,1,19.01124382019043
02,2025-02-08,2025-02-22,2,5.418204307556152
02,2025-02-08,2025-03-01,3,21.499773025512695
02,2025-02-08,2025-03-08,4,17.75472640991211
04,2025-02-08,2025-02-15,1,576.1626586914062
04,2025-02-08,2025-02-22,2,528.0377807617188
04,2025-02-08,2025-03-01,3,454.22454833984375
04,2025-02-08,2025-03-08,4,457.36846923828125
05,2025-02-08,2025-02-15,1,694.4962768554688
05,2025-02-08,2025-02-22,2,749.0879516601562
05,2025-02-08,2025-03-01,3,344.5269775390625
05,2025-02-08,2025-03-08,4,268.2972106933594
06,2025-02-08,2025-02-15,1,1292.03466796875
06,2025-02-08,2025-02-22,2,1074.600341796875
06,2025-02-08,2025-03-01,3,677.1592407226562
06,2025-02-08,2025-03-08,4,469.72564697265625
08,2025-02-08,2025-02-15,1,413.4730224609375
08,2025-02-08,2025-02-22,2,377.0224304199219
08,2025-02-08,2025-03-01,3,468.34637451171875
08,2025-02-08,2025-03-08,4,404.0077209472656
09,2025-02-08,2025-02-15,1,376.55242919921875
09,2025-02-08,2025-02-22,2,302.58624267578125
09,2025-02-08,2025-03-01,3,249.02500915527344
09,2025-02-08,2025-03-08,4,131.994140625
10,2025-02-08,2025-02-15,1,139.37135314941406
10,2025-02-08,2025-02-22,2,93.47053527832031
10,2025-02-08,2025-03-01,3,107.69328308105469
10,2025-02-08,2025-03-08,4,61.117820739746094
11,2025-02-08,2025-02-15,1,171.69761657714844
11,2025-02-08,2025-02-22,2,196.99728393554688
11,2025-02-08,2025-03-01,3,189.69483947753906
11,2025-02-08,2025-03-08,4,56.61219787597656
12,2025-02-08,2025-02-15,1,1350.7174072265625
12,2025-02-08,2025-02-22,2,970.2937622070312
12,2025-02-08,2025-03-01,3,768.2399291992188
12,2025-02-08,2025-03-08,4,640.7964477539062
13,2025-02-08,2025-02-15,1,941.9840698242188
13,2025-02-08,2025-02-22,2,700.3414916992188
13,2025-02-08,2025-03-01,3,492.9999694824219
13,2025-02-08,2025-03-08,4,489.5836181640625
15,2025-02-08,2025-02-15,1,57.1636962890625
15,2025-02-08,2025-02-22,2,34.3801155090332
15,2025-02-08,2025-03-01,3,48.0766487121582
15,2025-02-08,2025-03-08,4,34.28202438354492
16,2025-02-08,2025-02-15,1,142.7525634765625
16,2025-02-08,2025-02-22,2,124.89695739746094
16,2025-02-08,2025-03-01,3,119.10980224609375
16,2025-02-08,2025-03-08,4,106.02218627929688
17,2025-02-08,2025-02-15,1,1346.6839599609375
17,2025-02-08,2025-02-22,2,911.8922729492188
17,2025-02-08,2025-03-01,3,730.732666015625
17,2025-02-08,2025-03-08,4,503.574462890625
18,2025-02-08,2025-02-15,1,1075.4599609375
18,2025-02-08,2025-02-22,2,1045.7803955078125
18,2025-02-08,2025-03-01,3,718.320068359375
18,2025-02-08,2025-03-08,4,479.4997863769531
19,2025-02-08,2025-02-15,1,489.7239074707031
19,2025-02-08,2025-02-22,2,380.45477294921875
19,2025-02-08,2025-03-01,3,343.1156311035156
19,2025-02-08,2025-03-08,4,149.6548309326172
20,2025-02-08,2025-02-15,1,378.591552734375
20,2025-02-08,2025-02-22,2,214.95263671875
20,2025-02-08,2025-03-01,3,205.27938842773438
20,2025-02-08,2025-03-08,4,169.03298950195312
21,2025-02-08,2025-02-15,1,755.6216430664062
21,2025-02-08,2025-02-22,2,772.231201171875
21,2025-02-08,2025-03-01,3,510.6346130371094
21,2025-02-08,2025-03-08,4,390.1806945800781
22,2025-02-08,2025-02-15,1,278.85382080078125
22,2025-02-08,2025-02-22,2,231.2855987548828
22,2025-02-08,2025-03-01,3,330.0569152832031
22,2025-02-08,2025-03-08,4,260.8941955566406
23,2025-02-08,2025-02-15,1,175.40481567382812
23,2025-02-08,2025-02-22,2,174.79653930664062
23,2025-02-08,2025-03-01,3,207.95065307617188
23,2025-02-08,2025-03-08,4,54.49515914916992
24,2025-02-08,2025-02-15,1,779.377197265625
24,2025-02-08,2025-02-22,2,741.9609985351562
24,2025-02-08,2025-03-01,3,439.7605895996094
24,2025-02-08,2025-03-08,4,350.46087646484375
25,2025-02-08,2025-02-15,1,1033.815673828125
25,2025-02-08,2025-02-22,2,965.909423828125
25,2025-02-08,2025-03-01,3,515.8407592773438
25,2025-02-08,2025-03-08,4,448.0979919433594
26,2025-02-08,2025-02-15,1,878.3314819335938
26,2025-02-08,2025-02-22,2,618.1221313476562
26,2025-02-08,2025-03-01,3,605.8814086914062
26,2025-02-08,2025-03-08,4,562.8302001953125
27,2025-02-08,2025-02-15,1,453.8260192871094
27,2025-02-08,2025-02-22,2,375.6689453125
27,2025-02-08,2025-03-01,3,357.5322570800781
27,2025-02-08,2025-03-08,4,316.7866516113281
28,2025-02-08,2025-02-15,1,347.7115783691406
28,2025-02-08,2025-02-22,2,219.3967742919922
28,2025-02-08,2025-03-01,3,192.65997314453125
28,2025-02-08,2025-03-08,4,206.0377960205078
29,2025-02-08,2025-02-15,1,854.7932739257812
29,2025-02-08,2025-02-22,2,759.681884765625
29,2025-02-08,2025-03-01,3,570.4749145507812
29,2025-02-08,2025-03-08,4,459.7982177734375
30,2025-02-08,2025-02-15,1,119.38394165039062
30,2025-02-08,2025-02-22,2,108.78265380859375
30,2025-02-08,2025-03-01,3,119.71590423583984
30,2025-02-08,2025-03-08,4,93.97777557373047
31,2025-02-08,2025-02-15,1,257.1735534667969
31,2025-02-08,2025-02-22,2,167.0614471435547
31,2025-02-08,2025-03-01,3,158.01893615722656
31,2025-02-08,2025-03-08,4,107.31610870361328
32,2025-02-08,2025-02-15,1,152.0036163330078
32,2025-02-08,2025-02-22,2,174.77597045898438
32,2025-02-08,2025-03-01,3,190.35992431640625
32,2025-02-08,2025-03-08,4,194.1846160888672
33,2025-02-08,2025-02-15,1,166.7357635498047
33,2025-02-08,2025-02-22,2,119.47515106201172
33,2025-02-08,2025-03-01,3,162.34661865234375
33,2025-02-08,2025-03-08,4,106.62674713134766
34,2025-02-08,2025-02-15,1,1334.3001708984375
34,2025-02-08,2025-02-22,2,801.4006958007812
34,2025-02-08,2025-03-01,3,572.13720703125
34,2025-02-08,2025-03-08,4,461.6636657714844
35,2025-02-08,2025-02-15,1,121.94103240966797
35,2025-02-08,2025-02-22,2,96.17752838134766
35,2025-02-08,2025-03-01,3,96.2175521850586
35,2025-02-08,2025-03-08,4,121.3115005493164
36,2025-02-08,2025-02-15,1,1222.595458984375
36,2025-02-08,2025-02-22,2,772.0077514648438
36,2025-02-08,2025-03-01,3,546.3756103515625
36,2025-02-08,2025-03-08,4,611.82470703125
37,2025-02-08,2025-02-15,1,1288.056396484375
37,2025-02-08,2025-02-22,2,1060.51171875
37,2025-02-08,2025-03-01,3,715.7481079101562
37,2025-02-08,2025-03-08,4,530.0732421875
38,2025-02-08,2025-02-15,1,92.33719635009766
38,2025-02-08,2025-02-22,2,54.437984466552734
38,2025-02-08,2025-03-01,3,93.9654312133789
38,2025-02-08,2025-03-08,4,57.82991409301758
39,2025-02-08,2025-02-15,1,1378.4251708984375
39,2025-02-08,2025-02-22,2,1083.960205078125
39,2025-02-08,2025-03-01,3,783.1333618164062
39,2025-02-08,2025-03-08,4,597.8727416992188
40,2025-02-08,2025-02-15,1,822.9089965820312
40,2025-02-08,2025-02-22,2,617.8047485351562
40,2025-02-08,2025-03-01,3,510.9608459472656
40,2025-02-08,2025-03-08,4,366.52239990234375
41,2025-02-08,2025-02-15,1,416.08538818359375
41,2025-02-08,2025-02-22,2,370.2400817871094
41,2025-02-08,2025-03-01,3,367.12664794921875
41,2025-02-08,2025-03-08,4,346.8884582519531
42,2025-02-08,2025-02-15,1,1382.26318359375
42,2025-02-08,2025-02-22,2,1082.789794921875
42,2025-02-08,2025-03-01,3,764.0767211914062
42,2025-02-08,2025-03-08,4,547.3338623046875
44,2025-02-08,2025-02-15,1,170.0597686767578
44,2025-02-08,2025-02-22,2,130.3263702392578
44,2025-02-08,2025-03-01,3,152.78489685058594
44,2025-02-08,2025-03-08,4,81.79071807861328
45,2025-02-08,2025-02-15,1,738.853515625
45,2025-02-08,2025-02-22,2,518.8953247070312
45,2025-02-08,2025-03-01,3,513.0169067382812
45,2025-02-08,2025-03-08,4,391.7088623046875
46,2025-02-08,2025-02-15,1,173.83131408691406
46,2025-02-08,2025-02-22,2,190.7830352783203
46,2025-02-08,2025-03-01,3,191.99325561523438
46,2025-02-08,2025-03-08,4,48.95827865600586
47,2025-02-08,2025-02-15,1,780.3208618164062
47,2025-02-08,2025-02-22,2,631.79638671875
47,2025-02-08,2025-03-01,3,490.2929992675781
47,2025-02-08,2025-03-08,4,406.40252685546875
48,2025-02-08,2025-02-15,1,1391.56103515625
48,2025-02-08,2025-02-22,2,947.3739013671875
48,2025-02-08,2025-03-01,3,802.7870483398438
48,2025-02-08,2025-03-08,4,585.4655151367188
49,2025-02-08,2025-02-15,1,141.0277862548828
49,2025-02-08,2025-02-22,2,120.81006622314453
49,2025-02-08,2025-03-01,3,144.07705688476562
49,2025-02-08,2025-03-08,4,148.66856384277344
50,2025-02-08,2025-02-15,1,60.419952392578125
50,2025-02-08,2025-02-22,2,35.08916473388672
50,2025-02-08,2025-03-01,3,109.2529296875
50,2025-02-08,2025-03-08,4,27.909936904907227
51,2025-02-08,2025-02-15,1,873.467529296875
51,2025-02-08,2025-02-22,2,848.5006103515625
51,2025-02-08,2025-03-01,3,601.6883544921875
51,2025-02-08,2025-03-08,4,473.76385498046875
53,2025-02-08,2025-02-15,1,667.9786987304688
53,2025-02-08,2025-02-22,2,580.14794921875
53,2025-02-08,2025-03-01,3,466.3464660644531
53,2025-02-08,2025-03-08,4,428.3014221191406
54,2025-02-08,2025-02-15,1,427.10791015625
54,2025-02-08,2025-02-22,2,323.9105224609375
54,2025-02-08,2025-03-01,3,240.63609313964844
54,2025-02-08,2025-03-08,4,81.55577087402344
55,2025-02-08,2025-02-15,1,824.0660400390625
55,2025-02-08,2025-02-22,2,512.9893798828125
55,2025-02-08,2025-03-01,3,420.6441345214844
55,2025-02-08,2025-03-08,4,292.604248046875
56,2025-02-08,2025-02-15,1,54.3429069519043
56,2025-02-08,2025-02-22,2,25.07731819152832
56,2025-02-08,2025-03-01,3,53.42216873168945
56,2025-02-08,2025-03-08,4,47.19081115722656
72,2025-02-08,2025-02-15,1,127.71714782714844
72,2025-02-08,2025-02-22,2,144.3562469482422
72,2025-02-08,2025-03-01,3,175.2012939453125
72,2025-02-08,2025-03-08,4,188.70777893066406
US,2025-02-08,2025-02-15,1,16282.5
US,2025-02-08,2025-02-22,2,4640.5125
US,2025-02-08,2025-03-01,3,1252.938375
US,2025-02-08,2025-03-08,4,574.0852661132812
01,2025-02-15,2025-02-22,1,273.5945739746094
01,2025-02-15,2025-03-01,2,271.3111572265625
01,2025-02-15,2025-03-08,3,278.85455322265625
01,2025-02-15,2025-03-15,4,258.5685119628906
02,2025-02-15,2025-02-22,1,24.426969528198242
02,2025-02-15,2025-03-01,2,20.334640502929688
02,2025-02-15,2025-03-08,3,42.00755310058594
02,2025-02-15,2025-03-15,4,19.830434799194336
04,2025-02-15,2025-02-22,1,484.5490417480469
04,2025-02-15,2025-03-01,2,427.8960266113281
04,2025-02-15,2025-03-08,3,454.92974853515625
04,2025-02-15,2025-03-15,4,431.5660400390625
05,2025-02-15,2025-02-22,1,498.750244140625
05,2025-02-15,2025-03-01,2,383.43121337890625
05,2025-02-15,2025-03-08,3,325.4840393066406
05,2025-02-15,2025-03-15,4,279.054931640625
06,2025-02-15,2025-02-22,1,1213.322509765625
06,2025-02-15,2025-03-01,2,704.8714599609375
06,2025-02-15,2025-03-08,3,469.56182861328125
06,2025-02-15,2025-03-15,4,469.3352355957031
08,2025-02-15,2025-02-22,1,431.8663330078125
08,2025-02-15,2025-03-01,2,288.6847229003906
08,2025-02-15,2025-03-08,3,353.6195983886719
08,2025-02-15,2025-03-15,4,295.1016540527344
09,2025-02-15,2025-02-22,1,359.6960144042969
09,2025-02-15,2025-03-01,2,185.108154296875
09,2025-02-15,2025-03-08,3,197.8541717529297
09,2025-02-15,2025-03-15,4,142.6975555419922
10,2025-02-15,2025-02-22,1,116.56848907470703
10,2025-02-15,2025-03-01,2,107.91316223144531
10,2025-02-15,2025-03-08,3,135.74607849121094
10,2025-02-15,2025-03-15,4,68.4706802368164
11,2025-02-15,2025-02-22,1,90.8261947631836
11,2025-02-15,2025-03-01,2,52.28577423095703
11,2025-02-15,2025-03-08,3,50.229896545410156
11,2025-02-15,2025-03-15,4,51.52202224731445
12,2025-02-15,2025-02-22,1,1247.44873046875
12,2025-02-15,2025-03-01,2,731.23095703125
12,2025-02-15,2025-03-08,3,508.5073547363281
12,2025-02-15,2025-03-15,4,477.8424377441406
13,2025-02-15,2025-02-22,1,714.7183227539062
13,2025-02-15,2025-03-01,2,573.9083251953125
13,2025-02-15,2025-03-08,3,483.2239685058594
13,2025-02-15,2025-03-15,4,478.44891357421875
15,2025-02-15,2025-02-22,1,63.070167541503906
15,2025-02-15,2025-03-01,2,49.68252944946289
15,2025-02-15,2025-03-08,3,48.432289123535156
15,2025-02-15,2025-03-15,4,48.03369140625
16,2025-02-15,2025-02-22,1,116.79483795166016
16,2025-02-15,2025-03-01,2,97.6567611694336
16,2025-02-15,2025-03-08,3,87.8200912475586
16,2025-02-15,2025-03-15,4,118.02803039550781
17,2025-02-15,2025-02-22,1,962.7135009765625
17,2025-02-15,2025-03-01,2,805.897216796875
17,2025-02-15,2025-03-08,3,530.918212890625
17,2025-02-15,2025-03-15,4,471.7165832519531
18,2025-02-15,2025-02-22,1,1024.0325927734375
18,2025-02-15,2025-03-01,2,877.5252685546875
18,2025-02-15,2025-03-08,3,748.7131958007812
18,2025-02-15,2025-03-15,4,521.9432983398438
19,2025-02-15,2025-02-22,1,318.4610595703125
19,2025-02-15,2025-03-01,2,194.14503479003906
19,2025-02-15,2025-03-08,3,202.07614135742188
19,2025-02-15,2025-03-15,4,146.8712615966797
20,2025-02-15,2025-02-22,1,475.533447265625
20,2025-02-15,2025-03-01,2,437.156005859375
20,2025-02-15,2025-03-08,3,281.625732421875
20,2025-02-15,2025-03-15,4,212.553955078125
21,2025-02-15,2025-02-22,1,809.8119506835938
21,2025-02-15,2025-03-01,2,702.4483642578125
21,2025-02-15,2025-03-08,3,638.7747802734375
21,2025-02-15,2025-03-15,4,434.7579345703125
22,2025-02-15,2025-02-22,1,226.78750610351562
22,2025-02-15,2025-03-01,2,215.6714630126953
22,2025-02-15,2025-03-08,3,309.1197814941406
22,2025-02-15,2025-03-15,4,242.635009765625
23,2025-02-15,2025-02-22,1,246.43426513671875
23,2025-02-15,2025-03-01,2,227.7006072998047
23,2025-02-15,2025-03-08,3,217.0959014892578
23,2025-02-15,2025-03-15,4,84.58859252929688
24,2025-02-15,2025-02-22,1,766.2503051757812
24,2025-02-15,2025-03-01,2,564.5601196289062
24,2025-02-15,2025-03-08,3,438.58770751953125
24,2025-02-15,2025-03-15,4,365.4035339355469
25,2025-02-15,2025-02-22,1,975.4920043945312
25,2025-02-15,2025-03-01,2,718.1439819335938
25,2025-02-15,2025-03-08,3,573.36865234375
25,2025-02-15,2025-03-15,4,549.2880249023438
26,2025-02-15,2025-02-22,1,1105.8876953125
26,2025-02-15,2025-03-01,2,1014.732421875
26,2025-02-15,2025-03-08,3,587.2332763671875
26,2025-02-15,2025-03-15,4,584.6995849609375
27,2025-02-15,2025-02-22,1,302.12274169921875
27,2025-02-15,2025-03-01,2,320.9366455078125
27,2025-02-15,2025-03-08,3,369.03759765625
27,2025-02-15,2025-03-15,4,332.794677734375
28,2025-02-15,2025-02-22,1,201.77667236328125
28,2025-02-15,2025-03-01,2,222.49673461914062
28,2025-02-15,2025-03-08,3,190.30551147460938
28,2025-02-15,2025-03-15,4,141.79270935058594
29,2025-02-15,2025-02-22,1,1056.0472412109375
29,2025-02-15,2025-03-01,2,805.1239013671875
29,2025-02-15,2025-03-08,3,600.4051513671875
29,2025-02-15,2025-03-15,4,465.3724670410156
30,2025-02-15,2025-02-22,1,129.2171630859375
30,2025-02-15,2025-03-01,2,113.12557220458984
30,2025-02-15,2025-03-08,3,125.10923767089844
30,2025-02-15,2025-03-15,4,79.7673110961914
31,2025-02-15,2025-02-22,1,234.81732177734375
31,2025-02-15,2025-03-01,2,157.69776916503906
31,2025-02-15,2025-03-08,3,163.6717071533203
31,2025-02-15,2025-03-15,4,92.96502685546875
32,2025-02-15,2025-02-22,1,123.57939910888672
32,2025-02-15,2025-03-01,2,79.73358154296875
32,2025-02-15,2025-03-08,3,93.55596160888672
32,2025-02-15,2025-03-15,4,108.26245880126953
33,2025-02-15,2025-02-22,1,159.4136199951172
33,2025-02-15,2025-03-01,2,156.7737274169922
33,2025-02-15,2025-03-08,3,190.8137664794922
33,2025-02-15,2025-03-15,4,99.88668823242188
34,2025-02-15,2025-02-22,1,910.0963134765625
34,2025-02-15,2025-03-01,2,726.1559448242188
34,2025-02-15,2025-03-08,3,495.4538269042969
34,2025-02-15,2025-03-15,4,413.076171875
35,2025-02-15,2025-02-22,1,165.771728515625
35,2025-02-15,2025-03-01,2,165.04660034179688
35,2025-02-15,2025-03-08,3,164.26043701171875
35,2025-02-15,2025-03-15,4,183.91758728027344
36,2025-02-15,2025-02-22,1,822.5364379882812
36,2025-02-15,2025-03-01,2,572.7178344726562
36,2025-02-15,2025-03-08,3,496.87078857421875
36,2025-02-15,2025-03-15,4,483.17633056640625
37,2025-02-15,2025-02-22,1,1139.4814453125
37,2025-02-15,2025-03-01,2,811.6651611328125
37,2025-02-15,2025-03-08,3,457.4902648925781
37,2025-02-15,2025-03-15,4,424.5833435058594
38,2025-02-15,2025-02-22,1,75.64279174804688
38,2025-02-15,2025-03-01,2,43.340553283691406
38,2025-02-15,2025-03-08,3,53.3316535949707
38,2025-02-15,2025-03-15,4,47.22874450683594
39,2025-02-15,2025-02-22,1,1390.4766845703125
39,2025-02-15,2025-03-01,2,1102.15087890625
39,2025-02-15,2025-03-08,3,774.262451171875
39,2025-02-15,2025-03-15,4,576.6668701171875
40,2025-02-15,2025-02-22,1,656.540283203125
40,2025-02-15,2025-03-01,2,595.175537109375
40,2025-02-15,2025-03-08,3,348.0439758300781
40,2025-02-15,2025-03-15,4,273.78289794921875
41,2025-02-15,2025-02-22,1,406.4490051269531
41,2025-02-15,2025-03-01,2,354.3984069824219
41,2025-02-15,2025-03-08,3,289.5953063964844
41,2025-02-15,2025-03-15,4,287.23199462890625
42,2025-02-15,2025-02-22,1,1425.265380859375
42,2025-02-15,2025-03-01,2,962.7420654296875
42,2025-02-15,2025-03-08,3,773.58447265625
42,2025-02-15,2025-03-15,4,601.990966796875
44,2025-02-15,2025-02-22,1,141.22030639648438
44,2025-02-15,2025-03-01,2,97.29916381835938
44,2025-02-15,2025-03-08,3,116.43778228759766
44,2025-02-15,2025-03-15,4,77.28902435302734
45,2025-02-15,2025-02-22,1,413.33209228515625
45,2025-02-15,2025-03-01,2,377.86968994140625
45,2025-02-15,2025-03-08,3,342.0724792480469
45,2025-02-15,2025-03-15,4,280.16510009765625
46,2025-02-15,2025-02-22,1,165.94064331054688
46,2025-02-15,2025-03-01,2,113.6932373046875
46,2025-02-15,2025-03-08,3,152.8872528076172
46,2025-02-15,2025-03-15,4,58.40087127685547
47,2025-02-15,2025-02-22,1,474.8122253417969
47,2025-02-15,2025-03-01,2,414.1202087402344
47,2025-02-15,2025-03-08,3,452.48468017578125
47,2025-02-15,2025-03-15,4,336.2057189941406
48,2025-02-15,2025-02-22,1,1324.68701171875
48,2025-02-15,2025-03-01,2,775.7932739257812
48,2025-02-15,2025-03-08,3,626.4384155273438
48,2025-02-15,2025-03-15,4,500.8144226074219
49,2025-02-15,2025-02-22,1,169.7828369140625
49,2025-02-15,2025-03-01,2,150.39105224609375
49,2025-02-15,2025-03-08,3,153.09397888183594
49,2025-02-15,2025-03-15,4,147.86988830566406
50,2025-02-15,2025-02-22,1,93.98747253417969
50,2025-02-15,2025-03-01,2,63.360530853271484
50,2025-02-15,2025-03-08,3,95.39981842041016
50,2025-02-15,2025-03-15,4,52.1416015625
51,2025-02-15,2025-02-22,1,774.907958984375
51,2025-02-15,2025-03-01,2,485.8020935058594
51,2025-02-15,2025-03-08,3,522.0348510742188
51,2025-02-15,2025-03-15,4,438.976318359375
53,2025-02-15,2025-02-22,1,645.4286499023438
53,2025-02-15,2025-03-01,2,503.3723449707031
53,2025-02-15,2025-03-08,3,393.94342041015625
53,2025-02-15,2025-03-15,4,386.8380432128906
54,2025-02-15,2025-02-22,1,552.0906982421875
54,2025-02-15,2025-03-01,2,407.27783203125
54,2025-02-15,2025-03-08,3,303.2014465332031
54,2025-02-15,2025-03-15,4,112.19554138183594
55,2025-02-15,2025-02-22,1,738.3720703125
55,2025-02-15,2025-03-01,2,598.0507202148438
55,2025-02-15,2025-03-08,3,387.4371032714844
55,2025-02-15,2025-03-15,4,386.3758544921875
56,2025-02-15,2025-02-22,1,55.20015335083008
56,2025-02-15,2025-03-01,2,32.73468017578125
56,2025-02-15,2025-03-08,3,41.755523681640625
56,2025-02-15,2025-03-15,4,24.535266876220703
72,2025-02-15,2025-02-22,1,203.69998168945312
72,2025-02-15,2025-03-01,2,236.51266479492188
72,2025-02-15,2025-03-08,3,252.20709228515625
72,2025-02-15,2025-03-15,4,245.35789489746094
US,2025-02-15,2025-02-22,1,13915.8
US,2025-02-15,2025-03-01,2,3966.0029999999992
US,2025-02-15,2025-03-08,3,1070.82081
US,2025-02-15,2025-03-15,4,560.1891479492188
01,2025-02-22,2025-03-01,1,184.02224731445312
01,2025-02-22,2025-03-08,2,170.23074340820312
01,2025-02-22,2025-03-15,3,184.617919921875
01,2025-02-22,2025-03-22,4,182.837646484375
02,2025-02-22,2025-03-01,1,32.501983642578125
02,2025-02-22,2025-03-08,2,27.91510009765625
02,2025-02-22,2025-03-15,3,31.83366584777832
02,2025-02-22,2025-03-22,4,20.636476516723633
04,2025-02-22,2025-03-01,1,418.5067138671875
04,2025-02-22,2025-03-08,2,356.0030212402344
04,2025-02-22,2025-03-15,3,413.93670654296875
04,2025-02-22,2025-03-22,4,393.3750915527344
05,2025-02-22,2025-03-01,1,240.85595703125
05,2025-02-22,2025-03-08,2,203.78858947753906
05,2025-02-22,2025-03-15,3,208.8865509033203
05,2025-02-22,2025-03-22,4,278.2559814453125
06,2025-02-22,2025-03-01,1,1233.113037109375
06,2025-02-22,2025-03-08,2,696.3776245117188
06,2025-02-22,2025-03-15,3,442.5973205566406
06,2025-02-22,2025-03-22,4,428.1672668457031
08,2025-02-22,2025-03-01,1,320.344970703125
08,2025-02-22,2025-03-08,2,284.0628356933594
08,2025-02-22,2025-03-15,3,370.7276916503906
08,2025-02-22,2025-03-22,4,296.0501403808594
09,2025-02-22,2025-03-01,1,269.2361755371094
09,2025-02-22,2025-03-08,2,238.4385986328125
09,2025-02-22,2025-03-15,3,303.56903076171875
09,2025-02-22,2025-03-22,4,227.31150817871094
10,2025-02-22,2025-03-01,1,81.8481674194336
10,2025-02-22,2025-03-08,2,43.23999786376953
10,2025-02-22,2025-03-15,3,40.304893493652344
10,2025-02-22,2025-03-22,4,37.25355911254883
11,2025-02-22,2025-03-01,1,42.02496337890625
11,2025-02-22,2025-03-08,2,21.147676467895508
11,2025-02-22,2025-03-15,3,26.362119674682617
11,2025-02-22,2025-03-22,4,14.075742721557617
12,2025-02-22,2025-03-01,1,1220.994873046875
12,2025-02-22,2025-03-08,2,713.648193359375
12,2025-02-22,2025-03-15,3,546.4266967773438
12,2025-02-22,2025-03-22,4,451.67474365234375
13,2025-02-22,2025-03-01,1,279.4352111816406
13,2025-02-22,2025-03-08,2,300.139404296875
13,2025-02-22,2025-03-15,3,371.2991638183594
13,2025-02-22,2025-03-22,4,337.625
15,2025-02-22,2025-03-01,1,66.62747955322266
15,2025-02-22,2025-03-08,2,61.97464370727539
15,2025-02-22,2025-03-15,3,63.78814697265625
15,2025-02-22,2025-03-22,4,62.811866760253906
16,2025-02-22,2025-03-01,1,125.46089172363281
16,2025-02-22,2025-03-08,2,102.92618560791016
16,2025-02-22,2025-03-15,3,97.6579360961914
16,2025-02-22,2025-03-22,4,122.00091552734375
17,2025-02-22,2025-03-01,1,812.61279296875
17,2025-02-22,2025-03-08,2,582.8467407226562
17,2025-02-22,2025-03-15,3,473.11187744140625
17,2025-02-22,2025-03-22,4,475.96453857421875
18,2025-02-22,2025-03-01,1,997.9111938476562
18,2025-02-22,2025-03-08,2,844.0865478515625
18,2025-02-22,2025-03-15,3,527.1854858398438
18,2025-02-22,2025-03-22,4,428.1928405761719
19,2025-02-22,2025-03-01,1,296.6505126953125
19,2025-02-22,2025-03-08,2,221.12806701660156
19,2025-02-22,2025-03-15,3,296.1500549316406
19,2025-02-22,2025-03-22,4,178.95101928710938
20,2025-02-22,2025-03-01,1,323.6767272949219
20,2025-02-22,2025-03-08,2,258.57879638671875
20,2025-02-22,2025-03-15,3,233.34971618652344
20,2025-02-22,2025-03-22,4,147.14036560058594
21,2025-02-22,2025-03-01,1,637.199462890625
21,2025-02-22,2025-03-08,2,642.3524169921875
21,2025-02-22,2025-03-15,3,380.3501281738281
21,2025-02-22,2025-03-22,4,356.88934326171875
22,2025-02-22,2025-03-01,1,208.6938934326172
22,2025-02-22,2025-03-08,2,236.8084259033203
22,2025-02-22,2025-03-15,3,227.4691619873047
22,2025-02-22,2025-03-22,4,214.89671325683594
23,2025-02-22,2025-03-01,1,243.545166015625
23,2025-02-22,2025-03-08,2,139.159423828125
23,2025-02-22,2025-03-15,3,152.4495849609375
23,2025-02-22,2025-03-22,4,96.54663848876953
24,2025-02-22,2025-03-01,1,570.1716918945312
24,2025-02-22,2025-03-08,2,491.789306640625
24,2025-02-22,2025-03-15,3,341.6561279296875
24,2025-02-22,2025-03-22,4,316.9718322753906
25,2025-02-22,2025-03-01,1,973.3545532226562
25,2025-02-22,2025-03-08,2,758.334716796875
25,2025-02-22,2025-03-15,3,503.5202331542969
25,2025-02-22,2025-03-22,4,411.539794921875
26,2025-02-22,2025-03-01,1,1055.17724609375
26,2025-02-22,2025-03-08,2,844.3045654296875
26,2025-02-22,2025-03-15,3,551.0045776367188
26,2025-02-22,2025-03-22,4,543.6731567382812
27,2025-02-22,2025-03-01,1,222.109375
27,2025-02-22,2025-03-08,2,198.93226623535156
27,2025-02-22,2025-03-15,3,264.4951477050781
27,2025-02-22,2025-03-22,4,231.0825653076172
28,2025-02-22,2025-03-01,1,142.67813110351562
28,2025-02-22,2025-03-08,2,120.97746276855469
28,2025-02-22,2025-03-15,3,118.53251647949219
28,2025-02-22,2025-03-22,4,106.64527130126953
29,2025-02-22,2025-03-01,1,957.3817138671875
29,2025-02-22,2025-03-08,2,714.0609741210938
29,2025-02-22,2025-03-15,3,553.9240112304688
29,2025-02-22,2025-03-22,4,503.4736328125
30,2025-02-22,2025-03-01,1,177.09136962890625
30,2025-02-22,2025-03-08,2,131.4260711669922
30,2025-02-22,2025-03-15,3,171.8253936767578
30,2025-02-22,2025-03-22,4,65.53633117675781
31,2025-02-22,2025-03-01,1,231.70326232910156
31,2025-02-22,2025-03-08,2,158.4410858154297
31,2025-02-22,2025-03-15,3,204.313720703125
31,2025-02-22,2025-03-22,4,142.15036010742188
32,2025-02-22,2025-03-01,1,100.68000793457031
32,2025-02-22,2025-03-08,2,67.04874420166016
32,2025-02-22,2025-03-15,3,85.34464263916016
32,2025-02-22,2025-03-22,4,88.63275146484375
33,2025-02-22,2025-03-01,1,144.71731567382812
33,2025-02-22,2025-03-08,2,108.98062133789062
33,2025-02-22,2025-03-15,3,131.99586486816406
33,2025-02-22,2025-03-22,4,101.12014770507812
34,2025-02-22,2025-03-01,1,783.6448974609375
34,2025-02-22,2025-03-08,2,561.689697265625
34,2025-02-22,2025-03-15,3,470.48388671875
34,2025-02-22,2025-03-22,4,466.11151123046875
35,2025-02-22,2025-03-01,1,182.40992736816406
35,2025-02-22,2025-03-08,2,139.5050048828125
35,2025-02-22,2025-03-15,3,140.9599151611328
35,2025-02-22,2025-03-22,4,145.35617065429688
36,2025-02-22,2025-03-01,1,837.7432861328125
36,2025-02-22,2025-03-08,2,572.072265625
36,2025-02-22,2025-03-15,3,490.53863525390625
36,2025-02-22,2025-03-22,4,473.54473876953125
37,2025-02-22,2025-03-01,1,756.7969360351562
37,2025-02-22,2025-03-08,2,532.50146484375
37,2025-02-22,2025-03-15,3,431.10626220703125
37,2025-02-22,2025-03-22,4,395.9859924316406
38,2025-02-22,2025-03-01,1,42.78841018676758
38,2025-02-22,2025-03-08,2,19.110076904296875
38,2025-02-22,2025-03-15,3,34.93302536010742
38,2025-02-22,2025-03-22,4,11.742636680603027
39,2025-02-22,2025-03-01,1,1413.1129150390625
39,2025-02-22,2025-03-08,2,1057.9970703125
39,2025-02-22,2025-03-15,3,707.2613525390625
39,2025-02-22,2025-03-22,4,562.7833251953125
40,2025-02-22,2025-03-01,1,344.5359802246094
40,2025-02-22,2025-03-08,2,351.01580810546875
40,2025-02-22,2025-03-15,3,430.3641357421875
40,2025-02-22,2025-03-22,4,351.9266052246094
41,2025-02-22,2025-03-01,1,386.2015380859375
41,2025-02-22,2025-03-08,2,353.926025390625
41,2025-02-22,2025-03-15,3,303.2910461425781
41,2025-02-22,2025-03-22,4,255.165771484375
42,2025-02-22,2025-03-01,1,1315.130859375
42,2025-02-22,2025-03-08,2,948.540283203125
42,2025-02-22,2025-03-15,3,550.8963012695312
42,2025-02-22,2025-03-22,4,551.850830078125
44,2025-02-22,2025-03-01,1,104.06873321533203
44,2025-02-22,2025-03-08,2,71.84989929199219
44,2025-02-22,2025-03-15,3,67.84672546386719
44,2025-02-22,2025-03-22,4,53.64546203613281
45,2025-02-22,2025-03-01,1,297.2233581542969
45,2025-02-22,2025-03-08,2,263.23492431640625
45,2025-02-22,2025-03-15,3,340.7643737792969
45,2025-02-22,2025-03-22,4,290.7123718261719
46,2025-02-22,2025-03-01,1,91.03746032714844
46,2025-02-22,2025-03-08,2,56.578792572021484
46,2025-02-22,2025-03-15,3,65.64335632324219
46,2025-02-22,2025-03-22,4,43.82666778564453
47,2025-02-22,2025-03-01,1,377.5028381347656
47,2025-02-22,2025-03-08,2,393.6277770996094
47,2025-02-22,2025-03-15,3,433.9011535644531
47,2025-02-22,2025-03-22,4,371.7441101074219
48,2025-02-22,2025-03-01,1,1224.8218994140625
48,2025-02-22,2025-03-08,2,739.2173461914062
48,2025-02-22,2025-03-15,3,581.7802734375
48,2025-02-22,2025-03-22,4,488.81512451171875
49,2025-02-22,2025-03-01,1,153.82603454589844
49,2025-02-22,2025-03-08,2,132.8876495361328
49,2025-02-22,2025-03-15,3,138.9752197265625
49,2025-02-22,2025-03-22,4,128.6791534423828
50,2025-02-22,2025-03-01,1,63.989784240722656
50,2025-02-22,2025-03-08,2,52.88112258911133
50,2025-02-22,2025-03-15,3,77.92266845703125
50,2025-02-22,2025-03-22,4,48.69618606567383
51,2025-02-22,2025-03-01,1,799.406982421875
51,2025-02-22,2025-03-08,2,580.6845092773438
51,2025-02-22,2025-03-15,3,496.404541015625
51,2025-02-22,2025-03-22,4,347.5437927246094
53,2025-02-22,2025-03-01,1,615.5805053710938
53,2025-02-22,2025-03-08,2,521.6280517578125
53,2025-02-22,2025-03-15,3,414.1336975097656
53,2025-02-22,2025-03-22,4,316.56585693359375
54,2025-02-22,2025-03-01,1,443.3006896972656
54,2025-02-22,2025-03-08,2,317.7713623046875
54,2025-02-22,2025-03-15,3,232.38031005859375
54,2025-02-22,2025-03-22,4,143.949462890625
55,2025-02-22,2025-03-01,1,714.4035034179688
55,2025-02-22,2025-03-08,2,518.7901611328125
55,2025-02-22,2025-03-15,3,439.4689636230469
55,2025-02-22,2025-03-22,4,345.30877685546875
56,2025-02-22,2025-03-01,1,53.26860427856445
56,2025-02-22,2025-03-08,2,32.42939758300781
56,2025-02-22,2025-03-15,3,41.001426696777344
56,2025-02-22,2025-03-22,4,12.316034317016602
72,2025-02-22,2025-03-01,1,148.38136291503906
72,2025-02-22,2025-03-08,2,118.56587219238281
72,2025-02-22,2025-03-15,3,171.7132110595703
72,2025-02-22,2025-03-22,4,152.4708251953125
US,2025-02-22,2025-03-01,1,11363.4
US,2025-02-22,2025-03-08,2,3238.5689999999995
US,2025-02-22,2025-03-15,3,874.4136299999999
US,2025-02-22,2025-03-22,4,479.6272277832031
01,2025-03-01,2025-03-08,1,246.500732421875
01,2025-03-01,2025-03-15,2,205.97349548339844
01,2025-03-01,2025-03-22,3,217.6354217529297
01,2025-03-01,2025-03-29,4,228.2546844482422
02,2025-03-01,2025-03-08,1,33.34729766845703
02,2025-03-01,2025-03-15,2,14.364707946777344
02,2025-03-01,2025-03-22,3,28.770112991333008
02,2025-03-01,2025-03-29,4,37.18926239013672
04,2025-03-01,2025-03-08,1,433.640380859375
04,2025-03-01,2025-03-15,2,362.14764404296875
04,2025-03-01,2025-03-22,3,419.3731994628906
04,2025-03-01,2025-03-29,4,375.6976318359375
05,2025-03-01,2025-03-08,1,257.5
05,2025-03-01,2025-03-15,2,211.00765991210938
05,2025-03-01,2025-03-22,3,188.98199462890625
05,2025-03-01,2025-03-29,4,297.0672607421875
06,2025-03-01,2025-03-08,1,1153.420654296875
06,2025-03-01,2025-03-15,2,671.814208984375
06,2025-03-01,2025-03-22,3,483.5578308105469
06,2025-03-01,2025-03-29,4,411.624755859375
08,2025-03-01,2025-03-08,1,232.86456298828125
08,2025-03-01,2025-03-15,2,216.9359893798828
08,2025-03-01,2025-03-22,3,301.5757141113281
08,2025-03-01,2025-03-29,4,244.44131469726562
09,2025-03-01,2025-03-08,1,183.3650360107422
09,2025-03-01,2025-03-15,2,160.69029235839844
09,2025-03-01,2025-03-22,3,196.3193359375
09,2025-03-01,2025-03-29,4,211.65272521972656
10,2025-03-01,2025-03-08,1,51.43935775756836
10,2025-03-01,2025-03-15,2,16.307188034057617
10,2025-03-01,2025-03-22,3,33.769126892089844
10,2025-03-01,2025-03-29,4,24.333389282226562
11,2025-03-01,2025-03-08,1,39.934513092041016
11,2025-03-01,2025-03-15,2,33.94511413574219
11,2025-03-01,2025-03-22,3,53.32427978515625
11,2025-03-01,2025-03-29,4,13.597691535949707
12,2025-03-01,2025-03-08,1,1149.021728515625
12,2025-03-01,2025-03-15,2,697.12451171875
12,2025-03-01,2025-03-22,3,504.30712890625
12,2025-03-01,2025-03-29,4,432.11859130859375
13,2025-03-01,2025-03-08,1,283.8216857910156
13,2025-03-01,2025-03-15,2,293.6241760253906
13,2025-03-01,2025-03-22,3,348.135498046875
13,2025-03-01,2025-03-29,4,371.6036376953125
15,2025-03-01,2025-03-08,1,57.35771179199219
15,2025-03-01,2025-03-15,2,23.871694564819336
15,2025-03-01,2025-03-22,3,43.9702262878418
15,2025-03-01,2025-03-29,4,47.881839752197266
16,2025-03-01,2025-03-08,1,106.75144958496094
16,2025-03-01,2025-03-15,2,60.63346481323242
16,2025-03-01,2025-03-22,3,72.77825927734375
16,2025-03-01,2025-03-29,4,86.18909454345703
17,2025-03-01,2025-03-08,1,760.2937622070312
17,2025-03-01,2025-03-15,2,541.2515258789062
17,2025-03-01,2025-03-22,3,442.0999450683594
17,2025-03-01,2025-03-29,4,450.4790344238281
18,2025-03-01,2025-03-08,1,821.7354125976562
18,2025-03-01,2025-03-15,2,567.8212890625
18,2025-03-01,2025-03-22,3,471.1297912597656
18,2025-03-01,2025-03-29,4,407.8501892089844
19,2025-03-01,2025-03-08,1,229.52171325683594
19,2025-03-01,2025-03-15,2,229.472412109375
19,2025-03-01,2025-03-22,3,291.30419921875
19,2025-03-01,2025-03-29,4,223.7709197998047
20,2025-03-01,2025-03-08,1,172.31063842773438
20,2025-03-01,2025-03-15,2,166.17434692382812
20,2025-03-01,2025-03-22,3,188.8039093017578
20,2025-03-01,2025-03-29,4,189.55044555664062
21,2025-03-01,2025-03-08,1,584.5073852539062
21,2025-03-01,2025-03-15,2,526.5276489257812
21,2025-03-01,2025-03-22,3,448.6311950683594
21,2025-03-01,2025-03-29,4,350.9018859863281
22,2025-03-01,2025-03-08,1,231.9382781982422
22,2025-03-01,2025-03-15,2,239.5100555419922
22,2025-03-01,2025-03-22,3,215.86749267578125
22,2025-03-01,2025-03-29,4,214.91079711914062
23,2025-03-01,2025-03-08,1,160.17721557617188
23,2025-03-01,2025-03-15,2,92.26886749267578
23,2025-03-01,2025-03-22,3,77.2484130859375
23,2025-03-01,2025-03-29,4,65.95276641845703
24,2025-03-01,2025-03-08,1,345.64996337890625
24,2025-03-01,2025-03-15,2,352.4902038574219
24,2025-03-01,2025-03-22,3,380.3106689453125
24,2025-03-01,2025-03-29,4,345.48797607421875
25,2025-03-01,2025-03-08,1,818.8324584960938
25,2025-03-01,2025-03-15,2,562.0185546875
25,2025-03-01,2025-03-22,3,482.7284240722656
25,2025-03-01,2025-03-29,4,451.46923828125
26,2025-03-01,2025-03-08,1,957.4520263671875
26,2025-03-01,2025-03-15,2,791.6414794921875
26,2025-03-01,2025-03-22,3,492.0346984863281
26,2025-03-01,2025-03-29,4,569.4949340820312
27,2025-03-01,2025-03-08,1,189.31137084960938
27,2025-03-01,2025-03-15,2,166.87527465820312
27,2025-03-01,2025-03-22,3,174.36265563964844
27,2025-03-01,2025-03-29,4,200.80694580078125
28,2025-03-01,2025-03-08,1,74.7232666015625
28,2025-03-01,2025-03-15,2,56.366676330566406
28,2025-03-01,2025-03-22,3,63.02885437011719
28,2025-03-01,2025-03-29,4,91.75711822509766
29,2025-03-01,2025-03-08,1,815.6417846679688
29,2025-03-01,2025-03-15,2,573.2724609375
29,2025-03-01,2025-03-22,3,473.7027587890625
29,2025-03-01,2025-03-29,4,426.7685852050781
30,2025-03-01,2025-03-08,1,141.03392028808594
30,2025-03-01,2025-03-15,2,87.90447998046875
30,2025-03-01,2025-03-22,3,109.610595703125
30,2025-03-01,2025-03-29,4,62.58041763305664
31,2025-03-01,2025-03-08,1,118.53184509277344
31,2025-03-01,2025-03-15,2,45.61049270629883
31,2025-03-01,2025-03-22,3,67.4248046875
31,2025-03-01,2025-03-29,4,71.29120635986328
32,2025-03-01,2025-03-08,1,72.07575225830078
32,2025-03-01,2025-03-15,2,38.604644775390625
32,2025-03-01,2025-03-22,3,67.80902099609375
32,2025-03-01,2025-03-29,4,65.12686157226562
33,2025-03-01,2025-03-08,1,141.13356018066406
33,2025-03-01,2025-03-15,2,49.26325988769531
33,2025-03-01,2025-03-22,3,72.9449691772461
33,2025-03-01,2025-03-29,4,72.56343078613281
34,2025-03-01,2025-03-08,1,747.5489501953125
34,2025-03-01,2025-03-15,2,544.7609252929688
34,2025-03-01,2025-03-22,3,444.2035217285156
34,2025-03-01,2025-03-29,4,447.8250427246094
35,2025-03-01,2025-03-08,1,141.85861206054688
35,2025-03-01,2025-03-15,2,74.95649719238281
35,2025-03-01,2025-03-22,3,85.61392211914062
35,2025-03-01,2025-03-29,4,108.16288757324219
36,2025-03-01,2025-03-08,1,780.1844482421875
36,2025-03-01,2025-03-15,2,552.4655151367188
36,2025-03-01,2025-03-22,3,488.156982421875
36,2025-03-01,2025-03-29,4,465.55242919921875
37,2025-03-01,2025-03-08,1,738.9989013671875
37,2025-03-01,2025-03-15,2,518.1400146484375
37,2025-03-01,2025-03-22,3,394.1600036621094
37,2025-03-01,2025-03-29,4,387.3808288574219
38,2025-03-01,2025-03-08,1,22.053056716918945
38,2025-03-01,2025-03-15,2,6.285120964050293
38,2025-03-01,2025-03-22,3,18.213064193725586
38,2025-03-01,2025-03-29,4,11.300172805786133
39,2025-03-01,2025-03-08,1,1283.918701171875
39,2025-03-01,2025-03-15,2,711.4293212890625
39,2025-03-01,2025-03-22,3,530.0889282226562
39,2025-03-01,2025-03-29,4,513.76953125
40,2025-03-01,2025-03-08,1,201.8779296875
40,2025-03-01,2025-03-15,2,205.98426818847656
40,2025-03-01,2025-03-22,3,214.00537109375
40,2025-03-01,2025-03-29,4,212.125244140625
41,2025-03-01,2025-03-08,1,181.75436401367188
41,2025-03-01,2025-03-15,2,175.25552368164062
41,2025-03-01,2025-03-22,3,208.16519165039062
41,2025-03-01,2025-03-29,4,193.1521453857422
42,2025-03-01,2025-03-08,1,1209.2064208984375
42,2025-03-01,2025-03-15,2,691.7999267578125
42,2025-03-01,2025-03-22,3,515.0348510742188
42,2025-03-01,2025-03-29,4,471.1323547363281
44,2025-03-01,2025-03-08,1,71.65279388427734
44,2025-03-01,2025-03-15,2,20.421045303344727
44,2025-03-01,2025-03-22,3,46.37173080444336
44,2025-03-01,2025-03-29,4,23.774730682373047
45,2025-03-01,2025-03-08,1,309.8795166015625
45,2025-03-01,2025-03-15,2,262.2097473144531
45,2025-03-01,2025-03-22,3,317.8970642089844
45,2025-03-01,2025-03-29,4,304.9443359375
46,2025-03-01,2025-03-08,1,42.29277038574219
46,2025-03-01,2025-03-15,2,12.053439140319824
46,2025-03-01,2025-03-22,3,36.97359848022461
46,2025-03-01,2025-03-29,4,22.71377944946289
47,2025-03-01,2025-03-08,1,362.2374267578125
47,2025-03-01,2025-03-15,2,381.7767028808594
47,2025-03-01,2025-03-22,3,385.4198913574219
47,2025-03-01,2025-03-29,4,401.2972412109375
48,2025-03-01,2025-03-08,1,1180.6431884765625
48,2025-03-01,2025-03-15,2,708.5267333984375
48,2025-03-01,2025-03-22,3,595.5104370117188
48,2025-03-01,2025-03-29,4,507.64593505859375
49,2025-03-01,2025-03-08,1,115.02102661132812
49,2025-03-01,2025-03-15,2,66.42323303222656
49,2025-03-01,2025-03-22,3,82.42240905761719
49,2025-03-01,2025-03-29,4,80.01334381103516
50,2025-03-01,2025-03-08,1,44.342689514160156
50,2025-03-01,2025-03-15,2,13.422506332397461
50,2025-03-01,2025-03-22,3,25.557180404663086
50,2025-03-01,2025-03-29,4,7.9327497482299805
51,2025-03-01,2025-03-08,1,459.84039306640625
51,2025-03-01,2025-03-15,2,431.4154968261719
51,2025-03-01,2025-03-22,3,458.4159240722656
51,2025-03-01,2025-03-29,4,397.4666442871094
53,2025-03-01,2025-03-08,1,281.7447509765625
53,2025-03-01,2025-03-15,2,261.6208190917969
53,2025-03-01,2025-03-22,3,317.5377502441406
53,2025-03-01,2025-03-29,4,262.6544494628906
54,2025-03-01,2025-03-08,1,336.83868408203125
54,2025-03-01,2025-03-15,2,216.43328857421875
54,2025-03-01,2025-03-22,3,252.21319580078125
54,2025-03-01,2025-03-29,4,215.39773559570312
55,2025-03-01,2025-03-08,1,597.45556640625
55,2025-03-01,2025-03-15,2,489.3533935546875
55,2025-03-01,2025-03-22,3,466.5877685546875
55,2025-03-01,2025-03-29,4,375.2509460449219
56,2025-03-01,2025-03-08,1,30.302082061767578
56,2025-03-01,2025-03-15,2,8.636093139648438
56,2025-03-01,2025-03-22,3,20.481632232666016
56,2025-03-01,2025-03-29,4,19.884124755859375
72,2025-03-01,2025-03-08,1,180.08741760253906
72,2025-03-01,2025-03-15,2,174.1123046875
72,2025-03-01,2025-03-22,3,209.94757080078125
72,2025-03-01,2025-03-29,4,202.87445068359375
US,2025-03-01,2025-03-08,1,9246.0
US,2025-03-01,2025-03-15,2,2635.1099999999997
US,2025-03-01,2025-03-22,3,711.4797
US,2025-03-01,2025-03-29,4,467.5045166015625
01,2025-03-08,2025-03-15,1,231.97525024414062
01,2025-03-08,2025-03-22,2,188.94236755371094
01,2025-03-08,2025-03-29,3,190.10299682617188
01,2025-03-08,2025-04-05,4,240.8627166748047
02,2025-03-08,2025-03-15,1,24.857221603393555
02,2025-03-08,2025-03-22,2,16.785228729248047
02,2025-03-08,2025-03-29,3,28.454097747802734
02,2025-03-08,2025-04-05,4,36.37092971801758
04,2025-03-08,2025-03-15,1,257.0750427246094
04,2025-03-08,2025-03-22,2,258.464111328125
04,2025-03-08,2025-03-29,3,303.7835388183594
04,2025-03-08,2025-04-05,4,289.5344543457031
05,2025-03-08,2025-03-15,1,227.0929718017578
05,2025-03-08,2025-03-22,2,185.69473266601562
05,2025-03-08,2025-03-29,3,164.6863250732422
05,2025-03-08,2025-04-05,4,245.48025512695312
06,2025-03-08,2025-03-15,1,804.9935302734375
06,2025-03-08,2025-03-22,2,488.7640380859375
06,2025-03-08,2025-03-29,3,443.3698425292969
06,2025-03-08,2025-04-05,4,363.33270263671875
08,2025-03-08,2025-03-15,1,175.9471435546875
08,2025-03-08,2025-03-22,2,168.7637481689453
08,2025-03-08,2025-03-29,3,181.7193603515625
08,2025-03-08,2025-04-05,4,197.51296997070312
09,2025-03-08,2025-03-15,1,115.70571899414062
09,2025-03-08,2025-03-22,2,84.53575134277344
09,2025-03-08,2025-03-29,3,75.94400787353516
09,2025-03-08,2025-04-05,4,136.0170135498047
10,2025-03-08,2025-03-15,1,38.684844970703125
10,2025-03-08,2025-03-22,2,11.02518081665039
10,2025-03-08,2025-03-29,3,17.547855377197266
10,2025-03-08,2025-04-05,4,25.16115951538086
11,2025-03-08,2025-03-15,1,54.051025390625
11,2025-03-08,2025-03-22,2,20.614093780517578
11,2025-03-08,2025-03-29,3,28.26044273376465
11,2025-03-08,2025-04-05,4,14.24622917175293
12,2025-03-08,2025-03-15,1,773.03076171875
12,2025-03-08,2025-03-22,2,532.1669921875
12,2025-03-08,2025-03-29,3,480.7064208984375
12,2025-03-08,2025-04-05,4,445.62420654296875
13,2025-03-08,2025-03-15,1,289.5083312988281
13,2025-03-08,2025-03-22,2,280.2178955078125
13,2025-03-08,2025-03-29,3,417.9710388183594
13,2025-03-08,2025-04-05,4,342.3297119140625
15,2025-03-08,2025-03-15,1,50.819580078125
15,2025-03-08,2025-03-22,2,14.483580589294434
15,2025-03-08,2025-03-29,3,34.546348571777344
15,2025-03-08,2025-04-05,4,45.00890350341797
16,2025-03-08,2025-03-15,1,69.14291381835938
16,2025-03-08,2025-03-22,2,49.22037124633789
16,2025-03-08,2025-03-29,3,52.64894485473633
16,2025-03-08,2025-04-05,4,58.261783599853516
17,2025-03-08,2025-03-15,1,741.9271240234375
17,2025-03-08,2025-03-22,2,539.1044311523438
17,2025-03-08,2025-03-29,3,441.4718933105469
17,2025-03-08,2025-04-05,4,431.2392578125
18,2025-03-08,2025-03-15,1,720.3948974609375
18,2025-03-08,2025-03-22,2,542.1998901367188
18,2025-03-08,2025-03-29,3,448.1907043457031
18,2025-03-08,2025-04-05,4,408.00836181640625
19,2025-03-08,2025-03-15,1,204.86314392089844
19,2025-03-08,2025-03-22,2,163.2815704345703
19,2025-03-08,2025-03-29,3,178.56399536132812
19,2025-03-08,2025-04-05,4,179.3027801513672
20,2025-03-08,2025-03-15,1,131.31515502929688
20,2025-03-08,2025-03-22,2,149.65834045410156
20,2025-03-08,2025-03-29,3,140.0658721923828
20,2025-03-08,2025-04-05,4,144.36273193359375
21,2025-03-08,2025-03-15,1,426.153564453125
21,2025-03-08,2025-03-22,2,411.2486267089844
21,2025-03-08,2025-03-29,3,375.786865234375
21,2025-03-08,2025-04-05,4,351.55926513671875
22,2025-03-08,2025-03-15,1,285.26068115234375
22,2025-03-08,2025-03-22,2,250.39633178710938
22,2025-03-08,2025-03-29,3,270.6877136230469
22,2025-03-08,2025-04-05,4,264.6338195800781
23,2025-03-08,2025-03-15,1,118.79129791259766
23,2025-03-08,2025-03-22,2,59.71637725830078
23,2025-03-08,2025-03-29,3,71.14263916015625
23,2025-03-08,2025-04-05,4,58.290523529052734
24,2025-03-08,2025-03-15,1,217.76419067382812
24,2025-03-08,2025-03-22,2,216.58335876464844
24,2025-03-08,2025-03-29,3,296.9266357421875
24,2025-03-08,2025-04-05,4,288.1878356933594
25,2025-03-08,2025-03-15,1,642.5888671875
25,2025-03-08,2025-03-22,2,561.2490234375
25,2025-03-08,2025-03-29,3,492.0572814941406
25,2025-03-08,2025-04-05,4,473.84014892578125
26,2025-03-08,2025-03-15,1,810.6876220703125
26,2025-03-08,2025-03-22,2,512.2860717773438
26,2025-03-08,2025-03-29,3,406.61212158203125
26,2025-03-08,2025-04-05,4,440.006103515625
27,2025-03-08,2025-03-15,1,132.8673095703125
27,2025-03-08,2025-03-22,2,108.50947570800781
27,2025-03-08,2025-03-29,3,110.91915893554688
27,2025-03-08,2025-04-05,4,142.43215942382812
28,2025-03-08,2025-03-15,1,80.74433135986328
28,2025-03-08,2025-03-22,2,66.73871612548828
28,2025-03-08,2025-03-29,3,65.09960174560547
28,2025-03-08,2025-04-05,4,90.57405090332031
29,2025-03-08,2025-03-15,1,476.4741516113281
29,2025-03-08,2025-03-22,2,424.52850341796875
29,2025-03-08,2025-03-29,3,419.671142578125
29,2025-03-08,2025-04-05,4,408.364990234375
30,2025-03-08,2025-03-15,1,94.87480926513672
30,2025-03-08,2025-03-22,2,54.27965545654297
30,2025-03-08,2025-03-29,3,57.26310729980469
30,2025-03-08,2025-04-05,4,38.17807388305664
31,2025-03-08,2025-03-15,1,56.20142364501953
31,2025-03-08,2025-03-22,2,35.62082290649414
31,2025-03-08,2025-03-29,3,64.33045959472656
31,2025-03-08,2025-04-05,4,81.0075912475586
32,2025-03-08,2025-03-15,1,64.01677703857422
32,2025-03-08,2025-03-22,2,40.44811248779297
32,2025-03-08,2025-03-29,3,54.03580093383789
32,2025-03-08,2025-04-05,4,63.22605895996094
33,2025-03-08,2025-03-15,1,96.0799789428711
33,2025-03-08,2025-03-22,2,44.322662353515625
33,2025-03-08,2025-03-29,3,56.51517105102539
33,2025-03-08,2025-04-05,4,51.508514404296875
34,2025-03-08,2025-03-15,1,442.48126220703125
34,2025-03-08,2025-03-22,2,432.3094787597656
34,2025-03-08,2025-03-29,3,431.88018798828125
34,2025-03-08,2025-04-05,4,436.24383544921875
35,2025-03-08,2025-03-15,1,123.38916015625
35,2025-03-08,2025-03-22,2,70.96864318847656
35,2025-03-08,2025-03-29,3,85.06238555908203
35,2025-03-08,2025-04-05,4,113.89168548583984
36,2025-03-08,2025-03-15,1,779.2572021484375
36,2025-03-08,2025-03-22,2,531.3919677734375
36,2025-03-08,2025-03-29,3,532.720947265625
36,2025-03-08,2025-04-05,4,450.045166015625
37,2025-03-08,2025-03-15,1,656.2764282226562
37,2025-03-08,2025-03-22,2,514.7200317382812
37,2025-03-08,2025-03-29,3,395.7102355957031
37,2025-03-08,2025-04-05,4,377.02252197265625
38,2025-03-08,2025-03-15,1,17.982303619384766
38,2025-03-08,2025-03-22,2,5.1249566078186035
38,2025-03-08,2025-03-29,3,11.491124153137207
38,2025-03-08,2025-04-05,4,9.699331283569336
39,2025-03-08,2025-03-15,1,1173.900634765625
39,2025-03-08,2025-03-22,2,707.7532348632812
39,2025-03-08,2025-03-29,3,516.3921508789062
39,2025-03-08,2025-04-05,4,458.2988586425781
40,2025-03-08,2025-03-15,1,142.31849670410156
40,2025-03-08,2025-03-22,2,102.5859146118164
40,2025-03-08,2025-03-29,3,127.8523178100586
40,2025-03-08,2025-04-05,4,125.11107635498047
41,2025-03-08,2025-03-15,1,123.6609115600586
41,2025-03-08,2025-03-22,2,93.96100616455078
41,2025-03-08,2025-03-29,3,115.9926986694336
41,2025-03-08,2025-04-05,4,117.94327545166016
42,2025-03-08,2025-03-15,1,1225.684326171875
42,2025-03-08,2025-03-22,2,685.9168090820312
42,2025-03-08,2025-03-29,3,488.0039367675781
42,2025-03-08,2025-04-05,4,449.0820007324219
44,2025-03-08,2025-03-15,1,53.31966018676758
44,2025-03-08,2025-03-22,2,15.1961030960083
44,2025-03-08,2025-03-29,3,27.81755828857422
44,2025-03-08,2025-04-05,4,19.932811737060547
45,2025-03-08,2025-03-15,1,284.3330078125
45,2025-03-08,2025-03-22,2,225.72630310058594
45,2025-03-08,2025-03-29,3,296.50408935546875
45,2025-03-08,2025-04-05,4,294.6973876953125
46,2025-03-08,2025-03-15,1,30.942960739135742
46,2025-03-08,2025-03-22,2,8.818743705749512
46,2025-03-08,2025-03-29,3,23.71524429321289
46,2025-03-08,2025-04-05,4,15.112688064575195
47,2025-03-08,2025-03-15,1,307.0720520019531
47,2025-03-08,2025-03-22,2,273.0523681640625
47,2025-03-08,2025-03-29,3,377.5139465332031
47,2025-03-08,2025-04-05,4,372.7063293457031
48,2025-03-08,2025-03-15,1,818.8118286132812
48,2025-03-08,2025-03-22,2,566.8129272460938
48,2025-03-08,2025-03-29,3,578.7687377929688
48,2025-03-08,2025-04-05,4,590.3134155273438
49,2025-03-08,2025-03-15,1,111.17729949951172
49,2025-03-08,2025-03-22,2,70.43917846679688
49,2025-03-08,2025-03-29,3,78.61406707763672
49,2025-03-08,2025-04-05,4,83.6065444946289
50,2025-03-08,2025-03-15,1,13.785999298095703
50,2025-03-08,2025-03-22,2,3.9290096759796143
50,2025-03-08,2025-03-29,3,13.128740310668945
50,2025-03-08,2025-04-05,4,9.13913345336914
51,2025-03-08,2025-03-15,1,372.61199951171875
51,2025-03-08,2025-03-22,2,387.4652404785156
51,2025-03-08,2025-03-29,3,410.15496826171875
51,2025-03-08,2025-04-05,4,390.3321533203125
53,2025-03-08,2025-03-15,1,145.94395446777344
53,2025-03-08,2025-03-22,2,141.20559692382812
53,2025-03-08,2025-03-29,3,168.07928466796875
53,2025-03-08,2025-04-05,4,156.82723999023438
54,2025-03-08,2025-03-15,1,298.52178955078125
54,2025-03-08,2025-03-22,2,231.7172088623047
54,2025-03-08,2025-03-29,3,311.5726013183594
54,2025-03-08,2025-04-05,4,269.0615539550781
55,2025-03-08,2025-03-15,1,329.4908447265625
55,2025-03-08,2025-03-22,2,412.2735900878906
55,2025-03-08,2025-03-29,3,411.049072265625
55,2025-03-08,2025-04-05,4,362.55535888671875
56,2025-03-08,2025-03-15,1,23.277301788330078
56,2025-03-08,2025-03-22,2,6.634030818939209
56,2025-03-08,2025-03-29,3,12.325250625610352
56,2025-03-08,2025-04-05,4,7.097597599029541
72,2025-03-08,2025-03-15,1,168.8986053466797
72,2025-03-08,2025-03-22,2,135.1782684326172
72,2025-03-08,2025-03-29,3,149.092041015625
72,2025-03-08,2025-04-05,4,181.13290405273438
US,2025-03-08,2025-03-15,1,7207.8
US,2025-03-08,2025-03-22,2,2054.223
US,2025-03-08,2025-03-29,3,554.64021
US,2025-03-08,2025-04-05,4,466.4735107421875
01,2025-03-15,2025-03-22,1,203.9872283935547
01,2025-03-15,2025-03-29,2,167.36981201171875
01,2025-03-15,2025-04-05,3,191.18515014648438
01,2025-03-15,2025-04-12,4,184.26573181152344
02,2025-03-15,2025-03-22,1,29.858318328857422
02,2025-03-15,2025-03-29,2,8.509620666503906
02,2025-03-15,2025-04-05,3,13.067047119140625
02,2025-03-15,2025-04-12,4,7.822549343109131
04,2025-03-15,2025-03-22,1,246.2118377685547
04,2025-03-15,2025-03-29,2,211.7501678466797
04,2025-03-15,2025-04-05,3,264.1330871582031
04,2025-03-15,2025-04-12,4,235.61534118652344
05,2025-03-15,2025-03-22,1,161.9213104248047
05,2025-03-15,2025-03-29,2,104.87972259521484
05,2025-03-15,2025-04-05,3,116.79090881347656
05,2025-03-15,2025-04-12,4,112.93244171142578
06,2025-03-15,2025-03-22,1,796.1528930664062
06,2025-03-15,2025-03-29,2,460.25677490234375
06,2025-03-15,2025-04-05,3,424.6673278808594
06,2025-03-15,2025-04-12,4,335.77276611328125
08,2025-03-15,2025-03-22,1,125.78653717041016
08,2025-03-15,2025-03-29,2,93.97988891601562
08,2025-03-15,2025-04-05,3,107.53551483154297
08,2025-03-15,2025-04-12,4,87.44397735595703
09,2025-03-15,2025-03-22,1,58.91835403442383
09,2025-03-15,2025-03-29,2,58.6479377746582
09,2025-03-15,2025-04-05,3,58.6884765625
09,2025-03-15,2025-04-12,4,70.20391082763672
10,2025-03-15,2025-03-22,1,24.64267349243164
10,2025-03-15,2025-03-29,2,7.023161888122559
10,2025-03-15,2025-04-05,3,10.2937650680542
10,2025-03-15,2025-04-12,4,9.975261688232422
11,2025-03-15,2025-03-22,1,60.01652145385742
11,2025-03-15,2025-03-29,2,24.32050895690918
11,2025-03-15,2025-04-05,3,11.889121055603027
11,2025-03-15,2025-04-12,4,6.784910678863525
12,2025-03-15,2025-03-22,1,805.0220336914062
12,2025-03-15,2025-03-29,2,543.9207763671875
12,2025-03-15,2025-04-05,3,495.6475830078125
12,2025-03-15,2025-04-12,4,468.3216857910156
13,2025-03-15,2025-03-22,1,270.8322448730469
13,2025-03-15,2025-03-29,2,285.4753723144531
13,2025-03-15,2025-04-05,3,403.74249267578125
13,2025-03-15,2025-04-12,4,313.5209655761719
15,2025-03-15,2025-03-22,1,44.4285888671875
15,2025-03-15,2025-03-29,2,14.776205062866211
15,2025-03-15,2025-04-05,3,35.81882858276367
15,2025-03-15,2025-04-12,4,31.31026840209961
16,2025-03-15,2025-03-22,1,70.02559661865234
16,2025-03-15,2025-03-29,2,47.007720947265625
16,2025-03-15,2025-04-05,3,65.68731689453125
16,2025-03-15,2025-04-12,4,52.16020584106445
17,2025-03-15,2025-03-22,1,505.2929992675781
17,2025-03-15,2025-03-29,2,424.20745849609375
17,2025-03-15,2025-04-05,3,428.7813720703125
17,2025-03-15,2025-04-12,4,398.36444091796875
18,2025-03-15,2025-03-22,1,359.21728515625
18,2025-03-15,2025-03-29,2,424.401123046875
18,2025-03-15,2025-04-05,3,425.3883972167969
18,2025-03-15,2025-04-12,4,384.7223205566406
19,2025-03-15,2025-03-22,1,95.05631256103516
19,2025-03-15,2025-03-29,2,63.360103607177734
19,2025-03-15,2025-04-05,3,69.89949798583984
19,2025-03-15,2025-04-12,4,65.76895141601562
20,2025-03-15,2025-03-22,1,89.7303695678711
20,2025-03-15,2025-03-29,2,47.39534378051758
20,2025-03-15,2025-04-05,3,52.379150390625
20,2025-03-15,2025-04-12,4,65.22233581542969
21,2025-03-15,2025-03-22,1,276.0428161621094
21,2025-03-15,2025-03-29,2,255.9136505126953
21,2025-03-15,2025-04-05,3,327.55181884765625
21,2025-03-15,2025-04-12,4,287.0671691894531
22,2025-03-15,2025-03-22,1,182.87818908691406
22,2025-03-15,2025-03-29,2,178.25889587402344
22,2025-03-15,2025-04-05,3,222.50921630859375
22,2025-03-15,2025-04-12,4,197.17529296875
23,2025-03-15,2025-03-22,1,65.13414764404297
23,2025-03-15,2025-03-29,2,18.563232421875
23,2025-03-15,2025-04-05,3,43.54988098144531
23,2025-03-15,2025-04-12,4,44.40237808227539
24,2025-03-15,2025-03-22,1,157.83160400390625
24,2025-03-15,2025-03-29,2,183.5214080810547
24,2025-03-15,2025-04-05,3,206.49415588378906
24,2025-03-15,2025-04-12,4,177.746826171875
25,2025-03-15,2025-03-22,1,263.4169006347656
25,2025-03-15,2025-03-29,2,256.95440673828125
25,2025-03-15,2025-04-05,3,285.7843322753906
25,2025-03-15,2025-04-12,4,299.2333984375
26,2025-03-15,2025-03-22,1,662.8397827148438
26,2025-03-15,2025-03-29,2,492.8126525878906
26,2025-03-15,2025-04-05,3,377.3504638671875
26,2025-03-15,2025-04-12,4,393.1236572265625
27,2025-03-15,2025-03-22,1,89.56600952148438
27,2025-03-15,2025-03-29,2,83.04498291015625
27,2025-03-15,2025-04-05,3,98.99311828613281
27,2025-03-15,2025-04-12,4,107.85974884033203
28,2025-03-15,2025-03-22,1,129.71202087402344
28,2025-03-15,2025-03-29,2,86.59651947021484
28,2025-03-15,2025-04-05,3,84.10148620605469
28,2025-03-15,2025-04-12,4,113.72955322265625
29,2025-03-15,2025-03-22,1,259.3301696777344
29,2025-03-15,2025-03-29,2,279.4436950683594
29,2025-03-15,2025-04-05,3,330.85369873046875
29,2025-03-15,2025-04-12,4,311.1596984863281
30,2025-03-15,2025-03-22,1,85.48462677001953
30,2025-03-15,2025-03-29,2,29.624277114868164
30,2025-03-15,2025-04-05,3,39.93226623535156
30,2025-03-15,2025-04-12,4,39.847267150878906
31,2025-03-15,2025-03-22,1,26.794679641723633
31,2025-03-15,2025-03-29,2,32.121612548828125
31,2025-03-15,2025-04-05,3,32.9083137512207
31,2025-03-15,2025-04-12,4,37.6502685546875
32,2025-03-15,2025-03-22,1,64.0043716430664
32,2025-03-15,2025-03-29,2,46.692543029785156
32,2025-03-15,2025-04-05,3,63.89045333862305
32,2025-03-15,2025-04-12,4,53.161705017089844
33,2025-03-15,2025-03-22,1,62.25275421142578
33,2025-03-15,2025-03-29,2,20.217288970947266
33,2025-03-15,2025-04-05,3,31.296524047851562
33,2025-03-15,2025-04-12,4,32.49391555786133
34,2025-03-15,2025-03-22,1,271.24676513671875
34,2025-03-15,2025-03-29,2,297.787353515625
34,2025-03-15,2025-04-05,3,400.980712890625
34,2025-03-15,2025-04-12,4,352.2822570800781
35,2025-03-15,2025-03-22,1,97.7611083984375
35,2025-03-15,2025-03-29,2,59.680599212646484
35,2025-03-15,2025-04-05,3,83.82374572753906
35,2025-03-15,2025-04-12,4,75.08689880371094
36,2025-03-15,2025-03-22,1,798.6982421875
36,2025-03-15,2025-03-29,2,549.6024169921875
36,2025-03-15,2025-04-05,3,523.2210083007812
36,2025-03-15,2025-04-12,4,447.51788330078125
37,2025-03-15,2025-03-22,1,443.16778564453125
37,2025-03-15,2025-03-29,2,405.1731872558594
37,2025-03-15,2025-04-05,3,371.0860290527344
37,2025-03-15,2025-04-12,4,333.8106689453125
38,2025-03-15,2025-03-22,1,15.383211135864258
38,2025-03-15,2025-03-29,2,4.384215354919434
38,2025-03-15,2025-04-05,3,13.973238945007324
38,2025-03-15,2025-04-12,4,8.507363319396973
39,2025-03-15,2025-03-22,1,741.0370483398438
39,2025-03-15,2025-03-29,2,529.9393310546875
39,2025-03-15,2025-04-05,3,444.9226989746094
39,2025-03-15,2025-04-12,4,425.0496826171875
40,2025-03-15,2025-03-22,1,94.30299377441406
40,2025-03-15,2025-03-29,2,64.71049499511719
40,2025-03-15,2025-04-05,3,56.13165283203125
40,2025-03-15,2025-04-12,4,78.13948822021484
41,2025-03-15,2025-03-22,1,108.40113830566406
41,2025-03-15,2025-03-29,2,87.34962463378906
41,2025-03-15,2025-04-05,3,100.08209228515625
41,2025-03-15,2025-04-12,4,91.17683410644531
42,2025-03-15,2025-03-22,1,1191.527587890625
42,2025-03-15,2025-03-29,2,693.5640258789062
42,2025-03-15,2025-04-05,3,479.631591796875
42,2025-03-15,2025-04-12,4,435.2241516113281
44,2025-03-15,2025-03-22,1,44.27791213989258
44,2025-03-15,2025-03-29,2,14.844038009643555
44,2025-03-15,2025-04-05,3,21.643993377685547
44,2025-03-15,2025-04-12,4,13.150483131408691
45,2025-03-15,2025-03-22,1,154.8142852783203
45,2025-03-15,2025-03-29,2,129.72877502441406
45,2025-03-15,2025-04-05,3,169.2660369873047
45,2025-03-15,2025-04-12,4,174.8409423828125
46,2025-03-15,2025-03-22,1,23.842531204223633
46,2025-03-15,2025-03-29,2,10.339198112487793
46,2025-03-15,2025-04-05,3,8.48825454711914
46,2025-03-15,2025-04-12,4,10.149212837219238
47,2025-03-15,2025-03-22,1,325.5438232421875
47,2025-03-15,2025-03-29,2,277.00714111328125
47,2025-03-15,2025-04-05,3,368.1611328125
47,2025-03-15,2025-04-12,4,313.5793151855469
48,2025-03-15,2025-03-22,1,797.391357421875
48,2025-03-15,2025-03-29,2,566.656005859375
48,2025-03-15,2025-04-05,3,620.1989135742188
48,2025-03-15,2025-04-12,4,574.656982421875
49,2025-03-15,2025-03-22,1,100.6686782836914
49,2025-03-15,2025-03-29,2,63.69118118286133
49,2025-03-15,2025-04-05,3,64.74285125732422
49,2025-03-15,2025-04-12,4,59.48654556274414
50,2025-03-15,2025-03-22,1,16.83321189880371
50,2025-03-15,2025-03-29,2,6.620799541473389
50,2025-03-15,2025-04-05,3,5.0379180908203125
50,2025-03-15,2025-04-12,4,1.8019181489944458
51,2025-03-15,2025-03-22,1,355.3158264160156
51,2025-03-15,2025-03-29,2,368.1825256347656
51,2025-03-15,2025-04-05,3,369.2127380371094
51,2025-03-15,2025-04-12,4,303.7349853515625
53,2025-03-15,2025-03-22,1,121.53766632080078
53,2025-03-15,2025-03-29,2,108.33963012695312
53,2025-03-15,2025-04-05,3,119.2092514038086
53,2025-03-15,2025-04-12,4,108.74066162109375
54,2025-03-15,2025-03-22,1,199.8466339111328
54,2025-03-15,2025-03-29,2,203.40841674804688
54,2025-03-15,2025-04-05,3,283.0955505371094
54,2025-03-15,2025-04-12,4,198.2308349609375
55,2025-03-15,2025-03-22,1,197.0426025390625
55,2025-03-15,2025-03-29,2,188.98597717285156
55,2025-03-15,2025-04-05,3,208.5360565185547
55,2025-03-15,2025-04-12,4,230.23841857910156
56,2025-03-15,2025-03-22,1,22.426992416381836
56,2025-03-15,2025-03-29,2,6.391692638397217
56,2025-03-15,2025-04-05,3,10.202127456665039
56,2025-03-15,2025-04-12,4,2.6015424728393555
72,2025-03-15,2025-03-22,1,233.70989990234375
72,2025-03-15,2025-03-29,2,192.89617919921875
72,2025-03-15,2025-04-05,3,197.34603881835938
72,2025-03-15,2025-04-12,4,188.8540802001953
US,2025-03-15,2025-03-22,1,5528.099999999999
US,2025-03-15,2025-03-29,2,1575.5084999999997
US,2025-03-15,2025-04-05,3,529.78515625
US,2025-03-15,2025-04-12,4,467.2796325683594
01,2025-03-22,2025-03-29,1,146.7537078857422
01,2025-03-22,2025-04-05,2,105.6837158203125
01,2025-03-22,2025-04-12,3,117.78047943115234
01,2025-03-22,2025-04-19,4,97.16242980957031
02,2025-03-22,2025-03-29,1,16.95454216003418
02,2025-03-22,2025-04-05,2,8.042045593261719
02,2025-03-22,2025-04-12,3,15.201863288879395
02,2025-03-22,2025-04-19,4,11.56583309173584
04,2025-03-22,2025-03-29,1,236.5159454345703
04,2025-03-22,2025-04-05,2,205.95619201660156
04,2025-03-22,2025-04-12,3,249.01251220703125
04,2025-03-22,2025-04-19,4,198.9209747314453
05,2025-03-22,2025-03-29,1,102.6848373413086
05,2025-03-22,2025-04-05,2,71.24127197265625
05,2025-03-22,2025-04-12,3,75.51362609863281
05,2025-03-22,2025-04-19,4,80.79778289794922
06,2025-03-22,2025-03-29,1,505.3887634277344
06,2025-03-22,2025-04-05,2,351.40618896484375
06,2025-03-22,2025-04-12,3,405.2304382324219
06,2025-03-22,2025-04-19,4,304.7281494140625
08,2025-03-22,2025-03-29,1,121.5791244506836
08,2025-03-22,2025-04-05,2,72.38796997070312
08,2025-03-22,2025-04-12,3,88.76487731933594
08,2025-03-22,2025-04-19,4,95.51570129394531
09,2025-03-22,2025-03-29,1,88.91727447509766
09,2025-03-22,2025-04-05,2,66.93141174316406
09,2025-03-22,2025-04-12,3,80.94359588623047
09,2025-03-22,2025-04-19,4,79.15667724609375
10,2025-03-22,2025-03-29,1,22.94096565246582
10,2025-03-22,2025-04-05,2,7.175679683685303
10,2025-03-22,2025-04-12,3,12.735133171081543
10,2025-03-22,2025-04-19,4,6.273643970489502
11,2025-03-22,2025-03-29,1,43.189998626708984
11,2025-03-22,2025-04-05,2,12.309149742126465
11,2025-03-22,2025-04-12,3,11.893495559692383
11,2025-03-22,2025-04-19,4,6.624338626861572
12,2025-03-22,2025-03-29,1,841.6483154296875
12,2025-03-22,2025-04-05,2,558.4156494140625
12,2025-03-22,2025-04-12,3,605.8502197265625
12,2025-03-22,2025-04-19,4,482.84765625
13,2025-03-22,2025-03-29,1,157.04116821289062
13,2025-03-22,2025-04-05,2,120.310546875
13,2025-03-22,2025-04-12,3,131.28599548339844
13,2025-03-22,2025-04-19,4,116.856201171875
15,2025-03-22,2025-03-29,1,31.32439422607422
15,2025-03-22,2025-04-05,2,13.946038246154785
15,2025-03-22,2025-04-12,3,20.564563751220703
15,2025-03-22,2025-04-19,4,22.178638458251953
16,2025-03-22,2025-03-29,1,64.76808166503906
16,2025-03-22,2025-04-05,2,45.961204528808594
16,2025-03-22,2025-04-12,3,61.14430618286133
16,2025-03-22,2025-04-19,4,47.95069122314453
17,2025-03-22,2025-03-29,1,329.9354248046875
17,2025-03-22,2025-04-05,2,340.841796875
17,2025-03-22,2025-04-12,3,422.3761291503906
17,2025-03-22,2025-04-19,4,377.0293884277344
18,2025-03-22,2025-03-29,1,277.0694885253906
18,2025-03-22,2025-04-05,2,277.13494873046875
18,2025-03-22,2025-04-12,3,394.7696533203125
18,2025-03-22,2025-04-19,4,307.6532897949219
19,2025-03-22,2025-03-29,1,62.405250549316406
19,2025-03-22,2025-04-05,2,49.17707443237305
19,2025-03-22,2025-04-12,3,41.05854034423828
19,2025-03-22,2025-04-19,4,41.652305603027344
20,2025-03-22,2025-03-29,1,76.25223541259766
20,2025-03-22,2025-04-05,2,59.63744354248047
20,2025-03-22,2025-04-12,3,79.12161254882812
20,2025-03-22,2025-04-19,4,67.25658416748047
21,2025-03-22,2025-03-29,1,209.1308135986328
21,2025-03-22,2025-04-05,2,217.4149627685547
21,2025-03-22,2025-04-12,3,287.1307067871094
21,2025-03-22,2025-04-19,4,218.83433532714844
22,2025-03-22,2025-03-29,1,155.95394897460938
22,2025-03-22,2025-04-05,2,138.88589477539062
22,2025-03-22,2025-04-12,3,159.2660369873047
22,2025-03-22,2025-04-19,4,125.28207397460938
23,2025-03-22,2025-03-29,1,48.780731201171875
23,2025-03-22,2025-04-05,2,13.902507781982422
23,2025-03-22,2025-04-12,3,34.52992248535156
23,2025-03-22,2025-04-19,4,19.301733016967773
24,2025-03-22,2025-03-29,1,154.80982971191406
24,2025-03-22,2025-04-05,2,114.03050994873047
24,2025-03-22,2025-04-12,3,110.97978210449219
24,2025-03-22,2025-04-19,4,93.56183624267578
25,2025-03-22,2025-03-29,1,218.0819549560547
25,2025-03-22,2025-04-05,2,189.5413055419922
25,2025-03-22,2025-04-12,3,227.44091796875
25,2025-03-22,2025-04-19,4,236.11245727539062
26,2025-03-22,2025-03-29,1,604.0753173828125
26,2025-03-22,2025-04-05,2,474.2159118652344
26,2025-03-22,2025-04-12,3,497.7629089355469
26,2025-03-22,2025-04-19,4,510.7626647949219
27,2025-03-22,2025-03-29,1,136.8359832763672
27,2025-03-22,2025-04-05,2,94.07797241210938
27,2025-03-22,2025-04-12,3,90.39486694335938
27,2025-03-22,2025-04-19,4,108.10030364990234
28,2025-03-22,2025-03-29,1,69.75212860107422
28,2025-03-22,2025-04-05,2,44.502838134765625
28,2025-03-22,2025-04-12,3,70.9786605834961
28,2025-03-22,2025-04-19,4,48.844947814941406
29,2025-03-22,2025-03-29,1,242.7867889404297
29,2025-03-22,2025-04-05,2,238.17201232910156
29,2025-03-22,2025-04-12,3,367.4449157714844
29,2025-03-22,2025-04-19,4,370.83331298828125
30,2025-03-22,2025-03-29,1,44.54230499267578
30,2025-03-22,2025-04-05,2,17.91705322265625
30,2025-03-22,2025-04-12,3,30.145626068115234
30,2025-03-22,2025-04-19,4,17.38312339782715
31,2025-03-22,2025-03-29,1,38.92702102661133
31,2025-03-22,2025-04-05,2,21.796112060546875
31,2025-03-22,2025-04-12,3,31.336957931518555
31,2025-03-22,2025-04-19,4,29.806190490722656
32,2025-03-22,2025-03-29,1,66.05799865722656
32,2025-03-22,2025-04-05,2,48.4632453918457
32,2025-03-22,2025-04-12,3,64.32701873779297
32,2025-03-22,2025-04-19,4,57.37015151977539
33,2025-03-22,2025-03-29,1,30.535572052001953
33,2025-03-22,2025-04-05,2,11.314826965332031
33,2025-03-22,2025-04-12,3,19.242366790771484
33,2025-03-22,2025-04-19,4,17.82124137878418
34,2025-03-22,2025-03-29,1,241.49847412109375
34,2025-03-22,2025-04-05,2,230.768310546875
34,2025-03-22,2025-04-12,3,312.67694091796875
34,2025-03-22,2025-04-19,4,249.4577178955078
35,2025-03-22,2025-03-29,1,83.51944732666016
35,2025-03-22,2025-04-05,2,68.32717895507812
35,2025-03-22,2025-04-12,3,84.11109161376953
35,2025-03-22,2025-04-19,4,72.09833526611328
36,2025-03-22,2025-03-29,1,813.6554565429688
36,2025-03-22,2025-04-05,2,516.9163818359375
36,2025-03-22,2025-04-12,3,540.5592651367188
36,2025-03-22,2025-04-19,4,457.32110595703125
37,2025-03-22,2025-03-29,1,280.00531005859375
37,2025-03-22,2025-04-05,2,251.88766479492188
37,2025-03-22,2025-04-12,3,346.3943176269531
37,2025-03-22,2025-04-19,4,232.87733459472656
38,2025-03-22,2025-03-29,1,16.92568016052246
38,2025-03-22,2025-04-05,2,4.847975730895996
38,2025-03-22,2025-04-12,3,18.427642822265625
38,2025-03-22,2025-04-19,4,8.68432903289795
39,2025-03-22,2025-03-29,1,667.8641357421875
39,2025-03-22,2025-04-05,2,484.101806640625
39,2025-03-22,2025-04-12,3,440.8508605957031
39,2025-03-22,2025-04-19,4,413.5997009277344
40,2025-03-22,2025-03-29,1,69.7167739868164
40,2025-03-22,2025-04-05,2,53.71587371826172
40,2025-03-22,2025-04-12,3,67.80010986328125
40,2025-03-22,2025-04-19,4,60.06755447387695
41,2025-03-22,2025-03-29,1,93.70164489746094
41,2025-03-22,2025-04-05,2,62.5860481262207
41,2025-03-22,2025-04-12,3,85.5558090209961
41,2025-03-22,2025-04-19,4,86.69589233398438
42,2025-03-22,2025-03-29,1,794.3858642578125
42,2025-03-22,2025-04-05,2,488.04827880859375
42,2025-03-22,2025-04-12,3,463.77703857421875
42,2025-03-22,2025-04-19,4,433.958740234375
44,2025-03-22,2025-03-29,1,23.941390991210938
44,2025-03-22,2025-04-05,2,14.022512435913086
44,2025-03-22,2025-04-12,3,14.281669616699219
44,2025-03-22,2025-04-19,4,11.593340873718262
45,2025-03-22,2025-03-29,1,144.62095642089844
45,2025-03-22,2025-04-05,2,109.1593246459961
45,2025-03-22,2025-04-12,3,115.56344604492188
45,2025-03-22,2025-04-19,4,108.51830291748047
46,2025-03-22,2025-03-29,1,8.160981178283691
46,2025-03-22,2025-04-05,2,9.718792915344238
46,2025-03-22,2025-04-12,3,10.50878620147705
46,2025-03-22,2025-04-19,4,11.859673500061035
47,2025-03-22,2025-03-29,1,196.2014617919922
47,2025-03-22,2025-04-05,2,201.02206420898438
47,2025-03-22,2025-04-12,3,236.15438842773438
47,2025-03-22,2025-04-19,4,196.2727813720703
48,2025-03-22,2025-03-29,1,444.61663818359375
48,2025-03-22,2025-04-05,2,379.3336181640625
48,2025-03-22,2025-04-12,3,479.3614501953125
48,2025-03-22,2025-04-19,4,431.3907470703125
49,2025-03-22,2025-03-29,1,69.67780303955078
49,2025-03-22,2025-04-05,2,48.935272216796875
49,2025-03-22,2025-04-12,3,53.71179962158203
49,2025-03-22,2025-04-19,4,44.12196350097656
50,2025-03-22,2025-03-29,1,15.994630813598633
50,2025-03-22,2025-04-05,2,4.558469772338867
50,2025-03-22,2025-04-12,3,11.290505409240723
50,2025-03-22,2025-04-19,4,5.2552876472473145
51,2025-03-22,2025-03-29,1,207.902587890625
51,2025-03-22,2025-04-05,2,195.0791778564453
51,2025-03-22,2025-04-12,3,242.9709930419922
51,2025-03-22,2025-04-19,4,217.1121368408203
53,2025-03-22,2025-03-29,1,119.43978118896484
53,2025-03-22,2025-04-05,2,82.39514923095703
53,2025-03-22,2025-04-12,3,93.2050552368164
53,2025-03-22,2025-04-19,4,101.64617156982422
54,2025-03-22,2025-03-29,1,185.3062286376953
54,2025-03-22,2025-04-05,2,116.06949615478516
54,2025-03-22,2025-04-12,3,150.52468872070312
54,2025-03-22,2025-04-19,4,143.52703857421875
55,2025-03-22,2025-03-29,1,152.91632080078125
55,2025-03-22,2025-04-05,2,105.10248565673828
55,2025-03-22,2025-04-12,3,119.33356475830078
55,2025-03-22,2025-04-19,4,120.08619689941406
56,2025-03-22,2025-03-29,1,23.004026412963867
56,2025-03-22,2025-04-05,2,6.556147575378418
56,2025-03-22,2025-04-12,3,9.700170516967773
56,2025-03-22,2025-04-19,4,5.996792793273926
72,2025-03-22,2025-03-29,1,160.14756774902344
72,2025-03-22,2025-04-05,2,123.240234375
72,2025-03-22,2025-04-12,3,161.29640197753906
72,2025-03-22,2025-04-19,4,142.49612426757812
US,2025-03-22,2025-03-29,1,4093.7999999999997
US,2025-03-22,2025-04-05,2,1166.7329999999997
US,2025-03-22,2025-04-12,3,528.6463012695312
US,2025-03-22,2025-04-19,4,485.40765380859375
01,2025-03-29,2025-04-05,1,114.32794952392578
01,2025-03-29,2025-04-12,2,94.15799713134766
01,2025-03-29,2025-04-19,3,102.51197814941406
01,2025-03-29,2025-04-26,4,91.99533081054688
02,2025-03-29,2025-04-05,1,18.431337356567383
02,2025-03-29,2025-04-12,2,5.252931118011475
02,2025-03-29,2025-04-19,3,11.307051658630371
02,2025-03-29,2025-04-26,4,11.953695297241211
04,2025-03-29,2025-04-05,1,177.4748077392578
04,2025-03-29,2025-04-12,2,117.84337615966797
04,2025-03-29,2025-04-19,3,126.20563507080078
04,2025-03-29,2025-04-26,4,111.29432678222656
05,2025-03-29,2025-04-05,1,79.20117950439453
05,2025-03-29,2025-04-12,2,66.7557144165039
05,2025-03-29,2025-04-19,3,75.22000885009766
05,2025-03-29,2025-04-26,4,75.31562805175781
06,2025-03-29,2025-04-05,1,411.47845458984375
06,2025-03-29,2025-04-12,2,312.6811828613281
06,2025-03-29,2025-04-19,3,421.9281005859375
06,2025-03-29,2025-04-26,4,260.3794860839844
08,2025-03-29,2025-04-05,1,88.30165100097656
08,2025-03-29,2025-04-12,2,62.26288986206055
08,2025-03-29,2025-04-19,3,83.24862670898438
08,2025-03-29,2025-04-26,4,75.25377655029297
09,2025-03-29,2025-04-05,1,62.760887145996094
09,2025-03-29,2025-04-12,2,48.27886199951172
09,2025-03-29,2025-04-19,3,57.8619499206543
09,2025-03-29,2025-04-26,4,49.94099044799805
10,2025-03-29,2025-04-05,1,15.506793975830078
10,2025-03-29,2025-04-12,2,4.419436454772949
10,2025-03-29,2025-04-19,3,22.652860641479492
10,2025-03-29,2025-04-26,4,8.923653602600098
11,2025-03-29,2025-04-05,1,23.41428565979004
11,2025-03-29,2025-04-12,2,6.673071384429932
11,2025-03-29,2025-04-19,3,10.960441589355469
11,2025-03-29,2025-04-26,4,6.769466876983643
12,2025-03-29,2025-04-05,1,583.3424072265625
12,2025-03-29,2025-04-12,2,461.17706298828125
12,2025-03-29,2025-04-19,3,559.4701538085938
12,2025-03-29,2025-04-26,4,458.5164794921875
13,2025-03-29,2025-04-05,1,121.15762329101562
13,2025-03-29,2025-04-12,2,94.73528289794922
13,2025-03-29,2025-04-19,3,110.59033203125
13,2025-03-29,2025-04-26,4,106.5464096069336
15,2025-03-29,2025-04-05,1,24.490341186523438
15,2025-03-29,2025-04-12,2,12.02267074584961
15,2025-03-29,2025-04-19,3,24.930309295654297
15,2025-03-29,2025-04-26,4,16.203733444213867
16,2025-03-29,2025-04-05,1,45.76264190673828
16,2025-03-29,2025-04-12,2,28.224149703979492
16,2025-03-29,2025-04-19,3,38.11826705932617
16,2025-03-29,2025-04-26,4,34.47217559814453
17,2025-03-29,2025-04-05,1,255.88314819335938
17,2025-03-29,2025-04-12,2,227.33529663085938
17,2025-03-29,2025-04-19,3,248.96585083007812
17,2025-03-29,2025-04-26,4,204.08335876464844
18,2025-03-29,2025-04-05,1,183.2571258544922
18,2025-03-29,2025-04-12,2,127.6122817993164
18,2025-03-29,2025-04-19,3,144.61618041992188
18,2025-03-29,2025-04-26,4,120.5186996459961
19,2025-03-29,2025-04-05,1,33.445579528808594
19,2025-03-29,2025-04-12,2,23.306856155395508
19,2025-03-29,2025-04-19,3,40.61101531982422
19,2025-03-29,2025-04-26,4,37.264617919921875
20,2025-03-29,2025-04-05,1,51.629981994628906
20,2025-03-29,2025-04-12,2,43.31902313232422
20,2025-03-29,2025-04-19,3,53.828426361083984
20,2025-03-29,2025-04-26,4,41.72224044799805
21,2025-03-29,2025-04-05,1,183.12396240234375
21,2025-03-29,2025-04-12,2,143.42495727539062
21,2025-03-29,2025-04-19,3,172.41622924804688
21,2025-03-29,2025-04-26,4,147.074951171875
22,2025-03-29,2025-04-05,1,127.38900756835938
22,2025-03-29,2025-04-12,2,102.10617065429688
22,2025-03-29,2025-04-19,3,102.39657592773438
22,2025-03-29,2025-04-26,4,94.44195556640625
23,2025-03-29,2025-04-05,1,29.812458038330078
23,2025-03-29,2025-04-12,2,8.496550559997559
23,2025-03-29,2025-04-19,3,17.66861343383789
23,2025-03-29,2025-04-26,4,16.050323486328125
24,2025-03-29,2025-04-05,1,106.03086853027344
24,2025-03-29,2025-04-12,2,62.07958221435547
24,2025-03-29,2025-04-19,3,84.05254364013672
24,2025-03-29,2025-04-26,4,80.17044830322266
25,2025-03-29,2025-04-05,1,179.18844604492188
25,2025-03-29,2025-04-12,2,138.6487579345703
25,2025-03-29,2025-04-19,3,135.36590576171875
25,2025-03-29,2025-04-26,4,142.14056396484375
26,2025-03-29,2025-04-05,1,370.9384460449219
26,2025-03-29,2025-04-12,2,308.6217041015625
26,2025-03-29,2025-04-19,3,299.53851318359375
26,2025-03-29,2025-04-26,4,346.0663757324219
27,2025-03-29,2025-04-05,1,67.7905502319336
27,2025-03-29,2025-04-12,2,52.29953384399414
27,2025-03-29,2025-04-19,3,73.45555114746094
27,2025-03-29,2025-04-26,4,70.8611831665039
28,2025-03-29,2025-04-05,1,39.04912185668945
28,2025-03-29,2025-04-12,2,20.401369094848633
28,2025-03-29,2025-04-19,3,47.259334564208984
28,2025-03-29,2025-04-26,4,31.98772621154785
29,2025-03-29,2025-04-05,1,163.1363525390625
29,2025-03-29,2025-04-12,2,131.42396545410156
29,2025-03-29,2025-04-19,3,141.0239715576172
29,2025-03-29,2025-04-26,4,147.98147583007812
30,2025-03-29,2025-04-05,1,20.11433982849121
30,2025-03-29,2025-04-12,2,17.16456413269043
30,2025-03-29,2025-04-19,3,19.82445526123047
30,2025-03-29,2025-04-26,4,18.351552963256836
31,2025-03-29,2025-04-05,1,24.630767822265625
31,2025-03-29,2025-04-12,2,18.465656280517578
31,2025-03-29,2025-04-19,3,31.329275131225586
31,2025-03-29,2025-04-26,4,21.35614585876465
32,2025-03-29,2025-04-05,1,61.77842330932617
32,2025-03-29,2025-04-12,2,45.37440872192383
32,2025-03-29,2025-04-19,3,56.40917205810547
32,2025-03-29,2025-04-26,4,42.94500732421875
33,2025-03-29,2025-04-05,1,20.323394775390625
33,2025-03-29,2025-04-12,2,13.036211013793945
33,2025-03-29,2025-04-19,3,13.347034454345703
33,2025-03-29,2025-04-26,4,11.736719131469727
34,2025-03-29,2025-04-05,1,251.10232543945312
34,2025-03-29,2025-04-12,2,189.1548614501953
34,2025-03-29,2025-04-19,3,225.42620849609375
34,2025-03-29,2025-04-26,4,214.32659912109375
35,2025-03-29,2025-04-05,1,57.94174575805664
35,2025-03-29,2025-04-12,2,43.64163589477539
35,2025-03-29,2025-04-19,3,57.31507873535156
35,2025-03-29,2025-04-26,4,43.600040435791016
36,2025-03-29,2025-04-05,1,471.68768310546875
36,2025-03-29,2025-04-12,2,396.2301940917969
36,2025-03-29,2025-04-19,3,492.5338134765625
36,2025-03-29,2025-04-26,4,449.9099426269531
37,2025-03-29,2025-04-05,1,230.40943908691406
37,2025-03-29,2025-04-12,2,202.25099182128906
37,2025-03-29,2025-04-19,3,258.674560546875
37,2025-03-29,2025-04-26,4,183.637451171875
38,2025-03-29,2025-04-05,1,13.176307678222656
38,2025-03-29,2025-04-12,2,6.979639530181885
38,2025-03-29,2025-04-19,3,19.700586318969727
38,2025-03-29,2025-04-26,4,13.590238571166992
39,2025-03-29,2025-04-05,1,330.91363525390625
39,2025-03-29,2025-04-12,2,305.42095947265625
39,2025-03-29,2025-04-19,3,380.1055603027344
39,2025-03-29,2025-04-26,4,353.3633117675781
40,2025-03-29,2025-04-05,1,61.2152214050293
40,2025-03-29,2025-04-12,2,42.41645431518555
40,2025-03-29,2025-04-19,3,58.36412048339844
40,2025-03-29,2025-04-26,4,54.47171401977539
41,2025-03-29,2025-04-05,1,68.84966278076172
41,2025-03-29,2025-04-12,2,53.82493209838867
41,2025-03-29,2025-04-19,3,68.79109191894531
41,2025-03-29,2025-04-26,4,48.904457092285156
42,2025-03-29,2025-04-05,1,709.9913940429688
42,2025-03-29,2025-04-12,2,496.499267578125
42,2025-03-29,2025-04-19,3,459.1859130859375
42,2025-03-29,2025-04-26,4,419.4697265625
44,2025-03-29,2025-04-05,1,22.08011817932129
44,2025-03-29,2025-04-12,2,12.67204475402832
44,2025-03-29,2025-04-19,3,16.645265579223633
44,2025-03-29,2025-04-26,4,11.009937286376953
45,2025-03-29,2025-04-05,1,99.68636322021484
45,2025-03-29,2025-04-12,2,68.62334442138672
45,2025-03-29,2025-04-19,3,88.43164825439453
45,2025-03-29,2025-04-26,4,99.35121154785156
46,2025-03-29,2025-04-05,1,4.771055221557617
46,2025-03-29,2025-04-12,2,1.7926998138427734
46,2025-03-29,2025-04-19,3,9.735492706298828
46,2025-03-29,2025-04-26,4,9.419916152954102
47,2025-03-29,2025-04-05,1,178.18072509765625
47,2025-03-29,2025-04-12,2,118.51554870605469
47,2025-03-29,2025-04-19,3,134.6702880859375
47,2025-03-29,2025-04-26,4,121.70126342773438
48,2025-03-29,2025-04-05,1,430.89508056640625
48,2025-03-29,2025-04-12,2,356.1090087890625
48,2025-03-29,2025-04-19,3,472.6648254394531
48,2025-03-29,2025-04-26,4,383.6932373046875
49,2025-03-29,2025-04-05,1,43.43278121948242
49,2025-03-29,2025-04-12,2,35.4320182800293
49,2025-03-29,2025-04-19,3,36.706729888916016
49,2025-03-29,2025-04-26,4,34.638832092285156
50,2025-03-29,2025-04-05,1,14.858198165893555
50,2025-03-29,2025-04-12,2,4.234586238861084
50,2025-03-29,2025-04-19,3,11.810388565063477
50,2025-03-29,2025-04-26,4,8.51877212524414
51,2025-03-29,2025-04-05,1,171.3565673828125
51,2025-03-29,2025-04-12,2,112.3918228149414
51,2025-03-29,2025-04-19,3,124.11896514892578
51,2025-03-29,2025-04-26,4,120.97113800048828
53,2025-03-29,2025-04-05,1,90.65026092529297
53,2025-03-29,2025-04-12,2,63.49220275878906
53,2025-03-29,2025-04-19,3,88.16411590576172
53,2025-03-29,2025-04-26,4,87.90054321289062
54,2025-03-29,2025-04-05,1,108.49275207519531
54,2025-03-29,2025-04-12,2,71.0120620727539
54,2025-03-29,2025-04-19,3,91.58999633789062
54,2025-03-29,2025-04-26,4,78.07535552978516
55,2025-03-29,2025-04-05,1,89.94174194335938
55,2025-03-29,2025-04-12,2,72.4927749633789
55,2025-03-29,2025-04-19,3,83.21239471435547
55,2025-03-29,2025-04-26,4,115.04824829101562
56,2025-03-29,2025-04-05,1,15.098577499389648
56,2025-03-29,2025-04-12,2,4.303094387054443
56,2025-03-29,2025-04-19,3,10.888601303100586
56,2025-03-29,2025-04-26,4,5.013484477996826
72,2025-03-29,2025-04-05,1,166.3719940185547
72,2025-03-29,2025-04-12,2,110.8617935180664
72,2025-03-29,2025-04-19,3,116.72688293457031
72,2025-03-29,2025-04-26,4,94.94286346435547
US,2025-03-29,2025-04-05,1,2917.2
US,2025-03-29,2025-04-12,2,831.4019999999999
US,2025-03-29,2025-04-19,3,619.5064086914062
US,2025-03-29,2025-04-26,4,484.0669860839844
01,2025-04-05,2025-04-12,1,57.05177307128906
01,2025-04-05,2025-04-19,2,41.81305694580078
01,2025-04-05,2025-04-26,3,57.625770568847656
01,2025-04-05,2025-05-03,4,58.80514907836914
02,2025-04-05,2025-04-12,1,12.8678617477417
02,2025-04-05,2025-04-19,2,3.6673405170440674
02,2025-04-05,2025-04-26,3,8.814085006713867
02,2025-04-05,2025-05-03,4,2.247591733932495
04,2025-04-05,2025-04-12,1,87.91668701171875
04,2025-04-05,2025-04-19,2,66.01607513427734
04,2025-04-05,2025-04-26,3,76.2607192993164
04,2025-04-05,2025-05-03,4,67.97581481933594
05,2025-04-05,2025-04-12,1,41.9101676940918
05,2025-04-05,2025-04-19,2,44.26145553588867
05,2025-04-05,2025-04-26,3,54.222808837890625
05,2025-04-05,2025-05-03,4,37.842098236083984
06,2025-04-05,2025-04-12,1,305.2427978515625
06,2025-04-05,2025-04-19,2,219.8664093017578
06,2025-04-05,2025-04-26,3,311.9822082519531
06,2025-04-05,2025-05-03,4,225.98927307128906
08,2025-04-05,2025-04-12,1,53.97235870361328
08,2025-04-05,2025-04-19,2,50.58567810058594
08,2025-04-05,2025-04-26,3,59.821075439453125
08,2025-04-05,2025-05-03,4,48.00492477416992
09,2025-04-05,2025-04-12,1,37.565887451171875
09,2025-04-05,2025-04-19,2,30.549962997436523
09,2025-04-05,2025-04-26,3,35.436256408691406
09,2025-04-05,2025-05-03,4,33.37110137939453
10,2025-04-05,2025-04-12,1,5.340216636657715
10,2025-04-05,2025-04-19,2,3.602651834487915
10,2025-04-05,2025-04-26,3,7.757657051086426
10,2025-04-05,2025-05-03,4,1.97820246219635
11,2025-04-05,2025-04-12,1,11.570924758911133
11,2025-04-05,2025-04-19,2,3.2977135181427
11,2025-04-05,2025-04-26,3,4.939416408538818
11,2025-04-05,2025-05-03,4,1.2595511674880981
12,2025-04-05,2025-04-12,1,468.20587158203125
12,2025-04-05,2025-04-19,2,412.8773498535156
12,2025-04-05,2025-04-26,3,488.9483337402344
12,2025-04-05,2025-05-03,4,338.25384521484375
13,2025-04-05,2025-04-12,1,102.9781723022461
13,2025-04-05,2025-04-19,2,73.19927978515625
13,2025-04-05,2025-04-26,3,88.09297943115234
13,2025-04-05,2025-05-03,4,92.46764373779297
15,2025-04-05,2025-04-12,1,21.067853927612305
15,2025-04-05,2025-04-19,2,15.521639823913574
15,2025-04-05,2025-04-26,3,16.466732025146484
15,2025-04-05,2025-05-03,4,7.363621234893799
16,2025-04-05,2025-04-12,1,23.104520797729492
16,2025-04-05,2025-04-19,2,12.016937255859375
16,2025-04-05,2025-04-26,3,22.480287551879883
16,2025-04-05,2025-05-03,4,14.912646293640137
17,2025-04-05,2025-04-12,1,252.52023315429688
17,2025-04-05,2025-04-19,2,170.3291778564453
17,2025-04-05,2025-04-26,3,210.08480834960938
17,2025-04-05,2025-05-03,4,149.8905792236328
18,2025-04-05,2025-04-12,1,134.548828125
18,2025-04-05,2025-04-19,2,92.33977508544922
18,2025-04-05,2025-04-26,3,84.16080474853516
18,2025-04-05,2025-05-03,4,105.65768432617188
19,2025-04-05,2025-04-12,1,25.31110382080078
19,2025-04-05,2025-04-19,2,18.484516143798828
19,2025-04-05,2025-04-26,3,28.585416793823242
19,2025-04-05,2025-05-03,4,25.607622146606445
20,2025-04-05,2025-04-12,1,26.517181396484375
20,2025-04-05,2025-04-19,2,12.143229484558105
20,2025-04-05,2025-04-26,3,27.224567413330078
20,2025-04-05,2025-05-03,4,17.98732566833496
21,2025-04-05,2025-04-12,1,111.70989227294922
21,2025-04-05,2025-04-19,2,84.2989273071289
21,2025-04-05,2025-04-26,3,84.00344848632812
21,2025-04-05,2025-05-03,4,78.99575805664062
22,2025-04-05,2025-04-12,1,78.30369567871094
22,2025-04-05,2025-04-19,2,52.785152435302734
22,2025-04-05,2025-04-26,3,73.23719024658203
22,2025-04-05,2025-05-03,4,68.30097961425781
23,2025-04-05,2025-04-12,1,21.820323944091797
23,2025-04-05,2025-04-19,2,17.197423934936523
23,2025-04-05,2025-04-26,3,14.519065856933594
23,2025-04-05,2025-05-03,4,12.55267333984375
24,2025-04-05,2025-04-12,1,92.73018646240234
24,2025-04-05,2025-04-19,2,64.62495422363281
24,2025-04-05,2025-04-26,3,83.15263366699219
24,2025-04-05,2025-05-03,4,91.31501770019531
25,2025-04-05,2025-04-12,1,117.91358184814453
25,2025-04-05,2025-04-19,2,95.36093139648438
25,2025-04-05,2025-04-26,3,113.66924285888672
25,2025-04-05,2025-05-03,4,116.41132354736328
26,2025-04-05,2025-04-12,1,253.55303955078125
26,2025-04-05,2025-04-19,2,187.91354370117188
26,2025-04-05,2025-04-26,3,220.2853240966797
26,2025-04-05,2025-05-03,4,223.45228576660156
27,2025-04-05,2025-04-12,1,40.79336166381836
27,2025-04-05,2025-04-19,2,25.762372970581055
27,2025-04-05,2025-04-26,3,52.13649368286133
27,2025-04-05,2025-05-03,4,42.25701141357422
28,2025-04-05,2025-04-12,1,22.52208137512207
28,2025-04-05,2025-04-19,2,20.980924606323242
28,2025-04-05,2025-04-26,3,32.60948181152344
28,2025-04-05,2025-05-03,4,28.806520462036133
29,2025-04-05,2025-04-12,1,91.29822540283203
29,2025-04-05,2025-04-19,2,71.96038055419922
29,2025-04-05,2025-04-26,3,75.47142791748047
29,2025-04-05,2025-05-03,4,99.56483459472656
30,2025-04-05,2025-04-12,1,12.707442283630371
30,2025-04-05,2025-04-19,2,10.36954402923584
30,2025-04-05,2025-04-26,3,5.516501426696777
30,2025-04-05,2025-05-03,4,2.0077438354492188
31,2025-04-05,2025-04-12,1,9.818876266479492
31,2025-04-05,2025-04-19,2,11.112525939941406
31,2025-04-05,2025-04-26,3,24.996440887451172
31,2025-04-05,2025-05-03,4,6.374092102050781
32,2025-04-05,2025-04-12,1,30.949466705322266
32,2025-04-05,2025-04-19,2,26.494552612304688
32,2025-04-05,2025-04-26,3,31.466482162475586
32,2025-04-05,2025-05-03,4,20.274274826049805
33,2025-04-05,2025-04-12,1,9.662798881530762
33,2025-04-05,2025-04-19,2,5.312902927398682
33,2025-04-05,2025-04-26,3,8.986411094665527
33,2025-04-05,2025-05-03,4,2.291534900665283
34,2025-04-05,2025-04-12,1,172.05715942382812
34,2025-04-05,2025-04-19,2,106.25529479980469
34,2025-04-05,2025-04-26,3,135.45838928222656
34,2025-04-05,2025-05-03,4,111.40969848632812
35,2025-04-05,2025-04-12,1,34.84294509887695
35,2025-04-05,2025-04-19,2,25.971418380737305
35,2025-04-05,2025-04-26,3,36.161373138427734
35,2025-04-05,2025-05-03,4,26.784841537475586
36,2025-04-05,2025-04-12,1,400.1031799316406
36,2025-04-05,2025-04-19,2,328.02838134765625
36,2025-04-05,2025-04-26,3,339.81365966796875
36,2025-04-05,2025-05-03,4,277.0240173339844
37,2025-04-05,2025-04-12,1,134.2784881591797
37,2025-04-05,2025-04-19,2,101.11100006103516
37,2025-04-05,2025-04-26,3,97.14740753173828
37,2025-04-05,2025-05-03,4,101.07752227783203
38,2025-04-05,2025-04-12,1,8.600594520568848
38,2025-04-05,2025-04-19,2,3.668508291244507
38,2025-04-05,2025-04-26,3,13.695626258850098
38,2025-04-05,2025-05-03,4,3.492384672164917
39,2025-04-05,2025-04-12,1,241.7733917236328
39,2025-04-05,2025-04-19,2,190.80862426757812
39,2025-04-05,2025-04-26,3,215.82241821289062
39,2025-04-05,2025-05-03,4,192.5332794189453
40,2025-04-05,2025-04-12,1,31.010713577270508
40,2025-04-05,2025-04-19,2,27.54036521911621
40,2025-04-05,2025-04-26,3,32.92756652832031
40,2025-04-05,2025-05-03,4,23.486112594604492
41,2025-04-05,2025-04-12,1,57.72169876098633
41,2025-04-05,2025-04-19,2,47.63126754760742
41,2025-04-05,2025-04-26,3,55.00276565551758
41,2025-04-05,2025-05-03,4,42.15093994140625
42,2025-04-05,2025-04-12,1,512.8193359375
42,2025-04-05,2025-04-19,2,379.176513671875
42,2025-04-05,2025-04-26,3,426.92388916015625
42,2025-04-05,2025-05-03,4,404.33026123046875
44,2025-04-05,2025-04-12,1,14.570837020874023
44,2025-04-05,2025-04-19,2,6.2778472900390625
44,2025-04-05,2025-04-26,3,12.639601707458496
44,2025-04-05,2025-05-03,4,3.2230982780456543
45,2025-04-05,2025-04-12,1,58.334529876708984
45,2025-04-05,2025-04-19,2,43.33736038208008
45,2025-04-05,2025-04-26,3,66.14349365234375
45,2025-04-05,2025-05-03,4,50.27779769897461
46,2025-04-05,2025-04-12,1,2.1
46,2025-04-05,2025-04-19,2,5.320991516113281
46,2025-04-05,2025-04-26,3,7.587167739868164
46,2025-04-05,2025-05-03,4,1.9347277879714966
47,2025-04-05,2025-04-12,1,113.423095703125
47,2025-04-05,2025-04-19,2,73.287109375
47,2025-04-05,2025-04-26,3,91.42221069335938
47,2025-04-05,2025-05-03,4,99.72564697265625
48,2025-04-05,2025-04-12,1,297.6655578613281
48,2025-04-05,2025-04-19,2,210.19625854492188
48,2025-04-05,2025-04-26,3,259.3321533203125
48,2025-04-05,2025-05-03,4,256.3490905761719
49,2025-04-05,2025-04-12,1,33.95730209350586
49,2025-04-05,2025-04-19,2,32.38405990600586
49,2025-04-05,2025-04-26,3,28.802505493164062
49,2025-04-05,2025-05-03,4,25.35855484008789
50,2025-04-05,2025-04-12,1,11.068241119384766
50,2025-04-05,2025-04-19,2,6.559750556945801
50,2025-04-05,2025-04-26,3,11.740416526794434
50,2025-04-05,2025-05-03,4,3.735574960708618
51,2025-04-05,2025-04-12,1,132.555419921875
51,2025-04-05,2025-04-19,2,80.58692169189453
51,2025-04-05,2025-04-26,3,88.7521743774414
51,2025-04-05,2025-05-03,4,115.2645492553711
53,2025-04-05,2025-04-12,1,68.80387115478516
53,2025-04-05,2025-04-19,2,53.079559326171875
53,2025-04-05,2025-04-26,3,68.13055419921875
53,2025-04-05,2025-05-03,4,60.909706115722656
54,2025-04-05,2025-04-12,1,30.599999999999998
54,2025-04-05,2025-04-19,2,34.078365325927734
54,2025-04-05,2025-04-26,3,51.61083984375
54,2025-04-05,2025-05-03,4,36.41255187988281
55,2025-04-05,2025-04-12,1,61.12930679321289
55,2025-04-05,2025-04-19,2,57.936256408691406
55,2025-04-05,2025-04-26,3,69.28971862792969
55,2025-04-05,2025-05-03,4,70.53324127197266
56,2025-04-05,2025-04-12,1,6.8815083503723145
56,2025-04-05,2025-04-19,2,3.2699780464172363
56,2025-04-05,2025-04-26,3,7.37576961517334
56,2025-04-05,2025-05-03,4,1.8808212280273438
72,2025-04-05,2025-04-12,1,132.12525939941406
72,2025-04-05,2025-04-19,2,91.20257568359375
72,2025-04-05,2025-04-26,3,106.5079116821289
72,2025-04-05,2025-05-03,4,79.15050506591797
US,2025-04-05,2025-04-12,1,2047.1999999999998
US,2025-04-05,2025-04-19,2,639.17236328125
US,2025-04-05,2025-04-26,3,537.5881958007812
US,2025-04-05,2025-05-03,4,399.90167236328125
01,2025-04-12,2025-04-19,1,30.575273513793945
01,2025-04-12,2025-04-26,2,27.755008697509766
01,2025-04-12,2025-05-03,3,28.778945922851562
01,2025-04-12,2025-05-10,4,26.279617309570312
02,2025-04-12,2025-04-19,1,8.478492736816406
02,2025-04-12,2025-04-26,2,8.251014709472656
02,2025-04-12,2025-05-03,3,6.2361273765563965
02,2025-04-12,2025-05-10,4,1.5902124643325806
04,2025-04-12,2025-04-19,1,57.62566375732422
04,2025-04-12,2025-04-26,2,46.19160079956055
04,2025-04-12,2025-05-03,3,54.0770149230957
04,2025-04-12,2025-05-10,4,49.740116119384766
05,2025-04-12,2025-04-19,1,30.06130599975586
05,2025-04-12,2025-04-26,2,21.666194915771484
05,2025-04-12,2025-05-03,3,25.375917434692383
05,2025-04-12,2025-05-10,4,17.333982467651367
06,2025-04-12,2025-04-19,1,359.7228088378906
06,2025-04-12,2025-04-26,2,270.8999938964844
06,2025-04-12,2025-05-03,3,331.8671569824219
06,2025-04-12,2025-05-10,4,266.82122802734375
08,2025-04-12,2025-04-19,1,46.23309326171875
08,2025-04-12,2025-04-26,2,34.5582160949707
08,2025-04-12,2025-05-03,3,33.58316421508789
08,2025-04-12,2025-05-10,4,30.986587524414062
09,2025-04-12,2025-04-19,1,28.0478515625
09,2025-04-12,2025-04-26,2,26.91062355041504
09,2025-04-12,2025-05-03,3,23.56107521057129
09,2025-04-12,2025-05-10,4,20.670127868652344
10,2025-04-12,2025-04-19,1,5.655097961425781
10,2025-04-12,2025-04-26,2,7.6725897789001465
10,2025-04-12,2025-05-03,3,6.520413398742676
10,2025-04-12,2025-05-10,4,1.662705421447754
11,2025-04-12,2025-04-19,1,2.4
11,2025-04-12,2025-04-26,2,0.8116356730461121
11,2025-04-12,2025-05-03,3,0.2191416472196579
11,2025-04-12,2025-05-10,4,0.05588112026453018
12,2025-04-12,2025-04-19,1,341.9812316894531
12,2025-04-12,2025-04-26,2,261.4319763183594
12,2025-04-12,2025-05-03,3,255.57162475585938
12,2025-04-12,2025-05-10,4,233.2707061767578
13,2025-04-12,2025-04-19,1,66.13907623291016
13,2025-04-12,2025-04-26,2,53.997894287109375
13,2025-04-12,2025-05-03,3,64.11859893798828
13,2025-04-12,2025-05-10,4,63.5880012512207
15,2025-04-12,2025-04-19,1,18.37544059753418
15,2025-04-12,2025-04-26,2,15.093984603881836
15,2025-04-12,2025-05-03,3,10.77292537689209
15,2025-04-12,2025-05-10,4,2.747095823287964
16,2025-04-12,2025-04-19,1,14.86781120300293
16,2025-04-12,2025-04-26,2,15.204209327697754
16,2025-04-12,2025-05-03,3,12.129549980163574
16,2025-04-12,2025-05-10,4,6.635468482971191
17,2025-04-12,2025-04-19,1,165.80078125
17,2025-04-12,2025-04-26,2,129.3081817626953
17,2025-04-12,2025-05-03,3,117.45916748046875
17,2025-04-12,2025-05-10,4,108.2291259765625
18,2025-04-12,2025-04-19,1,67.08489990234375
18,2025-04-12,2025-04-26,2,67.52896881103516
18,2025-04-12,2025-05-03,3,51.56597137451172
18,2025-04-12,2025-05-10,4,57.077823638916016
19,2025-04-12,2025-04-19,1,20.11354637145996
19,2025-04-12,2025-04-26,2,18.16703987121582
19,2025-04-12,2025-05-03,3,18.895898818969727
19,2025-04-12,2025-05-10,4,10.291483879089355
20,2025-04-12,2025-04-19,1,20.006093978881836
20,2025-04-12,2025-04-26,2,16.276161193847656
20,2025-04-12,2025-05-03,3,20.041095733642578
20,2025-04-12,2025-05-10,4,8.989212036132812
21,2025-04-12,2025-04-19,1,59.411346435546875
21,2025-04-12,2025-04-26,2,55.261932373046875
21,2025-04-12,2025-05-03,3,47.24198913574219
21,2025-04-12,2025-05-10,4,47.896728515625
22,2025-04-12,2025-04-19,1,50.329925537109375
22,2025-04-12,2025-04-26,2,49.88495635986328
22,2025-04-12,2025-05-03,3,45.32779312133789
22,2025-04-12,2025-05-10,4,37.929840087890625
23,2025-04-12,2025-04-19,1,17.548358917236328
23,2025-04-12,2025-04-26,2,16.960960388183594
23,2025-04-12,2025-05-03,3,19.344690322875977
23,2025-04-12,2025-05-10,4,10.363039016723633
24,2025-04-12,2025-04-19,1,60.6258430480957
24,2025-04-12,2025-04-26,2,57.0865478515625
24,2025-04-12,2025-05-03,3,53.184486389160156
24,2025-04-12,2025-05-10,4,48.705684661865234
25,2025-04-12,2025-04-19,1,102.88819122314453
25,2025-04-12,2025-04-26,2,93.8448257446289
25,2025-04-12,2025-05-03,3,115.3550033569336
25,2025-04-12,2025-05-10,4,101.13249969482422
26,2025-04-12,2025-04-19,1,209.41525268554688
26,2025-04-12,2025-04-26,2,147.20362854003906
26,2025-04-12,2025-05-03,3,157.08058166503906
26,2025-04-12,2025-05-10,4,149.38363647460938
27,2025-04-12,2025-04-19,1,41.4990119934082
27,2025-04-12,2025-04-26,2,32.77699279785156
27,2025-04-12,2025-05-03,3,40.38615036010742
27,2025-04-12,2025-05-10,4,25.340959548950195
28,2025-04-12,2025-04-19,1,24.84403419494629
28,2025-04-12,2025-04-26,2,30.711536407470703
28,2025-04-12,2025-05-03,3,24.719362258911133
28,2025-04-12,2025-05-10,4,18.937000274658203
29,2025-04-12,2025-04-19,1,66.43344116210938
29,2025-04-12,2025-04-26,2,67.81243133544922
29,2025-04-12,2025-05-03,3,61.3542366027832
29,2025-04-12,2025-05-10,4,60.080867767333984
30,2025-04-12,2025-04-19,1,9.6
30,2025-04-12,2025-04-26,2,12.998592376708984
30,2025-04-12,2025-05-03,3,11.479390144348145
30,2025-04-12,2025-05-10,4,2.9272444248199463
31,2025-04-12,2025-04-19,1,7.731122970581055
31,2025-04-12,2025-04-26,2,14.614603996276855
31,2025-04-12,2025-05-03,3,14.086849212646484
31,2025-04-12,2025-05-10,4,3.592146396636963
32,2025-04-12,2025-04-19,1,31.976638793945312
32,2025-04-12,2025-04-26,2,28.601701736450195
32,2025-04-12,2025-05-03,3,26.48566436767578
32,2025-04-12,2025-05-10,4,15.379988670349121
33,2025-04-12,2025-04-19,1,8.541875839233398
33,2025-04-12,2025-04-26,2,12.268653869628906
33,2025-04-12,2025-05-03,3,11.237680435180664
33,2025-04-12,2025-05-10,4,2.8656084537506104
34,2025-04-12,2025-04-19,1,128.87794494628906
34,2025-04-12,2025-04-26,2,99.04181671142578
34,2025-04-12,2025-05-03,3,96.9442367553711
34,2025-04-12,2025-05-10,4,105.33525848388672
35,2025-04-12,2025-04-19,1,22.351408004760742
35,2025-04-12,2025-04-26,2,19.258216857910156
35,2025-04-12,2025-05-03,3,21.867067337036133
35,2025-04-12,2025-05-10,4,10.732494354248047
36,2025-04-12,2025-04-19,1,386.008544921875
36,2025-04-12,2025-04-26,2,294.1956481933594
36,2025-04-12,2025-05-03,3,291.4239196777344
36,2025-04-12,2025-05-10,4,239.3442840576172
37,2025-04-12,2025-04-19,1,67.925537109375
37,2025-04-12,2025-04-26,2,56.840450286865234
37,2025-04-12,2025-05-03,3,68.74031829833984
37,2025-04-12,2025-05-10,4,64.3856430053711
38,2025-04-12,2025-04-19,1,5.820289611816406
38,2025-04-12,2025-04-26,2,8.603508949279785
38,2025-04-12,2025-05-03,3,10.350414276123047
38,2025-04-12,2025-05-10,4,2.6393556594848633
39,2025-04-12,2025-04-19,1,170.8037109375
39,2025-04-12,2025-04-26,2,129.7875213623047
39,2025-04-12,2025-05-03,3,125.1926040649414
39,2025-04-12,2025-05-10,4,114.04618835449219
40,2025-04-12,2025-04-19,1,19.0496826171875
40,2025-04-12,2025-04-26,2,19.453523635864258
40,2025-04-12,2025-05-03,3,21.029821395874023
40,2025-04-12,2025-05-10,4,7.799208164215088
41,2025-04-12,2025-04-19,1,38.6822509765625
41,2025-04-12,2025-04-26,2,34.27126693725586
41,2025-04-12,2025-05-03,3,32.531707763671875
41,2025-04-12,2025-05-10,4,27.170011520385742
42,2025-04-12,2025-04-19,1,379.73419189453125
42,2025-04-12,2025-04-26,2,342.6291198730469
42,2025-04-12,2025-05-03,3,413.5691223144531
42,2025-04-12,2025-05-10,4,327.7425842285156
44,2025-04-12,2025-04-19,1,9.443732261657715
44,2025-04-12,2025-04-26,2,14.559054374694824
44,2025-04-12,2025-05-03,3,14.945507049560547
44,2025-04-12,2025-05-10,4,3.8111042976379395
45,2025-04-12,2025-04-19,1,28.15484619140625
45,2025-04-12,2025-04-26,2,29.77784538269043
45,2025-04-12,2025-05-03,3,32.911659240722656
45,2025-04-12,2025-05-10,4,26.3045711517334
46,2025-04-12,2025-04-19,1,4.058505535125732
46,2025-04-12,2025-04-26,2,8.227840423583984
46,2025-04-12,2025-05-03,3,6.932939529418945
46,2025-04-12,2025-05-10,4,3.2659237384796143
47,2025-04-12,2025-04-19,1,62.27571487426758
47,2025-04-12,2025-04-26,2,58.29381561279297
47,2025-04-12,2025-05-03,3,62.782379150390625
47,2025-04-12,2025-05-10,4,54.031402587890625
48,2025-04-12,2025-04-19,1,276.4380187988281
48,2025-04-12,2025-04-26,2,203.25096130371094
48,2025-04-12,2025-05-03,3,206.5816650390625
48,2025-04-12,2025-05-10,4,216.67813110351562
49,2025-04-12,2025-04-19,1,20.606128692626953
49,2025-04-12,2025-04-26,2,25.782821655273438
49,2025-04-12,2025-05-03,3,21.044025421142578
49,2025-04-12,2025-05-10,4,19.410320281982422
50,2025-04-12,2025-04-19,1,7.624259948730469
50,2025-04-12,2025-04-26,2,7.486227035522461
50,2025-04-12,2025-05-03,3,11.392416000366211
50,2025-04-12,2025-05-10,4,2.9050660133361816
51,2025-04-12,2025-04-19,1,66.79119110107422
51,2025-04-12,2025-04-26,2,60.479820251464844
51,2025-04-12,2025-05-03,3,62.876094818115234
51,2025-04-12,2025-05-10,4,58.349857330322266
53,2025-04-12,2025-04-19,1,55.059043884277344
53,2025-04-12,2025-04-26,2,53.373348236083984
53,2025-04-12,2025-05-03,3,58.25775909423828
53,2025-04-12,2025-05-10,4,53.50566482543945
54,2025-04-12,2025-04-19,1,19.274810791015625
54,2025-04-12,2025-04-26,2,14.188187599182129
54,2025-04-12,2025-05-03,3,22.477251052856445
54,2025-04-12,2025-05-10,4,16.153024673461914
55,2025-04-12,2025-04-19,1,58.25197982788086
55,2025-04-12,2025-04-26,2,54.82642364501953
55,2025-04-12,2025-05-03,3,56.22181701660156
55,2025-04-12,2025-05-10,4,38.68196487426758
56,2025-04-12,2025-04-19,1,1.6037060022354126
56,2025-04-12,2025-04-26,2,0.9889792203903198
56,2025-04-12,2025-05-03,3,2.2563209533691406
56,2025-04-12,2025-05-10,4,0.5753618478775024
72,2025-04-12,2025-04-19,1,161.4464874267578
72,2025-04-12,2025-04-26,2,195.64718627929688
72,2025-04-12,2025-05-03,3,161.860107421875
72,2025-04-12,2025-05-10,4,161.33082580566406
US,2025-04-12,2025-04-19,1,1486.5
US,2025-04-12,2025-04-26,2,673.2666015625
US,2025-04-12,2025-05-03,3,543.9110107421875
US,2025-04-12,2025-05-10,4,394.8625183105469
01,2025-04-19,2025-04-26,1,35.340721130371094
01,2025-04-19,2025-05-03,2,26.391931533813477
01,2025-04-19,2025-05-10,3,21.70018768310547
01,2025-04-19,2025-05-17,4,27.439979553222656
02,2025-04-19,2025-04-26,1,7.422978401184082
02,2025-04-19,2025-05-03,2,6.955318927764893
02,2025-04-19,2025-05-10,3,5.104321002960205
02,2025-04-19,2025-05-17,4,2.03971004486084
04,2025-04-19,2025-04-26,1,70.34346008300781
04,2025-04-19,2025-05-03,2,54.76964569091797
04,2025-04-19,2025-05-10,3,55.11310577392578
04,2025-04-19,2025-05-17,4,51.481624603271484
05,2025-04-19,2025-04-26,1,18.350357055664062
05,2025-04-19,2025-05-03,2,21.47551918029785
05,2025-04-19,2025-05-10,3,19.961557388305664
05,2025-04-19,2025-05-17,4,11.161900520324707
06,2025-04-19,2025-04-26,1,286.8662109375
06,2025-04-19,2025-05-03,2,214.4445343017578
06,2025-04-19,2025-05-10,3,181.79226684570312
06,2025-04-19,2025-05-17,4,185.5294647216797
08,2025-04-19,2025-04-26,1,28.71673011779785
08,2025-04-19,2025-05-03,2,20.58133316040039
08,2025-04-19,2025-05-10,3,20.852163314819336
08,2025-04-19,2025-05-17,4,19.415771484375
09,2025-04-19,2025-04-26,1,25.554479598999023
09,2025-04-19,2025-05-03,2,23.75875473022461
09,2025-04-19,2025-05-10,3,22.959209442138672
09,2025-04-19,2025-05-17,4,16.848026275634766
10,2025-04-19,2025-04-26,1,3.751871109008789
10,2025-04-19,2025-05-03,2,2.163320302963257
10,2025-04-19,2025-05-10,3,0.5840964913368225
10,2025-04-19,2025-05-17,4,1.7067950963974
11,2025-04-19,2025-04-26,1,3.591036319732666
11,2025-04-19,2025-05-03,2,1.0234453678131104
11,2025-04-19,2025-05-10,3,4.960028171539307
11,2025-04-19,2025-05-17,4,1.264807105064392
12,2025-04-19,2025-04-26,1,325.7192687988281
12,2025-04-19,2025-05-03,2,223.67652893066406
12,2025-04-19,2025-05-10,3,235.11106872558594
12,2025-04-19,2025-05-17,4,204.89801025390625
13,2025-04-19,2025-04-26,1,41.951541900634766
13,2025-04-19,2025-05-03,2,33.50421142578125
13,2025-04-19,2025-05-10,3,32.37894821166992
13,2025-04-19,2025-05-17,4,34.057456970214844
15,2025-04-19,2025-04-26,1,15.279007911682129
15,2025-04-19,2025-05-03,2,10.882068634033203
15,2025-04-19,2025-05-10,3,9.319683074951172
15,2025-04-19,2025-05-17,4,6.772159576416016
16,2025-04-19,2025-04-26,1,11.630581855773926
16,2025-04-19,2025-05-03,2,10.92901611328125
16,2025-04-19,2025-05-10,3,11.280497550964355
16,2025-04-19,2025-05-17,4,6.783967018127441
17,2025-04-19,2025-04-26,1,126.58039093017578
17,2025-04-19,2025-05-03,2,107.18286895751953
17,2025-04-19,2025-05-10,3,97.2220230102539
17,2025-04-19,2025-05-17,4,100.09601593017578
18,2025-04-19,2025-04-26,1,39.67777633666992
18,2025-04-19,2025-05-03,2,34.51785659790039
18,2025-04-19,2025-05-10,3,32.052669525146484
18,2025-04-19,2025-05-17,4,34.347991943359375
19,2025-04-19,2025-04-26,1,11.714080810546875
19,2025-04-19,2025-05-03,2,10.874878883361816
19,2025-04-19,2025-05-10,3,13.966789245605469
19,2025-04-19,2025-05-17,4,14.20387077331543
20,2025-04-19,2025-04-26,1,17.19476318359375
20,2025-04-19,2025-05-03,2,14.819552421569824
20,2025-04-19,2025-05-10,3,13.658319473266602
20,2025-04-19,2025-05-17,4,9.07750415802002
21,2025-04-19,2025-04-26,1,35.124515533447266
21,2025-04-19,2025-05-03,2,29.152883529663086
21,2025-04-19,2025-05-10,3,30.65845489501953
21,2025-04-19,2025-05-17,4,23.994354248046875
22,2025-04-19,2025-04-26,1,51.918556213378906
22,2025-04-19,2025-05-03,2,41.71561813354492
22,2025-04-19,2025-05-10,3,33.350215911865234
22,2025-04-19,2025-05-17,4,25.10910987854004
23,2025-04-19,2025-04-26,1,19.48666000366211
23,2025-04-19,2025-05-03,2,10.740283012390137
23,2025-04-19,2025-05-10,3,12.024868965148926
23,2025-04-19,2025-05-17,4,3.0663416385650635
24,2025-04-19,2025-04-26,1,45.20716857910156
24,2025-04-19,2025-05-03,2,36.18800354003906
24,2025-04-19,2025-05-10,3,28.438335418701172
24,2025-04-19,2025-05-17,4,31.30646514892578
25,2025-04-19,2025-04-26,1,72.02682495117188
25,2025-04-19,2025-05-03,2,56.801116943359375
25,2025-04-19,2025-05-10,3,63.14984130859375
25,2025-04-19,2025-05-17,4,53.8683967590332
26,2025-04-19,2025-04-26,1,179.6519775390625
26,2025-04-19,2025-05-03,2,132.389404296875
26,2025-04-19,2025-05-10,3,132.05844116210938
26,2025-04-19,2025-05-17,4,106.48441314697266
27,2025-04-19,2025-04-26,1,33.041316986083984
27,2025-04-19,2025-05-03,2,25.40045738220215
27,2025-04-19,2025-05-10,3,22.915189743041992
27,2025-04-19,2025-05-17,4,27.81411361694336
28,2025-04-19,2025-04-26,1,25.617780685424805
28,2025-04-19,2025-05-03,2,19.198179244995117
28,2025-04-19,2025-05-10,3,17.003599166870117
28,2025-04-19,2025-05-17,4,11.299342155456543
29,2025-04-19,2025-04-26,1,69.0825424194336
29,2025-04-19,2025-05-03,2,55.24378204345703
29,2025-04-19,2025-05-10,3,57.78504180908203
29,2025-04-19,2025-05-17,4,48.94565963745117
30,2025-04-19,2025-04-26,1,15.779953956604004
30,2025-04-19,2025-05-03,2,8.55864429473877
30,2025-04-19,2025-05-10,3,6.741170883178711
30,2025-04-19,2025-05-17,4,1.7189985513687134
31,2025-04-19,2025-04-26,1,11.618727684020996
31,2025-04-19,2025-05-03,2,11.384496688842773
31,2025-04-19,2025-05-10,3,11.532085418701172
31,2025-04-19,2025-05-17,4,11.166213989257812
32,2025-04-19,2025-04-26,1,33.835636138916016
32,2025-04-19,2025-05-03,2,29.432044982910156
32,2025-04-19,2025-05-10,3,23.18292999267578
32,2025-04-19,2025-05-17,4,17.082738876342773
33,2025-04-19,2025-04-26,1,17.408660888671875
33,2025-04-19,2025-05-03,2,13.171677589416504
33,2025-04-19,2025-05-10,3,9.917616844177246
33,2025-04-19,2025-05-17,4,5.978029727935791
34,2025-04-19,2025-04-26,1,123.1789779663086
34,2025-04-19,2025-05-03,2,100.80338287353516
34,2025-04-19,2025-05-10,3,97.9822769165039
34,2025-04-19,2025-05-17,4,88.46817016601562
35,2025-04-19,2025-04-26,1,19.172395706176758
35,2025-04-19,2025-05-03,2,17.375896453857422
35,2025-04-19,2025-05-10,3,18.691709518432617
35,2025-04-19,2025-05-17,4,8.342801094055176
36,2025-04-19,2025-04-26,1,281.9884338378906
36,2025-04-19,2025-05-03,2,213.68922424316406
36,2025-04-19,2025-05-10,3,210.2720184326172
36,2025-04-19,2025-05-17,4,206.3079833984375
37,2025-04-19,2025-04-26,1,39.09622573852539
37,2025-04-19,2025-05-03,2,37.842716217041016
37,2025-04-19,2025-05-10,3,34.730201721191406
37,2025-04-19,2025-05-17,4,42.75360870361328
38,2025-04-19,2025-04-26,1,7.461079120635986
38,2025-04-19,2025-05-03,2,7.772047996520996
38,2025-04-19,2025-05-10,3,9.326619148254395
38,2025-04-19,2025-05-17,4,2.3782877922058105
39,2025-04-19,2025-04-26,1,93.55911254882812
39,2025-04-19,2025-05-03,2,66.8658447265625
39,2025-04-19,2025-05-10,3,92.09126281738281
39,2025-04-19,2025-05-17,4,90.7667465209961
40,2025-04-19,2025-04-26,1,16.366182327270508
40,2025-04-19,2025-05-03,2,14.087287902832031
40,2025-04-19,2025-05-10,3,15.567519187927246
40,2025-04-19,2025-05-17,4,12.330875396728516
41,2025-04-19,2025-04-26,1,33.12980651855469
41,2025-04-19,2025-05-03,2,25.056615829467773
41,2025-04-19,2025-05-10,3,21.836471557617188
41,2025-04-19,2025-05-17,4,14.738534927368164
42,2025-04-19,2025-04-26,1,405.1712951660156
42,2025-04-19,2025-05-03,2,352.3824157714844
42,2025-04-19,2025-05-10,3,346.3575744628906
42,2025-04-19,2025-05-17,4,305.76275634765625
44,2025-04-19,2025-04-26,1,12.00532054901123
44,2025-04-19,2025-05-03,2,12.7438383102417
44,2025-04-19,2025-05-10,3,7.267738342285156
44,2025-04-19,2025-05-17,4,7.375489234924316
45,2025-04-19,2025-04-26,1,27.354887008666992
45,2025-04-19,2025-05-03,2,26.26728057861328
45,2025-04-19,2025-05-10,3,21.655105590820312
45,2025-04-19,2025-05-17,4,15.5868501663208
46,2025-04-19,2025-04-26,1,10.334961891174316
46,2025-04-19,2025-05-03,2,7.4874067306518555
46,2025-04-19,2025-05-10,3,6.1205525398254395
46,2025-04-19,2025-05-17,4,4.9778923988342285
47,2025-04-19,2025-04-26,1,46.08987808227539
47,2025-04-19,2025-05-03,2,37.203311920166016
47,2025-04-19,2025-05-10,3,35.14295959472656
47,2025-04-19,2025-05-17,4,32.7523193359375
48,2025-04-19,2025-04-26,1,245.0557403564453
48,2025-04-19,2025-05-03,2,210.08343505859375
48,2025-04-19,2025-05-10,3,174.77337646484375
48,2025-04-19,2025-05-17,4,182.06394958496094
49,2025-04-19,2025-04-26,1,18.79447364807129
49,2025-04-19,2025-05-03,2,16.380897521972656
49,2025-04-19,2025-05-10,3,19.69754981994629
49,2025-04-19,2025-05-17,4,19.771459579467773
50,2025-04-19,2025-04-26,1,4.557529926300049
50,2025-04-19,2025-05-03,2,1.9297387599945068
50,2025-04-19,2025-05-10,3,2.012803316116333
50,2025-04-19,2025-05-17,4,0.5132648348808289
51,2025-04-19,2025-04-26,1,43.89463806152344
51,2025-04-19,2025-05-03,2,40.1142463684082
51,2025-04-19,2025-05-10,3,39.35810470581055
51,2025-04-19,2025-05-17,4,37.47702407836914
53,2025-04-19,2025-04-26,1,33.34519958496094
53,2025-04-19,2025-05-03,2,33.34245300292969
53,2025-04-19,2025-05-10,3,28.670724868774414
53,2025-04-19,2025-05-17,4,26.44342041015625
54,2025-04-19,2025-04-26,1,18.37925148010254
54,2025-04-19,2025-05-03,2,9.831167221069336
54,2025-04-19,2025-05-10,3,14.365941047668457
54,2025-04-19,2025-05-17,4,8.474834442138672
55,2025-04-19,2025-04-26,1,32.9956169128418
55,2025-04-19,2025-05-03,2,24.999351501464844
55,2025-04-19,2025-05-10,3,30.658510208129883
55,2025-04-19,2025-05-17,4,29.018836975097656
56,2025-04-19,2025-04-26,1,0.8999999999999999
56,2025-04-19,2025-05-03,2,0.6837623119354248
56,2025-04-19,2025-05-10,3,0.1846158355474472
56,2025-04-19,2025-05-17,4,0.04707703739404678
72,2025-04-19,2025-04-26,1,138.71974182128906
72,2025-04-19,2025-05-03,2,85.86418151855469
72,2025-04-19,2025-05-10,3,86.07103729248047
72,2025-04-19,2025-05-17,4,58.7924690246582
US,2025-04-19,2025-04-26,1,1247.1199951171875
US,2025-04-19,2025-05-03,2,710.9890747070312
US,2025-04-19,2025-05-10,3,567.2716674804688
US,2025-04-19,2025-05-17,4,409.2891540527344
01,2025-04-26,2025-05-03,1,26.775373458862305
01,2025-04-26,2025-05-10,2,17.01616859436035
01,2025-04-26,2025-05-17,3,13.613786697387695
01,2025-04-26,2025-05-24,4,19.69356346130371
02,2025-04-26,2025-05-03,1,4.312423229217529
02,2025-04-26,2025-05-10,2,1.2290406227111816
02,2025-04-26,2025-05-17,3,0.33184099197387695
02,2025-04-26,2025-05-24,4,0.08461945503950119
04,2025-04-26,2025-05-03,1,74.68838500976562
04,2025-04-26,2025-05-10,2,53.54690170288086
04,2025-04-26,2025-05-17,3,48.94662094116211
04,2025-04-26,2025-05-24,4,50.91886520385742
05,2025-04-26,2025-05-03,1,19.781944274902344
05,2025-04-26,2025-05-10,2,13.02876091003418
05,2025-04-26,2025-05-17,3,9.864068031311035
05,2025-04-26,2025-05-24,4,13.300491333007812
06,2025-04-26,2025-05-03,1,223.24722290039062
06,2025-04-26,2025-05-10,2,125.7064208984375
06,2025-04-26,2025-05-17,3,113.75142669677734
06,2025-04-26,2025-05-24,4,106.9519271850586
08,2025-04-26,2025-05-03,1,30.36624526977539
08,2025-04-26,2025-05-10,2,24.306875228881836
08,2025-04-26,2025-05-17,3,15.664230346679688
08,2025-04-26,2025-05-24,4,17.136821746826172
09,2025-04-26,2025-05-03,1,40.96116256713867
09,2025-04-26,2025-05-10,2,37.673343658447266
09,2025-04-26,2025-05-17,3,28.984426498413086
09,2025-04-26,2025-05-24,4,31.295101165771484
10,2025-04-26,2025-05-03,1,1.6433905363082886
10,2025-04-26,2025-05-10,2,0.4683662950992584
10,2025-04-26,2025-05-17,3,0.12645889818668365
10,2025-04-26,2025-05-24,4,0.032247018069028854
11,2025-04-26,2025-05-03,1,2.1
11,2025-04-26,2025-05-10,2,0.5984999999999999
11,2025-04-26,2025-05-17,3,0.161595
11,2025-04-26,2025-05-24,4,0.041206725
12,2025-04-26,2025-05-03,1,243.3750762939453
12,2025-04-26,2025-05-10,2,190.72071838378906
12,2025-04-26,2025-05-17,3,163.14390563964844
12,2025-04-26,2025-05-24,4,157.4235382080078
13,2025-04-26,2025-05-03,1,35.02113342285156
13,2025-04-26,2025-05-10,2,32.29059600830078
13,2025-04-26,2025-05-17,3,25.58444595336914
13,2025-04-26,2025-05-24,4,31.411958694458008
15,2025-04-26,2025-05-03,1,15.820854187011719
15,2025-04-26,2025-05-10,2,11.842131614685059
15,2025-04-26,2025-05-17,3,8.730561256408691
15,2025-04-26,2025-05-24,4,5.53180456161499
16,2025-04-26,2025-05-03,1,12.55459976196289
16,2025-04-26,2025-05-10,2,7.743544578552246
16,2025-04-26,2025-05-17,3,3.7090275287628174
16,2025-04-26,2025-05-24,4,5.089230537414551
17,2025-04-26,2025-05-03,1,116.17510223388672
17,2025-04-26,2025-05-10,2,92.51327514648438
17,2025-04-26,2025-05-17,3,89.8343505859375
17,2025-04-26,2025-05-24,4,92.82461547851562
18,2025-04-26,2025-05-03,1,37.978878021240234
18,2025-04-26,2025-05-10,2,30.02378273010254
18,2025-04-26,2025-05-17,3,26.38397979736328
18,2025-04-26,2025-05-24,4,33.67074966430664
19,2025-04-26,2025-05-03,1,10.341541290283203
19,2025-04-26,2025-05-10,2,8.50843334197998
19,2025-04-26,2025-05-17,3,4.870654106140137
19,2025-04-26,2025-05-24,4,5.521381855010986
20,2025-04-26,2025-05-03,1,7.779031276702881
20,2025-04-26,2025-05-10,2,7.4977569580078125
20,2025-04-26,2025-05-17,3,5.517335414886475
20,2025-04-26,2025-05-24,4,5.544968128204346
21,2025-04-26,2025-05-03,1,30.85686492919922
21,2025-04-26,2025-05-10,2,14.15441608428955
21,2025-04-26,2025-05-17,3,10.662030220031738
21,2025-04-26,2025-05-24,4,8.21633243560791
22,2025-04-26,2025-05-03,1,42.925357818603516
22,2025-04-26,2025-05-10,2,23.242441177368164
22,2025-04-26,2025-05-17,3,17.730722427368164
22,2025-04-26,2025-05-24,4,15.591842651367188
23,2025-04-26,2025-05-03,1,10.60560417175293
23,2025-04-26,2025-05-10,2,6.737327575683594
23,2025-04-26,2025-05-17,3,3.4586129188537598
23,2025-04-26,2025-05-24,4,1.597395420074463
24,2025-04-26,2025-05-03,1,33.3845100402832
24,2025-04-26,2025-05-10,2,19.84925651550293
24,2025-04-26,2025-05-17,3,16.79456901550293
24,2025-04-26,2025-05-24,4,18.53354263305664
25,2025-04-26,2025-05-03,1,82.18498992919922
25,2025-04-26,2025-05-10,2,70.51028442382812
25,2025-04-26,2025-05-17,3,54.743446350097656
25,2025-04-26,2025-05-24,4,62.86243438720703
26,2025-04-26,2025-05-03,1,97.1993637084961
26,2025-04-26,2025-05-10,2,74.99083709716797
26,2025-04-26,2025-05-17,3,89.36736297607422
26,2025-04-26,2025-05-24,4,77.5490951538086
27,2025-04-26,2025-05-03,1,21.82648277282715
27,2025-04-26,2025-05-10,2,15.89418888092041
27,2025-04-26,2025-05-17,3,13.844110488891602
27,2025-04-26,2025-05-24,4,12.815736770629883
28,2025-04-26,2025-05-03,1,18.198938369750977
28,2025-04-26,2025-05-10,2,11.412323951721191
28,2025-04-26,2025-05-17,3,7.365695476531982
28,2025-04-26,2025-05-24,4,8.090540885925293
29,2025-04-26,2025-05-03,1,54.42741394042969
29,2025-04-26,2025-05-10,2,43.35818862915039
29,2025-04-26,2025-05-17,3,43.15757369995117
29,2025-04-26,2025-05-24,4,30.760692596435547
30,2025-04-26,2025-05-03,1,5.816229343414307
30,2025-04-26,2025-05-10,2,2.6421825885772705
30,2025-04-26,2025-05-17,3,1.390157699584961
30,2025-04-26,2025-05-24,4,0.3544902205467224
31,2025-04-26,2025-05-03,1,7.113170146942139
31,2025-04-26,2025-05-10,2,5.007340431213379
31,2025-04-26,2025-05-17,3,1.3519819974899292
31,2025-04-26,2025-05-24,4,3.975654363632202
32,2025-04-26,2025-05-03,1,27.799339294433594
32,2025-04-26,2025-05-10,2,18.659894943237305
32,2025-04-26,2025-05-17,3,12.908764839172363
32,2025-04-26,2025-05-24,4,14.692797660827637
33,2025-04-26,2025-05-03,1,8.189242362976074
33,2025-04-26,2025-05-10,2,3.3319716453552246
33,2025-04-26,2025-05-17,3,2.7642393112182617
33,2025-04-26,2025-05-24,4,3.8758440017700195
34,2025-04-26,2025-05-03,1,77.1851577758789
34,2025-04-26,2025-05-10,2,70.89581298828125
34,2025-04-26,2025-05-17,3,57.069366455078125
34,2025-04-26,2025-05-24,4,58.52322769165039
35,2025-04-26,2025-05-03,1,24.621854782104492
35,2025-04-26,2025-05-10,2,17.826251983642578
35,2025-04-26,2025-05-17,3,13.780701637268066
35,2025-04-26,2025-05-24,4,9.65689754486084
36,2025-04-26,2025-05-03,1,216.7655029296875
36,2025-04-26,2025-05-10,2,151.42503356933594
36,2025-04-26,2025-05-17,3,109.82259368896484
36,2025-04-26,2025-05-24,4,107.7547836303711
37,2025-04-26,2025-05-03,1,35.50544357299805
37,2025-04-26,2025-05-10,2,28.12204933166504
37,2025-04-26,2025-05-17,3,28.818891525268555
37,2025-04-26,2025-05-24,4,28.93575668334961
38,2025-04-26,2025-05-03,1,7.956974029541016
38,2025-04-26,2025-05-10,2,3.1244125366210938
38,2025-04-26,2025-05-17,3,0.8435913920402527
38,2025-04-26,2025-05-24,4,0.21511580049991608
39,2025-04-26,2025-05-03,1,79.26618194580078
39,2025-04-26,2025-05-10,2,63.93244934082031
39,2025-04-26,2025-05-17,3,64.93863677978516
39,2025-04-26,2025-05-24,4,66.1923828125
40,2025-04-26,2025-05-03,1,17.417577743530273
40,2025-04-26,2025-05-10,2,14.111472129821777
40,2025-04-26,2025-05-17,3,19.951622009277344
40,2025-04-26,2025-05-24,4,21.246307373046875
41,2025-04-26,2025-05-03,1,27.20595359802246
41,2025-04-26,2025-05-10,2,18.601715087890625
41,2025-04-26,2025-05-17,3,16.059661865234375
41,2025-04-26,2025-05-24,4,14.604833602905273
42,2025-04-26,2025-05-03,1,408.7685241699219
42,2025-04-26,2025-05-10,2,364.806396484375
42,2025-04-26,2025-05-17,3,307.2871398925781
42,2025-04-26,2025-05-24,4,285.8238525390625
44,2025-04-26,2025-05-03,1,3.3969969749450684
44,2025-04-26,2025-05-10,2,1.0715848207473755
44,2025-04-26,2025-05-17,3,0.6768753528594971
44,2025-04-26,2025-05-24,4,0.17260320484638214
45,2025-04-26,2025-05-03,1,27.904300689697266
45,2025-04-26,2025-05-10,2,35.272525787353516
45,2025-04-26,2025-05-17,3,24.145442962646484
45,2025-04-26,2025-05-24,4,27.42461585998535
46,2025-04-26,2025-05-03,1,5.2618818283081055
46,2025-04-26,2025-05-10,2,2.3550071716308594
46,2025-04-26,2025-05-17,3,3.176753282546997
46,2025-04-26,2025-05-24,4,3.321718692779541
47,2025-04-26,2025-05-03,1,46.790138244628906
47,2025-04-26,2025-05-10,2,29.600370407104492
47,2025-04-26,2025-05-17,3,29.035449981689453
47,2025-04-26,2025-05-24,4,30.84136962890625
48,2025-04-26,2025-05-03,1,225.25836181640625
48,2025-04-26,2025-05-10,2,168.8822479248047
48,2025-04-26,2025-05-17,3,126.51160430908203
48,2025-04-26,2025-05-24,4,135.46551513671875
49,2025-04-26,2025-05-03,1,16.748149871826172
49,2025-04-26,2025-05-10,2,9.417526245117188
49,2025-04-26,2025-05-17,3,8.788932800292969
49,2025-04-26,2025-05-24,4,10.703001022338867
50,2025-04-26,2025-05-03,1,4.634406566619873
50,2025-04-26,2025-05-10,2,1.3208059072494507
50,2025-04-26,2025-05-17,3,0.35661759972572327
50,2025-04-26,2025-05-24,4,0.09093748778104782
51,2025-04-26,2025-05-03,1,44.124385833740234
51,2025-04-26,2025-05-10,2,30.237058639526367
51,2025-04-26,2025-05-17,3,32.75051498413086
51,2025-04-26,2025-05-24,4,31.537097930908203
53,2025-04-26,2025-05-03,1,32.54268264770508
53,2025-04-26,2025-05-10,2,30.262102127075195
53,2025-04-26,2025-05-17,3,22.482900619506836
53,2025-04-26,2025-05-24,4,19.76045799255371
54,2025-04-26,2025-05-03,1,11.72504711151123
54,2025-04-26,2025-05-10,2,8.45003604888916
54,2025-04-26,2025-05-17,3,2.2815098762512207
54,2025-04-26,2025-05-24,4,1.5353515148162842
55,2025-04-26,2025-05-03,1,31.066926956176758
55,2025-04-26,2025-05-10,2,24.1096134185791
55,2025-04-26,2025-05-17,3,23.410188674926758
55,2025-04-26,2025-05-24,4,19.413476943969727
56,2025-04-26,2025-05-03,1,2.367617130279541
56,2025-04-26,2025-05-10,2,0.6747708916664124
56,2025-04-26,2025-05-17,3,0.18218815326690674
56,2025-04-26,2025-05-24,4,0.04645797982811928
72,2025-04-26,2025-05-03,1,119.91223907470703
72,2025-04-26,2025-05-10,2,94.55496215820312
72,2025-04-26,2025-05-17,3,58.63563537597656
72,2025-04-26,2025-05-24,4,59.511112213134766
US,2025-04-26,2025-05-03,1,1245.6322021484375
US,2025-04-26,2025-05-10,2,697.787109375
US,2025-04-26,2025-05-17,3,512.7037963867188
US,2025-04-26,2025-05-24,4,412.4927062988281
